
===========================================================================
Violator List
============================================================================
[hold in-reg] wrst_n -> _31715_/RESET_B : -24.156431
[hold in-reg] wrst_n -> _31716_/RESET_B : -24.156408
[hold in-reg] wrst_n -> _31820_/RESET_B : -24.156322
[hold in-reg] wrst_n -> _31821_/RESET_B : -24.156332
[hold in-reg] wrst_n -> _33246_/RESET_B : -24.007162
[hold in-reg] wrst_n -> _33248_/RESET_B : -24.006054
[hold in-reg] wrst_n -> _33249_/RESET_B : -24.004257
[hold in-reg] wrst_n -> _33250_/RESET_B : -24.002541
[hold in-reg] wrst_n -> _33251_/RESET_B : -24.000494
[hold in-reg] wrst_n -> _33252_/RESET_B : -23.997938
[hold in-reg] wrst_n -> _33253_/RESET_B : -23.994843
[hold in-reg] wrst_n -> _33254_/RESET_B : -23.993614
[hold in-reg] wrst_n -> _33255_/RESET_B : -23.992060
[hold in-reg] wrst_n -> _31720_/RESET_B : -23.989500
[hold in-reg] wrst_n -> _31721_/RESET_B : -23.989416
[hold in-reg] wrst_n -> _31723_/RESET_B : -23.989363
[hold in-reg] wrst_n -> _31722_/RESET_B : -23.989107
[hold in-reg] wrst_n -> _31825_/RESET_B : -23.988552
[hold in-reg] wrst_n -> _31826_/RESET_B : -23.988506
[hold in-reg] wrst_n -> _31828_/RESET_B : -23.988470
[hold in-reg] wrst_n -> _31827_/RESET_B : -23.988283
[hold in-reg] wrst_n -> _31717_/RESET_B : -23.980091
[hold in-reg] wrst_n -> _31822_/RESET_B : -23.979979
[hold in-reg] wrst_n -> _31718_/RESET_B : -23.979921
[hold in-reg] wrst_n -> _31823_/RESET_B : -23.979931
[hold in-reg] wrst_n -> _31824_/RESET_B : -23.979849
[hold in-reg] wrst_n -> _31719_/RESET_B : -23.979704
[hold in-reg] wrst_n -> _33256_/RESET_B : -23.977354
[hold in-reg] w_inc -> _33248_/D : -22.260986
[hold in-reg] w_inc -> _33246_/D : -22.126440
[hold in-reg] w_data[27] -> _28908_/D : -22.044588
[hold in-reg] w_data[27] -> _28876_/D : -22.036463
[hold in-reg] w_data[27] -> _28940_/D : -22.036285
[hold in-reg] w_data[27] -> _28844_/D : -22.036247
[hold in-reg] w_data[27] -> _28972_/D : -22.036234
[hold in-reg] w_data[27] -> _29036_/D : -22.035854
[hold in-reg] w_data[27] -> _29132_/D : -22.035860
[hold in-reg] w_data[27] -> _32496_/D : -22.035864
[hold in-reg] w_data[27] -> _29068_/D : -22.035734
[hold in-reg] w_data[27] -> _29100_/D : -22.035576
[hold in-reg] w_data[27] -> _29804_/D : -22.021227
[hold in-reg] w_data[9] -> _28762_/D : -22.019588
[hold in-reg] w_data[27] -> _29740_/D : -22.019033
[hold in-reg] w_data[27] -> _29932_/D : -22.018702
[hold in-reg] w_data[9] -> _28634_/D : -22.018427
[hold in-reg] w_data[9] -> _28890_/D : -22.018293
[hold in-reg] w_data[9] -> _28698_/D : -22.018221
[hold in-reg] w_data[27] -> _29708_/D : -22.017973
[hold in-reg] w_data[27] -> _31783_/D : -22.017706
[hold in-reg] w_data[9] -> _32510_/D : -22.017401
[hold in-reg] w_data[27] -> _28652_/D : -22.015181
[hold in-reg] w_data[27] -> _28716_/D : -22.014927
[hold in-reg] w_data[27] -> _32528_/D : -22.014885
[hold in-reg] w_data[27] -> _28780_/D : -22.014706
[hold in-reg] w_data[9] -> _29018_/D : -22.013084
[hold in-reg] w_data[9] -> _29050_/D : -22.013025
[hold in-reg] w_data[9] -> _28826_/D : -22.011974
[hold in-reg] w_data[27] -> _29772_/D : -22.011612
[hold in-reg] w_data[27] -> _29836_/D : -22.011555
[hold in-reg] w_data[9] -> _29114_/D : -22.010845
[hold in-reg] w_data[27] -> _29676_/D : -22.010775
[hold in-reg] w_data[27] -> _29868_/D : -22.010557
[hold in-reg] w_data[27] -> _29900_/D : -22.010487
[hold in-reg] w_data[9] -> _29082_/D : -22.010387
[hold in-reg] w_data[27] -> _30124_/D : -22.009758
[hold in-reg] w_data[9] -> _28954_/D : -22.009708
[hold in-reg] w_data[9] -> _28858_/D : -22.009686
[hold in-reg] w_data[27] -> _30060_/D : -22.009706
[hold in-reg] w_data[9] -> _28730_/D : -22.009624
[hold in-reg] w_data[27] -> _30092_/D : -22.009583
[hold in-reg] w_data[9] -> _28794_/D : -22.009510
[hold in-reg] w_data[27] -> _30028_/D : -22.009256
[hold in-reg] w_data[27] -> _32400_/D : -22.008966
[hold in-reg] w_data[9] -> _28922_/D : -22.008940
[hold in-reg] w_data[27] -> _29996_/D : -22.008860
[hold in-reg] w_data[9] -> _32478_/D : -22.008844
[hold in-reg] w_data[29] -> _29102_/D : -22.008522
[hold in-reg] w_data[29] -> _29134_/D : -22.008018
[hold in-reg] w_data[27] -> _28812_/D : -22.007376
[hold in-reg] w_data[27] -> _28748_/D : -22.006147
[hold in-reg] w_data[20] -> _28901_/D : -22.000034
[hold in-reg] w_data[29] -> _29806_/D : -21.999140
[hold in-reg] w_data[24] -> _28905_/D : -21.999037
[hold in-reg] w_data[29] -> _29742_/D : -21.997755
[hold in-reg] w_data[9] -> _29786_/D : -21.997147
[hold in-reg] w_data[9] -> _29722_/D : -21.996611
[hold in-reg] w_data[9] -> _29690_/D : -21.995790
[hold in-reg] w_data[9] -> _31765_/D : -21.995035
[hold in-reg] w_data[9] -> _29914_/D : -21.994734
[hold in-reg] w_data[29] -> _29934_/D : -21.994537
[hold in-reg] w_data[19] -> _28900_/D : -21.994341
[hold in-reg] w_data[29] -> _29710_/D : -21.994287
[hold in-reg] w_data[29] -> _31785_/D : -21.993832
[hold in-reg] w_data[20] -> _29029_/D : -21.992416
[hold in-reg] w_data[20] -> _29093_/D : -21.992426
[hold in-reg] w_data[20] -> _29125_/D : -21.992144
[hold in-reg] w_data[24] -> _29129_/D : -21.990330
[hold in-reg] w_data[29] -> _29838_/D : -21.990324
[hold in-reg] w_data[24] -> _29065_/D : -21.990229
[hold in-reg] w_data[24] -> _29033_/D : -21.990143
[hold in-reg] w_data[24] -> _29097_/D : -21.989981
[hold in-reg] w_data[29] -> _29774_/D : -21.989958
[hold in-reg] w_data[19] -> _29060_/D : -21.989450
[hold in-reg] w_data[20] -> _32489_/D : -21.989269
[hold in-reg] w_data[9] -> _29754_/D : -21.989100
[hold in-reg] w_data[24] -> _28937_/D : -21.988985
[hold in-reg] w_data[9] -> _29818_/D : -21.988808
[hold in-reg] w_data[9] -> _29850_/D : -21.988682
[hold in-reg] w_data[9] -> _29882_/D : -21.988632
[hold in-reg] w_data[20] -> _28965_/D : -21.988331
[hold in-reg] w_data[24] -> _28969_/D : -21.988253
[hold in-reg] w_data[24] -> _32493_/D : -21.987749
[hold in-reg] w_data[9] -> _30042_/D : -21.987604
[hold in-reg] w_data[19] -> _28836_/D : -21.987089
[hold in-reg] w_data[9] -> _29658_/D : -21.987091
[hold in-reg] w_data[29] -> _30062_/D : -21.987041
[hold in-reg] w_data[19] -> _28868_/D : -21.986263
[hold in-reg] w_data[9] -> _30106_/D : -21.986242
[hold in-reg] w_data[9] -> _29978_/D : -21.986168
[hold in-reg] w_data[9] -> _30074_/D : -21.986080
[hold in-reg] w_data[29] -> _29902_/D : -21.986008
[hold in-reg] w_data[29] -> _29870_/D : -21.985788
[hold in-reg] w_data[29] -> _30094_/D : -21.985706
[hold in-reg] w_data[9] -> _30010_/D : -21.985609
[hold in-reg] w_data[29] -> _30126_/D : -21.985497
[hold in-reg] w_data[29] -> _29678_/D : -21.985441
[hold in-reg] w_data[9] -> _32382_/D : -21.985235
[hold in-reg] w_data[29] -> _29998_/D : -21.984917
[hold in-reg] w_data[19] -> _28964_/D : -21.984779
[hold in-reg] w_data[19] -> _29028_/D : -21.984692
[hold in-reg] w_data[29] -> _30030_/D : -21.984306
[hold in-reg] w_data[29] -> _32402_/D : -21.984203
[hold in-reg] w_data[19] -> _28932_/D : -21.983795
[hold in-reg] w_data[29] -> _28910_/D : -21.983730
[hold in-reg] w_data[19] -> _32488_/D : -21.983643
[hold in-reg] w_data[29] -> _28654_/D : -21.982534
[hold in-reg] w_data[29] -> _28718_/D : -21.981844
[hold in-reg] w_data[29] -> _28782_/D : -21.981632
[hold in-reg] w_data[19] -> _29092_/D : -21.980433
[hold in-reg] w_data[19] -> _29124_/D : -21.978512
[hold in-reg] w_data[29] -> _29038_/D : -21.977667
[hold in-reg] w_data[24] -> _29737_/D : -21.976761
[hold in-reg] w_data[29] -> _29070_/D : -21.976374
[hold in-reg] w_data[7] -> _28632_/D : -21.975115
[hold in-reg] w_data[29] -> _28878_/D : -21.974586
[hold in-reg] w_data[7] -> _29784_/D : -21.974312
[hold in-reg] w_data[7] -> _32508_/D : -21.974209
[hold in-reg] w_data[7] -> _28696_/D : -21.973930
[hold in-reg] w_data[7] -> _29688_/D : -21.973923
[hold in-reg] w_data[29] -> _28846_/D : -21.973719
[hold in-reg] w_data[29] -> _28814_/D : -21.973623
[hold in-reg] w_data[29] -> _28750_/D : -21.973505
[hold in-reg] w_data[29] -> _28942_/D : -21.973022
[hold in-reg] w_data[29] -> _28974_/D : -21.972330
[hold in-reg] w_data[7] -> _29720_/D : -21.972109
[hold in-reg] w_data[29] -> _32498_/D : -21.971840
[hold in-reg] w_data[29] -> _32530_/D : -21.971691
[hold in-reg] w_data[7] -> _31763_/D : -21.971445
[hold in-reg] w_data[20] -> _28773_/D : -21.970873
[hold in-reg] w_data[7] -> _29912_/D : -21.970526
[hold in-reg] w_data[24] -> _29929_/D : -21.970121
[hold in-reg] w_data[11] -> _28892_/D : -21.970072
[hold in-reg] w_data[24] -> _29833_/D : -21.970018
[hold in-reg] w_data[20] -> _32521_/D : -21.969727
[hold in-reg] w_data[24] -> _29705_/D : -21.969687
[hold in-reg] w_data[24] -> _29801_/D : -21.969591
[hold in-reg] w_data[11] -> _29916_/D : -21.969181
[hold in-reg] w_data[20] -> _28709_/D : -21.969099
[hold in-reg] w_data[20] -> _28645_/D : -21.969044
[hold in-reg] w_data[24] -> _31780_/D : -21.968777
[hold in-reg] w_data[7] -> _30040_/D : -21.968254
[hold in-reg] w_data[31] -> _28912_/D : -21.966421
[hold in-reg] w_data[7] -> _28824_/D : -21.966358
[hold in-reg] w_data[24] -> _29769_/D : -21.966227
[hold in-reg] w_data[7] -> _28888_/D : -21.966040
[hold in-reg] w_data[11] -> _29052_/D : -21.965759
[hold in-reg] w_data[11] -> _29020_/D : -21.965574
[hold in-reg] w_data[7] -> _28728_/D : -21.965401
[hold in-reg] w_data[7] -> _29656_/D : -21.965412
[hold in-reg] w_data[24] -> _28777_/D : -21.965263
[hold in-reg] w_data[24] -> _28649_/D : -21.964972
[hold in-reg] w_data[7] -> _28856_/D : -21.964960
[hold in-reg] w_data[24] -> _32525_/D : -21.964949
[hold in-reg] w_data[7] -> _29816_/D : -21.964561
[hold in-reg] w_data[20] -> _29701_/D : -21.964523
[hold in-reg] w_data[24] -> _28713_/D : -21.964489
[hold in-reg] w_data[20] -> _29733_/D : -21.964209
[hold in-reg] w_data[20] -> _29797_/D : -21.964075
[hold in-reg] w_data[19] -> _28772_/D : -21.963854
[hold in-reg] w_data[20] -> _29925_/D : -21.963686
[hold in-reg] w_data[7] -> _29752_/D : -21.963655
[hold in-reg] w_data[11] -> _29084_/D : -21.963402
[hold in-reg] w_data[7] -> _32380_/D : -21.963270
[hold in-reg] w_data[7] -> _30104_/D : -21.963177
[hold in-reg] w_data[20] -> _29061_/D : -21.963041
[hold in-reg] w_data[7] -> _30008_/D : -21.963026
[hold in-reg] w_data[7] -> _29848_/D : -21.962946
[hold in-reg] w_data[11] -> _29724_/D : -21.962904
[hold in-reg] w_data[7] -> _29976_/D : -21.962872
[hold in-reg] w_data[7] -> _30072_/D : -21.962854
[hold in-reg] w_data[24] -> _30057_/D : -21.962635
[hold in-reg] w_data[7] -> _29880_/D : -21.962105
[hold in-reg] w_data[11] -> _29116_/D : -21.961948
[hold in-reg] w_data[20] -> _28837_/D : -21.961349
[hold in-reg] w_data[24] -> _32397_/D : -21.961334
[hold in-reg] w_data[19] -> _28644_/D : -21.961151
[hold in-reg] w_data[20] -> _28805_/D : -21.961109
[hold in-reg] w_data[20] -> _28869_/D : -21.961124
[hold in-reg] w_data[24] -> _29993_/D : -21.961000
[hold in-reg] w_data[20] -> _28933_/D : -21.960960
[hold in-reg] w_data[24] -> _29673_/D : -21.960976
[hold in-reg] w_data[24] -> _30025_/D : -21.960974
[hold in-reg] w_data[24] -> _30089_/D : -21.960938
[hold in-reg] w_data[11] -> _31767_/D : -21.960798
[hold in-reg] w_data[19] -> _32520_/D : -21.960733
[hold in-reg] w_data[20] -> _28741_/D : -21.960354
[hold in-reg] w_data[19] -> _28708_/D : -21.960260
[hold in-reg] w_data[11] -> _28732_/D : -21.960268
[hold in-reg] w_data[11] -> _32384_/D : -21.960203
[hold in-reg] w_data[11] -> _29692_/D : -21.960136
[hold in-reg] w_data[7] -> _29048_/D : -21.960070
[hold in-reg] w_data[11] -> _29788_/D : -21.959930
[hold in-reg] w_data[7] -> _29080_/D : -21.959782
[hold in-reg] w_data[7] -> _29112_/D : -21.959646
[hold in-reg] w_data[24] -> _30121_/D : -21.959614
[hold in-reg] w_data[11] -> _28924_/D : -21.959591
[hold in-reg] w_data[20] -> _31776_/D : -21.959599
[hold in-reg] w_data[7] -> _29016_/D : -21.959526
[hold in-reg] w_data[11] -> _28700_/D : -21.959463
[hold in-reg] w_data[11] -> _32512_/D : -21.959042
[hold in-reg] w_data[11] -> _32480_/D : -21.958937
[hold in-reg] w_data[24] -> _29897_/D : -21.958807
[hold in-reg] w_data[24] -> _29865_/D : -21.958424
[hold in-reg] w_data[7] -> _32476_/D : -21.957878
[hold in-reg] w_data[31] -> _29072_/D : -21.957809
[hold in-reg] w_data[24] -> _28809_/D : -21.957346
[hold in-reg] w_data[11] -> _28956_/D : -21.957315
[hold in-reg] w_data[7] -> _28920_/D : -21.957165
[hold in-reg] w_data[24] -> _28873_/D : -21.957029
[hold in-reg] w_data[31] -> _32500_/D : -21.956877
[hold in-reg] w_data[24] -> _28841_/D : -21.956802
[hold in-reg] w_data[31] -> _28976_/D : -21.956783
[hold in-reg] w_data[31] -> _29040_/D : -21.956673
[hold in-reg] w_data[31] -> _28944_/D : -21.956610
[hold in-reg] w_data[7] -> _28952_/D : -21.956596
[hold in-reg] w_data[31] -> _29104_/D : -21.956476
[hold in-reg] w_data[31] -> _29136_/D : -21.956413
[hold in-reg] w_data[20] -> _29829_/D : -21.956430
[hold in-reg] w_data[20] -> _29861_/D : -21.955843
[hold in-reg] w_data[24] -> _28745_/D : -21.955780
[hold in-reg] w_data[20] -> _29669_/D : -21.955742
[hold in-reg] w_data[20] -> _29893_/D : -21.955587
[hold in-reg] w_data[11] -> _29884_/D : -21.955359
[hold in-reg] w_data[11] -> _29756_/D : -21.955328
[hold in-reg] w_data[11] -> _29852_/D : -21.954983
[hold in-reg] w_data[19] -> _28804_/D : -21.954811
[hold in-reg] w_data[19] -> _29796_/D : -21.954643
[hold in-reg] w_data[20] -> _29765_/D : -21.954180
[hold in-reg] w_data[19] -> _29700_/D : -21.953388
[hold in-reg] w_data[11] -> _30044_/D : -21.953133
[hold in-reg] w_data[11] -> _30108_/D : -21.953104
[hold in-reg] w_data[11] -> _30012_/D : -21.952461
[hold in-reg] w_data[20] -> _30053_/D : -21.952362
[hold in-reg] w_data[11] -> _30076_/D : -21.952314
[hold in-reg] w_data[11] -> _29980_/D : -21.952145
[hold in-reg] w_data[19] -> _28740_/D : -21.951965
[hold in-reg] w_data[11] -> _29820_/D : -21.951830
[hold in-reg] w_data[20] -> _30085_/D : -21.951502
[hold in-reg] w_data[11] -> _29660_/D : -21.951349
[hold in-reg] w_data[20] -> _32393_/D : -21.950191
[hold in-reg] w_data[20] -> _29989_/D : -21.950079
[hold in-reg] w_data[20] -> _30021_/D : -21.949636
[hold in-reg] w_data[20] -> _30117_/D : -21.949327
[hold in-reg] w_data[31] -> _29936_/D : -21.946375
[hold in-reg] w_data[31] -> _29712_/D : -21.946190
[hold in-reg] w_data[19] -> _29732_/D : -21.945990
[hold in-reg] w_data[19] -> _29828_/D : -21.945042
[hold in-reg] w_data[19] -> _29668_/D : -21.942739
[hold in-reg] w_data[19] -> _29924_/D : -21.942524
[hold in-reg] w_data[19] -> _29860_/D : -21.942209
[hold in-reg] w_data[19] -> _29892_/D : -21.940145
[hold in-reg] w_data[31] -> _29872_/D : -21.937998
[hold in-reg] w_data[31] -> _29808_/D : -21.937813
[hold in-reg] w_data[31] -> _29744_/D : -21.937618
[hold in-reg] w_data[19] -> _29764_/D : -21.937376
[hold in-reg] w_data[31] -> _32404_/D : -21.937325
[hold in-reg] w_data[31] -> _29904_/D : -21.936968
[hold in-reg] w_data[31] -> _29680_/D : -21.936722
[hold in-reg] w_data[19] -> _30052_/D : -21.935680
[hold in-reg] w_data[31] -> _32532_/D : -21.935328
[hold in-reg] w_data[31] -> _31787_/D : -21.934397
[hold in-reg] w_data[31] -> _30000_/D : -21.934139
[hold in-reg] w_data[31] -> _30032_/D : -21.933916
[hold in-reg] w_data[31] -> _28656_/D : -21.933050
[hold in-reg] w_data[31] -> _28720_/D : -21.932707
[hold in-reg] w_data[31] -> _28784_/D : -21.931597
[hold in-reg] w_data[19] -> _29988_/D : -21.929964
[hold in-reg] w_data[19] -> _30020_/D : -21.929790
[hold in-reg] w_data[19] -> _32392_/D : -21.929514
[hold in-reg] w_data[31] -> _29840_/D : -21.929193
[hold in-reg] w_data[31] -> _29776_/D : -21.929169
[hold in-reg] w_data[31] -> _28880_/D : -21.927017
[hold in-reg] w_data[31] -> _30064_/D : -21.926643
[hold in-reg] w_data[31] -> _30096_/D : -21.926378
[hold in-reg] w_data[31] -> _29296_/D : -21.925945
[hold in-reg] w_data[31] -> _29424_/D : -21.925945
[hold in-reg] w_data[31] -> _28848_/D : -21.925154
[hold in-reg] w_data[31] -> _28816_/D : -21.924728
[hold in-reg] w_data[31] -> _28752_/D : -21.924234
[hold in-reg] w_data[31] -> _29552_/D : -21.921761
[hold in-reg] w_data[31] -> _30128_/D : -21.921703
[hold in-reg] w_inc -> _33251_/D : -21.919767
[hold in-reg] w_inc -> _33250_/D : -21.919401
[hold in-reg] w_data[3] -> _29908_/D : -21.900236
[hold in-reg] w_data[3] -> _31759_/D : -21.898869
[hold in-reg] w_data[4] -> _29717_/D : -21.894907
[hold in-reg] w_data[3] -> _32376_/D : -21.891285
[hold in-reg] w_data[3] -> _30004_/D : -21.890974
[hold in-reg] w_data[3] -> _29844_/D : -21.890936
[hold in-reg] w_data[3] -> _29972_/D : -21.890776
[hold in-reg] w_data[3] -> _30100_/D : -21.890686
[hold in-reg] w_data[4] -> _29781_/D : -21.890274
[hold in-reg] w_data[2] -> _29683_/D : -21.888493
[hold in-reg] w_data[4] -> _29749_/D : -21.888401
[hold in-reg] w_data[4] -> _29909_/D : -21.887924
[hold in-reg] w_data[4] -> _29685_/D : -21.887602
[hold in-reg] w_data[30] -> _29807_/D : -21.887383
[hold in-reg] w_data[2] -> _29715_/D : -21.887007
[hold in-reg] w_data[2] -> _29779_/D : -21.886747
[hold in-reg] w_data[2] -> _29811_/D : -21.884645
[hold in-reg] w_data[3] -> _28884_/D : -21.884470
[hold in-reg] w_data[4] -> _29845_/D : -21.883717
[hold in-reg] w_data[30] -> _29935_/D : -21.883604
[hold in-reg] w_data[30] -> _29743_/D : -21.883324
[hold in-reg] w_data[3] -> _28692_/D : -21.882908
[hold in-reg] w_data[4] -> _32377_/D : -21.882784
[hold in-reg] w_data[3] -> _32504_/D : -21.882792
[hold in-reg] w_data[3] -> _28628_/D : -21.882713
[hold in-reg] w_data[4] -> _29877_/D : -21.882278
[hold in-reg] w_data[2] -> _29907_/D : -21.882076
[hold in-reg] w_data[2] -> _29651_/D : -21.881565
[hold in-reg] w_data[2] -> _31758_/D : -21.881510
[hold in-reg] w_data[4] -> _30037_/D : -21.880905
[hold in-reg] w_data[30] -> _29839_/D : -21.880407
[hold in-reg] w_data[4] -> _30005_/D : -21.880329
[hold in-reg] w_data[30] -> _31786_/D : -21.880186
[hold in-reg] w_data[3] -> _29780_/D : -21.879904
[hold in-reg] w_data[3] -> _29684_/D : -21.879858
[hold in-reg] w_data[30] -> _29711_/D : -21.879742
[hold in-reg] w_data[4] -> _29653_/D : -21.879517
[hold in-reg] w_data[3] -> _29716_/D : -21.879267
[hold in-reg] w_data[2] -> _29747_/D : -21.878670
[hold in-reg] w_data[2] -> _29843_/D : -21.877899
[hold in-reg] w_data[3] -> _28948_/D : -21.877758
[hold in-reg] w_data[30] -> _29871_/D : -21.877583
[hold in-reg] w_data[2] -> _29875_/D : -21.877485
[hold in-reg] w_data[28] -> _29741_/D : -21.877306
[hold in-reg] w_data[30] -> _29903_/D : -21.877068
[hold in-reg] w_data[2] -> _30035_/D : -21.875675
[hold in-reg] w_data[28] -> _29805_/D : -21.875622
[hold in-reg] w_data[3] -> _29044_/D : -21.875565
[hold in-reg] w_data[3] -> _32472_/D : -21.875223
[hold in-reg] w_data[3] -> _28916_/D : -21.874704
[hold in-reg] w_data[28] -> _29933_/D : -21.874725
[hold in-reg] w_data[28] -> _29709_/D : -21.874638
[hold in-reg] w_data[30] -> _29999_/D : -21.874611
[hold in-reg] w_data[3] -> _29012_/D : -21.874582
[hold in-reg] w_data[3] -> _29108_/D : -21.874266
[hold in-reg] w_data[30] -> _32403_/D : -21.874222
[hold in-reg] w_data[30] -> _29775_/D : -21.874153
[hold in-reg] w_data[3] -> _28724_/D : -21.873737
[hold in-reg] w_data[2] -> _29971_/D : -21.873659
[hold in-reg] w_data[2] -> _30099_/D : -21.873289
[hold in-reg] w_data[3] -> _29076_/D : -21.873198
[hold in-reg] w_data[2] -> _30003_/D : -21.872883
[hold in-reg] w_data[2] -> _30067_/D : -21.872738
[hold in-reg] w_data[28] -> _31784_/D : -21.872622
[hold in-reg] w_data[2] -> _32375_/D : -21.872297
[hold in-reg] w_data[30] -> _29679_/D : -21.872253
[hold in-reg] w_data[3] -> _29652_/D : -21.872000
[hold in-reg] w_data[3] -> _30036_/D : -21.872021
[hold in-reg] w_data[4] -> _28629_/D : -21.871956
[hold in-reg] w_data[3] -> _29812_/D : -21.871927
[hold in-reg] w_data[30] -> _30063_/D : -21.871763
[hold in-reg] w_data[30] -> _30095_/D : -21.871277
[hold in-reg] w_data[30] -> _30031_/D : -21.871162
[hold in-reg] w_data[30] -> _30127_/D : -21.871078
[hold in-reg] w_data[4] -> _28693_/D : -21.870800
[hold in-reg] w_data[3] -> _29748_/D : -21.870787
[hold in-reg] w_data[4] -> _29813_/D : -21.870695
[hold in-reg] w_data[3] -> _30068_/D : -21.870651
[hold in-reg] w_data[4] -> _32505_/D : -21.870640
[hold in-reg] w_data[3] -> _29876_/D : -21.870396
[hold in-reg] w_data[4] -> _28885_/D : -21.870062
[hold in-reg] w_data[28] -> _29869_/D : -21.869879
[hold in-reg] w_data[28] -> _29773_/D : -21.869740
[hold in-reg] w_data[28] -> _29901_/D : -21.869324
[hold in-reg] w_data[28] -> _30061_/D : -21.868269
[hold in-reg] w_data[28] -> _30093_/D : -21.867294
[hold in-reg] w_data[28] -> _29837_/D : -21.866327
[hold in-reg] w_data[28] -> _29677_/D : -21.866264
[hold in-reg] w_data[28] -> _29997_/D : -21.864550
[hold in-reg] w_data[28] -> _30125_/D : -21.864508
[hold in-reg] w_data[4] -> _29109_/D : -21.864439
[hold in-reg] w_data[28] -> _30029_/D : -21.864286
[hold in-reg] w_data[4] -> _29077_/D : -21.863882
[hold in-reg] w_data[28] -> _32401_/D : -21.863529
[hold in-reg] w_data[30] -> _28655_/D : -21.862812
[hold in-reg] w_data[30] -> _28783_/D : -21.862492
[hold in-reg] w_data[4] -> _28949_/D : -21.862484
[hold in-reg] w_data[4] -> _28757_/D : -21.862413
[hold in-reg] w_data[4] -> _28725_/D : -21.862135
[hold in-reg] w_data[30] -> _28719_/D : -21.862068
[hold in-reg] w_data[4] -> _29045_/D : -21.861767
[hold in-reg] w_data[4] -> _32473_/D : -21.861341
[hold in-reg] w_data[4] -> _29013_/D : -21.860491
[hold in-reg] w_data[4] -> _28917_/D : -21.860462
[hold in-reg] w_data[30] -> _32531_/D : -21.859201
[hold in-reg] w_data[4] -> _28853_/D : -21.858124
[hold in-reg] w_data[4] -> _28821_/D : -21.857786
[hold in-reg] w_data[2] -> _28627_/D : -21.856791
[hold in-reg] w_data[30] -> _29071_/D : -21.856728
[hold in-reg] w_data[28] -> _28653_/D : -21.856585
[hold in-reg] w_data[28] -> _28781_/D : -21.856485
[hold in-reg] w_data[2] -> _32503_/D : -21.856342
[hold in-reg] w_data[2] -> _28755_/D : -21.856188
[hold in-reg] w_data[30] -> _29039_/D : -21.856079
[hold in-reg] w_data[2] -> _28691_/D : -21.856049
[hold in-reg] w_data[2] -> _28883_/D : -21.855919
[hold in-reg] w_data[28] -> _28909_/D : -21.855442
[hold in-reg] w_data[28] -> _32529_/D : -21.855280
[hold in-reg] w_data[30] -> _28815_/D : -21.855055
[hold in-reg] w_data[5] -> _29910_/D : -21.853497
[hold in-reg] w_data[4] -> _28789_/D : -21.853352
[hold in-reg] w_data[30] -> _28751_/D : -21.853325
[hold in-reg] w_data[30] -> _28943_/D : -21.852989
[hold in-reg] w_data[30] -> _28847_/D : -21.850969
[hold in-reg] w_data[5] -> _29686_/D : -21.850733
[hold in-reg] w_data[30] -> _28879_/D : -21.850204
[hold in-reg] w_data[28] -> _28877_/D : -21.849340
[hold in-reg] w_data[2] -> _29107_/D : -21.848270
[hold in-reg] w_data[28] -> _28813_/D : -21.848099
[hold in-reg] w_data[2] -> _28819_/D : -21.847969
[hold in-reg] w_data[2] -> _28723_/D : -21.847677
[hold in-reg] w_data[2] -> _28851_/D : -21.847677
[hold in-reg] w_data[2] -> _28787_/D : -21.847477
[hold in-reg] w_data[2] -> _28947_/D : -21.847366
[hold in-reg] w_data[2] -> _32471_/D : -21.847260
[hold in-reg] w_data[2] -> _29075_/D : -21.847191
[hold in-reg] w_data[28] -> _32497_/D : -21.847149
[hold in-reg] w_inc -> _33249_/D : -21.847004
[hold in-reg] w_data[28] -> _28973_/D : -21.846914
[hold in-reg] w_data[28] -> _29101_/D : -21.846453
[hold in-reg] w_data[28] -> _29037_/D : -21.846062
[hold in-reg] w_data[28] -> _29069_/D : -21.846066
[hold in-reg] w_data[30] -> _28911_/D : -21.846031
[hold in-reg] w_data[28] -> _29133_/D : -21.845699
[hold in-reg] w_data[28] -> _28845_/D : -21.844904
[hold in-reg] w_data[5] -> _32378_/D : -21.844917
[hold in-reg] w_data[5] -> _29654_/D : -21.843384
[hold in-reg] w_data[2] -> _28915_/D : -21.837875
[hold in-reg] w_data[30] -> _32499_/D : -21.837528
[hold in-reg] w_data[30] -> _28975_/D : -21.837440
[hold in-reg] w_data[30] -> _29135_/D : -21.837313
[hold in-reg] w_data[2] -> _29011_/D : -21.837151
[hold in-reg] w_data[2] -> _29043_/D : -21.837172
[hold in-reg] w_data[30] -> _29103_/D : -21.836723
[hold in-reg] w_data[5] -> _30006_/D : -21.836475
[hold in-reg] w_data[16] -> _29697_/D : -21.835735
[hold in-reg] w_data[28] -> _28717_/D : -21.835157
[hold in-reg] w_data[5] -> _29974_/D : -21.835115
[hold in-reg] w_data[16] -> _29921_/D : -21.833559
[hold in-reg] w_data[5] -> _29782_/D : -21.832773
[hold in-reg] w_data[5] -> _29718_/D : -21.831770
[hold in-reg] w_data[16] -> _29857_/D : -21.827854
[hold in-reg] w_data[16] -> _29665_/D : -21.827703
[hold in-reg] w_data[16] -> _29729_/D : -21.827553
[hold in-reg] w_data[28] -> _28749_/D : -21.826813
[hold in-reg] w_data[28] -> _28941_/D : -21.826694
[hold in-reg] w_data[16] -> _29761_/D : -21.826233
[hold in-reg] w_data[16] -> _32389_/D : -21.825478
[hold in-reg] w_data[5] -> _29846_/D : -21.825277
[hold in-reg] w_data[5] -> _29814_/D : -21.824268
[hold in-reg] w_data[5] -> _29878_/D : -21.824154
[hold in-reg] w_data[5] -> _29750_/D : -21.823494
[hold in-reg] w_data[16] -> _29825_/D : -21.818657
[hold in-reg] w_data[18] -> _29699_/D : -21.812834
[hold in-reg] w_data[18] -> _29795_/D : -21.811665
[hold in-reg] w_data[18] -> _29731_/D : -21.807600
[hold in-reg] w_data[31] -> _36296_/D : -21.805534
[hold in-reg] w_data[31] -> _32692_/D : -21.804436
[hold in-reg] w_data[31] -> _36360_/D : -21.803772
[hold in-reg] w_data[31] -> _36392_/D : -21.803551
[hold in-reg] w_data[18] -> _29667_/D : -21.802425
[hold in-reg] w_data[31] -> _36168_/D : -21.801022
[hold in-reg] w_data[5] -> _28886_/D : -21.798660
[hold in-reg] w_data[5] -> _28694_/D : -21.797668
[hold in-reg] w_data[6] -> _29783_/D : -21.797037
[hold in-reg] w_data[18] -> _29763_/D : -21.796976
[hold in-reg] w_data[6] -> _29687_/D : -21.796141
[hold in-reg] w_data[18] -> _29827_/D : -21.793480
[hold in-reg] w_data[16] -> _29793_/D : -21.793339
[hold in-reg] w_data[23] -> _29704_/D : -21.790346
[hold in-reg] w_data[5] -> _28950_/D : -21.790001
[hold in-reg] w_data[23] -> _29736_/D : -21.789993
[hold in-reg] w_data[5] -> _32474_/D : -21.789604
[hold in-reg] w_data[5] -> _28918_/D : -21.789503
[hold in-reg] w_data[5] -> _29078_/D : -21.789484
[hold in-reg] w_data[5] -> _28726_/D : -21.789341
[hold in-reg] w_data[5] -> _29110_/D : -21.789202
[hold in-reg] w_data[6] -> _29655_/D : -21.788588
[hold in-reg] w_data[23] -> _29928_/D : -21.787464
[hold in-reg] w_data[18] -> _29923_/D : -21.786934
[hold in-reg] w_data[18] -> _28899_/D : -21.786455
[hold in-reg] w_data[16] -> _29889_/D : -21.784927
[hold in-reg] w_data[6] -> _29911_/D : -21.783688
[hold in-reg] w_data[6] -> _29847_/D : -21.782032
[hold in-reg] w_data[23] -> _29800_/D : -21.781591
[hold in-reg] w_data[13] -> _29790_/D : -21.781242
[hold in-reg] w_data[6] -> _29719_/D : -21.780792
[hold in-reg] w_data[13] -> _29726_/D : -21.780348
[hold in-reg] w_data[23] -> _29672_/D : -21.779705
[hold in-reg] w_data[6] -> _30039_/D : -21.779495
[hold in-reg] w_data[13] -> _29694_/D : -21.779140
[hold in-reg] w_data[18] -> _30051_/D : -21.778761
[hold in-reg] w_data[18] -> _28963_/D : -21.777952
[hold in-reg] w_data[6] -> _29879_/D : -21.777866
[hold in-reg] w_data[18] -> _32487_/D : -21.777666
[hold in-reg] w_data[18] -> _28931_/D : -21.777401
[hold in-reg] w_data[23] -> _29864_/D : -21.775471
[hold in-reg] w_data[13] -> _31769_/D : -21.774473
[hold in-reg] w_data[23] -> _29896_/D : -21.773384
[hold in-reg] w_data[23] -> _29768_/D : -21.772383
[hold in-reg] w_data[6] -> _32379_/D : -21.772291
[hold in-reg] w_data[23] -> _29832_/D : -21.772232
[hold in-reg] w_data[26] -> _29739_/D : -21.771759
[hold in-reg] w_data[23] -> _30024_/D : -21.771521
[hold in-reg] w_data[23] -> _32396_/D : -21.771450
[hold in-reg] w_data[13] -> _29886_/D : -21.771162
[hold in-reg] w_data[13] -> _29662_/D : -21.770763
[hold in-reg] w_data[13] -> _29854_/D : -21.770613
[hold in-reg] w_data[23] -> _30056_/D : -21.770454
[hold in-reg] w_data[23] -> _29992_/D : -21.770420
[hold in-reg] w_data[18] -> _30083_/D : -21.770294
[hold in-reg] w_data[23] -> _28904_/D : -21.769258
[hold in-reg] w_data[6] -> _29751_/D : -21.768700
[hold in-reg] w_data[26] -> _29707_/D : -21.768616
[hold in-reg] w_data[1] -> _29778_/D : -21.767670
[hold in-reg] w_data[6] -> _29815_/D : -21.767408
[hold in-reg] w_data[13] -> _30046_/D : -21.766693
[hold in-reg] w_inc -> _33253_/D : -21.766479
[hold in-reg] w_data[13] -> _30110_/D : -21.766199
[hold in-reg] w_data[26] -> _29899_/D : -21.765268
[hold in-reg] w_data[26] -> _29771_/D : -21.764498
[hold in-reg] w_data[26] -> _29867_/D : -21.764193
[hold in-reg] w_data[23] -> _28936_/D : -21.763277
[hold in-reg] w_data[23] -> _28776_/D : -21.763174
[hold in-reg] w_data[23] -> _28648_/D : -21.763119
[hold in-reg] w_data[23] -> _28712_/D : -21.762939
[hold in-reg] w_data[23] -> _32524_/D : -21.762669
[hold in-reg] w_data[26] -> _29931_/D : -21.761967
[hold in-reg] w_data[23] -> _28968_/D : -21.761206
[hold in-reg] w_data[23] -> _32492_/D : -21.760883
[hold in-reg] w_data[1] -> _29810_/D : -21.760769
[hold in-reg] w_data[26] -> _29675_/D : -21.760513
[hold in-reg] w_data[23] -> _29128_/D : -21.760466
[hold in-reg] w_data[23] -> _29096_/D : -21.759989
[hold in-reg] w_data[1] -> _30002_/D : -21.759123
[hold in-reg] w_data[1] -> _29970_/D : -21.758982
[hold in-reg] w_data[1] -> _29874_/D : -21.758846
[hold in-reg] w_data[1] -> _29842_/D : -21.758738
[hold in-reg] w_data[22] -> _29415_/D : -21.757536
[hold in-reg] w_data[13] -> _28894_/D : -21.757372
[hold in-reg] w_data[26] -> _30027_/D : -21.756845
[hold in-reg] w_data[26] -> _32399_/D : -21.756851
[hold in-reg] w_data[26] -> _29995_/D : -21.756817
[hold in-reg] w_data[23] -> _28840_/D : -21.755682
[hold in-reg] w_data[23] -> _29032_/D : -21.755140
[hold in-reg] w_data[23] -> _28872_/D : -21.754969
[hold in-reg] w_data[23] -> _29064_/D : -21.754482
[hold in-reg] w_data[23] -> _28744_/D : -21.754417
[hold in-reg] w_data[23] -> _28808_/D : -21.754251
[hold in-reg] w_data[26] -> _30123_/D : -21.754076
[hold in-reg] w_data[1] -> _29906_/D : -21.753130
[hold in-reg] w_data[13] -> _28638_/D : -21.752106
[hold in-reg] w_data[13] -> _28766_/D : -21.752026
[hold in-reg] w_data[1] -> _31757_/D : -21.750601
[hold in-reg] w_data[13] -> _28702_/D : -21.750271
[hold in-reg] w_data[1] -> _29682_/D : -21.750235
[hold in-reg] w_data[13] -> _29918_/D : -21.750235
[hold in-reg] w_data[13] -> _29054_/D : -21.749939
[hold in-reg] w_data[13] -> _29022_/D : -21.749857
[hold in-reg] w_data[13] -> _32514_/D : -21.749832
[hold in-reg] w_data[26] -> _28715_/D : -21.749708
[hold in-reg] w_data[1] -> _29714_/D : -21.749725
[hold in-reg] w_data[26] -> _28907_/D : -21.749378
[hold in-reg] w_data[13] -> _29118_/D : -21.749353
[hold in-reg] w_data[22] -> _29927_/D : -21.748751
[hold in-reg] w_data[13] -> _28958_/D : -21.748508
[hold in-reg] w_data[22] -> _29735_/D : -21.748152
[hold in-reg] w_data[22] -> _29799_/D : -21.748173
[hold in-reg] w_data[13] -> _28926_/D : -21.748066
[hold in-reg] w_data[1] -> _28882_/D : -21.747681
[hold in-reg] w_data[13] -> _32482_/D : -21.747656
[hold in-reg] w_data[22] -> _31778_/D : -21.746754
[hold in-reg] w_data[26] -> _29803_/D : -21.746382
[hold in-reg] w_data[26] -> _31782_/D : -21.744984
[hold in-reg] w_data[1] -> _32374_/D : -21.744612
[hold in-reg] w_data[13] -> _28798_/D : -21.743952
[hold in-reg] w_data[1] -> _30034_/D : -21.743446
[hold in-reg] w_data[1] -> _30066_/D : -21.743423
[hold in-reg] w_data[13] -> _28734_/D : -21.743202
[hold in-reg] w_data[13] -> _29822_/D : -21.743118
[hold in-reg] w_data[1] -> _29650_/D : -21.742559
[hold in-reg] w_data[1] -> _30098_/D : -21.742533
[hold in-reg] w_data[13] -> _29758_/D : -21.742247
[hold in-reg] w_data[22] -> _29095_/D : -21.742025
[hold in-reg] w_data[1] -> _29746_/D : -21.742046
[hold in-reg] w_data[13] -> _28862_/D : -21.742020
[hold in-reg] w_data[13] -> _29086_/D : -21.741716
[hold in-reg] w_data[26] -> _28747_/D : -21.741682
[hold in-reg] w_data[13] -> _28830_/D : -21.741655
[hold in-reg] w_data[26] -> _29099_/D : -21.741369
[hold in-reg] w_data[22] -> _29127_/D : -21.741352
[hold in-reg] w_data[26] -> _29131_/D : -21.741346
[hold in-reg] w_data[13] -> _29982_/D : -21.741297
[hold in-reg] w_data[13] -> _30014_/D : -21.741241
[hold in-reg] w_data[13] -> _32386_/D : -21.741003
[hold in-reg] w_data[26] -> _29035_/D : -21.740931
[hold in-reg] w_data[22] -> _28935_/D : -21.740442
[hold in-reg] w_data[22] -> _28967_/D : -21.740341
[hold in-reg] w_data[22] -> _29767_/D : -21.740143
[hold in-reg] w_data[26] -> _28939_/D : -21.740017
[hold in-reg] w_data[22] -> _30055_/D : -21.739519
[hold in-reg] w_data[13] -> _30078_/D : -21.739515
[hold in-reg] w_data[26] -> _32495_/D : -21.739504
[hold in-reg] w_data[22] -> _32491_/D : -21.739454
[hold in-reg] w_data[26] -> _28971_/D : -21.739407
[hold in-reg] w_data[1] -> _29074_/D : -21.739376
[hold in-reg] w_data[22] -> _28903_/D : -21.739353
[hold in-reg] w_data[22] -> _29991_/D : -21.739038
[hold in-reg] w_data[22] -> _30023_/D : -21.738707
[hold in-reg] w_data[22] -> _30119_/D : -21.738655
[hold in-reg] w_data[1] -> _29010_/D : -21.738504
[hold in-reg] w_data[1] -> _29042_/D : -21.738258
[hold in-reg] w_data[1] -> _28914_/D : -21.737835
[hold in-reg] w_data[22] -> _32395_/D : -21.737816
[hold in-reg] w_data[26] -> _30091_/D : -21.737463
[hold in-reg] w_data[26] -> _29835_/D : -21.737236
[hold in-reg] w_data[26] -> _30059_/D : -21.737040
[hold in-reg] w_data[1] -> _32470_/D : -21.736855
[hold in-reg] w_data[1] -> _28946_/D : -21.736452
[hold in-reg] w_data[22] -> _29063_/D : -21.732323
[hold in-reg] w_data[14] -> _29791_/D : -21.732229
[hold in-reg] w_data[22] -> _29703_/D : -21.728090
[hold in-reg] w_data[14] -> _29727_/D : -21.724985
[hold in-reg] w_data[14] -> _31770_/D : -21.724703
[hold in-reg] w_data[0] -> _29713_/D : -21.724060
[hold in-reg] w_data[14] -> _29919_/D : -21.724020
[hold in-reg] w_data[0] -> _29777_/D : -21.723642
[hold in-reg] w_data[14] -> _29695_/D : -21.722923
[hold in-reg] w_data[14] -> _29823_/D : -21.722479
[hold in-reg] w_data[14] -> _30047_/D : -21.721834
[hold in-reg] w_data[22] -> _29671_/D : -21.720797
[hold in-reg] w_data[22] -> _29831_/D : -21.720312
[hold in-reg] w_data[22] -> _29863_/D : -21.719749
[hold in-reg] w_data[22] -> _29895_/D : -21.719538
[hold in-reg] w_data[14] -> _30111_/D : -21.719471
[hold in-reg] w_data[22] -> _30087_/D : -21.719427
[hold in-reg] w_data[14] -> _29759_/D : -21.717089
[hold in-reg] w_data[0] -> _29745_/D : -21.716940
[hold in-reg] w_data[14] -> _30079_/D : -21.716784
[hold in-reg] w_data[0] -> _29841_/D : -21.715658
[hold in-reg] w_data[0] -> _29873_/D : -21.715511
[hold in-reg] w_data[0] -> _29809_/D : -21.715334
[hold in-reg] w_data[14] -> _29855_/D : -21.714972
[hold in-reg] w_data[14] -> _29663_/D : -21.714651
[hold in-reg] w_data[14] -> _29983_/D : -21.714672
[hold in-reg] w_data[27] -> _28524_/D : -21.713717
[hold in-reg] w_data[27] -> _28588_/D : -21.713520
[hold in-reg] w_data[14] -> _32387_/D : -21.713533
[hold in-reg] w_data[27] -> _28620_/D : -21.713268
[hold in-reg] w_data[14] -> _29887_/D : -21.713156
[hold in-reg] w_data[27] -> _28492_/D : -21.713005
[hold in-reg] w_data[14] -> _30015_/D : -21.713001
[hold in-reg] w_data[27] -> _28460_/D : -21.712870
[hold in-reg] w_data[0] -> _29681_/D : -21.710716
[hold in-reg] w_data[0] -> _31756_/D : -21.710430
[hold in-reg] w_data[27] -> _28556_/D : -21.709530
[hold in-reg] w_data[0] -> _30033_/D : -21.706923
[hold in-reg] w_data[0] -> _30065_/D : -21.705023
[hold in-reg] w_data[27] -> _28396_/D : -21.704254
[hold in-reg] w_data[0] -> _29649_/D : -21.702917
[hold in-reg] w_data[1] -> _36138_/D : -21.702753
[hold in-reg] w_data[27] -> _36420_/D : -21.702276
[hold in-reg] w_data[3] -> _28756_/D : -21.701721
[hold in-reg] w_data[0] -> _30097_/D : -21.701616
[hold in-reg] w_data[27] -> _36452_/D : -21.699301
[hold in-reg] w_data[27] -> _28428_/D : -21.697359
[hold in-reg] w_data[3] -> _28852_/D : -21.694229
[hold in-reg] w_data[3] -> _28820_/D : -21.693872
[hold in-reg] w_data[3] -> _28788_/D : -21.693489
[hold in-reg] w_data[30] -> _30927_/D : -21.692900
[hold in-reg] w_data[27] -> _36484_/D : -21.692835
[hold in-reg] w_data[30] -> _33383_/D : -21.692608
[hold in-reg] w_data[30] -> _28367_/D : -21.692432
[hold in-reg] w_data[30] -> _30863_/D : -21.691757
[hold in-reg] w_data[20] -> _28357_/D : -21.689686
[hold in-reg] w_data[27] -> _36516_/D : -21.689463
[hold in-reg] w_data[22] -> _36159_/D : -21.689196
[hold in-reg] w_data[25] -> _29802_/D : -21.686176
[hold in-reg] w_data[27] -> _36548_/D : -21.685968
[hold in-reg] w_data[27] -> _28332_/D : -21.685127
[hold in-reg] w_data[27] -> _32592_/D : -21.681698
[hold in-reg] w_data[27] -> _36580_/D : -21.681662
[hold in-reg] w_data[31] -> _35816_/D : -21.681135
[hold in-reg] w_data[25] -> _29706_/D : -21.680706
[hold in-reg] w_data[31] -> _35848_/D : -21.680086
[hold in-reg] w_data[29] -> _28622_/D : -21.678898
[hold in-reg] w_data[30] -> _31151_/D : -21.678720
[hold in-reg] w_data[22] -> _36383_/D : -21.678429
[hold in-reg] w_data[0] -> _29905_/D : -21.678026
[hold in-reg] w_data[25] -> _29674_/D : -21.677742
[hold in-reg] w_data[29] -> _28526_/D : -21.677639
[hold in-reg] w_data[25] -> _29834_/D : -21.677574
[hold in-reg] w_data[29] -> _28590_/D : -21.676006
[hold in-reg] w_data[29] -> _28558_/D : -21.674709
[hold in-reg] w_data[22] -> _32683_/D : -21.673332
[hold in-reg] w_data[20] -> _28549_/D : -21.672213
[hold in-reg] w_data[9] -> _28506_/D : -21.671522
[hold in-reg] w_data[22] -> _36351_/D : -21.670708
[hold in-reg] w_data[9] -> _28602_/D : -21.670435
[hold in-reg] w_data[0] -> _30001_/D : -21.670368
[hold in-reg] w_data[19] -> _28516_/D : -21.670158
[hold in-reg] w_data[0] -> _32373_/D : -21.670166
[hold in-reg] w_data[0] -> _29969_/D : -21.670065
[hold in-reg] w_data[20] -> _28517_/D : -21.669991
[hold in-reg] w_data[31] -> _35880_/D : -21.669243
[hold in-reg] w_data[25] -> _29994_/D : -21.667654
[hold in-reg] w_data[25] -> _31781_/D : -21.667675
[hold in-reg] w_data[9] -> _28570_/D : -21.667601
[hold in-reg] w_data[9] -> _28538_/D : -21.667503
[hold in-reg] w_data[9] -> _28474_/D : -21.667307
[hold in-reg] w_data[9] -> _28442_/D : -21.667191
[hold in-reg] w_data[19] -> _28612_/D : -21.666990
[hold in-reg] w_data[25] -> _30026_/D : -21.666967
[hold in-reg] w_data[7] -> _28504_/D : -21.666822
[hold in-reg] w_data[20] -> _28581_/D : -21.666500
[hold in-reg] w_data[7] -> _28536_/D : -21.665037
[hold in-reg] w_data[19] -> _28548_/D : -21.664970
[hold in-reg] w_data[7] -> _28568_/D : -21.664892
[hold in-reg] w_data[22] -> _36191_/D : -21.664597
[hold in-reg] w_data[27] -> _29420_/D : -21.664522
[hold in-reg] w_data[20] -> _28613_/D : -21.664194
[hold in-reg] w_data[19] -> _28388_/D : -21.664089
[hold in-reg] w_data[29] -> _28462_/D : -21.663641
[hold in-reg] w_data[27] -> _29164_/D : -21.663370
[hold in-reg] w_data[7] -> _28600_/D : -21.663330
[hold in-reg] w_data[9] -> _28378_/D : -21.663212
[hold in-reg] w_data[7] -> _28440_/D : -21.663130
[hold in-reg] w_data[27] -> _29292_/D : -21.663080
[hold in-reg] w_data[19] -> _28580_/D : -21.662781
[hold in-reg] w_data[7] -> _28376_/D : -21.662748
[hold in-reg] w_data[27] -> _29196_/D : -21.662760
[hold in-reg] w_data[7] -> _28472_/D : -21.662649
[hold in-reg] w_data[25] -> _29930_/D : -21.662622
[hold in-reg] w_data[25] -> _29738_/D : -21.662441
[hold in-reg] w_data[27] -> _29228_/D : -21.662157
[hold in-reg] w_data[25] -> _30058_/D : -21.661734
[hold in-reg] w_data[29] -> _28494_/D : -21.661659
[hold in-reg] w_data[25] -> _30122_/D : -21.660900
[hold in-reg] w_data[7] -> _28408_/D : -21.659882
[hold in-reg] w_data[20] -> _28453_/D : -21.659721
[hold in-reg] w_data[9] -> _36434_/D : -21.659472
[hold in-reg] w_data[16] -> _28769_/D : -21.659407
[hold in-reg] w_data[16] -> _28641_/D : -21.659222
[hold in-reg] w_data[11] -> _28508_/D : -21.659151
[hold in-reg] w_data[11] -> _28604_/D : -21.658848
[hold in-reg] w_data[16] -> _28705_/D : -21.658840
[hold in-reg] w_data[9] -> _36402_/D : -21.658751
[hold in-reg] w_data[20] -> _28389_/D : -21.658651
[hold in-reg] w_data[11] -> _28572_/D : -21.658638
[hold in-reg] w_data[9] -> _28410_/D : -21.658356
[hold in-reg] w_data[16] -> _32517_/D : -21.658312
[hold in-reg] w_data[20] -> _28485_/D : -21.657774
[hold in-reg] w_data[24] -> _28553_/D : -21.657631
[hold in-reg] w_data[11] -> _28540_/D : -21.657122
[hold in-reg] w_data[24] -> _28521_/D : -21.657072
[hold in-reg] w_data[16] -> _28897_/D : -21.656609
[hold in-reg] w_data[5] -> _28758_/D : -21.656517
[hold in-reg] w_data[27] -> _29580_/D : -21.656162
[hold in-reg] w_data[24] -> _28617_/D : -21.656096
[hold in-reg] w_data[27] -> _32432_/D : -21.655939
[hold in-reg] w_data[27] -> _29548_/D : -21.655777
[hold in-reg] w_data[19] -> _28452_/D : -21.655722
[hold in-reg] w_data[27] -> _29612_/D : -21.655552
[hold in-reg] w_data[27] -> _29516_/D : -21.655472
[hold in-reg] w_data[7] -> _36464_/D : -21.655474
[hold in-reg] w_data[20] -> _28421_/D : -21.655420
[hold in-reg] w_data[27] -> _29452_/D : -21.655380
[hold in-reg] w_data[31] -> _35976_/D : -21.655294
[hold in-reg] w_data[5] -> _32506_/D : -21.655106
[hold in-reg] w_data[27] -> _29484_/D : -21.655052
[hold in-reg] w_data[7] -> _36432_/D : -21.654808
[hold in-reg] w_data[5] -> _28630_/D : -21.654736
[hold in-reg] w_data[24] -> _28585_/D : -21.654657
[hold in-reg] w_data[11] -> _28412_/D : -21.654581
[hold in-reg] w_data[11] -> _28380_/D : -21.654331
[hold in-reg] w_data[11] -> _28444_/D : -21.654278
[hold in-reg] w_data[11] -> _28476_/D : -21.654291
[hold in-reg] w_data[25] -> _29770_/D : -21.654072
[hold in-reg] w_data[27] -> _29260_/D : -21.653847
[hold in-reg] w_data[25] -> _30090_/D : -21.653635
[hold in-reg] w_data[25] -> _32398_/D : -21.653614
[hold in-reg] w_data[31] -> _36040_/D : -21.653610
[hold in-reg] w_data[7] -> _28760_/D : -21.653551
[hold in-reg] w_data[31] -> _35944_/D : -21.653568
[hold in-reg] w_data[27] -> _29356_/D : -21.653431
[hold in-reg] w_data[9] -> _36466_/D : -21.653442
[hold in-reg] w_data[27] -> _29388_/D : -21.653399
[hold in-reg] w_data[27] -> _32464_/D : -21.653406
[hold in-reg] w_data[20] -> _36413_/D : -21.653351
[hold in-reg] w_data[31] -> _35912_/D : -21.653219
[hold in-reg] w_data[20] -> _36477_/D : -21.652828
[hold in-reg] w_data[20] -> _36445_/D : -21.652401
[hold in-reg] w_data[29] -> _28430_/D : -21.652252
[hold in-reg] w_data[9] -> _36498_/D : -21.652241
[hold in-reg] w_data[19] -> _28484_/D : -21.651863
[hold in-reg] w_data[16] -> _28833_/D : -21.651001
[hold in-reg] w_data[19] -> _28420_/D : -21.650879
[hold in-reg] w_data[20] -> _36509_/D : -21.650646
[hold in-reg] w_data[24] -> _28457_/D : -21.650404
[hold in-reg] w_data[16] -> _28865_/D : -21.650251
[hold in-reg] w_data[16] -> _28801_/D : -21.650049
[hold in-reg] w_data[16] -> _29089_/D : -21.649944
[hold in-reg] w_data[16] -> _29121_/D : -21.649918
[hold in-reg] w_data[16] -> _28737_/D : -21.649834
[hold in-reg] w_data[24] -> _28393_/D : -21.649784
[hold in-reg] w_data[19] -> _36412_/D : -21.649010
[hold in-reg] w_data[11] -> _28764_/D : -21.648672
[hold in-reg] w_data[20] -> _36605_/D : -21.648609
[hold in-reg] w_data[20] -> _36541_/D : -21.648256
[hold in-reg] w_data[20] -> _32585_/D : -21.648043
[hold in-reg] w_data[5] -> _29046_/D : -21.647978
[hold in-reg] w_data[16] -> _28961_/D : -21.647894
[hold in-reg] w_data[11] -> _36436_/D : -21.647879
[hold in-reg] w_data[16] -> _29057_/D : -21.647764
[hold in-reg] w_data[9] -> _36594_/D : -21.647747
[hold in-reg] w_data[16] -> _28929_/D : -21.647619
[hold in-reg] w_data[16] -> _32485_/D : -21.647606
[hold in-reg] w_data[11] -> _28636_/D : -21.647556
[hold in-reg] w_data[5] -> _28790_/D : -21.647526
[hold in-reg] w_data[5] -> _28854_/D : -21.647457
[hold in-reg] w_data[9] -> _32574_/D : -21.647329
[hold in-reg] w_data[16] -> _29025_/D : -21.647272
[hold in-reg] w_data[19] -> _36476_/D : -21.647066
[hold in-reg] w_data[11] -> _36468_/D : -21.646961
[hold in-reg] w_data[24] -> _28489_/D : -21.646711
[hold in-reg] w_data[5] -> _28822_/D : -21.646574
[hold in-reg] w_data[31] -> _36072_/D : -21.646215
[hold in-reg] w_data[9] -> _36530_/D : -21.646034
[hold in-reg] w_data[5] -> _29014_/D : -21.645752
[hold in-reg] w_data[24] -> _32589_/D : -21.645769
[hold in-reg] w_data[19] -> _36444_/D : -21.645763
[hold in-reg] w_data[24] -> _36609_/D : -21.645681
[hold in-reg] w_data[31] -> _36104_/D : -21.645386
[hold in-reg] w_data[31] -> _32660_/D : -21.645250
[hold in-reg] w_data[7] -> _28792_/D : -21.645206
[hold in-reg] w_data[24] -> _28425_/D : -21.645031
[hold in-reg] w_data[31] -> _36136_/D : -21.644976
[hold in-reg] w_data[20] -> _36573_/D : -21.644539
[hold in-reg] w_data[31] -> _36552_/D : -21.644428
[hold in-reg] w_data[19] -> _36508_/D : -21.644323
[hold in-reg] w_data[31] -> _36584_/D : -21.644321
[hold in-reg] w_data[24] -> _36513_/D : -21.644238
[hold in-reg] w_data[24] -> _36481_/D : -21.644199
[hold in-reg] w_data[24] -> _36545_/D : -21.644041
[hold in-reg] w_data[19] -> _36604_/D : -21.642782
[hold in-reg] w_data[19] -> _36540_/D : -21.642340
[hold in-reg] w_data[31] -> _32596_/D : -21.642302
[hold in-reg] w_data[18] -> _28771_/D : -21.642105
[hold in-reg] w_data[9] -> _36562_/D : -21.642096
[hold in-reg] w_data[31] -> _28336_/D : -21.641401
[hold in-reg] w_data[24] -> _36449_/D : -21.641296
[hold in-reg] w_data[1] -> _36266_/D : -21.640697
[hold in-reg] w_data[18] -> _28643_/D : -21.640381
[hold in-reg] w_data[24] -> _36577_/D : -21.640356
[hold in-reg] w_data[18] -> _28707_/D : -21.639891
[hold in-reg] w_data[11] -> _28828_/D : -21.639687
[hold in-reg] w_data[18] -> _32519_/D : -21.639685
[hold in-reg] w_data[11] -> _28860_/D : -21.639385
[hold in-reg] w_data[19] -> _36572_/D : -21.639320
[hold in-reg] w_data[24] -> _36417_/D : -21.638758
[hold in-reg] w_data[11] -> _28796_/D : -21.638580
[hold in-reg] w_data[22] -> _36287_/D : -21.638523
[hold in-reg] w_data[19] -> _32584_/D : -21.638124
[hold in-reg] w_data[31] -> _35656_/D : -21.637394
[hold in-reg] w_data[31] -> _36456_/D : -21.636320
[hold in-reg] w_data[18] -> _28867_/D : -21.635363
[hold in-reg] w_data[18] -> _29027_/D : -21.634590
[hold in-reg] w_data[18] -> _28835_/D : -21.634457
[hold in-reg] w_data[31] -> _28432_/D : -21.634027
[hold in-reg] w_data[31] -> _36488_/D : -21.633814
[hold in-reg] w_data[31] -> _36424_/D : -21.633570
[hold in-reg] w_data[18] -> _29059_/D : -21.633537
[hold in-reg] w_data[18] -> _28803_/D : -21.632755
[hold in-reg] w_data[31] -> _36520_/D : -21.632366
[hold in-reg] w_data[18] -> _28739_/D : -21.632231
[hold in-reg] w_data[31] -> _28400_/D : -21.632082
[hold in-reg] w_data[18] -> _29123_/D : -21.631905
[hold in-reg] w_data[18] -> _29091_/D : -21.631735
[hold in-reg] w_data[31] -> _28528_/D : -21.630171
[hold in-reg] w_data[31] -> _28496_/D : -21.630095
[hold in-reg] w_data[31] -> _28464_/D : -21.629473
[hold in-reg] w_data[31] -> _32628_/D : -21.629358
[hold in-reg] w_data[14] -> _36343_/D : -21.628162
[hold in-reg] w_data[31] -> _28560_/D : -21.626663
[hold in-reg] w_data[31] -> _35784_/D : -21.623953
[hold in-reg] w_data[31] -> _35720_/D : -21.623762
[hold in-reg] w_data[31] -> _35752_/D : -21.623735
[hold in-reg] w_data[31] -> _28624_/D : -21.623281
[hold in-reg] w_data[12] -> _28893_/D : -21.622869
[hold in-reg] w_data[31] -> _28592_/D : -21.622440
[hold in-reg] w_data[12] -> _28701_/D : -21.621616
[hold in-reg] w_data[1] -> _35754_/D : -21.621046
[hold in-reg] w_data[1] -> _32662_/D : -21.620790
[hold in-reg] w_data[30] -> _31923_/D : -21.620722
[hold in-reg] w_data[30] -> _32275_/D : -21.620308
[hold in-reg] w_data[14] -> _32675_/D : -21.619099
[hold in-reg] w_data[14] -> _36279_/D : -21.618795
[hold in-reg] w_data[14] -> _36375_/D : -21.618284
[hold in-reg] w_data[12] -> _29789_/D : -21.618250
[hold in-reg] w_data[12] -> _29725_/D : -21.615219
[hold in-reg] w_data[12] -> _28957_/D : -21.615021
[hold in-reg] w_data[12] -> _28925_/D : -21.614803
[hold in-reg] w_data[12] -> _32481_/D : -21.614449
[hold in-reg] w_data[12] -> _28733_/D : -21.613415
[hold in-reg] w_data[1] -> _35786_/D : -21.613321
[hold in-reg] w_data[12] -> _29821_/D : -21.612474
[hold in-reg] w_data[15] -> _29792_/D : -21.610693
[hold in-reg] w_data[12] -> _29917_/D : -21.610308
[hold in-reg] w_data[15] -> _29920_/D : -21.610001
[hold in-reg] w_data[15] -> _29696_/D : -21.609470
[hold in-reg] w_data[15] -> _29728_/D : -21.609447
[hold in-reg] w_data[29] -> _29422_/D : -21.607786
[hold in-reg] w_data[4] -> _30837_/D : -21.607355
[hold in-reg] w_data[4] -> _30901_/D : -21.607307
[hold in-reg] w_data[4] -> _31897_/D : -21.606949
[hold in-reg] w_data[29] -> _29166_/D : -21.605242
[hold in-reg] w_data[12] -> _29757_/D : -21.605034
[hold in-reg] w_data[29] -> _29198_/D : -21.604908
[hold in-reg] w_data[29] -> _29230_/D : -21.604248
[hold in-reg] w_data[29] -> _29294_/D : -21.603157
[hold in-reg] w_data[15] -> _29856_/D : -21.602476
[hold in-reg] w_data[15] -> _29664_/D : -21.602442
[hold in-reg] w_data[15] -> _29888_/D : -21.602112
[hold in-reg] w_data[15] -> _29824_/D : -21.601992
[hold in-reg] w_data[15] -> _29760_/D : -21.601728
[hold in-reg] w_data[15] -> _30048_/D : -21.601728
[hold in-reg] w_data[12] -> _29981_/D : -21.601698
[hold in-reg] w_data[12] -> _31768_/D : -21.601019
[hold in-reg] w_data[29] -> _32434_/D : -21.600519
[hold in-reg] w_data[29] -> _29454_/D : -21.600361
[hold in-reg] w_data[29] -> _29614_/D : -21.600321
[hold in-reg] w_data[29] -> _29550_/D : -21.600248
[hold in-reg] w_data[29] -> _29582_/D : -21.600248
[hold in-reg] w_data[15] -> _30016_/D : -21.600145
[hold in-reg] w_data[29] -> _29486_/D : -21.600039
[hold in-reg] w_data[29] -> _29518_/D : -21.599190
[hold in-reg] w_data[4] -> _31125_/D : -21.599169
[hold in-reg] w_data[15] -> _30112_/D : -21.599092
[hold in-reg] w_data[15] -> _32388_/D : -21.599113
[hold in-reg] w_data[12] -> _32385_/D : -21.599058
[hold in-reg] w_data[15] -> _29984_/D : -21.598499
[hold in-reg] w_data[12] -> _30013_/D : -21.598389
[hold in-reg] w_data[9] -> _29210_/D : -21.598312
[hold in-reg] w_data[12] -> _30045_/D : -21.598270
[hold in-reg] w_data[6] -> _28887_/D : -21.598190
[hold in-reg] w_data[16] -> _36025_/D : -21.597427
[hold in-reg] w_data[6] -> _32507_/D : -21.597307
[hold in-reg] w_data[6] -> _28695_/D : -21.597118
[hold in-reg] w_data[16] -> _35929_/D : -21.596855
[hold in-reg] w_data[6] -> _28759_/D : -21.596762
[hold in-reg] w_data[6] -> _28631_/D : -21.596731
[hold in-reg] w_data[16] -> _35897_/D : -21.596624
[hold in-reg] w_data[12] -> _29693_/D : -21.596447
[hold in-reg] w_data[12] -> _30109_/D : -21.596054
[hold in-reg] w_data[29] -> _32466_/D : -21.595024
[hold in-reg] w_data[29] -> _29262_/D : -21.594788
[hold in-reg] w_data[29] -> _29358_/D : -21.592733
[hold in-reg] w_data[11] -> _29404_/D : -21.592535
[hold in-reg] w_data[19] -> _31775_/D : -21.591970
[hold in-reg] w_data[29] -> _29390_/D : -21.591543
[hold in-reg] w_data[6] -> _29047_/D : -21.590450
[hold in-reg] w_data[6] -> _28951_/D : -21.590086
[hold in-reg] w_data[6] -> _29015_/D : -21.589907
[hold in-reg] w_data[9] -> _29242_/D : -21.589878
[hold in-reg] w_data[9] -> _29338_/D : -21.589640
[hold in-reg] w_data[9] -> _29370_/D : -21.589632
[hold in-reg] w_data[6] -> _32475_/D : -21.589367
[hold in-reg] w_data[6] -> _29111_/D : -21.589342
[hold in-reg] w_data[6] -> _28855_/D : -21.589273
[hold in-reg] w_data[6] -> _28919_/D : -21.589155
[hold in-reg] w_data[6] -> _29079_/D : -21.589050
[hold in-reg] w_data[12] -> _29853_/D : -21.588881
[hold in-reg] w_data[24] -> _29417_/D : -21.588814
[hold in-reg] w_data[6] -> _28727_/D : -21.588696
[hold in-reg] w_data[6] -> _28791_/D : -21.588585
[hold in-reg] w_data[16] -> _36057_/D : -21.588577
[hold in-reg] w_data[6] -> _28823_/D : -21.588480
[hold in-reg] w_data[12] -> _29661_/D : -21.588453
[hold in-reg] w_data[7] -> _29400_/D : -21.588259
[hold in-reg] w_data[12] -> _29885_/D : -21.588230
[hold in-reg] w_data[9] -> _29402_/D : -21.587986
[hold in-reg] w_data[9] -> _29146_/D : -21.587343
[hold in-reg] w_data[12] -> _30077_/D : -21.587355
[hold in-reg] w_data[9] -> _29274_/D : -21.587008
[hold in-reg] w_data[9] -> _29178_/D : -21.586748
[hold in-reg] w_data[21] -> _29702_/D : -21.583916
[hold in-reg] w_data[7] -> _32412_/D : -21.583071
[hold in-reg] w_data[11] -> _29532_/D : -21.582989
[hold in-reg] w_data[11] -> _29564_/D : -21.582941
[hold in-reg] w_data[7] -> _29144_/D : -21.582766
[hold in-reg] w_data[7] -> _29592_/D : -21.582718
[hold in-reg] w_data[7] -> _29528_/D : -21.582657
[hold in-reg] w_data[11] -> _29596_/D : -21.582594
[hold in-reg] w_data[11] -> _32416_/D : -21.582552
[hold in-reg] w_data[11] -> _29468_/D : -21.582500
[hold in-reg] w_data[17] -> _29698_/D : -21.582317
[hold in-reg] w_data[11] -> _29500_/D : -21.582232
[hold in-reg] w_data[7] -> _29208_/D : -21.582077
[hold in-reg] w_data[7] -> _29560_/D : -21.581337
[hold in-reg] w_data[11] -> _29148_/D : -21.580980
[hold in-reg] w_data[19] -> _30084_/D : -21.580860
[hold in-reg] w_data[7] -> _29176_/D : -21.580765
[hold in-reg] w_data[11] -> _29436_/D : -21.580687
[hold in-reg] w_data[19] -> _30116_/D : -21.580444
[hold in-reg] w_data[11] -> _29180_/D : -21.580256
[hold in-reg] w_data[22] -> _35871_/D : -21.579712
[hold in-reg] w_data[9] -> _29434_/D : -21.579599
[hold in-reg] w_data[9] -> _32414_/D : -21.579437
[hold in-reg] w_data[7] -> _29464_/D : -21.579273
[hold in-reg] w_data[9] -> _29562_/D : -21.579283
[hold in-reg] w_data[9] -> _29498_/D : -21.579245
[hold in-reg] w_data[7] -> _29272_/D : -21.579144
[hold in-reg] w_data[9] -> _29530_/D : -21.579062
[hold in-reg] w_data[9] -> _29594_/D : -21.578938
[hold in-reg] w_data[7] -> _29432_/D : -21.578859
[hold in-reg] w_data[17] -> _31773_/D : -21.578770
[hold in-reg] w_data[24] -> _29449_/D : -21.578630
[hold in-reg] w_data[9] -> _29466_/D : -21.578636
[hold in-reg] w_data[24] -> _29545_/D : -21.578440
[hold in-reg] w_data[7] -> _29496_/D : -21.577827
[hold in-reg] w_data[9] -> _32446_/D : -21.577627
[hold in-reg] w_data[24] -> _29289_/D : -21.577414
[hold in-reg] w_data[11] -> _29212_/D : -21.576412
[hold in-reg] w_data[31] -> _29232_/D : -21.576006
[hold in-reg] w_data[11] -> _29276_/D : -21.575626
[hold in-reg] w_data[21] -> _29670_/D : -21.575617
[hold in-reg] w_data[22] -> _35839_/D : -21.575525
[hold in-reg] w_data[17] -> _30050_/D : -21.574696
[hold in-reg] w_data[21] -> _29894_/D : -21.573740
[hold in-reg] w_data[17] -> _29666_/D : -21.573605
[hold in-reg] w_data[21] -> _29862_/D : -21.573450
[hold in-reg] w_data[17] -> _30082_/D : -21.573328
[hold in-reg] w_data[17] -> _30114_/D : -21.573084
[hold in-reg] w_data[7] -> _29240_/D : -21.572512
[hold in-reg] w_data[22] -> _35519_/D : -21.570530
[hold in-reg] w_data[7] -> _29336_/D : -21.570107
[hold in-reg] w_data[31] -> _29200_/D : -21.570000
[hold in-reg] w_data[31] -> _29168_/D : -21.569754
[hold in-reg] w_data[1] -> _35626_/D : -21.569433
[hold in-reg] w_data[7] -> _29368_/D : -21.568838
[hold in-reg] w_data[11] -> _29244_/D : -21.568268
[hold in-reg] w_data[31] -> _29264_/D : -21.567841
[hold in-reg] w_data[31] -> _29616_/D : -21.567720
[hold in-reg] w_data[31] -> _29456_/D : -21.567686
[hold in-reg] w_data[31] -> _32436_/D : -21.567692
[hold in-reg] w_data[31] -> _29488_/D : -21.567657
[hold in-reg] w_data[31] -> _29520_/D : -21.567577
[hold in-reg] w_data[31] -> _29584_/D : -21.567204
[hold in-reg] w_data[11] -> _32448_/D : -21.566994
[hold in-reg] w_data[21] -> _29734_/D : -21.565069
[hold in-reg] w_data[7] -> _32444_/D : -21.564960
[hold in-reg] w_data[21] -> _29926_/D : -21.564880
[hold in-reg] w_data[21] -> _29126_/D : -21.564816
[hold in-reg] w_data[21] -> _29798_/D : -21.564735
[hold in-reg] w_data[21] -> _29094_/D : -21.564659
[hold in-reg] w_data[21] -> _31777_/D : -21.564331
[hold in-reg] w_data[21] -> _28966_/D : -21.564192
[hold in-reg] w_data[21] -> _32490_/D : -21.564121
[hold in-reg] w_data[1] -> _35946_/D : -21.564041
[hold in-reg] w_data[31] -> _32468_/D : -21.562357
[hold in-reg] w_data[17] -> _29858_/D : -21.561680
[hold in-reg] w_data[17] -> _29890_/D : -21.561644
[hold in-reg] w_data[31] -> _29392_/D : -21.561440
[hold in-reg] w_data[17] -> _30018_/D : -21.561426
[hold in-reg] w_data[17] -> _29986_/D : -21.561251
[hold in-reg] w_data[31] -> _29360_/D : -21.561211
[hold in-reg] w_data[1] -> _32598_/D : -21.561104
[hold in-reg] w_data[1] -> _35882_/D : -21.560099
[hold in-reg] w_data[1] -> _36010_/D : -21.560101
[hold in-reg] w_data[22] -> _35935_/D : -21.559996
[hold in-reg] w_data[1] -> _35914_/D : -21.559950
[hold in-reg] w_data[22] -> _35967_/D : -21.559546
[hold in-reg] w_data[23] -> _30856_/D : -21.559175
[hold in-reg] w_data[23] -> _30920_/D : -21.558937
[hold in-reg] w_data[23] -> _31916_/D : -21.558941
[hold in-reg] w_data[22] -> _35903_/D : -21.558210
[hold in-reg] w_data[22] -> _36031_/D : -21.557825
[hold in-reg] w_data[21] -> _32394_/D : -21.557276
[hold in-reg] w_data[21] -> _30054_/D : -21.557241
[hold in-reg] w_data[1] -> _36074_/D : -21.557186
[hold in-reg] w_data[22] -> _35647_/D : -21.557081
[hold in-reg] w_data[0] -> _35785_/D : -21.557058
[hold in-reg] w_data[1] -> _36106_/D : -21.557022
[hold in-reg] w_data[1] -> _32630_/D : -21.556940
[hold in-reg] w_data[21] -> _29830_/D : -21.556841
[hold in-reg] w_data[21] -> _30118_/D : -21.556452
[hold in-reg] w_data[21] -> _29990_/D : -21.556257
[hold in-reg] w_data[14] -> _28895_/D : -21.556219
[hold in-reg] w_data[21] -> _30022_/D : -21.556227
[hold in-reg] w_data[21] -> _29766_/D : -21.555878
[hold in-reg] w_data[0] -> _28881_/D : -21.555380
[hold in-reg] w_data[1] -> _36042_/D : -21.554708
[hold in-reg] w_data[0] -> _35817_/D : -21.554331
[hold in-reg] w_data[21] -> _30086_/D : -21.553663
[hold in-reg] w_data[17] -> _29922_/D : -21.553137
[hold in-reg] w_data[17] -> _29794_/D : -21.553064
[hold in-reg] w_data[22] -> _32651_/D : -21.552673
[hold in-reg] w_data[8] -> _29721_/D : -21.552114
[hold in-reg] w_data[17] -> _29730_/D : -21.552063
[hold in-reg] w_data[12] -> _36149_/D : -21.551853
[hold in-reg] w_data[23] -> _31144_/D : -21.550526
[hold in-reg] w_data[20] -> _29413_/D : -21.549896
[hold in-reg] w_data[14] -> _28927_/D : -21.548559
[hold in-reg] w_data[0] -> _28913_/D : -21.548370
[hold in-reg] w_data[14] -> _32483_/D : -21.547565
[hold in-reg] w_data[22] -> _35711_/D : -21.547445
[hold in-reg] w_data[8] -> _29849_/D : -21.547039
[hold in-reg] w_data[14] -> _28959_/D : -21.546843
[hold in-reg] w_data[0] -> _32469_/D : -21.546144
[hold in-reg] w_data[8] -> _29881_/D : -21.546045
[hold in-reg] w_data[22] -> _35807_/D : -21.546022
[hold in-reg] w_data[0] -> _28945_/D : -21.545839
[hold in-reg] w_data[0] -> _35849_/D : -21.545744
[hold in-reg] w_data[17] -> _29826_/D : -21.544977
[hold in-reg] w_data[17] -> _29762_/D : -21.544485
[hold in-reg] w_data[4] -> _28469_/D : -21.543814
[hold in-reg] w_data[20] -> _29285_/D : -21.543676
[hold in-reg] w_data[20] -> _29157_/D : -21.543642
[hold in-reg] w_data[22] -> _35775_/D : -21.543533
[hold in-reg] w_data[4] -> _28565_/D : -21.543312
[hold in-reg] w_data[20] -> _29221_/D : -21.543152
[hold in-reg] w_data[4] -> _28437_/D : -21.543039
[hold in-reg] w_data[17] -> _32390_/D : -21.543016
[hold in-reg] w_data[4] -> _28597_/D : -21.542725
[hold in-reg] w_data[4] -> _28373_/D : -21.542532
[hold in-reg] w_data[0] -> _35625_/D : -21.542402
[hold in-reg] w_data[20] -> _29573_/D : -21.542311
[hold in-reg] w_data[8] -> _29753_/D : -21.542128
[hold in-reg] w_data[0] -> _36009_/D : -21.542053
[hold in-reg] w_data[20] -> _29477_/D : -21.541983
[hold in-reg] w_data[20] -> _29189_/D : -21.541779
[hold in-reg] w_data[20] -> _29541_/D : -21.541622
[hold in-reg] w_data[3] -> _28372_/D : -21.541594
[hold in-reg] w_data[20] -> _29605_/D : -21.541401
[hold in-reg] w_data[3] -> _28500_/D : -21.541306
[hold in-reg] w_data[20] -> _32425_/D : -21.541319
[hold in-reg] w_data[3] -> _36460_/D : -21.541300
[hold in-reg] w_data[20] -> _29509_/D : -21.541243
[hold in-reg] w_data[3] -> _36492_/D : -21.541010
[hold in-reg] w_data[3] -> _28436_/D : -21.540970
[hold in-reg] w_data[3] -> _28596_/D : -21.540970
[hold in-reg] w_data[3] -> _28564_/D : -21.540937
[hold in-reg] w_data[3] -> _28468_/D : -21.540684
[hold in-reg] w_data[3] -> _28532_/D : -21.540583
[hold in-reg] w_data[8] -> _29657_/D : -21.540306
[hold in-reg] w_data[3] -> _36428_/D : -21.540195
[hold in-reg] w_data[22] -> _32619_/D : -21.540035
[hold in-reg] w_data[22] -> _35743_/D : -21.539839
[hold in-reg] w_data[12] -> _36341_/D : -21.539686
[hold in-reg] w_data[12] -> _36373_/D : -21.538853
[hold in-reg] w_data[3] -> _28404_/D : -21.538805
[hold in-reg] w_data[3] -> _36588_/D : -21.538519
[hold in-reg] w_data[22] -> _36063_/D : -21.538416
[hold in-reg] w_data[30] -> _28527_/D : -21.537970
[hold in-reg] w_data[30] -> _28559_/D : -21.537415
[hold in-reg] w_data[8] -> _29785_/D : -21.537222
[hold in-reg] w_data[8] -> _29689_/D : -21.537113
[hold in-reg] w_data[30] -> _28623_/D : -21.536682
[hold in-reg] w_data[25] -> _28906_/D : -21.536673
[hold in-reg] w_data[8] -> _29913_/D : -21.536572
[hold in-reg] w_data[2] -> _29395_/D : -21.536394
[hold in-reg] w_data[30] -> _28591_/D : -21.536245
[hold in-reg] w_data[8] -> _29977_/D : -21.535883
[hold in-reg] w_data[20] -> _32457_/D : -21.535173
[hold in-reg] w_data[0] -> _35753_/D : -21.535019
[hold in-reg] w_data[30] -> _28399_/D : -21.534044
[hold in-reg] w_data[0] -> _36041_/D : -21.533924
[hold in-reg] w_data[19] -> _29220_/D : -21.533646
[hold in-reg] w_data[30] -> _36455_/D : -21.533342
[hold in-reg] w_data[20] -> _29253_/D : -21.533258
[hold in-reg] w_data[30] -> _36551_/D : -21.533272
[hold in-reg] w_data[30] -> _28463_/D : -21.533096
[hold in-reg] w_data[30] -> _28495_/D : -21.533104
[hold in-reg] w_data[0] -> _32597_/D : -21.533102
[hold in-reg] w_data[30] -> _28431_/D : -21.533056
[hold in-reg] w_data[30] -> _36423_/D : -21.533009
[hold in-reg] w_data[19] -> _29156_/D : -21.532850
[hold in-reg] w_data[0] -> _35689_/D : -21.532864
[hold in-reg] w_data[0] -> _35721_/D : -21.532570
[hold in-reg] w_data[24] -> _29161_/D : -21.532524
[hold in-reg] w_data[24] -> _29225_/D : -21.532385
[hold in-reg] w_data[3] -> _29268_/D : -21.532236
[hold in-reg] w_data[30] -> _32595_/D : -21.532133
[hold in-reg] w_data[30] -> _36487_/D : -21.532089
[hold in-reg] w_data[30] -> _36583_/D : -21.532101
[hold in-reg] w_data[30] -> _28335_/D : -21.531998
[hold in-reg] w_data[30] -> _36519_/D : -21.531979
[hold in-reg] w_data[19] -> _29188_/D : -21.531719
[hold in-reg] w_data[20] -> _29349_/D : -21.531466
[hold in-reg] w_data[28] -> _36421_/D : -21.531254
[hold in-reg] w_data[4] -> _31760_/D : -21.530952
[hold in-reg] w_data[20] -> _29445_/D : -21.530750
[hold in-reg] w_data[20] -> _29381_/D : -21.530396
[hold in-reg] w_data[28] -> _36517_/D : -21.530170
[hold in-reg] w_data[24] -> _29193_/D : -21.530075
[hold in-reg] w_data[28] -> _36485_/D : -21.529985
[hold in-reg] w_data[19] -> _29284_/D : -21.529936
[hold in-reg] w_data[3] -> _29204_/D : -21.529894
[hold in-reg] w_data[2] -> _28499_/D : -21.529091
[hold in-reg] w_data[25] -> _29098_/D : -21.528811
[hold in-reg] w_data[28] -> _28525_/D : -21.528742
[hold in-reg] w_data[25] -> _29130_/D : -21.528662
[hold in-reg] w_data[2] -> _28563_/D : -21.528566
[hold in-reg] w_data[2] -> _28435_/D : -21.528477
[hold in-reg] w_data[2] -> _28467_/D : -21.528334
[hold in-reg] w_data[28] -> _28557_/D : -21.528265
[hold in-reg] w_data[2] -> _28595_/D : -21.528204
[hold in-reg] w_data[2] -> _28531_/D : -21.528130
[hold in-reg] w_data[8] -> _29817_/D : -21.528036
[hold in-reg] w_data[28] -> _28589_/D : -21.527918
[hold in-reg] w_data[25] -> _28938_/D : -21.527653
[hold in-reg] w_data[28] -> _36549_/D : -21.527664
[hold in-reg] w_data[25] -> _28970_/D : -21.527548
[hold in-reg] w_data[28] -> _28621_/D : -21.527481
[hold in-reg] w_data[28] -> _36453_/D : -21.527243
[hold in-reg] w_data[25] -> _32494_/D : -21.527201
[hold in-reg] w_data[28] -> _28333_/D : -21.526964
[hold in-reg] w_data[28] -> _32593_/D : -21.526848
[hold in-reg] w_data[24] -> _29577_/D : -21.526724
[hold in-reg] w_data[24] -> _32429_/D : -21.526728
[hold in-reg] w_data[8] -> _30041_/D : -21.526693
[hold in-reg] w_data[24] -> _29609_/D : -21.526619
[hold in-reg] w_data[28] -> _28461_/D : -21.526388
[hold in-reg] w_data[2] -> _29427_/D : -21.526320
[hold in-reg] w_data[8] -> _30105_/D : -21.526257
[hold in-reg] w_data[24] -> _29513_/D : -21.526020
[hold in-reg] w_data[8] -> _30009_/D : -21.526005
[hold in-reg] w_data[28] -> _28397_/D : -21.525904
[hold in-reg] w_data[28] -> _28493_/D : -21.525871
[hold in-reg] w_data[24] -> _29481_/D : -21.525826
[hold in-reg] w_data[8] -> _32381_/D : -21.525660
[hold in-reg] w_data[28] -> _28429_/D : -21.525505
[hold in-reg] w_data[19] -> _29412_/D : -21.525196
[hold in-reg] w_data[14] -> _35831_/D : -21.525131
[hold in-reg] w_data[19] -> _32424_/D : -21.525032
[hold in-reg] w_data[19] -> _29508_/D : -21.524939
[hold in-reg] w_data[19] -> _29604_/D : -21.524696
[hold in-reg] w_data[19] -> _29540_/D : -21.524424
[hold in-reg] w_data[19] -> _29572_/D : -21.524309
[hold in-reg] w_data[19] -> _29476_/D : -21.524279
[hold in-reg] w_data[19] -> _29252_/D : -21.523680
[hold in-reg] w_data[19] -> _29348_/D : -21.523279
[hold in-reg] w_data[19] -> _29380_/D : -21.523087
[hold in-reg] w_data[24] -> _29257_/D : -21.523050
[hold in-reg] w_data[4] -> _30101_/D : -21.522612
[hold in-reg] w_data[3] -> _29332_/D : -21.522276
[hold in-reg] w_data[4] -> _30069_/D : -21.522202
[hold in-reg] w_data[4] -> _29973_/D : -21.522179
[hold in-reg] w_data[28] -> _36581_/D : -21.522022
[hold in-reg] w_data[3] -> _29364_/D : -21.521925
[hold in-reg] w_data[3] -> _32440_/D : -21.521919
[hold in-reg] w_data[3] -> _29236_/D : -21.521492
[hold in-reg] w_data[12] -> _36181_/D : -21.520599
[hold in-reg] w_data[4] -> _28533_/D : -21.520559
[hold in-reg] w_data[19] -> _32456_/D : -21.520336
[hold in-reg] w_data[4] -> _28405_/D : -21.520220
[hold in-reg] w_data[24] -> _32461_/D : -21.519863
[hold in-reg] w_data[4] -> _28501_/D : -21.519659
[hold in-reg] w_data[24] -> _29385_/D : -21.519163
[hold in-reg] w_data[3] -> _29140_/D : -21.518812
[hold in-reg] w_data[24] -> _29353_/D : -21.518768
[hold in-reg] w_data[14] -> _35863_/D : -21.518785
[hold in-reg] w_data[3] -> _29172_/D : -21.518648
[hold in-reg] w_data[14] -> _35767_/D : -21.518305
[hold in-reg] w_data[12] -> _36277_/D : -21.518263
[hold in-reg] w_data[3] -> _29396_/D : -21.518099
[hold in-reg] w_data[10] -> _29787_/D : -21.518116
[hold in-reg] w_data[12] -> _32673_/D : -21.517824
[hold in-reg] w_data[21] -> _35966_/D : -21.517231
[hold in-reg] w_data[11] -> _29340_/D : -21.517036
[hold in-reg] w_data[10] -> _29915_/D : -21.516796
[hold in-reg] w_data[14] -> _35799_/D : -21.516764
[hold in-reg] w_data[10] -> _29691_/D : -21.516512
[hold in-reg] w_data[10] -> _29723_/D : -21.516281
[hold in-reg] w_data[11] -> _29372_/D : -21.516003
[hold in-reg] w_data[21] -> _35902_/D : -21.515778
[hold in-reg] w_data[19] -> _29444_/D : -21.515644
[hold in-reg] w_data[21] -> _35934_/D : -21.515619
[hold in-reg] w_data[10] -> _31766_/D : -21.514965
[hold in-reg] w_data[4] -> _29173_/D : -21.513885
[hold in-reg] w_data[4] -> _29141_/D : -21.513170
[hold in-reg] w_data[4] -> _29269_/D : -21.512474
[hold in-reg] w_data[3] -> _29556_/D : -21.510866
[hold in-reg] w_data[8] -> _36273_/D : -21.510672
[hold in-reg] w_data[3] -> _32408_/D : -21.510521
[hold in-reg] w_data[3] -> _29588_/D : -21.510300
[hold in-reg] w_data[10] -> _29659_/D : -21.510180
[hold in-reg] w_data[3] -> _29428_/D : -21.509689
[hold in-reg] w_data[10] -> _29851_/D : -21.509626
[hold in-reg] w_data[10] -> _29883_/D : -21.509537
[hold in-reg] w_data[4] -> _29205_/D : -21.509075
[hold in-reg] w_data[10] -> _32383_/D : -21.509052
[hold in-reg] w_data[3] -> _29492_/D : -21.508924
[hold in-reg] w_data[0] -> _35497_/D : -21.508923
[hold in-reg] w_data[10] -> _29819_/D : -21.508900
[hold in-reg] w_data[8] -> _36337_/D : -21.508821
[hold in-reg] w_data[10] -> _29755_/D : -21.508738
[hold in-reg] w_data[10] -> _29979_/D : -21.508539
[hold in-reg] w_data[3] -> _29460_/D : -21.508512
[hold in-reg] w_data[21] -> _36030_/D : -21.508490
[hold in-reg] w_data[3] -> _29524_/D : -21.508402
[hold in-reg] w_data[10] -> _30011_/D : -21.508345
[hold in-reg] w_data[10] -> _30043_/D : -21.508327
[hold in-reg] w_data[15] -> _36024_/D : -21.508215
[hold in-reg] w_data[15] -> _35960_/D : -21.507946
[hold in-reg] w_data[21] -> _36158_/D : -21.507650
[hold in-reg] w_data[12] -> _35861_/D : -21.507231
[hold in-reg] w_data[10] -> _30075_/D : -21.507051
[hold in-reg] w_data[12] -> _35765_/D : -21.506773
[hold in-reg] w_data[10] -> _30107_/D : -21.506565
[hold in-reg] w_data[21] -> _32650_/D : -21.506157
[hold in-reg] w_data[12] -> _35829_/D : -21.505438
[hold in-reg] w_data[8] -> _36369_/D : -21.504885
[hold in-reg] w_data[30] -> _29167_/D : -21.504461
[hold in-reg] w_data[8] -> _32669_/D : -21.504112
[hold in-reg] w_data[2] -> _28371_/D : -21.504078
[hold in-reg] w_data[30] -> _29199_/D : -21.504051
[hold in-reg] w_data[2] -> _28403_/D : -21.503885
[hold in-reg] w_data[4] -> _32441_/D : -21.503773
[hold in-reg] w_data[30] -> _29231_/D : -21.503603
[hold in-reg] w_data[5] -> _29526_/D : -21.502474
[hold in-reg] w_data[5] -> _29558_/D : -21.502359
[hold in-reg] w_data[4] -> _32409_/D : -21.502123
[hold in-reg] w_data[4] -> _29589_/D : -21.501856
[hold in-reg] w_data[30] -> _29295_/D : -21.501474
[hold in-reg] w_data[4] -> _29333_/D : -21.500929
[hold in-reg] w_data[4] -> _29557_/D : -21.500843
[hold in-reg] w_data[4] -> _29365_/D : -21.500616
[hold in-reg] w_data[4] -> _29237_/D : -21.500534
[hold in-reg] w_data[21] -> _36062_/D : -21.500225
[hold in-reg] w_data[31] -> _35016_/D : -21.500172
[hold in-reg] w_data[15] -> _36056_/D : -21.499899
[hold in-reg] w_data[15] -> _36120_/D : -21.499884
[hold in-reg] w_data[15] -> _36088_/D : -21.499758
[hold in-reg] w_data[4] -> _29397_/D : -21.499331
[hold in-reg] w_data[14] -> _35511_/D : -21.496717
[hold in-reg] w_data[28] -> _29165_/D : -21.495401
[hold in-reg] w_data[30] -> _29263_/D : -21.495110
[hold in-reg] w_data[28] -> _29197_/D : -21.494722
[hold in-reg] w_data[17] -> _36026_/D : -21.494637
[hold in-reg] w_data[16] -> _31772_/D : -21.494543
[hold in-reg] w_data[28] -> _29229_/D : -21.493967
[hold in-reg] w_data[30] -> _29359_/D : -21.493471
[hold in-reg] w_data[30] -> _29583_/D : -21.493191
[hold in-reg] w_data[28] -> _29293_/D : -21.493141
[hold in-reg] w_data[30] -> _29615_/D : -21.492992
[hold in-reg] w_data[5] -> _28374_/D : -21.492802
[hold in-reg] w_data[30] -> _32467_/D : -21.492588
[hold in-reg] w_data[5] -> _28598_/D : -21.492399
[hold in-reg] w_data[30] -> _29391_/D : -21.492420
[hold in-reg] w_data[30] -> _32435_/D : -21.492260
[hold in-reg] w_data[5] -> _28438_/D : -21.492184
[hold in-reg] w_data[5] -> _28470_/D : -21.492048
[hold in-reg] w_data[30] -> _29551_/D : -21.491945
[hold in-reg] w_data[5] -> _28406_/D : -21.491844
[hold in-reg] w_data[5] -> _28566_/D : -21.491848
[hold in-reg] w_data[24] -> _36161_/D : -21.491749
[hold in-reg] w_data[5] -> _31761_/D : -21.491493
[hold in-reg] w_data[29] -> _36038_/D : -21.491428
[hold in-reg] w_data[0] -> _35881_/D : -21.491325
[hold in-reg] w_data[4] -> _29525_/D : -21.490749
[hold in-reg] w_data[0] -> _35913_/D : -21.490711
[hold in-reg] w_data[21] -> _36350_/D : -21.490673
[hold in-reg] w_data[30] -> _29487_/D : -21.490641
[hold in-reg] w_data[4] -> _29493_/D : -21.490595
[hold in-reg] w_data[4] -> _29461_/D : -21.490135
[hold in-reg] w_data[30] -> _29519_/D : -21.490141
[hold in-reg] w_data[0] -> _35945_/D : -21.489964
[hold in-reg] w_data[20] -> _34397_/D : -21.489454
[hold in-reg] w_data[4] -> _29429_/D : -21.489071
[hold in-reg] w_data[29] -> _32690_/D : -21.488770
[hold in-reg] w_data[22] -> _36127_/D : -21.488665
[hold in-reg] w_data[14] -> _35543_/D : -21.488537
[hold in-reg] w_data[2] -> _29267_/D : -21.488356
[hold in-reg] w_data[2] -> _29139_/D : -21.487461
[hold in-reg] w_data[22] -> _36095_/D : -21.487423
[hold in-reg] w_data[29] -> _36358_/D : -21.487249
[hold in-reg] w_data[17] -> _36058_/D : -21.487003
[hold in-reg] w_data[16] -> _30113_/D : -21.486366
[hold in-reg] w_data[2] -> _29171_/D : -21.486328
[hold in-reg] w_data[30] -> _29423_/D : -21.486259
[hold in-reg] w_data[29] -> _36390_/D : -21.486183
[hold in-reg] w_data[28] -> _29357_/D : -21.486029
[hold in-reg] w_data[16] -> _30081_/D : -21.485744
[hold in-reg] w_data[28] -> _29261_/D : -21.485615
[hold in-reg] w_data[2] -> _29203_/D : -21.485575
[hold in-reg] w_data[31] -> _32820_/D : -21.485565
[hold in-reg] w_data[28] -> _29389_/D : -21.485352
[hold in-reg] w_data[28] -> _32465_/D : -21.484991
[hold in-reg] w_data[29] -> _35942_/D : -21.484892
[hold in-reg] w_data[5] -> _29270_/D : -21.484465
[hold in-reg] w_data[28] -> _32433_/D : -21.483957
[hold in-reg] w_data[28] -> _29613_/D : -21.483557
[hold in-reg] w_data[5] -> _29142_/D : -21.483494
[hold in-reg] w_data[21] -> _36382_/D : -21.483372
[hold in-reg] w_data[28] -> _29485_/D : -21.483154
[hold in-reg] w_data[28] -> _29581_/D : -21.483032
[hold in-reg] w_data[5] -> _30102_/D : -21.483002
[hold in-reg] w_data[5] -> _30038_/D : -21.482624
[hold in-reg] w_data[29] -> _36294_/D : -21.482470
[hold in-reg] w_data[29] -> _35974_/D : -21.482189
[hold in-reg] w_data[5] -> _30070_/D : -21.482088
[hold in-reg] w_data[24] -> _36193_/D : -21.482096
[hold in-reg] w_data[28] -> _29517_/D : -21.481779
[hold in-reg] w_data[29] -> _36070_/D : -21.481565
[hold in-reg] w_data[29] -> _36262_/D : -21.481464
[hold in-reg] w_data[28] -> _29453_/D : -21.481428
[hold in-reg] w_data[0] -> _32629_/D : -21.481281
[hold in-reg] w_data[12] -> _35797_/D : -21.481245
[hold in-reg] w_data[29] -> _36230_/D : -21.481062
[hold in-reg] w_data[12] -> _35701_/D : -21.481028
[hold in-reg] w_data[29] -> _35910_/D : -21.480391
[hold in-reg] w_data[12] -> _32513_/D : -21.480152
[hold in-reg] w_data[2] -> _29587_/D : -21.479649
[hold in-reg] w_data[2] -> _32439_/D : -21.479578
[hold in-reg] w_data[3] -> _35628_/D : -21.479490
[hold in-reg] w_data[12] -> _28765_/D : -21.479437
[hold in-reg] w_data[2] -> _29555_/D : -21.479382
[hold in-reg] w_data[2] -> _32407_/D : -21.479343
[hold in-reg] w_data[14] -> _36023_/D : -21.479342
[hold in-reg] w_data[12] -> _28637_/D : -21.479120
[hold in-reg] w_data[14] -> _35959_/D : -21.479052
[hold in-reg] w_data[14] -> _35895_/D : -21.478477
[hold in-reg] w_data[14] -> _35927_/D : -21.477982
[hold in-reg] w_data[3] -> _36012_/D : -21.477852
[hold in-reg] w_data[30] -> _29455_/D : -21.477819
[hold in-reg] w_data[14] -> _35639_/D : -21.477777
[hold in-reg] w_data[2] -> _29459_/D : -21.477633
[hold in-reg] w_data[2] -> _29523_/D : -21.477467
[hold in-reg] w_data[29] -> _36198_/D : -21.477467
[hold in-reg] w_data[16] -> _29441_/D : -21.477238
[hold in-reg] w_data[28] -> _29421_/D : -21.477192
[hold in-reg] w_data[2] -> _29491_/D : -21.477198
[hold in-reg] w_data[2] -> _29235_/D : -21.477125
[hold in-reg] w_data[2] -> _29331_/D : -21.477133
[hold in-reg] w_data[5] -> _32442_/D : -21.477072
[hold in-reg] w_data[2] -> _29363_/D : -21.476881
[hold in-reg] w_data[16] -> _29281_/D : -21.476585
[hold in-reg] w_data[29] -> _36166_/D : -21.476583
[hold in-reg] w_data[3] -> _35884_/D : -21.476009
[hold in-reg] w_data[16] -> _29217_/D : -21.475431
[hold in-reg] w_data[5] -> _29174_/D : -21.475044
[hold in-reg] w_data[29] -> _36102_/D : -21.474865
[hold in-reg] w_data[3] -> _35916_/D : -21.474674
[hold in-reg] w_data[12] -> _29053_/D : -21.474260
[hold in-reg] w_data[29] -> _36134_/D : -21.473667
[hold in-reg] w_data[16] -> _29345_/D : -21.473448
[hold in-reg] w_data[12] -> _29021_/D : -21.473274
[hold in-reg] w_data[12] -> _28861_/D : -21.473234
[hold in-reg] w_data[16] -> _32453_/D : -21.472807
[hold in-reg] w_data[7] -> _36144_/D : -21.472527
[hold in-reg] w_data[16] -> _29377_/D : -21.472414
[hold in-reg] w_data[12] -> _28797_/D : -21.472349
[hold in-reg] w_data[29] -> _32658_/D : -21.472248
[hold in-reg] w_data[12] -> _29085_/D : -21.472078
[hold in-reg] w_data[7] -> _36272_/D : -21.472038
[hold in-reg] w_data[12] -> _28829_/D : -21.471977
[hold in-reg] w_data[28] -> _30157_/D : -21.471954
[hold in-reg] w_data[15] -> _28896_/D : -21.471573
[hold in-reg] w_data[16] -> _29153_/D : -21.471579
[hold in-reg] w_data[12] -> _29117_/D : -21.471241
[hold in-reg] w_data[7] -> _32668_/D : -21.471262
[hold in-reg] w_data[20] -> _33065_/D : -21.471165
[hold in-reg] w_data[24] -> _35937_/D : -21.471132
[hold in-reg] w_data[16] -> _29409_/D : -21.470881
[hold in-reg] w_data[20] -> _30917_/D : -21.470831
[hold in-reg] w_data[20] -> _31301_/D : -21.470787
[hold in-reg] w_data[20] -> _33757_/D : -21.470728
[hold in-reg] w_data[20] -> _30149_/D : -21.470633
[hold in-reg] w_data[5] -> _29398_/D : -21.470520
[hold in-reg] w_data[24] -> _35905_/D : -21.470472
[hold in-reg] w_data[14] -> _36055_/D : -21.470484
[hold in-reg] w_data[28] -> _29549_/D : -21.470350
[hold in-reg] w_data[9] -> _31290_/D : -21.470354
[hold in-reg] w_data[20] -> _31913_/D : -21.470293
[hold in-reg] w_data[21] -> _36286_/D : -21.470177
[hold in-reg] w_data[3] -> _35948_/D : -21.470020
[hold in-reg] w_data[3] -> _36140_/D : -21.469721
[hold in-reg] w_data[7] -> _36176_/D : -21.469732
[hold in-reg] w_data[21] -> _32682_/D : -21.469643
[hold in-reg] w_data[14] -> _32611_/D : -21.469591
[hold in-reg] w_data[3] -> _36044_/D : -21.469133
[hold in-reg] w_data[14] -> _35703_/D : -21.468710
[hold in-reg] w_data[14] -> _35735_/D : -21.468094
[hold in-reg] w_data[16] -> _29249_/D : -21.467766
[hold in-reg] w_data[3] -> _36364_/D : -21.467613
[hold in-reg] w_data[2] -> _35947_/D : -21.467461
[hold in-reg] w_data[5] -> _29366_/D : -21.467266
[hold in-reg] w_data[3] -> _36332_/D : -21.467049
[hold in-reg] w_data[3] -> _32664_/D : -21.466454
[hold in-reg] w_data[28] -> _33765_/D : -21.466330
[hold in-reg] w_data[16] -> _29185_/D : -21.465921
[hold in-reg] w_data[3] -> _36204_/D : -21.465853
[hold in-reg] w_data[28] -> _31309_/D : -21.465448
[hold in-reg] w_data[7] -> _36016_/D : -21.465456
[hold in-reg] w_data[3] -> _36268_/D : -21.465450
[hold in-reg] w_data[15] -> _29024_/D : -21.464235
[hold in-reg] w_data[20] -> _35357_/D : -21.464222
[hold in-reg] w_data[20] -> _35037_/D : -21.464113
[hold in-reg] w_data[7] -> _36080_/D : -21.464106
[hold in-reg] w_data[20] -> _34717_/D : -21.463926
[hold in-reg] w_data[3] -> _36172_/D : -21.463684
[hold in-reg] w_data[15] -> _29056_/D : -21.463537
[hold in-reg] w_data[16] -> _29601_/D : -21.463396
[hold in-reg] w_data[16] -> _32421_/D : -21.463383
[hold in-reg] w_data[15] -> _28928_/D : -21.462595
[hold in-reg] w_data[31] -> _34984_/D : -21.462431
[hold in-reg] w_data[16] -> _29569_/D : -21.462406
[hold in-reg] w_data[16] -> _29537_/D : -21.462252
[hold in-reg] w_data[3] -> _32632_/D : -21.462202
[hold in-reg] w_data[16] -> _29505_/D : -21.462143
[hold in-reg] w_data[16] -> _29473_/D : -21.462046
[hold in-reg] w_data[3] -> _36236_/D : -21.461956
[hold in-reg] w_data[20] -> _34077_/D : -21.461803
[hold in-reg] w_data[5] -> _29462_/D : -21.461700
[hold in-reg] w_data[3] -> _36076_/D : -21.461710
[hold in-reg] w_data[15] -> _32484_/D : -21.461641
[hold in-reg] w_data[5] -> _29494_/D : -21.461582
[hold in-reg] w_data[15] -> _28960_/D : -21.461546
[hold in-reg] w_data[5] -> _29590_/D : -21.461535
[hold in-reg] w_data[5] -> _32410_/D : -21.461147
[hold in-reg] w_data[3] -> _36108_/D : -21.461117
[hold in-reg] w_data[5] -> _29430_/D : -21.460724
[hold in-reg] w_data[7] -> _36112_/D : -21.460690
[hold in-reg] w_data[4] -> _35629_/D : -21.460484
[hold in-reg] w_data[31] -> _34888_/D : -21.460228
[hold in-reg] w_data[17] -> _35898_/D : -21.460215
[hold in-reg] w_data[7] -> _36336_/D : -21.459948
[hold in-reg] w_data[18] -> _29155_/D : -21.459572
[hold in-reg] w_data[31] -> _34920_/D : -21.459568
[hold in-reg] w_data[17] -> _35930_/D : -21.459501
[hold in-reg] w_data[18] -> _29283_/D : -21.459358
[hold in-reg] w_data[7] -> _36368_/D : -21.459349
[hold in-reg] w_data[4] -> _35917_/D : -21.459276
[hold in-reg] w_data[4] -> _36141_/D : -21.458973
[hold in-reg] w_data[4] -> _35885_/D : -21.458250
[hold in-reg] w_data[2] -> _32631_/D : -21.458168
[hold in-reg] w_data[7] -> _36208_/D : -21.457987
[hold in-reg] w_data[7] -> _36240_/D : -21.457705
[hold in-reg] w_data[9] -> _31902_/D : -21.457497
[hold in-reg] w_data[7] -> _36048_/D : -21.457323
[hold in-reg] w_data[4] -> _36013_/D : -21.457132
[hold in-reg] w_data[2] -> _35371_/D : -21.455545
[hold in-reg] w_data[2] -> _35499_/D : -21.455046
[hold in-reg] w_data[2] -> _35627_/D : -21.454590
[hold in-reg] w_data[2] -> _36011_/D : -21.453909
[hold in-reg] w_data[2] -> _35915_/D : -21.453777
[hold in-reg] w_data[22] -> _35263_/D : -21.453743
[hold in-reg] w_data[2] -> _35883_/D : -21.453726
[hold in-reg] w_data[28] -> _33381_/D : -21.453102
[hold in-reg] w_data[30] -> _36039_/D : -21.452766
[hold in-reg] w_data[30] -> _35943_/D : -21.452417
[hold in-reg] w_data[31] -> _35112_/D : -21.452349
[hold in-reg] w_data[31] -> _35080_/D : -21.452250
[hold in-reg] w_data[30] -> _35911_/D : -21.452261
[hold in-reg] w_data[28] -> _34085_/D : -21.451851
[hold in-reg] w_data[30] -> _35975_/D : -21.451672
[hold in-reg] w_data[30] -> _35655_/D : -21.451298
[hold in-reg] w_data[4] -> _35693_/D : -21.451204
[hold in-reg] w_data[4] -> _35725_/D : -21.451067
[hold in-reg] w_data[4] -> _32601_/D : -21.450848
[hold in-reg] w_data[4] -> _36237_/D : -21.450155
[hold in-reg] w_data[18] -> _32423_/D : -21.450043
[hold in-reg] w_data[4] -> _36045_/D : -21.449770
[hold in-reg] w_data[22] -> _35295_/D : -21.449678
[hold in-reg] w_data[9] -> _33054_/D : -21.449623
[hold in-reg] w_data[28] -> _35941_/D : -21.449532
[hold in-reg] w_data[9] -> _34386_/D : -21.449341
[hold in-reg] w_data[18] -> _29603_/D : -21.449274
[hold in-reg] w_data[9] -> _33746_/D : -21.449207
[hold in-reg] w_data[9] -> _30138_/D : -21.449144
[hold in-reg] w_data[9] -> _30842_/D : -21.448893
[hold in-reg] w_data[2] -> _36139_/D : -21.448811
[hold in-reg] w_data[9] -> _30906_/D : -21.448713
[hold in-reg] w_data[28] -> _35909_/D : -21.448500
[hold in-reg] w_data[18] -> _29571_/D : -21.448473
[hold in-reg] w_data[4] -> _36269_/D : -21.448269
[hold in-reg] w_data[18] -> _29539_/D : -21.448195
[hold in-reg] w_data[4] -> _36333_/D : -21.448090
[hold in-reg] w_data[2] -> _35755_/D : -21.447815
[hold in-reg] w_data[30] -> _36167_/D : -21.447817
[hold in-reg] w_data[4] -> _36365_/D : -21.447718
[hold in-reg] w_data[18] -> _29507_/D : -21.447645
[hold in-reg] w_data[18] -> _32455_/D : -21.447607
[hold in-reg] w_data[4] -> _35949_/D : -21.447542
[hold in-reg] w_data[4] -> _36205_/D : -21.447493
[hold in-reg] w_data[4] -> _36077_/D : -21.447426
[hold in-reg] w_data[18] -> _29475_/D : -21.447273
[hold in-reg] w_data[2] -> _30899_/D : -21.447189
[hold in-reg] w_data[2] -> _33047_/D : -21.447140
[hold in-reg] w_data[2] -> _28339_/D : -21.447025
[hold in-reg] w_data[19] -> _35932_/D : -21.446943
[hold in-reg] w_data[19] -> _36156_/D : -21.446934
[hold in-reg] w_data[28] -> _36037_/D : -21.446785
[hold in-reg] w_data[28] -> _32273_/D : -21.446545
[hold in-reg] w_data[4] -> _36109_/D : -21.446507
[hold in-reg] w_data[4] -> _32665_/D : -21.446323
[hold in-reg] w_data[2] -> _35691_/D : -21.446247
[hold in-reg] w_data[2] -> _35723_/D : -21.446209
[hold in-reg] w_data[2] -> _35819_/D : -21.446083
[hold in-reg] w_data[19] -> _35900_/D : -21.446026
[hold in-reg] w_data[2] -> _36043_/D : -21.445990
[hold in-reg] w_data[23] -> _28424_/D : -21.445938
[hold in-reg] w_data[2] -> _32247_/D : -21.445932
[hold in-reg] w_data[4] -> _36173_/D : -21.445787
[hold in-reg] w_data[2] -> _32599_/D : -21.445675
[hold in-reg] w_data[2] -> _36107_/D : -21.445660
[hold in-reg] w_data[2] -> _35851_/D : -21.445608
[hold in-reg] w_data[23] -> _28456_/D : -21.445572
[hold in-reg] w_data[2] -> _35787_/D : -21.445583
[hold in-reg] w_data[23] -> _28392_/D : -21.445505
[hold in-reg] w_data[18] -> _29411_/D : -21.445515
[hold in-reg] w_data[23] -> _28488_/D : -21.445490
[hold in-reg] w_data[28] -> _35653_/D : -21.445488
[hold in-reg] w_data[28] -> _35973_/D : -21.445299
[hold in-reg] w_data[2] -> _36075_/D : -21.445082
[hold in-reg] w_data[9] -> _32254_/D : -21.444889
[hold in-reg] w_data[23] -> _36416_/D : -21.444851
[hold in-reg] w_data[23] -> _28616_/D : -21.444574
[hold in-reg] w_data[23] -> _36512_/D : -21.444515
[hold in-reg] w_data[30] -> _32659_/D : -21.444403
[hold in-reg] w_data[30] -> _31311_/D : -21.444311
[hold in-reg] w_data[23] -> _28552_/D : -21.444239
[hold in-reg] w_data[30] -> _36135_/D : -21.444206
[hold in-reg] w_data[23] -> _36480_/D : -21.444160
[hold in-reg] w_data[23] -> _28520_/D : -21.444071
[hold in-reg] w_data[30] -> _35815_/D : -21.443998
[hold in-reg] w_data[30] -> _36071_/D : -21.443981
[hold in-reg] w_data[23] -> _36544_/D : -21.443884
[hold in-reg] w_data[30] -> _35783_/D : -21.443571
[hold in-reg] w_data[28] -> _28365_/D : -21.443531
[hold in-reg] w_data[23] -> _36608_/D : -21.443314
[hold in-reg] w_data[30] -> _35719_/D : -21.443281
[hold in-reg] w_data[30] -> _35847_/D : -21.443171
[hold in-reg] w_data[30] -> _35879_/D : -21.443068
[hold in-reg] w_data[9] -> _33362_/D : -21.443008
[hold in-reg] w_data[30] -> _35751_/D : -21.442949
[hold in-reg] w_data[2] -> _33355_/D : -21.442831
[hold in-reg] w_data[23] -> _32588_/D : -21.442755
[hold in-reg] w_data[23] -> _36576_/D : -21.442698
[hold in-reg] w_data[1] -> _28754_/D : -21.442518
[hold in-reg] w_data[23] -> _28584_/D : -21.442369
[hold in-reg] w_data[30] -> _36103_/D : -21.442385
[hold in-reg] w_data[30] -> _32627_/D : -21.442034
[hold in-reg] w_data[28] -> _36101_/D : -21.442009
[hold in-reg] w_data[2] -> _34987_/D : -21.441944
[hold in-reg] w_data[12] -> _36117_/D : -21.441772
[hold in-reg] w_data[2] -> _36203_/D : -21.440891
[hold in-reg] w_data[28] -> _36293_/D : -21.440763
[hold in-reg] w_data[20] -> _36157_/D : -21.440609
[hold in-reg] w_data[28] -> _36133_/D : -21.440393
[hold in-reg] w_data[9] -> _34066_/D : -21.440321
[hold in-reg] w_data[9] -> _35346_/D : -21.440283
[hold in-reg] w_data[30] -> _36231_/D : -21.440264
[hold in-reg] w_data[9] -> _34706_/D : -21.440233
[hold in-reg] w_data[9] -> _31130_/D : -21.440182
[hold in-reg] w_data[2] -> _36235_/D : -21.440197
[hold in-reg] w_data[13] -> _28382_/D : -21.440008
[hold in-reg] w_data[30] -> _36263_/D : -21.439962
[hold in-reg] w_data[30] -> _30159_/D : -21.439348
[hold in-reg] w_data[12] -> _36021_/D : -21.439207
[hold in-reg] w_data[12] -> _35893_/D : -21.439058
[hold in-reg] w_data[12] -> _36085_/D : -21.439075
[hold in-reg] w_data[2] -> _36171_/D : -21.438980
[hold in-reg] w_data[13] -> _36534_/D : -21.438881
[hold in-reg] w_data[1] -> _28626_/D : -21.438770
[hold in-reg] w_data[4] -> _32633_/D : -21.438747
[hold in-reg] w_data[12] -> _35957_/D : -21.438747
[hold in-reg] w_data[2] -> _36331_/D : -21.438696
[hold in-reg] w_data[1] -> _28690_/D : -21.438610
[hold in-reg] w_data[30] -> _36199_/D : -21.438522
[hold in-reg] w_data[13] -> _28414_/D : -21.438478
[hold in-reg] w_data[28] -> _32625_/D : -21.438488
[hold in-reg] w_data[13] -> _36566_/D : -21.438499
[hold in-reg] w_data[2] -> _31123_/D : -21.438437
[hold in-reg] w_data[13] -> _28510_/D : -21.438400
[hold in-reg] w_data[13] -> _32578_/D : -21.438290
[hold in-reg] w_data[12] -> _35925_/D : -21.438307
[hold in-reg] w_data[2] -> _36363_/D : -21.438213
[hold in-reg] w_data[30] -> _36359_/D : -21.437866
[hold in-reg] w_data[19] -> _36060_/D : -21.437819
[hold in-reg] w_data[22] -> _28775_/D : -21.437639
[hold in-reg] w_data[13] -> _36598_/D : -21.437592
[hold in-reg] w_data[26] -> _28651_/D : -21.437532
[hold in-reg] w_data[1] -> _32502_/D : -21.437414
[hold in-reg] w_data[30] -> _36391_/D : -21.437366
[hold in-reg] w_data[18] -> _29443_/D : -21.437265
[hold in-reg] w_data[26] -> _28619_/D : -21.437170
[hold in-reg] w_data[2] -> _36267_/D : -21.437164
[hold in-reg] w_data[13] -> _28606_/D : -21.437054
[hold in-reg] w_data[26] -> _28779_/D : -21.437052
[hold in-reg] w_data[2] -> _32663_/D : -21.437037
[hold in-reg] w_data[28] -> _32657_/D : -21.436945
[hold in-reg] w_data[30] -> _34407_/D : -21.436823
[hold in-reg] w_data[13] -> _28542_/D : -21.436596
[hold in-reg] w_data[13] -> _28574_/D : -21.436468
[hold in-reg] w_data[15] -> _31771_/D : -21.435978
[hold in-reg] w_data[1] -> _28786_/D : -21.435785
[hold in-reg] w_data[30] -> _36295_/D : -21.435591
[hold in-reg] w_data[28] -> _36165_/D : -21.435520
[hold in-reg] w_data[30] -> _33767_/D : -21.435440
[hold in-reg] w_data[22] -> _28519_/D : -21.435190
[hold in-reg] w_data[22] -> _28647_/D : -21.435167
[hold in-reg] w_data[6] -> _31762_/D : -21.435163
[hold in-reg] w_data[30] -> _32691_/D : -21.435131
[hold in-reg] w_data[26] -> _28459_/D : -21.434971
[hold in-reg] w_data[26] -> _28491_/D : -21.434948
[hold in-reg] w_data[2] -> _31895_/D : -21.434904
[hold in-reg] w_data[19] -> _36092_/D : -21.434855
[hold in-reg] w_data[26] -> _32527_/D : -21.434223
[hold in-reg] w_data[2] -> _30835_/D : -21.434097
[hold in-reg] w_data[19] -> _35644_/D : -21.434019
[hold in-reg] w_data[22] -> _28711_/D : -21.433931
[hold in-reg] w_data[22] -> _32523_/D : -21.433949
[hold in-reg] w_data[6] -> _28599_/D : -21.433638
[hold in-reg] w_data[20] -> _35965_/D : -21.433311
[hold in-reg] w_data[13] -> _28446_/D : -21.433273
[hold in-reg] w_data[26] -> _28523_/D : -21.433224
[hold in-reg] w_data[13] -> _28478_/D : -21.433195
[hold in-reg] w_data[26] -> _28555_/D : -21.433155
[hold in-reg] w_data[2] -> _34379_/D : -21.433146
[hold in-reg] w_data[12] -> _35637_/D : -21.433153
[hold in-reg] w_data[15] -> _35928_/D : -21.433054
[hold in-reg] w_data[6] -> _28567_/D : -21.432932
[hold in-reg] w_data[6] -> _28535_/D : -21.432837
[hold in-reg] w_data[15] -> _35896_/D : -21.432760
[hold in-reg] w_data[22] -> _28615_/D : -21.432655
[hold in-reg] w_data[22] -> _28551_/D : -21.432478
[hold in-reg] w_data[22] -> _28583_/D : -21.432451
[hold in-reg] w_data[23] -> _31779_/D : -21.432369
[hold in-reg] w_data[26] -> _28587_/D : -21.432228
[hold in-reg] w_data[19] -> _36124_/D : -21.432167
[hold in-reg] w_data[1] -> _28850_/D : -21.432062
[hold in-reg] w_data[12] -> _32641_/D : -21.432068
[hold in-reg] w_data[12] -> _36053_/D : -21.431868
[hold in-reg] w_data[5] -> _36014_/D : -21.431822
[hold in-reg] w_data[11] -> _36148_/D : -21.431807
[hold in-reg] w_data[29] -> _35654_/D : -21.431763
[hold in-reg] w_data[16] -> _35641_/D : -21.431479
[hold in-reg] w_data[20] -> _36285_/D : -21.431480
[hold in-reg] w_data[14] -> _28639_/D : -21.431278
[hold in-reg] w_data[19] -> _35964_/D : -21.431181
[hold in-reg] w_data[20] -> _35901_/D : -21.431110
[hold in-reg] w_data[1] -> _29106_/D : -21.430964
[hold in-reg] w_data[19] -> _36028_/D : -21.430740
[hold in-reg] w_data[14] -> _28767_/D : -21.430704
[hold in-reg] w_data[1] -> _28818_/D : -21.430693
[hold in-reg] w_data[20] -> _36189_/D : -21.430538
[hold in-reg] w_data[20] -> _35933_/D : -21.430456
[hold in-reg] w_data[29] -> _35782_/D : -21.429911
[hold in-reg] w_data[22] -> _28871_/D : -21.429508
[hold in-reg] w_data[20] -> _36221_/D : -21.429283
[hold in-reg] w_data[24] -> _36225_/D : -21.429209
[hold in-reg] w_data[20] -> _36253_/D : -21.429129
[hold in-reg] w_data[26] -> _28843_/D : -21.429089
[hold in-reg] w_data[9] -> _28346_/D : -21.429045
[hold in-reg] w_data[5] -> _35950_/D : -21.428936
[hold in-reg] w_data[1] -> _28722_/D : -21.428905
[hold in-reg] w_data[22] -> _28839_/D : -21.428858
[hold in-reg] w_data[26] -> _28875_/D : -21.428713
[hold in-reg] w_data[20] -> _36029_/D : -21.428705
[hold in-reg] w_data[24] -> _36353_/D : -21.428677
[hold in-reg] w_data[24] -> _36257_/D : -21.428627
[hold in-reg] w_data[29] -> _35878_/D : -21.428568
[hold in-reg] w_data[22] -> _28807_/D : -21.428326
[hold in-reg] w_data[2] -> _34859_/D : -21.428289
[hold in-reg] w_data[30] -> _34727_/D : -21.428190
[hold in-reg] w_data[16] -> _28385_/D : -21.427961
[hold in-reg] w_data[20] -> _36349_/D : -21.427954
[hold in-reg] w_data[30] -> _35047_/D : -21.427931
[hold in-reg] w_data[16] -> _36153_/D : -21.427805
[hold in-reg] w_data[16] -> _28513_/D : -21.427706
[hold in-reg] w_data[30] -> _35367_/D : -21.427715
[hold in-reg] w_data[5] -> _36142_/D : -21.427633
[hold in-reg] w_data[24] -> _36289_/D : -21.427586
[hold in-reg] w_data[26] -> _28811_/D : -21.427521
[hold in-reg] w_data[6] -> _29271_/D : -21.427469
[hold in-reg] w_data[30] -> _34087_/D : -21.427486
[hold in-reg] w_data[24] -> _35969_/D : -21.427420
[hold in-reg] w_data[16] -> _28577_/D : -21.427393
[hold in-reg] w_data[15] -> _30080_/D : -21.427364
[hold in-reg] w_data[28] -> _36197_/D : -21.427383
[hold in-reg] w_data[20] -> _32681_/D : -21.427345
[hold in-reg] w_data[16] -> _36537_/D : -21.427366
[hold in-reg] w_data[29] -> _35846_/D : -21.427315
[hold in-reg] w_data[16] -> _28545_/D : -21.427212
[hold in-reg] w_data[20] -> _36381_/D : -21.427153
[hold in-reg] w_data[16] -> _36409_/D : -21.427120
[hold in-reg] w_data[28] -> _36389_/D : -21.427050
[hold in-reg] w_data[26] -> _29067_/D : -21.427015
[hold in-reg] w_data[16] -> _28609_/D : -21.426880
[hold in-reg] w_data[28] -> _36229_/D : -21.426849
[hold in-reg] w_data[28] -> _36261_/D : -21.426815
[hold in-reg] w_data[24] -> _36385_/D : -21.426775
[hold in-reg] w_data[28] -> _36357_/D : -21.426735
[hold in-reg] w_data[16] -> _28481_/D : -21.426680
[hold in-reg] w_data[16] -> _28417_/D : -21.426651
[hold in-reg] w_data[16] -> _28449_/D : -21.426607
[hold in-reg] w_data[16] -> _32581_/D : -21.426603
[hold in-reg] w_data[24] -> _32685_/D : -21.426605
[hold in-reg] w_data[16] -> _36601_/D : -21.426617
[hold in-reg] w_data[16] -> _36569_/D : -21.426577
[hold in-reg] w_data[16] -> _36505_/D : -21.426502
[hold in-reg] w_data[16] -> _36473_/D : -21.426435
[hold in-reg] w_data[22] -> _28743_/D : -21.426279
[hold in-reg] w_data[16] -> _36441_/D : -21.426291
[hold in-reg] w_data[11] -> _35924_/D : -21.426222
[hold in-reg] w_data[28] -> _36069_/D : -21.426235
[hold in-reg] w_data[6] -> _30103_/D : -21.426182
[hold in-reg] w_data[28] -> _32689_/D : -21.426168
[hold in-reg] w_data[6] -> _29143_/D : -21.426138
[hold in-reg] w_data[11] -> _35892_/D : -21.426092
[hold in-reg] w_data[20] -> _32649_/D : -21.426004
[hold in-reg] w_data[12] -> _32609_/D : -21.425535
[hold in-reg] w_data[22] -> _29031_/D : -21.425287
[hold in-reg] w_data[24] -> _36033_/D : -21.425163
[hold in-reg] w_data[23] -> _30120_/D : -21.424938
[hold in-reg] w_data[12] -> _35733_/D : -21.424883
[hold in-reg] w_data[7] -> _35920_/D : -21.424753
[hold in-reg] w_data[11] -> _35956_/D : -21.424675
[hold in-reg] w_data[7] -> _32604_/D : -21.424641
[hold in-reg] w_data[14] -> _32515_/D : -21.424570
[hold in-reg] w_data[15] -> _32644_/D : -21.424553
[hold in-reg] w_data[7] -> _35888_/D : -21.424461
[hold in-reg] w_data[19] -> _35516_/D : -21.424322
[hold in-reg] w_data[14] -> _28703_/D : -21.424267
[hold in-reg] w_data[2] -> _35339_/D : -21.424278
[hold in-reg] w_data[11] -> _36020_/D : -21.424095
[hold in-reg] w_data[7] -> _35760_/D : -21.423790
[hold in-reg] w_data[5] -> _28502_/D : -21.423191
[hold in-reg] w_data[5] -> _36046_/D : -21.423069
[hold in-reg] w_data[11] -> _36180_/D : -21.423025
[hold in-reg] w_data[19] -> _32616_/D : -21.422920
[hold in-reg] w_data[5] -> _28534_/D : -21.422722
[hold in-reg] w_data[5] -> _35918_/D : -21.422388
[hold in-reg] w_data[14] -> _28799_/D : -21.422117
[hold in-reg] w_data[5] -> _29206_/D : -21.422014
[hold in-reg] w_data[7] -> _35952_/D : -21.421978
[hold in-reg] w_data[5] -> _35886_/D : -21.421850
[hold in-reg] w_data[11] -> _36276_/D : -21.421808
[hold in-reg] w_data[11] -> _36244_/D : -21.421501
[hold in-reg] w_data[20] -> _36061_/D : -21.421371
[hold in-reg] w_data[14] -> _28607_/D : -21.421326
[hold in-reg] w_data[23] -> _36448_/D : -21.421244
[hold in-reg] w_data[5] -> _36366_/D : -21.421192
[hold in-reg] w_data[5] -> _36110_/D : -21.421103
[hold in-reg] w_data[5] -> _36270_/D : -21.421078
[hold in-reg] w_data[5] -> _36206_/D : -21.421040
[hold in-reg] w_data[11] -> _36212_/D : -21.421036
[hold in-reg] w_data[14] -> _28575_/D : -21.420977
[hold in-reg] w_data[5] -> _32634_/D : -21.420925
[hold in-reg] w_data[19] -> _35772_/D : -21.420872
[hold in-reg] w_data[19] -> _32648_/D : -21.420839
[hold in-reg] w_data[24] -> _36097_/D : -21.420771
[hold in-reg] w_data[11] -> _36340_/D : -21.420757
[hold in-reg] w_data[14] -> _28831_/D : -21.420708
[hold in-reg] w_data[20] -> _32265_/D : -21.420614
[hold in-reg] w_data[5] -> _36334_/D : -21.420605
[hold in-reg] w_data[20] -> _33373_/D : -21.420565
[hold in-reg] w_data[5] -> _36238_/D : -21.420406
[hold in-reg] w_data[19] -> _35804_/D : -21.420309
[hold in-reg] w_data[20] -> _30853_/D : -21.420269
[hold in-reg] w_data[11] -> _36372_/D : -21.420149
[hold in-reg] w_data[11] -> _32672_/D : -21.419981
[hold in-reg] w_data[20] -> _36093_/D : -21.419964
[hold in-reg] w_data[16] -> _32677_/D : -21.419928
[hold in-reg] w_data[16] -> _36281_/D : -21.419744
[hold in-reg] w_data[16] -> _32613_/D : -21.419699
[hold in-reg] w_data[5] -> _32666_/D : -21.419697
[hold in-reg] w_data[28] -> _30925_/D : -21.419504
[hold in-reg] w_data[28] -> _31921_/D : -21.419514
[hold in-reg] w_data[24] -> _36129_/D : -21.419474
[hold in-reg] w_data[5] -> _36174_/D : -21.419472
[hold in-reg] w_data[31] -> _32276_/D : -21.419359
[hold in-reg] w_data[6] -> _29175_/D : -21.419291
[hold in-reg] w_data[2] -> _35051_/D : -21.419256
[hold in-reg] w_data[28] -> _34405_/D : -21.419210
[hold in-reg] w_data[28] -> _30861_/D : -21.419182
[hold in-reg] w_data[2] -> _32791_/D : -21.419186
[hold in-reg] w_data[2] -> _35083_/D : -21.419193
[hold in-reg] w_data[20] -> _36125_/D : -21.418970
[hold in-reg] w_data[14] -> _28863_/D : -21.418766
[hold in-reg] w_data[24] -> _32653_/D : -21.418667
[hold in-reg] w_data[1] -> _28498_/D : -21.418575
[hold in-reg] w_data[16] -> _36377_/D : -21.418192
[hold in-reg] w_data[9] -> _35026_/D : -21.418104
[hold in-reg] w_data[29] -> _35558_/D : -21.418028
[hold in-reg] w_data[16] -> _36249_/D : -21.417976
[hold in-reg] w_data[26] -> _30155_/D : -21.417883
[hold in-reg] w_data[16] -> _36345_/D : -21.417768
[hold in-reg] w_data[16] -> _36185_/D : -21.417688
[hold in-reg] w_data[29] -> _28398_/D : -21.417648
[hold in-reg] w_data[1] -> _28530_/D : -21.417484
[hold in-reg] w_data[29] -> _35590_/D : -21.417446
[hold in-reg] w_data[1] -> _28370_/D : -21.417334
[hold in-reg] w_data[16] -> _36217_/D : -21.417173
[hold in-reg] w_data[19] -> _35708_/D : -21.416946
[hold in-reg] w_data[19] -> _35740_/D : -21.416775
[hold in-reg] w_data[24] -> _36065_/D : -21.416759
[hold in-reg] w_data[1] -> _28402_/D : -21.416513
[hold in-reg] w_data[29] -> _35526_/D : -21.416403
[hold in-reg] w_data[18] -> _35931_/D : -21.416353
[hold in-reg] w_data[11] -> _32640_/D : -21.416328
[hold in-reg] w_data[1] -> _28434_/D : -21.416225
[hold in-reg] w_data[1] -> _28466_/D : -21.415987
[hold in-reg] w_data[18] -> _35899_/D : -21.415995
[hold in-reg] w_data[14] -> _29087_/D : -21.415970
[hold in-reg] w_data[18] -> _35963_/D : -21.415983
[hold in-reg] w_data[29] -> _35430_/D : -21.415865
[hold in-reg] w_data[23] -> _29288_/D : -21.415821
[hold in-reg] w_data[28] -> _35109_/D : -21.415766
[hold in-reg] w_data[14] -> _28735_/D : -21.415730
[hold in-reg] w_data[1] -> _28594_/D : -21.415676
[hold in-reg] w_data[14] -> _29119_/D : -21.415514
[hold in-reg] w_data[19] -> _35548_/D : -21.415503
[hold in-reg] w_data[1] -> _28562_/D : -21.415178
[hold in-reg] w_data[14] -> _29023_/D : -21.414799
[hold in-reg] w_data[17] -> _28898_/D : -21.414627
[hold in-reg] w_data[29] -> _35398_/D : -21.414452
[hold in-reg] w_data[26] -> _33763_/D : -21.414299
[hold in-reg] w_data[28] -> _35077_/D : -21.414307
[hold in-reg] w_data[11] -> _36052_/D : -21.414137
[hold in-reg] w_data[31] -> _33384_/D : -21.414089
[hold in-reg] w_data[14] -> _29055_/D : -21.414055
[hold in-reg] w_data[5] -> _29334_/D : -21.413374
[hold in-reg] w_data[29] -> _35622_/D : -21.413368
[hold in-reg] w_data[23] -> _29224_/D : -21.413322
[hold in-reg] w_data[29] -> _35462_/D : -21.413237
[hold in-reg] w_data[18] -> _36027_/D : -21.413107
[hold in-reg] w_data[7] -> _32636_/D : -21.412956
[hold in-reg] w_data[7] -> _36400_/D : -21.412855
[hold in-reg] w_data[6] -> _32443_/D : -21.412794
[hold in-reg] w_data[29] -> _36422_/D : -21.412632
[hold in-reg] w_data[23] -> _29160_/D : -21.412607
[hold in-reg] w_data[5] -> _29238_/D : -21.412598
[hold in-reg] w_data[23] -> _29192_/D : -21.412394
[hold in-reg] w_data[0] -> _28625_/D : -21.412361
[hold in-reg] w_data[0] -> _29041_/D : -21.412266
[hold in-reg] w_data[6] -> _29399_/D : -21.412222
[hold in-reg] w_data[29] -> _36518_/D : -21.412203
[hold in-reg] w_data[11] -> _36084_/D : -21.412127
[hold in-reg] w_data[29] -> _36454_/D : -21.412125
[hold in-reg] w_data[11] -> _36116_/D : -21.411959
[hold in-reg] w_data[5] -> _36078_/D : -21.411785
[hold in-reg] w_data[20] -> _31141_/D : -21.411758
[hold in-reg] w_data[0] -> _28689_/D : -21.411736
[hold in-reg] w_data[28] -> _34725_/D : -21.411484
[hold in-reg] w_data[29] -> _36486_/D : -21.411352
[hold in-reg] w_data[26] -> _31307_/D : -21.411314
[hold in-reg] w_data[28] -> _35365_/D : -21.411072
[hold in-reg] w_data[28] -> _31149_/D : -21.411026
[hold in-reg] w_data[28] -> _35045_/D : -21.410902
[hold in-reg] w_data[22] -> _28391_/D : -21.410612
[hold in-reg] w_data[0] -> _29009_/D : -21.410595
[hold in-reg] w_data[7] -> _36496_/D : -21.410336
[hold in-reg] w_data[31] -> _34952_/D : -21.410128
[hold in-reg] w_data[6] -> _29527_/D : -21.409658
[hold in-reg] w_data[23] -> _30088_/D : -21.409571
[hold in-reg] w_data[22] -> _28487_/D : -21.409389
[hold in-reg] w_data[22] -> _28455_/D : -21.409336
[hold in-reg] w_data[29] -> _35814_/D : -21.409269
[hold in-reg] w_data[6] -> _32411_/D : -21.409000
[hold in-reg] w_data[29] -> _35718_/D : -21.408970
[hold in-reg] w_data[29] -> _35750_/D : -21.408842
[hold in-reg] w_data[6] -> _29559_/D : -21.408812
[hold in-reg] w_data[6] -> _29591_/D : -21.408821
[hold in-reg] w_data[29] -> _32626_/D : -21.408577
[hold in-reg] w_data[18] -> _36155_/D : -21.408537
[hold in-reg] w_data[18] -> _36091_/D : -21.408482
[hold in-reg] w_data[6] -> _29463_/D : -21.408381
[hold in-reg] w_data[13] -> _29214_/D : -21.408188
[hold in-reg] w_data[6] -> _29495_/D : -21.408092
[hold in-reg] w_data[26] -> _31919_/D : -21.407993
[hold in-reg] w_data[13] -> _29182_/D : -21.407871
[hold in-reg] w_data[18] -> _32647_/D : -21.407784
[hold in-reg] w_data[0] -> _29073_/D : -21.407677
[hold in-reg] w_data[17] -> _29090_/D : -21.407175
[hold in-reg] w_data[23] -> _32460_/D : -21.407003
[hold in-reg] w_data[8] -> _32477_/D : -21.406841
[hold in-reg] w_data[1] -> _29266_/D : -21.406792
[hold in-reg] w_data[29] -> _36550_/D : -21.406813
[hold in-reg] w_data[17] -> _29122_/D : -21.406731
[hold in-reg] w_data[8] -> _28953_/D : -21.406702
[hold in-reg] w_data[18] -> _36123_/D : -21.406704
[hold in-reg] w_data[7] -> _36592_/D : -21.406412
[hold in-reg] w_data[7] -> _36528_/D : -21.406275
[hold in-reg] w_data[29] -> _28334_/D : -21.406235
[hold in-reg] w_data[1] -> _29394_/D : -21.405977
[hold in-reg] w_data[0] -> _29105_/D : -21.405924
[hold in-reg] w_data[17] -> _28930_/D : -21.405888
[hold in-reg] w_data[0] -> _28753_/D : -21.405670
[hold in-reg] w_data[23] -> _29256_/D : -21.405478
[hold in-reg] w_data[18] -> _36059_/D : -21.405426
[hold in-reg] w_data[1] -> _29138_/D : -21.405359
[hold in-reg] w_data[23] -> _29352_/D : -21.405363
[hold in-reg] w_data[18] -> _29187_/D : -21.405302
[hold in-reg] w_data[17] -> _32486_/D : -21.405313
[hold in-reg] w_data[7] -> _36560_/D : -21.405304
[hold in-reg] w_data[6] -> _29431_/D : -21.405184
[hold in-reg] w_data[17] -> _28962_/D : -21.405146
[hold in-reg] w_data[23] -> _29608_/D : -21.405111
[hold in-reg] w_data[1] -> _29170_/D : -21.404894
[hold in-reg] w_data[14] -> _28383_/D : -21.404734
[hold in-reg] w_data[18] -> _29219_/D : -21.404598
[hold in-reg] w_data[0] -> _32501_/D : -21.404602
[hold in-reg] w_data[23] -> _29384_/D : -21.404459
[hold in-reg] w_data[26] -> _29419_/D : -21.404449
[hold in-reg] w_data[7] -> _32572_/D : -21.404472
[hold in-reg] w_data[7] -> _35632_/D : -21.404339
[hold in-reg] w_data[1] -> _29202_/D : -21.404268
[hold in-reg] w_data[29] -> _32594_/D : -21.404284
[hold in-reg] w_data[14] -> _28415_/D : -21.404133
[hold in-reg] w_data[23] -> _29576_/D : -21.403980
[hold in-reg] w_data[29] -> _36582_/D : -21.403982
[hold in-reg] w_data[14] -> _28511_/D : -21.403854
[hold in-reg] w_data[31] -> _36232_/D : -21.403852
[hold in-reg] w_data[13] -> _29406_/D : -21.403574
[hold in-reg] w_data[0] -> _28721_/D : -21.403522
[hold in-reg] w_data[31] -> _36200_/D : -21.403484
[hold in-reg] w_data[14] -> _28447_/D : -21.403444
[hold in-reg] w_data[23] -> _29480_/D : -21.403439
[hold in-reg] w_data[23] -> _32428_/D : -21.403450
[hold in-reg] w_data[11] -> _36404_/D : -21.403444
[hold in-reg] w_data[14] -> _28479_/D : -21.403309
[hold in-reg] w_data[26] -> _34083_/D : -21.403282
[hold in-reg] w_data[13] -> _29150_/D : -21.403185
[hold in-reg] w_data[0] -> _36521_/D : -21.403000
[hold in-reg] w_data[0] -> _36553_/D : -21.402950
[hold in-reg] w_data[26] -> _29227_/D : -21.402893
[hold in-reg] w_data[31] -> _36264_/D : -21.402817
[hold in-reg] w_data[0] -> _36393_/D : -21.402803
[hold in-reg] w_data[13] -> _29278_/D : -21.402702
[hold in-reg] w_data[14] -> _28543_/D : -21.402622
[hold in-reg] w_data[0] -> _36425_/D : -21.402599
[hold in-reg] w_data[11] -> _36532_/D : -21.402615
[hold in-reg] w_data[0] -> _32565_/D : -21.402554
[hold in-reg] w_data[11] -> _36500_/D : -21.402529
[hold in-reg] w_data[0] -> _36585_/D : -21.402359
[hold in-reg] w_data[18] -> _28419_/D : -21.402269
[hold in-reg] w_data[18] -> _28451_/D : -21.402071
[hold in-reg] w_data[31] -> _32788_/D : -21.402056
[hold in-reg] w_data[0] -> _36457_/D : -21.402012
[hold in-reg] w_data[26] -> _29195_/D : -21.401886
[hold in-reg] w_data[31] -> _35336_/D : -21.401552
[hold in-reg] w_data[0] -> _36489_/D : -21.401556
[hold in-reg] w_data[29] -> _35494_/D : -21.401525
[hold in-reg] w_data[7] -> _35376_/D : -21.400959
[hold in-reg] w_data[7] -> _35504_/D : -21.400635
[hold in-reg] w_data[22] -> _29191_/D : -21.400486
[hold in-reg] w_data[22] -> _29223_/D : -21.400478
[hold in-reg] w_data[31] -> _35528_/D : -21.400166
[hold in-reg] w_data[23] -> _29416_/D : -21.400106
[hold in-reg] w_data[25] -> _28714_/D : -21.400074
[hold in-reg] w_data[19] -> _36188_/D : -21.400072
[hold in-reg] w_data[26] -> _30859_/D : -21.400026
[hold in-reg] w_data[25] -> _28650_/D : -21.399992
[hold in-reg] w_data[19] -> _36220_/D : -21.399925
[hold in-reg] w_data[26] -> _30923_/D : -21.399866
[hold in-reg] w_data[18] -> _35803_/D : -21.399849
[hold in-reg] w_data[11] -> _36596_/D : -21.399845
[hold in-reg] w_data[26] -> _29163_/D : -21.399786
[hold in-reg] w_data[13] -> _29246_/D : -21.399799
[hold in-reg] w_data[1] -> _29330_/D : -21.399523
[hold in-reg] w_data[18] -> _35771_/D : -21.399324
[hold in-reg] w_data[9] -> _32670_/D : -21.399256
[hold in-reg] w_data[1] -> _32438_/D : -21.399122
[hold in-reg] w_data[0] -> _28785_/D : -21.399061
[hold in-reg] w_data[19] -> _36252_/D : -21.398819
[hold in-reg] w_data[26] -> _29291_/D : -21.398766
[hold in-reg] w_data[9] -> _36146_/D : -21.398745
[hold in-reg] w_data[1] -> _29362_/D : -21.398550
[hold in-reg] w_data[7] -> _35408_/D : -21.398252
[hold in-reg] w_data[19] -> _36348_/D : -21.398193
[hold in-reg] w_data[11] -> _32576_/D : -21.397837
[hold in-reg] w_data[7] -> _35440_/D : -21.397816
[hold in-reg] w_data[1] -> _29426_/D : -21.397751
[hold in-reg] w_data[1] -> _29458_/D : -21.397484
[hold in-reg] w_data[0] -> _28849_/D : -21.397385
[hold in-reg] w_data[19] -> _36380_/D : -21.397188
[hold in-reg] w_data[18] -> _29251_/D : -21.397110
[hold in-reg] w_data[1] -> _29490_/D : -21.396986
[hold in-reg] w_data[0] -> _28817_/D : -21.396845
[hold in-reg] w_data[9] -> _36274_/D : -21.396751
[hold in-reg] w_data[31] -> _35464_/D : -21.396690
[hold in-reg] w_data[18] -> _29379_/D : -21.396660
[hold in-reg] w_data[1] -> _29586_/D : -21.396671
[hold in-reg] w_data[11] -> _36564_/D : -21.396664
[hold in-reg] w_data[18] -> _29347_/D : -21.396572
[hold in-reg] w_data[1] -> _32406_/D : -21.396576
[hold in-reg] w_data[26] -> _29451_/D : -21.396503
[hold in-reg] w_data[19] -> _32680_/D : -21.396198
[hold in-reg] w_data[24] -> _35649_/D : -21.396132
[hold in-reg] w_data[1] -> _29234_/D : -21.395987
[hold in-reg] w_data[7] -> _35536_/D : -21.395742
[hold in-reg] w_data[13] -> _29534_/D : -21.395603
[hold in-reg] w_data[7] -> _35696_/D : -21.395403
[hold in-reg] w_data[26] -> _33071_/D : -21.394625
[hold in-reg] w_data[26] -> _29483_/D : -21.394543
[hold in-reg] w_data[13] -> _29566_/D : -21.394537
[hold in-reg] w_data[26] -> _33379_/D : -21.394552
[hold in-reg] w_data[13] -> _29502_/D : -21.394510
[hold in-reg] w_data[13] -> _29438_/D : -21.394419
[hold in-reg] w_data[13] -> _29598_/D : -21.394360
[hold in-reg] w_data[7] -> _35728_/D : -21.394375
[hold in-reg] w_data[26] -> _29515_/D : -21.394318
[hold in-reg] w_data[19] -> _36284_/D : -21.394337
[hold in-reg] w_data[13] -> _29470_/D : -21.394276
[hold in-reg] w_data[24] -> _35521_/D : -21.394283
[hold in-reg] w_data[24] -> _35393_/D : -21.394230
[hold in-reg] w_data[26] -> _29259_/D : -21.394186
[hold in-reg] w_data[13] -> _32418_/D : -21.394110
[hold in-reg] w_data[13] -> _29342_/D : -21.393772
[hold in-reg] w_data[13] -> _29374_/D : -21.393793
[hold in-reg] w_data[14] -> _29215_/D : -21.393715
[hold in-reg] w_data[26] -> _31147_/D : -21.393724
[hold in-reg] w_data[13] -> _32450_/D : -21.393703
[hold in-reg] w_data[22] -> _29287_/D : -21.393633
[hold in-reg] w_data[22] -> _29159_/D : -21.393599
[hold in-reg] w_data[19] -> _35868_/D : -21.393606
[hold in-reg] w_data[19] -> _35836_/D : -21.393482
[hold in-reg] w_data[25] -> _32526_/D : -21.393419
[hold in-reg] w_data[14] -> _29183_/D : -21.393295
[hold in-reg] w_data[23] -> _29512_/D : -21.393158
[hold in-reg] w_data[23] -> _29448_/D : -21.393103
[hold in-reg] w_data[7] -> _35856_/D : -21.393093
[hold in-reg] w_data[22] -> _29447_/D : -21.393011
[hold in-reg] w_data[31] -> _35400_/D : -21.393002
[hold in-reg] w_data[22] -> _29479_/D : -21.392963
[hold in-reg] w_data[22] -> _29511_/D : -21.392942
[hold in-reg] w_data[31] -> _35432_/D : -21.392931
[hold in-reg] w_data[26] -> _29355_/D : -21.392904
[hold in-reg] w_data[22] -> _29575_/D : -21.392921
[hold in-reg] w_data[22] -> _29543_/D : -21.392759
[hold in-reg] w_data[22] -> _34943_/D : -21.392763
[hold in-reg] w_data[25] -> _28874_/D : -21.392538
[hold in-reg] w_data[21] -> _28902_/D : -21.392471
[hold in-reg] w_data[22] -> _29255_/D : -21.392437
[hold in-reg] w_data[23] -> _29544_/D : -21.392403
[hold in-reg] w_data[26] -> _35043_/D : -21.392096
[hold in-reg] w_data[7] -> _35824_/D : -21.391985
[hold in-reg] w_data[22] -> _32427_/D : -21.391918
[hold in-reg] w_data[26] -> _35363_/D : -21.391928
[hold in-reg] w_data[26] -> _29387_/D : -21.391790
[hold in-reg] w_data[9] -> _35954_/D : -21.391773
[hold in-reg] w_data[25] -> _28746_/D : -21.391708
[hold in-reg] w_data[26] -> _29579_/D : -21.391718
[hold in-reg] w_data[22] -> _29607_/D : -21.391659
[hold in-reg] w_data[25] -> _28842_/D : -21.391621
[hold in-reg] w_data[26] -> _29611_/D : -21.391474
[hold in-reg] w_data[26] -> _32431_/D : -21.391392
[hold in-reg] w_data[26] -> _29547_/D : -21.391304
[hold in-reg] w_data[31] -> _35624_/D : -21.391306
[hold in-reg] w_data[9] -> _36178_/D : -21.391220
[hold in-reg] w_data[7] -> _35792_/D : -21.391150
[hold in-reg] w_data[27] -> _36164_/D : -21.391117
[hold in-reg] w_data[26] -> _28363_/D : -21.390932
[hold in-reg] w_data[26] -> _32463_/D : -21.390871
[hold in-reg] w_data[26] -> _32271_/D : -21.390615
[hold in-reg] w_data[1] -> _29522_/D : -21.390514
[hold in-reg] w_data[9] -> _36338_/D : -21.390493
[hold in-reg] w_data[7] -> _35472_/D : -21.389748
[hold in-reg] w_data[31] -> _35560_/D : -21.389675
[hold in-reg] w_data[7] -> _35568_/D : -21.389675
[hold in-reg] w_data[0] -> _29201_/D : -21.389622
[hold in-reg] w_data[1] -> _29554_/D : -21.389614
[hold in-reg] w_data[14] -> _29151_/D : -21.389496
[hold in-reg] w_data[7] -> _35600_/D : -21.389402
[hold in-reg] w_data[18] -> _36379_/D : -21.389389
[hold in-reg] w_data[18] -> _36219_/D : -21.389170
[hold in-reg] w_data[9] -> _36370_/D : -21.389183
[hold in-reg] w_data[31] -> _35592_/D : -21.389137
[hold in-reg] w_data[18] -> _32679_/D : -21.388971
[hold in-reg] w_data[6] -> _36015_/D : -21.388958
[hold in-reg] w_data[18] -> _36347_/D : -21.388876
[hold in-reg] w_data[18] -> _36251_/D : -21.388788
[hold in-reg] w_data[6] -> _35919_/D : -21.388716
[hold in-reg] w_data[31] -> _35496_/D : -21.388638
[hold in-reg] w_data[16] -> _30049_/D : -21.388544
[hold in-reg] w_data[9] -> _35506_/D : -21.388525
[hold in-reg] w_data[25] -> _28778_/D : -21.388428
[hold in-reg] w_data[14] -> _29279_/D : -21.388205
[hold in-reg] w_data[6] -> _35887_/D : -21.388205
[hold in-reg] w_data[19] -> _35388_/D : -21.388062
[hold in-reg] w_data[16] -> _29985_/D : -21.387854
[hold in-reg] w_data[24] -> _35873_/D : -21.387566
[hold in-reg] w_data[16] -> _30017_/D : -21.387295
[hold in-reg] w_data[9] -> _35378_/D : -21.387236
[hold in-reg] w_data[19] -> _35420_/D : -21.387241
[hold in-reg] w_data[18] -> _36283_/D : -21.386934
[hold in-reg] w_data[16] -> _33061_/D : -21.386692
[hold in-reg] w_data[24] -> _35777_/D : -21.386574
[hold in-reg] w_data[14] -> _29247_/D : -21.385660
[hold in-reg] w_data[24] -> _35809_/D : -21.385654
[hold in-reg] w_data[18] -> _36187_/D : -21.385544
[hold in-reg] w_data[24] -> _35841_/D : -21.385492
[hold in-reg] w_data[0] -> _29265_/D : -21.385313
[hold in-reg] w_data[0] -> _29137_/D : -21.385231
[hold in-reg] w_data[9] -> _35442_/D : -21.384996
[hold in-reg] w_data[20] -> _35645_/D : -21.384771
[hold in-reg] w_data[22] -> _32779_/D : -21.384478
[hold in-reg] w_data[21] -> _28934_/D : -21.384447
[hold in-reg] w_data[21] -> _29030_/D : -21.384464
[hold in-reg] w_data[0] -> _29169_/D : -21.384436
[hold in-reg] w_data[22] -> _34975_/D : -21.384447
[hold in-reg] w_data[22] -> _29383_/D : -21.384340
[hold in-reg] w_data[6] -> _35951_/D : -21.384352
[hold in-reg] w_data[22] -> _35327_/D : -21.384306
[hold in-reg] w_data[21] -> _29062_/D : -21.384144
[hold in-reg] w_data[22] -> _29351_/D : -21.384138
[hold in-reg] w_data[9] -> _36210_/D : -21.384066
[hold in-reg] w_data[22] -> _32459_/D : -21.383642
[hold in-reg] w_data[9] -> _32638_/D : -21.383551
[hold in-reg] w_data[9] -> _36242_/D : -21.383364
[hold in-reg] w_data[25] -> _29034_/D : -21.383259
[hold in-reg] w_data[14] -> _29375_/D : -21.383030
[hold in-reg] w_data[13] -> _30142_/D : -21.382906
[hold in-reg] w_data[19] -> _35452_/D : -21.382843
[hold in-reg] w_data[24] -> _32621_/D : -21.382799
[hold in-reg] w_data[13] -> _33750_/D : -21.382757
[hold in-reg] w_data[14] -> _29343_/D : -21.382654
[hold in-reg] w_data[24] -> _35713_/D : -21.382225
[hold in-reg] w_data[14] -> _29535_/D : -21.381594
[hold in-reg] w_data[27] -> _36292_/D : -21.380896
[hold in-reg] w_data[14] -> _29439_/D : -21.380796
[hold in-reg] w_data[14] -> _32451_/D : -21.380680
[hold in-reg] w_data[24] -> _35425_/D : -21.380571
[hold in-reg] w_data[14] -> _29503_/D : -21.380539
[hold in-reg] w_data[1] -> _34922_/D : -21.380493
[hold in-reg] w_data[14] -> _29471_/D : -21.380426
[hold in-reg] w_data[28] -> _33073_/D : -21.380194
[hold in-reg] w_data[24] -> _35745_/D : -21.380121
[hold in-reg] w_data[25] -> _29066_/D : -21.380043
[hold in-reg] w_data[9] -> _35570_/D : -21.380058
[hold in-reg] w_data[24] -> _35457_/D : -21.379862
[hold in-reg] w_data[9] -> _35602_/D : -21.379778
[hold in-reg] w_data[27] -> _35524_/D : -21.379658
[hold in-reg] w_data[27] -> _35460_/D : -21.379564
[hold in-reg] w_data[6] -> _36047_/D : -21.379549
[hold in-reg] w_data[14] -> _29567_/D : -21.379408
[hold in-reg] w_data[6] -> _36079_/D : -21.379416
[hold in-reg] w_data[20] -> _35709_/D : -21.379393
[hold in-reg] w_data[14] -> _29599_/D : -21.379211
[hold in-reg] w_data[22] -> _34911_/D : -21.378983
[hold in-reg] w_data[22] -> _34879_/D : -21.378929
[hold in-reg] w_data[14] -> _32419_/D : -21.378794
[hold in-reg] w_data[24] -> _35553_/D : -21.378799
[hold in-reg] w_data[20] -> _35741_/D : -21.378788
[hold in-reg] w_data[18] -> _31774_/D : -21.378517
[hold in-reg] w_data[9] -> _35538_/D : -21.378532
[hold in-reg] w_data[0] -> _29393_/D : -21.378180
[hold in-reg] w_data[25] -> _28810_/D : -21.378027
[hold in-reg] w_data[0] -> _29425_/D : -21.377850
[hold in-reg] w_data[27] -> _36228_/D : -21.377651
[hold in-reg] w_data[26] -> _36163_/D : -21.377487
[hold in-reg] w_data[27] -> _36196_/D : -21.377340
[hold in-reg] w_data[24] -> _35585_/D : -21.377317
[hold in-reg] w_data[20] -> _35805_/D : -21.377312
[hold in-reg] w_data[20] -> _35773_/D : -21.377249
[hold in-reg] w_data[6] -> _32635_/D : -21.377220
[hold in-reg] w_data[20] -> _35869_/D : -21.377237
[hold in-reg] w_data[27] -> _32688_/D : -21.377195
[hold in-reg] w_data[6] -> _36111_/D : -21.377089
[hold in-reg] w_data[27] -> _36260_/D : -21.377058
[hold in-reg] w_data[22] -> _35007_/D : -21.377010
[hold in-reg] w_data[27] -> _36388_/D : -21.376951
[hold in-reg] w_data[0] -> _29457_/D : -21.376911
[hold in-reg] w_data[20] -> _35613_/D : -21.376877
[hold in-reg] w_data[20] -> _35837_/D : -21.376818
[hold in-reg] w_data[20] -> _35581_/D : -21.376780
[hold in-reg] w_data[27] -> _36356_/D : -21.376684
[hold in-reg] w_data[20] -> _35549_/D : -21.376543
[hold in-reg] w_data[20] -> _32617_/D : -21.376482
[hold in-reg] w_data[9] -> _35474_/D : -21.376308
[hold in-reg] w_data[24] -> _35617_/D : -21.376295
[hold in-reg] w_data[27] -> _35428_/D : -21.376125
[hold in-reg] w_data[27] -> _35396_/D : -21.375948
[hold in-reg] w_data[11] -> _35508_/D : -21.375969
[hold in-reg] w_data[7] -> _35120_/D : -21.375910
[hold in-reg] w_data[6] -> _36143_/D : -21.375816
[hold in-reg] w_data[0] -> _29489_/D : -21.375784
[hold in-reg] w_data[0] -> _29233_/D : -21.375750
[hold in-reg] w_data[19] -> _35580_/D : -21.375505
[hold in-reg] w_data[27] -> _36036_/D : -21.375145
[hold in-reg] w_data[19] -> _35612_/D : -21.374870
[hold in-reg] w_data[9] -> _35762_/D : -21.374783
[hold in-reg] w_data[13] -> _34070_/D : -21.374701
[hold in-reg] w_data[14] -> _29407_/D : -21.374500
[hold in-reg] w_data[17] -> _35962_/D : -21.374195
[hold in-reg] w_data[19] -> _35484_/D : -21.374144
[hold in-reg] w_data[0] -> _29585_/D : -21.374041
[hold in-reg] w_data[0] -> _32405_/D : -21.373659
[hold in-reg] w_data[0] -> _29521_/D : -21.373577
[hold in-reg] w_data[1] -> _28338_/D : -21.373514
[hold in-reg] w_data[1] -> _30898_/D : -21.373394
[hold in-reg] w_data[22] -> _30855_/D : -21.373083
[hold in-reg] w_data[13] -> _34390_/D : -21.373041
[hold in-reg] w_data[11] -> _35636_/D : -21.372995
[hold in-reg] w_data[24] -> _35489_/D : -21.372910
[hold in-reg] w_data[27] -> _35588_/D : -21.372826
[hold in-reg] w_data[1] -> _33354_/D : -21.372147
[hold in-reg] w_data[1] -> _34954_/D : -21.372103
[hold in-reg] w_data[6] -> _32667_/D : -21.372026
[hold in-reg] w_data[11] -> _35380_/D : -21.371937
[hold in-reg] w_data[0] -> _29553_/D : -21.371689
[hold in-reg] w_data[26] -> _36195_/D : -21.371693
[hold in-reg] w_data[23] -> _35648_/D : -21.371500
[hold in-reg] w_data[1] -> _30834_/D : -21.371380
[hold in-reg] w_data[1] -> _35082_/D : -21.371233
[hold in-reg] w_data[6] -> _36239_/D : -21.371170
[hold in-reg] w_data[1] -> _35050_/D : -21.371090
[hold in-reg] w_data[18] -> _29891_/D : -21.370991
[hold in-reg] w_data[6] -> _36367_/D : -21.370821
[hold in-reg] w_data[6] -> _36335_/D : -21.370705
[hold in-reg] w_data[6] -> _36207_/D : -21.370638
[hold in-reg] w_data[1] -> _35498_/D : -21.370537
[hold in-reg] w_data[23] -> _36032_/D : -21.370459
[hold in-reg] w_data[18] -> _29859_/D : -21.370378
[hold in-reg] w_data[18] -> _30115_/D : -21.370342
[hold in-reg] w_data[1] -> _35370_/D : -21.370329
[hold in-reg] w_data[6] -> _36271_/D : -21.370338
[hold in-reg] w_data[1] -> _32790_/D : -21.370087
[hold in-reg] w_data[23] -> _36160_/D : -21.370010
[hold in-reg] w_data[27] -> _35492_/D : -21.369961
[hold in-reg] w_data[27] -> _35748_/D : -21.369982
[hold in-reg] w_data[11] -> _35412_/D : -21.369860
[hold in-reg] w_data[18] -> _30019_/D : -21.369822
[hold in-reg] w_data[9] -> _35730_/D : -21.369804
[hold in-reg] w_data[26] -> _34403_/D : -21.369684
[hold in-reg] w_data[1] -> _35402_/D : -21.369692
[hold in-reg] w_data[22] -> _32811_/D : -21.369558
[hold in-reg] w_data[18] -> _32391_/D : -21.369434
[hold in-reg] w_data[18] -> _29987_/D : -21.369410
[hold in-reg] w_data[6] -> _36175_/D : -21.369204
[hold in-reg] w_data[11] -> _35828_/D : -21.368971
[hold in-reg] w_data[9] -> _35698_/D : -21.368937
[hold in-reg] w_data[11] -> _35572_/D : -21.368881
[hold in-reg] w_data[11] -> _35764_/D : -21.368755
[hold in-reg] w_data[27] -> _35716_/D : -21.368544
[hold in-reg] w_data[8] -> _35921_/D : -21.368557
[hold in-reg] w_data[8] -> _36017_/D : -21.368492
[hold in-reg] w_data[11] -> _35860_/D : -21.368368
[hold in-reg] w_data[26] -> _36227_/D : -21.368382
[hold in-reg] w_data[22] -> _35103_/D : -21.368265
[hold in-reg] w_data[8] -> _35953_/D : -21.368269
[hold in-reg] w_data[26] -> _36259_/D : -21.368227
[hold in-reg] w_data[9] -> _35794_/D : -21.368010
[hold in-reg] w_data[9] -> _35826_/D : -21.368017
[hold in-reg] w_data[0] -> _35305_/D : -21.367741
[hold in-reg] w_data[11] -> _35540_/D : -21.367746
[hold in-reg] w_data[27] -> _35940_/D : -21.367750
[hold in-reg] w_data[9] -> _35858_/D : -21.367664
[hold in-reg] w_data[8] -> _35889_/D : -21.367666
[hold in-reg] w_data[27] -> _35620_/D : -21.367514
[hold in-reg] w_data[22] -> _35071_/D : -21.367483
[hold in-reg] w_data[1] -> _35434_/D : -21.367260
[hold in-reg] w_data[27] -> _35556_/D : -21.367256
[hold in-reg] w_data[17] -> _36122_/D : -21.366959
[hold in-reg] w_data[11] -> _35796_/D : -21.366737
[hold in-reg] w_data[1] -> _35562_/D : -21.366497
[hold in-reg] w_data[27] -> _36132_/D : -21.366167
[hold in-reg] w_data[9] -> _35890_/D : -21.366137
[hold in-reg] w_data[17] -> _36090_/D : -21.366095
[hold in-reg] w_data[6] -> _29207_/D : -21.366013
[hold in-reg] w_data[17] -> _32646_/D : -21.365992
[hold in-reg] w_data[14] -> _35287_/D : -21.365772
[hold in-reg] w_data[9] -> _35922_/D : -21.365650
[hold in-reg] w_data[22] -> _33067_/D : -21.365484
[hold in-reg] w_data[1] -> _35594_/D : -21.365398
[hold in-reg] w_data[1] -> _34698_/D : -21.365301
[hold in-reg] w_data[26] -> _36355_/D : -21.365292
[hold in-reg] w_data[11] -> _35700_/D : -21.365225
[hold in-reg] w_data[23] -> _35936_/D : -21.365211
[hold in-reg] w_data[26] -> _36291_/D : -21.365135
[hold in-reg] w_data[1] -> _35018_/D : -21.365110
[hold in-reg] w_data[22] -> _31143_/D : -21.364754
[hold in-reg] w_data[6] -> _28503_/D : -21.364494
[hold in-reg] w_data[6] -> _28439_/D : -21.364454
[hold in-reg] w_data[27] -> _36068_/D : -21.364470
[hold in-reg] w_data[8] -> _31764_/D : -21.364147
[hold in-reg] w_data[26] -> _32687_/D : -21.364115
[hold in-reg] w_data[13] -> _34710_/D : -21.363964
[hold in-reg] w_data[8] -> _35761_/D : -21.363943
[hold in-reg] w_data[1] -> _31122_/D : -21.363684
[hold in-reg] w_data[13] -> _35030_/D : -21.363478
[hold in-reg] w_data[23] -> _35904_/D : -21.363302
[hold in-reg] w_data[3] -> _28340_/D : -21.363268
[hold in-reg] w_data[13] -> _35350_/D : -21.363167
[hold in-reg] w_data[23] -> _36352_/D : -21.362888
[hold in-reg] w_data[7] -> _35152_/D : -21.362829
[hold in-reg] w_data[3] -> _33356_/D : -21.362803
[hold in-reg] w_data[23] -> _36064_/D : -21.362820
[hold in-reg] w_data[23] -> _36096_/D : -21.362711
[hold in-reg] w_data[13] -> _30910_/D : -21.362600
[hold in-reg] w_data[23] -> _32620_/D : -21.362444
[hold in-reg] w_data[3] -> _33048_/D : -21.362465
[hold in-reg] w_data[22] -> _30919_/D : -21.362333
[hold in-reg] w_data[8] -> _36113_/D : -21.362316
[hold in-reg] w_data[3] -> _30836_/D : -21.362156
[hold in-reg] w_data[22] -> _33375_/D : -21.362133
[hold in-reg] w_data[23] -> _36256_/D : -21.362123
[hold in-reg] w_data[23] -> _36224_/D : -21.362080
[hold in-reg] w_data[13] -> _30846_/D : -21.362040
[hold in-reg] w_data[22] -> _32267_/D : -21.362024
[hold in-reg] w_data[23] -> _36128_/D : -21.362034
[hold in-reg] w_data[1] -> _35530_/D : -21.361916
[hold in-reg] w_data[23] -> _36384_/D : -21.361931
[hold in-reg] w_data[9] -> _35410_/D : -21.361860
[hold in-reg] w_data[22] -> _28359_/D : -21.361818
[hold in-reg] w_data[3] -> _32248_/D : -21.361839
[hold in-reg] w_data[23] -> _32684_/D : -21.361809
[hold in-reg] w_data[29] -> _35142_/D : -21.361773
[hold in-reg] w_data[22] -> _31915_/D : -21.361744
[hold in-reg] w_data[23] -> _36288_/D : -21.361748
[hold in-reg] w_data[26] -> _34723_/D : -21.361347
[hold in-reg] w_data[29] -> _35302_/D : -21.361307
[hold in-reg] w_data[27] -> _35652_/D : -21.361217
[hold in-reg] w_data[11] -> _35732_/D : -21.361151
[hold in-reg] w_data[8] -> _36081_/D : -21.360884
[hold in-reg] w_data[23] -> _36192_/D : -21.360874
[hold in-reg] w_data[8] -> _32637_/D : -21.360815
[hold in-reg] w_data[26] -> _36387_/D : -21.360832
[hold in-reg] w_data[31] -> _30928_/D : -21.360725
[hold in-reg] w_data[26] -> _36035_/D : -21.360540
[hold in-reg] w_data[8] -> _36049_/D : -21.360304
[hold in-reg] w_data[31] -> _33076_/D : -21.360195
[hold in-reg] w_data[5] -> _33358_/D : -21.360167
[hold in-reg] w_data[31] -> _31924_/D : -21.360048
[hold in-reg] w_data[11] -> _32608_/D : -21.360043
[hold in-reg] w_data[29] -> _35014_/D : -21.360044
[hold in-reg] w_data[26] -> _35971_/D : -21.360043
[hold in-reg] w_data[23] -> _35968_/D : -21.359865
[hold in-reg] w_data[7] -> _35184_/D : -21.359644
[hold in-reg] w_data[29] -> _35334_/D : -21.359661
[hold in-reg] w_data[31] -> _33768_/D : -21.359587
[hold in-reg] w_data[31] -> _30160_/D : -21.359482
[hold in-reg] w_data[27] -> _35972_/D : -21.359497
[hold in-reg] w_data[31] -> _30864_/D : -21.359438
[hold in-reg] w_data[31] -> _34408_/D : -21.359386
[hold in-reg] w_data[31] -> _31312_/D : -21.359331
[hold in-reg] w_data[7] -> _35216_/D : -21.359272
[hold in-reg] w_data[31] -> _28368_/D : -21.359032
[hold in-reg] w_data[6] -> _29335_/D : -21.359047
[hold in-reg] w_data[0] -> _36073_/D : -21.358955
[hold in-reg] w_data[0] -> _36105_/D : -21.358892
[hold in-reg] w_data[6] -> _29367_/D : -21.358622
[hold in-reg] w_data[9] -> _36018_/D : -21.358435
[hold in-reg] w_data[29] -> _35270_/D : -21.358305
[hold in-reg] w_data[0] -> _34921_/D : -21.358212
[hold in-reg] w_data[9] -> _35634_/D : -21.358231
[hold in-reg] w_data[13] -> _36150_/D : -21.357620
[hold in-reg] w_data[6] -> _29239_/D : -21.357548
[hold in-reg] w_data[29] -> _35174_/D : -21.357328
[hold in-reg] w_data[29] -> _32786_/D : -21.357298
[hold in-reg] w_data[26] -> _35939_/D : -21.357151
[hold in-reg] w_data[20] -> _35389_/D : -21.357059
[hold in-reg] w_data[20] -> _35517_/D : -21.356840
[hold in-reg] w_data[1] -> _35466_/D : -21.356638
[hold in-reg] w_data[23] -> _33068_/D : -21.356501
[hold in-reg] w_data[8] -> _30073_/D : -21.356380
[hold in-reg] w_data[14] -> _33059_/D : -21.356335
[hold in-reg] w_data[26] -> _35907_/D : -21.356272
[hold in-reg] w_data[20] -> _35453_/D : -21.356220
[hold in-reg] w_data[20] -> _35421_/D : -21.355942
[hold in-reg] w_data[14] -> _28351_/D : -21.355104
[hold in-reg] w_data[14] -> _32259_/D : -21.354866
[hold in-reg] w_data[14] -> _33367_/D : -21.354660
[hold in-reg] w_data[27] -> _35812_/D : -21.354610
[hold in-reg] w_data[23] -> _35072_/D : -21.354416
[hold in-reg] w_data[23] -> _35104_/D : -21.354410
[hold in-reg] w_data[7] -> _35312_/D : -21.354385
[hold in-reg] w_data[7] -> _32764_/D : -21.353764
[hold in-reg] w_data[23] -> _32652_/D : -21.353312
[hold in-reg] w_data[27] -> _32624_/D : -21.353201
[hold in-reg] w_data[13] -> _31134_/D : -21.353159
[hold in-reg] w_data[14] -> _36215_/D : -21.353090
[hold in-reg] w_data[9] -> _36050_/D : -21.352934
[hold in-reg] w_data[9] -> _36114_/D : -21.352907
[hold in-reg] w_data[14] -> _36247_/D : -21.352839
[hold in-reg] w_data[27] -> _36100_/D : -21.352764
[hold in-reg] w_data[9] -> _36082_/D : -21.352707
[hold in-reg] w_data[26] -> _32655_/D : -21.352646
[hold in-reg] w_data[5] -> _33050_/D : -21.352386
[hold in-reg] w_data[13] -> _35926_/D : -21.352356
[hold in-reg] w_data[0] -> _29329_/D : -21.352175
[hold in-reg] w_data[27] -> _32656_/D : -21.352148
[hold in-reg] w_data[13] -> _35894_/D : -21.351995
[hold in-reg] w_data[0] -> _32437_/D : -21.351948
[hold in-reg] w_data[31] -> _34728_/D : -21.351950
[hold in-reg] w_data[0] -> _29361_/D : -21.351784
[hold in-reg] w_data[27] -> _35780_/D : -21.351742
[hold in-reg] w_data[26] -> _36067_/D : -21.351748
[hold in-reg] w_data[31] -> _35048_/D : -21.351576
[hold in-reg] w_data[31] -> _35368_/D : -21.351517
[hold in-reg] w_data[31] -> _31152_/D : -21.351170
[hold in-reg] w_data[29] -> _34886_/D : -21.351154
[hold in-reg] w_data[31] -> _34088_/D : -21.351112
[hold in-reg] w_data[5] -> _32250_/D : -21.350834
[hold in-reg] w_data[5] -> _28342_/D : -21.350697
[hold in-reg] w_data[19] -> _35068_/D : -21.350710
[hold in-reg] w_data[14] -> _35255_/D : -21.350658
[hold in-reg] w_data[14] -> _35319_/D : -21.350573
[hold in-reg] w_data[8] -> _35793_/D : -21.350542
[hold in-reg] w_data[13] -> _36246_/D : -21.350515
[hold in-reg] w_data[19] -> _35260_/D : -21.350393
[hold in-reg] w_data[11] -> _35444_/D : -21.350382
[hold in-reg] w_data[19] -> _35292_/D : -21.350214
[hold in-reg] w_data[14] -> _32771_/D : -21.350172
[hold in-reg] w_data[29] -> _34950_/D : -21.350079
[hold in-reg] w_data[6] -> _32251_/D : -21.348808
[hold in-reg] w_data[6] -> _30839_/D : -21.348753
[hold in-reg] w_data[9] -> _32606_/D : -21.348532
[hold in-reg] w_data[20] -> _35485_/D : -21.348511
[hold in-reg] w_data[6] -> _28343_/D : -21.348486
[hold in-reg] w_data[29] -> _32818_/D : -21.348389
[hold in-reg] w_data[21] -> _36126_/D : -21.348366
[hold in-reg] w_data[21] -> _36094_/D : -21.348295
[hold in-reg] w_data[6] -> _33359_/D : -21.348249
[hold in-reg] w_data[13] -> _36214_/D : -21.348270
[hold in-reg] w_data[19] -> _35100_/D : -21.348169
[hold in-reg] w_data[6] -> _30903_/D : -21.348116
[hold in-reg] w_data[2] -> _30131_/D : -21.347710
[hold in-reg] w_data[29] -> _35238_/D : -21.347628
[hold in-reg] w_data[7] -> _35280_/D : -21.347618
[hold in-reg] w_data[19] -> _34876_/D : -21.347446
[hold in-reg] w_data[29] -> _35110_/D : -21.347383
[hold in-reg] w_data[2] -> _33739_/D : -21.347198
[hold in-reg] w_data[29] -> _35206_/D : -21.347176
[hold in-reg] w_data[13] -> _36182_/D : -21.347090
[hold in-reg] w_data[2] -> _31283_/D : -21.346502
[hold in-reg] w_data[29] -> _35078_/D : -21.346123
[hold in-reg] w_data[4] -> _34381_/D : -21.345387
[hold in-reg] w_data[26] -> _36131_/D : -21.345148
[hold in-reg] w_data[14] -> _34903_/D : -21.345011
[hold in-reg] w_data[26] -> _36099_/D : -21.345018
[hold in-reg] w_data[14] -> _34935_/D : -21.344831
[hold in-reg] w_data[13] -> _32674_/D : -21.344685
[hold in-reg] w_data[0] -> _30833_/D : -21.344494
[hold in-reg] w_data[26] -> _35651_/D : -21.344341
[hold in-reg] w_data[19] -> _35324_/D : -21.344297
[hold in-reg] w_data[7] -> _34992_/D : -21.343971
[hold in-reg] w_data[22] -> _35135_/D : -21.343470
[hold in-reg] w_data[19] -> _32776_/D : -21.343395
[hold in-reg] w_data[13] -> _36374_/D : -21.343382
[hold in-reg] w_data[7] -> _34928_/D : -21.343267
[hold in-reg] w_data[19] -> _34908_/D : -21.342686
[hold in-reg] w_data[7] -> _35248_/D : -21.342663
[hold in-reg] w_data[11] -> _35604_/D : -21.342527
[hold in-reg] w_data[11] -> _35476_/D : -21.342262
[hold in-reg] w_data[16] -> _33753_/D : -21.342131
[hold in-reg] w_data[13] -> _36342_/D : -21.342112
[hold in-reg] w_data[16] -> _30145_/D : -21.342052
[hold in-reg] w_data[16] -> _31297_/D : -21.341938
[hold in-reg] w_data[18] -> _28355_/D : -21.341906
[hold in-reg] w_data[7] -> _34864_/D : -21.341520
[hold in-reg] w_data[13] -> _31294_/D : -21.341185
[hold in-reg] w_data[7] -> _34896_/D : -21.341127
[hold in-reg] w_data[13] -> _33366_/D : -21.340736
[hold in-reg] w_data[13] -> _31906_/D : -21.340647
[hold in-reg] w_data[27] -> _30860_/D : -21.340532
[hold in-reg] w_data[13] -> _32258_/D : -21.340553
[hold in-reg] w_data[6] -> _31127_/D : -21.340004
[hold in-reg] w_data[29] -> _34982_/D : -21.339708
[hold in-reg] w_data[27] -> _35908_/D : -21.338985
[hold in-reg] w_data[13] -> _28350_/D : -21.338831
[hold in-reg] w_data[2] -> _34059_/D : -21.338478
[hold in-reg] w_data[3] -> _31896_/D : -21.338381
[hold in-reg] w_data[2] -> _35019_/D : -21.338358
[hold in-reg] w_data[2] -> _34699_/D : -21.338125
[hold in-reg] w_data[4] -> _35021_/D : -21.337713
[hold in-reg] w_data[10] -> _36019_/D : -21.337645
[hold in-reg] w_data[3] -> _30900_/D : -21.337564
[hold in-reg] w_data[16] -> _34393_/D : -21.337580
[hold in-reg] w_data[4] -> _34701_/D : -21.337599
[hold in-reg] w_data[19] -> _34940_/D : -21.337296
[hold in-reg] w_data[13] -> _36278_/D : -21.337013
[hold in-reg] w_data[19] -> _35196_/D : -21.336908
[hold in-reg] w_data[4] -> _35341_/D : -21.336777
[hold in-reg] w_data[13] -> _35958_/D : -21.336784
[hold in-reg] w_data[10] -> _35955_/D : -21.336760
[hold in-reg] w_data[0] -> _31121_/D : -21.336636
[hold in-reg] w_data[10] -> _35891_/D : -21.336639
[hold in-reg] w_data[14] -> _34967_/D : -21.336432
[hold in-reg] w_data[16] -> _34713_/D : -21.336338
[hold in-reg] w_data[7] -> _35088_/D : -21.336309
[hold in-reg] w_data[10] -> _35923_/D : -21.336329
[hold in-reg] w_data[7] -> _35056_/D : -21.336121
[hold in-reg] w_data[19] -> _35132_/D : -21.335613
[hold in-reg] w_data[7] -> _32796_/D : -21.335310
[hold in-reg] w_data[19] -> _35004_/D : -21.334949
[hold in-reg] w_data[18] -> _33063_/D : -21.334913
[hold in-reg] w_data[8] -> _35697_/D : -21.334923
[hold in-reg] w_data[7] -> _34960_/D : -21.334661
[hold in-reg] w_data[0] -> _28369_/D : -21.334255
[hold in-reg] w_data[0] -> _28401_/D : -21.333849
[hold in-reg] w_data[19] -> _35228_/D : -21.333702
[hold in-reg] w_data[16] -> _34073_/D : -21.333340
[hold in-reg] w_data[0] -> _28529_/D : -21.332731
[hold in-reg] w_data[0] -> _28433_/D : -21.332504
[hold in-reg] w_data[0] -> _28497_/D : -21.332445
[hold in-reg] w_data[0] -> _28561_/D : -21.332228
[hold in-reg] w_data[0] -> _28593_/D : -21.332230
[hold in-reg] w_data[0] -> _28465_/D : -21.332067
[hold in-reg] w_data[23] -> _30152_/D : -21.331619
[hold in-reg] w_data[23] -> _33760_/D : -21.331120
[hold in-reg] w_data[10] -> _36051_/D : -21.331030
[hold in-reg] w_data[19] -> _35164_/D : -21.330755
[hold in-reg] w_data[27] -> _35844_/D : -21.330675
[hold in-reg] w_data[27] -> _35876_/D : -21.330458
[hold in-reg] w_data[3] -> _36396_/D : -21.330194
[hold in-reg] w_data[26] -> _35459_/D : -21.329868
[hold in-reg] w_data[3] -> _36524_/D : -21.329689
[hold in-reg] w_data[10] -> _36083_/D : -21.329557
[hold in-reg] w_data[3] -> _31124_/D : -21.329338
[hold in-reg] w_data[26] -> _35523_/D : -21.329252
[hold in-reg] w_data[6] -> _29975_/D : -21.329227
[hold in-reg] w_data[3] -> _36556_/D : -21.329218
[hold in-reg] w_data[19] -> _34972_/D : -21.329044
[hold in-reg] w_data[10] -> _36115_/D : -21.329020
[hold in-reg] w_data[6] -> _30007_/D : -21.328934
[hold in-reg] w_data[6] -> _30071_/D : -21.328932
[hold in-reg] w_data[10] -> _32639_/D : -21.328768
[hold in-reg] w_data[0] -> _32757_/D : -21.328243
[hold in-reg] w_data[27] -> _31148_/D : -21.328129
[hold in-reg] w_data[21] -> _35870_/D : -21.327843
[hold in-reg] w_data[21] -> _35838_/D : -21.327381
[hold in-reg] w_data[19] -> _32808_/D : -21.327200
[hold in-reg] w_data[8] -> _32605_/D : -21.326548
[hold in-reg] w_data[26] -> _35779_/D : -21.326349
[hold in-reg] w_data[26] -> _35395_/D : -21.325928
[hold in-reg] w_data[26] -> _32623_/D : -21.325533
[hold in-reg] w_data[31] -> _36328_/D : -21.325399
[hold in-reg] w_data[21] -> _35774_/D : -21.325197
[hold in-reg] w_data[26] -> _35811_/D : -21.325029
[hold in-reg] w_data[3] -> _32568_/D : -21.324976
[hold in-reg] w_data[26] -> _35715_/D : -21.324991
[hold in-reg] w_data[26] -> _35747_/D : -21.324593
[hold in-reg] w_data[14] -> _35127_/D : -21.323872
[hold in-reg] w_data[24] -> _35137_/D : -21.323826
[hold in-reg] w_data[26] -> _35875_/D : -21.322538
[hold in-reg] w_data[23] -> _34400_/D : -21.322027
[hold in-reg] w_data[31] -> _35144_/D : -21.322025
[hold in-reg] w_data[31] -> _28688_/D : -21.321468
[hold in-reg] w_data[31] -> _29328_/D : -21.320967
[hold in-reg] w_data[29] -> _34918_/D : -21.320860
[hold in-reg] w_data[21] -> _35518_/D : -21.320442
[hold in-reg] w_data[11] -> _35124_/D : -21.320246
[hold in-reg] w_data[26] -> _35843_/D : -21.319479
[hold in-reg] w_data[26] -> _35491_/D : -21.317398
[hold in-reg] w_data[26] -> _35555_/D : -21.317413
[hold in-reg] w_data[11] -> _35156_/D : -21.317312
[hold in-reg] w_data[21] -> _35806_/D : -21.316696
[hold in-reg] w_data[25] -> _28618_/D : -21.316284
[hold in-reg] w_data[31] -> _29008_/D : -21.315815
[hold in-reg] w_data[25] -> _28586_/D : -21.315302
[hold in-reg] w_data[14] -> _35159_/D : -21.315304
[hold in-reg] w_data[31] -> _33352_/D : -21.315155
[hold in-reg] w_data[24] -> _35169_/D : -21.314909
[hold in-reg] w_data[31] -> _35272_/D : -21.314117
[hold in-reg] w_data[31] -> _35240_/D : -21.314043
[hold in-reg] w_data[31] -> _35208_/D : -21.313990
[hold in-reg] w_inc -> _33252_/D : -21.313951
[hold in-reg] w_data[25] -> _29290_/D : -21.313818
[hold in-reg] w_data[31] -> _35304_/D : -21.313799
[hold in-reg] w_data[31] -> _35176_/D : -21.313719
[hold in-reg] w_data[1] -> _36202_/D : -21.312918
[hold in-reg] w_data[1] -> _36234_/D : -21.312733
[hold in-reg] w_data[22] -> _36255_/D : -21.312656
[hold in-reg] w_data[22] -> _36223_/D : -21.312609
[hold in-reg] w_data[1] -> _36170_/D : -21.312565
[hold in-reg] w_data[0] -> _36137_/D : -21.312342
[hold in-reg] w_data[27] -> _31308_/D : -21.312098
[hold in-reg] w_data[22] -> _35391_/D : -21.311909
[hold in-reg] w_data[22] -> _35455_/D : -21.311729
[hold in-reg] w_data[25] -> _29162_/D : -21.311674
[hold in-reg] w_data[27] -> _34404_/D : -21.310900
[hold in-reg] w_data[31] -> _36008_/D : -21.310890
[hold in-reg] w_data[31] -> _35688_/D : -21.310585
[hold in-reg] w_data[27] -> _31920_/D : -21.310459
[hold in-reg] w_data[4] -> _36557_/D : -21.310007
[hold in-reg] w_data[4] -> _36525_/D : -21.309742
[hold in-reg] w_data[9] -> _35250_/D : -21.309320
[hold in-reg] w_data[9] -> _35282_/D : -21.309258
[hold in-reg] w_data[17] -> _35770_/D : -21.309168
[hold in-reg] w_data[4] -> _36397_/D : -21.309111
[hold in-reg] w_data[4] -> _36429_/D : -21.309092
[hold in-reg] w_data[1] -> _36362_/D : -21.309017
[hold in-reg] w_data[22] -> _35423_/D : -21.308914
[hold in-reg] w_data[4] -> _36589_/D : -21.308933
[hold in-reg] w_data[27] -> _33764_/D : -21.308720
[hold in-reg] w_data[4] -> _32569_/D : -21.308659
[hold in-reg] w_data[1] -> _36330_/D : -21.308594
[hold in-reg] w_data[17] -> _35834_/D : -21.308329
[hold in-reg] w_data[31] -> _29648_/D : -21.308210
[hold in-reg] w_data[4] -> _36461_/D : -21.308214
[hold in-reg] w_data[17] -> _35866_/D : -21.308115
[hold in-reg] w_data[4] -> _36493_/D : -21.307842
[hold in-reg] w_data[23] -> _31304_/D : -21.307735
[hold in-reg] w_data[1] -> _35850_/D : -21.307741
[hold in-reg] w_data[9] -> _35122_/D : -21.307493
[hold in-reg] w_data[1] -> _34890_/D : -21.307411
[hold in-reg] w_data[1] -> _35818_/D : -21.307285
[hold in-reg] w_data[25] -> _32462_/D : -21.307253
[hold in-reg] w_data[7] -> _35984_/D : -21.307068
[hold in-reg] w_data[17] -> _35802_/D : -21.307035
[hold in-reg] w_data[27] -> _28364_/D : -21.306988
[hold in-reg] w_data[28] -> _31953_/D : -21.306961
[hold in-reg] w_data[27] -> _33072_/D : -21.306612
[hold in-reg] w_data[7] -> _36304_/D : -21.306530
[hold in-reg] w_data[27] -> _30924_/D : -21.306278
[hold in-reg] w_data[11] -> _35220_/D : -21.306145
[hold in-reg] w_data[23] -> _34720_/D : -21.306013
[hold in-reg] w_data[1] -> _35114_/D : -21.305622
[hold in-reg] w_data[7] -> _35664_/D : -21.305397
[hold in-reg] w_data[11] -> _35092_/D : -21.305346
[hold in-reg] w_data[11] -> _35188_/D : -21.305351
[hold in-reg] w_data[15] -> _29280_/D : -21.305162
[hold in-reg] w_data[9] -> _35218_/D : -21.305182
[hold in-reg] w_data[11] -> _35284_/D : -21.304789
[hold in-reg] w_data[11] -> _35060_/D : -21.304766
[hold in-reg] w_data[22] -> _35583_/D : -21.304516
[hold in-reg] w_data[0] -> _35433_/D : -21.304461
[hold in-reg] w_data[0] -> _36169_/D : -21.304155
[hold in-reg] w_data[27] -> _32272_/D : -21.304125
[hold in-reg] w_data[25] -> _29386_/D : -21.303968
[hold in-reg] w_data[0] -> _36233_/D : -21.303947
[hold in-reg] w_data[1] -> _35690_/D : -21.303825
[hold in-reg] w_data[25] -> _29354_/D : -21.303713
[hold in-reg] w_data[0] -> _36329_/D : -21.303722
[hold in-reg] w_data[0] -> _36201_/D : -21.303696
[hold in-reg] w_data[7] -> _28984_/D : -21.303549
[hold in-reg] w_data[1] -> _35722_/D : -21.303560
[hold in-reg] w_data[27] -> _33380_/D : -21.303476
[hold in-reg] w_data[0] -> _36361_/D : -21.303490
[hold in-reg] w_data[22] -> _35487_/D : -21.303366
[hold in-reg] w_data[1] -> _35274_/D : -21.302876
[hold in-reg] w_data[0] -> _36265_/D : -21.302881
[hold in-reg] w_data[0] -> _32661_/D : -21.302769
[hold in-reg] w_data[1] -> _35242_/D : -21.302385
[hold in-reg] w_data[0] -> _35401_/D : -21.302385
[hold in-reg] w_data[27] -> _34724_/D : -21.302341
[hold in-reg] w_data[0] -> _35369_/D : -21.302259
[hold in-reg] w_data[15] -> _28768_/D : -21.302050
[hold in-reg] w_data[25] -> _29418_/D : -21.301929
[hold in-reg] w_data[25] -> _29610_/D : -21.301834
[hold in-reg] w_data[22] -> _35615_/D : -21.301550
[hold in-reg] w_data[20] -> _30341_/D : -21.301517
[hold in-reg] w_data[7] -> _29304_/D : -21.301493
[hold in-reg] w_data[7] -> _33328_/D : -21.301506
[hold in-reg] w_data[27] -> _35044_/D : -21.301325
[hold in-reg] w_data[22] -> _35551_/D : -21.301270
[hold in-reg] w_data[18] -> _34395_/D : -21.301199
[hold in-reg] w_data[27] -> _35364_/D : -21.301208
[hold in-reg] w_data[9] -> _35186_/D : -21.301050
[hold in-reg] w_data[27] -> _34948_/D : -21.300823
[hold in-reg] w_data[27] -> _34084_/D : -21.300758
[hold in-reg] w_data[26] -> _35427_/D : -21.300491
[hold in-reg] w_data[14] -> _36151_/D : -21.300478
[hold in-reg] w_data[13] -> _35446_/D : -21.300354
[hold in-reg] w_data[13] -> _35638_/D : -21.300215
[hold in-reg] w_data[25] -> _36034_/D : -21.299679
[hold in-reg] w_data[0] -> _34889_/D : -21.299622
[hold in-reg] w_data[1] -> _35210_/D : -21.299603
[hold in-reg] w_data[9] -> _35154_/D : -21.299215
[hold in-reg] w_data[25] -> _36386_/D : -21.298944
[hold in-reg] w_data[23] -> _34080_/D : -21.298824
[hold in-reg] w_data[19] -> _28676_/D : -21.298704
[hold in-reg] w_data[25] -> _36354_/D : -21.298561
[hold in-reg] w_data[1] -> _35146_/D : -21.298439
[hold in-reg] w_data[19] -> _36316_/D : -21.298458
[hold in-reg] w_data[25] -> _29482_/D : -21.298382
[hold in-reg] w_data[25] -> _32430_/D : -21.298374
[hold in-reg] w_data[19] -> _35996_/D : -21.298189
[hold in-reg] w_data[12] -> _29149_/D : -21.297968
[hold in-reg] w_data[25] -> _29578_/D : -21.297956
[hold in-reg] w_data[25] -> _36162_/D : -21.297892
[hold in-reg] w_data[1] -> _35178_/D : -21.297667
[hold in-reg] w_data[15] -> _32452_/D : -21.297428
[hold in-reg] w_data[7] -> _28664_/D : -21.297335
[hold in-reg] w_data[22] -> _35199_/D : -21.297173
[hold in-reg] w_data[25] -> _35970_/D : -21.297186
[hold in-reg] w_data[12] -> _29181_/D : -21.297150
[hold in-reg] w_data[1] -> _32758_/D : -21.297106
[hold in-reg] w_data[15] -> _28640_/D : -21.296967
[hold in-reg] w_data[13] -> _35574_/D : -21.296873
[hold in-reg] w_data[0] -> _35465_/D : -21.296618
[hold in-reg] w_data[20] -> _29957_/D : -21.296131
[hold in-reg] w_data[1] -> _35306_/D : -21.296124
[hold in-reg] w_data[19] -> _33340_/D : -21.295990
[hold in-reg] w_data[12] -> _29277_/D : -21.295433
[hold in-reg] w_data[2] -> _36395_/D : -21.295403
[hold in-reg] w_data[13] -> _35606_/D : -21.294968
[hold in-reg] w_data[2] -> _36427_/D : -21.294828
[hold in-reg] w_data[2] -> _36523_/D : -21.294834
[hold in-reg] w_data[9] -> _35090_/D : -21.294722
[hold in-reg] w_data[25] -> _35938_/D : -21.294741
[hold in-reg] w_data[0] -> _35529_/D : -21.294695
[hold in-reg] w_data[0] -> _35593_/D : -21.294672
[hold in-reg] w_data[2] -> _36555_/D : -21.294668
[hold in-reg] w_data[25] -> _35906_/D : -21.294281
[hold in-reg] w_data[0] -> _35561_/D : -21.294186
[hold in-reg] w_data[25] -> _29450_/D : -21.294153
[hold in-reg] w_data[2] -> _36491_/D : -21.294003
[hold in-reg] w_data[26] -> _35587_/D : -21.293785
[hold in-reg] w_data[2] -> _36459_/D : -21.293802
[hold in-reg] w_data[2] -> _36587_/D : -21.293798
[hold in-reg] w_data[26] -> _35619_/D : -21.293446
[hold in-reg] w_data[2] -> _32567_/D : -21.293354
[hold in-reg] w_data[9] -> _34994_/D : -21.293333
[hold in-reg] w_data[25] -> _29514_/D : -21.293289
[hold in-reg] w_data[14] -> _35447_/D : -21.293032
[hold in-reg] w_data[20] -> _31662_/D : -21.292980
[hold in-reg] w_data[9] -> _35058_/D : -21.292934
[hold in-reg] w_data[25] -> _29546_/D : -21.292891
[hold in-reg] w_data[7] -> _29624_/D : -21.292633
[hold in-reg] w_data[27] -> _34980_/D : -21.292614
[hold in-reg] w_data[12] -> _29405_/D : -21.292587
[hold in-reg] w_data[14] -> _35415_/D : -21.292580
[hold in-reg] w_data[13] -> _35542_/D : -21.292309
[hold in-reg] w_data[25] -> _36290_/D : -21.292038
[hold in-reg] w_data[25] -> _36066_/D : -21.291950
[hold in-reg] w_data[0] -> _35081_/D : -21.291758
[hold in-reg] w_data[14] -> _36183_/D : -21.291712
[hold in-reg] w_data[0] -> _35049_/D : -21.291517
[hold in-reg] w_data[0] -> _34953_/D : -21.291407
[hold in-reg] w_data[21] -> _35710_/D : -21.291370
[hold in-reg] w_data[28] -> _30989_/D : -21.291317
[hold in-reg] w_data[25] -> _32686_/D : -21.291260
[hold in-reg] w_data[21] -> _35742_/D : -21.291193
[hold in-reg] w_data[28] -> _32561_/D : -21.291145
[hold in-reg] w_data[14] -> _35383_/D : -21.290993
[hold in-reg] w_data[20] -> _32745_/D : -21.290745
[hold in-reg] w_data[25] -> _36194_/D : -21.289978
[hold in-reg] w_data[5] -> _35022_/D : -21.289865
[hold in-reg] w_data[5] -> _35342_/D : -21.289867
[hold in-reg] w_data[19] -> _28356_/D : -21.289635
[hold in-reg] w_data[25] -> _32654_/D : -21.289637
[hold in-reg] w_data[25] -> _36226_/D : -21.289637
[hold in-reg] w_data[19] -> _32264_/D : -21.289495
[hold in-reg] w_data[19] -> _33372_/D : -21.289484
[hold in-reg] w_data[27] -> _35268_/D : -21.289322
[hold in-reg] w_data[4] -> _35661_/D : -21.289061
[hold in-reg] w_data[9] -> _34930_/D : -21.289005
[hold in-reg] w_data[4] -> _35981_/D : -21.288870
[hold in-reg] w_data[4] -> _36301_/D : -21.288794
[hold in-reg] w_data[20] -> _35997_/D : -21.288750
[hold in-reg] w_data[25] -> _36258_/D : -21.288744
[hold in-reg] w_data[4] -> _28661_/D : -21.288210
[hold in-reg] w_data[4] -> _28981_/D : -21.288101
[hold in-reg] w_data[4] -> _29301_/D : -21.287704
[hold in-reg] w_data[25] -> _36130_/D : -21.287424
[hold in-reg] w_data[14] -> _34871_/D : -21.287178
[hold in-reg] w_data[19] -> _35676_/D : -21.287178
[hold in-reg] w_data[20] -> _35677_/D : -21.287136
[hold in-reg] w_data[13] -> _32610_/D : -21.287025
[hold in-reg] w_data[15] -> _29216_/D : -21.286955
[hold in-reg] w_data[25] -> _36098_/D : -21.286930
[hold in-reg] w_data[18] -> _34715_/D : -21.286867
[hold in-reg] w_data[27] -> _35300_/D : -21.286764
[hold in-reg] w_data[13] -> _35702_/D : -21.286619
[hold in-reg] w_data[13] -> _35734_/D : -21.286440
[hold in-reg] w_data[15] -> _29152_/D : -21.286406
[hold in-reg] w_data[14] -> _34999_/D : -21.286383
[hold in-reg] w_data[9] -> _35986_/D : -21.286337
[hold in-reg] w_data[17] -> _28770_/D : -21.286131
[hold in-reg] w_data[18] -> _33755_/D : -21.286007
[hold in-reg] w_data[20] -> _36317_/D : -21.285784
[hold in-reg] w_data[15] -> _29184_/D : -21.285740
[hold in-reg] w_data[15] -> _32516_/D : -21.285608
[hold in-reg] w_data[9] -> _35666_/D : -21.285305
[hold in-reg] w_data[12] -> _32449_/D : -21.285028
[hold in-reg] w_data[14] -> _35479_/D : -21.284447
[hold in-reg] w_data[18] -> _35355_/D : -21.284397
[hold in-reg] w_data[27] -> _30156_/D : -21.283876
[hold in-reg] w_data[9] -> _28666_/D : -21.283419
[hold in-reg] w_data[17] -> _32518_/D : -21.283405
[hold in-reg] w_data[15] -> _29408_/D : -21.283375
[hold in-reg] w_data[9] -> _32798_/D : -21.283297
[hold in-reg] w_data[20] -> _28677_/D : -21.283215
[hold in-reg] w_data[28] -> _30893_/D : -21.283108
[hold in-reg] w_data[28] -> _31597_/D : -21.283018
[hold in-reg] w_data[20] -> _29317_/D : -21.282400
[hold in-reg] w_data[14] -> _35607_/D : -21.282356
[hold in-reg] w_data[28] -> _30701_/D : -21.282106
[hold in-reg] w_data[14] -> _35575_/D : -21.281996
[hold in-reg] w_data[28] -> _30605_/D : -21.281946
[hold in-reg] w_data[27] -> _35108_/D : -21.281452
[hold in-reg] w_data[17] -> _28706_/D : -21.281342
[hold in-reg] w_data[4] -> _33325_/D : -21.280600
[hold in-reg] w_data[9] -> _34962_/D : -21.280605
[hold in-reg] w_data[20] -> _28997_/D : -21.280346
[hold in-reg] w_data[25] -> _35522_/D : -21.280121
[hold in-reg] w_data[27] -> _34884_/D : -21.279993
[hold in-reg] w_data[9] -> _36306_/D : -21.279856
[hold in-reg] w_data[27] -> _34916_/D : -21.279171
[hold in-reg] w_data[13] -> _35830_/D : -21.279114
[hold in-reg] w_data[5] -> _36526_/D : -21.279011
[hold in-reg] w_data[4] -> _29621_/D : -21.278984
[hold in-reg] w_data[13] -> _35862_/D : -21.278910
[hold in-reg] w_data[28] -> _29965_/D : -21.278875
[hold in-reg] w_data[12] -> _29213_/D : -21.278671
[hold in-reg] w_data[14] -> _32803_/D : -21.278343
[hold in-reg] w_data[27] -> _35012_/D : -21.278219
[hold in-reg] w_data[16] -> _28993_/D : -21.278093
[hold in-reg] w_data[27] -> _36004_/D : -21.278019
[hold in-reg] w_data[16] -> _28673_/D : -21.277655
[hold in-reg] w_data[30] -> _30351_/D : -21.277565
[hold in-reg] w_data[15] -> _36280_/D : -21.277536
[hold in-reg] w_data[15] -> _36344_/D : -21.277485
[hold in-reg] w_data[15] -> _29248_/D : -21.277353
[hold in-reg] w_data[20] -> _33341_/D : -21.277323
[hold in-reg] w_data[14] -> _35095_/D : -21.277210
[hold in-reg] w_data[5] -> _36590_/D : -21.277121
[hold in-reg] w_data[5] -> _32570_/D : -21.277008
[hold in-reg] w_data[15] -> _29344_/D : -21.276852
[hold in-reg] w_data[9] -> _29306_/D : -21.276800
[hold in-reg] w_data[17] -> _28802_/D : -21.276619
[hold in-reg] w_data[15] -> _36376_/D : -21.276525
[hold in-reg] w_data[14] -> _35063_/D : -21.276463
[hold in-reg] w_data[27] -> _35332_/D : -21.276453
[hold in-reg] w_data[12] -> _29565_/D : -21.276361
[hold in-reg] w_data[20] -> _33225_/D : -21.276333
[hold in-reg] w_data[15] -> _29376_/D : -21.276264
[hold in-reg] w_data[5] -> _36558_/D : -21.276281
[hold in-reg] w_data[20] -> _33277_/D : -21.276148
[hold in-reg] w_data[5] -> _34382_/D : -21.275589
[hold in-reg] w_data[27] -> _32816_/D : -21.275562
[hold in-reg] w_data[5] -> _36462_/D : -21.275187
[hold in-reg] w_data[5] -> _36494_/D : -21.275120
[hold in-reg] w_data[15] -> _29504_/D : -21.275095
[hold in-reg] w_data[25] -> _35554_/D : -21.274588
[hold in-reg] w_data[15] -> _36152_/D : -21.274403
[hold in-reg] w_data[17] -> _28642_/D : -21.274364
[hold in-reg] w_data[15] -> _29472_/D : -21.274294
[hold in-reg] w_data[27] -> _36324_/D : -21.274162
[hold in-reg] w_data[9] -> _28986_/D : -21.273909
[hold in-reg] w_data[28] -> _30413_/D : -21.273479
[hold in-reg] w_data[27] -> _35684_/D : -21.273375
[hold in-reg] w_data[15] -> _32420_/D : -21.273335
[hold in-reg] w_data[15] -> _29440_/D : -21.273205
[hold in-reg] w_data[15] -> _29536_/D : -21.273056
[hold in-reg] w_data[28] -> _35685_/D : -21.273067
[hold in-reg] w_data[28] -> _28685_/D : -21.273031
[hold in-reg] w_data[15] -> _29600_/D : -21.272892
[hold in-reg] w_data[27] -> _35140_/D : -21.272799
[hold in-reg] w_data[28] -> _36005_/D : -21.272680
[hold in-reg] w_data[28] -> _36325_/D : -21.272453
[hold in-reg] w_data[13] -> _36022_/D : -21.272398
[hold in-reg] w_data[15] -> _29568_/D : -21.272226
[hold in-reg] w_data[28] -> _29325_/D : -21.271942
[hold in-reg] w_data[20] -> _29637_/D : -21.271935
[hold in-reg] w_data[30] -> _35687_/D : -21.271900
[hold in-reg] w_data[30] -> _29007_/D : -21.271814
[hold in-reg] w_data[17] -> _28738_/D : -21.271776
[hold in-reg] w_data[30] -> _36007_/D : -21.271654
[hold in-reg] w_data[30] -> _36327_/D : -21.271664
[hold in-reg] w_data[28] -> _29005_/D : -21.271618
[hold in-reg] w_data[30] -> _28687_/D : -21.271566
[hold in-reg] w_data[30] -> _29327_/D : -21.271280
[hold in-reg] w_data[17] -> _29058_/D : -21.271046
[hold in-reg] w_data[12] -> _29469_/D : -21.271029
[hold in-reg] w_data[15] -> _36216_/D : -21.271042
[hold in-reg] w_data[27] -> _35076_/D : -21.270960
[hold in-reg] w_data[29] -> _29006_/D : -21.270836
[hold in-reg] w_data[12] -> _29245_/D : -21.270844
[hold in-reg] w_data[15] -> _32676_/D : -21.270823
[hold in-reg] w_data[15] -> _36248_/D : -21.270803
[hold in-reg] w_data[12] -> _29533_/D : -21.270742
[hold in-reg] w_data[12] -> _29341_/D : -21.270538
[hold in-reg] w_data[12] -> _29501_/D : -21.270555
[hold in-reg] w_data[12] -> _32417_/D : -21.270514
[hold in-reg] w_data[12] -> _29373_/D : -21.270426
[hold in-reg] w_data[12] -> _29597_/D : -21.270416
[hold in-reg] w_data[12] -> _29437_/D : -21.270380
[hold in-reg] w_data[9] -> _33330_/D : -21.270351
[hold in-reg] w_data[29] -> _35686_/D : -21.270203
[hold in-reg] w_data[17] -> _29026_/D : -21.269890
[hold in-reg] w_data[29] -> _28686_/D : -21.269739
[hold in-reg] w_data[5] -> _36430_/D : -21.269476
[hold in-reg] w_data[5] -> _36398_/D : -21.269085
[hold in-reg] w_data[21] -> _28774_/D : -21.268837
[hold in-reg] w_data[29] -> _29326_/D : -21.268814
[hold in-reg] w_data[17] -> _28866_/D : -21.268442
[hold in-reg] w_data[9] -> _34898_/D : -21.268229
[hold in-reg] w_data[9] -> _34866_/D : -21.267893
[hold in-reg] w_data[16] -> _35353_/D : -21.267632
[hold in-reg] w_data[17] -> _28834_/D : -21.267469
[hold in-reg] w_data[5] -> _34702_/D : -21.267191
[hold in-reg] w_data[16] -> _35033_/D : -21.267132
[hold in-reg] w_data[14] -> _31907_/D : -21.266861
[hold in-reg] w_data[15] -> _28704_/D : -21.266348
[hold in-reg] w_data[9] -> _29626_/D : -21.266317
[hold in-reg] w_data[19] -> _28996_/D : -21.266054
[hold in-reg] w_data[14] -> _30847_/D : -21.265663
[hold in-reg] w_data[15] -> _36184_/D : -21.265379
[hold in-reg] w_data[14] -> _30911_/D : -21.265244
[hold in-reg] w_data[13] -> _36118_/D : -21.265167
[hold in-reg] w_data[27] -> _33348_/D : -21.265076
[hold in-reg] w_data[13] -> _36054_/D : -21.265017
[hold in-reg] w_data[9] -> _31578_/D : -21.264833
[hold in-reg] w_data[8] -> _28889_/D : -21.264706
[hold in-reg] w_data[30] -> _32755_/D : -21.264656
[hold in-reg] w_data[1] -> _34730_/D : -21.264322
[hold in-reg] w_data[28] -> _33349_/D : -21.264105
[hold in-reg] w_data[28] -> _29645_/D : -21.263988
[hold in-reg] w_data[18] -> _30147_/D : -21.263845
[hold in-reg] w_data[13] -> _36086_/D : -21.263758
[hold in-reg] w_data[29] -> _36326_/D : -21.263723
[hold in-reg] w_data[13] -> _32642_/D : -21.263657
[hold in-reg] w_data[30] -> _33351_/D : -21.263544
[hold in-reg] w_data[2] -> _35659_/D : -21.263355
[hold in-reg] w_data[21] -> _28646_/D : -21.263237
[hold in-reg] w_data[26] -> _34947_/D : -21.263186
[hold in-reg] w_data[19] -> _29316_/D : -21.263123
[hold in-reg] w_data[30] -> _29647_/D : -21.263094
[hold in-reg] w_data[18] -> _31299_/D : -21.262966
[hold in-reg] w_data[2] -> _35979_/D : -21.262981
[hold in-reg] w_data[26] -> _34915_/D : -21.262924
[hold in-reg] w_data[29] -> _36006_/D : -21.261930
[hold in-reg] w_data[9] -> _35314_/D : -21.261818
[hold in-reg] w_data[9] -> _32766_/D : -21.261765
[hold in-reg] w_data[2] -> _36299_/D : -21.261749
[hold in-reg] w_data[21] -> _28710_/D : -21.261488
[hold in-reg] w_data[5] -> _31898_/D : -21.261375
[hold in-reg] w_data[2] -> _29299_/D : -21.261345
[hold in-reg] w_data[21] -> _32522_/D : -21.261297
[hold in-reg] w_data[2] -> _28659_/D : -21.261242
[hold in-reg] w_data[8] -> _32509_/D : -21.261068
[hold in-reg] w_data[2] -> _30323_/D : -21.260956
[hold in-reg] w_data[30] -> _33235_/D : -21.260920
[hold in-reg] w_data[2] -> _28979_/D : -21.260296
[hold in-reg] w_data[8] -> _28633_/D : -21.259972
[hold in-reg] w_data[8] -> _28697_/D : -21.259552
[hold in-reg] w_data[21] -> _28806_/D : -21.259232
[hold in-reg] w_data[2] -> _31571_/D : -21.259157
[hold in-reg] w_data[17] -> _28418_/D : -21.259068
[hold in-reg] w_data[27] -> _29324_/D : -21.259010
[hold in-reg] w_data[27] -> _35172_/D : -21.259020
[hold in-reg] w_data[13] -> _35510_/D : -21.258968
[hold in-reg] w_data[20] -> _31589_/D : -21.258905
[hold in-reg] w_data[2] -> _29939_/D : -21.258808
[hold in-reg] w_data[2] -> _31644_/D : -21.258781
[hold in-reg] w_data[21] -> _28838_/D : -21.258492
[hold in-reg] w_data[17] -> _28450_/D : -21.258242
[hold in-reg] w_data[25] -> _29226_/D : -21.258118
[hold in-reg] w_data[15] -> _29088_/D : -21.258068
[hold in-reg] w_data[9] -> _29946_/D : -21.257978
[hold in-reg] w_data[29] -> _29646_/D : -21.257809
[hold in-reg] w_data[9] -> _31651_/D : -21.257616
[hold in-reg] w_data[30] -> _33287_/D : -21.257580
[hold in-reg] w_data[14] -> _34711_/D : -21.257521
[hold in-reg] w_data[14] -> _35031_/D : -21.257534
[hold in-reg] w_data[15] -> _28800_/D : -21.257332
[hold in-reg] w_data[25] -> _29194_/D : -21.257280
[hold in-reg] w_data[14] -> _31135_/D : -21.257301
[hold in-reg] w_data[15] -> _28864_/D : -21.257206
[hold in-reg] w_data[13] -> _35414_/D : -21.257139
[hold in-reg] w_data[15] -> _29120_/D : -21.257082
[hold in-reg] w_data[15] -> _28832_/D : -21.256910
[hold in-reg] w_data[15] -> _28736_/D : -21.256519
[hold in-reg] w_data[6] -> _35663_/D : -21.256182
[hold in-reg] w_data[6] -> _35983_/D : -21.256071
[hold in-reg] w_data[8] -> _29017_/D : -21.255293
[hold in-reg] w_data[6] -> _36303_/D : -21.255289
[hold in-reg] w_data[1] -> _34762_/D : -21.255106
[hold in-reg] w_data[9] -> _30394_/D : -21.255077
[hold in-reg] w_data[26] -> _34979_/D : -21.254965
[hold in-reg] w_data[25] -> _29866_/D : -21.254744
[hold in-reg] w_data[25] -> _29898_/D : -21.254761
[hold in-reg] w_data[3] -> _35660_/D : -21.254719
[hold in-reg] w_data[18] -> _34075_/D : -21.254599
[hold in-reg] w_data[30] -> _33075_/D : -21.254431
[hold in-reg] w_data[27] -> _28684_/D : -21.254354
[hold in-reg] w_data[19] -> _29636_/D : -21.254332
[hold in-reg] w_data[21] -> _28742_/D : -21.254082
[hold in-reg] w_data[8] -> _28857_/D : -21.253891
[hold in-reg] w_data[2] -> _33323_/D : -21.253578
[hold in-reg] w_data[21] -> _28870_/D : -21.253290
[hold in-reg] w_data[29] -> _33350_/D : -21.253242
[hold in-reg] w_data[8] -> _29049_/D : -21.252996
[hold in-reg] w_data[13] -> _35382_/D : -21.252903
[hold in-reg] w_data[27] -> _29004_/D : -21.252850
[hold in-reg] w_data[2] -> _29619_/D : -21.252808
[hold in-reg] w_data[8] -> _28825_/D : -21.252514
[hold in-reg] w_data[3] -> _36300_/D : -21.252316
[hold in-reg] w_data[3] -> _35980_/D : -21.251915
[hold in-reg] w_data[8] -> _29081_/D : -21.251835
[hold in-reg] w_data[8] -> _28729_/D : -21.251312
[hold in-reg] w_data[8] -> _35633_/D : -21.251261
[hold in-reg] w_data[2] -> _32727_/D : -21.250868
[hold in-reg] w_data[27] -> _29644_/D : -21.250696
[hold in-reg] w_data[23] -> _29000_/D : -21.250629
[hold in-reg] w_data[8] -> _29113_/D : -21.250462
[hold in-reg] w_data[3] -> _28660_/D : -21.250412
[hold in-reg] w_data[2] -> _30387_/D : -21.250431
[hold in-reg] w_data[20] -> _30405_/D : -21.250422
[hold in-reg] w_data[2] -> _33207_/D : -21.250246
[hold in-reg] w_data[2] -> _33259_/D : -21.250170
[hold in-reg] w_data[3] -> _29300_/D : -21.249870
[hold in-reg] w_data[25] -> _29258_/D : -21.249729
[hold in-reg] w_data[16] -> _36313_/D : -21.249670
[hold in-reg] w_data[5] -> _35982_/D : -21.249496
[hold in-reg] w_data[25] -> _35394_/D : -21.248762
[hold in-reg] w_data[25] -> _35458_/D : -21.248669
[hold in-reg] w_data[23] -> _28680_/D : -21.248644
[hold in-reg] w_data[9] -> _30330_/D : -21.248470
[hold in-reg] w_data[12] -> _35285_/D : -21.248175
[hold in-reg] w_data[29] -> _34662_/D : -21.247871
[hold in-reg] w_data[24] -> _35681_/D : -21.247643
[hold in-reg] w_data[29] -> _34630_/D : -21.247587
[hold in-reg] w_data[12] -> _35253_/D : -21.247551
[hold in-reg] w_data[24] -> _36001_/D : -21.247213
[hold in-reg] w_data[6] -> _33327_/D : -21.247025
[hold in-reg] w_data[13] -> _35478_/D : -21.246792
[hold in-reg] w_data[4] -> _31285_/D : -21.246664
[hold in-reg] w_data[25] -> _35650_/D : -21.246655
[hold in-reg] w_data[3] -> _28980_/D : -21.246277
[hold in-reg] w_data[22] -> _35231_/D : -21.246222
[hold in-reg] w_data[12] -> _34933_/D : -21.246166
[hold in-reg] w_data[23] -> _36000_/D : -21.246096
[hold in-reg] w_data[24] -> _36321_/D : -21.246063
[hold in-reg] w_data[27] -> _30828_/D : -21.246023
[hold in-reg] w_data[22] -> _35167_/D : -21.245956
[hold in-reg] w_data[25] -> _35426_/D : -21.245403
[hold in-reg] w_data[23] -> _35680_/D : -21.245043
[hold in-reg] w_data[5] -> _28982_/D : -21.244925
[hold in-reg] w_data[13] -> _35766_/D : -21.244909
[hold in-reg] w_data[4] -> _30133_/D : -21.244869
[hold in-reg] w_data[18] -> _31911_/D : -21.244719
[hold in-reg] w_data[23] -> _29320_/D : -21.244551
[hold in-reg] w_data[27] -> _30700_/D : -21.244291
[hold in-reg] w_data[3] -> _33324_/D : -21.244129
[hold in-reg] w_data[27] -> _30764_/D : -21.244009
[hold in-reg] w_data[18] -> _33371_/D : -21.243649
[hold in-reg] w_data[18] -> _32263_/D : -21.243584
[hold in-reg] w_data[23] -> _36320_/D : -21.243288
[hold in-reg] w_data[4] -> _33741_/D : -21.243151
[hold in-reg] w_data[24] -> _28681_/D : -21.242870
[hold in-reg] w_data[13] -> _35798_/D : -21.242718
[hold in-reg] w_data[28] -> _30829_/D : -21.241724
[hold in-reg] w_data[18] -> _36507_/D : -21.241728
[hold in-reg] w_data[17] -> _29410_/D : -21.241604
[hold in-reg] w_data[3] -> _29620_/D : -21.241602
[hold in-reg] w_data[18] -> _36475_/D : -21.241545
[hold in-reg] w_data[18] -> _36603_/D : -21.241554
[hold in-reg] w_data[18] -> _32583_/D : -21.241474
[hold in-reg] w_data[16] -> _33337_/D : -21.241423
[hold in-reg] w_data[18] -> _36571_/D : -21.241442
[hold in-reg] w_data[21] -> _28518_/D : -21.241083
[hold in-reg] w_data[5] -> _28662_/D : -21.241014
[hold in-reg] w_data[31] -> _30832_/D : -21.240749
[hold in-reg] w_data[5] -> _35662_/D : -21.240671
[hold in-reg] w_data[21] -> _28390_/D : -21.240648
[hold in-reg] w_data[5] -> _29302_/D : -21.240637
[hold in-reg] w_data[25] -> _35490_/D : -21.240614
[hold in-reg] w_data[5] -> _36302_/D : -21.240629
[hold in-reg] w_data[24] -> _29321_/D : -21.240456
[hold in-reg] w_data[4] -> _28341_/D : -21.240341
[hold in-reg] w_data[4] -> _33357_/D : -21.240166
[hold in-reg] w_data[27] -> _32560_/D : -21.240137
[hold in-reg] w_data[9] -> _33214_/D : -21.240032
[hold in-reg] w_data[4] -> _33049_/D : -21.239655
[hold in-reg] w_data[4] -> _32249_/D : -21.239597
[hold in-reg] w_data[0] -> _35273_/D : -21.239586
[hold in-reg] w_data[0] -> _35241_/D : -21.239492
[hold in-reg] w_data[21] -> _28422_/D : -21.239429
[hold in-reg] w_data[21] -> _28550_/D : -21.239405
[hold in-reg] w_data[21] -> _28486_/D : -21.239321
[hold in-reg] w_data[18] -> _36443_/D : -21.239334
[hold in-reg] w_data[25] -> _35842_/D : -21.239115
[hold in-reg] w_data[25] -> _35874_/D : -21.239124
[hold in-reg] w_data[21] -> _28454_/D : -21.239006
[hold in-reg] w_data[25] -> _35778_/D : -21.239014
[hold in-reg] w_data[21] -> _28582_/D : -21.238712
[hold in-reg] w_data[8] -> _28921_/D : -21.238649
[hold in-reg] w_data[21] -> _28614_/D : -21.238605
[hold in-reg] w_data[9] -> _32734_/D : -21.238531
[hold in-reg] w_data[9] -> _33266_/D : -21.238352
[hold in-reg] w_data[16] -> _29953_/D : -21.238245
[hold in-reg] w_data[25] -> _35810_/D : -21.238171
[hold in-reg] w_data[25] -> _35746_/D : -21.238117
[hold in-reg] w_data[25] -> _32622_/D : -21.238087
[hold in-reg] w_data[24] -> _33345_/D : -21.237778
[hold in-reg] w_data[25] -> _35714_/D : -21.237766
[hold in-reg] w_data[26] -> _35075_/D : -21.237707
[hold in-reg] w_data[26] -> _35107_/D : -21.237671
[hold in-reg] w_data[25] -> _35586_/D : -21.237549
[hold in-reg] w_data[16] -> _31658_/D : -21.237381
[hold in-reg] w_data[25] -> _35618_/D : -21.237343
[hold in-reg] w_data[27] -> _35204_/D : -21.236927
[hold in-reg] w_data[27] -> _35236_/D : -21.236809
[hold in-reg] w_data[27] -> _32784_/D : -21.236769
[hold in-reg] w_data[23] -> _29640_/D : -21.236555
[hold in-reg] w_data[6] -> _28663_/D : -21.236511
[hold in-reg] w_data[23] -> _33344_/D : -21.236233
[hold in-reg] w_data[6] -> _28983_/D : -21.235773
[hold in-reg] w_data[18] -> _35035_/D : -21.235682
[hold in-reg] w_data[6] -> _29303_/D : -21.235617
[hold in-reg] w_data[11] -> _35988_/D : -21.235437
[hold in-reg] w_data[21] -> _29414_/D : -21.235298
[hold in-reg] w_data[11] -> _36308_/D : -21.235283
[hold in-reg] w_data[6] -> _33051_/D : -21.234192
[hold in-reg] w_data[28] -> _30765_/D : -21.233528
[hold in-reg] w_data[27] -> _30988_/D : -21.233282
[hold in-reg] w_data[6] -> _31899_/D : -21.233284
[hold in-reg] w_data[4] -> _34061_/D : -21.233110
[hold in-reg] w_data[17] -> _29506_/D : -21.232874
[hold in-reg] w_data[23] -> _35040_/D : -21.232811
[hold in-reg] w_data[31] -> _30768_/D : -21.232574
[hold in-reg] w_data[23] -> _35360_/D : -21.232325
[hold in-reg] w_data[24] -> _29001_/D : -21.232256
[hold in-reg] w_data[5] -> _29622_/D : -21.232035
[hold in-reg] w_data[5] -> _33326_/D : -21.231928
[hold in-reg] w_data[15] -> _35512_/D : -21.231916
[hold in-reg] w_data[15] -> _35768_/D : -21.231911
[hold in-reg] w_data[28] -> _32369_/D : -21.231140
[hold in-reg] w_data[17] -> _29442_/D : -21.230844
[hold in-reg] w_data[16] -> _31909_/D : -21.230743
[hold in-reg] w_data[30] -> _32371_/D : -21.230524
[hold in-reg] w_data[24] -> _29641_/D : -21.230484
[hold in-reg] w_data[11] -> _35668_/D : -21.230419
[hold in-reg] w_data[16] -> _33369_/D : -21.230339
[hold in-reg] w_data[27] -> _31952_/D : -21.230244
[hold in-reg] w_data[30] -> _32179_/D : -21.230141
[hold in-reg] w_data[16] -> _32261_/D : -21.230129
[hold in-reg] w_data[16] -> _28353_/D : -21.230045
[hold in-reg] w_data[16] -> _30849_/D : -21.229870
[hold in-reg] w_data[17] -> _29186_/D : -21.229755
[hold in-reg] w_data[16] -> _30913_/D : -21.229717
[hold in-reg] w_data[17] -> _29282_/D : -21.229534
[hold in-reg] w_data[17] -> _29218_/D : -21.229465
[hold in-reg] w_data[12] -> _35061_/D : -21.229481
[hold in-reg] w_data[27] -> _33284_/D : -21.229443
[hold in-reg] w_data[17] -> _29474_/D : -21.229368
[hold in-reg] w_data[16] -> _35961_/D : -21.229288
[hold in-reg] w_data[30] -> _30639_/D : -21.228867
[hold in-reg] w_data[12] -> _35093_/D : -21.228308
[hold in-reg] w_data[28] -> _30541_/D : -21.228243
[hold in-reg] w_data[17] -> _29154_/D : -21.227972
[hold in-reg] w_data[24] -> _34881_/D : -21.227304
[hold in-reg] w_data[6] -> _29623_/D : -21.227247
[hold in-reg] w_data[21] -> _29158_/D : -21.227020
[hold in-reg] w_data[28] -> _32337_/D : -21.227039
[hold in-reg] w_data[12] -> _34869_/D : -21.226992
[hold in-reg] w_data[21] -> _29446_/D : -21.226971
[hold in-reg] w_data[14] -> _35223_/D : -21.226814
[hold in-reg] w_data[14] -> _35191_/D : -21.226757
[hold in-reg] w_data[18] -> _35675_/D : -21.226727
[hold in-reg] w_data[21] -> _29286_/D : -21.226688
[hold in-reg] w_data[18] -> _36539_/D : -21.226690
[hold in-reg] w_data[15] -> _35448_/D : -21.226662
[hold in-reg] w_data[24] -> _34913_/D : -21.226561
[hold in-reg] w_data[15] -> _35416_/D : -21.226446
[hold in-reg] w_data[18] -> _35995_/D : -21.226309
[hold in-reg] w_data[12] -> _34901_/D : -21.226122
[hold in-reg] w_data[12] -> _34997_/D : -21.226063
[hold in-reg] w_data[18] -> _36411_/D : -21.225874
[hold in-reg] w_data[30] -> _32339_/D : -21.225758
[hold in-reg] w_data[30] -> _30479_/D : -21.225645
[hold in-reg] w_data[15] -> _35384_/D : -21.225613
[hold in-reg] w_data[11] -> _29308_/D : -21.225319
[hold in-reg] w_data[27] -> _30348_/D : -21.225092
[hold in-reg] w_data[18] -> _36315_/D : -21.224815
[hold in-reg] w_data[6] -> _36527_/D : -21.224813
[hold in-reg] w_data[10] -> _28891_/D : -21.224224
[hold in-reg] w_data[4] -> _31646_/D : -21.224201
[hold in-reg] w_data[4] -> _30325_/D : -21.223969
[hold in-reg] w_data[4] -> _31573_/D : -21.223824
[hold in-reg] w_data[15] -> _35640_/D : -21.223793
[hold in-reg] w_data[6] -> _36591_/D : -21.223810
[hold in-reg] w_data[4] -> _29941_/D : -21.223757
[hold in-reg] w_data[6] -> _32571_/D : -21.223759
[hold in-reg] w_data[6] -> _36559_/D : -21.223663
[hold in-reg] w_data[8] -> _29209_/D : -21.222624
[hold in-reg] w_data[27] -> _30604_/D : -21.222073
[hold in-reg] w_data[17] -> _29250_/D : -21.221979
[hold in-reg] w_data[16] -> _32645_/D : -21.221987
[hold in-reg] w_data[7] -> _30872_/D : -21.221952
[hold in-reg] w_data[16] -> _33273_/D : -21.221930
[hold in-reg] w_data[17] -> _29346_/D : -21.221823
[hold in-reg] w_data[16] -> _31137_/D : -21.221821
[hold in-reg] w_data[25] -> _34946_/D : -21.221729
[hold in-reg] w_data[17] -> _29378_/D : -21.221642
[hold in-reg] w_data[16] -> _33221_/D : -21.221609
[hold in-reg] w_data[17] -> _29602_/D : -21.221458
[hold in-reg] w_data[25] -> _34882_/D : -21.221401
[hold in-reg] w_data[28] -> _30477_/D : -21.221376
[hold in-reg] w_data[17] -> _32422_/D : -21.221254
[hold in-reg] w_data[27] -> _33232_/D : -21.221222
[hold in-reg] w_data[6] -> _36463_/D : -21.221207
[hold in-reg] w_data[27] -> _30892_/D : -21.221184
[hold in-reg] w_data[8] -> _29177_/D : -21.220524
[hold in-reg] w_data[16] -> _36089_/D : -21.220520
[hold in-reg] w_data[6] -> _28407_/D : -21.220434
[hold in-reg] w_data[16] -> _31585_/D : -21.220377
[hold in-reg] w_data[27] -> _31596_/D : -21.220219
[hold in-reg] w_data[16] -> _36121_/D : -21.220226
[hold in-reg] w_data[23] -> _31665_/D : -21.220186
[hold in-reg] w_data[24] -> _35329_/D : -21.220161
[hold in-reg] w_data[8] -> _29401_/D : -21.220083
[hold in-reg] w_data[16] -> _30337_/D : -21.220037
[hold in-reg] w_data[6] -> _36495_/D : -21.220015
[hold in-reg] w_data[27] -> _31669_/D : -21.219952
[hold in-reg] w_data[17] -> _32454_/D : -21.219843
[hold in-reg] w_data[6] -> _28375_/D : -21.219639
[hold in-reg] w_data[8] -> _29273_/D : -21.219564
[hold in-reg] w_data[17] -> _29538_/D : -21.219461
[hold in-reg] w_data[11] -> _33332_/D : -21.219337
[hold in-reg] w_data[8] -> _29145_/D : -21.219278
[hold in-reg] w_data[23] -> _29960_/D : -21.219254
[hold in-reg] w_data[11] -> _34996_/D : -21.219170
[hold in-reg] w_data[25] -> _35010_/D : -21.219070
[hold in-reg] w_data[6] -> _28471_/D : -21.219002
[hold in-reg] w_data[11] -> _34868_/D : -21.218801
[hold in-reg] w_data[28] -> _30509_/D : -21.218685
[hold in-reg] w_data[28] -> _33009_/D : -21.218515
[hold in-reg] w_data[21] -> _32458_/D : -21.218494
[hold in-reg] w_data[7] -> _30968_/D : -21.218403
[hold in-reg] w_data[17] -> _29570_/D : -21.218325
[hold in-reg] w_data[12] -> _35189_/D : -21.218325
[hold in-reg] w_data[15] -> _35480_/D : -21.218323
[hold in-reg] w_data[15] -> _35576_/D : -21.218245
[hold in-reg] w_data[12] -> _35221_/D : -21.217955
[hold in-reg] w_data[12] -> _35157_/D : -21.217865
[hold in-reg] w_data[12] -> _34965_/D : -21.217710
[hold in-reg] w_data[12] -> _32801_/D : -21.217487
[hold in-reg] w_data[11] -> _34900_/D : -21.217182
[hold in-reg] w_data[27] -> _32752_/D : -21.216867
[hold in-reg] w_data[11] -> _34932_/D : -21.216677
[hold in-reg] w_data[18] -> _33339_/D : -21.216387
[hold in-reg] w_data[4] -> _30389_/D : -21.215902
[hold in-reg] w_data[6] -> _34383_/D : -21.215849
[hold in-reg] w_data[4] -> _33209_/D : -21.215807
[hold in-reg] w_data[4] -> _33261_/D : -21.215784
[hold in-reg] w_data[11] -> _29628_/D : -21.215666
[hold in-reg] w_data[27] -> _29964_/D : -21.215437
[hold in-reg] w_data[4] -> _32729_/D : -21.215223
[hold in-reg] w_data[17] -> _36154_/D : -21.215084
[hold in-reg] w_data[10] -> _29019_/D : -21.214834
[hold in-reg] w_data[24] -> _28361_/D : -21.214758
[hold in-reg] w_data[8] -> _29337_/D : -21.214594
[hold in-reg] w_data[24] -> _33377_/D : -21.214603
[hold in-reg] w_data[8] -> _29241_/D : -21.214516
[hold in-reg] w_data[8] -> _29369_/D : -21.214411
[hold in-reg] w_data[10] -> _28827_/D : -21.214380
[hold in-reg] w_data[27] -> _30412_/D : -21.214283
[hold in-reg] w_data[10] -> _28859_/D : -21.214211
[hold in-reg] w_data[10] -> _29051_/D : -21.214157
[hold in-reg] w_data[24] -> _32269_/D : -21.214054
[hold in-reg] w_data[5] -> _30838_/D : -21.212656
[hold in-reg] w_data[5] -> _30902_/D : -21.212551
[hold in-reg] w_data[24] -> _33069_/D : -21.212429
[hold in-reg] w_data[15] -> _35704_/D : -21.212357
[hold in-reg] w_data[6] -> _31287_/D : -21.212200
[hold in-reg] w_data[15] -> _35736_/D : -21.212132
[hold in-reg] w_data[16] -> _30401_/D : -21.212097
[hold in-reg] w_data[15] -> _35832_/D : -21.212114
[hold in-reg] w_data[25] -> _35330_/D : -21.212076
[hold in-reg] w_data[15] -> _35608_/D : -21.212044
[hold in-reg] w_data[8] -> _29465_/D : -21.212013
[hold in-reg] w_data[6] -> _33743_/D : -21.212023
[hold in-reg] w_data[1] -> _36458_/D : -21.212029
[hold in-reg] w_data[15] -> _35800_/D : -21.211979
[hold in-reg] w_data[24] -> _31917_/D : -21.211958
[hold in-reg] w_data[8] -> _29497_/D : -21.211908
[hold in-reg] w_data[15] -> _35864_/D : -21.211906
[hold in-reg] w_data[15] -> _35544_/D : -21.211754
[hold in-reg] w_data[1] -> _36490_/D : -21.211760
[hold in-reg] w_data[1] -> _36426_/D : -21.211687
[hold in-reg] w_data[1] -> _36394_/D : -21.211620
[hold in-reg] w_data[28] -> _32209_/D : -21.211494
[hold in-reg] w_data[8] -> _32445_/D : -21.211468
[hold in-reg] w_data[25] -> _32782_/D : -21.211411
[hold in-reg] w_data[8] -> _29433_/D : -21.211264
[hold in-reg] w_data[25] -> _32814_/D : -21.211237
[hold in-reg] w_data[3] -> _31572_/D : -21.211102
[hold in-reg] w_data[1] -> _36522_/D : -21.211084
[hold in-reg] w_data[3] -> _31645_/D : -21.210995
[hold in-reg] w_data[6] -> _30135_/D : -21.210930
[hold in-reg] w_data[3] -> _29940_/D : -21.210892
[hold in-reg] w_data[16] -> _32741_/D : -21.210707
[hold in-reg] w_data[11] -> _35252_/D : -21.210592
[hold in-reg] w_data[11] -> _35316_/D : -21.210539
[hold in-reg] w_data[11] -> _32768_/D : -21.209755
[hold in-reg] w_data[1] -> _36554_/D : -21.209694
[hold in-reg] w_data[1] -> _32566_/D : -21.209591
[hold in-reg] w_data[11] -> _34964_/D : -21.209517
[hold in-reg] w_data[11] -> _32800_/D : -21.209488
[hold in-reg] w_data[1] -> _36586_/D : -21.209448
[hold in-reg] w_data[24] -> _30857_/D : -21.209309
[hold in-reg] w_data[15] -> _32612_/D : -21.209270
[hold in-reg] w_data[18] -> _28995_/D : -21.209127
[hold in-reg] w_data[18] -> _28675_/D : -21.209051
[hold in-reg] w_data[23] -> _33280_/D : -21.209064
[hold in-reg] w_data[30] -> _30767_/D : -21.208651
[hold in-reg] w_data[23] -> _33228_/D : -21.208508
[hold in-reg] w_data[10] -> _29115_/D : -21.208302
[hold in-reg] w_data[18] -> _29315_/D : -21.208260
[hold in-reg] w_data[30] -> _30703_/D : -21.208065
[hold in-reg] w_data[6] -> _35023_/D : -21.207985
[hold in-reg] w_data[30] -> _30607_/D : -21.207256
[hold in-reg] w_data[13] -> _36438_/D : -21.207130
[hold in-reg] w_data[6] -> _34703_/D : -21.207056
[hold in-reg] w_data[10] -> _28923_/D : -21.207016
[hold in-reg] w_data[13] -> _36406_/D : -21.206717
[hold in-reg] w_data[6] -> _35343_/D : -21.206518
[hold in-reg] w_data[11] -> _33056_/D : -21.206125
[hold in-reg] w_data[25] -> _35074_/D : -21.205750
[hold in-reg] w_data[13] -> _36502_/D : -21.205715
[hold in-reg] w_data[26] -> _36451_/D : -21.205469
[hold in-reg] w_data[26] -> _36419_/D : -21.205399
[hold in-reg] w_data[11] -> _28348_/D : -21.205286
[hold in-reg] w_data[11] -> _33364_/D : -21.205114
[hold in-reg] w_data[13] -> _36470_/D : -21.205130
[hold in-reg] w_data[11] -> _31904_/D : -21.204950
[hold in-reg] w_data[10] -> _29083_/D : -21.204800
[hold in-reg] w_data[22] -> _36543_/D : -21.204752
[hold in-reg] w_data[11] -> _32256_/D : -21.204725
[hold in-reg] w_data[10] -> _32479_/D : -21.204571
[hold in-reg] w_data[30] -> _30991_/D : -21.204380
[hold in-reg] w_data[22] -> _36575_/D : -21.204317
[hold in-reg] w_data[26] -> _36515_/D : -21.204229
[hold in-reg] w_data[30] -> _31955_/D : -21.204195
[hold in-reg] w_data[26] -> _36483_/D : -21.204180
[hold in-reg] w_data[30] -> _32563_/D : -21.204145
[hold in-reg] w_data[30] -> _30831_/D : -21.204121
[hold in-reg] w_data[26] -> _36547_/D : -21.203703
[hold in-reg] w_data[5] -> _31126_/D : -21.203621
[hold in-reg] w_data[3] -> _33208_/D : -21.203627
[hold in-reg] w_data[22] -> _36415_/D : -21.203588
[hold in-reg] w_data[11] -> _30844_/D : -21.203207
[hold in-reg] w_data[22] -> _36607_/D : -21.203079
[hold in-reg] w_data[26] -> _36579_/D : -21.203053
[hold in-reg] w_data[22] -> _32587_/D : -21.202944
[hold in-reg] w_data[22] -> _36447_/D : -21.202688
[hold in-reg] w_data[26] -> _32591_/D : -21.202543
[hold in-reg] w_data[22] -> _36479_/D : -21.202272
[hold in-reg] w_data[6] -> _34063_/D : -21.202238
[hold in-reg] w_data[3] -> _30388_/D : -21.202135
[hold in-reg] w_data[22] -> _36511_/D : -21.201984
[hold in-reg] w_data[11] -> _30908_/D : -21.201809
[hold in-reg] w_data[28] -> _32081_/D : -21.201813
[hold in-reg] w_data[0] -> _36297_/D : -21.201771
[hold in-reg] w_data[26] -> _28395_/D : -21.201731
[hold in-reg] w_data[13] -> _36310_/D : -21.201714
[hold in-reg] w_data[26] -> _28331_/D : -21.201622
[hold in-reg] w_data[18] -> _28515_/D : -21.200962
[hold in-reg] w_data[24] -> _31145_/D : -21.200853
[hold in-reg] w_data[0] -> _35657_/D : -21.200762
[hold in-reg] w_data[17] -> _36186_/D : -21.200613
[hold in-reg] w_data[0] -> _35977_/D : -21.200541
[hold in-reg] w_data[18] -> _28579_/D : -21.200310
[hold in-reg] w_data[18] -> _28483_/D : -21.200285
[hold in-reg] w_data[18] -> _28611_/D : -21.200300
[hold in-reg] w_data[18] -> _28387_/D : -21.200199
[hold in-reg] w_data[26] -> _28427_/D : -21.200209
[hold in-reg] w_data[18] -> _28547_/D : -21.200171
[hold in-reg] w_data[18] -> _29635_/D : -21.200191
[hold in-reg] w_data[0] -> _28657_/D : -21.200090
[hold in-reg] w_data[0] -> _29297_/D : -21.200060
[hold in-reg] w_data[13] -> _35990_/D : -21.199759
[hold in-reg] w_data[22] -> _28423_/D : -21.199720
[hold in-reg] w_data[24] -> _30921_/D : -21.199652
[hold in-reg] w_data[19] -> _30916_/D : -21.199404
[hold in-reg] w_data[29] -> _34758_/D : -21.199272
[hold in-reg] w_data[8] -> _29561_/D : -21.198866
[hold in-reg] w_data[1] -> _31926_/D : -21.198687
[hold in-reg] w_data[17] -> _36282_/D : -21.198496
[hold in-reg] w_data[0] -> _28977_/D : -21.198309
[hold in-reg] w_data[8] -> _32413_/D : -21.198145
[hold in-reg] w_data[8] -> _29593_/D : -21.197971
[hold in-reg] w_data[12] -> _35509_/D : -21.197762
[hold in-reg] w_data[14] -> _36567_/D : -21.197775
[hold in-reg] w_data[22] -> _29319_/D : -21.197617
[hold in-reg] w_data[1] -> _32534_/D : -21.197523
[hold in-reg] w_data[1] -> _29938_/D : -21.197464
[hold in-reg] w_data[12] -> _35381_/D : -21.197432
[hold in-reg] w_data[14] -> _36535_/D : -21.197386
[hold in-reg] w_data[14] -> _36439_/D : -21.197248
[hold in-reg] w_data[1] -> _31643_/D : -21.197155
[hold in-reg] w_data[13] -> _35670_/D : -21.197159
[hold in-reg] w_data[14] -> _36407_/D : -21.197124
[hold in-reg] w_data[19] -> _30852_/D : -21.196785
[hold in-reg] w_data[26] -> _35235_/D : -21.196758
[hold in-reg] w_data[8] -> _28761_/D : -21.196722
[hold in-reg] w_data[12] -> _35445_/D : -21.196644
[hold in-reg] w_data[14] -> _36599_/D : -21.196640
[hold in-reg] w_data[19] -> _33064_/D : -21.196564
[hold in-reg] w_data[26] -> _35203_/D : -21.196415
[hold in-reg] w_data[22] -> _28999_/D : -21.196392
[hold in-reg] w_data[14] -> _32579_/D : -21.196297
[hold in-reg] w_data[26] -> _29323_/D : -21.196041
[hold in-reg] w_data[18] -> _30851_/D : -21.196051
[hold in-reg] w_data[14] -> _36503_/D : -21.195961
[hold in-reg] w_data[22] -> _36319_/D : -21.195936
[hold in-reg] w_data[30] -> _30895_/D : -21.195868
[hold in-reg] w_data[6] -> _31648_/D : -21.195814
[hold in-reg] w_data[22] -> _35999_/D : -21.195635
[hold in-reg] w_data[19] -> _31912_/D : -21.195593
[hold in-reg] w_data[18] -> _30915_/D : -21.195480
[hold in-reg] w_data[28] -> _32113_/D : -21.195372
[hold in-reg] w_data[14] -> _36471_/D : -21.195312
[hold in-reg] w_data[19] -> _34396_/D : -21.195177
[hold in-reg] w_data[12] -> _35413_/D : -21.195112
[hold in-reg] w_data[22] -> _31664_/D : -21.195091
[hold in-reg] w_data[11] -> _31132_/D : -21.195013
[hold in-reg] w_data[26] -> _30347_/D : -21.194838
[hold in-reg] w_data[17] -> _35642_/D : -21.194695
[hold in-reg] w_data[22] -> _35679_/D : -21.194155
[hold in-reg] w_data[22] -> _29959_/D : -21.194056
[hold in-reg] w_data[19] -> _31300_/D : -21.193798
[hold in-reg] w_data[0] -> _33321_/D : -21.193678
[hold in-reg] w_data[24] -> _34401_/D : -21.193657
[hold in-reg] w_data[26] -> _36323_/D : -21.193518
[hold in-reg] w_data[22] -> _31591_/D : -21.193213
[hold in-reg] w_data[23] -> _28360_/D : -21.193096
[hold in-reg] w_data[22] -> _30343_/D : -21.192924
[hold in-reg] w_data[17] -> _32678_/D : -21.192863
[hold in-reg] w_data[23] -> _33376_/D : -21.192837
[hold in-reg] w_data[23] -> _32268_/D : -21.192619
[hold in-reg] w_data[26] -> _36003_/D : -21.192497
[hold in-reg] w_data[17] -> _28546_/D : -21.192192
[hold in-reg] w_data[10] -> _29211_/D : -21.192169
[hold in-reg] w_data[1] -> _31570_/D : -21.191916
[hold in-reg] w_data[17] -> _28386_/D : -21.191891
[hold in-reg] w_data[28] -> _32177_/D : -21.191906
[hold in-reg] w_data[19] -> _30148_/D : -21.191811
[hold in-reg] w_data[1] -> _30322_/D : -21.191828
[hold in-reg] w_data[28] -> _30637_/D : -21.191826
[hold in-reg] w_data[19] -> _33756_/D : -21.191700
[hold in-reg] w_data[17] -> _28482_/D : -21.191463
[hold in-reg] w_data[17] -> _28514_/D : -21.191454
[hold in-reg] w_data[17] -> _28610_/D : -21.191196
[hold in-reg] w_data[28] -> _32241_/D : -21.191097
[hold in-reg] w_data[28] -> _30381_/D : -21.190899
[hold in-reg] w_data[17] -> _28578_/D : -21.190851
[hold in-reg] w_data[1] -> _28658_/D : -21.190823
[hold in-reg] w_data[29] -> _30862_/D : -21.190699
[hold in-reg] w_data[29] -> _34790_/D : -21.190580
[hold in-reg] w_data[12] -> _36213_/D : -21.190596
[hold in-reg] w_data[12] -> _36245_/D : -21.190596
[hold in-reg] w_data[7] -> _33052_/D : -21.190523
[hold in-reg] w_data[26] -> _29963_/D : -21.190350
[hold in-reg] w_data[26] -> _31668_/D : -21.190359
[hold in-reg] w_data[8] -> _28473_/D : -21.190189
[hold in-reg] w_data[8] -> _28409_/D : -21.190125
[hold in-reg] w_data[7] -> _28344_/D : -21.190088
[hold in-reg] w_data[8] -> _28441_/D : -21.190016
[hold in-reg] w_data[29] -> _30926_/D : -21.189957
[hold in-reg] w_data[12] -> _35541_/D : -21.189917
[hold in-reg] w_data[0] -> _29617_/D : -21.189785
[hold in-reg] w_data[7] -> _33360_/D : -21.189785
[hold in-reg] w_data[22] -> _29639_/D : -21.189703
[hold in-reg] w_data[11] -> _28668_/D : -21.189651
[hold in-reg] w_data[7] -> _32252_/D : -21.189583
[hold in-reg] w_data[1] -> _35658_/D : -21.189430
[hold in-reg] w_data[1] -> _29298_/D : -21.189310
[hold in-reg] w_data[6] -> _36431_/D : -21.189188
[hold in-reg] w_data[12] -> _35573_/D : -21.189127
[hold in-reg] w_data[26] -> _34819_/D : -21.189064
[hold in-reg] w_data[12] -> _35605_/D : -21.189066
[hold in-reg] w_data[11] -> _28988_/D : -21.189018
[hold in-reg] w_data[28] -> _31565_/D : -21.189037
[hold in-reg] w_data[26] -> _32751_/D : -21.189007
[hold in-reg] w_data[19] -> _31140_/D : -21.188984
[hold in-reg] w_data[6] -> _36399_/D : -21.188818
[hold in-reg] w_data[13] -> _33334_/D : -21.188698
[hold in-reg] w_data[11] -> _34388_/D : -21.188644
[hold in-reg] w_data[26] -> _29643_/D : -21.188547
[hold in-reg] w_data[1] -> _28978_/D : -21.188522
[hold in-reg] w_data[1] -> _30674_/D : -21.188530
[hold in-reg] w_data[11] -> _31292_/D : -21.188408
[hold in-reg] w_data[7] -> _30840_/D : -21.188299
[hold in-reg] w_data[26] -> _30987_/D : -21.188305
[hold in-reg] w_data[18] -> _31139_/D : -21.187824
[hold in-reg] w_data[6] -> _33211_/D : -21.187807
[hold in-reg] w_data[6] -> _33263_/D : -21.187828
[hold in-reg] w_data[12] -> _35477_/D : -21.187708
[hold in-reg] w_data[1] -> _30578_/D : -21.187679
[hold in-reg] w_data[26] -> _31595_/D : -21.187677
[hold in-reg] w_data[28] -> _31816_/D : -21.187468
[hold in-reg] w_data[11] -> _33748_/D : -21.187454
[hold in-reg] w_data[22] -> _28679_/D : -21.187357
[hold in-reg] w_data[1] -> _33258_/D : -21.187260
[hold in-reg] w_data[1] -> _33206_/D : -21.187191
[hold in-reg] w_data[22] -> _33343_/D : -21.187141
[hold in-reg] w_data[11] -> _30140_/D : -21.187027
[hold in-reg] w_data[1] -> _36298_/D : -21.187038
[hold in-reg] w_data[8] -> _28793_/D : -21.186958
[hold in-reg] w_data[17] -> _32614_/D : -21.186821
[hold in-reg] w_data[26] -> _33347_/D : -21.186712
[hold in-reg] w_data[0] -> _31569_/D : -21.186567
[hold in-reg] w_data[1] -> _35978_/D : -21.186558
[hold in-reg] w_data[21] -> _29222_/D : -21.186403
[hold in-reg] w_data[19] -> _35036_/D : -21.186213
[hold in-reg] w_data[28] -> _31373_/D : -21.186068
[hold in-reg] w_data[19] -> _34716_/D : -21.185959
[hold in-reg] w_data[24] -> _34721_/D : -21.185968
[hold in-reg] w_data[21] -> _29190_/D : -21.185909
[hold in-reg] w_data[24] -> _35041_/D : -21.185774
[hold in-reg] w_data[17] -> _35706_/D : -21.185747
[hold in-reg] w_data[22] -> _30407_/D : -21.185709
[hold in-reg] w_data[0] -> _30321_/D : -21.185642
[hold in-reg] w_data[21] -> _30918_/D : -21.185562
[hold in-reg] w_data[25] -> _35106_/D : -21.185558
[hold in-reg] w_data[17] -> _35738_/D : -21.185465
[hold in-reg] w_data[23] -> _30344_/D : -21.185421
[hold in-reg] w_data[21] -> _31914_/D : -21.185369
[hold in-reg] w_data[24] -> _35361_/D : -21.185352
[hold in-reg] w_data[14] -> _31583_/D : -21.185265
[hold in-reg] w_data[21] -> _30854_/D : -21.185190
[hold in-reg] w_data[23] -> _31592_/D : -21.185188
[hold in-reg] w_data[22] -> _32747_/D : -21.185196
[hold in-reg] w_data[3] -> _30132_/D : -21.184969
[hold in-reg] w_data[19] -> _35356_/D : -21.184883
[hold in-reg] w_data[26] -> _29003_/D : -21.184809
[hold in-reg] w_data[3] -> _31284_/D : -21.184708
[hold in-reg] w_data[7] -> _31900_/D : -21.184675
[hold in-reg] w_data[3] -> _34380_/D : -21.184666
[hold in-reg] w_data[3] -> _33740_/D : -21.184435
[hold in-reg] w_data[22] -> _33279_/D : -21.184238
[hold in-reg] w_data[14] -> _35671_/D : -21.184031
[hold in-reg] w_data[26] -> _33231_/D : -21.183912
[hold in-reg] w_data[10] -> _29243_/D : -21.183817
[hold in-reg] w_data[11] -> _35028_/D : -21.183716
[hold in-reg] w_data[7] -> _30904_/D : -21.183680
[hold in-reg] w_data[13] -> _29310_/D : -21.183626
[hold in-reg] w_data[1] -> _30386_/D : -21.183121
[hold in-reg] w_data[1] -> _32726_/D : -21.183073
[hold in-reg] w_data[26] -> _28683_/D : -21.182867
[hold in-reg] w_data[22] -> _33227_/D : -21.182667
[hold in-reg] w_data[14] -> _35991_/D : -21.182581
[hold in-reg] w_data[26] -> _33283_/D : -21.182510
[hold in-reg] w_data[26] -> _34851_/D : -21.182516
[hold in-reg] w_data[26] -> _30411_/D : -21.182150
[hold in-reg] w_data[26] -> _35683_/D : -21.182146
[hold in-reg] w_data[14] -> _28671_/D : -21.182119
[hold in-reg] w_data[4] -> _30805_/D : -21.181486
[hold in-reg] w_data[14] -> _29311_/D : -21.181456
[hold in-reg] w_data[29] -> _31150_/D : -21.181471
[hold in-reg] w_data[10] -> _29339_/D : -21.181284
[hold in-reg] w_data[21] -> _34878_/D : -21.181046
[hold in-reg] w_data[1] -> _29618_/D : -21.181023
[hold in-reg] w_data[28] -> _31638_/D : -21.180719
[hold in-reg] w_data[14] -> _36311_/D : -21.180679
[hold in-reg] w_data[14] -> _28991_/D : -21.180593
[hold in-reg] w_data[10] -> _29147_/D : -21.180405
[hold in-reg] w_data[10] -> _29275_/D : -21.180050
[hold in-reg] w_data[7] -> _31128_/D : -21.179798
[hold in-reg] w_data[10] -> _29371_/D : -21.179583
[hold in-reg] w_data[10] -> _29179_/D : -21.179520
[hold in-reg] w_data[11] -> _34068_/D : -21.179482
[hold in-reg] w_data[11] -> _35348_/D : -21.179358
[hold in-reg] w_data[11] -> _34708_/D : -21.179272
[hold in-reg] w_data[21] -> _29542_/D : -21.178682
[hold in-reg] w_data[21] -> _32426_/D : -21.178194
[hold in-reg] w_data[21] -> _29254_/D : -21.178156
[hold in-reg] w_data[21] -> _29510_/D : -21.178026
[hold in-reg] w_data[21] -> _29574_/D : -21.178005
[hold in-reg] w_data[21] -> _29606_/D : -21.177813
[hold in-reg] w_data[21] -> _29478_/D : -21.177746
[hold in-reg] w_data[14] -> _33219_/D : -21.177496
[hold in-reg] w_data[14] -> _30399_/D : -21.177473
[hold in-reg] w_data[10] -> _32447_/D : -21.177483
[hold in-reg] w_data[21] -> _35646_/D : -21.176895
[hold in-reg] w_data[1] -> _33322_/D : -21.176857
[hold in-reg] w_data[23] -> _32748_/D : -21.176788
[hold in-reg] w_data[13] -> _29630_/D : -21.176691
[hold in-reg] w_data[21] -> _29350_/D : -21.176645
[hold in-reg] w_data[21] -> _29382_/D : -21.176567
[hold in-reg] w_data[23] -> _30408_/D : -21.176474
[hold in-reg] w_data[17] -> _36250_/D : -21.176462
[hold in-reg] w_data[3] -> _34060_/D : -21.176374
[hold in-reg] w_data[17] -> _36378_/D : -21.176268
[hold in-reg] w_data[21] -> _31142_/D : -21.176207
[hold in-reg] w_data[17] -> _36346_/D : -21.176167
[hold in-reg] w_data[17] -> _36218_/D : -21.176033
[hold in-reg] w_data[10] -> _32415_/D : -21.175978
[hold in-reg] w_data[3] -> _35020_/D : -21.175735
[hold in-reg] w_data[3] -> _35340_/D : -21.175671
[hold in-reg] w_data[1] -> _30802_/D : -21.175541
[hold in-reg] w_data[1] -> _31282_/D : -21.175449
[hold in-reg] w_data[0] -> _30385_/D : -21.175386
[hold in-reg] w_data[4] -> _30741_/D : -21.175224
[hold in-reg] w_data[1] -> _34378_/D : -21.175220
[hold in-reg] w_data[1] -> _30130_/D : -21.175175
[hold in-reg] w_data[0] -> _32725_/D : -21.175142
[hold in-reg] w_data[3] -> _34700_/D : -21.175154
[hold in-reg] w_data[19] -> _34076_/D : -21.175091
[hold in-reg] w_data[4] -> _30965_/D : -21.174999
[hold in-reg] w_data[1] -> _33738_/D : -21.174326
[hold in-reg] w_data[1] -> _32246_/D : -21.174141
[hold in-reg] w_data[26] -> _30891_/D : -21.173939
[hold in-reg] w_data[13] -> _34998_/D : -21.173903
[hold in-reg] w_data[26] -> _32559_/D : -21.173565
[hold in-reg] w_data[1] -> _33046_/D : -21.173477
[hold in-reg] w_data[14] -> _33335_/D : -21.173168
[hold in-reg] w_data[13] -> _28670_/D : -21.172962
[hold in-reg] w_data[22] -> _31303_/D : -21.172762
[hold in-reg] w_data[7] -> _34384_/D : -21.172739
[hold in-reg] w_data[14] -> _29631_/D : -21.172657
[hold in-reg] w_data[7] -> _30136_/D : -21.172623
[hold in-reg] w_data[3] -> _30324_/D : -21.172283
[hold in-reg] w_data[7] -> _33744_/D : -21.172203
[hold in-reg] w_data[22] -> _34399_/D : -21.171972
[hold in-reg] w_data[22] -> _30151_/D : -21.171698
[hold in-reg] w_data[7] -> _34736_/D : -21.171585
[hold in-reg] w_data[10] -> _29499_/D : -21.171532
[hold in-reg] w_data[13] -> _35094_/D : -21.171446
[hold in-reg] w_data[1] -> _31894_/D : -21.171360
[hold in-reg] w_data[13] -> _35062_/D : -21.171343
[hold in-reg] w_data[7] -> _34608_/D : -21.171303
[hold in-reg] w_data[10] -> _29467_/D : -21.171242
[hold in-reg] w_data[10] -> _29563_/D : -21.171232
[hold in-reg] w_data[22] -> _33759_/D : -21.171108
[hold in-reg] w_data[10] -> _29595_/D : -21.170965
[hold in-reg] w_data[26] -> _31951_/D : -21.170736
[hold in-reg] w_data[5] -> _31286_/D : -21.170134
[hold in-reg] w_data[5] -> _30134_/D : -21.170048
[hold in-reg] w_data[29] -> _31310_/D : -21.170063
[hold in-reg] w_data[26] -> _34755_/D : -21.169909
[hold in-reg] w_data[5] -> _33742_/D : -21.169823
[hold in-reg] w_data[21] -> _34910_/D : -21.169535
[hold in-reg] w_data[13] -> _28990_/D : -21.169506
[hold in-reg] w_data[7] -> _31288_/D : -21.169498
[hold in-reg] w_data[4] -> _30869_/D : -21.169460
[hold in-reg] w_data[25] -> _28490_/D : -21.169289
[hold in-reg] w_data[13] -> _30334_/D : -21.169296
[hold in-reg] w_data[25] -> _28522_/D : -21.169165
[hold in-reg] w_data[21] -> _32618_/D : -21.169144
[hold in-reg] w_data[8] -> _35441_/D : -21.168848
[hold in-reg] w_data[13] -> _31582_/D : -21.168308
[hold in-reg] w_data[0] -> _33205_/D : -21.167727
[hold in-reg] w_data[1] -> _30738_/D : -21.167395
[hold in-reg] w_data[25] -> _28458_/D : -21.167345
[hold in-reg] w_data[10] -> _29531_/D : -21.166718
[hold in-reg] w_data[1] -> _34058_/D : -21.166708
[hold in-reg] w_data[0] -> _33257_/D : -21.166456
[hold in-reg] w_data[10] -> _28955_/D : -21.166327
[hold in-reg] w_data[1] -> _35338_/D : -21.166327
[hold in-reg] w_data[12] -> _33749_/D : -21.165592
[hold in-reg] w_data[10] -> _35699_/D : -21.165379
[hold in-reg] w_data[10] -> _35731_/D : -21.165260
[hold in-reg] w_data[13] -> _32802_/D : -21.164501
[hold in-reg] w_data[0] -> _29937_/D : -21.164440
[hold in-reg] w_data[13] -> _35158_/D : -21.164392
[hold in-reg] w_data[13] -> _29950_/D : -21.164013
[hold in-reg] w_data[0] -> _31642_/D : -21.163967
[hold in-reg] w_data[31] -> _30544_/D : -21.163944
[hold in-reg] w_data[7] -> _35024_/D : -21.163939
[hold in-reg] w_data[7] -> _34704_/D : -21.163847
[hold in-reg] w_data[7] -> _35344_/D : -21.163700
[hold in-reg] w_data[22] -> _34079_/D : -21.163229
[hold in-reg] w_data[10] -> _28635_/D : -21.163174
[hold in-reg] w_data[25] -> _28394_/D : -21.163143
[hold in-reg] w_data[10] -> _35059_/D : -21.163097
[hold in-reg] w_data[3] -> _32728_/D : -21.162868
[hold in-reg] w_data[18] -> _33275_/D : -21.162876
[hold in-reg] w_data[21] -> _35102_/D : -21.162853
[hold in-reg] w_data[10] -> _28763_/D : -21.162807
[hold in-reg] w_data[13] -> _31655_/D : -21.162794
[hold in-reg] w_data[3] -> _33260_/D : -21.162806
[hold in-reg] w_data[30] -> _31599_/D : -21.162554
[hold in-reg] w_data[30] -> _31672_/D : -21.162558
[hold in-reg] w_data[13] -> _35126_/D : -21.162514
[hold in-reg] w_data[25] -> _28426_/D : -21.162460
[hold in-reg] w_data[15] -> _35288_/D : -21.162422
[hold in-reg] w_data[25] -> _36546_/D : -21.162428
[hold in-reg] w_data[30] -> _29967_/D : -21.162251
[hold in-reg] w_data[25] -> _28330_/D : -21.162153
[hold in-reg] w_data[22] -> _34719_/D : -21.162142
[hold in-reg] w_data[22] -> _35359_/D : -21.162041
[hold in-reg] w_data[21] -> _35070_/D : -21.161983
[hold in-reg] w_data[18] -> _31587_/D : -21.161942
[hold in-reg] w_data[13] -> _32738_/D : -21.161957
[hold in-reg] w_data[15] -> _35256_/D : -21.161942
[hold in-reg] w_data[25] -> _32590_/D : -21.161911
[hold in-reg] w_data[5] -> _34062_/D : -21.161108
[hold in-reg] w_data[26] -> _34787_/D : -21.161093
[hold in-reg] w_data[9] -> _30970_/D : -21.160801
[hold in-reg] w_data[10] -> _32511_/D : -21.160789
[hold in-reg] w_data[10] -> _35827_/D : -21.160633
[hold in-reg] w_data[22] -> _35039_/D : -21.160408
[hold in-reg] w_data[13] -> _30398_/D : -21.160370
[hold in-reg] w_data[8] -> _35473_/D : -21.160341
[hold in-reg] w_data[7] -> _34064_/D : -21.160185
[hold in-reg] w_data[18] -> _33223_/D : -21.160133
[hold in-reg] w_data[29] -> _34406_/D : -21.159880
[hold in-reg] w_data[13] -> _35190_/D : -21.159887
[hold in-reg] w_data[10] -> _28699_/D : -21.159769
[hold in-reg] w_data[14] -> _31295_/D : -21.159739
[hold in-reg] w_data[10] -> _35859_/D : -21.159578
[hold in-reg] w_data[10] -> _35795_/D : -21.159374
[hold in-reg] w_data[29] -> _30158_/D : -21.159220
[hold in-reg] w_data[13] -> _33218_/D : -21.158377
[hold in-reg] w_data[14] -> _30143_/D : -21.158083
[hold in-reg] w_data[30] -> _30543_/D : -21.157867
[hold in-reg] w_data[14] -> _33751_/D : -21.157841
[hold in-reg] w_data[8] -> _35089_/D : -21.157728
[hold in-reg] w_data[8] -> _35057_/D : -21.157627
[hold in-reg] w_data[13] -> _33270_/D : -21.157520
[hold in-reg] w_data[12] -> _34069_/D : -21.157473
[hold in-reg] w_data[12] -> _34709_/D : -21.156742
[hold in-reg] w_data[10] -> _28379_/D : -21.156609
[hold in-reg] w_data[12] -> _35349_/D : -21.156130
[hold in-reg] w_data[24] -> _32557_/D : -21.155928
[hold in-reg] w_data[10] -> _28411_/D : -21.155849
[hold in-reg] w_data[12] -> _35029_/D : -21.155842
[hold in-reg] w_data[31] -> _30640_/D : -21.155716
[hold in-reg] w_data[10] -> _28795_/D : -21.155653
[hold in-reg] w_data[15] -> _35320_/D : -21.155670
[hold in-reg] w_data[10] -> _28443_/D : -21.155649
[hold in-reg] w_data[31] -> _32180_/D : -21.155643
[hold in-reg] w_data[31] -> _30512_/D : -21.155622
[hold in-reg] w_data[24] -> _30825_/D : -21.155561
[hold in-reg] w_data[6] -> _29943_/D : -21.155315
[hold in-reg] w_data[31] -> _33012_/D : -21.155306
[hold in-reg] w_data[31] -> _30480_/D : -21.155199
[hold in-reg] w_data[30] -> _30415_/D : -21.154476
[hold in-reg] w_data[14] -> _34391_/D : -21.154219
[hold in-reg] w_data[13] -> _35222_/D : -21.153389
[hold in-reg] w_data[24] -> _30761_/D : -21.153288
[hold in-reg] w_data[10] -> _36211_/D : -21.153122
[hold in-reg] w_data[10] -> _36243_/D : -21.152891
[hold in-reg] w_data[10] -> _28731_/D : -21.152447
[hold in-reg] w_data[10] -> _35635_/D : -21.151617
[hold in-reg] w_data[15] -> _35128_/D : -21.150991
[hold in-reg] w_data[29] -> _34086_/D : -21.150936
[hold in-reg] w_data[10] -> _35091_/D : -21.150427
[hold in-reg] w_data[0] -> _33737_/D : -21.150238
[hold in-reg] w_data[15] -> _35000_/D : -21.150091
[hold in-reg] w_data[9] -> _32542_/D : -21.149866
[hold in-reg] w_data[25] -> _28554_/D : -21.149799
[hold in-reg] w_data[30] -> _30511_/D : -21.149496
[hold in-reg] w_data[28] -> _31670_/D : -21.149401
[hold in-reg] w_data[20] -> _32201_/D : -21.149242
[hold in-reg] w_data[21] -> _34942_/D : -21.149260
[hold in-reg] w_data[0] -> _34377_/D : -21.149157
[hold in-reg] w_data[28] -> _30349_/D : -21.149134
[hold in-reg] w_data[20] -> _32169_/D : -21.149055
[hold in-reg] w_data[30] -> _33011_/D : -21.148924
[hold in-reg] w_data[9] -> _34770_/D : -21.148865
[hold in-reg] w_data[0] -> _33045_/D : -21.148813
[hold in-reg] w_data[20] -> _32073_/D : -21.148787
[hold in-reg] w_data[14] -> _34071_/D : -21.148676
[hold in-reg] w_data[0] -> _30897_/D : -21.148314
[hold in-reg] w_data[20] -> _32233_/D : -21.148275
[hold in-reg] w_data[0] -> _31893_/D : -21.147732
[hold in-reg] w_data[0] -> _32245_/D : -21.147505
[hold in-reg] w_data[21] -> _34974_/D : -21.147478
[hold in-reg] w_data[18] -> _30403_/D : -21.147425
[hold in-reg] w_data[10] -> _35507_/D : -21.147440
[hold in-reg] w_data[0] -> _33353_/D : -21.147394
[hold in-reg] w_data[20] -> _30629_/D : -21.146982
[hold in-reg] w_data[24] -> _31949_/D : -21.146431
[hold in-reg] w_data[24] -> _30985_/D : -21.145409
[hold in-reg] w_data[15] -> _34936_/D : -21.144957
[hold in-reg] w_data[14] -> _35351_/D : -21.144924
[hold in-reg] w_data[10] -> _35379_/D : -21.144918
[hold in-reg] w_data[29] -> _32882_/D : -21.144842
[hold in-reg] w_data[10] -> _35411_/D : -21.144188
[hold in-reg] w_data[13] -> _33058_/D : -21.144045
[hold in-reg] w_data[9] -> _34738_/D : -21.143940
[hold in-reg] w_data[0] -> _28337_/D : -21.143873
[hold in-reg] w_data[27] -> _30636_/D : -21.143751
[hold in-reg] w_data[27] -> _32176_/D : -21.143679
[hold in-reg] w_data[10] -> _35443_/D : -21.143015
[hold in-reg] w_data[10] -> _32607_/D : -21.142729
[hold in-reg] w_data[1] -> _34602_/D : -21.142544
[hold in-reg] w_data[25] -> _36002_/D : -21.142523
[hold in-reg] w_data[0] -> _34057_/D : -21.142412
[hold in-reg] w_data[16] -> _35673_/D : -21.142292
[hold in-reg] w_data[1] -> _34634_/D : -21.142176
[hold in-reg] w_data[16] -> _29313_/D : -21.141626
[hold in-reg] w_data[10] -> _35763_/D : -21.141581
[hold in-reg] w_data[28] -> _33285_/D : -21.141390
[hold in-reg] w_data[25] -> _36450_/D : -21.141333
[hold in-reg] w_data[1] -> _34666_/D : -21.141270
[hold in-reg] w_data[25] -> _35682_/D : -21.141233
[hold in-reg] w_data[16] -> _35993_/D : -21.141008
[hold in-reg] w_data[28] -> _33233_/D : -21.140978
[hold in-reg] w_data[0] -> _35017_/D : -21.140930
[hold in-reg] w_data[0] -> _35337_/D : -21.140820
[hold in-reg] w_data[10] -> _34867_/D : -21.140734
[hold in-reg] w_data[28] -> _32753_/D : -21.140682
[hold in-reg] w_data[10] -> _34995_/D : -21.140551
[hold in-reg] w_data[1] -> _34474_/D : -21.140512
[hold in-reg] w_data[25] -> _36482_/D : -21.140419
[hold in-reg] w_data[25] -> _36322_/D : -21.140375
[hold in-reg] w_data[25] -> _36514_/D : -21.140339
[hold in-reg] w_data[25] -> _28682_/D : -21.139843
[hold in-reg] w_data[25] -> _36418_/D : -21.139807
[hold in-reg] w_data[10] -> _34931_/D : -21.139769
[hold in-reg] w_data[1] -> _34538_/D : -21.139721
[hold in-reg] w_data[20] -> _32105_/D : -21.139685
[hold in-reg] w_data[20] -> _31365_/D : -21.139648
[hold in-reg] w_data[20] -> _31808_/D : -21.139486
[hold in-reg] w_data[25] -> _36578_/D : -21.139484
[hold in-reg] w_data[10] -> _34899_/D : -21.139339
[hold in-reg] w_data[0] -> _30129_/D : -21.139149
[hold in-reg] w_data[13] -> _34742_/D : -21.139143
[hold in-reg] w_data[15] -> _32772_/D : -21.138708
[hold in-reg] w_data[24] -> _30697_/D : -21.138683
[hold in-reg] w_data[15] -> _35064_/D : -21.138666
[hold in-reg] w_data[25] -> _29002_/D : -21.138607
[hold in-reg] w_data[15] -> _35096_/D : -21.138550
[hold in-reg] w_data[24] -> _30889_/D : -21.138210
[hold in-reg] w_data[13] -> _34870_/D : -21.138218
[hold in-reg] w_data[24] -> _30601_/D : -21.138121
[hold in-reg] w_data[0] -> _31281_/D : -21.138071
[hold in-reg] w_data[25] -> _29322_/D : -21.138000
[hold in-reg] w_data[9] -> _34834_/D : -21.137236
[hold in-reg] w_data[0] -> _30801_/D : -21.137175
[hold in-reg] w_data[13] -> _34934_/D : -21.137123
[hold in-reg] w_data[13] -> _34902_/D : -21.137039
[hold in-reg] w_data[15] -> _34872_/D : -21.136461
[hold in-reg] w_data[20] -> _31945_/D : -21.136339
[hold in-reg] w_data[1] -> _34858_/D : -21.135891
[hold in-reg] w_data[1] -> _34986_/D : -21.135529
[hold in-reg] w_data[20] -> _32553_/D : -21.135496
[hold in-reg] w_data[0] -> _34697_/D : -21.135073
[hold in-reg] w_data[31] -> _31956_/D : -21.134926
[hold in-reg] w_data[15] -> _32804_/D : -21.134909
[hold in-reg] w_data[19] -> _30340_/D : -21.134724
[hold in-reg] w_data[10] -> _35475_/D : -21.134693
[hold in-reg] w_data[10] -> _35571_/D : -21.134697
[hold in-reg] w_data[10] -> _35603_/D : -21.134708
[hold in-reg] w_data[19] -> _31588_/D : -21.134495
[hold in-reg] w_data[31] -> _30992_/D : -21.134439
[hold in-reg] w_data[26] -> _32335_/D : -21.134388
[hold in-reg] w_data[31] -> _32564_/D : -21.134378
[hold in-reg] w_data[10] -> _35539_/D : -21.134081
[hold in-reg] w_data[26] -> _30827_/D : -21.133825
[hold in-reg] w_data[1] -> _34794_/D : -21.133329
[hold in-reg] w_data[18] -> _29955_/D : -21.133154
[hold in-reg] w_data[16] -> _29633_/D : -21.133133
[hold in-reg] w_data[1] -> _32822_/D : -21.132957
[hold in-reg] w_data[1] -> _34826_/D : -21.132908
[hold in-reg] w_data[25] -> _33346_/D : -21.132805
[hold in-reg] w_data[26] -> _32175_/D : -21.132751
[hold in-reg] w_data[26] -> _30635_/D : -21.132608
[hold in-reg] w_data[15] -> _34968_/D : -21.132496
[hold in-reg] w_data[10] -> _32767_/D : -21.132366
[hold in-reg] w_data[18] -> _31660_/D : -21.132256
[hold in-reg] w_data[26] -> _32367_/D : -21.132227
[hold in-reg] w_data[17] -> _35514_/D : -21.132149
[hold in-reg] w_data[1] -> _34570_/D : -21.131975
[hold in-reg] w_data[15] -> _34904_/D : -21.131958
[hold in-reg] w_data[18] -> _30339_/D : -21.131830
[hold in-reg] w_data[10] -> _32799_/D : -21.131762
[hold in-reg] w_data[12] -> _28509_/D : -21.131556
[hold in-reg] w_data[19] -> _29956_/D : -21.131399
[hold in-reg] w_data[13] -> _35254_/D : -21.131361
[hold in-reg] w_data[10] -> _34963_/D : -21.131338
[hold in-reg] w_data[10] -> _35315_/D : -21.131353
[hold in-reg] w_data[9] -> _30810_/D : -21.130913
[hold in-reg] w_data[13] -> _35318_/D : -21.130596
[hold in-reg] w_data[19] -> _31661_/D : -21.130520
[hold in-reg] w_data[13] -> _35286_/D : -21.130487
[hold in-reg] w_data[13] -> _34774_/D : -21.130112
[hold in-reg] w_data[12] -> _28541_/D : -21.129923
[hold in-reg] w_data[25] -> _29642_/D : -21.129766
[hold in-reg] w_data[13] -> _34966_/D : -21.129316
[hold in-reg] w_data[17] -> _35386_/D : -21.128933
[hold in-reg] w_data[12] -> _28413_/D : -21.128906
[hold in-reg] w_data[17] -> _35450_/D : -21.128801
[hold in-reg] w_data[13] -> _34806_/D : -21.128752
[hold in-reg] w_data[15] -> _34744_/D : -21.127686
[hold in-reg] w_data[12] -> _36565_/D : -21.127556
[hold in-reg] w_data[12] -> _32577_/D : -21.127501
[hold in-reg] w_data[12] -> _28445_/D : -21.127478
[hold in-reg] w_data[12] -> _28381_/D : -21.127430
[hold in-reg] w_data[12] -> _36597_/D : -21.127432
[hold in-reg] w_data[31] -> _30608_/D : -21.127350
[hold in-reg] w_data[29] -> _34374_/D : -21.127270
[hold in-reg] w_data[12] -> _28477_/D : -21.127153
[hold in-reg] w_data[19] -> _32552_/D : -21.126947
[hold in-reg] w_data[31] -> _30704_/D : -21.126865
[hold in-reg] w_data[19] -> _33276_/D : -21.126427
[hold in-reg] w_data[0] -> _34857_/D : -21.126343
[hold in-reg] w_data[19] -> _33224_/D : -21.126295
[hold in-reg] w_data[26] -> _30763_/D : -21.126083
[hold in-reg] w_data[19] -> _30404_/D : -21.125898
[hold in-reg] w_data[31] -> _30896_/D : -21.125877
[hold in-reg] w_data[7] -> _30808_/D : -21.125673
[hold in-reg] w_data[7] -> _31932_/D : -21.125217
[hold in-reg] w_data[26] -> _30603_/D : -21.125097
[hold in-reg] w_data[19] -> _32744_/D : -21.125080
[hold in-reg] w_data[19] -> _30980_/D : -21.124943
[hold in-reg] w_data[20] -> _30821_/D : -21.124699
[hold in-reg] w_data[20] -> _30981_/D : -21.124632
[hold in-reg] w_data[26] -> _30699_/D : -21.124550
[hold in-reg] w_data[9] -> _34802_/D : -21.124470
[hold in-reg] w_data[7] -> _32540_/D : -21.124287
[hold in-reg] w_data[24] -> _30537_/D : -21.123997
[hold in-reg] w_data[19] -> _34748_/D : -21.124012
[hold in-reg] w_data[18] -> _32743_/D : -21.123928
[hold in-reg] w_data[25] -> _30154_/D : -21.123652
[hold in-reg] w_data[25] -> _33070_/D : -21.123512
[hold in-reg] w_data[0] -> _34985_/D : -21.123425
[hold in-reg] w_data[9] -> _30586_/D : -21.123329
[hold in-reg] w_data[9] -> _30746_/D : -21.123293
[hold in-reg] w_data[8] -> _36145_/D : -21.123140
[hold in-reg] w_data[25] -> _33762_/D : -21.123013
[hold in-reg] w_data[19] -> _30692_/D : -21.122927
[hold in-reg] w_data[9] -> _30682_/D : -21.122854
[hold in-reg] w_data[17] -> _35546_/D : -21.122852
[hold in-reg] w_data[25] -> _30922_/D : -21.122793
[hold in-reg] w_data[17] -> _32774_/D : -21.122778
[hold in-reg] w_data[0] -> _30737_/D : -21.122717
[hold in-reg] w_data[17] -> _35578_/D : -21.122534
[hold in-reg] w_data[17] -> _35610_/D : -21.122549
[hold in-reg] w_data[25] -> _32270_/D : -21.122364
[hold in-reg] w_data[17] -> _35258_/D : -21.121931
[hold in-reg] w_data[17] -> _35322_/D : -21.121874
[hold in-reg] w_data[25] -> _28362_/D : -21.121832
[hold in-reg] w_data[25] -> _33378_/D : -21.121731
[hold in-reg] w_data[17] -> _35290_/D : -21.121567
[hold in-reg] w_data[25] -> _31918_/D : -21.121452
[hold in-reg] w_data[25] -> _30858_/D : -21.121367
[hold in-reg] w_data[19] -> _30596_/D : -21.120895
[hold in-reg] w_data[7] -> _30520_/D : -21.120640
[hold in-reg] w_data[17] -> _35482_/D : -21.120378
[hold in-reg] w_data[8] -> _34801_/D : -21.120205
[hold in-reg] w_data[27] -> _32240_/D : -21.120071
[hold in-reg] w_data[27] -> _32208_/D : -21.119616
[hold in-reg] w_data[22] -> _32555_/D : -21.119364
[hold in-reg] w_data[27] -> _32080_/D : -21.119286
[hold in-reg] w_data[8] -> _35249_/D : -21.119053
[hold in-reg] w_data[8] -> _35281_/D : -21.118992
[hold in-reg] w_data[2] -> _30963_/D : -21.118784
[hold in-reg] w_data[22] -> _31947_/D : -21.118225
[hold in-reg] w_data[2] -> _30803_/D : -21.118002
[hold in-reg] w_data[7] -> _30680_/D : -21.117573
[hold in-reg] w_data[27] -> _30380_/D : -21.117477
[hold in-reg] w_data[7] -> _30744_/D : -21.117334
[hold in-reg] w_data[7] -> _30584_/D : -21.117195
[hold in-reg] w_data[9] -> _34674_/D : -21.117159
[hold in-reg] w_data[20] -> _30885_/D : -21.116632
[hold in-reg] w_data[12] -> _28605_/D : -21.116486
[hold in-reg] w_data[12] -> _28573_/D : -21.116446
[hold in-reg] w_data[19] -> _34780_/D : -21.115852
[hold in-reg] w_data[20] -> _30757_/D : -21.115734
[hold in-reg] w_data[20] -> _30693_/D : -21.115589
[hold in-reg] w_data[20] -> _30597_/D : -21.115421
[hold in-reg] w_data[8] -> _29529_/D : -21.115234
[hold in-reg] w_data[25] -> _34082_/D : -21.115000
[hold in-reg] w_data[8] -> _36177_/D : -21.114712
[hold in-reg] w_data[22] -> _30983_/D : -21.114670
[hold in-reg] w_data[17] -> _35130_/D : -21.114546
[hold in-reg] w_data[8] -> _36241_/D : -21.114483
[hold in-reg] w_data[13] -> _32546_/D : -21.114458
[hold in-reg] w_data[12] -> _34421_/D : -21.114443
[hold in-reg] w_data[4] -> _31929_/D : -21.114092
[hold in-reg] w_data[8] -> _36209_/D : -21.114008
[hold in-reg] w_data[21] -> _35454_/D : -21.113834
[hold in-reg] w_data[8] -> _35505_/D : -21.113813
[hold in-reg] w_data[21] -> _35390_/D : -21.113621
[hold in-reg] w_data[4] -> _32537_/D : -21.113493
[hold in-reg] w_data[25] -> _35362_/D : -21.113495
[hold in-reg] w_data[21] -> _35422_/D : -21.113392
[hold in-reg] w_data[8] -> _35377_/D : -21.113333
[hold in-reg] w_data[24] -> _30505_/D : -21.113266
[hold in-reg] w_data[25] -> _31146_/D : -21.113239
[hold in-reg] w_data[25] -> _34722_/D : -21.113216
[hold in-reg] w_data[8] -> _35409_/D : -21.113008
[hold in-reg] w_data[25] -> _35042_/D : -21.112944
[hold in-reg] w_data[30] -> _31407_/D : -21.112631
[hold in-reg] w_data[21] -> _35006_/D : -21.112638
[hold in-reg] w_data[8] -> _35121_/D : -21.112501
[hold in-reg] w_data[30] -> _31439_/D : -21.112064
[hold in-reg] w_data[27] -> _32112_/D : -21.111216
[hold in-reg] w_data[4] -> _30677_/D : -21.111126
[hold in-reg] w_data[15] -> _34616_/D : -21.110994
[hold in-reg] w_data[30] -> _30383_/D : -21.110958
[hold in-reg] w_data[30] -> _31567_/D : -21.110947
[hold in-reg] w_data[7] -> _30488_/D : -21.110901
[hold in-reg] w_data[27] -> _31815_/D : -21.110620
[hold in-reg] w_data[27] -> _31372_/D : -21.110596
[hold in-reg] w_data[1] -> _30514_/D : -21.110268
[hold in-reg] w_data[4] -> _30581_/D : -21.110001
[hold in-reg] w_data[30] -> _31754_/D : -21.110003
[hold in-reg] w_data[2] -> _30867_/D : -21.109344
[hold in-reg] w_data[21] -> _36254_/D : -21.108700
[hold in-reg] w_data[21] -> _36190_/D : -21.108660
[hold in-reg] w_data[2] -> _30739_/D : -21.108637
[hold in-reg] w_data[21] -> _36222_/D : -21.108625
[hold in-reg] w_data[30] -> _32083_/D : -21.107981
[hold in-reg] w_data[30] -> _32243_/D : -21.107656
[hold in-reg] w_data[30] -> _32307_/D : -21.107634
[hold in-reg] w_data[12] -> _36405_/D : -21.107430
[hold in-reg] w_data[30] -> _32211_/D : -21.107254
[hold in-reg] w_data[9] -> _32830_/D : -21.106569
[hold in-reg] w_data[12] -> _36469_/D : -21.106510
[hold in-reg] w_data[12] -> _36437_/D : -21.106312
[hold in-reg] w_data[12] -> _36501_/D : -21.106297
[hold in-reg] w_data[24] -> _33005_/D : -21.106173
[hold in-reg] w_data[9] -> _32862_/D : -21.106113
[hold in-reg] w_data[12] -> _36533_/D : -21.106115
[hold in-reg] w_data[22] -> _30823_/D : -21.106052
[hold in-reg] w_data[21] -> _35486_/D : -21.105944
[hold in-reg] w_data[21] -> _35614_/D : -21.105537
[hold in-reg] w_data[8] -> _35153_/D : -21.105133
[hold in-reg] w_data[8] -> _35729_/D : -21.105097
[hold in-reg] w_data[8] -> _35537_/D : -21.104898
[hold in-reg] w_data[8] -> _35825_/D : -21.104879
[hold in-reg] w_data[21] -> _35582_/D : -21.104834
[hold in-reg] w_data[8] -> _35857_/D : -21.104687
[hold in-reg] w_data[8] -> _35569_/D : -21.104321
[hold in-reg] w_data[0] -> _32789_/D : -21.104204
[hold in-reg] w_data[25] -> _31667_/D : -21.104164
[hold in-reg] w_data[14] -> _36087_/D : -21.104176
[hold in-reg] w_data[22] -> _30887_/D : -21.104094
[hold in-reg] w_data[14] -> _32643_/D : -21.104031
[hold in-reg] w_data[8] -> _35601_/D : -21.104033
[hold in-reg] w_data[21] -> _32810_/D : -21.103954
[hold in-reg] w_data[29] -> _33074_/D : -21.103134
[hold in-reg] w_data[13] -> _34678_/D : -21.103086
[hold in-reg] w_data[30] -> _33319_/D : -21.102949
[hold in-reg] w_data[24] -> _31305_/D : -21.102886
[hold in-reg] w_data[29] -> _28366_/D : -21.102697
[hold in-reg] w_data[29] -> _31922_/D : -21.102541
[hold in-reg] w_data[14] -> _36119_/D : -21.102545
[hold in-reg] w_data[24] -> _30473_/D : -21.102501
[hold in-reg] w_data[24] -> _30153_/D : -21.102430
[hold in-reg] w_data[30] -> _33447_/D : -21.102398
[hold in-reg] w_data[29] -> _32274_/D : -21.102177
[hold in-reg] w_data[24] -> _33761_/D : -21.101843
[hold in-reg] w_data[29] -> _33382_/D : -21.101582
[hold in-reg] w_data[17] -> _35226_/D : -21.101215
[hold in-reg] w_data[30] -> _31640_/D : -21.100697
[hold in-reg] w_data[12] -> _28669_/D : -21.100634
[hold in-reg] w_data[12] -> _34453_/D : -21.100643
[hold in-reg] w_data[1] -> _30482_/D : -21.099657
[hold in-reg] w_data[12] -> _35669_/D : -21.099400
[hold in-reg] w_data[30] -> _31818_/D : -21.099234
[hold in-reg] w_data[30] -> _31375_/D : -21.099079
[hold in-reg] w_data[30] -> _32115_/D : -21.099033
[hold in-reg] w_data[8] -> _35185_/D : -21.098755
[hold in-reg] w_data[29] -> _33766_/D : -21.098490
[hold in-reg] w_data[8] -> _35217_/D : -21.098492
[hold in-reg] w_data[12] -> _28989_/D : -21.098450
[hold in-reg] w_data[12] -> _35989_/D : -21.098272
[hold in-reg] w_data[12] -> _36309_/D : -21.098253
[hold in-reg] w_data[22] -> _30759_/D : -21.097916
[hold in-reg] w_data[22] -> _30599_/D : -21.097647
[hold in-reg] w_data[9] -> _34354_/D : -21.097660
[hold in-reg] w_data[12] -> _32865_/D : -21.097151
[hold in-reg] w_data[22] -> _30695_/D : -21.097008
[hold in-reg] w_data[12] -> _29309_/D : -21.096575
[hold in-reg] w_data[12] -> _34357_/D : -21.096500
[hold in-reg] w_data[17] -> _35194_/D : -21.096226
[hold in-reg] w_data[12] -> _34485_/D : -21.096073
[hold in-reg] w_data[15] -> _34648_/D : -21.096035
[hold in-reg] w_data[10] -> _29403_/D : -21.095907
[hold in-reg] w_data[25] -> _33282_/D : -21.095875
[hold in-reg] w_data[25] -> _33230_/D : -21.095541
[hold in-reg] w_data[29] -> _34534_/D : -21.095552
[hold in-reg] w_data[13] -> _34838_/D : -21.095543
[hold in-reg] w_data[1] -> _30866_/D : -21.095488
[hold in-reg] w_data[29] -> _34502_/D : -21.095308
[hold in-reg] w_data[21] -> _32266_/D : -21.095058
[hold in-reg] w_data[13] -> _32834_/D : -21.094995
[hold in-reg] w_data[12] -> _34549_/D : -21.094521
[hold in-reg] w_data[10] -> _36147_/D : -21.094427
[hold in-reg] w_data[21] -> _28358_/D : -21.094387
[hold in-reg] w_data[28] -> _31752_/D : -21.094296
[hold in-reg] w_data[15] -> _35992_/D : -21.093842
[hold in-reg] w_data[15] -> _36312_/D : -21.093622
[hold in-reg] w_data[28] -> _31437_/D : -21.093296
[hold in-reg] w_data[28] -> _32721_/D : -21.093256
[hold in-reg] w_data[24] -> _34081_/D : -21.093138
[hold in-reg] w_data[28] -> _31405_/D : -21.092880
[hold in-reg] w_data[15] -> _28384_/D : -21.092848
[hold in-reg] w_data[23] -> _30824_/D : -21.092630
[hold in-reg] w_data[28] -> _32305_/D : -21.092438
[hold in-reg] w_data[29] -> _34726_/D : -21.092159
[hold in-reg] w_data[29] -> _35046_/D : -21.091990
[hold in-reg] w_data[23] -> _32556_/D : -21.091753
[hold in-reg] w_data[23] -> _30984_/D : -21.091537
[hold in-reg] w_data[1] -> _30962_/D : -21.091179
[hold in-reg] w_data[29] -> _35366_/D : -21.091034
[hold in-reg] w_data[18] -> _32551_/D : -21.090307
[hold in-reg] w_data[18] -> _30819_/D : -21.090273
[hold in-reg] w_data[18] -> _30979_/D : -21.090288
[hold in-reg] w_data[10] -> _35123_/D : -21.089308
[hold in-reg] w_data[12] -> _29629_/D : -21.088867
[hold in-reg] w_data[12] -> _33333_/D : -21.088572
[hold in-reg] w_data[10] -> _36339_/D : -21.086979
[hold in-reg] w_data[10] -> _36371_/D : -21.086512
[hold in-reg] w_data[10] -> _36275_/D : -21.086479
[hold in-reg] w_data[10] -> _29435_/D : -21.085737
[hold in-reg] w_data[10] -> _36179_/D : -21.085493
[hold in-reg] w_data[10] -> _32671_/D : -21.085049
[hold in-reg] w_data[9] -> _31934_/D : -21.084965
[hold in-reg] w_data[23] -> _30760_/D : -21.084478
[hold in-reg] w_data[28] -> _33445_/D : -21.083986
[hold in-reg] w_data[28] -> _33317_/D : -21.083849
[hold in-reg] w_data[12] -> _34517_/D : -21.083769
[hold in-reg] w_data[17] -> _35162_/D : -21.083567
[hold in-reg] w_data[24] -> _32173_/D : -21.083496
[hold in-reg] w_data[15] -> _34360_/D : -21.083269
[hold in-reg] w_data[24] -> _30633_/D : -21.083206
[hold in-reg] w_data[24] -> _32333_/D : -21.083164
[hold in-reg] w_data[23] -> _30888_/D : -21.083040
[hold in-reg] w_data[18] -> _30755_/D : -21.082340
[hold in-reg] w_data[20] -> _30533_/D : -21.082153
[hold in-reg] w_data[15] -> _34680_/D : -21.081682
[hold in-reg] w_data[18] -> _30883_/D : -21.081575
[hold in-reg] w_data[0] -> _31925_/D : -21.081520
[hold in-reg] w_data[0] -> _32533_/D : -21.080814
[hold in-reg] w_data[0] -> _30961_/D : -21.080769
[hold in-reg] w_data[15] -> _28544_/D : -21.080410
[hold in-reg] w_data[10] -> _35219_/D : -21.080385
[hold in-reg] w_data[15] -> _28480_/D : -21.080318
[hold in-reg] w_data[15] -> _28608_/D : -21.080280
[hold in-reg] w_data[15] -> _28512_/D : -21.080219
[hold in-reg] w_data[15] -> _28448_/D : -21.080185
[hold in-reg] w_data[4] -> _31728_/D : -21.080191
[hold in-reg] w_data[4] -> _32697_/D : -21.080091
[hold in-reg] w_data[10] -> _35155_/D : -21.080078
[hold in-reg] w_data[15] -> _28416_/D : -21.079973
[hold in-reg] w_data[10] -> _35251_/D : -21.079880
[hold in-reg] w_data[4] -> _30357_/D : -21.079700
[hold in-reg] w_data[10] -> _35283_/D : -21.079609
[hold in-reg] w_data[4] -> _31541_/D : -21.079248
[hold in-reg] w_data[9] -> _30874_/D : -21.076664
[hold in-reg] w_data[31] -> _32372_/D : -21.076101
[hold in-reg] w_data[9] -> _34642_/D : -21.075531
[hold in-reg] w_data[31] -> _32340_/D : -21.075447
[hold in-reg] w_data[24] -> _32365_/D : -21.075438
[hold in-reg] w_data[12] -> _34581_/D : -21.075214
[hold in-reg] w_data[9] -> _34482_/D : -21.075075
[hold in-reg] w_data[27] -> _30540_/D : -21.074795
[hold in-reg] w_data[20] -> _32361_/D : -21.074509
[hold in-reg] w_data[5] -> _30326_/D : -21.074039
[hold in-reg] w_data[15] -> _32836_/D : -21.073730
[hold in-reg] w_data[5] -> _29942_/D : -21.073442
[hold in-reg] w_data[4] -> _32057_/D : -21.073429
[hold in-reg] w_data[4] -> _32185_/D : -21.073347
[hold in-reg] w_data[4] -> _32281_/D : -21.073259
[hold in-reg] w_data[4] -> _31413_/D : -21.073172
[hold in-reg] w_data[4] -> _32217_/D : -21.073189
[hold in-reg] w_data[15] -> _34776_/D : -21.072498
[hold in-reg] w_data[5] -> _31647_/D : -21.072420
[hold in-reg] w_data[9] -> _34418_/D : -21.072409
[hold in-reg] w_data[26] -> _34371_/D : -21.072308
[hold in-reg] w_data[15] -> _35192_/D : -21.072216
[hold in-reg] w_data[14] -> _31939_/D : -21.072195
[hold in-reg] w_data[15] -> _35224_/D : -21.072201
[hold in-reg] w_data[5] -> _31574_/D : -21.072144
[hold in-reg] w_data[15] -> _34840_/D : -21.072134
[hold in-reg] w_data[15] -> _34808_/D : -21.072081
[hold in-reg] w_data[20] -> _30469_/D : -21.071922
[hold in-reg] w_data[9] -> _34546_/D : -21.071928
[hold in-reg] w_data[9] -> _34514_/D : -21.071383
[hold in-reg] w_data[7] -> _32348_/D : -21.071220
[hold in-reg] w_data[15] -> _35160_/D : -21.070990
[hold in-reg] w_data[4] -> _33421_/D : -21.070850
[hold in-reg] w_data[0] -> _30513_/D : -21.070480
[hold in-reg] w_data[14] -> _32547_/D : -21.070196
[hold in-reg] w_data[7] -> _32156_/D : -21.070166
[hold in-reg] w_data[7] -> _30616_/D : -21.070038
[hold in-reg] w_data[20] -> _32329_/D : -21.070045
[hold in-reg] w_data[21] -> _34750_/D : -21.069954
[hold in-reg] w_data[7] -> _32316_/D : -21.069920
[hold in-reg] w_data[17] -> _35418_/D : -21.069689
[hold in-reg] w_data[4] -> _31614_/D : -21.069551
[hold in-reg] w_data[4] -> _31792_/D : -21.069426
[hold in-reg] w_data[4] -> _31349_/D : -21.069326
[hold in-reg] w_data[15] -> _36568_/D : -21.069017
[hold in-reg] w_data[6] -> _30327_/D : -21.068966
[hold in-reg] w_data[15] -> _36536_/D : -21.068916
[hold in-reg] w_data[15] -> _36408_/D : -21.068605
[hold in-reg] w_data[26] -> _30539_/D : -21.068405
[hold in-reg] w_data[6] -> _31575_/D : -21.068384
[hold in-reg] w_data[7] -> _30456_/D : -21.068146
[hold in-reg] w_data[15] -> _36600_/D : -21.068119
[hold in-reg] w_data[15] -> _32580_/D : -21.068094
[hold in-reg] w_data[15] -> _36440_/D : -21.067980
[hold in-reg] w_data[7] -> _32988_/D : -21.067957
[hold in-reg] w_data[15] -> _36472_/D : -21.067932
[hold in-reg] w_data[15] -> _36504_/D : -21.067623
[hold in-reg] w_data[0] -> _30865_/D : -21.067245
[hold in-reg] w_data[27] -> _32336_/D : -21.066254
[hold in-reg] w_data[0] -> _30577_/D : -21.066204
[hold in-reg] w_data[27] -> _30476_/D : -21.066139
[hold in-reg] w_data[27] -> _32368_/D : -21.066080
[hold in-reg] w_data[0] -> _30673_/D : -21.066057
[hold in-reg] w_data[13] -> _30814_/D : -21.065907
[hold in-reg] w_data[27] -> _33008_/D : -21.065695
[hold in-reg] w_data[14] -> _30815_/D : -21.065538
[hold in-reg] w_data[0] -> _32341_/D : -21.065470
[hold in-reg] w_data[27] -> _30508_/D : -21.065437
[hold in-reg] w_data[22] -> _34623_/D : -21.065300
[hold in-reg] w_data[14] -> _30975_/D : -21.065212
[hold in-reg] w_data[4] -> _33293_/D : -21.064754
[hold in-reg] w_data[4] -> _32089_/D : -21.064676
[hold in-reg] w_data[5] -> _32730_/D : -21.064552
[hold in-reg] w_data[31] -> _29968_/D : -21.064489
[hold in-reg] w_data[9] -> _34450_/D : -21.064400
[hold in-reg] w_data[1] -> _30610_/D : -21.064272
[hold in-reg] w_data[5] -> _33210_/D : -21.063974
[hold in-reg] w_data[13] -> _31938_/D : -21.063883
[hold in-reg] w_data[5] -> _33262_/D : -21.063599
[hold in-reg] w_data[5] -> _30390_/D : -21.063437
[hold in-reg] w_data[31] -> _31600_/D : -21.063284
[hold in-reg] w_data[13] -> _30974_/D : -21.063179
[hold in-reg] w_data[31] -> _31673_/D : -21.063114
[hold in-reg] w_data[22] -> _34655_/D : -21.062296
[hold in-reg] w_data[7] -> _29944_/D : -21.062254
[hold in-reg] w_data[31] -> _30352_/D : -21.062241
[hold in-reg] w_data[1] -> _32342_/D : -21.061766
[hold in-reg] w_data[19] -> _30532_/D : -21.061474
[hold in-reg] w_data[6] -> _32731_/D : -21.061384
[hold in-reg] w_data[1] -> _32150_/D : -21.060728
[hold in-reg] w_data[12] -> _33269_/D : -21.060274
[hold in-reg] w_data[12] -> _33217_/D : -21.060110
[hold in-reg] w_data[22] -> _30535_/D : -21.059717
[hold in-reg] w_data[12] -> _30909_/D : -21.059313
[hold in-reg] w_data[6] -> _30391_/D : -21.059177
[hold in-reg] w_data[26] -> _30507_/D : -21.058474
[hold in-reg] w_data[0] -> _35113_/D : -21.058363
[hold in-reg] w_data[22] -> _32363_/D : -21.057579
[hold in-reg] w_data[0] -> _30449_/D : -21.057465
[hold in-reg] w_data[20] -> _30373_/D : -21.057293
[hold in-reg] w_data[22] -> _32171_/D : -21.057243
[hold in-reg] w_data[26] -> _30475_/D : -21.057209
[hold in-reg] w_data[7] -> _33264_/D : -21.056984
[hold in-reg] w_data[13] -> _30750_/D : -21.056938
[hold in-reg] w_data[12] -> _31905_/D : -21.056898
[hold in-reg] w_data[29] -> _29966_/D : -21.056599
[hold in-reg] w_data[14] -> _30751_/D : -21.056599
[hold in-reg] w_data[14] -> _30687_/D : -21.056385
[hold in-reg] w_data[7] -> _32732_/D : -21.056334
[hold in-reg] w_data[13] -> _30590_/D : -21.056303
[hold in-reg] w_data[26] -> _33007_/D : -21.056299
[hold in-reg] w_data[13] -> _30686_/D : -21.056166
[hold in-reg] w_data[7] -> _33212_/D : -21.055904
[hold in-reg] w_data[13] -> _30878_/D : -21.055775
[hold in-reg] w_data[14] -> _30591_/D : -21.055624
[hold in-reg] w_data[19] -> _30820_/D : -21.055641
[hold in-reg] w_data[14] -> _34551_/D : -21.055031
[hold in-reg] w_data[31] -> _30416_/D : -21.055002
[hold in-reg] w_data[28] -> _30957_/D : -21.054924
[hold in-reg] w_data[15] -> _30912_/D : -21.054846
[hold in-reg] w_data[20] -> _32713_/D : -21.054806
[hold in-reg] w_data[19] -> _31944_/D : -21.054739
[hold in-reg] w_data[22] -> _30631_/D : -21.054176
[hold in-reg] w_data[15] -> _30848_/D : -21.054159
[hold in-reg] w_data[12] -> _30845_/D : -21.054136
[hold in-reg] w_data[13] -> _30526_/D : -21.053978
[hold in-reg] w_data[31] -> _33236_/D : -21.053797
[hold in-reg] w_data[15] -> _28352_/D : -21.053497
[hold in-reg] w_data[29] -> _33234_/D : -21.053238
[hold in-reg] w_data[21] -> _34782_/D : -21.053183
[hold in-reg] w_data[12] -> _30141_/D : -21.053160
[hold in-reg] w_data[19] -> _30500_/D : -21.053122
[hold in-reg] w_data[12] -> _34389_/D : -21.053087
[hold in-reg] w_data[31] -> _33288_/D : -21.052959
[hold in-reg] w_data[26] -> _34499_/D : -21.052877
[hold in-reg] w_data[0] -> _32981_/D : -21.052685
[hold in-reg] w_data[29] -> _33286_/D : -21.052689
[hold in-reg] w_data[14] -> _30879_/D : -21.052633
[hold in-reg] w_data[12] -> _32257_/D : -21.052498
[hold in-reg] w_data[15] -> _28672_/D : -21.052464
[hold in-reg] w_data[15] -> _32260_/D : -21.052420
[hold in-reg] w_data[0] -> _30481_/D : -21.052246
[hold in-reg] w_data[19] -> _33000_/D : -21.052267
[hold in-reg] w_data[26] -> _34883_/D : -21.052258
[hold in-reg] w_data[15] -> _29312_/D : -21.052217
[hold in-reg] w_data[12] -> _33365_/D : -21.052145
[hold in-reg] w_data[21] -> _35294_/D : -21.052137
[hold in-reg] w_data[21] -> _35326_/D : -21.052107
[hold in-reg] w_data[15] -> _35672_/D : -21.052038
[hold in-reg] w_data[19] -> _30468_/D : -21.051861
[hold in-reg] w_data[21] -> _32778_/D : -21.051855
[hold in-reg] w_data[15] -> _33368_/D : -21.051689
[hold in-reg] w_data[15] -> _28992_/D : -21.051508
[hold in-reg] w_data[12] -> _31293_/D : -21.051376
[hold in-reg] w_data[26] -> _35011_/D : -21.050949
[hold in-reg] w_data[26] -> _35139_/D : -21.050959
[hold in-reg] w_data[20] -> _31557_/D : -21.050650
[hold in-reg] w_data[31] -> _32756_/D : -21.050472
[hold in-reg] w_data[0] -> _35145_/D : -21.050270
[hold in-reg] w_data[22] -> _30503_/D : -21.050236
[hold in-reg] w_data[13] -> _32354_/D : -21.050203
[hold in-reg] w_data[1] -> _32982_/D : -21.050171
[hold in-reg] w_data[12] -> _28349_/D : -21.050093
[hold in-reg] w_data[0] -> _35177_/D : -21.050110
[hold in-reg] w_data[19] -> _30756_/D : -21.050074
[hold in-reg] w_data[0] -> _35209_/D : -21.049950
[hold in-reg] w_data[12] -> _33057_/D : -21.049911
[hold in-reg] w_data[1] -> _30450_/D : -21.049797
[hold in-reg] w_data[1] -> _32310_/D : -21.049623
[hold in-reg] w_data[10] -> _34803_/D : -21.049353
[hold in-reg] w_data[13] -> _32322_/D : -21.049158
[hold in-reg] w_data[13] -> _32162_/D : -21.049095
[hold in-reg] w_data[30] -> _32723_/D : -21.048965
[hold in-reg] w_data[13] -> _30622_/D : -21.048447
[hold in-reg] w_data[20] -> _31397_/D : -21.047787
[hold in-reg] w_data[12] -> _31133_/D : -21.047239
[hold in-reg] w_data[28] -> _30189_/D : -21.046993
[hold in-reg] w_data[14] -> _34583_/D : -21.046930
[hold in-reg] w_data[28] -> _30221_/D : -21.046598
[hold in-reg] w_data[28] -> _30285_/D : -21.046474
[hold in-reg] w_data[15] -> _31136_/D : -21.046396
[hold in-reg] w_data[26] -> _34659_/D : -21.046303
[hold in-reg] w_data[26] -> _34691_/D : -21.046196
[hold in-reg] w_data[26] -> _34627_/D : -21.046024
[hold in-reg] w_data[20] -> _31429_/D : -21.045986
[hold in-reg] w_data[19] -> _30884_/D : -21.045906
[hold in-reg] w_data[20] -> _31630_/D : -21.045904
[hold in-reg] w_data[20] -> _32297_/D : -21.045820
[hold in-reg] w_data[13] -> _30462_/D : -21.045574
[hold in-reg] w_data[7] -> _32188_/D : -21.045078
[hold in-reg] w_data[13] -> _32994_/D : -21.045057
[hold in-reg] w_data[9] -> _30522_/D : -21.044458
[hold in-reg] w_data[9] -> _34578_/D : -21.044216
[hold in-reg] w_data[11] -> _32544_/D : -21.044174
[hold in-reg] w_data[15] -> _28576_/D : -21.043776
[hold in-reg] w_data[15] -> _33336_/D : -21.043530
[hold in-reg] w_data[21] -> _34814_/D : -21.043455
[hold in-reg] w_data[21] -> _35550_/D : -21.043459
[hold in-reg] w_data[11] -> _31936_/D : -21.043156
[hold in-reg] w_data[16] -> _30817_/D : -21.042940
[hold in-reg] w_data[11] -> _30972_/D : -21.042952
[hold in-reg] w_data[7] -> _32060_/D : -21.042786
[hold in-reg] w_data[15] -> _29632_/D : -21.042713
[hold in-reg] w_data[26] -> _32815_/D : -21.042727
[hold in-reg] w_data[26] -> _34435_/D : -21.042166
[hold in-reg] w_data[22] -> _34687_/D : -21.042177
[hold in-reg] w_data[16] -> _30977_/D : -21.041824
[hold in-reg] w_data[16] -> _31941_/D : -21.041817
[hold in-reg] w_data[26] -> _32879_/D : -21.041824
[hold in-reg] w_data[17] -> _32582_/D : -21.041241
[hold in-reg] w_data[27] -> _34820_/D : -21.041227
[hold in-reg] w_data[26] -> _35331_/D : -21.041059
[hold in-reg] w_data[26] -> _35171_/D : -21.041039
[hold in-reg] w_data[26] -> _32783_/D : -21.041016
[hold in-reg] w_data[20] -> _33437_/D : -21.040865
[hold in-reg] w_data[26] -> _35267_/D : -21.040791
[hold in-reg] w_data[27] -> _34852_/D : -21.040741
[hold in-reg] w_data[11] -> _32992_/D : -21.040560
[hold in-reg] w_data[7] -> _30360_/D : -21.040327
[hold in-reg] w_data[26] -> _35299_/D : -21.040340
[hold in-reg] w_data[17] -> _36474_/D : -21.040066
[hold in-reg] w_data[17] -> _36602_/D : -21.039993
[hold in-reg] w_data[17] -> _36506_/D : -21.039625
[hold in-reg] w_data[26] -> _34563_/D : -21.039520
[hold in-reg] w_data[9] -> _32318_/D : -21.039448
[hold in-reg] w_data[0] -> _32309_/D : -21.039274
[hold in-reg] w_data[9] -> _32158_/D : -21.038767
[hold in-reg] w_data[15] -> _34488_/D : -21.037958
[hold in-reg] w_data[0] -> _32149_/D : -21.037895
[hold in-reg] w_data[26] -> _32847_/D : -21.037613
[hold in-reg] w_data[8] -> _36593_/D : -21.037624
[hold in-reg] w_data[9] -> _30618_/D : -21.037575
[hold in-reg] w_data[0] -> _30609_/D : -21.037369
[hold in-reg] w_data[20] -> _33309_/D : -21.037304
[hold in-reg] w_data[15] -> _34424_/D : -21.037180
[hold in-reg] w_data[15] -> _34520_/D : -21.036983
[hold in-reg] w_data[15] -> _31296_/D : -21.036880
[hold in-reg] w_data[9] -> _30458_/D : -21.036795
[hold in-reg] w_data[9] -> _32990_/D : -21.036808
[hold in-reg] w_data[15] -> _34552_/D : -21.036673
[hold in-reg] w_data[14] -> _32323_/D : -21.036646
[hold in-reg] w_data[9] -> _32350_/D : -21.036535
[hold in-reg] w_data[15] -> _32868_/D : -21.036310
[hold in-reg] w_data[9] -> _30490_/D : -21.035456
[hold in-reg] w_data[21] -> _34846_/D : -21.035357
[hold in-reg] w_data[3] -> _32536_/D : -21.035025
[hold in-reg] w_data[15] -> _35352_/D : -21.034990
[hold in-reg] w_data[11] -> _30684_/D : -21.034950
[hold in-reg] w_data[11] -> _30876_/D : -21.034868
[hold in-reg] w_data[7] -> _32092_/D : -21.034760
[hold in-reg] w_data[0] -> _34633_/D : -21.034508
[hold in-reg] w_data[3] -> _30964_/D : -21.034382
[hold in-reg] w_data[3] -> _31928_/D : -21.034315
[hold in-reg] w_data[11] -> _30460_/D : -21.034262
[hold in-reg] w_data[26] -> _34467_/D : -21.034210
[hold in-reg] w_data[16] -> _30753_/D : -21.033930
[hold in-reg] w_data[22] -> _32843_/D : -21.033855
[hold in-reg] w_data[15] -> _35032_/D : -21.033823
[hold in-reg] w_data[21] -> _36414_/D : -21.033716
[hold in-reg] w_data[7] -> _31352_/D : -21.033396
[hold in-reg] w_data[7] -> _31795_/D : -21.033390
[hold in-reg] w_data[21] -> _36510_/D : -21.033319
[hold in-reg] w_data[21] -> _36542_/D : -21.032846
[hold in-reg] w_data[27] -> _34692_/D : -21.032722
[hold in-reg] w_data[21] -> _36478_/D : -21.032705
[hold in-reg] w_data[21] -> _36446_/D : -21.032518
[hold in-reg] w_data[10] -> _34643_/D : -21.032497
[hold in-reg] w_data[21] -> _32586_/D : -21.032251
[hold in-reg] w_data[21] -> _36574_/D : -21.031935
[hold in-reg] w_data[21] -> _36606_/D : -21.031937
[hold in-reg] w_data[10] -> _34611_/D : -21.031784
[hold in-reg] w_data[12] -> _30973_/D : -21.031702
[hold in-reg] w_data[21] -> _34686_/D : -21.031643
[hold in-reg] w_data[26] -> _34595_/D : -21.031496
[hold in-reg] w_data[15] -> _30144_/D : -21.030186
[hold in-reg] w_data[17] -> _30338_/D : -21.029903
[hold in-reg] w_data[17] -> _31659_/D : -21.029108
[hold in-reg] w_data[17] -> _29314_/D : -21.029049
[hold in-reg] w_data[15] -> _34456_/D : -21.029013
[hold in-reg] w_data[15] -> _34584_/D : -21.028955
[hold in-reg] w_data[17] -> _28994_/D : -21.028730
[hold in-reg] w_data[17] -> _28674_/D : -21.028627
[hold in-reg] w_data[17] -> _29954_/D : -21.028591
[hold in-reg] w_data[11] -> _30492_/D : -21.028460
[hold in-reg] w_data[17] -> _35674_/D : -21.027983
[hold in-reg] w_data[3] -> _30868_/D : -21.026699
[hold in-reg] w_data[17] -> _31586_/D : -21.026619
[hold in-reg] w_data[2] -> _32535_/D : -21.026463
[hold in-reg] w_data[17] -> _35994_/D : -21.026396
[hold in-reg] w_data[11] -> _32352_/D : -21.026222
[hold in-reg] w_data[2] -> _31927_/D : -21.026186
[hold in-reg] w_data[8] -> _28377_/D : -21.025803
[hold in-reg] w_data[8] -> _28505_/D : -21.025505
[hold in-reg] w_data[12] -> _30813_/D : -21.025358
[hold in-reg] w_data[17] -> _36314_/D : -21.025135
[hold in-reg] w_data[27] -> _32720_/D : -21.025103
[hold in-reg] w_data[26] -> _34531_/D : -21.025099
[hold in-reg] w_data[16] -> _32229_/D : -21.025068
[hold in-reg] w_data[27] -> _31564_/D : -21.023849
[hold in-reg] w_data[2] -> _32215_/D : -21.023602
[hold in-reg] w_data[27] -> _31751_/D : -21.023376
[hold in-reg] w_data[27] -> _31404_/D : -21.023041
[hold in-reg] w_data[17] -> _32742_/D : -21.023050
[hold in-reg] w_data[16] -> _32197_/D : -21.022545
[hold in-reg] w_data[2] -> _32183_/D : -21.022449
[hold in-reg] w_data[12] -> _30877_/D : -21.022354
[hold in-reg] w_data[3] -> _32184_/D : -21.022308
[hold in-reg] w_data[2] -> _32055_/D : -21.021784
[hold in-reg] w_data[2] -> _31726_/D : -21.021759
[hold in-reg] w_data[2] -> _32695_/D : -21.021475
[hold in-reg] w_data[17] -> _29634_/D : -21.021082
[hold in-reg] w_data[2] -> _30355_/D : -21.020721
[hold in-reg] w_data[2] -> _31539_/D : -21.020428
[hold in-reg] w_data[3] -> _32056_/D : -21.020416
[hold in-reg] w_data[27] -> _31436_/D : -21.020174
[hold in-reg] w_data[17] -> _36570_/D : -21.020145
[hold in-reg] w_data[16] -> _32069_/D : -21.020042
[hold in-reg] w_data[4] -> _31381_/D : -21.020010
[hold in-reg] w_data[17] -> _36442_/D : -21.019966
[hold in-reg] w_data[17] -> _30402_/D : -21.019913
[hold in-reg] w_data[27] -> _32304_/D : -21.019766
[hold in-reg] w_data[17] -> _36538_/D : -21.019342
[hold in-reg] w_data[2] -> _30675_/D : -21.019247
[hold in-reg] w_data[3] -> _31380_/D : -21.019266
[hold in-reg] w_data[17] -> _36410_/D : -21.018854
[hold in-reg] w_data[17] -> _33274_/D : -21.018827
[hold in-reg] w_data[8] -> _36401_/D : -21.018587
[hold in-reg] w_data[2] -> _30579_/D : -21.018541
[hold in-reg] w_data[3] -> _32216_/D : -21.018097
[hold in-reg] w_data[8] -> _36433_/D : -21.017879
[hold in-reg] w_data[17] -> _33222_/D : -21.017790
[hold in-reg] w_data[3] -> _32696_/D : -21.017447
[hold in-reg] w_data[22] -> _32715_/D : -21.017426
[hold in-reg] w_data[17] -> _33338_/D : -21.017368
[hold in-reg] w_data[3] -> _31727_/D : -21.017330
[hold in-reg] w_data[3] -> _31540_/D : -21.017269
[hold in-reg] w_data[22] -> _31746_/D : -21.017204
[hold in-reg] w_data[8] -> _35985_/D : -21.017200
[hold in-reg] w_data[27] -> _31637_/D : -21.017063
[hold in-reg] w_data[3] -> _30356_/D : -21.016973
[hold in-reg] w_data[25] -> _34402_/D : -21.016846
[hold in-reg] w_data[3] -> _31412_/D : -21.016676
[hold in-reg] w_data[8] -> _36465_/D : -21.016598
[hold in-reg] w_data[8] -> _36497_/D : -21.016445
[hold in-reg] w_data[25] -> _31306_/D : -21.016161
[hold in-reg] w_data[8] -> _36561_/D : -21.015759
[hold in-reg] w_data[3] -> _32280_/D : -21.015720
[hold in-reg] w_data[0] -> _34665_/D : -21.015602
[hold in-reg] w_data[12] -> _35125_/D : -21.015532
[hold in-reg] w_data[8] -> _36529_/D : -21.015535
[hold in-reg] w_data[8] -> _32573_/D : -21.015450
[hold in-reg] w_data[27] -> _32848_/D : -21.014809
[hold in-reg] w_data[12] -> _30749_/D : -21.014706
[hold in-reg] w_data[23] -> _31948_/D : -21.014435
[hold in-reg] w_data[21] -> _32842_/D : -21.014387
[hold in-reg] w_data[2] -> _32087_/D : -21.014318
[hold in-reg] w_data[8] -> _35665_/D : -21.014305
[hold in-reg] w_data[8] -> _36305_/D : -21.014280
[hold in-reg] w_data[26] -> _31403_/D : -21.014225
[hold in-reg] w_data[27] -> _33444_/D : -21.013815
[hold in-reg] w_data[2] -> _31379_/D : -21.013445
[hold in-reg] w_data[22] -> _31559_/D : -21.012897
[hold in-reg] w_data[2] -> _32279_/D : -21.012821
[hold in-reg] w_data[1] -> _31725_/D : -21.012302
[hold in-reg] w_data[2] -> _31411_/D : -21.012087
[hold in-reg] w_data[2] -> _33419_/D : -21.011684
[hold in-reg] w_data[2] -> _31612_/D : -21.011419
[hold in-reg] w_data[27] -> _33316_/D : -21.011097
[hold in-reg] w_data[26] -> _31435_/D : -21.011026
[hold in-reg] w_data[15] -> _33752_/D : -21.011028
[hold in-reg] w_data[0] -> _34601_/D : -21.010931
[hold in-reg] w_data[2] -> _31347_/D : -21.010359
[hold in-reg] w_data[26] -> _31563_/D : -21.010181
[hold in-reg] w_data[1] -> _32694_/D : -21.010015
[hold in-reg] w_data[7] -> _30328_/D : -21.009914
[hold in-reg] w_data[11] -> _30332_/D : -21.009914
[hold in-reg] w_data[3] -> _31348_/D : -21.009903
[hold in-reg] w_data[16] -> _32101_/D : -21.009895
[hold in-reg] w_data[29] -> _30542_/D : -21.009850
[hold in-reg] w_data[2] -> _31790_/D : -21.009863
[hold in-reg] w_data[3] -> _31791_/D : -21.009729
[hold in-reg] w_data[7] -> _31576_/D : -21.009674
[hold in-reg] w_data[26] -> _32303_/D : -21.009552
[hold in-reg] w_data[26] -> _31750_/D : -21.009096
[hold in-reg] w_data[22] -> _31399_/D : -21.008919
[hold in-reg] w_data[11] -> _31580_/D : -21.008791
[hold in-reg] w_data[3] -> _31613_/D : -21.008781
[hold in-reg] w_data[26] -> _32239_/D : -21.008644
[hold in-reg] w_data[3] -> _32088_/D : -21.008583
[hold in-reg] w_data[1] -> _31538_/D : -21.008520
[hold in-reg] w_data[3] -> _33420_/D : -21.008402
[hold in-reg] w_data[26] -> _32207_/D : -21.007961
[hold in-reg] w_data[18] -> _31943_/D : -21.007677
[hold in-reg] w_data[21] -> _34366_/D : -21.007273
[hold in-reg] w_data[3] -> _33292_/D : -21.007126
[hold in-reg] w_data[22] -> _31431_/D : -21.006916
[hold in-reg] w_data[12] -> _35317_/D : -21.006849
[hold in-reg] w_data[27] -> _34564_/D : -21.006475
[hold in-reg] w_data[12] -> _32769_/D : -21.006351
[hold in-reg] w_data[8] -> _33329_/D : -21.006348
[hold in-reg] w_data[8] -> _34993_/D : -21.006248
[hold in-reg] w_data[1] -> _32182_/D : -21.006172
[hold in-reg] w_data[1] -> _32214_/D : -21.006109
[hold in-reg] w_data[11] -> _32320_/D : -21.005898
[hold in-reg] w_data[17] -> _33370_/D : -21.005795
[hold in-reg] w_data[11] -> _32160_/D : -21.005768
[hold in-reg] w_data[17] -> _28354_/D : -21.005713
[hold in-reg] w_data[11] -> _30620_/D : -21.005682
[hold in-reg] w_data[22] -> _32299_/D : -21.005667
[hold in-reg] w_data[26] -> _33443_/D : -21.005674
[hold in-reg] w_data[21] -> _31663_/D : -21.005398
[hold in-reg] w_data[11] -> _30524_/D : -21.005318
[hold in-reg] w_data[17] -> _30146_/D : -21.005297
[hold in-reg] w_data[29] -> _30350_/D : -21.005108
[hold in-reg] w_data[21] -> _29958_/D : -21.005062
[hold in-reg] w_data[22] -> _32203_/D : -21.004910
[hold in-reg] w_data[22] -> _33439_/D : -21.004854
[hold in-reg] w_data[17] -> _33062_/D : -21.004789
[hold in-reg] w_data[26] -> _32079_/D : -21.004728
[hold in-reg] w_data[17] -> _33754_/D : -21.004681
[hold in-reg] w_data[1] -> _32054_/D : -21.004532
[hold in-reg] w_data[21] -> _35678_/D : -21.004520
[hold in-reg] w_data[21] -> _28678_/D : -21.004416
[hold in-reg] w_data[21] -> _31590_/D : -21.004364
[hold in-reg] w_data[17] -> _30914_/D : -21.004259
[hold in-reg] w_data[7] -> _31649_/D : -21.004265
[hold in-reg] w_data[17] -> _30850_/D : -21.004213
[hold in-reg] w_data[26] -> _32719_/D : -21.004177
[hold in-reg] w_data[2] -> _33291_/D : -21.004190
[hold in-reg] w_data[11] -> _31653_/D : -21.004093
[hold in-reg] w_data[17] -> _31910_/D : -21.004110
[hold in-reg] w_data[17] -> _32262_/D : -21.004019
[hold in-reg] w_data[21] -> _35998_/D : -21.003977
[hold in-reg] w_data[23] -> _30696_/D : -21.003954
[hold in-reg] w_data[5] -> _32346_/D : -21.003872
[hold in-reg] w_data[23] -> _30600_/D : -21.003834
[hold in-reg] w_data[0] -> _32821_/D : -21.003822
[hold in-reg] w_data[21] -> _28998_/D : -21.003738
[hold in-reg] w_data[21] -> _30342_/D : -21.003693
[hold in-reg] w_data[11] -> _29948_/D : -21.003670
[hold in-reg] w_data[21] -> _29318_/D : -21.003616
[hold in-reg] w_data[5] -> _32538_/D : -21.003590
[hold in-reg] w_data[5] -> _31930_/D : -21.003330
[hold in-reg] w_data[5] -> _30966_/D : -21.003248
[hold in-reg] w_data[1] -> _30354_/D : -21.003218
[hold in-reg] w_data[22] -> _32235_/D : -21.003063
[hold in-reg] w_data[21] -> _36318_/D : -21.003046
[hold in-reg] w_data[6] -> _32187_/D : -21.002783
[hold in-reg] w_data[24] -> _31593_/D : -21.002371
[hold in-reg] w_data[15] -> _34072_/D : -21.002375
[hold in-reg] w_data[26] -> _33315_/D : -21.001722
[hold in-reg] w_data[10] -> _36563_/D : -21.001610
[hold in-reg] w_data[10] -> _36595_/D : -21.001604
[hold in-reg] w_data[10] -> _36531_/D : -21.001568
[hold in-reg] w_data[26] -> _30379_/D : -21.001547
[hold in-reg] w_data[1] -> _33418_/D : -21.001448
[hold in-reg] w_data[29] -> _31598_/D : -21.001408
[hold in-reg] w_data[1] -> _31611_/D : -21.000746
[hold in-reg] w_data[11] -> _32736_/D : -21.000631
[hold in-reg] w_data[29] -> _33010_/D : -21.000586
[hold in-reg] w_data[1] -> _31789_/D : -21.000488
[hold in-reg] w_data[11] -> _30396_/D : -21.000385
[hold in-reg] w_data[7] -> _30392_/D : -21.000256
[hold in-reg] w_data[1] -> _31346_/D : -21.000221
[hold in-reg] w_data[22] -> _32075_/D : -21.000099
[hold in-reg] w_data[10] -> _32575_/D : -21.000088
[hold in-reg] w_data[27] -> _34372_/D : -20.999718
[hold in-reg] w_data[29] -> _30478_/D : -20.999666
[hold in-reg] w_data[1] -> _31378_/D : -20.999489
[hold in-reg] w_data[23] -> _32204_/D : -20.999462
[hold in-reg] w_data[29] -> _31671_/D : -20.999439
[hold in-reg] w_data[22] -> _30375_/D : -20.999220
[hold in-reg] w_data[18] -> _30691_/D : -20.999216
[hold in-reg] w_data[16] -> _32549_/D : -20.999168
[hold in-reg] w_data[29] -> _32370_/D : -20.999071
[hold in-reg] w_data[10] -> _36467_/D : -20.998997
[hold in-reg] w_data[17] -> _34394_/D : -20.998577
[hold in-reg] w_data[17] -> _31298_/D : -20.998354
[hold in-reg] w_data[26] -> _32111_/D : -20.997822
[hold in-reg] w_data[8] -> _32765_/D : -20.997808
[hold in-reg] w_data[8] -> _34769_/D : -20.997786
[hold in-reg] w_data[8] -> _32797_/D : -20.997763
[hold in-reg] w_data[8] -> _34833_/D : -20.997709
[hold in-reg] w_data[10] -> _36499_/D : -20.997549
[hold in-reg] w_data[8] -> _35313_/D : -20.997524
[hold in-reg] w_data[9] -> _30266_/D : -20.997498
[hold in-reg] w_data[22] -> _33311_/D : -20.997332
[hold in-reg] w_data[0] -> _32213_/D : -20.997227
[hold in-reg] w_data[29] -> _32754_/D : -20.996681
[hold in-reg] w_data[20] -> _31744_/D : -20.996624
[hold in-reg] w_data[1] -> _31410_/D : -20.996592
[hold in-reg] w_data[21] -> _32746_/D : -20.996323
[hold in-reg] w_data[11] -> _33216_/D : -20.996267
[hold in-reg] w_data[1] -> _32086_/D : -20.996214
[hold in-reg] w_data[18] -> _30595_/D : -20.996191
[hold in-reg] w_data[17] -> _34074_/D : -20.996140
[hold in-reg] w_data[10] -> _36403_/D : -20.995991
[hold in-reg] w_data[17] -> _35354_/D : -20.995831
[hold in-reg] w_data[21] -> _29638_/D : -20.995781
[hold in-reg] w_data[31] -> _30384_/D : -20.995697
[hold in-reg] w_data[17] -> _35034_/D : -20.995697
[hold in-reg] w_data[17] -> _31138_/D : -20.995562
[hold in-reg] w_data[21] -> _34430_/D : -20.995514
[hold in-reg] w_data[1] -> _32278_/D : -20.995384
[hold in-reg] w_data[11] -> _33268_/D : -20.995319
[hold in-reg] w_data[24] -> _30345_/D : -20.995226
[hold in-reg] w_data[21] -> _33342_/D : -20.995132
[hold in-reg] w_data[6] -> _32347_/D : -20.994997
[hold in-reg] w_data[21] -> _33226_/D : -20.994984
[hold in-reg] w_data[21] -> _30406_/D : -20.994711
[hold in-reg] w_data[24] -> _32749_/D : -20.994713
[hold in-reg] w_data[5] -> _30870_/D : -20.994684
[hold in-reg] w_data[31] -> _31568_/D : -20.994692
[hold in-reg] w_data[31] -> _32308_/D : -20.994698
[hold in-reg] w_data[10] -> _36435_/D : -20.994656
[hold in-reg] w_data[21] -> _33278_/D : -20.994566
[hold in-reg] w_data[24] -> _31981_/D : -20.994274
[hold in-reg] w_data[9] -> _34610_/D : -20.994183
[hold in-reg] w_data[29] -> _30638_/D : -20.993998
[hold in-reg] w_data[31] -> _32212_/D : -20.992743
[hold in-reg] w_data[24] -> _30409_/D : -20.992701
[hold in-reg] w_data[31] -> _32724_/D : -20.992685
[hold in-reg] w_data[9] -> _30170_/D : -20.992638
[hold in-reg] w_data[24] -> _31666_/D : -20.992619
[hold in-reg] w_data[24] -> _29961_/D : -20.992493
[hold in-reg] w_data[22] -> _32107_/D : -20.992464
[hold in-reg] w_data[5] -> _32186_/D : -20.992140
[hold in-reg] w_data[5] -> _32058_/D : -20.991890
[hold in-reg] w_data[5] -> _30518_/D : -20.991858
[hold in-reg] w_data[29] -> _30414_/D : -20.991589
[hold in-reg] w_data[16] -> _30689_/D : -20.991571
[hold in-reg] w_data[26] -> _31371_/D : -20.991560
[hold in-reg] w_data[6] -> _30519_/D : -20.991421
[hold in-reg] w_data[0] -> _32053_/D : -20.991428
[hold in-reg] w_data[26] -> _31814_/D : -20.991396
[hold in-reg] w_data[29] -> _32178_/D : -20.991184
[hold in-reg] w_data[16] -> _30593_/D : -20.991085
[hold in-reg] w_data[31] -> _31755_/D : -20.991096
[hold in-reg] w_data[31] -> _32244_/D : -20.991064
[hold in-reg] w_data[31] -> _32084_/D : -20.991009
[hold in-reg] w_data[22] -> _31367_/D : -20.990595
[hold in-reg] w_data[16] -> _30881_/D : -20.990528
[hold in-reg] w_data[26] -> _31636_/D : -20.990326
[hold in-reg] w_data[0] -> _30353_/D : -20.989933
[hold in-reg] w_data[31] -> _31408_/D : -20.989483
[hold in-reg] w_data[7] -> _32220_/D : -20.989458
[hold in-reg] w_data[22] -> _31810_/D : -20.989227
[hold in-reg] w_data[16] -> _30369_/D : -20.989124
[hold in-reg] w_data[21] -> _33066_/D : -20.988916
[hold in-reg] w_data[17] -> _34714_/D : -20.988350
[hold in-reg] w_data[22] -> _31632_/D : -20.987967
[hold in-reg] w_data[24] -> _33229_/D : -20.987814
[hold in-reg] w_data[24] -> _32013_/D : -20.987787
[hold in-reg] w_data[31] -> _31440_/D : -20.987679
[hold in-reg] w_data[1] -> _33290_/D : -20.987606
[hold in-reg] w_data[24] -> _33281_/D : -20.987316
[hold in-reg] w_data[8] -> _28601_/D : -20.987019
[hold in-reg] w_data[8] -> _28537_/D : -20.986898
[hold in-reg] w_data[31] -> _33448_/D : -20.986721
[hold in-reg] w_data[8] -> _28569_/D : -20.986626
[hold in-reg] w_data[31] -> _31641_/D : -20.986313
[hold in-reg] w_data[21] -> _33374_/D : -20.986086
[hold in-reg] w_data[21] -> _31302_/D : -20.986025
[hold in-reg] w_data[27] -> _34596_/D : -20.985416
[hold in-reg] w_data[21] -> _33758_/D : -20.985077
[hold in-reg] w_data[21] -> _30150_/D : -20.984739
[hold in-reg] w_data[21] -> _34398_/D : -20.984539
[hold in-reg] w_data[12] -> _32545_/D : -20.983997
[hold in-reg] w_data[0] -> _32085_/D : -20.983791
[hold in-reg] w_data[12] -> _31937_/D : -20.983683
[hold in-reg] w_data[24] -> _32205_/D : -20.983137
[hold in-reg] w_data[31] -> _32116_/D : -20.982847
[hold in-reg] w_data[18] -> _32231_/D : -20.982420
[hold in-reg] w_data[18] -> _32711_/D : -20.981617
[hold in-reg] w_data[0] -> _31610_/D : -20.981304
[hold in-reg] w_data[0] -> _31345_/D : -20.981119
[hold in-reg] w_data[31] -> _31376_/D : -20.980923
[hold in-reg] w_data[18] -> _31742_/D : -20.980898
[hold in-reg] w_data[7] -> _31384_/D : -20.980854
[hold in-reg] w_data[0] -> _31788_/D : -20.980827
[hold in-reg] w_data[18] -> _31555_/D : -20.980785
[hold in-reg] w_data[31] -> _31819_/D : -20.980795
[hold in-reg] w_data[16] -> _31626_/D : -20.980696
[hold in-reg] w_data[16] -> _31804_/D : -20.980671
[hold in-reg] w_data[7] -> _31416_/D : -20.980371
[hold in-reg] w_data[16] -> _31361_/D : -20.980232
[hold in-reg] w_data[9] -> _30426_/D : -20.979982
[hold in-reg] w_data[9] -> _31482_/D : -20.979809
[hold in-reg] w_data[13] -> _34614_/D : -20.979807
[hold in-reg] w_data[24] -> _31401_/D : -20.979706
[hold in-reg] w_data[24] -> _32077_/D : -20.979628
[hold in-reg] w_data[25] -> _31594_/D : -20.979303
[hold in-reg] w_data[24] -> _30377_/D : -20.979221
[hold in-reg] w_data[13] -> _32866_/D : -20.979122
[hold in-reg] w_data[13] -> _34358_/D : -20.979061
[hold in-reg] w_data[7] -> _32700_/D : -20.978981
[hold in-reg] w_data[7] -> _31731_/D : -20.978836
[hold in-reg] w_data[25] -> _30346_/D : -20.978792
[hold in-reg] w_data[7] -> _31544_/D : -20.978666
[hold in-reg] w_data[8] -> _28345_/D : -20.978552
[hold in-reg] w_data[24] -> _32237_/D : -20.978514
[hold in-reg] w_data[21] -> _32874_/D : -20.978510
[hold in-reg] w_data[13] -> _34518_/D : -20.978416
[hold in-reg] w_data[31] -> _33320_/D : -20.978348
[hold in-reg] w_data[25] -> _29962_/D : -20.978300
[hold in-reg] w_data[24] -> _31433_/D : -20.977955
[hold in-reg] w_data[8] -> _33053_/D : -20.977858
[hold in-reg] w_data[21] -> _35358_/D : -20.977776
[hold in-reg] w_data[21] -> _35038_/D : -20.977640
[hold in-reg] w_data[8] -> _33361_/D : -20.977274
[hold in-reg] w_data[24] -> _32717_/D : -20.977247
[hold in-reg] w_data[13] -> _34486_/D : -20.977015
[hold in-reg] w_data[21] -> _34078_/D : -20.976723
[hold in-reg] w_data[5] -> _30454_/D : -20.976700
[hold in-reg] w_data[21] -> _34718_/D : -20.976706
[hold in-reg] w_data[8] -> _32253_/D : -20.976553
[hold in-reg] w_data[13] -> _32770_/D : -20.975985
[hold in-reg] w_data[8] -> _31901_/D : -20.975954
[hold in-reg] w_data[8] -> _30905_/D : -20.975620
[hold in-reg] w_data[24] -> _31748_/D : -20.975183
[hold in-reg] w_data[8] -> _30841_/D : -20.974813
[hold in-reg] w_data[7] -> _32284_/D : -20.974796
[hold in-reg] w_data[18] -> _33435_/D : -20.974285
[hold in-reg] w_data[24] -> _32301_/D : -20.974201
[hold in-reg] w_data[18] -> _30371_/D : -20.974125
[hold in-reg] w_data[6] -> _30487_/D : -20.973780
[hold in-reg] w_data[21] -> _34462_/D : -20.972782
[hold in-reg] w_data[18] -> _32071_/D : -20.972731
[hold in-reg] w_data[18] -> _32199_/D : -20.972614
[hold in-reg] w_data[10] -> _31291_/D : -20.972563
[hold in-reg] w_data[9] -> _30202_/D : -20.972242
[hold in-reg] w_data[7] -> _33296_/D : -20.971878
[hold in-reg] w_data[25] -> _32750_/D : -20.971645
[hold in-reg] w_data[24] -> _32045_/D : -20.971342
[hold in-reg] w_data[12] -> _30685_/D : -20.971292
[hold in-reg] w_data[24] -> _32109_/D : -20.971312
[hold in-reg] w_data[12] -> _30589_/D : -20.971064
[hold in-reg] w_data[8] -> _28985_/D : -20.970867
[hold in-reg] w_data[25] -> _30410_/D : -20.970383
[hold in-reg] w_data[19] -> _32712_/D : -20.969681
[hold in-reg] w_data[5] -> _32986_/D : -20.969648
[hold in-reg] w_data[5] -> _30486_/D : -20.969627
[hold in-reg] w_data[7] -> _31617_/D : -20.969610
[hold in-reg] w_data[8] -> _29305_/D : -20.969498
[hold in-reg] w_data[24] -> _31561_/D : -20.969234
[hold in-reg] w_data[25] -> _30826_/D : -20.968912
[hold in-reg] w_data[24] -> _31634_/D : -20.968868
[hold in-reg] w_data[7] -> _33424_/D : -20.968819
[hold in-reg] w_data[24] -> _31369_/D : -20.968565
[hold in-reg] w_data[24] -> _31812_/D : -20.968258
[hold in-reg] w_data[10] -> _31903_/D : -20.968004
[hold in-reg] w_data[19] -> _31743_/D : -20.967890
[hold in-reg] w_data[10] -> _33363_/D : -20.967569
[hold in-reg] w_data[19] -> _31396_/D : -20.967300
[hold in-reg] w_data[27] -> _34628_/D : -20.967083
[hold in-reg] w_data[10] -> _30843_/D : -20.967031
[hold in-reg] w_data[10] -> _30139_/D : -20.966787
[hold in-reg] w_data[27] -> _34756_/D : -20.966803
[hold in-reg] w_data[8] -> _31129_/D : -20.966719
[hold in-reg] w_data[10] -> _30907_/D : -20.966536
[hold in-reg] w_data[29] -> _32210_/D : -20.966263
[hold in-reg] w_data[27] -> _32880_/D : -20.966265
[hold in-reg] w_data[27] -> _34436_/D : -20.966208
[hold in-reg] w_data[27] -> _34532_/D : -20.966015
[hold in-reg] w_data[27] -> _34660_/D : -20.966022
[hold in-reg] w_data[18] -> _31363_/D : -20.965931
[hold in-reg] w_data[27] -> _34500_/D : -20.965836
[hold in-reg] w_data[24] -> _33313_/D : -20.965805
[hold in-reg] w_data[10] -> _34483_/D : -20.965492
[hold in-reg] w_data[18] -> _31806_/D : -20.965284
[hold in-reg] w_data[13] -> _30494_/D : -20.965244
[hold in-reg] w_data[18] -> _31628_/D : -20.964783
[hold in-reg] w_data[18] -> _32103_/D : -20.964289
[hold in-reg] w_data[10] -> _34387_/D : -20.963737
[hold in-reg] w_data[9] -> _30938_/D : -20.963606
[hold in-reg] w_data[19] -> _32232_/D : -20.962955
[hold in-reg] w_data[14] -> _34647_/D : -20.962854
[hold in-reg] w_data[14] -> _31802_/D : -20.962379
[hold in-reg] w_data[24] -> _32141_/D : -20.961939
[hold in-reg] w_data[24] -> _30313_/D : -20.961714
[hold in-reg] w_data[9] -> _30298_/D : -20.961689
[hold in-reg] w_data[11] -> _31420_/D : -20.961569
[hold in-reg] w_data[19] -> _31556_/D : -20.961393
[hold in-reg] w_data[11] -> _30364_/D : -20.960970
[hold in-reg] w_data[24] -> _33441_/D : -20.960852
[hold in-reg] w_data[14] -> _31656_/D : -20.960751
[hold in-reg] w_data[14] -> _30335_/D : -20.960629
[hold in-reg] w_data[11] -> _31388_/D : -20.960550
[hold in-reg] w_data[8] -> _29625_/D : -20.960503
[hold in-reg] w_data[25] -> _30762_/D : -20.960297
[hold in-reg] w_data[19] -> _31428_/D : -20.960264
[hold in-reg] w_data[11] -> _32288_/D : -20.960239
[hold in-reg] w_data[11] -> _32704_/D : -20.960175
[hold in-reg] w_data[29] -> _30990_/D : -20.959476
[hold in-reg] w_data[14] -> _29951_/D : -20.959307
[hold in-reg] w_data[10] -> _31131_/D : -20.959024
[hold in-reg] w_data[27] -> _34788_/D : -20.958925
[hold in-reg] w_data[19] -> _32072_/D : -20.958769
[hold in-reg] w_data[11] -> _32192_/D : -20.958704
[hold in-reg] w_data[19] -> _32200_/D : -20.958698
[hold in-reg] w_data[29] -> _32338_/D : -20.958570
[hold in-reg] w_data[19] -> _30372_/D : -20.958416
[hold in-reg] w_data[29] -> _30510_/D : -20.958397
[hold in-reg] w_data[24] -> _30793_/D : -20.958378
[hold in-reg] w_data[27] -> _31500_/D : -20.958300
[hold in-reg] w_data[27] -> _34468_/D : -20.958035
[hold in-reg] w_data[11] -> _32064_/D : -20.957912
[hold in-reg] w_data[19] -> _32296_/D : -20.957449
[hold in-reg] w_data[9] -> _32702_/D : -20.956732
[hold in-reg] w_data[8] -> _32861_/D : -20.956524
[hold in-reg] w_data[29] -> _32082_/D : -20.956383
[hold in-reg] w_data[12] -> _34645_/D : -20.956244
[hold in-reg] w_data[9] -> _31733_/D : -20.956009
[hold in-reg] w_data[11] -> _32224_/D : -20.955992
[hold in-reg] w_data[11] -> _31548_/D : -20.955843
[hold in-reg] w_data[27] -> _30284_/D : -20.955477
[hold in-reg] w_data[11] -> _31735_/D : -20.955267
[hold in-reg] w_data[9] -> _32190_/D : -20.954973
[hold in-reg] w_data[10] -> _28507_/D : -20.954367
[hold in-reg] w_data[10] -> _28539_/D : -20.954359
[hold in-reg] w_data[10] -> _28571_/D : -20.954197
[hold in-reg] w_data[10] -> _28475_/D : -20.954058
[hold in-reg] w_data[12] -> _34613_/D : -20.953802
[hold in-reg] w_data[11] -> _33300_/D : -20.953587
[hold in-reg] w_data[10] -> _28603_/D : -20.953444
[hold in-reg] w_data[15] -> _34392_/D : -20.953316
[hold in-reg] w_data[9] -> _30362_/D : -20.953205
[hold in-reg] w_data[9] -> _32222_/D : -20.953098
[hold in-reg] w_data[9] -> _32062_/D : -20.952967
[hold in-reg] w_data[19] -> _33436_/D : -20.952976
[hold in-reg] w_data[24] -> _30729_/D : -20.952908
[hold in-reg] w_data[15] -> _31908_/D : -20.952389
[hold in-reg] w_data[11] -> _31799_/D : -20.951576
[hold in-reg] w_data[14] -> _32739_/D : -20.951567
[hold in-reg] w_data[11] -> _31621_/D : -20.951305
[hold in-reg] w_data[29] -> _30894_/D : -20.950865
[hold in-reg] w_data[21] -> _34622_/D : -20.950783
[hold in-reg] w_data[14] -> _34679_/D : -20.950733
[hold in-reg] w_data[11] -> _31356_/D : -20.950678
[hold in-reg] w_data[19] -> _33308_/D : -20.950495
[hold in-reg] w_data[10] -> _35987_/D : -20.950151
[hold in-reg] w_data[19] -> _32104_/D : -20.949995
[hold in-reg] w_data[19] -> _31364_/D : -20.949793
[hold in-reg] w_data[21] -> _34654_/D : -20.949762
[hold in-reg] w_data[19] -> _31807_/D : -20.949713
[hold in-reg] w_data[10] -> _29307_/D : -20.949427
[hold in-reg] w_data[10] -> _36307_/D : -20.949224
[hold in-reg] w_data[15] -> _33060_/D : -20.949032
[hold in-reg] w_data[9] -> _31546_/D : -20.948631
[hold in-reg] w_data[19] -> _31629_/D : -20.948400
[hold in-reg] w_data[11] -> _33428_/D : -20.948408
[hold in-reg] w_data[14] -> _33271_/D : -20.948219
[hold in-reg] w_data[24] -> _30953_/D : -20.947994
[hold in-reg] w_data[10] -> _34515_/D : -20.947750
[hold in-reg] w_data[11] -> _32096_/D : -20.947369
[hold in-reg] w_data[9] -> _31386_/D : -20.947142
[hold in-reg] w_data[9] -> _32094_/D : -20.946657
[hold in-reg] w_data[15] -> _34712_/D : -20.945181
[hold in-reg] w_data[8] -> _34865_/D : -20.944492
[hold in-reg] w_data[8] -> _34897_/D : -20.944490
[hold in-reg] w_data[27] -> _30188_/D : -20.943613
[hold in-reg] w_data[9] -> _31354_/D : -20.942074
[hold in-reg] w_data[9] -> _32286_/D : -20.941612
[hold in-reg] w_data[3] -> _35436_/D : -20.941549
[hold in-reg] w_data[10] -> _29627_/D : -20.941504
[hold in-reg] w_data[9] -> _31418_/D : -20.941322
[hold in-reg] w_data[3] -> _35372_/D : -20.941034
[hold in-reg] w_data[3] -> _35500_/D : -20.941048
[hold in-reg] w_data[10] -> _33331_/D : -20.940880
[hold in-reg] w_data[9] -> _31797_/D : -20.940561
[hold in-reg] w_data[3] -> _34988_/D : -20.940331
[hold in-reg] w_data[3] -> _35404_/D : -20.940214
[hold in-reg] w_inc -> _33254_/D : -20.940138
[hold in-reg] w_data[9] -> _33426_/D : -20.939939
[hold in-reg] w_data[9] -> _31619_/D : -20.939833
[hold in-reg] w_data[3] -> _34860_/D : -20.939814
[hold in-reg] w_data[12] -> _29949_/D : -20.939734
[hold in-reg] w_data[28] -> _33989_/D : -20.939201
[hold in-reg] w_data[12] -> _31654_/D : -20.939098
[hold in-reg] w_data[17] -> _35002_/D : -20.937843
[hold in-reg] w_data[3] -> _35308_/D : -20.936672
[hold in-reg] w_data[14] -> _32835_/D : -20.934504
[hold in-reg] w_data[3] -> _35468_/D : -20.934204
[hold in-reg] w_data[3] -> _34892_/D : -20.933886
[hold in-reg] w_data[8] -> _34609_/D : -20.933805
[hold in-reg] w_data[3] -> _35532_/D : -20.933651
[hold in-reg] w_data[3] -> _35596_/D : -20.933418
[hold in-reg] w_data[3] -> _35564_/D : -20.933214
[hold in-reg] w_data[9] -> _33298_/D : -20.932718
[hold in-reg] w_data[27] -> _30220_/D : -20.932259
[hold in-reg] w_data[8] -> _34353_/D : -20.932169
[hold in-reg] w_data[27] -> _30316_/D : -20.931293
[hold in-reg] w_data[8] -> _34641_/D : -20.931242
[hold in-reg] w_data[7] -> _31096_/D : -20.931097
[hold in-reg] w_data[3] -> _35852_/D : -20.930769
[hold in-reg] w_data[3] -> _35820_/D : -20.930717
[hold in-reg] w_data[7] -> _31032_/D : -20.930645
[hold in-reg] w_data[8] -> _34417_/D : -20.930525
[hold in-reg] w_data[3] -> _32792_/D : -20.930496
[hold in-reg] w_data[7] -> _31064_/D : -20.930387
[hold in-reg] w_data[3] -> _35692_/D : -20.930029
[hold in-reg] w_data[3] -> _35724_/D : -20.929718
[hold in-reg] w_data[3] -> _35788_/D : -20.929638
[hold in-reg] w_data[25] -> _32366_/D : -20.929611
[hold in-reg] w_data[25] -> _32174_/D : -20.929453
[hold in-reg] w_data[3] -> _35756_/D : -20.929293
[hold in-reg] w_data[3] -> _34924_/D : -20.927755
[hold in-reg] w_data[3] -> _32600_/D : -20.927166
[hold in-reg] w_data[28] -> _33893_/D : -20.925241
[hold in-reg] w_data[4] -> _35501_/D : -20.924759
[hold in-reg] w_data[14] -> _34615_/D : -20.924490
[hold in-reg] w_data[13] -> _34422_/D : -20.924187
[hold in-reg] w_data[13] -> _34646_/D : -20.924084
[hold in-reg] w_data[13] -> _34550_/D : -20.923828
[hold in-reg] w_data[4] -> _35437_/D : -20.923594
[hold in-reg] w_data[8] -> _34449_/D : -20.923105
[hold in-reg] w_data[25] -> _30634_/D : -20.922798
[hold in-reg] w_data[17] -> _32806_/D : -20.922434
[hold in-reg] w_data[27] -> _32144_/D : -20.921841
[hold in-reg] w_data[4] -> _35405_/D : -20.921711
[hold in-reg] w_data[4] -> _35373_/D : -20.921576
[hold in-reg] w_data[28] -> _34021_/D : -20.921492
[hold in-reg] w_data[10] -> _34707_/D : -20.921236
[hold in-reg] w_data[20] -> _32009_/D : -20.921114
[hold in-reg] w_data[28] -> _34053_/D : -20.920712
[hold in-reg] w_data[28] -> _31085_/D : -20.920303
[hold in-reg] w_data[17] -> _34906_/D : -20.919853
[hold in-reg] w_data[28] -> _31053_/D : -20.919718
[hold in-reg] w_data[3] -> _32760_/D : -20.919222
[hold in-reg] w_data[3] -> _34956_/D : -20.919180
[hold in-reg] w_data[4] -> _35565_/D : -20.919073
[hold in-reg] w_data[28] -> _33925_/D : -20.918753
[hold in-reg] w_data[28] -> _35141_/D : -20.918617
[hold in-reg] w_data[4] -> _35597_/D : -20.918261
[hold in-reg] w_data[4] -> _35533_/D : -20.916664
[hold in-reg] w_data[2] -> _35275_/D : -20.915756
[hold in-reg] w_data[13] -> _34454_/D : -20.915730
[hold in-reg] w_data[13] -> _34582_/D : -20.915543
[hold in-reg] w_data[2] -> _35307_/D : -20.915277
[hold in-reg] w_data[2] -> _35243_/D : -20.915203
[hold in-reg] w_data[2] -> _32759_/D : -20.914467
[hold in-reg] w_data[4] -> _35469_/D : -20.913807
[hold in-reg] w_data[30] -> _34919_/D : -20.913527
[hold in-reg] w_data[25] -> _30986_/D : -20.912876
[hold in-reg] w_data[5] -> _34990_/D : -20.912518
[hold in-reg] w_data[4] -> _35789_/D : -20.911764
[hold in-reg] w_data[30] -> _34951_/D : -20.911591
[hold in-reg] w_data[30] -> _34887_/D : -20.911442
[hold in-reg] w_data[4] -> _35821_/D : -20.911436
[hold in-reg] w_data[25] -> _31950_/D : -20.911192
[hold in-reg] w_data[25] -> _32558_/D : -20.910997
[hold in-reg] w_data[30] -> _35399_/D : -20.910971
[hold in-reg] w_data[5] -> _34862_/D : -20.910025
[hold in-reg] w_data[30] -> _35431_/D : -20.909979
[hold in-reg] w_data[27] -> _32048_/D : -20.909880
[hold in-reg] w_data[17] -> _34874_/D : -20.909775
[hold in-reg] w_data[30] -> _35527_/D : -20.909622
[hold in-reg] w_data[30] -> _35463_/D : -20.909458
[hold in-reg] w_data[27] -> _30796_/D : -20.909275
[hold in-reg] w_data[4] -> _35757_/D : -20.909292
[hold in-reg] w_data[4] -> _35853_/D : -20.909197
[hold in-reg] w_data[20] -> _32137_/D : -20.909061
[hold in-reg] w_data[2] -> _35435_/D : -20.908487
[hold in-reg] w_data[2] -> _35403_/D : -20.908426
[hold in-reg] w_data[28] -> _34949_/D : -20.908403
[hold in-reg] w_data[21] -> _31946_/D : -20.908239
[hold in-reg] w_data[28] -> _34917_/D : -20.907688
[hold in-reg] w_data[5] -> _34926_/D : -20.907640
[hold in-reg] w_data[28] -> _34885_/D : -20.907072
[hold in-reg] w_data[24] -> _31113_/D : -20.906078
[hold in-reg] w_data[5] -> _34894_/D : -20.905636
[hold in-reg] w_data[7] -> _30232_/D : -20.904968
[hold in-reg] w_data[28] -> _35301_/D : -20.904896
[hold in-reg] w_data[27] -> _31984_/D : -20.904861
[hold in-reg] w_data[21] -> _30822_/D : -20.904490
[hold in-reg] w_data[28] -> _35269_/D : -20.903875
[hold in-reg] w_data[25] -> _30890_/D : -20.903851
[hold in-reg] w_data[28] -> _35013_/D : -20.903341
[hold in-reg] w_data[30] -> _30959_/D : -20.903261
[hold in-reg] w_data[10] -> _34547_/D : -20.903160
[hold in-reg] w_data[28] -> _35525_/D : -20.903078
[hold in-reg] w_data[28] -> _35397_/D : -20.902845
[hold in-reg] w_data[10] -> _34419_/D : -20.902615
[hold in-reg] w_data[25] -> _30602_/D : -20.902561
[hold in-reg] w_data[20] -> _31977_/D : -20.902557
[hold in-reg] w_data[10] -> _34739_/D : -20.902561
[hold in-reg] w_data[3] -> _35116_/D : -20.902403
[hold in-reg] w_data[30] -> _34983_/D : -20.902155
[hold in-reg] w_data[5] -> _32794_/D : -20.902122
[hold in-reg] w_data[10] -> _32863_/D : -20.902058
[hold in-reg] w_data[10] -> _34355_/D : -20.902060
[hold in-reg] w_data[8] -> _34481_/D : -20.902042
[hold in-reg] w_data[28] -> _35333_/D : -20.901936
[hold in-reg] w_data[28] -> _35461_/D : -20.901836
[hold in-reg] w_data[30] -> _35495_/D : -20.901474
[hold in-reg] w_data[8] -> _34513_/D : -20.901415
[hold in-reg] w_data[25] -> _30698_/D : -20.901388
[hold in-reg] w_data[30] -> _35623_/D : -20.900957
[hold in-reg] w_data[28] -> _32785_/D : -20.900845
[hold in-reg] w_data[30] -> _35591_/D : -20.900635
[hold in-reg] w_data[9] -> _31098_/D : -20.900259
[hold in-reg] w_data[8] -> _34545_/D : -20.900105
[hold in-reg] w_data[16] -> _35417_/D : -20.900070
[hold in-reg] w_data[30] -> _35559_/D : -20.900007
[hold in-reg] w_data[10] -> _34675_/D : -20.899923
[hold in-reg] w_data[2] -> _35467_/D : -20.899897
[hold in-reg] w_data[28] -> _34981_/D : -20.899704
[hold in-reg] w_data[8] -> _34673_/D : -20.899405
[hold in-reg] w_data[5] -> _34958_/D : -20.899256
[hold in-reg] w_data[16] -> _35513_/D : -20.899023
[hold in-reg] w_data[2] -> _35531_/D : -20.899004
[hold in-reg] w_data[28] -> _35429_/D : -20.898829
[hold in-reg] w_data[30] -> _32787_/D : -20.898785
[hold in-reg] w_data[5] -> _35502_/D : -20.898748
[hold in-reg] w_data[5] -> _35310_/D : -20.898531
[hold in-reg] w_data[30] -> _35335_/D : -20.898489
[hold in-reg] w_data[2] -> _35595_/D : -20.898436
[hold in-reg] w_data[5] -> _35438_/D : -20.898230
[hold in-reg] w_data[16] -> _35449_/D : -20.898121
[hold in-reg] w_data[2] -> _35563_/D : -20.898123
[hold in-reg] w_data[9] -> _31066_/D : -20.897678
[hold in-reg] w_data[5] -> _32762_/D : -20.897697
[hold in-reg] w_data[5] -> _35406_/D : -20.897375
[hold in-reg] w_data[3] -> _35180_/D : -20.897074
[hold in-reg] w_data[16] -> _35385_/D : -20.896626
[hold in-reg] w_data[4] -> _34861_/D : -20.895462
[hold in-reg] w_data[27] -> _32016_/D : -20.895369
[hold in-reg] w_data[3] -> _35212_/D : -20.895256
[hold in-reg] w_data[13] -> _32194_/D : -20.894972
[hold in-reg] w_data[3] -> _35084_/D : -20.894844
[hold in-reg] w_data[28] -> _32817_/D : -20.894672
[hold in-reg] w_data[10] -> _34579_/D : -20.894569
[hold in-reg] w_data[28] -> _35589_/D : -20.894516
[hold in-reg] w_data[13] -> _32226_/D : -20.894444
[hold in-reg] w_data[10] -> _34451_/D : -20.894434
[hold in-reg] w_data[5] -> _35374_/D : -20.894411
[hold in-reg] w_data[28] -> _35621_/D : -20.894409
[hold in-reg] w_data[28] -> _35781_/D : -20.893961
[hold in-reg] w_data[28] -> _35877_/D : -20.893911
[hold in-reg] w_data[3] -> _35148_/D : -20.893858
[hold in-reg] w_data[10] -> _34835_/D : -20.893766
[hold in-reg] w_data[28] -> _35493_/D : -20.893768
[hold in-reg] w_data[28] -> _35845_/D : -20.893761
[hold in-reg] w_data[10] -> _34771_/D : -20.893738
[hold in-reg] w_data[3] -> _35052_/D : -20.893656
[hold in-reg] w_data[28] -> _35557_/D : -20.893576
[hold in-reg] w_data[28] -> _35813_/D : -20.893503
[hold in-reg] w_data[21] -> _32554_/D : -20.893034
[hold in-reg] w_data[8] -> _34577_/D : -20.892862
[hold in-reg] w_data[21] -> _30758_/D : -20.892757
[hold in-reg] w_data[28] -> _35717_/D : -20.892557
[hold in-reg] w_data[16] -> _35545_/D : -20.892218
[hold in-reg] w_data[16] -> _35481_/D : -20.892101
[hold in-reg] w_data[28] -> _35749_/D : -20.892008
[hold in-reg] w_data[10] -> _35187_/D : -20.891823
[hold in-reg] w_data[20] -> _32041_/D : -20.891724
[hold in-reg] w_data[16] -> _35577_/D : -20.891663
[hold in-reg] w_data[8] -> _32829_/D : -20.891630
[hold in-reg] w_data[10] -> _32831_/D : -20.891542
[hold in-reg] w_data[16] -> _35609_/D : -20.891430
[hold in-reg] w_data[16] -> _35001_/D : -20.891386
[hold in-reg] w_data[3] -> _35244_/D : -20.890984
[hold in-reg] w_data[3] -> _35276_/D : -20.890877
[hold in-reg] w_data[27] -> _30732_/D : -20.890541
[hold in-reg] w_data[5] -> _35630_/D : -20.890488
[hold in-reg] w_data[13] -> _30366_/D : -20.890432
[hold in-reg] w_data[13] -> _31550_/D : -20.890329
[hold in-reg] w_data[5] -> _35470_/D : -20.889809
[hold in-reg] w_data[5] -> _35598_/D : -20.889780
[hold in-reg] w_data[5] -> _35566_/D : -20.889618
[hold in-reg] w_data[13] -> _32066_/D : -20.889311
[hold in-reg] w_data[5] -> _35534_/D : -20.889189
[hold in-reg] w_data[30] -> _35015_/D : -20.888741
[hold in-reg] w_data[4] -> _34925_/D : -20.888527
[hold in-reg] w_data[5] -> _35854_/D : -20.888477
[hold in-reg] w_data[13] -> _32706_/D : -20.888212
[hold in-reg] w_data[16] -> _35321_/D : -20.887711
[hold in-reg] w_data[4] -> _34893_/D : -20.887672
[hold in-reg] w_data[27] -> _30956_/D : -20.887613
[hold in-reg] w_data[16] -> _32773_/D : -20.887518
[hold in-reg] w_data[5] -> _35790_/D : -20.886988
[hold in-reg] w_data[27] -> _30444_/D : -20.886896
[hold in-reg] w_data[13] -> _31737_/D : -20.886755
[hold in-reg] w_data[5] -> _35822_/D : -20.886232
[hold in-reg] w_data[5] -> _35086_/D : -20.885359
[hold in-reg] w_data[21] -> _30598_/D : -20.885176
[hold in-reg] w_data[16] -> _35833_/D : -20.885038
[hold in-reg] w_data[5] -> _35054_/D : -20.884794
[hold in-reg] w_data[21] -> _30694_/D : -20.884714
[hold in-reg] w_data[5] -> _35758_/D : -20.884571
[hold in-reg] w_data[25] -> _30538_/D : -20.884321
[hold in-reg] w_data[2] -> _35115_/D : -20.884325
[hold in-reg] w_data[12] -> _31581_/D : -20.884176
[hold in-reg] w_data[13] -> _32290_/D : -20.884148
[hold in-reg] w_data[7] -> _34256_/D : -20.884109
[hold in-reg] w_data[5] -> _35694_/D : -20.884123
[hold in-reg] w_data[12] -> _30333_/D : -20.884016
[hold in-reg] w_data[5] -> _35726_/D : -20.883949
[hold in-reg] w_data[24] -> _31049_/D : -20.883570
[hold in-reg] w_data[15] -> _31940_/D : -20.883526
[hold in-reg] w_data[24] -> _31081_/D : -20.883429
[hold in-reg] w_data[25] -> _32334_/D : -20.883247
[hold in-reg] w_data[16] -> _30529_/D : -20.883213
[hold in-reg] w_data[16] -> _35865_/D : -20.883223
[hold in-reg] w_data[16] -> _35801_/D : -20.883020
[hold in-reg] w_data[7] -> _34224_/D : -20.882990
[hold in-reg] w_data[5] -> _32602_/D : -20.882723
[hold in-reg] w_data[15] -> _30976_/D : -20.882597
[hold in-reg] w_data[13] -> _33430_/D : -20.882568
[hold in-reg] w_data[16] -> _35769_/D : -20.882504
[hold in-reg] w_data[7] -> _34320_/D : -20.882360
[hold in-reg] w_data[13] -> _31623_/D : -20.882303
[hold in-reg] w_data[16] -> _35705_/D : -20.882032
[hold in-reg] w_data[31] -> _31088_/D : -20.881775
[hold in-reg] w_data[16] -> _32805_/D : -20.881779
[hold in-reg] w_data[2] -> _35211_/D : -20.881565
[hold in-reg] w_data[13] -> _31422_/D : -20.881506
[hold in-reg] w_data[31] -> _31056_/D : -20.881067
[hold in-reg] w_data[13] -> _32098_/D : -20.880850
[hold in-reg] w_data[13] -> _31801_/D : -20.880772
[hold in-reg] w_data[31] -> _34248_/D : -20.880705
[hold in-reg] w_data[13] -> _31358_/D : -20.880543
[hold in-reg] w_data[6] -> _34991_/D : -20.880550
[hold in-reg] w_data[13] -> _31390_/D : -20.880463
[hold in-reg] w_data[30] -> _32819_/D : -20.880466
[hold in-reg] w_data[16] -> _35737_/D : -20.880217
[hold in-reg] w_data[31] -> _34344_/D : -20.880083
[hold in-reg] w_data[31] -> _34312_/D : -20.879910
[hold in-reg] w_data[25] -> _30474_/D : -20.879700
[hold in-reg] w_data[4] -> _34957_/D : -20.879551
[hold in-reg] w_data[31] -> _34280_/D : -20.879475
[hold in-reg] w_data[27] -> _31532_/D : -20.879309
[hold in-reg] w_data[4] -> _35309_/D : -20.879223
[hold in-reg] w_data[4] -> _32761_/D : -20.879200
[hold in-reg] w_data[30] -> _35143_/D : -20.878733
[hold in-reg] w_data[2] -> _35179_/D : -20.878431
[hold in-reg] w_data[7] -> _33968_/D : -20.877611
[hold in-reg] w_data[28] -> _34629_/D : -20.877541
[hold in-reg] w_data[2] -> _35147_/D : -20.877258
[hold in-reg] w_data[12] -> _30397_/D : -20.876841
[hold in-reg] w_data[12] -> _32737_/D : -20.876820
[hold in-reg] w_data[25] -> _33006_/D : -20.876839
[hold in-reg] w_data[28] -> _34661_/D : -20.876820
[hold in-reg] w_data[25] -> _30506_/D : -20.876799
[hold in-reg] w_data[18] -> _35515_/D : -20.876640
[hold in-reg] w_data[5] -> _35118_/D : -20.875969
[hold in-reg] w_data[28] -> _34693_/D : -20.875700
[hold in-reg] w_data[8] -> _34385_/D : -20.875589
[hold in-reg] w_data[18] -> _35003_/D : -20.875355
[hold in-reg] w_data[8] -> _30137_/D : -20.874990
[hold in-reg] w_data[18] -> _35419_/D : -20.874706
[hold in-reg] w_data[18] -> _35451_/D : -20.874653
[hold in-reg] w_data[31] -> _31344_/D : -20.874508
[hold in-reg] w_data[31] -> _31216_/D : -20.874374
[hold in-reg] w_data[8] -> _31289_/D : -20.874386
[hold in-reg] w_data[24] -> _30249_/D : -20.874174
[hold in-reg] w_data[16] -> _35065_/D : -20.874083
[hold in-reg] w_data[13] -> _33302_/D : -20.874020
[hold in-reg] w_data[15] -> _30336_/D : -20.873919
[hold in-reg] w_data[15] -> _31657_/D : -20.873877
[hold in-reg] w_data[30] -> _35207_/D : -20.873886
[hold in-reg] w_data[31] -> _33204_/D : -20.873856
[hold in-reg] w_data[16] -> _35097_/D : -20.873821
[hold in-reg] w_data[15] -> _31584_/D : -20.873646
[hold in-reg] w_data[16] -> _30497_/D : -20.873524
[hold in-reg] w_data[18] -> _35387_/D : -20.873533
[hold in-reg] w_data[5] -> _35214_/D : -20.873255
[hold in-reg] w_data[15] -> _29952_/D : -20.873163
[hold in-reg] w_data[8] -> _33745_/D : -20.873037
[hold in-reg] w_data[31] -> _30256_/D : -20.872660
[hold in-reg] w_data[5] -> _35182_/D : -20.872602
[hold in-reg] w_data[3] -> _30516_/D : -20.872517
[hold in-reg] w_data[21] -> _35134_/D : -20.871733
[hold in-reg] w_data[14] -> _34743_/D : -20.871452
[hold in-reg] w_data[30] -> _35239_/D : -20.871471
[hold in-reg] w_data[28] -> _34757_/D : -20.871130
[hold in-reg] w_data[6] -> _32763_/D : -20.870567
[hold in-reg] w_data[7] -> _33904_/D : -20.870558
[hold in-reg] w_data[5] -> _35150_/D : -20.870552
[hold in-reg] w_data[6] -> _32795_/D : -20.870531
[hold in-reg] w_data[2] -> _34923_/D : -20.870169
[hold in-reg] w_data[6] -> _34863_/D : -20.870121
[hold in-reg] w_data[3] -> _30804_/D : -20.870070
[hold in-reg] w_data[9] -> _31194_/D : -20.869427
[hold in-reg] w_data[9] -> _33182_/D : -20.869267
[hold in-reg] w_data[31] -> _34632_/D : -20.868999
[hold in-reg] w_data[6] -> _35279_/D : -20.868784
[hold in-reg] w_data[6] -> _35311_/D : -20.868721
[hold in-reg] w_data[28] -> _34789_/D : -20.868629
[hold in-reg] w_data[30] -> _35271_/D : -20.868641
[hold in-reg] w_data[5] -> _35246_/D : -20.868601
[hold in-reg] w_data[6] -> _35247_/D : -20.868526
[hold in-reg] w_data[30] -> _35303_/D : -20.868267
[hold in-reg] w_data[17] -> _30818_/D : -20.867970
[hold in-reg] w_data[5] -> _35278_/D : -20.867977
[hold in-reg] w_data[30] -> _35175_/D : -20.867939
[hold in-reg] w_data[10] -> _33747_/D : -20.867867
[hold in-reg] w_data[16] -> _32357_/D : -20.867800
[hold in-reg] w_data[17] -> _30978_/D : -20.867723
[hold in-reg] w_data[16] -> _30625_/D : -20.867657
[hold in-reg] w_data[16] -> _32165_/D : -20.867617
[hold in-reg] w_data[2] -> _34891_/D : -20.867542
[hold in-reg] w_data[18] -> _35643_/D : -20.867496
[hold in-reg] w_data[30] -> _35079_/D : -20.867270
[hold in-reg] w_data[8] -> _35025_/D : -20.867237
[hold in-reg] w_data[30] -> _35111_/D : -20.867165
[hold in-reg] w_data[17] -> _31942_/D : -20.867128
[hold in-reg] w_data[27] -> _31020_/D : -20.866911
[hold in-reg] w_data[28] -> _32849_/D : -20.866877
[hold in-reg] w_data[21] -> _34558_/D : -20.866827
[hold in-reg] w_data[30] -> _30319_/D : -20.866735
[hold in-reg] w_data[18] -> _35579_/D : -20.866690
[hold in-reg] w_data[8] -> _35345_/D : -20.866596
[hold in-reg] w_data[8] -> _34705_/D : -20.866447
[hold in-reg] w_data[18] -> _35547_/D : -20.866453
[hold in-reg] w_data[18] -> _35611_/D : -20.866461
[hold in-reg] w_data[7] -> _34000_/D : -20.866278
[hold in-reg] w_data[4] -> _30517_/D : -20.866098
[hold in-reg] w_data[17] -> _32550_/D : -20.866110
[hold in-reg] w_data[21] -> _34494_/D : -20.866079
[hold in-reg] w_data[21] -> _34526_/D : -20.866077
[hold in-reg] w_data[9] -> _31034_/D : -20.866013
[hold in-reg] w_data[18] -> _32807_/D : -20.865934
[hold in-reg] w_data[18] -> _35483_/D : -20.865864
[hold in-reg] w_data[8] -> _34065_/D : -20.865547
[hold in-reg] w_data[15] -> _33220_/D : -20.865496
[hold in-reg] w_data[15] -> _33272_/D : -20.865400
[hold in-reg] w_data[3] -> _34732_/D : -20.865412
[hold in-reg] w_data[10] -> _33055_/D : -20.865366
[hold in-reg] w_data[28] -> _35205_/D : -20.865269
[hold in-reg] w_data[15] -> _30400_/D : -20.864702
[hold in-reg] w_data[15] -> _32740_/D : -20.864668
[hold in-reg] w_data[20] -> _30789_/D : -20.864614
[hold in-reg] w_data[18] -> _35067_/D : -20.864634
[hold in-reg] w_data[28] -> _35173_/D : -20.864483
[hold in-reg] w_data[9] -> _34226_/D : -20.864082
[hold in-reg] w_data[18] -> _35099_/D : -20.864101
[hold in-reg] w_data[16] -> _35129_/D : -20.863638
[hold in-reg] w_data[10] -> _28347_/D : -20.863579
[hold in-reg] w_data[16] -> _30465_/D : -20.863470
[hold in-reg] w_data[3] -> _32344_/D : -20.863443
[hold in-reg] w_data[21] -> _35230_/D : -20.863401
[hold in-reg] w_data[3] -> _30452_/D : -20.863291
[hold in-reg] w_data[3] -> _32312_/D : -20.863262
[hold in-reg] w_data[3] -> _32984_/D : -20.863205
[hold in-reg] w_data[3] -> _30484_/D : -20.863184
[hold in-reg] w_data[16] -> _32997_/D : -20.863041
[hold in-reg] w_data[21] -> _35262_/D : -20.863020
[hold in-reg] w_data[16] -> _32325_/D : -20.862883
[hold in-reg] w_data[27] -> _34244_/D : -20.862883
[hold in-reg] w_data[28] -> _34821_/D : -20.862638
[hold in-reg] w_data[28] -> _35237_/D : -20.862556
[hold in-reg] w_data[21] -> _35198_/D : -20.862459
[hold in-reg] w_data[28] -> _34853_/D : -20.862354
[hold in-reg] w_data[21] -> _35166_/D : -20.862310
[hold in-reg] w_data[2] -> _30515_/D : -20.862288
[hold in-reg] w_data[10] -> _32255_/D : -20.862125
[hold in-reg] w_data[4] -> _34989_/D : -20.861980
[hold in-reg] w_data[3] -> _30740_/D : -20.861908
[hold in-reg] w_data[10] -> _35347_/D : -20.861898
[hold in-reg] w_data[16] -> _34937_/D : -20.861717
[hold in-reg] w_data[18] -> _35707_/D : -20.861435
[hold in-reg] w_data[16] -> _34905_/D : -20.861300
[hold in-reg] w_data[27] -> _31276_/D : -20.861122
[hold in-reg] w_data[27] -> _31340_/D : -20.860739
[hold in-reg] w_data[2] -> _34955_/D : -20.860729
[hold in-reg] w_data[10] -> _35027_/D : -20.860674
[hold in-reg] w_data[18] -> _35739_/D : -20.860647
[hold in-reg] w_data[3] -> _30676_/D : -20.860201
[hold in-reg] w_data[18] -> _35867_/D : -20.860058
[hold in-reg] w_data[18] -> _35835_/D : -20.860008
[hold in-reg] w_data[3] -> _30580_/D : -20.859829
[hold in-reg] w_data[10] -> _34067_/D : -20.859755
[hold in-reg] w_data[9] -> _34258_/D : -20.859728
[hold in-reg] w_data[16] -> _34873_/D : -20.859741
[hold in-reg] w_data[18] -> _32615_/D : -20.859612
[hold in-reg] w_data[27] -> _31212_/D : -20.859259
[hold in-reg] w_data[27] -> _33200_/D : -20.859114
[hold in-reg] w_data[2] -> _34667_/D : -20.859131
[hold in-reg] w_data[17] -> _30882_/D : -20.858952
[hold in-reg] w_data[27] -> _32976_/D : -20.858801
[hold in-reg] w_data[3] -> _30612_/D : -20.858774
[hold in-reg] w_data[3] -> _32152_/D : -20.858595
[hold in-reg] w_data[21] -> _34590_/D : -20.858505
[hold in-reg] w_data[17] -> _30754_/D : -20.858463
[hold in-reg] w_data[4] -> _35117_/D : -20.858400
[hold in-reg] w_data[6] -> _30807_/D : -20.857971
[hold in-reg] w_data[3] -> _34796_/D : -20.857845
[hold in-reg] w_data[3] -> _34828_/D : -20.857847
[hold in-reg] w_data[9] -> _30234_/D : -20.857788
[hold in-reg] w_data[17] -> _30690_/D : -20.857042
[hold in-reg] w_data[4] -> _30485_/D : -20.856991
[hold in-reg] w_data[4] -> _32985_/D : -20.856991
[hold in-reg] w_data[4] -> _30453_/D : -20.856806
[hold in-reg] w_data[2] -> _34603_/D : -20.856749
[hold in-reg] w_data[4] -> _32313_/D : -20.856667
[hold in-reg] w_data[4] -> _32345_/D : -20.856613
[hold in-reg] w_data[3] -> _34764_/D : -20.856510
[hold in-reg] w_data[4] -> _32153_/D : -20.856363
[hold in-reg] w_data[17] -> _30594_/D : -20.856314
[hold in-reg] w_data[9] -> _34322_/D : -20.856335
[hold in-reg] w_data[9] -> _34290_/D : -20.856239
[hold in-reg] w_data[6] -> _35087_/D : -20.856182
[hold in-reg] w_data[6] -> _30967_/D : -20.856047
[hold in-reg] w_data[4] -> _30613_/D : -20.855963
[hold in-reg] w_data[3] -> _34412_/D : -20.855473
[hold in-reg] w_data[27] -> _31116_/D : -20.855387
[hold in-reg] w_data[6] -> _35055_/D : -20.855099
[hold in-reg] w_data[16] -> _35257_/D : -20.855093
[hold in-reg] w_data[4] -> _35085_/D : -20.855047
[hold in-reg] w_data[3] -> _34476_/D : -20.854425
[hold in-reg] w_data[4] -> _35053_/D : -20.854328
[hold in-reg] w_data[16] -> _35289_/D : -20.854296
[hold in-reg] w_data[4] -> _32793_/D : -20.854149
[hold in-reg] w_data[6] -> _35407_/D : -20.853836
[hold in-reg] w_data[19] -> _30948_/D : -20.853674
[hold in-reg] w_data[3] -> _32856_/D : -20.853674
[hold in-reg] w_data[6] -> _35439_/D : -20.853693
[hold in-reg] w_data[2] -> _32151_/D : -20.853630
[hold in-reg] w_data[27] -> _34276_/D : -20.853638
[hold in-reg] w_data[2] -> _30483_/D : -20.853584
[hold in-reg] w_data[2] -> _30611_/D : -20.853563
[hold in-reg] w_data[6] -> _35375_/D : -20.853470
[hold in-reg] w_data[6] -> _35503_/D : -20.853464
[hold in-reg] w_data[6] -> _31931_/D : -20.853296
[hold in-reg] w_data[16] -> _34969_/D : -20.853178
[hold in-reg] w_data[2] -> _32311_/D : -20.853098
[hold in-reg] w_data[3] -> _34348_/D : -20.853096
[hold in-reg] w_data[6] -> _30455_/D : -20.853054
[hold in-reg] w_data[2] -> _32343_/D : -20.853039
[hold in-reg] w_data[6] -> _32539_/D : -20.852528
[hold in-reg] w_data[6] -> _35631_/D : -20.852531
[hold in-reg] w_data[6] -> _32987_/D : -20.852495
[hold in-reg] w_data[2] -> _30451_/D : -20.852455
[hold in-reg] w_data[2] -> _32983_/D : -20.852333
[hold in-reg] w_data[3] -> _34508_/D : -20.852266
[hold in-reg] w_data[23] -> _30536_/D : -20.852222
[hold in-reg] w_data[17] -> _30530_/D : -20.851702
[hold in-reg] w_data[6] -> _32315_/D : -20.851688
[hold in-reg] w_data[6] -> _32155_/D : -20.851358
[hold in-reg] w_data[6] -> _30615_/D : -20.851082
[hold in-reg] w_data[4] -> _35181_/D : -20.851013
[hold in-reg] w_data[4] -> _35149_/D : -20.850241
[hold in-reg] w_data[4] -> _35213_/D : -20.850056
[hold in-reg] w_data[3] -> _34668_/D : -20.849600
[hold in-reg] w_data[16] -> _35193_/D : -20.849554
[hold in-reg] w_data[16] -> _35225_/D : -20.849377
[hold in-reg] w_data[9] -> _31870_/D : -20.849251
[hold in-reg] w_data[30] -> _34759_/D : -20.849174
[hold in-reg] w_data[3] -> _34540_/D : -20.849150
[hold in-reg] w_data[4] -> _35245_/D : -20.848541
[hold in-reg] w_data[5] -> _34734_/D : -20.847826
[hold in-reg] w_data[4] -> _35277_/D : -20.847773
[hold in-reg] w_data[3] -> _34636_/D : -20.847700
[hold in-reg] w_data[16] -> _35161_/D : -20.847469
[hold in-reg] w_data[21] -> _32330_/D : -20.847342
[hold in-reg] w_data[17] -> _32326_/D : -20.847115
[hold in-reg] w_data[6] -> _30871_/D : -20.847044
[hold in-reg] w_data[3] -> _34604_/D : -20.846834
[hold in-reg] w_data[30] -> _34695_/D : -20.846674
[hold in-reg] w_data[3] -> _34444_/D : -20.846247
[hold in-reg] w_data[21] -> _30982_/D : -20.845903
[hold in-reg] w_data[6] -> _35471_/D : -20.845837
[hold in-reg] w_data[4] -> _34733_/D : -20.845783
[hold in-reg] w_data[27] -> _34020_/D : -20.845598
[hold in-reg] w_data[6] -> _35791_/D : -20.845398
[hold in-reg] w_data[2] -> _34731_/D : -20.845350
[hold in-reg] w_data[28] -> _31245_/D : -20.845209
[hold in-reg] w_data[5] -> _34606_/D : -20.845037
[hold in-reg] w_data[28] -> _34501_/D : -20.844992
[hold in-reg] w_data[6] -> _30583_/D : -20.844900
[hold in-reg] w_data[5] -> _34670_/D : -20.844589
[hold in-reg] w_data[23] -> _32364_/D : -20.844376
[hold in-reg] w_data[17] -> _30466_/D : -20.844170
[hold in-reg] w_data[6] -> _30679_/D : -20.844086
[hold in-reg] w_data[28] -> _34437_/D : -20.844082
[hold in-reg] w_data[6] -> _35567_/D : -20.844088
[hold in-reg] w_data[6] -> _35599_/D : -20.844105
[hold in-reg] w_data[6] -> _30743_/D : -20.843302
[hold in-reg] w_data[18] -> _34747_/D : -20.843302
[hold in-reg] w_data[6] -> _35727_/D : -20.843231
[hold in-reg] w_data[8] -> _32349_/D : -20.843153
[hold in-reg] w_data[23] -> _30504_/D : -20.842859
[hold in-reg] w_data[4] -> _34605_/D : -20.842815
[hold in-reg] w_data[4] -> _34669_/D : -20.842684
[hold in-reg] w_data[6] -> _35535_/D : -20.842405
[hold in-reg] w_data[28] -> _34373_/D : -20.842382
[hold in-reg] w_data[6] -> _35695_/D : -20.842367
[hold in-reg] w_data[28] -> _32881_/D : -20.842346
[hold in-reg] w_data[18] -> _34875_/D : -20.842197
[hold in-reg] w_data[18] -> _34683_/D : -20.842125
[hold in-reg] w_data[18] -> _34907_/D : -20.842079
[hold in-reg] w_data[4] -> _34637_/D : -20.842052
[hold in-reg] w_data[30] -> _30191_/D : -20.841990
[hold in-reg] w_data[3] -> _34572_/D : -20.841972
[hold in-reg] w_data[17] -> _30498_/D : -20.841776
[hold in-reg] w_data[6] -> _32603_/D : -20.841787
[hold in-reg] w_data[28] -> _34565_/D : -20.841522
[hold in-reg] w_data[18] -> _34651_/D : -20.841526
[hold in-reg] w_data[6] -> _35855_/D : -20.841518
[hold in-reg] w_data[27] -> _33860_/D : -20.841427
[hold in-reg] w_data[6] -> _35823_/D : -20.841354
[hold in-reg] w_data[28] -> _34533_/D : -20.841234
[hold in-reg] w_data[17] -> _32998_/D : -20.841043
[hold in-reg] w_data[23] -> _34880_/D : -20.840899
[hold in-reg] w_data[6] -> _34895_/D : -20.840912
[hold in-reg] w_data[6] -> _34927_/D : -20.840895
[hold in-reg] w_data[18] -> _34619_/D : -20.840750
[hold in-reg] w_data[2] -> _34763_/D : -20.840717
[hold in-reg] w_data[15] -> _32548_/D : -20.840654
[hold in-reg] w_data[17] -> _30626_/D : -20.840439
[hold in-reg] w_data[6] -> _35759_/D : -20.840353
[hold in-reg] w_data[5] -> _34798_/D : -20.840191
[hold in-reg] w_data[18] -> _34939_/D : -20.840206
[hold in-reg] w_data[21] -> _32362_/D : -20.840076
[hold in-reg] w_data[23] -> _35136_/D : -20.839930
[hold in-reg] w_data[3] -> _32824_/D : -20.839869
[hold in-reg] w_data[21] -> _30534_/D : -20.839659
[hold in-reg] w_data[5] -> _30806_/D : -20.839449
[hold in-reg] w_data[30] -> _34631_/D : -20.839418
[hold in-reg] w_data[18] -> _35131_/D : -20.839033
[hold in-reg] w_data[5] -> _34830_/D : -20.839010
[hold in-reg] w_data[30] -> _34663_/D : -20.838533
[hold in-reg] w_data[23] -> _34944_/D : -20.838156
[hold in-reg] w_data[18] -> _34491_/D : -20.838037
[hold in-reg] w_data[17] -> _32166_/D : -20.838013
[hold in-reg] w_data[23] -> _34912_/D : -20.838028
[hold in-reg] w_data[21] -> _30886_/D : -20.837774
[hold in-reg] w_data[18] -> _30531_/D : -20.837318
[hold in-reg] w_data[18] -> _34523_/D : -20.837204
[hold in-reg] w_data[23] -> _30632_/D : -20.837177
[hold in-reg] w_data[23] -> _32332_/D : -20.836897
[hold in-reg] w_data[30] -> _32851_/D : -20.836916
[hold in-reg] w_data[23] -> _32172_/D : -20.836840
[hold in-reg] w_data[4] -> _34765_/D : -20.836716
[hold in-reg] w_data[17] -> _32358_/D : -20.836693
[hold in-reg] w_data[5] -> _32826_/D : -20.836605
[hold in-reg] w_data[28] -> _30669_/D : -20.836542
[hold in-reg] w_data[18] -> _34811_/D : -20.836483
[hold in-reg] w_data[18] -> _34843_/D : -20.836473
[hold in-reg] w_data[5] -> _32314_/D : -20.836123
[hold in-reg] w_data[5] -> _30614_/D : -20.836077
[hold in-reg] w_data[7] -> _33840_/D : -20.835983
[hold in-reg] w_data[5] -> _32154_/D : -20.835880
[hold in-reg] w_data[9] -> _31162_/D : -20.835169
[hold in-reg] w_data[7] -> _33872_/D : -20.835089
[hold in-reg] w_data[28] -> _34469_/D : -20.835100
[hold in-reg] w_data[20] -> _30949_/D : -20.834854
[hold in-reg] w_data[18] -> _34363_/D : -20.834806
[hold in-reg] w_data[16] -> _34745_/D : -20.834454
[hold in-reg] w_data[18] -> _34779_/D : -20.834356
[hold in-reg] w_data[20] -> _30309_/D : -20.834232
[hold in-reg] w_data[18] -> _32871_/D : -20.834076
[hold in-reg] w_data[21] -> _32170_/D : -20.833887
[hold in-reg] w_data[21] -> _30630_/D : -20.833805
[hold in-reg] w_data[6] -> _34671_/D : -20.833752
[hold in-reg] w_data[18] -> _34971_/D : -20.833603
[hold in-reg] w_data[4] -> _34797_/D : -20.833563
[hold in-reg] w_data[28] -> _34597_/D : -20.833359
[hold in-reg] w_data[18] -> _32839_/D : -20.833294
[hold in-reg] w_data[6] -> _34607_/D : -20.833160
[hold in-reg] w_data[23] -> _35232_/D : -20.833178
[hold in-reg] w_data[6] -> _34639_/D : -20.833061
[hold in-reg] w_data[4] -> _34829_/D : -20.833000
[hold in-reg] w_data[18] -> _34427_/D : -20.832666
[hold in-reg] w_data[15] -> _30880_/D : -20.832413
[hold in-reg] w_data[23] -> _30472_/D : -20.832129
[hold in-reg] w_data[4] -> _34349_/D : -20.832090
[hold in-reg] w_data[18] -> _35323_/D : -20.832056
[hold in-reg] w_data[5] -> _30742_/D : -20.831985
[hold in-reg] w_data[6] -> _34959_/D : -20.831989
[hold in-reg] w_data[4] -> _34413_/D : -20.831758
[hold in-reg] w_data[23] -> _33004_/D : -20.831688
[hold in-reg] w_data[8] -> _32157_/D : -20.831427
[hold in-reg] w_data[18] -> _32775_/D : -20.831406
[hold in-reg] w_data[18] -> _35291_/D : -20.831123
[hold in-reg] w_data[4] -> _32825_/D : -20.831081
[hold in-reg] w_data[4] -> _32857_/D : -20.831091
[hold in-reg] w_data[18] -> _32359_/D : -20.830872
[hold in-reg] w_data[18] -> _35259_/D : -20.830561
[hold in-reg] w_data[15] -> _32164_/D : -20.830364
[hold in-reg] w_data[5] -> _34638_/D : -20.830133
[hold in-reg] w_data[18] -> _30627_/D : -20.829958
[hold in-reg] w_data[23] -> _34976_/D : -20.829937
[hold in-reg] w_data[18] -> _32327_/D : -20.829775
[hold in-reg] w_data[18] -> _32167_/D : -20.829655
[hold in-reg] w_data[2] -> _34635_/D : -20.829546
[hold in-reg] w_data[18] -> _35227_/D : -20.829357
[hold in-reg] w_data[18] -> _30499_/D : -20.829258
[hold in-reg] w_data[21] -> _33002_/D : -20.829220
[hold in-reg] w_data[4] -> _34541_/D : -20.829138
[hold in-reg] w_data[18] -> _30467_/D : -20.829084
[hold in-reg] w_data[15] -> _30528_/D : -20.829073
[hold in-reg] w_data[18] -> _35163_/D : -20.828949
[hold in-reg] w_data[23] -> _35328_/D : -20.828793
[hold in-reg] w_data[18] -> _35195_/D : -20.828741
[hold in-reg] w_data[23] -> _32876_/D : -20.828680
[hold in-reg] w_data[18] -> _32999_/D : -20.828684
[hold in-reg] w_data[23] -> _32780_/D : -20.828556
[hold in-reg] w_data[4] -> _34477_/D : -20.828363
[hold in-reg] w_data[15] -> _30624_/D : -20.828239
[hold in-reg] w_data[23] -> _34368_/D : -20.828234
[hold in-reg] w_data[21] -> _30502_/D : -20.828001
[hold in-reg] w_data[23] -> _35296_/D : -20.827780
[hold in-reg] w_data[23] -> _35264_/D : -20.827629
[hold in-reg] w_data[5] -> _30582_/D : -20.827600
[hold in-reg] w_data[4] -> _34509_/D : -20.827389
[hold in-reg] w_data[5] -> _30678_/D : -20.827297
[hold in-reg] w_data[21] -> _30470_/D : -20.827271
[hold in-reg] w_data[23] -> _34432_/D : -20.827196
[hold in-reg] w_data[9] -> _31450_/D : -20.827034
[hold in-reg] w_data[28] -> _31021_/D : -20.827000
[hold in-reg] w_data[7] -> _33936_/D : -20.826923
[hold in-reg] w_data[20] -> _30725_/D : -20.825933
[hold in-reg] w_data[16] -> _34681_/D : -20.825756
[hold in-reg] w_data[23] -> _34624_/D : -20.825499
[hold in-reg] w_data[6] -> _32827_/D : -20.825447
[hold in-reg] w_data[16] -> _34617_/D : -20.824953
[hold in-reg] w_data[16] -> _34649_/D : -20.824762
[hold in-reg] w_data[23] -> _34528_/D : -20.824728
[hold in-reg] w_data[28] -> _31501_/D : -20.824707
[hold in-reg] w_data[23] -> _35392_/D : -20.824667
[hold in-reg] w_data[18] -> _34459_/D : -20.824614
[hold in-reg] w_data[27] -> _33892_/D : -20.824476
[hold in-reg] w_data[4] -> _34445_/D : -20.824291
[hold in-reg] w_data[6] -> _34735_/D : -20.822924
[hold in-reg] w_data[30] -> _34375_/D : -20.822830
[hold in-reg] w_data[23] -> _34688_/D : -20.822733
[hold in-reg] w_data[18] -> _34555_/D : -20.822538
[hold in-reg] w_data[23] -> _34656_/D : -20.822392
[hold in-reg] w_data[30] -> _34439_/D : -20.822159
[hold in-reg] w_data[23] -> _34560_/D : -20.822126
[hold in-reg] w_data[8] -> _30489_/D : -20.822077
[hold in-reg] w_data[30] -> _32883_/D : -20.822042
[hold in-reg] w_data[2] -> _32823_/D : -20.822014
[hold in-reg] w_data[23] -> _35520_/D : -20.821836
[hold in-reg] w_data[23] -> _35456_/D : -20.821754
[hold in-reg] w_data[28] -> _30445_/D : -20.821630
[hold in-reg] w_data[30] -> _34823_/D : -20.821589
[hold in-reg] w_data[23] -> _34496_/D : -20.821529
[hold in-reg] w_data[23] -> _35424_/D : -20.821436
[hold in-reg] w_data[30] -> _34855_/D : -20.821268
[hold in-reg] w_data[5] -> _34350_/D : -20.821226
[hold in-reg] w_data[6] -> _35119_/D : -20.821180
[hold in-reg] w_data[15] -> _30496_/D : -20.821005
[hold in-reg] w_data[8] -> _30457_/D : -20.820906
[hold in-reg] w_data[30] -> _34791_/D : -20.820635
[hold in-reg] w_data[5] -> _32858_/D : -20.820143
[hold in-reg] w_data[15] -> _32996_/D : -20.820137
[hold in-reg] w_data[4] -> _34573_/D : -20.820040
[hold in-reg] w_data[5] -> _34414_/D : -20.819326
[hold in-reg] w_data[23] -> _34464_/D : -20.818920
[hold in-reg] w_data[5] -> _34766_/D : -20.818558
[hold in-reg] w_data[15] -> _30464_/D : -20.818506
[hold in-reg] w_data[17] -> _31362_/D : -20.818045
[hold in-reg] w_data[23] -> _34752_/D : -20.818058
[hold in-reg] w_data[6] -> _34351_/D : -20.817348
[hold in-reg] w_data[17] -> _31805_/D : -20.816696
[hold in-reg] w_data[16] -> _32837_/D : -20.816504
[hold in-reg] w_data[6] -> _34543_/D : -20.816452
[hold in-reg] w_data[15] -> _32356_/D : -20.816397
[hold in-reg] w_data[28] -> _31277_/D : -20.816143
[hold in-reg] w_data[6] -> _34479_/D : -20.816088
[hold in-reg] w_data[15] -> _32324_/D : -20.815998
[hold in-reg] w_data[6] -> _32859_/D : -20.815926
[hold in-reg] w_data[28] -> _33201_/D : -20.815849
[hold in-reg] w_data[28] -> _31341_/D : -20.815788
[hold in-reg] w_data[23] -> _35840_/D : -20.815750
[hold in-reg] w_data[23] -> _35872_/D : -20.815687
[hold in-reg] w_data[28] -> _31213_/D : -20.815662
[hold in-reg] w_data[23] -> _35808_/D : -20.815622
[hold in-reg] w_data[6] -> _34511_/D : -20.815599
[hold in-reg] w_data[6] -> _34415_/D : -20.815559
[hold in-reg] w_data[6] -> _34799_/D : -20.815538
[hold in-reg] w_data[23] -> _35712_/D : -20.815556
[hold in-reg] w_data[23] -> _35744_/D : -20.815407
[hold in-reg] w_data[23] -> _35776_/D : -20.815300
[hold in-reg] w_data[18] -> _34587_/D : -20.813875
[hold in-reg] w_data[6] -> _34767_/D : -20.813881
[hold in-reg] w_data[30] -> _34567_/D : -20.813643
[hold in-reg] w_data[20] -> _30501_/D : -20.813616
[hold in-reg] w_data[23] -> _35488_/D : -20.813560
[hold in-reg] w_data[30] -> _34503_/D : -20.813452
[hold in-reg] w_data[23] -> _34592_/D : -20.813356
[hold in-reg] w_data[23] -> _35552_/D : -20.813366
[hold in-reg] w_data[23] -> _35584_/D : -20.813282
[hold in-reg] w_data[30] -> _34535_/D : -20.813253
[hold in-reg] w_data[23] -> _35616_/D : -20.812971
[hold in-reg] w_data[20] -> _33001_/D : -20.812918
[hold in-reg] w_data[8] -> _30969_/D : -20.812834
[hold in-reg] w_data[28] -> _31533_/D : -20.812521
[hold in-reg] w_data[6] -> _34831_/D : -20.812468
[hold in-reg] w_data[6] -> _35183_/D : -20.812334
[hold in-reg] w_data[6] -> _35151_/D : -20.812263
[hold in-reg] w_data[8] -> _30809_/D : -20.812157
[hold in-reg] w_data[6] -> _35215_/D : -20.811815
[hold in-reg] w_data[23] -> _34816_/D : -20.811644
[hold in-reg] w_data[23] -> _34848_/D : -20.811335
[hold in-reg] w_data[5] -> _34446_/D : -20.811045
[hold in-reg] w_data[23] -> _34784_/D : -20.811008
[hold in-reg] w_data[8] -> _31933_/D : -20.810574
[hold in-reg] w_data[8] -> _32541_/D : -20.810413
[hold in-reg] w_data[23] -> _32844_/D : -20.810333
[hold in-reg] w_data[2] -> _34795_/D : -20.809490
[hold in-reg] w_data[28] -> _31985_/D : -20.808762
[hold in-reg] w_data[16] -> _34841_/D : -20.808432
[hold in-reg] w_data[2] -> _34827_/D : -20.808321
[hold in-reg] w_data[6] -> _34447_/D : -20.808123
[hold in-reg] w_data[29] -> _34694_/D : -20.808128
[hold in-reg] w_data[6] -> _34575_/D : -20.807974
[hold in-reg] w_data[27] -> _34052_/D : -20.807648
[hold in-reg] w_data[30] -> _34471_/D : -20.807596
[hold in-reg] w_data[16] -> _34809_/D : -20.807598
[hold in-reg] w_data[7] -> _31690_/D : -20.807556
[hold in-reg] w_data[7] -> _30552_/D : -20.807007
[hold in-reg] w_data[16] -> _34777_/D : -20.806465
[hold in-reg] w_data[21] -> _30374_/D : -20.805531
[hold in-reg] w_data[9] -> _32894_/D : -20.805386
[hold in-reg] w_data[5] -> _34542_/D : -20.805363
[hold in-reg] w_data[8] -> _30873_/D : -20.805075
[hold in-reg] w_data[5] -> _34510_/D : -20.805065
[hold in-reg] w_data[30] -> _34599_/D : -20.804955
[hold in-reg] w_data[21] -> _32074_/D : -20.804810
[hold in-reg] w_data[8] -> _30585_/D : -20.804649
[hold in-reg] w_data[10] -> _32351_/D : -20.804649
[hold in-reg] w_data[28] -> _32017_/D : -20.804371
[hold in-reg] w_data[10] -> _30619_/D : -20.804127
[hold in-reg] w_data[21] -> _32234_/D : -20.804138
[hold in-reg] w_data[10] -> _32159_/D : -20.804111
[hold in-reg] w_data[8] -> _30745_/D : -20.803995
[hold in-reg] w_data[8] -> _30681_/D : -20.803928
[hold in-reg] w_data[8] -> _30521_/D : -20.803728
[hold in-reg] w_data[23] -> _35008_/D : -20.803556
[hold in-reg] w_data[5] -> _34478_/D : -20.803076
[hold in-reg] w_data[21] -> _32202_/D : -20.802105
[hold in-reg] w_data[16] -> _34361_/D : -20.801399
[hold in-reg] w_data[20] -> _35133_/D : -20.801334
[hold in-reg] w_data[16] -> _32869_/D : -20.800894
[hold in-reg] w_data[20] -> _34941_/D : -20.800337
[hold in-reg] w_data[28] -> _30797_/D : -20.800123
[hold in-reg] w_data[29] -> _32850_/D : -20.800116
[hold in-reg] w_data[16] -> _34425_/D : -20.799974
[hold in-reg] w_data[20] -> _34877_/D : -20.799931
[hold in-reg] w_data[28] -> _30317_/D : -20.799377
[hold in-reg] w_data[29] -> _34854_/D : -20.799335
[hold in-reg] w_data[30] -> _31503_/D : -20.799177
[hold in-reg] w_data[29] -> _34822_/D : -20.799061
[hold in-reg] w_data[2] -> _34347_/D : -20.798687
[hold in-reg] w_data[21] -> _31366_/D : -20.798359
[hold in-reg] w_data[21] -> _31631_/D : -20.798342
[hold in-reg] w_data[21] -> _31809_/D : -20.798065
[hold in-reg] w_data[2] -> _32855_/D : -20.797754
[hold in-reg] w_data[20] -> _34909_/D : -20.797762
[hold in-reg] w_data[2] -> _34411_/D : -20.797644
[hold in-reg] w_data[27] -> _31468_/D : -20.797422
[hold in-reg] w_data[22] -> _33003_/D : -20.797216
[hold in-reg] w_data[2] -> _34475_/D : -20.796862
[hold in-reg] w_data[5] -> _34574_/D : -20.796812
[hold in-reg] w_data[29] -> _30830_/D : -20.796776
[hold in-reg] w_data[29] -> _31954_/D : -20.796770
[hold in-reg] w_data[29] -> _32562_/D : -20.796724
[hold in-reg] w_data[22] -> _30471_/D : -20.796690
[hold in-reg] w_data[23] -> _32812_/D : -20.796650
[hold in-reg] w_data[2] -> _34507_/D : -20.796310
[hold in-reg] w_data[30] -> _30447_/D : -20.796268
[hold in-reg] w_data[10] -> _32543_/D : -20.796227
[hold in-reg] w_data[21] -> _32106_/D : -20.795717
[hold in-reg] w_data[2] -> _34539_/D : -20.795578
[hold in-reg] w_data[31] -> _31504_/D : -20.795259
[hold in-reg] w_data[20] -> _35069_/D : -20.795267
[hold in-reg] w_data[30] -> _30575_/D : -20.795200
[hold in-reg] w_data[30] -> _31713_/D : -20.795135
[hold in-reg] w_data[22] -> _32331_/D : -20.795073
[hold in-reg] w_data[28] -> _32145_/D : -20.795008
[hold in-reg] w_data[20] -> _35101_/D : -20.794731
[hold in-reg] w_data[10] -> _30811_/D : -20.794418
[hold in-reg] w_data[8] -> _31577_/D : -20.794125
[hold in-reg] w_data[8] -> _30329_/D : -20.793201
[hold in-reg] w_data[20] -> _35197_/D : -20.793159
[hold in-reg] w_data[10] -> _31935_/D : -20.793062
[hold in-reg] w_data[19] -> _32328_/D : -20.792976
[hold in-reg] w_data[19] -> _32360_/D : -20.792675
[hold in-reg] w_data[10] -> _30971_/D : -20.792488
[hold in-reg] w_data[20] -> _35229_/D : -20.792416
[hold in-reg] w_data[24] -> _35009_/D : -20.792385
[hold in-reg] w_data[19] -> _32168_/D : -20.791906
[hold in-reg] w_data[19] -> _30628_/D : -20.791861
[hold in-reg] w_data[20] -> _35165_/D : -20.791817
[hold in-reg] w_data[16] -> _34457_/D : -20.791613
[hold in-reg] w_data[20] -> _34973_/D : -20.790941
[hold in-reg] w_data[20] -> _35005_/D : -20.790466
[hold in-reg] w_data[8] -> _31650_/D : -20.790129
[hold in-reg] w_data[11] -> _30812_/D : -20.790005
[hold in-reg] w_data[30] -> _30287_/D : -20.789810
[hold in-reg] w_data[14] -> _30527_/D : -20.789711
[hold in-reg] w_data[29] -> _30606_/D : -20.789694
[hold in-reg] w_data[8] -> _32989_/D : -20.789684
[hold in-reg] w_data[2] -> _34443_/D : -20.789568
[hold in-reg] w_data[7] -> _31868_/D : -20.789452
[hold in-reg] w_data[8] -> _29945_/D : -20.789116
[hold in-reg] w_data[8] -> _28665_/D : -20.788967
[hold in-reg] w_data[24] -> _34945_/D : -20.788902
[hold in-reg] w_data[29] -> _30702_/D : -20.788670
[hold in-reg] w_data[30] -> _30223_/D : -20.788437
[hold in-reg] w_data[2] -> _34571_/D : -20.787949
[hold in-reg] w_data[29] -> _30766_/D : -20.787912
[hold in-reg] w_data[30] -> _31535_/D : -20.787767
[hold in-reg] w_data[10] -> _30747_/D : -20.787607
[hold in-reg] w_data[16] -> _34553_/D : -20.785774
[hold in-reg] w_data[9] -> _34034_/D : -20.785446
[hold in-reg] w_data[16] -> _34521_/D : -20.785271
[hold in-reg] w_data[8] -> _32733_/D : -20.785112
[hold in-reg] w_data[8] -> _30393_/D : -20.784637
[hold in-reg] w_data[8] -> _33265_/D : -20.784502
[hold in-reg] w_data[24] -> _35201_/D : -20.784330
[hold in-reg] w_data[24] -> _35233_/D : -20.784233
[hold in-reg] w_data[24] -> _32813_/D : -20.784172
[hold in-reg] w_data[10] -> _30875_/D : -20.783897
[hold in-reg] w_data[8] -> _33213_/D : -20.783663
[hold in-reg] w_data[16] -> _34489_/D : -20.783541
[hold in-reg] w_data[11] -> _30588_/D : -20.783484
[hold in-reg] w_data[24] -> _35073_/D : -20.783491
[hold in-reg] w_data[24] -> _35105_/D : -20.783188
[hold in-reg] w_data[24] -> _32781_/D : -20.783131
[hold in-reg] w_data[23] -> _35200_/D : -20.783012
[hold in-reg] w_data[23] -> _35168_/D : -20.782887
[hold in-reg] w_data[24] -> _35297_/D : -20.782803
[hold in-reg] w_data[24] -> _35265_/D : -20.782780
[hold in-reg] w_data[27] -> _31180_/D : -20.782337
[hold in-reg] w_data[31] -> _31892_/D : -20.781952
[hold in-reg] w_data[11] -> _30748_/D : -20.781492
[hold in-reg] w_data[14] -> _30495_/D : -20.781446
[hold in-reg] w_data[7] -> _31836_/D : -20.780800
[hold in-reg] w_data[20] -> _32809_/D : -20.780741
[hold in-reg] w_data[31] -> _31120_/D : -20.780622
[hold in-reg] w_data[20] -> _35261_/D : -20.780617
[hold in-reg] w_data[7] -> _31448_/D : -20.780512
[hold in-reg] w_data[20] -> _32777_/D : -20.780397
[hold in-reg] w_data[7] -> _31160_/D : -20.780310
[hold in-reg] w_data[20] -> _35325_/D : -20.780142
[hold in-reg] w_data[20] -> _35293_/D : -20.779591
[hold in-reg] w_data[24] -> _34977_/D : -20.779451
[hold in-reg] w_data[24] -> _34625_/D : -20.778200
[hold in-reg] w_data[28] -> _30733_/D : -20.778021
[hold in-reg] w_data[16] -> _34585_/D : -20.777254
[hold in-reg] w_data[14] -> _32995_/D : -20.777067
[hold in-reg] w_data[14] -> _32355_/D : -20.776876
[hold in-reg] w_data[14] -> _30463_/D : -20.775003
[hold in-reg] w_data[27] -> _30252_/D : -20.774593
[hold in-reg] w_data[24] -> _31465_/D : -20.774195
[hold in-reg] w_data[14] -> _32163_/D : -20.773855
[hold in-reg] w_data[14] -> _30623_/D : -20.773754
[hold in-reg] w_data[24] -> _31177_/D : -20.773678
[hold in-reg] w_data[17] -> _34682_/D : -20.773514
[hold in-reg] w_data[31] -> _31860_/D : -20.772728
[hold in-reg] w_data[31] -> _31472_/D : -20.772640
[hold in-reg] w_data[7] -> _34672_/D : -20.772587
[hold in-reg] w_data[10] -> _32319_/D : -20.772324
[hold in-reg] w_data[31] -> _31184_/D : -20.772297
[hold in-reg] w_data[7] -> _34800_/D : -20.770901
[hold in-reg] w_data[7] -> _34768_/D : -20.770477
[hold in-reg] w_data[10] -> _29947_/D : -20.769829
[hold in-reg] w_data[10] -> _31652_/D : -20.769840
[hold in-reg] w_data[10] -> _31579_/D : -20.769604
[hold in-reg] w_data[7] -> _31224_/D : -20.769016
[hold in-reg] w_data[2] -> _31475_/D : -20.767891
[hold in-reg] w_data[9] -> _31838_/D : -20.767868
[hold in-reg] w_data[17] -> _34618_/D : -20.767822
[hold in-reg] w_data[7] -> _34832_/D : -20.767824
[hold in-reg] w_data[7] -> _30648_/D : -20.767799
[hold in-reg] w_data[17] -> _34650_/D : -20.767639
[hold in-reg] w_data[31] -> _31714_/D : -20.767599
[hold in-reg] w_data[7] -> _31000_/D : -20.767534
[hold in-reg] w_data[10] -> _28667_/D : -20.766432
[hold in-reg] w_data[10] -> _35667_/D : -20.766447
[hold in-reg] w_data[24] -> _34753_/D : -20.765913
[hold in-reg] w_data[10] -> _28987_/D : -20.765789
[hold in-reg] w_data[20] -> _34685_/D : -20.765724
[hold in-reg] w_data[11] -> _34740_/D : -20.765726
[hold in-reg] w_data[24] -> _34657_/D : -20.765297
[hold in-reg] w_data[7] -> _32828_/D : -20.765182
[hold in-reg] w_data[24] -> _34689_/D : -20.765057
[hold in-reg] w_data[20] -> _34653_/D : -20.764908
[hold in-reg] w_data[20] -> _34621_/D : -20.764635
[hold in-reg] w_data[10] -> _30331_/D : -20.764397
[hold in-reg] w_data[20] -> _34749_/D : -20.763685
[hold in-reg] w_data[27] -> _31888_/D : -20.763170
[hold in-reg] w_data[24] -> _31337_/D : -20.762657
[hold in-reg] w_data[28] -> _31711_/D : -20.762438
[hold in-reg] w_data[28] -> _32049_/D : -20.762291
[hold in-reg] w_data[9] -> _33842_/D : -20.761860
[hold in-reg] w_data[10] -> _30395_/D : -20.761740
[hold in-reg] w_data[24] -> _31241_/D : -20.761335
[hold in-reg] w_data[24] -> _31273_/D : -20.761301
[hold in-reg] w_data[9] -> _33874_/D : -20.761208
[hold in-reg] w_data[28] -> _30573_/D : -20.760727
[hold in-reg] w_data[7] -> _31320_/D : -20.760702
[hold in-reg] w_data[10] -> _30523_/D : -20.760454
[hold in-reg] w_data[24] -> _30665_/D : -20.760365
[hold in-reg] w_data[2] -> _30163_/D : -20.760010
[hold in-reg] w_data[7] -> _31256_/D : -20.759655
[hold in-reg] w_data[11] -> _34772_/D : -20.759655
[hold in-reg] w_data[7] -> _33180_/D : -20.759609
[hold in-reg] w_data[7] -> _31192_/D : -20.759497
[hold in-reg] w_data[20] -> _34813_/D : -20.759287
[hold in-reg] w_data[27] -> _33988_/D : -20.759075
[hold in-reg] w_data[7] -> _32956_/D : -20.759047
[hold in-reg] w_data[27] -> _33924_/D : -20.758551
[hold in-reg] w_data[20] -> _34845_/D : -20.758345
[hold in-reg] w_data[10] -> _30491_/D : -20.758253
[hold in-reg] w_data[24] -> _31017_/D : -20.758144
[hold in-reg] w_data[7] -> _34416_/D : -20.758066
[hold in-reg] w_data[17] -> _32838_/D : -20.758018
[hold in-reg] w_data[24] -> _34849_/D : -20.757313
[hold in-reg] w_data[10] -> _32735_/D : -20.757280
[hold in-reg] w_data[20] -> _32841_/D : -20.757246
[hold in-reg] w_data[24] -> _34785_/D : -20.756886
[hold in-reg] w_data[24] -> _34817_/D : -20.756817
[hold in-reg] w_data[24] -> _32845_/D : -20.756676
[hold in-reg] w_data[10] -> _33267_/D : -20.756647
[hold in-reg] w_data[10] -> _33215_/D : -20.756332
[hold in-reg] w_data[10] -> _32991_/D : -20.756021
[hold in-reg] w_data[11] -> _34676_/D : -20.755268
[hold in-reg] w_data[20] -> _34781_/D : -20.754784
[hold in-reg] w_data[11] -> _34644_/D : -20.754480
[hold in-reg] w_data[27] -> _31856_/D : -20.754370
[hold in-reg] w_data[10] -> _30459_/D : -20.754042
[hold in-reg] w_data[9] -> _34002_/D : -20.753637
[hold in-reg] w_data[9] -> _33938_/D : -20.753489
[hold in-reg] w_data[9] -> _33970_/D : -20.753483
[hold in-reg] w_data[24] -> _32877_/D : -20.753265
[hold in-reg] w_data[24] -> _34433_/D : -20.752998
[hold in-reg] w_data[11] -> _34612_/D : -20.752916
[hold in-reg] w_data[9] -> _33906_/D : -20.752626
[hold in-reg] w_data[24] -> _34369_/D : -20.752522
[hold in-reg] w_data[24] -> _33197_/D : -20.751753
[hold in-reg] w_data[20] -> _34365_/D : -20.751741
[hold in-reg] w_data[19] -> _34684_/D : -20.751553
[hold in-reg] w_data[31] -> _31280_/D : -20.751192
[hold in-reg] w_data[27] -> _34340_/D : -20.750908
[hold in-reg] w_data[20] -> _34429_/D : -20.750900
[hold in-reg] w_data[24] -> _31209_/D : -20.750879
[hold in-reg] w_data[27] -> _34308_/D : -20.750675
[hold in-reg] w_data[20] -> _32873_/D : -20.750605
[hold in-reg] w_data[29] -> _34438_/D : -20.750263
[hold in-reg] w_data[29] -> _34566_/D : -20.750053
[hold in-reg] w_data[12] -> _30525_/D : -20.749439
[hold in-reg] w_data[24] -> _32973_/D : -20.749207
[hold in-reg] w_data[27] -> _33956_/D : -20.748333
[hold in-reg] w_data[11] -> _32832_/D : -20.747841
[hold in-reg] w_data[11] -> _32864_/D : -20.747734
[hold in-reg] w_data[11] -> _34804_/D : -20.747154
[hold in-reg] w_data[7] -> _34448_/D : -20.747026
[hold in-reg] w_data[11] -> _34836_/D : -20.747013
[hold in-reg] w_data[24] -> _34561_/D : -20.746922
[hold in-reg] w_data[12] -> _32353_/D : -20.746864
[hold in-reg] w_data[24] -> _34497_/D : -20.746853
[hold in-reg] w_data[24] -> _34529_/D : -20.746378
[hold in-reg] w_data[12] -> _30621_/D : -20.745888
[hold in-reg] w_data[20] -> _34557_/D : -20.745872
[hold in-reg] w_data[12] -> _32161_/D : -20.745640
[hold in-reg] w_data[30] -> _32147_/D : -20.745569
[hold in-reg] w_data[20] -> _34493_/D : -20.745584
[hold in-reg] w_data[9] -> _31258_/D : -20.745483
[hold in-reg] w_data[12] -> _32321_/D : -20.745405
[hold in-reg] w_data[11] -> _34356_/D : -20.745119
[hold in-reg] w_data[24] -> _34465_/D : -20.744709
[hold in-reg] w_data[11] -> _34420_/D : -20.744102
[hold in-reg] w_data[30] -> _30799_/D : -20.742579
[hold in-reg] w_data[10] -> _30587_/D : -20.742395
[hold in-reg] w_data[10] -> _30683_/D : -20.742146
[hold in-reg] w_data[20] -> _34461_/D : -20.742165
[hold in-reg] w_data[29] -> _34470_/D : -20.741640
[hold in-reg] w_data[29] -> _34598_/D : -20.741531
[hold in-reg] w_data[12] -> _30493_/D : -20.740038
[hold in-reg] w_data[12] -> _32993_/D : -20.739845
[hold in-reg] w_data[12] -> _30461_/D : -20.739601
[hold in-reg] w_data[19] -> _32840_/D : -20.739180
[hold in-reg] w_data[7] -> _34544_/D : -20.738308
[hold in-reg] w_data[20] -> _34589_/D : -20.736856
[hold in-reg] w_data[30] -> _31987_/D : -20.736429
[hold in-reg] w_data[30] -> _32019_/D : -20.736296
[hold in-reg] w_data[19] -> _32872_/D : -20.736170
[hold in-reg] w_data[11] -> _34452_/D : -20.735508
[hold in-reg] w_data[19] -> _34428_/D : -20.735374
[hold in-reg] w_data[7] -> _34480_/D : -20.733795
[hold in-reg] w_data[7] -> _34576_/D : -20.732031
[hold in-reg] w_data[19] -> _34556_/D : -20.731930
[hold in-reg] w_data[20] -> _34525_/D : -20.731564
[hold in-reg] w_data[19] -> _34460_/D : -20.730906
[hold in-reg] w_data[2] -> _30419_/D : -20.730883
[hold in-reg] w_data[30] -> _30735_/D : -20.729759
[hold in-reg] w_data[31] -> _30576_/D : -20.729702
[hold in-reg] w_data[31] -> _30448_/D : -20.729507
[hold in-reg] w_data[30] -> _32051_/D : -20.727304
[hold in-reg] w_data[7] -> _34512_/D : -20.726887
[hold in-reg] w_data[24] -> _34593_/D : -20.724760
[hold in-reg] w_data[11] -> _34484_/D : -20.724220
[hold in-reg] w_data[11] -> _34548_/D : -20.723944
[hold in-reg] w_data[11] -> _34516_/D : -20.723879
[hold in-reg] w_data[19] -> _34588_/D : -20.723574
[hold in-reg] w_data[15] -> _30816_/D : -20.723488
[hold in-reg] w_data[7] -> _34640_/D : -20.723156
[hold in-reg] w_data[2] -> _30259_/D : -20.722450
[hold in-reg] w_data[2] -> _30195_/D : -20.722404
[hold in-reg] w_data[7] -> _34352_/D : -20.722397
[hold in-reg] w_data[31] -> _30288_/D : -20.722010
[hold in-reg] w_data[7] -> _32860_/D : -20.722027
[hold in-reg] w_data[31] -> _31536_/D : -20.721754
[hold in-reg] w_data[2] -> _31507_/D : -20.720915
[hold in-reg] w_data[19] -> _34524_/D : -20.720886
[hold in-reg] w_data[19] -> _34492_/D : -20.720102
[hold in-reg] w_data[28] -> _31889_/D : -20.717207
[hold in-reg] w_data[15] -> _30592_/D : -20.715164
[hold in-reg] w_data[11] -> _34580_/D : -20.714376
[hold in-reg] w_data[15] -> _30752_/D : -20.713985
[hold in-reg] w_data[15] -> _30688_/D : -20.713953
[hold in-reg] w_data[19] -> _34620_/D : -20.710068
[hold in-reg] w_data[19] -> _34652_/D : -20.709661
[hold in-reg] w_data[19] -> _34364_/D : -20.709106
[hold in-reg] w_data[11] -> _31968_/D : -20.708979
[hold in-reg] w_data[28] -> _31181_/D : -20.708513
[hold in-reg] w_data[11] -> _32128_/D : -20.708529
[hold in-reg] w_data[28] -> _31469_/D : -20.708397
[hold in-reg] w_data[28] -> _31857_/D : -20.708384
[hold in-reg] w_data[2] -> _31991_/D : -20.704315
[hold in-reg] w_data[22] -> _34495_/D : -20.703295
[hold in-reg] w_data[22] -> _34527_/D : -20.703274
[hold in-reg] w_data[22] -> _34559_/D : -20.703243
[hold in-reg] w_data[19] -> _34844_/D : -20.701780
[hold in-reg] w_data[19] -> _34812_/D : -20.701759
[hold in-reg] w_data[11] -> _32032_/D : -20.700798
[hold in-reg] w_data[30] -> _31891_/D : -20.700089
[hold in-reg] w_data[26] -> _31499_/D : -20.697395
[hold in-reg] w_data[2] -> _32119_/D : -20.696356
[hold in-reg] w_data[11] -> _30780_/D : -20.696249
[hold in-reg] w_data[1] -> _34506_/D : -20.695297
[hold in-reg] w_data[20] -> _31493_/D : -20.694998
[hold in-reg] w_data[22] -> _34591_/D : -20.694757
[hold in-reg] w_data[20] -> _30437_/D : -20.694296
[hold in-reg] w_data[0] -> _34505_/D : -20.691204
[hold in-reg] w_data[0] -> _34537_/D : -20.690861
[hold in-reg] w_data[0] -> _34473_/D : -20.690517
[hold in-reg] w_data[2] -> _30931_/D : -20.689508
[hold in-reg] w_data[19] -> _32136_/D : -20.689501
[hold in-reg] w_data[31] -> _31024_/D : -20.687832
[hold in-reg] w_data[19] -> _30308_/D : -20.687647
[hold in-reg] w_data[7] -> _31964_/D : -20.687389
[hold in-reg] w_data[7] -> _30776_/D : -20.687208
[hold in-reg] w_data[7] -> _31996_/D : -20.686798
[hold in-reg] w_data[20] -> _30181_/D : -20.686657
[hold in-reg] w_data[20] -> _30213_/D : -20.686216
[hold in-reg] w_data[20] -> _30277_/D : -20.686220
[hold in-reg] w_data[20] -> _31525_/D : -20.685808
[hold in-reg] w_data[9] -> _31002_/D : -20.685158
[hold in-reg] w_data[2] -> _30291_/D : -20.684145
[hold in-reg] w_data[2] -> _31959_/D : -20.683451
[hold in-reg] w_data[2] -> _30771_/D : -20.682915
[hold in-reg] w_data[19] -> _30788_/D : -20.682894
[hold in-reg] w_data[4] -> _32121_/D : -20.682787
[hold in-reg] w_data[0] -> _34569_/D : -20.682594
[hold in-reg] w_data[4] -> _31961_/D : -20.682247
[hold in-reg] w_data[30] -> _31183_/D : -20.682159
[hold in-reg] w_data[24] -> _31497_/D : -20.681446
[hold in-reg] w_data[9] -> _31692_/D : -20.681217
[hold in-reg] w_data[14] -> _34487_/D : -20.681183
[hold in-reg] w_data[14] -> _34519_/D : -20.681087
[hold in-reg] w_data[14] -> _34423_/D : -20.681051
[hold in-reg] w_data[31] -> _30672_/D : -20.680508
[hold in-reg] w_data[9] -> _30554_/D : -20.680103
[hold in-reg] w_data[31] -> _31248_/D : -20.679813
[hold in-reg] w_data[31] -> _32980_/D : -20.679712
[hold in-reg] w_data[7] -> _30712_/D : -20.679119
[hold in-reg] w_data[7] -> _32028_/D : -20.678755
[hold in-reg] w_data[31] -> _34536_/D : -20.677561
[hold in-reg] w_data[25] -> _34690_/D : -20.677578
[hold in-reg] w_data[31] -> _34504_/D : -20.677401
[hold in-reg] w_data[31] -> _34568_/D : -20.676504
[hold in-reg] w_data[24] -> _30441_/D : -20.676413
[hold in-reg] w_data[9] -> _30650_/D : -20.676125
[hold in-reg] w_data[9] -> _31322_/D : -20.676140
[hold in-reg] w_data[9] -> _32958_/D : -20.675980
[hold in-reg] w_data[2] -> _32023_/D : -20.675627
[hold in-reg] w_data[9] -> _31226_/D : -20.675211
[hold in-reg] w_data[2] -> _30707_/D : -20.673864
[hold in-reg] w_data[25] -> _34658_/D : -20.673843
[hold in-reg] w_data[14] -> _34455_/D : -20.673128
[hold in-reg] w_data[25] -> _34818_/D : -20.672934
[hold in-reg] w_data[13] -> _31262_/D : -20.672489
[hold in-reg] w_data[24] -> _30185_/D : -20.672207
[hold in-reg] w_data[25] -> _34850_/D : -20.672220
[hold in-reg] w_data[19] -> _32008_/D : -20.672110
[hold in-reg] w_data[20] -> _31077_/D : -20.672031
[hold in-reg] w_data[19] -> _31976_/D : -20.672028
[hold in-reg] w_data[24] -> _30217_/D : -20.671852
[hold in-reg] w_data[24] -> _30281_/D : -20.671841
[hold in-reg] w_data[9] -> _31514_/D : -20.671803
[hold in-reg] w_data[25] -> _34626_/D : -20.670912
[hold in-reg] w_data[25] -> _34754_/D : -20.670633
[hold in-reg] w_data[26] -> _30187_/D : -20.669874
[hold in-reg] w_data[31] -> _34600_/D : -20.668734
[hold in-reg] w_data[19] -> _30724_/D : -20.668383
[hold in-reg] w_data[27] -> _31244_/D : -20.668253
[hold in-reg] w_data[24] -> _31529_/D : -20.668058
[hold in-reg] w_data[25] -> _32846_/D : -20.667761
[hold in-reg] w_data[30] -> _31471_/D : -20.667419
[hold in-reg] w_data[30] -> _31119_/D : -20.667204
[hold in-reg] w_data[27] -> _30668_/D : -20.666582
[hold in-reg] w_data[13] -> _31326_/D : -20.665117
[hold in-reg] w_data[19] -> _32040_/D : -20.663725
[hold in-reg] w_data[25] -> _35138_/D : -20.663740
[hold in-reg] w_data[25] -> _34914_/D : -20.663157
[hold in-reg] w_data[26] -> _30955_/D : -20.661539
[hold in-reg] w_data[25] -> _34786_/D : -20.661404
[hold in-reg] w_data[27] -> _31710_/D : -20.659204
[hold in-reg] w_data[13] -> _30654_/D : -20.658623
[hold in-reg] w_data[27] -> _30572_/D : -20.657799
[hold in-reg] w_data[11] -> _32000_/D : -20.656128
[hold in-reg] w_data[9] -> _31966_/D : -20.655834
[hold in-reg] w_data[11] -> _30940_/D : -20.655704
[hold in-reg] w_data[8] -> _32317_/D : -20.655508
[hold in-reg] w_data[25] -> _35298_/D : -20.655428
[hold in-reg] w_data[8] -> _30617_/D : -20.655394
[hold in-reg] w_data[25] -> _34978_/D : -20.655363
[hold in-reg] w_data[25] -> _35266_/D : -20.655300
[hold in-reg] w_data[25] -> _35234_/D : -20.655264
[hold in-reg] w_data[9] -> _30778_/D : -20.654783
[hold in-reg] w_data[25] -> _35170_/D : -20.654610
[hold in-reg] w_data[11] -> _30300_/D : -20.654419
[hold in-reg] w_data[25] -> _35202_/D : -20.654161
[hold in-reg] w_data[11] -> _30716_/D : -20.653603
[hold in-reg] w_data[25] -> _34370_/D : -20.653427
[hold in-reg] w_data[25] -> _34434_/D : -20.652924
[hold in-reg] w_data[25] -> _32878_/D : -20.652571
[hold in-reg] w_data[20] -> _31045_/D : -20.651611
[hold in-reg] w_data[25] -> _34498_/D : -20.651556
[hold in-reg] w_data[9] -> _32126_/D : -20.651508
[hold in-reg] w_data[20] -> _30245_/D : -20.651409
[hold in-reg] w_data[9] -> _31998_/D : -20.651260
[hold in-reg] w_data[13] -> _31486_/D : -20.651133
[hold in-reg] w_data[20] -> _31881_/D : -20.650103
[hold in-reg] w_data[22] -> _34751_/D : -20.650122
[hold in-reg] w_data[2] -> _31685_/D : -20.649832
[hold in-reg] w_data[22] -> _34367_/D : -20.648359
[hold in-reg] w_data[22] -> _32875_/D : -20.648102
[hold in-reg] w_data[26] -> _30315_/D : -20.647968
[hold in-reg] w_data[22] -> _34431_/D : -20.647919
[hold in-reg] w_data[30] -> _30255_/D : -20.647846
[hold in-reg] w_data[26] -> _30795_/D : -20.647425
[hold in-reg] w_data[9] -> _32030_/D : -20.646910
[hold in-reg] w_data[13] -> _33186_/D : -20.646639
[hold in-reg] w_data[9] -> _30714_/D : -20.646488
[hold in-reg] w_data[25] -> _34562_/D : -20.646048
[hold in-reg] w_data[13] -> _31198_/D : -20.645943
[hold in-reg] w_data[25] -> _34530_/D : -20.645510
[hold in-reg] w_data[25] -> _34466_/D : -20.644670
[hold in-reg] w_data[22] -> _34847_/D : -20.641970
[hold in-reg] w_data[22] -> _34815_/D : -20.641916
[hold in-reg] w_data[22] -> _34783_/D : -20.641813
[hold in-reg] w_data[28] -> _33861_/D : -20.641218
[hold in-reg] w_data[1] -> _34346_/D : -20.640553
[hold in-reg] w_data[1] -> _32854_/D : -20.640446
[hold in-reg] w_data[1] -> _34410_/D : -20.639744
[hold in-reg] w_data[22] -> _34463_/D : -20.639708
[hold in-reg] w_data[26] -> _30731_/D : -20.639681
[hold in-reg] w_data[2] -> _30547_/D : -20.638571
[hold in-reg] w_data[0] -> _34729_/D : -20.638258
[hold in-reg] w_data[0] -> _34345_/D : -20.637068
[hold in-reg] w_data[25] -> _34594_/D : -20.636688
[hold in-reg] w_data[13] -> _31006_/D : -20.636166
[hold in-reg] w_data[0] -> _32853_/D : -20.635643
[hold in-reg] w_data[0] -> _34409_/D : -20.635296
[hold in-reg] w_data[26] -> _31887_/D : -20.634239
[hold in-reg] w_data[20] -> _31703_/D : -20.633770
[hold in-reg] w_data[28] -> _32913_/D : -20.633781
[hold in-reg] w_data[28] -> _33957_/D : -20.632677
[hold in-reg] w_data[26] -> _32143_/D : -20.632589
[hold in-reg] w_data[19] -> _31702_/D : -20.632032
[hold in-reg] w_data[28] -> _32977_/D : -20.631945
[hold in-reg] w_data[1] -> _34442_/D : -20.631872
[hold in-reg] w_data[7] -> _32124_/D : -20.630728
[hold in-reg] w_data[26] -> _32015_/D : -20.630381
[hold in-reg] w_data[4] -> _30933_/D : -20.629820
[hold in-reg] w_data[7] -> _31480_/D : -20.629414
[hold in-reg] w_data[7] -> _30424_/D : -20.628914
[hold in-reg] w_data[0] -> _34793_/D : -20.628738
[hold in-reg] w_data[0] -> _34761_/D : -20.628614
[hold in-reg] w_data[0] -> _34825_/D : -20.628443
[hold in-reg] w_data[29] -> _32146_/D : -20.628378
[hold in-reg] w_data[29] -> _32050_/D : -20.628038
[hold in-reg] w_data[29] -> _32018_/D : -20.627846
[hold in-reg] w_data[20] -> _30565_/D : -20.627216
[hold in-reg] w_data[7] -> _30936_/D : -20.627165
[hold in-reg] w_data[0] -> _34441_/D : -20.627132
[hold in-reg] w_data[31] -> _30320_/D : -20.627079
[hold in-reg] w_data[26] -> _31983_/D : -20.626602
[hold in-reg] w_data[7] -> _30296_/D : -20.626272
[hold in-reg] w_data[13] -> _30174_/D : -20.626060
[hold in-reg] w_data[14] -> _34359_/D : -20.625443
[hold in-reg] w_data[14] -> _32867_/D : -20.625193
[hold in-reg] w_data[19] -> _30212_/D : -20.625080
[hold in-reg] w_data[28] -> _31117_/D : -20.623802
[hold in-reg] w_data[4] -> _31477_/D : -20.622797
[hold in-reg] w_data[31] -> _34760_/D : -20.622786
[hold in-reg] w_data[31] -> _34376_/D : -20.622635
[hold in-reg] w_data[7] -> _30168_/D : -20.622471
[hold in-reg] w_data[7] -> _30264_/D : -20.622477
[hold in-reg] w_data[31] -> _34440_/D : -20.622066
[hold in-reg] w_data[31] -> _34696_/D : -20.621872
[hold in-reg] w_data[31] -> _32884_/D : -20.621817
[hold in-reg] w_data[26] -> _31051_/D : -20.620710
[hold in-reg] w_data[7] -> _31512_/D : -20.620581
[hold in-reg] w_data[7] -> _30200_/D : -20.620346
[hold in-reg] w_data[31] -> _34664_/D : -20.619385
[hold in-reg] w_data[19] -> _31492_/D : -20.619255
[hold in-reg] w_data[24] -> _31707_/D : -20.618746
[hold in-reg] w_data[26] -> _32047_/D : -20.618139
[hold in-reg] w_data[14] -> _34839_/D : -20.618061
[hold in-reg] w_data[31] -> _32148_/D : -20.617933
[hold in-reg] w_data[31] -> _32020_/D : -20.617691
[hold in-reg] w_data[14] -> _34775_/D : -20.617670
[hold in-reg] w_data[24] -> _30569_/D : -20.617603
[hold in-reg] w_data[14] -> _34807_/D : -20.617516
[hold in-reg] w_data[19] -> _30436_/D : -20.616789
[hold in-reg] w_data[19] -> _30564_/D : -20.616732
[hold in-reg] w_data[2] -> _31091_/D : -20.616428
[hold in-reg] w_data[13] -> _32962_/D : -20.616079
[hold in-reg] w_data[28] -> _30253_/D : -20.616047
[hold in-reg] w_data[31] -> _30960_/D : -20.615831
[hold in-reg] w_data[31] -> _31988_/D : -20.615307
[hold in-reg] w_data[2] -> _31027_/D : -20.615200
[hold in-reg] w_data[31] -> _30800_/D : -20.615166
[hold in-reg] w_data[30] -> _31023_/D : -20.614376
[hold in-reg] w_data[29] -> _31986_/D : -20.614374
[hold in-reg] w_data[31] -> _34792_/D : -20.614309
[hold in-reg] w_data[31] -> _34824_/D : -20.613876
[hold in-reg] w_data[31] -> _34472_/D : -20.613764
[hold in-reg] w_data[31] -> _34856_/D : -20.613747
[hold in-reg] w_data[13] -> _30206_/D : -20.612803
[hold in-reg] w_data[26] -> _30251_/D : -20.612373
[hold in-reg] w_data[26] -> _31855_/D : -20.611731
[hold in-reg] w_data[19] -> _30180_/D : -20.610512
[hold in-reg] w_data[13] -> _30270_/D : -20.610283
[hold in-reg] w_data[19] -> _30276_/D : -20.609615
[hold in-reg] w_data[31] -> _32852_/D : -20.609396
[hold in-reg] w_data[31] -> _30192_/D : -20.608948
[hold in-reg] w_data[31] -> _30224_/D : -20.608898
[hold in-reg] w_data[31] -> _32052_/D : -20.608582
[hold in-reg] w_data[19] -> _31524_/D : -20.607389
[hold in-reg] w_data[31] -> _30736_/D : -20.607241
[hold in-reg] w_data[30] -> _31215_/D : -20.606432
[hold in-reg] w_data[30] -> _33203_/D : -20.606422
[hold in-reg] w_data[27] -> _31052_/D : -20.605978
[hold in-reg] w_data[27] -> _31084_/D : -20.605658
[hold in-reg] w_data[30] -> _31859_/D : -20.604950
[hold in-reg] w_data[26] -> _31467_/D : -20.602108
[hold in-reg] w_data[13] -> _30430_/D : -20.600710
[hold in-reg] w_data[12] -> _34741_/D : -20.599413
[hold in-reg] w_data[30] -> _31087_/D : -20.599163
[hold in-reg] w_data[30] -> _31055_/D : -20.599031
[hold in-reg] w_data[2] -> _30227_/D : -20.598944
[hold in-reg] w_data[12] -> _34677_/D : -20.598934
[hold in-reg] w_data[13] -> _30942_/D : -20.598566
[hold in-reg] w_data[4] -> _30261_/D : -20.597960
[hold in-reg] w_data[13] -> _31518_/D : -20.592295
[hold in-reg] w_data[12] -> _34805_/D : -20.590961
[hold in-reg] w_data[12] -> _32833_/D : -20.590761
[hold in-reg] w_data[12] -> _34837_/D : -20.590370
[hold in-reg] w_data[4] -> _30197_/D : -20.590113
[hold in-reg] w_data[12] -> _34773_/D : -20.589991
[hold in-reg] w_data[20] -> _31849_/D : -20.589520
[hold in-reg] w_data[20] -> _31461_/D : -20.589409
[hold in-reg] w_data[20] -> _31173_/D : -20.589224
[hold in-reg] w_data[4] -> _30293_/D : -20.588203
[hold in-reg] w_data[26] -> _31179_/D : -20.586824
[hold in-reg] w_data[2] -> _31863_/D : -20.584852
[hold in-reg] w_data[2] -> _31059_/D : -20.584545
[hold in-reg] w_data[4] -> _30421_/D : -20.581457
[hold in-reg] w_data[13] -> _31102_/D : -20.581020
[hold in-reg] w_data[19] -> _31108_/D : -20.579720
[hold in-reg] w_data[29] -> _30318_/D : -20.579676
[hold in-reg] w_data[19] -> _31880_/D : -20.579260
[hold in-reg] w_data[24] -> _31885_/D : -20.579144
[hold in-reg] w_data[2] -> _31443_/D : -20.576338
[hold in-reg] w_data[2] -> _31155_/D : -20.576210
[hold in-reg] w_data[26] -> _30443_/D : -20.574100
[hold in-reg] w_data[5] -> _30774_/D : -20.572283
[hold in-reg] w_data[3] -> _32120_/D : -20.572289
[hold in-reg] w_data[5] -> _30294_/D : -20.572115
[hold in-reg] w_data[24] -> _31853_/D : -20.570826
[hold in-reg] w_data[11] -> _30268_/D : -20.569658
[hold in-reg] w_data[13] -> _30302_/D : -20.569452
[hold in-reg] w_data[29] -> _30734_/D : -20.567307
[hold in-reg] w_data[26] -> _31531_/D : -20.565950
[hold in-reg] w_data[26] -> _30283_/D : -20.565239
[hold in-reg] w_data[29] -> _30798_/D : -20.565094
[hold in-reg] w_data[26] -> _30219_/D : -20.565052
[hold in-reg] w_data[5] -> _30710_/D : -20.564062
[hold in-reg] w_data[11] -> _30172_/D : -20.562592
[hold in-reg] w_data[1] -> _32118_/D : -20.561409
[hold in-reg] w_data[1] -> _31958_/D : -20.560658
[hold in-reg] w_data[1] -> _31990_/D : -20.560173
[hold in-reg] w_data[13] -> _31070_/D : -20.559937
[hold in-reg] w_data[11] -> _31484_/D : -20.556919
[hold in-reg] w_data[4] -> _30773_/D : -20.556042
[hold in-reg] w_data[4] -> _31993_/D : -20.555902
[hold in-reg] w_data[1] -> _32022_/D : -20.552105
[hold in-reg] w_data[3] -> _30932_/D : -20.550547
[hold in-reg] w_data[29] -> _31502_/D : -20.548578
[hold in-reg] w_data[29] -> _30446_/D : -20.548395
[hold in-reg] w_data[11] -> _30204_/D : -20.548075
[hold in-reg] w_data[4] -> _32025_/D : -20.547981
[hold in-reg] w_data[4] -> _30709_/D : -20.547464
[hold in-reg] w_data[3] -> _31960_/D : -20.546923
[hold in-reg] w_data[3] -> _30292_/D : -20.546644
[hold in-reg] w_data[3] -> _30772_/D : -20.546574
[hold in-reg] w_data[3] -> _31992_/D : -20.546431
[hold in-reg] w_data[5] -> _31688_/D : -20.544941
[hold in-reg] w_data[5] -> _30550_/D : -20.544714
[hold in-reg] w_data[5] -> _30422_/D : -20.544682
[hold in-reg] w_data[4] -> _30549_/D : -20.542952
[hold in-reg] w_data[29] -> _30286_/D : -20.540094
[hold in-reg] w_data[29] -> _30190_/D : -20.540014
[hold in-reg] w_data[29] -> _31534_/D : -20.539974
[hold in-reg] w_data[11] -> _31694_/D : -20.539165
[hold in-reg] w_data[3] -> _32024_/D : -20.538343
[hold in-reg] w_data[3] -> _30708_/D : -20.538177
[hold in-reg] w_data[11] -> _30556_/D : -20.537828
[hold in-reg] w_data[11] -> _30428_/D : -20.537638
[hold in-reg] w_data[5] -> _30934_/D : -20.537064
[hold in-reg] w_data[5] -> _31510_/D : -20.536558
[hold in-reg] w_data[4] -> _30165_/D : -20.535084
[hold in-reg] w_data[4] -> _31509_/D : -20.534794
[hold in-reg] w_data[13] -> _31970_/D : -20.532070
[hold in-reg] w_data[13] -> _32130_/D : -20.532032
[hold in-reg] w_data[13] -> _30782_/D : -20.531967
[hold in-reg] w_data[13] -> _32002_/D : -20.531765
[hold in-reg] w_data[11] -> _31516_/D : -20.529314
[hold in-reg] w_data[20] -> _31013_/D : -20.529047
[hold in-reg] w_data[3] -> _30420_/D : -20.528839
[hold in-reg] w_data[3] -> _30548_/D : -20.528461
[hold in-reg] w_data[4] -> _31687_/D : -20.528070
[hold in-reg] w_inc -> _33255_/D : -20.526688
[hold in-reg] w_data[26] -> _31019_/D : -20.525267
[hold in-reg] w_data[17] -> _34554_/D : -20.525131
[hold in-reg] w_data[17] -> _34490_/D : -20.524906
[hold in-reg] w_data[17] -> _34522_/D : -20.524897
[hold in-reg] w_data[20] -> _31109_/D : -20.524004
[hold in-reg] w_data[13] -> _30718_/D : -20.523830
[hold in-reg] w_data[13] -> _32034_/D : -20.523714
[hold in-reg] w_data[20] -> _31333_/D : -20.523529
[hold in-reg] w_data[20] -> _31269_/D : -20.523302
[hold in-reg] w_data[20] -> _30661_/D : -20.521574
[hold in-reg] w_data[3] -> _30164_/D : -20.521524
[hold in-reg] w_data[20] -> _31237_/D : -20.521246
[hold in-reg] w_data[20] -> _33193_/D : -20.521244
[hold in-reg] w_data[3] -> _30260_/D : -20.521126
[hold in-reg] w_data[20] -> _32969_/D : -20.520702
[hold in-reg] w_data[26] -> _31115_/D : -20.520645
[hold in-reg] w_data[20] -> _31205_/D : -20.520363
[hold in-reg] w_data[26] -> _31083_/D : -20.520195
[hold in-reg] w_data[26] -> _30667_/D : -20.520069
[hold in-reg] w_data[3] -> _31508_/D : -20.519951
[hold in-reg] w_data[31] -> _33864_/D : -20.519579
[hold in-reg] w_data[24] -> _33985_/D : -20.519140
[hold in-reg] w_data[31] -> _33928_/D : -20.519068
[hold in-reg] w_data[24] -> _33857_/D : -20.518976
[hold in-reg] w_data[26] -> _31243_/D : -20.518890
[hold in-reg] w_data[31] -> _33896_/D : -20.518705
[hold in-reg] w_data[5] -> _30166_/D : -20.517895
[hold in-reg] w_data[24] -> _33889_/D : -20.517563
[hold in-reg] w_data[24] -> _33921_/D : -20.517536
[hold in-reg] w_data[31] -> _33992_/D : -20.517391
[hold in-reg] w_data[26] -> _32975_/D : -20.517172
[hold in-reg] w_data[17] -> _34586_/D : -20.516674
[hold in-reg] w_data[7] -> _34288_/D : -20.516361
[hold in-reg] w_data[7] -> _34032_/D : -20.515005
[hold in-reg] w_data[7] -> _32892_/D : -20.514133
[hold in-reg] w_data[19] -> _33884_/D : -20.512192
[hold in-reg] w_data[19] -> _33916_/D : -20.511866
[hold in-reg] w_data[9] -> _34098_/D : -20.511696
[hold in-reg] w_data[31] -> _32916_/D : -20.511246
[hold in-reg] w_data[24] -> _34017_/D : -20.511126
[hold in-reg] w_data[31] -> _33960_/D : -20.510952
[hold in-reg] w_data[31] -> _34056_/D : -20.510647
[hold in-reg] w_data[31] -> _34024_/D : -20.509850
[hold in-reg] w_data[3] -> _31444_/D : -20.509295
[hold in-reg] w_data[24] -> _33953_/D : -20.509203
[hold in-reg] w_data[3] -> _31832_/D : -20.509037
[hold in-reg] w_data[8] -> _34929_/D : -20.508753
[hold in-reg] w_data[8] -> _34737_/D : -20.507565
[hold in-reg] w_data[1] -> _31026_/D : -20.507092
[hold in-reg] w_data[19] -> _31012_/D : -20.506151
[hold in-reg] w_data[9] -> _34194_/D : -20.502819
[hold in-reg] w_data[9] -> _34162_/D : -20.502211
[hold in-reg] w_data[26] -> _31709_/D : -20.501299
[hold in-reg] w_data[19] -> _31332_/D : -20.500622
[hold in-reg] w_data[8] -> _34961_/D : -20.500536
[hold in-reg] w_data[1] -> _31090_/D : -20.500511
[hold in-reg] w_data[19] -> _31236_/D : -20.500427
[hold in-reg] w_data[19] -> _30660_/D : -20.500393
[hold in-reg] w_data[26] -> _30571_/D : -20.500015
[hold in-reg] w_data[19] -> _31204_/D : -20.499380
[hold in-reg] w_data[19] -> _31268_/D : -20.499296
[hold in-reg] w_data[19] -> _33192_/D : -20.498652
[hold in-reg] w_data[19] -> _32968_/D : -20.497805
[hold in-reg] w_data[27] -> _32912_/D : -20.495171
[hold in-reg] w_data[1] -> _31442_/D : -20.492472
[hold in-reg] w_data[16] -> _32005_/D : -20.492306
[hold in-reg] w_data[1] -> _31830_/D : -20.492201
[hold in-reg] w_data[5] -> _32122_/D : -20.491304
[hold in-reg] w_data[5] -> _30262_/D : -20.488277
[hold in-reg] w_data[1] -> _30226_/D : -20.488068
[hold in-reg] w_data[1] -> _31684_/D : -20.486969
[hold in-reg] w_data[19] -> _31044_/D : -20.485378
[hold in-reg] w_data[11] -> _31872_/D : -20.485020
[hold in-reg] w_data[19] -> _31076_/D : -20.484966
[hold in-reg] w_data[11] -> _31100_/D : -20.484854
[hold in-reg] w_data[11] -> _31036_/D : -20.481934
[hold in-reg] w_data[11] -> _31068_/D : -20.481709
[hold in-reg] w_data[13] -> _31874_/D : -20.480185
[hold in-reg] w_data[13] -> _31038_/D : -20.478739
[hold in-reg] w_data[16] -> _32133_/D : -20.478010
[hold in-reg] w_data[19] -> _31460_/D : -20.477434
[hold in-reg] w_data[19] -> _31848_/D : -20.477180
[hold in-reg] w_data[19] -> _30244_/D : -20.477091
[hold in-reg] w_data[19] -> _31172_/D : -20.477104
[hold in-reg] w_data[11] -> _31452_/D : -20.476229
[hold in-reg] w_data[11] -> _31164_/D : -20.476030
[hold in-reg] w_data[29] -> _31712_/D : -20.475336
[hold in-reg] w_data[11] -> _30236_/D : -20.475168
[hold in-reg] w_data[29] -> _30574_/D : -20.474947
[hold in-reg] w_data[17] -> _34938_/D : -20.473572
[hold in-reg] w_data[17] -> _34746_/D : -20.471497
[hold in-reg] w_data[13] -> _31166_/D : -20.470964
[hold in-reg] w_data[13] -> _31454_/D : -20.470947
[hold in-reg] w_data[13] -> _31842_/D : -20.470768
[hold in-reg] w_data[13] -> _30238_/D : -20.470709
[hold in-reg] w_data[17] -> _32870_/D : -20.469389
[hold in-reg] w_data[17] -> _34426_/D : -20.468962
[hold in-reg] w_data[17] -> _34362_/D : -20.467611
[hold in-reg] w_data[17] -> _34970_/D : -20.464804
[hold in-reg] w_data[16] -> _31973_/D : -20.463524
[hold in-reg] w_data[16] -> _32037_/D : -20.463057
[hold in-reg] w_data[17] -> _34810_/D : -20.462877
[hold in-reg] w_data[17] -> _34778_/D : -20.462133
[hold in-reg] w_data[17] -> _35098_/D : -20.462072
[hold in-reg] w_data[17] -> _34842_/D : -20.462008
[hold in-reg] w_data[3] -> _31686_/D : -20.461344
[hold in-reg] w_data[17] -> _35066_/D : -20.461351
[hold in-reg] w_data[3] -> _31476_/D : -20.461094
[hold in-reg] w_data[17] -> _34458_/D : -20.460501
[hold in-reg] w_data[1] -> _31506_/D : -20.454536
[hold in-reg] w_data[1] -> _30418_/D : -20.452833
[hold in-reg] w_data[1] -> _31474_/D : -20.450991
[hold in-reg] w_data[1] -> _30194_/D : -20.434265
[hold in-reg] w_data[29] -> _30958_/D : -20.433752
[hold in-reg] w_data[22] -> _31495_/D : -20.433613
[hold in-reg] w_data[22] -> _32139_/D : -20.431036
[hold in-reg] w_data[3] -> _30196_/D : -20.430517
[hold in-reg] w_data[1] -> _30546_/D : -20.427904
[hold in-reg] w_data[1] -> _31058_/D : -20.426527
[hold in-reg] w_data[22] -> _30215_/D : -20.424229
[hold in-reg] w_data[22] -> _30183_/D : -20.423925
[hold in-reg] w_data[22] -> _32011_/D : -20.418966
[hold in-reg] w_data[23] -> _32140_/D : -20.415123
[hold in-reg] w_data[5] -> _31994_/D : -20.414650
[hold in-reg] w_data[5] -> _31962_/D : -20.414629
[hold in-reg] w_data[13] -> _33846_/D : -20.414156
[hold in-reg] w_data[13] -> _33910_/D : -20.413298
[hold in-reg] w_data[16] -> _30561_/D : -20.411371
[hold in-reg] w_data[13] -> _34038_/D : -20.407042
[hold in-reg] w_data[22] -> _31979_/D : -20.406923
[hold in-reg] w_data[5] -> _31478_/D : -20.406797
[hold in-reg] w_data[5] -> _32026_/D : -20.406507
[hold in-reg] w_data[13] -> _32898_/D : -20.406124
[hold in-reg] w_data[13] -> _33942_/D : -20.404947
[hold in-reg] w_data[18] -> _32007_/D : -20.402584
[hold in-reg] w_data[1] -> _30930_/D : -20.402082
[hold in-reg] w_data[13] -> _31230_/D : -20.401764
[hold in-reg] w_data[1] -> _30290_/D : -20.401289
[hold in-reg] w_data[22] -> _32043_/D : -20.396133
[hold in-reg] w_data[16] -> _30785_/D : -20.393251
[hold in-reg] w_data[1] -> _30258_/D : -20.393171
[hold in-reg] w_data[1] -> _30162_/D : -20.393009
[hold in-reg] w_data[22] -> _30791_/D : -20.388283
[hold in-reg] w_data[16] -> _31521_/D : -20.388176
[hold in-reg] w_data[13] -> _31696_/D : -20.384390
[hold in-reg] w_data[13] -> _30558_/D : -20.383860
[hold in-reg] w_data[18] -> _32039_/D : -20.380548
[hold in-reg] w_data[29] -> _30222_/D : -20.380373
[hold in-reg] w_data[18] -> _31975_/D : -20.379642
[hold in-reg] w_data[16] -> _30721_/D : -20.378210
[hold in-reg] w_data[22] -> _30727_/D : -20.376566
[hold in-reg] w_data[16] -> _30433_/D : -20.368031
[hold in-reg] w_data[16] -> _31699_/D : -20.366936
[hold in-reg] w_data[5] -> _30198_/D : -20.366341
[hold in-reg] w_data[1] -> _30770_/D : -20.365288
[hold in-reg] w_data[1] -> _30706_/D : -20.356878
[hold in-reg] w_data[14] -> _32003_/D : -20.355328
[hold in-reg] w_data[16] -> _30273_/D : -20.352856
[hold in-reg] w_data[16] -> _30305_/D : -20.347593
[hold in-reg] w_data[16] -> _30177_/D : -20.341700
[hold in-reg] w_data[16] -> _31489_/D : -20.334896
[hold in-reg] w_data[14] -> _32035_/D : -20.327938
[hold in-reg] w_data[16] -> _30209_/D : -20.326454
[hold in-reg] w_data[14] -> _31971_/D : -20.326263
[hold in-reg] w_data[16] -> _30945_/D : -20.326033
[hold in-reg] w_data[23] -> _30952_/D : -20.320078
[hold in-reg] w_data[23] -> _30440_/D : -20.303574
[hold in-reg] w_data[23] -> _30568_/D : -20.303450
[hold in-reg] w_data[23] -> _30184_/D : -20.296125
[hold in-reg] w_data[23] -> _30280_/D : -20.295109
[hold in-reg] w_data[23] -> _31528_/D : -20.294895
[hold in-reg] w_data[23] -> _30216_/D : -20.294720
[hold in-reg] w_data[14] -> _30783_/D : -20.263672
[hold in-reg] w_data[18] -> _30787_/D : -20.262255
[hold in-reg] w_data[18] -> _32135_/D : -20.259001
[hold in-reg] w_data[14] -> _30719_/D : -20.255386
[hold in-reg] w_data[18] -> _30723_/D : -20.252155
[hold in-reg] w_data[28] -> _33169_/D : -20.211746
[hold in-reg] w_data[28] -> _33105_/D : -20.211126
[hold in-reg] w_data[28] -> _33137_/D : -20.210918
[hold in-reg] w_data[28] -> _33413_/D : -20.202374
[hold in-reg] w_data[28] -> _33733_/D : -20.202150
[hold in-reg] w_data[28] -> _33477_/D : -20.201460
[hold in-reg] w_data[6] -> _31995_/D : -20.200346
[hold in-reg] w_data[28] -> _33605_/D : -20.199720
[hold in-reg] w_data[0] -> _31724_/D : -20.197329
[hold in-reg] w_data[0] -> _32693_/D : -20.197033
[hold in-reg] w_data[0] -> _31377_/D : -20.196869
[hold in-reg] w_data[28] -> _32945_/D : -20.195414
[hold in-reg] w_data[28] -> _33829_/D : -20.194859
[hold in-reg] w_data[28] -> _33797_/D : -20.194439
[hold in-reg] w_data[0] -> _31537_/D : -20.192261
[hold in-reg] w_data[28] -> _33509_/D : -20.191305
[hold in-reg] w_data[28] -> _33637_/D : -20.190569
[hold in-reg] w_data[28] -> _33541_/D : -20.190506
[hold in-reg] w_data[28] -> _33573_/D : -20.190361
[hold in-reg] w_data[28] -> _33669_/D : -20.189489
[hold in-reg] w_data[28] -> _33701_/D : -20.189491
[hold in-reg] w_data[6] -> _30359_/D : -20.188700
[hold in-reg] w_data[0] -> _33417_/D : -20.188385
[hold in-reg] w_data[0] -> _31409_/D : -20.186983
[hold in-reg] w_data[6] -> _31383_/D : -20.186518
[hold in-reg] w_data[6] -> _31415_/D : -20.185152
[hold in-reg] w_data[6] -> _32699_/D : -20.184767
[hold in-reg] w_data[6] -> _32283_/D : -20.184416
[hold in-reg] w_data[6] -> _31730_/D : -20.184366
[hold in-reg] w_data[6] -> _32059_/D : -20.184044
[hold in-reg] w_data[6] -> _31543_/D : -20.183908
[hold in-reg] w_data[0] -> _32277_/D : -20.183722
[hold in-reg] w_data[6] -> _32219_/D : -20.183180
[hold in-reg] w_data[14] -> _31738_/D : -20.180473
[hold in-reg] w_data[14] -> _32707_/D : -20.179184
[hold in-reg] w_data[23] -> _31980_/D : -20.177214
[hold in-reg] w_data[23] -> _30792_/D : -20.177094
[hold in-reg] w_data[23] -> _32012_/D : -20.176748
[hold in-reg] w_data[23] -> _30312_/D : -20.176298
[hold in-reg] w_data[6] -> _33423_/D : -20.176119
[hold in-reg] w_data[6] -> _33295_/D : -20.175907
[hold in-reg] w_data[6] -> _31794_/D : -20.175739
[hold in-reg] w_data[6] -> _32091_/D : -20.175474
[hold in-reg] w_data[6] -> _31351_/D : -20.175112
[hold in-reg] w_data[6] -> _31616_/D : -20.174925
[hold in-reg] w_data[14] -> _31551_/D : -20.174206
[hold in-reg] w_data[0] -> _33289_/D : -20.174213
[hold in-reg] w_data[0] -> _32181_/D : -20.173311
[hold in-reg] w_data[6] -> _32123_/D : -20.173109
[hold in-reg] w_data[14] -> _31391_/D : -20.170530
[hold in-reg] w_data[30] -> _34119_/D : -20.170538
[hold in-reg] w_data[23] -> _31400_/D : -20.170473
[hold in-reg] w_data[23] -> _31432_/D : -20.170042
[hold in-reg] w_data[18] -> _30947_/D : -20.169064
[hold in-reg] w_data[18] -> _30307_/D : -20.168667
[hold in-reg] w_data[23] -> _32044_/D : -20.168514
[hold in-reg] w_data[23] -> _30728_/D : -20.168398
[hold in-reg] w_data[5] -> _32698_/D : -20.167435
[hold in-reg] w_data[6] -> _30423_/D : -20.167231
[hold in-reg] w_data[5] -> _31382_/D : -20.167109
[hold in-reg] w_data[5] -> _31414_/D : -20.166912
[hold in-reg] w_data[5] -> _31729_/D : -20.166676
[hold in-reg] w_data[5] -> _32282_/D : -20.166552
[hold in-reg] w_data[14] -> _33431_/D : -20.166533
[hold in-reg] w_data[5] -> _31542_/D : -20.166407
[hold in-reg] w_data[14] -> _31423_/D : -20.165344
[hold in-reg] w_data[30] -> _33171_/D : -20.165146
[hold in-reg] w_data[30] -> _33479_/D : -20.163883
[hold in-reg] w_data[14] -> _32291_/D : -20.163733
[hold in-reg] w_data[30] -> _33107_/D : -20.162642
[hold in-reg] w_data[30] -> _33139_/D : -20.162199
[hold in-reg] w_data[30] -> _33607_/D : -20.162201
[hold in-reg] w_data[14] -> _32227_/D : -20.161644
[hold in-reg] w_data[14] -> _32195_/D : -20.159821
[hold in-reg] w_data[5] -> _31615_/D : -20.159031
[hold in-reg] w_data[30] -> _34247_/D : -20.159027
[hold in-reg] w_data[14] -> _33303_/D : -20.158686
[hold in-reg] w_data[6] -> _31511_/D : -20.158493
[hold in-reg] w_data[5] -> _31350_/D : -20.158396
[hold in-reg] w_data[5] -> _33294_/D : -20.158161
[hold in-reg] w_data[5] -> _33422_/D : -20.158072
[hold in-reg] w_data[14] -> _32067_/D : -20.155754
[hold in-reg] w_data[14] -> _30367_/D : -20.154772
[hold in-reg] w_data[30] -> _33415_/D : -20.154114
[hold in-reg] w_data[30] -> _33543_/D : -20.154001
[hold in-reg] w_data[30] -> _33575_/D : -20.153959
[hold in-reg] w_data[30] -> _33639_/D : -20.153938
[hold in-reg] w_data[30] -> _33703_/D : -20.152647
[hold in-reg] w_data[30] -> _34279_/D : -20.152451
[hold in-reg] w_data[30] -> _34343_/D : -20.152447
[hold in-reg] w_data[30] -> _32947_/D : -20.150770
[hold in-reg] w_data[30] -> _33735_/D : -20.150650
[hold in-reg] w_data[30] -> _33799_/D : -20.150654
[hold in-reg] w_data[30] -> _33831_/D : -20.150595
[hold in-reg] w_data[30] -> _33671_/D : -20.150547
[hold in-reg] w_data[28] -> _34341_/D : -20.150484
[hold in-reg] w_data[30] -> _34151_/D : -20.149490
[hold in-reg] w_data[30] -> _34183_/D : -20.148972
[hold in-reg] w_data[30] -> _34215_/D : -20.148811
[hold in-reg] w_data[14] -> _32099_/D : -20.147551
[hold in-reg] w_data[29] -> _32242_/D : -20.146271
[hold in-reg] w_data[29] -> _30382_/D : -20.145330
[hold in-reg] w_data[14] -> _31624_/D : -20.143496
[hold in-reg] w_data[14] -> _31359_/D : -20.143457
[hold in-reg] w_data[2] -> _33451_/D : -20.135748
[hold in-reg] w_data[25] -> _31402_/D : -20.135504
[hold in-reg] w_data[25] -> _32718_/D : -20.134956
[hold in-reg] w_data[2] -> _33579_/D : -20.134880
[hold in-reg] w_data[29] -> _31753_/D : -20.134649
[hold in-reg] w_data[6] -> _31963_/D : -20.133610
[hold in-reg] w_data[29] -> _31566_/D : -20.133387
[hold in-reg] w_data[30] -> _34311_/D : -20.132227
[hold in-reg] w_data[25] -> _31749_/D : -20.131193
[hold in-reg] w_data[25] -> _32302_/D : -20.130751
[hold in-reg] w_data[29] -> _31406_/D : -20.130133
[hold in-reg] w_data[29] -> _32722_/D : -20.130075
[hold in-reg] w_data[29] -> _32306_/D : -20.130024
[hold in-reg] w_data[29] -> _31438_/D : -20.129854
[hold in-reg] w_data[29] -> _31817_/D : -20.128984
[hold in-reg] w_data[29] -> _31639_/D : -20.128649
[hold in-reg] w_data[25] -> _30378_/D : -20.127977
[hold in-reg] w_data[25] -> _31562_/D : -20.127560
[hold in-reg] w_data[12] -> _31389_/D : -20.127243
[hold in-reg] w_data[29] -> _32114_/D : -20.127195
[hold in-reg] w_data[2] -> _33707_/D : -20.126871
[hold in-reg] w_data[12] -> _32289_/D : -20.126837
[hold in-reg] w_data[2] -> _33483_/D : -20.126513
[hold in-reg] w_data[12] -> _31421_/D : -20.126457
[hold in-reg] w_data[2] -> _33611_/D : -20.126471
[hold in-reg] w_data[2] -> _33643_/D : -20.126421
[hold in-reg] w_data[2] -> _33515_/D : -20.126234
[hold in-reg] w_data[2] -> _33675_/D : -20.126240
[hold in-reg] w_data[29] -> _31374_/D : -20.126188
[hold in-reg] w_data[2] -> _33547_/D : -20.126173
[hold in-reg] w_data[2] -> _33771_/D : -20.126081
[hold in-reg] w_data[25] -> _32206_/D : -20.125961
[hold in-reg] w_data[25] -> _32078_/D : -20.125725
[hold in-reg] w_data[25] -> _32238_/D : -20.125498
[hold in-reg] w_data[25] -> _33314_/D : -20.124113
[hold in-reg] w_data[29] -> _33446_/D : -20.123777
[hold in-reg] w_data[12] -> _32705_/D : -20.122932
[hold in-reg] w_data[12] -> _31736_/D : -20.122377
[hold in-reg] w_data[12] -> _31549_/D : -20.121925
[hold in-reg] w_data[7] -> _33584_/D : -20.121828
[hold in-reg] w_data[25] -> _31635_/D : -20.120607
[hold in-reg] w_data[25] -> _31813_/D : -20.120266
[hold in-reg] w_data[25] -> _33442_/D : -20.120071
[hold in-reg] w_data[25] -> _31370_/D : -20.119986
[hold in-reg] w_data[29] -> _33318_/D : -20.119999
[hold in-reg] w_data[23] -> _31016_/D : -20.118338
[hold in-reg] w_data[25] -> _32110_/D : -20.118172
[hold in-reg] w_data[12] -> _33301_/D : -20.117905
[hold in-reg] w_data[24] -> _33633_/D : -20.114164
[hold in-reg] w_data[7] -> _33616_/D : -20.113993
[hold in-reg] w_data[12] -> _33429_/D : -20.113722
[hold in-reg] w_data[23] -> _31272_/D : -20.113649
[hold in-reg] w_data[23] -> _32972_/D : -20.113039
[hold in-reg] w_data[2] -> _34091_/D : -20.112562
[hold in-reg] w_data[24] -> _33665_/D : -20.112427
[hold in-reg] w_data[7] -> _33680_/D : -20.111801
[hold in-reg] w_data[24] -> _33697_/D : -20.111706
[hold in-reg] w_data[7] -> _33648_/D : -20.111223
[hold in-reg] w_data[25] -> _31434_/D : -20.109020
[hold in-reg] w_data[7] -> _33776_/D : -20.106133
[hold in-reg] w_data[26] -> _33167_/D : -20.106096
[hold in-reg] w_data[26] -> _33475_/D : -20.106035
[hold in-reg] w_data[7] -> _33808_/D : -20.105875
[hold in-reg] w_data[20] -> _33469_/D : -20.104118
[hold in-reg] w_data[4] -> _33965_/D : -20.103765
[hold in-reg] w_data[12] -> _30365_/D : -20.102884
[hold in-reg] w_data[12] -> _32193_/D : -20.102608
[hold in-reg] w_data[12] -> _32065_/D : -20.102234
[hold in-reg] w_data[9] -> _33586_/D : -20.102150
[hold in-reg] w_data[12] -> _32225_/D : -20.102127
[hold in-reg] w_data[2] -> _34123_/D : -20.101402
[hold in-reg] w_data[26] -> _33103_/D : -20.100775
[hold in-reg] w_data[2] -> _34219_/D : -20.099598
[hold in-reg] w_data[20] -> _34109_/D : -20.099142
[hold in-reg] w_data[30] -> _34055_/D : -20.098957
[hold in-reg] w_data[2] -> _34155_/D : -20.098900
[hold in-reg] w_data[26] -> _33603_/D : -20.098635
[hold in-reg] w_data[31] -> _33608_/D : -20.098635
[hold in-reg] w_data[2] -> _33995_/D : -20.098566
[hold in-reg] w_data[7] -> _34096_/D : -20.098494
[hold in-reg] w_data[2] -> _34187_/D : -20.098480
[hold in-reg] w_data[30] -> _32915_/D : -20.098288
[hold in-reg] w_data[31] -> _33172_/D : -20.097897
[hold in-reg] w_data[27] -> _33136_/D : -20.097780
[hold in-reg] w_data[27] -> _33604_/D : -20.097342
[hold in-reg] w_data[31] -> _33108_/D : -20.097221
[hold in-reg] w_data[31] -> _33140_/D : -20.096966
[hold in-reg] w_data[2] -> _34251_/D : -20.096941
[hold in-reg] w_data[20] -> _33501_/D : -20.096872
[hold in-reg] w_data[26] -> _33507_/D : -20.096386
[hold in-reg] w_data[20] -> _33725_/D : -20.096199
[hold in-reg] w_data[20] -> _33533_/D : -20.096077
[hold in-reg] w_data[20] -> _33405_/D : -20.096050
[hold in-reg] w_data[24] -> _33165_/D : -20.096003
[hold in-reg] w_data[20] -> _33789_/D : -20.095764
[hold in-reg] w_data[26] -> _33539_/D : -20.095650
[hold in-reg] w_data[12] -> _32097_/D : -20.095619
[hold in-reg] w_data[20] -> _33161_/D : -20.095556
[hold in-reg] w_data[20] -> _33565_/D : -20.095516
[hold in-reg] w_data[26] -> _33571_/D : -20.095528
[hold in-reg] w_data[26] -> _34115_/D : -20.095415
[hold in-reg] w_data[4] -> _32889_/D : -20.095308
[hold in-reg] w_data[24] -> _33133_/D : -20.095186
[hold in-reg] w_data[4] -> _34029_/D : -20.095181
[hold in-reg] w_data[20] -> _33597_/D : -20.094980
[hold in-reg] w_data[24] -> _33601_/D : -20.094955
[hold in-reg] w_data[20] -> _33129_/D : -20.094790
[hold in-reg] w_data[20] -> _34141_/D : -20.094725
[hold in-reg] w_data[20] -> _33097_/D : -20.094637
[hold in-reg] w_data[20] -> _32937_/D : -20.094519
[hold in-reg] w_data[20] -> _33821_/D : -20.094351
[hold in-reg] w_data[12] -> _31357_/D : -20.094149
[hold in-reg] w_data[20] -> _34173_/D : -20.093657
[hold in-reg] w_data[2] -> _34283_/D : -20.093634
[hold in-reg] w_data[4] -> _33837_/D : -20.093605
[hold in-reg] w_data[12] -> _31622_/D : -20.093414
[hold in-reg] w_data[12] -> _31800_/D : -20.093323
[hold in-reg] w_data[24] -> _34113_/D : -20.092861
[hold in-reg] w_data[26] -> _33411_/D : -20.092794
[hold in-reg] w_data[2] -> _34315_/D : -20.092768
[hold in-reg] w_data[20] -> _34205_/D : -20.091833
[hold in-reg] w_data[9] -> _33618_/D : -20.091726
[hold in-reg] w_data[26] -> _33635_/D : -20.091433
[hold in-reg] w_data[6] -> _32027_/D : -20.091381
[hold in-reg] w_data[24] -> _33101_/D : -20.091181
[hold in-reg] w_data[9] -> _33650_/D : -20.091080
[hold in-reg] w_data[9] -> _33682_/D : -20.090704
[hold in-reg] w_data[7] -> _34128_/D : -20.090446
[hold in-reg] w_data[31] -> _33640_/D : -20.089905
[hold in-reg] w_data[31] -> _33672_/D : -20.089209
[hold in-reg] w_data[31] -> _33416_/D : -20.089128
[hold in-reg] w_data[26] -> _33699_/D : -20.088877
[hold in-reg] w_data[26] -> _33667_/D : -20.088720
[hold in-reg] w_data[31] -> _33480_/D : -20.088566
[hold in-reg] w_data[31] -> _33704_/D : -20.088312
[hold in-reg] w_data[9] -> _33714_/D : -20.088316
[hold in-reg] w_data[26] -> _33731_/D : -20.088137
[hold in-reg] w_data[4] -> _33869_/D : -20.087959
[hold in-reg] w_data[31] -> _32948_/D : -20.087862
[hold in-reg] w_data[27] -> _33104_/D : -20.087858
[hold in-reg] w_data[7] -> _33712_/D : -20.087315
[hold in-reg] w_data[1] -> _33142_/D : -20.087006
[hold in-reg] w_data[20] -> _33629_/D : -20.086908
[hold in-reg] w_data[31] -> _33736_/D : -20.086903
[hold in-reg] w_data[23] -> _31884_/D : -20.086500
[hold in-reg] w_data[4] -> _33901_/D : -20.086449
[hold in-reg] w_data[7] -> _33148_/D : -20.086412
[hold in-reg] w_data[7] -> _32924_/D : -20.086359
[hold in-reg] w_data[26] -> _32943_/D : -20.086332
[hold in-reg] w_data[7] -> _33456_/D : -20.086233
[hold in-reg] w_data[27] -> _33636_/D : -20.086193
[hold in-reg] w_data[26] -> _34147_/D : -20.086000
[hold in-reg] w_data[9] -> _33778_/D : -20.085972
[hold in-reg] w_data[7] -> _33084_/D : -20.085875
[hold in-reg] w_data[31] -> _33832_/D : -20.085644
[hold in-reg] w_data[7] -> _33116_/D : -20.085606
[hold in-reg] w_data[26] -> _33795_/D : -20.085537
[hold in-reg] w_data[26] -> _33827_/D : -20.085487
[hold in-reg] w_data[9] -> _33810_/D : -20.085205
[hold in-reg] w_data[24] -> _34145_/D : -20.085062
[hold in-reg] w_data[27] -> _33668_/D : -20.084993
[hold in-reg] w_data[26] -> _34179_/D : -20.084925
[hold in-reg] w_data[31] -> _33800_/D : -20.084898
[hold in-reg] w_data[1] -> _33078_/D : -20.084770
[hold in-reg] w_data[20] -> _33661_/D : -20.084520
[hold in-reg] w_data[27] -> _33700_/D : -20.084288
[hold in-reg] w_data[26] -> _34211_/D : -20.084206
[hold in-reg] w_data[20] -> _33693_/D : -20.083883
[hold in-reg] w_data[24] -> _33729_/D : -20.083281
[hold in-reg] w_data[24] -> _33505_/D : -20.083078
[hold in-reg] w_data[24] -> _33537_/D : -20.082909
[hold in-reg] w_data[24] -> _33569_/D : -20.082867
[hold in-reg] w_data[27] -> _33732_/D : -20.082809
[hold in-reg] w_data[24] -> _32941_/D : -20.082552
[hold in-reg] w_data[24] -> _33793_/D : -20.082521
[hold in-reg] w_data[24] -> _33825_/D : -20.082193
[hold in-reg] w_data[24] -> _33409_/D : -20.082096
[hold in-reg] w_data[24] -> _33473_/D : -20.081753
[hold in-reg] w_data[31] -> _33544_/D : -20.079685
[hold in-reg] w_data[31] -> _33512_/D : -20.079332
[hold in-reg] w_data[27] -> _33412_/D : -20.079245
[hold in-reg] w_data[2] -> _33899_/D : -20.079227
[hold in-reg] w_data[27] -> _33540_/D : -20.079119
[hold in-reg] w_data[27] -> _33796_/D : -20.079027
[hold in-reg] w_data[2] -> _33867_/D : -20.078939
[hold in-reg] w_data[31] -> _33576_/D : -20.078783
[hold in-reg] w_data[2] -> _33835_/D : -20.078783
[hold in-reg] w_data[27] -> _33168_/D : -20.078629
[hold in-reg] w_data[20] -> _34237_/D : -20.078409
[hold in-reg] w_data[9] -> _33150_/D : -20.078306
[hold in-reg] w_data[2] -> _33963_/D : -20.078220
[hold in-reg] w_data[27] -> _32944_/D : -20.077946
[hold in-reg] w_data[9] -> _32926_/D : -20.077673
[hold in-reg] w_data[27] -> _33476_/D : -20.077459
[hold in-reg] w_data[7] -> _33488_/D : -20.077377
[hold in-reg] w_data[7] -> _33392_/D : -20.077309
[hold in-reg] w_data[9] -> _33086_/D : -20.077150
[hold in-reg] w_data[20] -> _34269_/D : -20.077166
[hold in-reg] w_data[7] -> _33552_/D : -20.077129
[hold in-reg] w_data[9] -> _33118_/D : -20.077066
[hold in-reg] w_data[27] -> _33828_/D : -20.076929
[hold in-reg] w_data[19] -> _33160_/D : -20.076889
[hold in-reg] w_data[7] -> _33520_/D : -20.076891
[hold in-reg] w_data[9] -> _33458_/D : -20.076504
[hold in-reg] w_data[20] -> _34333_/D : -20.076086
[hold in-reg] w_data[20] -> _34301_/D : -20.075918
[hold in-reg] w_data[19] -> _33128_/D : -20.075497
[hold in-reg] w_data[19] -> _33096_/D : -20.075212
[hold in-reg] w_data[19] -> _33468_/D : -20.075058
[hold in-reg] w_data[26] -> _34243_/D : -20.074305
[hold in-reg] w_data[3] -> _33900_/D : -20.072365
[hold in-reg] w_data[19] -> _33596_/D : -20.072107
[hold in-reg] w_data[3] -> _33868_/D : -20.071501
[hold in-reg] w_data[2] -> _33931_/D : -20.070864
[hold in-reg] w_data[2] -> _32887_/D : -20.070160
[hold in-reg] w_data[19] -> _33820_/D : -20.069887
[hold in-reg] w_data[19] -> _33788_/D : -20.069841
[hold in-reg] w_data[2] -> _34027_/D : -20.069590
[hold in-reg] w_data[5] -> _33114_/D : -20.069380
[hold in-reg] w_data[27] -> _33508_/D : -20.069355
[hold in-reg] w_data[27] -> _33572_/D : -20.068726
[hold in-reg] w_data[4] -> _31253_/D : -20.068533
[hold in-reg] w_data[1] -> _34090_/D : -20.068405
[hold in-reg] w_data[9] -> _33522_/D : -20.067160
[hold in-reg] w_data[9] -> _33394_/D : -20.067139
[hold in-reg] w_data[9] -> _33554_/D : -20.066854
[hold in-reg] w_data[19] -> _33404_/D : -20.066816
[hold in-reg] w_data[19] -> _33564_/D : -20.066778
[hold in-reg] w_data[19] -> _33532_/D : -20.066298
[hold in-reg] w_data[9] -> _33490_/D : -20.065588
[hold in-reg] w_data[19] -> _33500_/D : -20.065380
[hold in-reg] w_data[11] -> _33088_/D : -20.064449
[hold in-reg] w_data[4] -> _31317_/D : -20.064394
[hold in-reg] w_data[11] -> _33152_/D : -20.064339
[hold in-reg] w_data[11] -> _33120_/D : -20.063705
[hold in-reg] w_data[19] -> _33628_/D : -20.063637
[hold in-reg] w_data[4] -> _31221_/D : -20.063608
[hold in-reg] w_data[3] -> _34220_/D : -20.063164
[hold in-reg] w_data[30] -> _33511_/D : -20.062820
[hold in-reg] w_data[4] -> _33933_/D : -20.062767
[hold in-reg] w_data[3] -> _32888_/D : -20.062729
[hold in-reg] w_data[3] -> _34028_/D : -20.062641
[hold in-reg] w_data[3] -> _34284_/D : -20.062618
[hold in-reg] w_data[3] -> _34316_/D : -20.062590
[hold in-reg] w_data[4] -> _33997_/D : -20.061903
[hold in-reg] w_data[4] -> _30645_/D : -20.061760
[hold in-reg] w_data[19] -> _33692_/D : -20.060537
[hold in-reg] w_data[19] -> _33660_/D : -20.060488
[hold in-reg] w_data[19] -> _33724_/D : -20.060120
[hold in-reg] w_data[1] -> _34122_/D : -20.059910
[hold in-reg] w_data[19] -> _32936_/D : -20.059570
[hold in-reg] w_data[5] -> _33710_/D : -20.059511
[hold in-reg] w_data[5] -> _33774_/D : -20.058838
[hold in-reg] w_data[5] -> _32922_/D : -20.058781
[hold in-reg] w_data[18] -> _32935_/D : -20.058645
[hold in-reg] w_data[1] -> _34186_/D : -20.058428
[hold in-reg] w_data[1] -> _34154_/D : -20.058207
[hold in-reg] w_data[23] -> _30664_/D : -20.057823
[hold in-reg] w_data[5] -> _34094_/D : -20.057112
[hold in-reg] w_data[1] -> _34218_/D : -20.057106
[hold in-reg] w_data[23] -> _31208_/D : -20.056974
[hold in-reg] w_data[23] -> _31240_/D : -20.056974
[hold in-reg] w_data[23] -> _31336_/D : -20.056925
[hold in-reg] w_data[23] -> _33196_/D : -20.056149
[hold in-reg] w_data[18] -> _31011_/D : -20.056028
[hold in-reg] w_data[11] -> _33396_/D : -20.055597
[hold in-reg] w_data[1] -> _34314_/D : -20.054096
[hold in-reg] w_data[3] -> _33452_/D : -20.053869
[hold in-reg] w_data[3] -> _33144_/D : -20.053583
[hold in-reg] w_data[20] -> _33885_/D : -20.053585
[hold in-reg] w_data[4] -> _33453_/D : -20.053562
[hold in-reg] w_data[3] -> _33112_/D : -20.053310
[hold in-reg] w_data[4] -> _33145_/D : -20.053028
[hold in-reg] w_data[3] -> _33080_/D : -20.052683
[hold in-reg] w_data[23] -> _31464_/D : -20.052538
[hold in-reg] w_data[23] -> _31852_/D : -20.052423
[hold in-reg] w_data[23] -> _31176_/D : -20.052385
[hold in-reg] w_data[3] -> _33580_/D : -20.052156
[hold in-reg] w_data[1] -> _34282_/D : -20.051497
[hold in-reg] w_data[26] -> _33987_/D : -20.050856
[hold in-reg] w_data[5] -> _30998_/D : -20.050661
[hold in-reg] w_data[26] -> _33859_/D : -20.050409
[hold in-reg] w_data[26] -> _33891_/D : -20.050354
[hold in-reg] w_data[4] -> _33081_/D : -20.050070
[hold in-reg] w_data[4] -> _33113_/D : -20.049707
[hold in-reg] w_data[11] -> _34100_/D : -20.049219
[hold in-reg] w_data[5] -> _33966_/D : -20.048851
[hold in-reg] w_data[4] -> _33581_/D : -20.048494
[hold in-reg] w_data[4] -> _34093_/D : -20.048475
[hold in-reg] w_data[20] -> _32905_/D : -20.047836
[hold in-reg] w_data[5] -> _33902_/D : -20.047642
[hold in-reg] w_data[5] -> _34190_/D : -20.046749
[hold in-reg] w_data[5] -> _33838_/D : -20.046247
[hold in-reg] w_data[5] -> _34158_/D : -20.046164
[hold in-reg] w_data[26] -> _34307_/D : -20.045321
[hold in-reg] w_data[26] -> _34275_/D : -20.045235
[hold in-reg] w_data[26] -> _34339_/D : -20.045105
[hold in-reg] w_data[19] -> _34108_/D : -20.044529
[hold in-reg] w_data[5] -> _33870_/D : -20.044394
[hold in-reg] w_data[3] -> _33388_/D : -20.044313
[hold in-reg] w_data[11] -> _34228_/D : -20.044231
[hold in-reg] w_data[4] -> _33485_/D : -20.043997
[hold in-reg] w_data[16] -> _33157_/D : -20.043949
[hold in-reg] w_data[3] -> _33516_/D : -20.043898
[hold in-reg] w_data[3] -> _33548_/D : -20.043907
[hold in-reg] w_data[3] -> _33612_/D : -20.043913
[hold in-reg] w_data[3] -> _33484_/D : -20.043850
[hold in-reg] w_data[4] -> _33517_/D : -20.043867
[hold in-reg] w_data[4] -> _33389_/D : -20.043747
[hold in-reg] w_data[4] -> _33549_/D : -20.043711
[hold in-reg] w_data[15] -> _30368_/D : -20.043577
[hold in-reg] w_data[16] -> _33125_/D : -20.043346
[hold in-reg] w_data[3] -> _31252_/D : -20.043039
[hold in-reg] w_data[2] -> _33143_/D : -20.042990
[hold in-reg] w_data[16] -> _33593_/D : -20.042961
[hold in-reg] w_data[15] -> _32068_/D : -20.042915
[hold in-reg] w_data[26] -> _34019_/D : -20.042931
[hold in-reg] w_data[2] -> _33111_/D : -20.042866
[hold in-reg] w_data[5] -> _34030_/D : -20.042715
[hold in-reg] w_data[15] -> _31739_/D : -20.042694
[hold in-reg] w_data[2] -> _33079_/D : -20.042658
[hold in-reg] w_data[15] -> _32708_/D : -20.042612
[hold in-reg] w_data[26] -> _34051_/D : -20.042610
[hold in-reg] w_data[16] -> _33093_/D : -20.042435
[hold in-reg] w_data[23] -> _31080_/D : -20.042398
[hold in-reg] w_data[15] -> _31392_/D : -20.042410
[hold in-reg] w_data[15] -> _32228_/D : -20.042387
[hold in-reg] w_data[26] -> _32911_/D : -20.042389
[hold in-reg] w_data[23] -> _31048_/D : -20.042320
[hold in-reg] w_data[11] -> _33716_/D : -20.042166
[hold in-reg] w_data[3] -> _32920_/D : -20.042141
[hold in-reg] w_data[15] -> _31424_/D : -20.042078
[hold in-reg] w_data[15] -> _32196_/D : -20.041996
[hold in-reg] w_data[11] -> _32928_/D : -20.041870
[hold in-reg] w_data[3] -> _33644_/D : -20.041861
[hold in-reg] w_data[23] -> _31112_/D : -20.041834
[hold in-reg] w_data[15] -> _31552_/D : -20.041813
[hold in-reg] w_data[3] -> _33772_/D : -20.041765
[hold in-reg] w_data[3] -> _33804_/D : -20.041779
[hold in-reg] w_data[3] -> _33708_/D : -20.041689
[hold in-reg] w_data[15] -> _32292_/D : -20.041550
[hold in-reg] w_data[3] -> _33676_/D : -20.041565
[hold in-reg] w_data[5] -> _33998_/D : -20.041389
[hold in-reg] w_data[11] -> _33812_/D : -20.041277
[hold in-reg] w_data[6] -> _30295_/D : -20.041080
[hold in-reg] w_data[11] -> _33780_/D : -20.040842
[hold in-reg] w_data[3] -> _30644_/D : -20.039906
[hold in-reg] w_data[5] -> _32954_/D : -20.039806
[hold in-reg] w_data[4] -> _33709_/D : -20.039673
[hold in-reg] w_data[4] -> _34125_/D : -20.039543
[hold in-reg] w_data[4] -> _32921_/D : -20.039408
[hold in-reg] w_data[4] -> _33645_/D : -20.039377
[hold in-reg] w_data[4] -> _33773_/D : -20.039309
[hold in-reg] w_data[4] -> _33613_/D : -20.039288
[hold in-reg] w_data[4] -> _33677_/D : -20.039181
[hold in-reg] w_data[4] -> _33805_/D : -20.039186
[hold in-reg] w_data[29] -> _33990_/D : -20.039125
[hold in-reg] w_data[11] -> _34196_/D : -20.038231
[hold in-reg] w_data[18] -> _31107_/D : -20.038200
[hold in-reg] w_data[11] -> _34132_/D : -20.038206
[hold in-reg] w_data[11] -> _34292_/D : -20.037783
[hold in-reg] w_data[5] -> _33934_/D : -20.037687
[hold in-reg] w_data[3] -> _31316_/D : -20.037504
[hold in-reg] w_data[5] -> _34126_/D : -20.037395
[hold in-reg] w_data[5] -> _32890_/D : -20.037268
[hold in-reg] w_data[5] -> _34318_/D : -20.037163
[hold in-reg] w_data[5] -> _34222_/D : -20.037035
[hold in-reg] w_data[11] -> _34164_/D : -20.036884
[hold in-reg] w_data[5] -> _34286_/D : -20.036514
[hold in-reg] w_data[5] -> _34254_/D : -20.036322
[hold in-reg] w_data[29] -> _33894_/D : -20.035925
[hold in-reg] w_data[11] -> _34324_/D : -20.035814
[hold in-reg] w_data[4] -> _34221_/D : -20.035677
[hold in-reg] w_data[19] -> _34140_/D : -20.035643
[hold in-reg] w_data[3] -> _33964_/D : -20.035547
[hold in-reg] w_data[15] -> _31360_/D : -20.035486
[hold in-reg] w_data[4] -> _34317_/D : -20.035313
[hold in-reg] w_data[15] -> _31803_/D : -20.035263
[hold in-reg] w_data[4] -> _34253_/D : -20.035208
[hold in-reg] w_data[4] -> _34285_/D : -20.035168
[hold in-reg] w_data[15] -> _31625_/D : -20.035110
[hold in-reg] w_data[15] -> _32100_/D : -20.035088
[hold in-reg] w_data[3] -> _34092_/D : -20.035105
[hold in-reg] w_data[4] -> _34157_/D : -20.034815
[hold in-reg] w_data[2] -> _33803_/D : -20.034670
[hold in-reg] w_data[4] -> _34189_/D : -20.034512
[hold in-reg] w_data[2] -> _33387_/D : -20.034431
[hold in-reg] w_data[2] -> _32919_/D : -20.034384
[hold in-reg] w_data[19] -> _34172_/D : -20.034395
[hold in-reg] w_data[11] -> _34260_/D : -20.034252
[hold in-reg] w_data[19] -> _34204_/D : -20.034101
[hold in-reg] w_data[23] -> _30248_/D : -20.034019
[hold in-reg] w_data[29] -> _34022_/D : -20.033884
[hold in-reg] w_data[16] -> _33401_/D : -20.033846
[hold in-reg] w_data[3] -> _33176_/D : -20.033670
[hold in-reg] w_data[16] -> _33625_/D : -20.033318
[hold in-reg] w_data[15] -> _33432_/D : -20.033218
[hold in-reg] w_data[16] -> _33689_/D : -20.032938
[hold in-reg] w_data[15] -> _33304_/D : -20.032644
[hold in-reg] w_data[16] -> _33657_/D : -20.032650
[hold in-reg] w_data[5] -> _33178_/D : -20.032196
[hold in-reg] w_data[11] -> _33972_/D : -20.029984
[hold in-reg] w_data[18] -> _31043_/D : -20.029858
[hold in-reg] w_data[19] -> _34236_/D : -20.028952
[hold in-reg] w_data[5] -> _31190_/D : -20.028566
[hold in-reg] w_data[3] -> _33996_/D : -20.027859
[hold in-reg] w_data[6] -> _30167_/D : -20.027195
[hold in-reg] w_data[6] -> _30263_/D : -20.027193
[hold in-reg] w_data[19] -> _34332_/D : -20.026960
[hold in-reg] w_data[3] -> _33836_/D : -20.026686
[hold in-reg] w_data[19] -> _34268_/D : -20.026573
[hold in-reg] w_data[19] -> _34300_/D : -20.026560
[hold in-reg] w_data[3] -> _34252_/D : -20.026428
[hold in-reg] w_data[3] -> _34156_/D : -20.026365
[hold in-reg] w_data[3] -> _34124_/D : -20.026144
[hold in-reg] w_data[3] -> _34188_/D : -20.026121
[hold in-reg] w_data[11] -> _33844_/D : -20.025379
[hold in-reg] w_data[18] -> _31075_/D : -20.024961
[hold in-reg] w_data[5] -> _31254_/D : -20.024696
[hold in-reg] w_data[5] -> _30646_/D : -20.024462
[hold in-reg] w_data[5] -> _31222_/D : -20.024324
[hold in-reg] w_data[5] -> _31318_/D : -20.024252
[hold in-reg] w_data[11] -> _33876_/D : -20.023920
[hold in-reg] w_data[11] -> _33908_/D : -20.023804
[hold in-reg] w_data[11] -> _34004_/D : -20.022348
[hold in-reg] w_data[16] -> _33849_/D : -20.021826
[hold in-reg] w_data[18] -> _30243_/D : -20.021791
[hold in-reg] w_data[16] -> _33913_/D : -20.021139
[hold in-reg] w_data[16] -> _33977_/D : -20.021038
[hold in-reg] w_data[16] -> _31009_/D : -20.020773
[hold in-reg] w_data[16] -> _33881_/D : -20.020712
[hold in-reg] w_data[16] -> _34105_/D : -20.020174
[hold in-reg] w_data[1] -> _34026_/D : -20.019899
[hold in-reg] w_data[6] -> _31867_/D : -20.019508
[hold in-reg] w_data[29] -> _33862_/D : -20.018362
[hold in-reg] w_data[3] -> _33932_/D : -20.017956
[hold in-reg] w_data[11] -> _32896_/D : -20.017694
[hold in-reg] w_data[11] -> _33940_/D : -20.017342
[hold in-reg] w_data[11] -> _34036_/D : -20.017111
[hold in-reg] w_data[29] -> _33926_/D : -20.016878
[hold in-reg] w_data[8] -> _32061_/D : -20.015114
[hold in-reg] w_data[26] -> _33135_/D : -20.014721
[hold in-reg] w_data[26] -> _33955_/D : -20.013905
[hold in-reg] w_data[8] -> _30361_/D : -20.013777
[hold in-reg] w_data[1] -> _32886_/D : -20.013506
[hold in-reg] w_data[16] -> _34009_/D : -20.013048
[hold in-reg] w_data[16] -> _33945_/D : -20.012754
[hold in-reg] w_data[16] -> _32901_/D : -20.012228
[hold in-reg] w_data[16] -> _34041_/D : -20.012070
[hold in-reg] w_data[16] -> _34297_/D : -20.012011
[hold in-reg] w_data[16] -> _34329_/D : -20.011963
[hold in-reg] w_data[16] -> _34265_/D : -20.011770
[hold in-reg] w_data[16] -> _31329_/D : -20.011618
[hold in-reg] w_data[16] -> _34233_/D : -20.011635
[hold in-reg] w_data[16] -> _34137_/D : -20.011526
[hold in-reg] w_data[16] -> _34169_/D : -20.011427
[hold in-reg] w_data[16] -> _34201_/D : -20.011347
[hold in-reg] w_data[16] -> _33785_/D : -20.011288
[hold in-reg] w_data[17] -> _32198_/D : -20.010820
[hold in-reg] w_data[16] -> _32933_/D : -20.010778
[hold in-reg] w_data[16] -> _33817_/D : -20.010748
[hold in-reg] w_data[17] -> _32230_/D : -20.010696
[hold in-reg] w_data[1] -> _33994_/D : -20.010313
[hold in-reg] w_data[8] -> _32189_/D : -20.010094
[hold in-reg] w_data[16] -> _31877_/D : -20.009745
[hold in-reg] w_data[17] -> _32070_/D : -20.009548
[hold in-reg] w_data[8] -> _32221_/D : -20.009457
[hold in-reg] w_data[29] -> _33958_/D : -20.009174
[hold in-reg] w_data[8] -> _31385_/D : -20.009047
[hold in-reg] w_data[17] -> _31394_/D : -20.008913
[hold in-reg] w_data[16] -> _32965_/D : -20.008905
[hold in-reg] w_data[17] -> _31741_/D : -20.008440
[hold in-reg] w_data[17] -> _32294_/D : -20.008453
[hold in-reg] w_data[8] -> _32285_/D : -20.008226
[hold in-reg] w_data[8] -> _31417_/D : -20.008089
[hold in-reg] w_data[1] -> _33834_/D : -20.007851
[hold in-reg] w_data[1] -> _33962_/D : -20.007862
[hold in-reg] w_data[1] -> _33898_/D : -20.007269
[hold in-reg] w_data[1] -> _33866_/D : -20.007238
[hold in-reg] w_data[8] -> _32701_/D : -20.007189
[hold in-reg] w_data[8] -> _31732_/D : -20.007032
[hold in-reg] w_data[8] -> _32093_/D : -20.006838
[hold in-reg] w_data[8] -> _31353_/D : -20.006718
[hold in-reg] w_data[17] -> _30370_/D : -20.006458
[hold in-reg] w_data[8] -> _31618_/D : -20.006441
[hold in-reg] w_data[8] -> _31796_/D : -20.006376
[hold in-reg] w_data[6] -> _30999_/D : -20.005726
[hold in-reg] w_data[8] -> _31545_/D : -20.005209
[hold in-reg] w_data[17] -> _32710_/D : -20.004494
[hold in-reg] w_data[22] -> _33471_/D : -20.004173
[hold in-reg] w_data[17] -> _31426_/D : -20.003719
[hold in-reg] w_data[22] -> _33163_/D : -20.003687
[hold in-reg] w_data[17] -> _31554_/D : -20.003300
[hold in-reg] w_data[16] -> _31201_/D : -20.003267
[hold in-reg] w_data[16] -> _33189_/D : -20.003080
[hold in-reg] w_data[22] -> _33131_/D : -20.002892
[hold in-reg] w_data[18] -> _31171_/D : -20.002161
[hold in-reg] w_data[17] -> _32102_/D : -20.002066
[hold in-reg] w_data[18] -> _31459_/D : -20.001953
[hold in-reg] w_data[6] -> _31835_/D : -20.001806
[hold in-reg] w_data[17] -> _33306_/D : -20.001148
[hold in-reg] w_data[18] -> _31879_/D : -20.000954
[hold in-reg] w_data[8] -> _33297_/D : -20.000328
[hold in-reg] w_data[22] -> _33099_/D : -20.000019
[hold in-reg] w_data[17] -> _31627_/D : -19.999855
[hold in-reg] w_data[8] -> _33425_/D : -19.999382
[hold in-reg] w_data[1] -> _33450_/D : -19.999178
[hold in-reg] w_data[1] -> _33930_/D : -19.999056
[hold in-reg] w_data[6] -> _31095_/D : -19.997368
[hold in-reg] w_data[22] -> _33599_/D : -19.996994
[hold in-reg] w_data[6] -> _31447_/D : -19.996670
[hold in-reg] w_data[6] -> _31159_/D : -19.996557
[hold in-reg] w_data[6] -> _33179_/D : -19.996225
[hold in-reg] w_data[17] -> _33434_/D : -19.996101
[hold in-reg] w_data[6] -> _31191_/D : -19.995008
[hold in-reg] w_data[22] -> _33567_/D : -19.994423
[hold in-reg] w_data[22] -> _33503_/D : -19.993971
[hold in-reg] w_data[6] -> _31319_/D : -19.993807
[hold in-reg] w_data[6] -> _31255_/D : -19.993786
[hold in-reg] w_data[18] -> _31847_/D : -19.993509
[hold in-reg] w_data[1] -> _33110_/D : -19.993454
[hold in-reg] w_data[22] -> _33535_/D : -19.993269
[hold in-reg] w_data[22] -> _33407_/D : -19.991562
[hold in-reg] w_data[13] -> _34102_/D : -19.991478
[hold in-reg] w_data[18] -> _33191_/D : -19.990652
[hold in-reg] w_data[18] -> _32967_/D : -19.990557
[hold in-reg] w_data[1] -> _33482_/D : -19.990572
[hold in-reg] w_data[18] -> _31203_/D : -19.990343
[hold in-reg] w_data[16] -> _31845_/D : -19.989805
[hold in-reg] w_data[18] -> _31235_/D : -19.989548
[hold in-reg] w_data[1] -> _33514_/D : -19.989344
[hold in-reg] w_data[1] -> _33546_/D : -19.989183
[hold in-reg] w_data[6] -> _31031_/D : -19.988871
[hold in-reg] w_data[13] -> _33590_/D : -19.988813
[hold in-reg] w_data[1] -> _33578_/D : -19.988636
[hold in-reg] w_data[23] -> _31706_/D : -19.988369
[hold in-reg] w_data[22] -> _33727_/D : -19.987610
[hold in-reg] w_data[6] -> _31063_/D : -19.987280
[hold in-reg] w_data[22] -> _33631_/D : -19.986301
[hold in-reg] w_data[22] -> _33791_/D : -19.986252
[hold in-reg] w_data[22] -> _32939_/D : -19.986212
[hold in-reg] w_data[22] -> _33823_/D : -19.986115
[hold in-reg] w_data[22] -> _33695_/D : -19.985229
[hold in-reg] w_data[22] -> _33663_/D : -19.984966
[hold in-reg] w_data[1] -> _33386_/D : -19.984592
[hold in-reg] w_data[18] -> _31701_/D : -19.984127
[hold in-reg] w_data[14] -> _33155_/D : -19.983692
[hold in-reg] w_data[29] -> _30670_/D : -19.983406
[hold in-reg] w_data[14] -> _33123_/D : -19.982721
[hold in-reg] w_data[10] -> _32063_/D : -19.982531
[hold in-reg] w_data[10] -> _32191_/D : -19.982414
[hold in-reg] w_data[13] -> _33462_/D : -19.982405
[hold in-reg] w_data[29] -> _31342_/D : -19.982349
[hold in-reg] w_data[10] -> _30363_/D : -19.982325
[hold in-reg] w_data[13] -> _33154_/D : -19.982239
[hold in-reg] w_data[29] -> _33478_/D : -19.982166
[hold in-reg] w_data[10] -> _32223_/D : -19.982140
[hold in-reg] w_data[10] -> _32703_/D : -19.982000
[hold in-reg] w_data[6] -> _30231_/D : -19.981899
[hold in-reg] w_data[29] -> _31278_/D : -19.981861
[hold in-reg] w_data[10] -> _31547_/D : -19.981766
[hold in-reg] w_data[10] -> _31387_/D : -19.981699
[hold in-reg] w_data[22] -> _31239_/D : -19.981676
[hold in-reg] w_data[21] -> _31745_/D : -19.981556
[hold in-reg] w_data[21] -> _32714_/D : -19.981474
[hold in-reg] w_data[13] -> _33090_/D : -19.981487
[hold in-reg] w_data[14] -> _33091_/D : -19.981451
[hold in-reg] w_data[21] -> _31558_/D : -19.981403
[hold in-reg] w_data[13] -> _33122_/D : -19.981237
[hold in-reg] w_data[10] -> _32287_/D : -19.981155
[hold in-reg] w_data[21] -> _32298_/D : -19.980980
[hold in-reg] w_data[21] -> _31398_/D : -19.980932
[hold in-reg] w_data[10] -> _31734_/D : -19.980856
[hold in-reg] w_data[10] -> _31419_/D : -19.980776
[hold in-reg] w_data[13] -> _34134_/D : -19.980503
[hold in-reg] w_data[21] -> _31430_/D : -19.980345
[hold in-reg] w_data[29] -> _33138_/D : -19.980146
[hold in-reg] w_data[22] -> _34111_/D : -19.979549
[hold in-reg] w_data[13] -> _33622_/D : -19.979187
[hold in-reg] w_data[29] -> _33606_/D : -19.979122
[hold in-reg] w_data[13] -> _33686_/D : -19.978689
[hold in-reg] w_data[29] -> _33106_/D : -19.978277
[hold in-reg] w_data[13] -> _33654_/D : -19.978142
[hold in-reg] w_data[29] -> _33170_/D : -19.978001
[hold in-reg] w_data[13] -> _34230_/D : -19.977913
[hold in-reg] w_data[1] -> _33610_/D : -19.976810
[hold in-reg] w_data[22] -> _30663_/D : -19.976761
[hold in-reg] w_data[23] -> _31496_/D : -19.976740
[hold in-reg] w_data[16] -> _31457_/D : -19.976477
[hold in-reg] w_data[16] -> _31169_/D : -19.976242
[hold in-reg] w_data[1] -> _33674_/D : -19.976202
[hold in-reg] w_data[22] -> _33983_/D : -19.976156
[hold in-reg] w_data[1] -> _33642_/D : -19.975950
[hold in-reg] w_data[11] -> _33460_/D : -19.975580
[hold in-reg] w_data[18] -> _30563_/D : -19.974947
[hold in-reg] w_data[1] -> _33706_/D : -19.974487
[hold in-reg] w_data[10] -> _31798_/D : -19.974331
[hold in-reg] w_data[10] -> _31355_/D : -19.974213
[hold in-reg] w_data[1] -> _32918_/D : -19.974089
[hold in-reg] w_data[1] -> _33802_/D : -19.973860
[hold in-reg] w_data[10] -> _33427_/D : -19.973766
[hold in-reg] w_data[10] -> _31620_/D : -19.973715
[hold in-reg] w_data[1] -> _33770_/D : -19.973694
[hold in-reg] w_data[13] -> _33558_/D : -19.973667
[hold in-reg] w_data[13] -> _33494_/D : -19.973480
[hold in-reg] w_data[13] -> _33526_/D : -19.973450
[hold in-reg] w_data[13] -> _33398_/D : -19.973389
[hold in-reg] w_data[10] -> _32095_/D : -19.973171
[hold in-reg] w_data[14] -> _33399_/D : -19.973068
[hold in-reg] w_data[10] -> _33299_/D : -19.972935
[hold in-reg] w_data[21] -> _33310_/D : -19.972887
[hold in-reg] w_data[29] -> _33510_/D : -19.972897
[hold in-reg] w_data[29] -> _33542_/D : -19.972652
[hold in-reg] w_data[21] -> _33438_/D : -19.972553
[hold in-reg] w_data[29] -> _33574_/D : -19.972467
[hold in-reg] w_data[22] -> _31207_/D : -19.972099
[hold in-reg] w_data[22] -> _34143_/D : -19.970457
[hold in-reg] w_data[29] -> _33638_/D : -19.970282
[hold in-reg] w_data[29] -> _33414_/D : -19.969975
[hold in-reg] w_data[13] -> _33718_/D : -19.969936
[hold in-reg] w_data[29] -> _33670_/D : -19.969801
[hold in-reg] w_data[29] -> _33734_/D : -19.969770
[hold in-reg] w_data[13] -> _33814_/D : -19.969727
[hold in-reg] w_data[13] -> _33782_/D : -19.969540
[hold in-reg] w_data[22] -> _34207_/D : -19.969336
[hold in-reg] w_data[13] -> _32930_/D : -19.969309
[hold in-reg] w_data[22] -> _33195_/D : -19.969315
[hold in-reg] w_data[22] -> _34175_/D : -19.969154
[hold in-reg] w_data[29] -> _34118_/D : -19.969131
[hold in-reg] w_data[29] -> _33702_/D : -19.968851
[hold in-reg] w_data[29] -> _32946_/D : -19.968302
[hold in-reg] w_data[14] -> _34103_/D : -19.968044
[hold in-reg] w_data[11] -> _33492_/D : -19.967779
[hold in-reg] w_data[6] -> _30711_/D : -19.967714
[hold in-reg] w_data[22] -> _34271_/D : -19.967112
[hold in-reg] w_data[29] -> _33830_/D : -19.967075
[hold in-reg] w_data[11] -> _33556_/D : -19.967014
[hold in-reg] w_data[22] -> _34239_/D : -19.966984
[hold in-reg] w_data[11] -> _33524_/D : -19.966921
[hold in-reg] w_data[29] -> _33798_/D : -19.966602
[hold in-reg] w_data[22] -> _33887_/D : -19.966312
[hold in-reg] w_data[22] -> _33919_/D : -19.965914
[hold in-reg] w_data[22] -> _33855_/D : -19.965639
[hold in-reg] w_data[6] -> _30775_/D : -19.964766
[hold in-reg] w_data[1] -> _34250_/D : -19.964365
[hold in-reg] w_data[22] -> _34335_/D : -19.964304
[hold in-reg] w_data[11] -> _33588_/D : -19.963840
[hold in-reg] w_data[28] -> _34117_/D : -19.963087
[hold in-reg] w_data[14] -> _33719_/D : -19.961916
[hold in-reg] w_data[14] -> _32931_/D : -19.960831
[hold in-reg] w_data[29] -> _34150_/D : -19.960381
[hold in-reg] w_data[14] -> _33815_/D : -19.960196
[hold in-reg] w_data[14] -> _33783_/D : -19.959929
[hold in-reg] w_data[0] -> _33705_/D : -19.959518
[hold in-reg] w_data[0] -> _33865_/D : -19.958960
[hold in-reg] w_data[14] -> _33655_/D : -19.958927
[hold in-reg] w_data[14] -> _34135_/D : -19.958858
[hold in-reg] w_data[15] -> _32004_/D : -19.958427
[hold in-reg] w_data[15] -> _31972_/D : -19.958233
[hold in-reg] w_data[0] -> _32917_/D : -19.958080
[hold in-reg] w_data[22] -> _33951_/D : -19.957787
[hold in-reg] w_data[0] -> _33833_/D : -19.957747
[hold in-reg] w_data[0] -> _33801_/D : -19.957687
[hold in-reg] w_data[22] -> _34015_/D : -19.957487
[hold in-reg] w_data[0] -> _33769_/D : -19.957378
[hold in-reg] w_data[22] -> _34303_/D : -19.956404
[hold in-reg] w_data[0] -> _33961_/D : -19.956236
[hold in-reg] w_data[14] -> _34199_/D : -19.956001
[hold in-reg] w_data[22] -> _32907_/D : -19.955750
[hold in-reg] w_data[14] -> _34167_/D : -19.955606
[hold in-reg] w_data[0] -> _34153_/D : -19.955547
[hold in-reg] w_data[22] -> _34047_/D : -19.955490
[hold in-reg] w_data[29] -> _34214_/D : -19.955484
[hold in-reg] w_data[14] -> _34263_/D : -19.955221
[hold in-reg] w_data[29] -> _34182_/D : -19.955086
[hold in-reg] w_data[28] -> _34149_/D : -19.954575
[hold in-reg] w_data[29] -> _34246_/D : -19.954506
[hold in-reg] w_data[11] -> _33620_/D : -19.953962
[hold in-reg] w_data[28] -> _34213_/D : -19.953901
[hold in-reg] w_data[28] -> _34181_/D : -19.953819
[hold in-reg] w_data[0] -> _34281_/D : -19.953815
[hold in-reg] w_data[11] -> _33652_/D : -19.953541
[hold in-reg] w_data[29] -> _34342_/D : -19.953527
[hold in-reg] w_data[0] -> _34313_/D : -19.953487
[hold in-reg] w_data[28] -> _34245_/D : -19.953396
[hold in-reg] w_data[14] -> _34231_/D : -19.953337
[hold in-reg] w_data[29] -> _34278_/D : -19.953217
[hold in-reg] w_data[29] -> _34310_/D : -19.952885
[hold in-reg] w_data[5] -> _31094_/D : -19.952717
[hold in-reg] w_data[28] -> _34309_/D : -19.952543
[hold in-reg] w_data[11] -> _33684_/D : -19.952507
[hold in-reg] w_data[28] -> _34277_/D : -19.952402
[hold in-reg] w_data[5] -> _31866_/D : -19.951908
[hold in-reg] w_data[14] -> _34295_/D : -19.950869
[hold in-reg] w_data[14] -> _33847_/D : -19.948950
[hold in-reg] w_data[0] -> _32885_/D : -19.948511
[hold in-reg] w_data[0] -> _34025_/D : -19.948376
[hold in-reg] w_data[16] -> _31105_/D : -19.948231
[hold in-reg] w_data[14] -> _33591_/D : -19.948200
[hold in-reg] w_data[16] -> _31740_/D : -19.948044
[hold in-reg] w_data[16] -> _31073_/D : -19.947771
[hold in-reg] w_data[16] -> _31553_/D : -19.947779
[hold in-reg] w_data[16] -> _31041_/D : -19.947641
[hold in-reg] w_data[16] -> _32709_/D : -19.947578
[hold in-reg] w_data[16] -> _31393_/D : -19.947504
[hold in-reg] w_data[0] -> _33993_/D : -19.947414
[hold in-reg] w_data[16] -> _32293_/D : -19.947216
[hold in-reg] w_data[16] -> _31425_/D : -19.946722
[hold in-reg] w_data[14] -> _33879_/D : -19.945787
[hold in-reg] w_data[14] -> _33911_/D : -19.944942
[hold in-reg] w_data[14] -> _33975_/D : -19.944937
[hold in-reg] w_inc -> _33256_/D : -19.942451
[hold in-reg] w_data[12] -> _32129_/D : -19.942175
[hold in-reg] w_data[29] -> _32914_/D : -19.940687
[hold in-reg] w_data[12] -> _30941_/D : -19.940428
[hold in-reg] w_data[29] -> _34054_/D : -19.940290
[hold in-reg] w_data[22] -> _31015_/D : -19.939556
[hold in-reg] w_data[16] -> _30241_/D : -19.939222
[hold in-reg] w_data[14] -> _33623_/D : -19.939047
[hold in-reg] w_data[16] -> _33305_/D : -19.938749
[hold in-reg] w_data[16] -> _33433_/D : -19.938669
[hold in-reg] w_data[14] -> _34039_/D : -19.938637
[hold in-reg] w_data[14] -> _33687_/D : -19.938362
[hold in-reg] w_data[0] -> _30641_/D : -19.937893
[hold in-reg] w_data[0] -> _30993_/D : -19.937452
[hold in-reg] w_data[14] -> _32899_/D : -19.937241
[hold in-reg] w_data[14] -> _34007_/D : -19.936672
[hold in-reg] w_data[0] -> _31217_/D : -19.936146
[hold in-reg] w_data[14] -> _34327_/D : -19.935566
[hold in-reg] w_data[4] -> _31061_/D : -19.934919
[hold in-reg] w_data[0] -> _31313_/D : -19.933727
[hold in-reg] w_data[6] -> _31689_/D : -19.932974
[hold in-reg] w_data[30] -> _33991_/D : -19.932983
[hold in-reg] w_data[6] -> _30551_/D : -19.932922
[hold in-reg] w_data[22] -> _31271_/D : -19.932177
[hold in-reg] w_data[12] -> _32001_/D : -19.931969
[hold in-reg] w_data[18] -> _31491_/D : -19.931887
[hold in-reg] w_data[22] -> _31335_/D : -19.931204
[hold in-reg] w_data[0] -> _31249_/D : -19.931156
[hold in-reg] w_data[30] -> _33863_/D : -19.931063
[hold in-reg] w_data[0] -> _31185_/D : -19.931038
[hold in-reg] w_data[22] -> _32971_/D : -19.930325
[hold in-reg] w_data[0] -> _33173_/D : -19.930313
[hold in-reg] w_data[30] -> _33895_/D : -19.929800
[hold in-reg] w_data[14] -> _33943_/D : -19.929722
[hold in-reg] w_data[25] -> _32142_/D : -19.929510
[hold in-reg] w_data[0] -> _32949_/D : -19.929054
[hold in-reg] w_data[30] -> _33927_/D : -19.928965
[hold in-reg] w_data[18] -> _30435_/D : -19.928539
[hold in-reg] w_data[12] -> _31969_/D : -19.928076
[hold in-reg] w_data[3] -> _31188_/D : -19.926050
[hold in-reg] w_data[3] -> _32952_/D : -19.926060
[hold in-reg] w_data[14] -> _31327_/D : -19.925213
[hold in-reg] w_data[14] -> _30655_/D : -19.924141
[hold in-reg] w_data[14] -> _31263_/D : -19.924076
[hold in-reg] w_data[14] -> _31231_/D : -19.923779
[hold in-reg] w_data[12] -> _30781_/D : -19.923677
[hold in-reg] w_data[30] -> _34023_/D : -19.923197
[hold in-reg] w_data[18] -> _30211_/D : -19.923050
[hold in-reg] w_data[30] -> _33959_/D : -19.921705
[hold in-reg] w_data[12] -> _30717_/D : -19.921354
[hold in-reg] w_data[18] -> _30275_/D : -19.921228
[hold in-reg] w_data[14] -> _31007_/D : -19.920727
[hold in-reg] w_data[30] -> _31343_/D : -19.920174
[hold in-reg] w_data[12] -> _32033_/D : -19.920092
[hold in-reg] w_data[30] -> _30671_/D : -19.919405
[hold in-reg] w_data[18] -> _31523_/D : -19.918940
[hold in-reg] w_data[30] -> _31247_/D : -19.918762
[hold in-reg] w_data[30] -> _31279_/D : -19.918753
[hold in-reg] w_data[23] -> _32236_/D : -19.917522
[hold in-reg] w_data[23] -> _30376_/D : -19.917494
[hold in-reg] w_data[23] -> _32076_/D : -19.916519
[hold in-reg] w_data[23] -> _31560_/D : -19.916492
[hold in-reg] w_data[23] -> _31747_/D : -19.916386
[hold in-reg] w_data[18] -> _30179_/D : -19.916258
[hold in-reg] w_data[30] -> _32979_/D : -19.915541
[hold in-reg] w_data[23] -> _32716_/D : -19.915394
[hold in-reg] w_data[23] -> _32300_/D : -19.915058
[hold in-reg] w_data[14] -> _31199_/D : -19.913160
[hold in-reg] w_data[14] -> _33187_/D : -19.912697
[hold in-reg] w_data[14] -> _32963_/D : -19.912409
[hold in-reg] w_data[5] -> _32218_/D : -19.910027
[hold in-reg] w_data[5] -> _30358_/D : -19.909883
[hold in-reg] w_data[23] -> _32108_/D : -19.908535
[hold in-reg] w_data[23] -> _31633_/D : -19.908434
[hold in-reg] w_data[23] -> _31811_/D : -19.908434
[hold in-reg] w_data[23] -> _31368_/D : -19.908373
[hold in-reg] w_data[23] -> _33440_/D : -19.907148
[hold in-reg] w_data[23] -> _33312_/D : -19.906839
[hold in-reg] w_data[6] -> _31479_/D : -19.903128
[hold in-reg] w_data[18] -> _31427_/D : -19.902815
[hold in-reg] w_data[18] -> _32295_/D : -19.902630
[hold in-reg] w_data[18] -> _31395_/D : -19.902561
[hold in-reg] w_data[5] -> _32090_/D : -19.901386
[hold in-reg] w_data[5] -> _31793_/D : -19.901033
[hold in-reg] w_data[4] -> _31093_/D : -19.899071
[hold in-reg] w_data[3] -> _30996_/D : -19.898626
[hold in-reg] w_data[4] -> _31865_/D : -19.898571
[hold in-reg] w_data[4] -> _31029_/D : -19.898529
[hold in-reg] w_data[4] -> _30997_/D : -19.897411
[hold in-reg] w_data[3] -> _31864_/D : -19.897346
[hold in-reg] w_data[6] -> _30199_/D : -19.896858
[hold in-reg] w_data[0] -> _31861_/D : -19.896820
[hold in-reg] w_data[2] -> _30995_/D : -19.895414
[hold in-reg] w_data[5] -> _31030_/D : -19.894577
[hold in-reg] w_data[3] -> _31028_/D : -19.894453
[hold in-reg] w_data[18] -> _33307_/D : -19.894053
[hold in-reg] w_data[5] -> _31062_/D : -19.893845
[hold in-reg] w_data[2] -> _31187_/D : -19.890360
[hold in-reg] w_data[4] -> _30229_/D : -19.890047
[hold in-reg] w_data[3] -> _31220_/D : -19.889530
[hold in-reg] w_data[4] -> _31833_/D : -19.889151
[hold in-reg] w_data[2] -> _33175_/D : -19.888952
[hold in-reg] w_data[4] -> _31157_/D : -19.888805
[hold in-reg] w_data[4] -> _32953_/D : -19.888639
[hold in-reg] w_data[4] -> _31445_/D : -19.888432
[hold in-reg] w_data[23] -> _33164_/D : -19.888426
[hold in-reg] w_data[23] -> _33472_/D : -19.888258
[hold in-reg] w_data[4] -> _33177_/D : -19.888062
[hold in-reg] w_data[4] -> _31189_/D : -19.887850
[hold in-reg] w_data[2] -> _31251_/D : -19.887321
[hold in-reg] w_data[2] -> _32951_/D : -19.887192
[hold in-reg] w_data[3] -> _31156_/D : -19.887146
[hold in-reg] w_data[2] -> _31315_/D : -19.887043
[hold in-reg] w_data[2] -> _30643_/D : -19.886999
[hold in-reg] w_data[23] -> _33600_/D : -19.886734
[hold in-reg] w_data[5] -> _31158_/D : -19.886375
[hold in-reg] w_data[5] -> _31446_/D : -19.886272
[hold in-reg] w_data[23] -> _33132_/D : -19.886219
[hold in-reg] w_data[5] -> _30230_/D : -19.886084
[hold in-reg] w_data[5] -> _31834_/D : -19.886091
[hold in-reg] w_data[23] -> _33100_/D : -19.886103
[hold in-reg] w_data[3] -> _30228_/D : -19.884897
[hold in-reg] w_data[2] -> _31831_/D : -19.883312
[hold in-reg] w_data[25] -> _30570_/D : -19.883141
[hold in-reg] w_data[6] -> _30935_/D : -19.882042
[hold in-reg] w_data[2] -> _31219_/D : -19.881969
[hold in-reg] w_data[21] -> _31110_/D : -19.880665
[hold in-reg] w_data[3] -> _31060_/D : -19.879143
[hold in-reg] w_data[21] -> _31078_/D : -19.879017
[hold in-reg] w_data[3] -> _31092_/D : -19.878922
[hold in-reg] w_data[21] -> _31046_/D : -19.878872
[hold in-reg] w_data[12] -> _33589_/D : -19.878572
[hold in-reg] w_data[23] -> _33632_/D : -19.878338
[hold in-reg] w_data[23] -> _33568_/D : -19.877867
[hold in-reg] w_data[23] -> _33536_/D : -19.877823
[hold in-reg] w_data[23] -> _33408_/D : -19.877752
[hold in-reg] w_data[23] -> _33664_/D : -19.877237
[hold in-reg] w_data[23] -> _33696_/D : -19.877148
[hold in-reg] w_data[23] -> _33728_/D : -19.876467
[hold in-reg] w_data[23] -> _33792_/D : -19.873606
[hold in-reg] w_data[23] -> _32940_/D : -19.873394
[hold in-reg] w_data[23] -> _33824_/D : -19.873369
[hold in-reg] w_data[23] -> _33504_/D : -19.870811
[hold in-reg] w_data[25] -> _30442_/D : -19.870741
[hold in-reg] w_data[21] -> _30246_/D : -19.870657
[hold in-reg] w_data[25] -> _31530_/D : -19.864443
[hold in-reg] w_data[10] -> _31099_/D : -19.864307
[hold in-reg] w_data[23] -> _33856_/D : -19.863693
[hold in-reg] w_data[23] -> _33888_/D : -19.863171
[hold in-reg] w_data[23] -> _33920_/D : -19.863152
[hold in-reg] w_data[0] -> _31153_/D : -19.862953
[hold in-reg] w_data[0] -> _31829_/D : -19.862967
[hold in-reg] w_data[0] -> _31441_/D : -19.862841
[hold in-reg] w_data[23] -> _33984_/D : -19.862541
[hold in-reg] w_data[23] -> _34112_/D : -19.862549
[hold in-reg] w_data[12] -> _33621_/D : -19.861433
[hold in-reg] w_data[20] -> _33981_/D : -19.856066
[hold in-reg] w_data[12] -> _33685_/D : -19.855307
[hold in-reg] w_data[23] -> _34240_/D : -19.855310
[hold in-reg] w_data[23] -> _32908_/D : -19.854984
[hold in-reg] w_data[23] -> _34304_/D : -19.854809
[hold in-reg] w_data[22] -> _31883_/D : -19.854755
[hold in-reg] w_data[23] -> _34144_/D : -19.854773
[hold in-reg] w_data[20] -> _33853_/D : -19.854734
[hold in-reg] w_data[10] -> _31035_/D : -19.854612
[hold in-reg] w_data[23] -> _34048_/D : -19.854563
[hold in-reg] w_data[23] -> _33952_/D : -19.854294
[hold in-reg] w_data[23] -> _34016_/D : -19.854126
[hold in-reg] w_data[23] -> _34208_/D : -19.854115
[hold in-reg] w_data[14] -> _31875_/D : -19.854027
[hold in-reg] w_data[12] -> _33653_/D : -19.853933
[hold in-reg] w_data[23] -> _34272_/D : -19.853872
[hold in-reg] w_data[20] -> _33917_/D : -19.853813
[hold in-reg] w_data[14] -> _31103_/D : -19.853733
[hold in-reg] w_data[23] -> _34336_/D : -19.853661
[hold in-reg] w_data[23] -> _34176_/D : -19.853416
[hold in-reg] w_data[22] -> _31111_/D : -19.853289
[hold in-reg] w_data[22] -> _31079_/D : -19.853142
[hold in-reg] w_data[14] -> _31071_/D : -19.853016
[hold in-reg] w_data[22] -> _31047_/D : -19.852587
[hold in-reg] w_data[12] -> _32929_/D : -19.852419
[hold in-reg] w_data[12] -> _33781_/D : -19.852169
[hold in-reg] w_data[0] -> _31057_/D : -19.851814
[hold in-reg] w_data[0] -> _31089_/D : -19.851797
[hold in-reg] w_data[12] -> _33813_/D : -19.851168
[hold in-reg] w_data[12] -> _33525_/D : -19.850645
[hold in-reg] w_data[12] -> _33493_/D : -19.850487
[hold in-reg] w_data[12] -> _33557_/D : -19.850475
[hold in-reg] w_data[15] -> _33124_/D : -19.849226
[hold in-reg] w_data[12] -> _33461_/D : -19.849045
[hold in-reg] w_data[21] -> _31704_/D : -19.848845
[hold in-reg] w_data[17] -> _30562_/D : -19.848562
[hold in-reg] w_data[25] -> _33102_/D : -19.848560
[hold in-reg] w_data[15] -> _33092_/D : -19.848530
[hold in-reg] w_data[20] -> _34045_/D : -19.848392
[hold in-reg] w_data[20] -> _34013_/D : -19.848177
[hold in-reg] w_data[31] -> _34120_/D : -19.847294
[hold in-reg] w_data[26] -> _33923_/D : -19.846758
[hold in-reg] w_data[12] -> _33717_/D : -19.846174
[hold in-reg] w_data[25] -> _33474_/D : -19.845743
[hold in-reg] w_data[15] -> _33464_/D : -19.845516
[hold in-reg] w_data[15] -> _33156_/D : -19.845470
[hold in-reg] w_data[20] -> _33949_/D : -19.845377
[hold in-reg] w_data[22] -> _31463_/D : -19.845318
[hold in-reg] w_data[22] -> _31175_/D : -19.845163
[hold in-reg] w_data[22] -> _31851_/D : -19.845137
[hold in-reg] w_data[22] -> _30247_/D : -19.844702
[hold in-reg] w_data[7] -> _34160_/D : -19.844282
[hold in-reg] w_data[15] -> _33592_/D : -19.843765
[hold in-reg] w_data[7] -> _34192_/D : -19.843596
[hold in-reg] w_data[25] -> _33506_/D : -19.843122
[hold in-reg] w_data[25] -> _30954_/D : -19.842707
[hold in-reg] w_data[12] -> _33877_/D : -19.841982
[hold in-reg] w_data[24] -> _34241_/D : -19.841749
[hold in-reg] w_data[25] -> _33166_/D : -19.840874
[hold in-reg] w_data[15] -> _33400_/D : -19.840582
[hold in-reg] w_data[24] -> _34273_/D : -19.840471
[hold in-reg] w_data[25] -> _33538_/D : -19.840050
[hold in-reg] w_data[25] -> _33410_/D : -19.839966
[hold in-reg] w_data[24] -> _34305_/D : -19.839909
[hold in-reg] w_data[21] -> _30566_/D : -19.839849
[hold in-reg] w_data[24] -> _34337_/D : -19.839813
[hold in-reg] w_data[25] -> _33570_/D : -19.839739
[hold in-reg] w_data[15] -> _33496_/D : -19.838646
[hold in-reg] w_data[15] -> _33624_/D : -19.838379
[hold in-reg] w_data[31] -> _34152_/D : -19.837933
[hold in-reg] w_data[12] -> _33121_/D : -19.837894
[hold in-reg] w_data[24] -> _34209_/D : -19.837570
[hold in-reg] w_data[24] -> _34177_/D : -19.837433
[hold in-reg] w_data[12] -> _33089_/D : -19.837334
[hold in-reg] w_data[31] -> _34184_/D : -19.837099
[hold in-reg] w_data[31] -> _34216_/D : -19.837046
[hold in-reg] w_data[17] -> _30946_/D : -19.836967
[hold in-reg] w_data[12] -> _33973_/D : -19.836855
[hold in-reg] w_data[25] -> _33134_/D : -19.836670
[hold in-reg] w_data[15] -> _33560_/D : -19.836506
[hold in-reg] w_data[15] -> _33528_/D : -19.836327
[hold in-reg] w_data[12] -> _34101_/D : -19.836164
[hold in-reg] w_data[25] -> _33602_/D : -19.835669
[hold in-reg] w_data[12] -> _33845_/D : -19.835190
[hold in-reg] w_data[12] -> _33909_/D : -19.834806
[hold in-reg] w_data[12] -> _33153_/D : -19.834755
[hold in-reg] w_data[26] -> _31339_/D : -19.834131
[hold in-reg] w_data[14] -> _31039_/D : -19.833214
[hold in-reg] w_data[26] -> _31275_/D : -19.833027
[hold in-reg] w_data[24] -> _34049_/D : -19.832506
[hold in-reg] w_data[27] -> _34116_/D : -19.832315
[hold in-reg] w_data[12] -> _33941_/D : -19.832195
[hold in-reg] w_data[24] -> _32909_/D : -19.831974
[hold in-reg] w_data[15] -> _33688_/D : -19.831499
[hold in-reg] w_data[26] -> _33199_/D : -19.831139
[hold in-reg] w_data[21] -> _30438_/D : -19.831068
[hold in-reg] w_data[19] -> _33980_/D : -19.830667
[hold in-reg] w_data[25] -> _33730_/D : -19.830589
[hold in-reg] w_data[25] -> _32942_/D : -19.830524
[hold in-reg] w_data[17] -> _30306_/D : -19.830034
[hold in-reg] w_data[25] -> _33794_/D : -19.829863
[hold in-reg] w_data[15] -> _33656_/D : -19.829344
[hold in-reg] w_data[19] -> _33852_/D : -19.829250
[hold in-reg] w_data[26] -> _31211_/D : -19.829042
[hold in-reg] w_data[12] -> _33397_/D : -19.829039
[hold in-reg] w_data[12] -> _34005_/D : -19.828909
[hold in-reg] w_data[25] -> _33826_/D : -19.828388
[hold in-reg] w_data[12] -> _34037_/D : -19.827497
[hold in-reg] w_data[15] -> _33720_/D : -19.827200
[hold in-reg] w_data[15] -> _33816_/D : -19.826855
[hold in-reg] w_data[25] -> _33634_/D : -19.826685
[hold in-reg] w_data[12] -> _34133_/D : -19.826572
[hold in-reg] w_data[12] -> _32897_/D : -19.826435
[hold in-reg] w_data[9] -> _34130_/D : -19.826334
[hold in-reg] w_data[15] -> _33784_/D : -19.826307
[hold in-reg] w_data[14] -> _31843_/D : -19.826239
[hold in-reg] w_data[14] -> _31167_/D : -19.825773
[hold in-reg] w_data[15] -> _32932_/D : -19.825558
[hold in-reg] w_data[14] -> _31455_/D : -19.825489
[hold in-reg] w_data[27] -> _34148_/D : -19.825481
[hold in-reg] w_data[14] -> _30239_/D : -19.825270
[hold in-reg] w_data[25] -> _33666_/D : -19.824842
[hold in-reg] w_data[25] -> _33698_/D : -19.824839
[hold in-reg] w_data[12] -> _34165_/D : -19.824444
[hold in-reg] w_data[12] -> _34197_/D : -19.824301
[hold in-reg] w_data[12] -> _31005_/D : -19.823586
[hold in-reg] w_data[17] -> _30786_/D : -19.823240
[hold in-reg] w_data[12] -> _34229_/D : -19.823139
[hold in-reg] w_data[19] -> _34044_/D : -19.823071
[hold in-reg] w_data[12] -> _34261_/D : -19.822771
[hold in-reg] w_data[21] -> _31526_/D : -19.822670
[hold in-reg] w_data[27] -> _34212_/D : -19.822659
[hold in-reg] w_data[27] -> _34180_/D : -19.822397
[hold in-reg] w_data[12] -> _34325_/D : -19.822119
[hold in-reg] w_data[19] -> _34012_/D : -19.821928
[hold in-reg] w_data[19] -> _32904_/D : -19.821901
[hold in-reg] w_data[25] -> _33858_/D : -19.821890
[hold in-reg] w_data[12] -> _34293_/D : -19.821524
[hold in-reg] w_data[12] -> _33185_/D : -19.820684
[hold in-reg] w_data[18] -> _33467_/D : -19.820017
[hold in-reg] w_data[18] -> _33159_/D : -19.819809
[hold in-reg] w_data[12] -> _31197_/D : -19.819427
[hold in-reg] w_data[25] -> _33922_/D : -19.819321
[hold in-reg] w_data[18] -> _33127_/D : -19.818886
[hold in-reg] w_data[12] -> _30653_/D : -19.818705
[hold in-reg] w_data[18] -> _33095_/D : -19.818598
[hold in-reg] w_data[19] -> _33948_/D : -19.817097
[hold in-reg] w_data[18] -> _33595_/D : -19.817005
[hold in-reg] w_data[12] -> _31261_/D : -19.815716
[hold in-reg] w_data[12] -> _31325_/D : -19.815685
[hold in-reg] w_data[1] -> _30994_/D : -19.815414
[hold in-reg] w_data[25] -> _33890_/D : -19.815142
[hold in-reg] w_data[25] -> _33986_/D : -19.815006
[hold in-reg] w_data[12] -> _32961_/D : -19.814899
[hold in-reg] w_data[18] -> _34107_/D : -19.814667
[hold in-reg] w_data[6] -> _34095_/D : -19.814585
[hold in-reg] w_data[15] -> _30944_/D : -19.813644
[hold in-reg] w_data[17] -> _30722_/D : -19.813570
[hold in-reg] w_data[12] -> _31229_/D : -19.813570
[hold in-reg] w_data[6] -> _33147_/D : -19.812334
[hold in-reg] w_data[1] -> _31186_/D : -19.811787
[hold in-reg] w_data[1] -> _31314_/D : -19.811420
[hold in-reg] w_data[25] -> _33954_/D : -19.811329
[hold in-reg] w_data[6] -> _33115_/D : -19.811304
[hold in-reg] w_data[6] -> _33583_/D : -19.811317
[hold in-reg] w_data[6] -> _33455_/D : -19.810949
[hold in-reg] w_data[6] -> _33083_/D : -19.810919
[hold in-reg] w_data[1] -> _33174_/D : -19.810411
[hold in-reg] w_data[25] -> _34242_/D : -19.810188
[hold in-reg] w_data[1] -> _31862_/D : -19.809923
[hold in-reg] w_data[18] -> _33403_/D : -19.809809
[hold in-reg] w_data[18] -> _33531_/D : -19.809795
[hold in-reg] w_data[18] -> _33563_/D : -19.809774
[hold in-reg] w_data[25] -> _34306_/D : -19.808840
[hold in-reg] w_data[8] -> _32125_/D : -19.808603
[hold in-reg] w_data[6] -> _33711_/D : -19.808483
[hold in-reg] w_data[1] -> _32950_/D : -19.808109
[hold in-reg] w_data[18] -> _33723_/D : -19.808043
[hold in-reg] w_data[8] -> _31997_/D : -19.807577
[hold in-reg] w_data[18] -> _33659_/D : -19.807577
[hold in-reg] w_data[18] -> _33787_/D : -19.807537
[hold in-reg] w_data[18] -> _33691_/D : -19.807468
[hold in-reg] w_data[18] -> _33819_/D : -19.807421
[hold in-reg] w_data[6] -> _33807_/D : -19.807142
[hold in-reg] w_data[1] -> _31250_/D : -19.807091
[hold in-reg] w_data[8] -> _31965_/D : -19.806988
[hold in-reg] w_data[25] -> _34018_/D : -19.806833
[hold in-reg] w_data[6] -> _33775_/D : -19.806721
[hold in-reg] w_data[22] -> _31705_/D : -19.806667
[hold in-reg] w_data[1] -> _31218_/D : -19.806456
[hold in-reg] w_data[18] -> _34203_/D : -19.805849
[hold in-reg] w_data[6] -> _32923_/D : -19.805742
[hold in-reg] w_data[18] -> _34139_/D : -19.805700
[hold in-reg] w_data[6] -> _34159_/D : -19.805647
[hold in-reg] w_data[25] -> _34114_/D : -19.805595
[hold in-reg] w_data[18] -> _34267_/D : -19.805338
[hold in-reg] w_data[6] -> _34223_/D : -19.805231
[hold in-reg] w_data[1] -> _30642_/D : -19.805166
[hold in-reg] w_data[18] -> _34331_/D : -19.804955
[hold in-reg] w_data[18] -> _34235_/D : -19.804840
[hold in-reg] w_data[18] -> _34171_/D : -19.804745
[hold in-reg] w_data[18] -> _34299_/D : -19.804668
[hold in-reg] w_data[6] -> _34319_/D : -19.804577
[hold in-reg] w_data[17] -> _32134_/D : -19.804253
[hold in-reg] w_data[6] -> _34287_/D : -19.803904
[hold in-reg] w_data[29] -> _31890_/D : -19.803801
[hold in-reg] w_data[25] -> _32910_/D : -19.803339
[hold in-reg] w_data[6] -> _33391_/D : -19.803284
[hold in-reg] w_data[6] -> _33487_/D : -19.803295
[hold in-reg] w_data[15] -> _30784_/D : -19.803230
[hold in-reg] w_data[18] -> _33499_/D : -19.803202
[hold in-reg] w_data[25] -> _34050_/D : -19.802887
[hold in-reg] w_data[6] -> _33551_/D : -19.802849
[hold in-reg] w_data[6] -> _33519_/D : -19.802660
[hold in-reg] w_data[29] -> _31022_/D : -19.802523
[hold in-reg] w_data[18] -> _33627_/D : -19.802227
[hold in-reg] w_data[6] -> _33679_/D : -19.802086
[hold in-reg] w_data[6] -> _34127_/D : -19.802097
[hold in-reg] w_data[6] -> _34255_/D : -19.801701
[hold in-reg] w_data[6] -> _33647_/D : -19.801487
[hold in-reg] w_data[6] -> _34191_/D : -19.801388
[hold in-reg] w_data[6] -> _33615_/D : -19.800329
[hold in-reg] w_data[15] -> _32132_/D : -19.799677
[hold in-reg] w_data[8] -> _32029_/D : -19.799305
[hold in-reg] w_data[29] -> _31118_/D : -19.799259
[hold in-reg] w_data[1] -> _31154_/D : -19.799040
[hold in-reg] w_data[11] -> _31260_/D : -19.798994
[hold in-reg] w_data[25] -> _31018_/D : -19.798954
[hold in-reg] w_data[29] -> _31086_/D : -19.798130
[hold in-reg] w_data[11] -> _31324_/D : -19.797625
[hold in-reg] w_data[25] -> _34338_/D : -19.797478
[hold in-reg] w_data[29] -> _31054_/D : -19.797400
[hold in-reg] w_data[25] -> _34274_/D : -19.797169
[hold in-reg] w_data[25] -> _34178_/D : -19.797117
[hold in-reg] w_data[25] -> _34210_/D : -19.797112
[hold in-reg] w_data[5] -> _33146_/D : -19.796648
[hold in-reg] w_data[0] -> _30929_/D : -19.796612
[hold in-reg] w_data[11] -> _31196_/D : -19.796560
[hold in-reg] w_data[25] -> _34146_/D : -19.796528
[hold in-reg] w_data[17] -> _32006_/D : -19.796267
[hold in-reg] w_data[5] -> _33454_/D : -19.796232
[hold in-reg] w_data[5] -> _33582_/D : -19.795877
[hold in-reg] w_data[17] -> _31974_/D : -19.795824
[hold in-reg] w_data[6] -> _33903_/D : -19.795765
[hold in-reg] w_data[25] -> _33198_/D : -19.795668
[hold in-reg] w_data[29] -> _33202_/D : -19.795530
[hold in-reg] w_data[12] -> _31069_/D : -19.795500
[hold in-reg] w_data[5] -> _33082_/D : -19.795506
[hold in-reg] w_data[25] -> _31210_/D : -19.795465
[hold in-reg] w_data[6] -> _33839_/D : -19.795475
[hold in-reg] w_data[18] -> _33851_/D : -19.795437
[hold in-reg] w_data[12] -> _31101_/D : -19.795307
[hold in-reg] w_data[18] -> _33915_/D : -19.795298
[hold in-reg] w_data[29] -> _31246_/D : -19.795244
[hold in-reg] w_data[6] -> _31223_/D : -19.795181
[hold in-reg] w_data[29] -> _31214_/D : -19.795141
[hold in-reg] w_data[6] -> _33967_/D : -19.795111
[hold in-reg] w_data[12] -> _31037_/D : -19.795057
[hold in-reg] w_data[11] -> _33184_/D : -19.794889
[hold in-reg] w_data[18] -> _33979_/D : -19.794752
[hold in-reg] w_data[25] -> _30666_/D : -19.794630
[hold in-reg] w_data[22] -> _30951_/D : -19.794624
[hold in-reg] w_data[6] -> _33871_/D : -19.794609
[hold in-reg] w_data[18] -> _33883_/D : -19.794596
[hold in-reg] w_data[22] -> _30439_/D : -19.794533
[hold in-reg] w_data[29] -> _32978_/D : -19.794392
[hold in-reg] w_data[0] -> _30545_/D : -19.794325
[hold in-reg] w_data[0] -> _31025_/D : -19.794184
[hold in-reg] w_data[6] -> _30647_/D : -19.794086
[hold in-reg] w_data[22] -> _30311_/D : -19.794060
[hold in-reg] w_data[0] -> _31473_/D : -19.794004
[hold in-reg] w_data[22] -> _30567_/D : -19.793896
[hold in-reg] w_data[29] -> _31858_/D : -19.793825
[hold in-reg] w_data[0] -> _30289_/D : -19.793791
[hold in-reg] w_data[15] -> _30720_/D : -19.793808
[hold in-reg] w_data[0] -> _31683_/D : -19.793589
[hold in-reg] w_data[6] -> _32955_/D : -19.793461
[hold in-reg] w_data[11] -> _31004_/D : -19.793440
[hold in-reg] w_data[15] -> _34232_/D : -19.793386
[hold in-reg] w_data[0] -> _30417_/D : -19.793344
[hold in-reg] w_data[0] -> _30769_/D : -19.793356
[hold in-reg] w_data[29] -> _31470_/D : -19.792572
[hold in-reg] w_data[29] -> _31182_/D : -19.792496
[hold in-reg] w_data[15] -> _32036_/D : -19.791132
[hold in-reg] w_data[25] -> _31338_/D : -19.790737
[hold in-reg] w_data[25] -> _31274_/D : -19.790640
[hold in-reg] w_data[0] -> _30193_/D : -19.790501
[hold in-reg] w_data[25] -> _32974_/D : -19.790442
[hold in-reg] w_data[11] -> _32960_/D : -19.790026
[hold in-reg] w_data[10] -> _32127_/D : -19.789812
[hold in-reg] w_data[18] -> _30659_/D : -19.789782
[hold in-reg] w_data[18] -> _31331_/D : -19.789387
[hold in-reg] w_data[21] -> _30310_/D : -19.789307
[hold in-reg] w_data[29] -> _30254_/D : -19.789076
[hold in-reg] w_data[0] -> _30161_/D : -19.788813
[hold in-reg] w_data[18] -> _31267_/D : -19.788647
[hold in-reg] w_data[15] -> _34328_/D : -19.788366
[hold in-reg] w_data[17] -> _32038_/D : -19.787899
[hold in-reg] w_data[25] -> _31242_/D : -19.787783
[hold in-reg] w_data[15] -> _34296_/D : -19.787632
[hold in-reg] w_data[15] -> _34104_/D : -19.787317
[hold in-reg] w_data[18] -> _34011_/D : -19.787216
[hold in-reg] w_data[12] -> _30237_/D : -19.786825
[hold in-reg] w_data[5] -> _33614_/D : -19.786734
[hold in-reg] w_data[5] -> _33390_/D : -19.786688
[hold in-reg] w_data[5] -> _33518_/D : -19.786631
[hold in-reg] w_data[5] -> _33550_/D : -19.786646
[hold in-reg] w_data[18] -> _33947_/D : -19.786627
[hold in-reg] w_data[21] -> _30790_/D : -19.786556
[hold in-reg] w_data[6] -> _33935_/D : -19.786533
[hold in-reg] w_data[6] -> _34031_/D : -19.786507
[hold in-reg] w_data[6] -> _33999_/D : -19.786205
[hold in-reg] w_data[6] -> _32891_/D : -19.786169
[hold in-reg] w_data[5] -> _33486_/D : -19.785995
[hold in-reg] w_data[0] -> _30705_/D : -19.785919
[hold in-reg] w_data[5] -> _33806_/D : -19.785933
[hold in-reg] w_data[22] -> _31527_/D : -19.785870
[hold in-reg] w_data[22] -> _30279_/D : -19.785826
[hold in-reg] w_data[5] -> _33646_/D : -19.785824
[hold in-reg] w_data[11] -> _31228_/D : -19.785709
[hold in-reg] w_data[11] -> _30652_/D : -19.785664
[hold in-reg] w_data[0] -> _32117_/D : -19.785557
[hold in-reg] w_data[21] -> _32138_/D : -19.785494
[hold in-reg] w_data[21] -> _30950_/D : -19.785437
[hold in-reg] w_data[14] -> _31697_/D : -19.785431
[hold in-reg] w_data[18] -> _32903_/D : -19.785406
[hold in-reg] w_data[5] -> _33678_/D : -19.785358
[hold in-reg] w_data[0] -> _30225_/D : -19.785292
[hold in-reg] w_data[0] -> _31505_/D : -19.785246
[hold in-reg] w_data[18] -> _34043_/D : -19.785042
[hold in-reg] w_data[0] -> _31989_/D : -19.784636
[hold in-reg] w_data[0] -> _31957_/D : -19.784492
[hold in-reg] w_data[21] -> _32010_/D : -19.784462
[hold in-reg] w_data[25] -> _32014_/D : -19.783806
[hold in-reg] w_data[25] -> _30794_/D : -19.783730
[hold in-reg] w_data[21] -> _31978_/D : -19.783701
[hold in-reg] w_data[25] -> _31982_/D : -19.783701
[hold in-reg] w_data[14] -> _30431_/D : -19.781710
[hold in-reg] w_data[11] -> _31840_/D : -19.780621
[hold in-reg] w_data[21] -> _30726_/D : -19.779305
[hold in-reg] w_data[15] -> _34136_/D : -19.778942
[hold in-reg] w_data[15] -> _34168_/D : -19.778597
[hold in-reg] w_data[15] -> _34264_/D : -19.778605
[hold in-reg] w_data[12] -> _31873_/D : -19.778507
[hold in-reg] w_data[10] -> _31999_/D : -19.778368
[hold in-reg] w_data[15] -> _34200_/D : -19.778303
[hold in-reg] w_data[25] -> _31082_/D : -19.777863
[hold in-reg] w_data[10] -> _31967_/D : -19.777777
[hold in-reg] w_data[0] -> _30257_/D : -19.776426
[hold in-reg] w_data[0] -> _32021_/D : -19.776443
[hold in-reg] w_data[21] -> _32042_/D : -19.776306
[hold in-reg] w_data[14] -> _31519_/D : -19.775448
[hold in-reg] w_data[25] -> _30730_/D : -19.775400
[hold in-reg] w_data[14] -> _31487_/D : -19.775387
[hold in-reg] w_data[14] -> _30943_/D : -19.775309
[hold in-reg] w_data[25] -> _32046_/D : -19.775309
[hold in-reg] w_data[14] -> _32131_/D : -19.775099
[hold in-reg] w_data[14] -> _30559_/D : -19.775066
[hold in-reg] w_data[15] -> _33848_/D : -19.774137
[hold in-reg] w_data[10] -> _32031_/D : -19.773958
[hold in-reg] w_data[14] -> _30303_/D : -19.772690
[hold in-reg] w_data[16] -> _33465_/D : -19.771856
[hold in-reg] w_data[25] -> _31114_/D : -19.770081
[hold in-reg] w_data[15] -> _33976_/D : -19.769720
[hold in-reg] w_data[14] -> _30207_/D : -19.769478
[hold in-reg] w_data[25] -> _31050_/D : -19.769222
[hold in-reg] w_data[12] -> _31453_/D : -19.769222
[hold in-reg] w_data[12] -> _31841_/D : -19.769119
[hold in-reg] w_data[12] -> _31165_/D : -19.769083
[hold in-reg] w_data[15] -> _34040_/D : -19.766817
[hold in-reg] w_data[14] -> _30175_/D : -19.766586
[hold in-reg] w_data[14] -> _30271_/D : -19.766531
[hold in-reg] w_data[15] -> _32900_/D : -19.766378
[hold in-reg] w_data[15] -> _34008_/D : -19.765884
[hold in-reg] w_data[16] -> _33497_/D : -19.762280
[hold in-reg] w_data[16] -> _33721_/D : -19.762079
[hold in-reg] w_data[12] -> _31695_/D : -19.761482
[hold in-reg] w_data[16] -> _33529_/D : -19.761473
[hold in-reg] w_data[16] -> _33561_/D : -19.761354
[hold in-reg] w_data[25] -> _30250_/D : -19.760738
[hold in-reg] w_data[15] -> _33880_/D : -19.759895
[hold in-reg] w_data[15] -> _33912_/D : -19.757536
[hold in-reg] w_data[12] -> _30429_/D : -19.753614
[hold in-reg] w_data[25] -> _31886_/D : -19.752787
[hold in-reg] w_data[12] -> _30301_/D : -19.749588
[hold in-reg] w_data[15] -> _33944_/D : -19.747339
[hold in-reg] w_data[21] -> _33598_/D : -19.745232
[hold in-reg] w_data[25] -> _31178_/D : -19.744097
[hold in-reg] w_data[25] -> _31854_/D : -19.743937
[hold in-reg] w_data[25] -> _31466_/D : -19.743908
[hold in-reg] w_data[15] -> _33188_/D : -19.743282
[hold in-reg] w_data[15] -> _31200_/D : -19.743048
[hold in-reg] w_data[16] -> _30657_/D : -19.741623
[hold in-reg] w_data[16] -> _31233_/D : -19.740911
[hold in-reg] w_data[16] -> _31265_/D : -19.740593
[hold in-reg] w_data[8] -> _33149_/D : -19.739799
[hold in-reg] w_data[8] -> _33457_/D : -19.739609
[hold in-reg] w_data[15] -> _31232_/D : -19.739132
[hold in-reg] w_data[15] -> _31264_/D : -19.738867
[hold in-reg] w_data[15] -> _30656_/D : -19.738838
[hold in-reg] w_data[15] -> _31328_/D : -19.738611
[hold in-reg] w_data[12] -> _30557_/D : -19.736837
[hold in-reg] w_data[12] -> _31485_/D : -19.736095
[hold in-reg] w_data[13] -> _34166_/D : -19.733364
[hold in-reg] w_data[21] -> _33630_/D : -19.733343
[hold in-reg] w_data[17] -> _33466_/D : -19.733297
[hold in-reg] w_data[13] -> _34198_/D : -19.733227
[hold in-reg] w_data[17] -> _33498_/D : -19.732937
[hold in-reg] w_data[21] -> _33662_/D : -19.732866
[hold in-reg] w_data[8] -> _33489_/D : -19.732347
[hold in-reg] w_data[13] -> _34294_/D : -19.732204
[hold in-reg] w_data[13] -> _33974_/D : -19.732170
[hold in-reg] w_data[13] -> _34262_/D : -19.731821
[hold in-reg] w_data[21] -> _33694_/D : -19.731367
[hold in-reg] w_data[13] -> _33878_/D : -19.730679
[hold in-reg] w_data[13] -> _34326_/D : -19.730619
[hold in-reg] w_data[17] -> _33158_/D : -19.729362
[hold in-reg] w_data[0] -> _33449_/D : -19.729288
[hold in-reg] w_data[0] -> _33141_/D : -19.729212
[hold in-reg] w_data[17] -> _33562_/D : -19.728781
[hold in-reg] w_data[0] -> _33109_/D : -19.728582
[hold in-reg] w_data[0] -> _33077_/D : -19.728342
[hold in-reg] w_data[8] -> _33553_/D : -19.728203
[hold in-reg] w_data[12] -> _30205_/D : -19.727776
[hold in-reg] w_data[12] -> _31517_/D : -19.727730
[hold in-reg] w_data[12] -> _30173_/D : -19.727558
[hold in-reg] w_data[12] -> _30269_/D : -19.727375
[hold in-reg] w_data[17] -> _33094_/D : -19.726973
[hold in-reg] w_data[8] -> _33085_/D : -19.726168
[hold in-reg] w_data[17] -> _33530_/D : -19.725784
[hold in-reg] w_data[8] -> _33521_/D : -19.725353
[hold in-reg] w_data[8] -> _33117_/D : -19.724321
[hold in-reg] w_data[25] -> _31708_/D : -19.723682
[hold in-reg] w_data[13] -> _34006_/D : -19.723423
[hold in-reg] w_data[17] -> _33126_/D : -19.723288
[hold in-reg] w_data[8] -> _33585_/D : -19.722929
[hold in-reg] w_data[15] -> _31072_/D : -19.722578
[hold in-reg] w_data[17] -> _33594_/D : -19.722477
[hold in-reg] w_data[8] -> _33713_/D : -19.721670
[hold in-reg] w_data[17] -> _33786_/D : -19.721457
[hold in-reg] w_data[17] -> _33722_/D : -19.721203
[hold in-reg] w_data[17] -> _33402_/D : -19.721170
[hold in-reg] w_data[0] -> _33577_/D : -19.721066
[hold in-reg] w_data[8] -> _33393_/D : -19.720926
[hold in-reg] w_data[17] -> _33818_/D : -19.720934
[hold in-reg] w_data[8] -> _32925_/D : -19.720573
[hold in-reg] w_data[10] -> _33151_/D : -19.720592
[hold in-reg] w_data[17] -> _32934_/D : -19.720333
[hold in-reg] w_data[15] -> _31104_/D : -19.719975
[hold in-reg] w_data[0] -> _33385_/D : -19.719885
[hold in-reg] w_data[15] -> _31040_/D : -19.719814
[hold in-reg] w_data[8] -> _33777_/D : -19.719822
[hold in-reg] w_data[10] -> _33119_/D : -19.719666
[hold in-reg] w_data[8] -> _33809_/D : -19.719635
[hold in-reg] w_data[10] -> _33087_/D : -19.719601
[hold in-reg] w_data[0] -> _33481_/D : -19.719505
[hold in-reg] w_data[10] -> _33459_/D : -19.719431
[hold in-reg] w_data[0] -> _33545_/D : -19.719049
[hold in-reg] w_data[0] -> _33513_/D : -19.718868
[hold in-reg] w_data[17] -> _34106_/D : -19.715813
[hold in-reg] w_data[8] -> _33841_/D : -19.715792
[hold in-reg] w_data[8] -> _33617_/D : -19.713976
[hold in-reg] w_data[8] -> _33681_/D : -19.713667
[hold in-reg] w_data[17] -> _33658_/D : -19.713629
[hold in-reg] w_data[8] -> _33649_/D : -19.713488
[hold in-reg] w_data[17] -> _33626_/D : -19.712933
[hold in-reg] w_data[17] -> _33690_/D : -19.712381
[hold in-reg] w_data[0] -> _33609_/D : -19.712276
[hold in-reg] w_data[0] -> _34089_/D : -19.712187
[hold in-reg] w_data[0] -> _33673_/D : -19.711924
[hold in-reg] w_data[21] -> _33726_/D : -19.711912
[hold in-reg] w_data[21] -> _33162_/D : -19.711712
[hold in-reg] w_data[8] -> _33969_/D : -19.711550
[hold in-reg] w_data[17] -> _33850_/D : -19.711487
[hold in-reg] w_data[15] -> _30240_/D : -19.711416
[hold in-reg] w_data[21] -> _33130_/D : -19.711256
[hold in-reg] w_data[0] -> _33641_/D : -19.711208
[hold in-reg] w_data[10] -> _33395_/D : -19.711128
[hold in-reg] w_data[14] -> _33463_/D : -19.710424
[hold in-reg] w_data[21] -> _34110_/D : -19.710123
[hold in-reg] w_data[17] -> _33978_/D : -19.709967
[hold in-reg] w_data[8] -> _34033_/D : -19.709948
[hold in-reg] w_data[25] -> _31498_/D : -19.709641
[hold in-reg] w_data[21] -> _32938_/D : -19.709648
[hold in-reg] w_data[8] -> _32893_/D : -19.709606
[hold in-reg] w_data[21] -> _33470_/D : -19.709557
[hold in-reg] w_data[21] -> _33822_/D : -19.709433
[hold in-reg] w_data[21] -> _33790_/D : -19.709370
[hold in-reg] w_data[17] -> _34042_/D : -19.708271
[hold in-reg] w_data[21] -> _33098_/D : -19.707415
[hold in-reg] w_data[17] -> _32902_/D : -19.707251
[hold in-reg] w_data[8] -> _33937_/D : -19.707249
[hold in-reg] w_data[8] -> _34225_/D : -19.706949
[hold in-reg] w_data[17] -> _33882_/D : -19.706499
[hold in-reg] w_data[21] -> _33566_/D : -19.706396
[hold in-reg] w_data[17] -> _34234_/D : -19.706280
[hold in-reg] w_data[8] -> _34289_/D : -19.706104
[hold in-reg] w_data[17] -> _34170_/D : -19.705862
[hold in-reg] w_data[17] -> _34266_/D : -19.705751
[hold in-reg] w_data[17] -> _34202_/D : -19.705717
[hold in-reg] w_data[15] -> _31008_/D : -19.705675
[hold in-reg] w_data[17] -> _34138_/D : -19.705383
[hold in-reg] w_data[8] -> _34321_/D : -19.705383
[hold in-reg] w_data[17] -> _33914_/D : -19.704981
[hold in-reg] w_data[17] -> _34330_/D : -19.704363
[hold in-reg] w_data[8] -> _34001_/D : -19.703836
[hold in-reg] w_data[10] -> _33491_/D : -19.703573
[hold in-reg] w_data[17] -> _34298_/D : -19.703434
[hold in-reg] w_data[15] -> _31876_/D : -19.703064
[hold in-reg] w_data[21] -> _33406_/D : -19.703062
[hold in-reg] w_data[8] -> _33905_/D : -19.702604
[hold in-reg] w_data[8] -> _33873_/D : -19.702538
[hold in-reg] w_data[17] -> _34010_/D : -19.702543
[hold in-reg] w_data[25] -> _30282_/D : -19.702291
[hold in-reg] w_data[25] -> _30314_/D : -19.701994
[hold in-reg] w_data[21] -> _33534_/D : -19.701824
[hold in-reg] w_data[17] -> _33946_/D : -19.701767
[hold in-reg] w_data[0] -> _34121_/D : -19.701225
[hold in-reg] w_data[21] -> _33502_/D : -19.700926
[hold in-reg] w_data[14] -> _33495_/D : -19.700871
[hold in-reg] w_data[0] -> _34217_/D : -19.700846
[hold in-reg] w_data[0] -> _34185_/D : -19.700554
[hold in-reg] w_data[25] -> _30218_/D : -19.700397
[hold in-reg] w_data[25] -> _30186_/D : -19.700344
[hold in-reg] w_data[14] -> _33527_/D : -19.700363
[hold in-reg] w_data[10] -> _33523_/D : -19.700336
[hold in-reg] w_data[10] -> _33555_/D : -19.700068
[hold in-reg] w_data[14] -> _33559_/D : -19.700075
[hold in-reg] w_data[21] -> _34142_/D : -19.699957
[hold in-reg] w_data[21] -> _32906_/D : -19.699852
[hold in-reg] w_data[0] -> _34249_/D : -19.699280
[hold in-reg] w_data[21] -> _34238_/D : -19.698860
[hold in-reg] w_data[8] -> _34097_/D : -19.698509
[hold in-reg] w_data[21] -> _34302_/D : -19.698328
[hold in-reg] w_data[21] -> _34046_/D : -19.697395
[hold in-reg] w_data[15] -> _32964_/D : -19.697289
[hold in-reg] w_data[10] -> _33587_/D : -19.696793
[hold in-reg] w_data[21] -> _34334_/D : -19.695759
[hold in-reg] w_data[21] -> _34270_/D : -19.695627
[hold in-reg] w_data[21] -> _34174_/D : -19.695581
[hold in-reg] w_data[21] -> _34206_/D : -19.695492
[hold in-reg] w_data[15] -> _31844_/D : -19.694618
[hold in-reg] w_data[15] -> _31456_/D : -19.694248
[hold in-reg] w_data[15] -> _31168_/D : -19.694113
[hold in-reg] w_data[8] -> _34129_/D : -19.690697
[hold in-reg] w_data[8] -> _34161_/D : -19.690207
[hold in-reg] w_data[8] -> _34193_/D : -19.690121
[hold in-reg] w_data[8] -> _34257_/D : -19.689701
[hold in-reg] w_data[17] -> _30658_/D : -19.689009
[hold in-reg] w_data[8] -> _31001_/D : -19.688810
[hold in-reg] w_data[8] -> _31193_/D : -19.688816
[hold in-reg] w_data[8] -> _33181_/D : -19.688744
[hold in-reg] w_data[10] -> _33715_/D : -19.688368
[hold in-reg] w_data[21] -> _33982_/D : -19.688316
[hold in-reg] w_data[17] -> _31202_/D : -19.688004
[hold in-reg] w_data[10] -> _33619_/D : -19.687815
[hold in-reg] w_data[21] -> _33854_/D : -19.687784
[hold in-reg] w_data[21] -> _33886_/D : -19.687632
[hold in-reg] w_data[8] -> _31225_/D : -19.687567
[hold in-reg] w_data[8] -> _30649_/D : -19.687391
[hold in-reg] w_data[10] -> _33683_/D : -19.687164
[hold in-reg] w_data[21] -> _33918_/D : -19.686975
[hold in-reg] w_data[10] -> _32927_/D : -19.686518
[hold in-reg] w_data[17] -> _31234_/D : -19.686426
[hold in-reg] w_data[17] -> _31010_/D : -19.686319
[hold in-reg] w_data[10] -> _33811_/D : -19.686268
[hold in-reg] w_data[10] -> _33779_/D : -19.685932
[hold in-reg] w_data[17] -> _33190_/D : -19.685446
[hold in-reg] w_data[17] -> _31330_/D : -19.685257
[hold in-reg] w_data[10] -> _33651_/D : -19.685238
[hold in-reg] w_data[10] -> _33843_/D : -19.684254
[hold in-reg] w_data[17] -> _31266_/D : -19.684095
[hold in-reg] w_data[0] -> _33897_/D : -19.684029
[hold in-reg] w_data[8] -> _31321_/D : -19.683434
[hold in-reg] w_data[8] -> _31257_/D : -19.682455
[hold in-reg] w_data[17] -> _31106_/D : -19.681936
[hold in-reg] w_data[10] -> _33971_/D : -19.681852
[hold in-reg] w_data[8] -> _32957_/D : -19.680323
[hold in-reg] w_data[21] -> _34014_/D : -19.680325
[hold in-reg] w_data[8] -> _31097_/D : -19.679480
[hold in-reg] w_data[21] -> _33950_/D : -19.678923
[hold in-reg] w_data[10] -> _34227_/D : -19.678604
[hold in-reg] w_data[17] -> _32966_/D : -19.678003
[hold in-reg] w_data[17] -> _31074_/D : -19.677937
[hold in-reg] w_data[21] -> _31334_/D : -19.676788
[hold in-reg] w_data[21] -> _31270_/D : -19.676704
[hold in-reg] w_data[10] -> _33875_/D : -19.676590
[hold in-reg] w_data[8] -> _31065_/D : -19.676367
[hold in-reg] w_data[10] -> _33907_/D : -19.676172
[hold in-reg] w_data[10] -> _34291_/D : -19.676161
[hold in-reg] w_data[0] -> _33929_/D : -19.675966
[hold in-reg] w_data[21] -> _31014_/D : -19.675533
[hold in-reg] w_data[10] -> _33939_/D : -19.675264
[hold in-reg] w_data[21] -> _30662_/D : -19.674356
[hold in-reg] w_data[15] -> _31698_/D : -19.673420
[hold in-reg] w_data[21] -> _31238_/D : -19.673002
[hold in-reg] w_data[21] -> _31206_/D : -19.671583
[hold in-reg] w_data[10] -> _34003_/D : -19.671555
[hold in-reg] w_data[21] -> _33194_/D : -19.671026
[hold in-reg] w_data[10] -> _34099_/D : -19.670488
[hold in-reg] w_data[15] -> _30432_/D : -19.669464
[hold in-reg] w_data[21] -> _31882_/D : -19.667562
[hold in-reg] w_data[21] -> _32970_/D : -19.666332
[hold in-reg] w_data[8] -> _30233_/D : -19.664772
[hold in-reg] w_data[10] -> _34035_/D : -19.664303
[hold in-reg] w_data[10] -> _32895_/D : -19.664251
[hold in-reg] w_data[10] -> _34131_/D : -19.662302
[hold in-reg] w_data[15] -> _31488_/D : -19.662182
[hold in-reg] w_data[10] -> _34163_/D : -19.661848
[hold in-reg] w_data[10] -> _34259_/D : -19.661764
[hold in-reg] w_data[10] -> _34195_/D : -19.661686
[hold in-reg] w_data[10] -> _34323_/D : -19.661074
[hold in-reg] w_data[15] -> _30560_/D : -19.660954
[hold in-reg] w_data[10] -> _31227_/D : -19.660942
[hold in-reg] w_data[10] -> _31003_/D : -19.660770
[hold in-reg] w_data[8] -> _31033_/D : -19.659618
[hold in-reg] w_data[10] -> _33183_/D : -19.658882
[hold in-reg] w_data[10] -> _30651_/D : -19.658689
[hold in-reg] w_data[10] -> _31195_/D : -19.658091
[hold in-reg] w_data[21] -> _31174_/D : -19.657761
[hold in-reg] w_data[8] -> _31691_/D : -19.655901
[hold in-reg] w_data[21] -> _31462_/D : -19.655863
[hold in-reg] w_data[17] -> _31042_/D : -19.655628
[hold in-reg] w_data[15] -> _30304_/D : -19.655485
[hold in-reg] w_data[15] -> _30208_/D : -19.653200
[hold in-reg] w_data[10] -> _31323_/D : -19.653212
[hold in-reg] w_data[10] -> _31259_/D : -19.653008
[hold in-reg] w_data[15] -> _30176_/D : -19.652840
[hold in-reg] w_data[15] -> _30272_/D : -19.652727
[hold in-reg] w_data[10] -> _32959_/D : -19.652338
[hold in-reg] w_data[15] -> _31520_/D : -19.652233
[hold in-reg] w_data[17] -> _31700_/D : -19.649815
[hold in-reg] w_data[8] -> _30425_/D : -19.648943
[hold in-reg] w_data[17] -> _30242_/D : -19.647202
[hold in-reg] w_data[8] -> _31869_/D : -19.644304
[hold in-reg] w_data[8] -> _31481_/D : -19.641882
[hold in-reg] w_data[8] -> _30297_/D : -19.641853
[hold in-reg] w_data[8] -> _30553_/D : -19.641012
[hold in-reg] w_data[17] -> _31878_/D : -19.639574
[hold in-reg] w_data[17] -> _31490_/D : -19.636511
[hold in-reg] w_data[8] -> _30937_/D : -19.635864
[hold in-reg] w_data[8] -> _30777_/D : -19.635729
[hold in-reg] w_data[8] -> _31449_/D : -19.634937
[hold in-reg] w_data[8] -> _31837_/D : -19.634806
[hold in-reg] w_data[8] -> _31161_/D : -19.634583
[hold in-reg] w_data[8] -> _30169_/D : -19.634029
[hold in-reg] w_data[8] -> _30201_/D : -19.633690
[hold in-reg] w_data[8] -> _30265_/D : -19.633064
[hold in-reg] w_data[8] -> _31513_/D : -19.632591
[hold in-reg] w_data[17] -> _30210_/D : -19.632133
[hold in-reg] w_data[17] -> _30434_/D : -19.631840
[hold in-reg] w_data[10] -> _31067_/D : -19.631245
[hold in-reg] w_data[17] -> _31846_/D : -19.631233
[hold in-reg] w_data[17] -> _31170_/D : -19.630627
[hold in-reg] w_data[17] -> _31458_/D : -19.630569
[hold in-reg] w_data[17] -> _30178_/D : -19.627485
[hold in-reg] w_data[17] -> _30274_/D : -19.627375
[hold in-reg] w_data[8] -> _30713_/D : -19.626995
[hold in-reg] w_data[21] -> _31494_/D : -19.624949
[hold in-reg] w_data[17] -> _31522_/D : -19.623724
[hold in-reg] w_data[10] -> _30235_/D : -19.622580
[hold in-reg] w_data[21] -> _31850_/D : -19.620428
[hold in-reg] w_data[21] -> _30214_/D : -19.616028
[hold in-reg] w_data[10] -> _31871_/D : -19.613987
[hold in-reg] w_data[21] -> _30182_/D : -19.607372
[hold in-reg] w_data[21] -> _30278_/D : -19.607271
[hold in-reg] w_data[10] -> _31693_/D : -19.607101
[hold in-reg] w_data[10] -> _31839_/D : -19.605646
[hold in-reg] w_data[10] -> _31451_/D : -19.605322
[hold in-reg] w_data[10] -> _31163_/D : -19.604887
[hold in-reg] w_data[10] -> _31483_/D : -19.601717
[hold in-reg] w_data[10] -> _30555_/D : -19.601318
[hold in-reg] w_data[10] -> _30427_/D : -19.600613
[hold in-reg] w_data[10] -> _30299_/D : -19.599108
[hold in-reg] w_data[10] -> _31515_/D : -19.593056
[hold in-reg] w_data[10] -> _30779_/D : -19.585194
[hold in-reg] w_data[10] -> _30939_/D : -19.585115
[hold in-reg] w_data[10] -> _30715_/D : -19.576994
[hold in-reg] w_data[10] -> _30203_/D : -19.563646
[hold in-reg] w_data[10] -> _30267_/D : -19.563631
[hold in-reg] w_data[10] -> _30171_/D : -19.563360
[setup reg-reg] _33238_/Q -> _33015_/D : -70.381454
[setup reg-reg] _33238_/Q -> _33038_/D : -70.373863
[setup reg-reg] _33238_/Q -> _33043_/D : -70.346863
[setup reg-reg] _33238_/Q -> _33019_/D : -70.346176
[setup reg-reg] _33238_/Q -> _33017_/D : -70.341942
[setup reg-reg] _33238_/Q -> _33029_/D : -70.336807
[setup reg-reg] _33238_/Q -> _33025_/D : -70.332649
[setup reg-reg] _33238_/Q -> _33033_/D : -70.309418
[setup reg-reg] _33238_/Q -> _33018_/D : -70.302368
[setup reg-reg] _33238_/Q -> _33016_/D : -70.300476
[setup reg-reg] _33238_/Q -> _33021_/D : -70.299881
[setup reg-reg] _33238_/Q -> _33030_/D : -70.298370
[setup reg-reg] _33238_/Q -> _33036_/D : -70.296730
[setup reg-reg] _33238_/Q -> _33031_/D : -70.293755
[setup reg-reg] _33238_/Q -> _33023_/D : -70.292755
[setup reg-reg] _33238_/Q -> _33022_/D : -70.289139
[setup reg-reg] _33238_/Q -> _33034_/D : -70.286179
[setup reg-reg] _33238_/Q -> _33027_/D : -70.279526
[setup reg-reg] _33238_/Q -> _33041_/D : -70.278328
[setup reg-reg] _33238_/Q -> _33024_/D : -70.272034
[setup reg-reg] _33238_/Q -> _33035_/D : -70.271965
[setup reg-reg] _33238_/Q -> _33037_/D : -70.264717
[setup reg-reg] _33238_/Q -> _33032_/D : -70.256409
[setup reg-reg] _33238_/Q -> _33014_/D : -70.252968
[setup reg-reg] _33238_/Q -> _33039_/D : -70.240364
[setup reg-reg] _33238_/Q -> _33026_/D : -70.216805
[setup reg-reg] _33238_/Q -> _33040_/D : -70.201805
[setup reg-reg] _33238_/Q -> _33028_/D : -70.181839
[setup reg-reg] _33238_/Q -> _33042_/D : -70.176674
[setup reg-reg] _33238_/Q -> _33020_/D : -70.144081
[setup reg-reg] _33238_/Q -> _33044_/D : -70.098122
[setup reg-reg] _33238_/Q -> _33013_/D : -69.987724
[setup reg-reg] _33237_/Q -> _33247_/D : -35.923920
[setup reg-reg] _33237_/Q -> _33239_/D : -34.501057
[setup reg-reg] _33237_/Q -> _33245_/D : -34.482285
[setup reg-reg] _33237_/Q -> _33243_/D : -34.344841
[setup reg-reg] _33237_/Q -> _33241_/D : -34.339367
[setup reg-reg] _33237_/Q -> _33244_/D : -34.325127
[setup reg-reg] _33237_/Q -> _33240_/D : -34.268005
[setup reg-reg] _33237_/Q -> _33242_/D : -34.096615
[setup reg-reg] _33237_/Q -> _33238_/D : -33.680309
[setup reg-out] _33246_/Q -> w_full : -32.303364
[setup reg-reg] _33237_/Q -> _33237_/D : -29.453978
[setup reg-reg] _33246_/Q -> _33246_/D : -12.128844
[setup reg-reg] _33246_/Q -> _30779_/D : -12.024291
[setup reg-reg] _33246_/Q -> _30777_/D : -12.003227
[setup reg-reg] _33246_/Q -> _30794_/D : -11.964176
[setup reg-reg] _33246_/Q -> _30314_/D : -11.962857
[setup reg-reg] _33246_/Q -> _30304_/D : -11.960321
[setup reg-reg] _33246_/Q -> _30301_/D : -11.942266
[setup reg-reg] _33246_/Q -> _30299_/D : -11.928262
[setup reg-reg] _33246_/Q -> _30297_/D : -11.914956
[setup reg-reg] _33246_/Q -> _30432_/D : -11.910271
[setup reg-reg] _33246_/Q -> _31485_/D : -11.906171
[setup reg-reg] _33246_/Q -> _31498_/D : -11.905698
[setup reg-reg] _33246_/Q -> _31488_/D : -11.905357
[setup reg-reg] _33246_/Q -> _30429_/D : -11.901978
[setup reg-reg] _33246_/Q -> _30557_/D : -11.900731
[setup reg-reg] _33246_/Q -> _30560_/D : -11.900589
[setup reg-reg] _33246_/Q -> _30784_/D : -11.895974
[setup reg-reg] _33246_/Q -> _30427_/D : -11.890141
[setup reg-reg] _33246_/Q -> _30939_/D : -11.884666
[setup reg-reg] _33246_/Q -> _30434_/D : -11.884261
[setup reg-reg] _33246_/Q -> _31483_/D : -11.876107
[setup reg-reg] _33246_/Q -> _30425_/D : -11.871723
[setup reg-reg] _33246_/Q -> _30555_/D : -11.871268
[setup reg-reg] _33246_/Q -> _31494_/D : -11.865407
[setup reg-reg] _33246_/Q -> _31490_/D : -11.865080
[setup reg-reg] _33246_/Q -> _31481_/D : -11.864614
[setup reg-reg] _33246_/Q -> _31453_/D : -11.863986
[setup reg-reg] _33246_/Q -> _31456_/D : -11.863801
[setup reg-reg] _33246_/Q -> _31466_/D : -11.863527
[setup reg-reg] _33246_/Q -> _30937_/D : -11.863463
[setup reg-reg] _33246_/Q -> _31458_/D : -11.863321
[setup reg-reg] _33246_/Q -> _31451_/D : -11.863307
[setup reg-reg] _33246_/Q -> _31449_/D : -11.863115
[setup reg-reg] _33246_/Q -> _33528_/D : -11.861260
[setup reg-reg] _33246_/Q -> _33523_/D : -11.860838
[setup reg-reg] _33246_/Q -> _30553_/D : -11.859154
[setup reg-reg] _33246_/Q -> _33525_/D : -11.857097
[setup reg-reg] _33246_/Q -> _33519_/D : -11.856546
[setup reg-reg] _33246_/Q -> _33538_/D : -11.855676
[setup reg-reg] _33246_/Q -> _33521_/D : -11.855157
[setup reg-reg] _33246_/Q -> _33534_/D : -11.854990
[setup reg-reg] _33246_/Q -> _33530_/D : -11.854532
[setup reg-reg] _33246_/Q -> _30781_/D : -11.851444
[setup reg-reg] _33246_/Q -> _33536_/D : -11.848844
[setup reg-reg] _33246_/Q -> _33531_/D : -11.848147
[setup reg-reg] _33246_/Q -> _33529_/D : -11.848130
[setup reg-reg] _33246_/Q -> _33518_/D : -11.846848
[setup reg-reg] _33246_/Q -> _33513_/D : -11.846496
[setup reg-reg] _33246_/Q -> _30205_/D : -11.846411
[setup reg-reg] _33246_/Q -> _33527_/D : -11.846112
[setup reg-reg] _33246_/Q -> _30208_/D : -11.846045
[setup reg-reg] _33246_/Q -> _30203_/D : -11.845728
[setup reg-reg] _33246_/Q -> _30218_/D : -11.845324
[setup reg-reg] _33246_/Q -> _31698_/D : -11.840506
[setup reg-reg] _33246_/Q -> _30186_/D : -11.840410
[setup reg-reg] _33246_/Q -> _30173_/D : -11.840129
[setup reg-reg] _33246_/Q -> _31708_/D : -11.839920
[setup reg-reg] _33246_/Q -> _30176_/D : -11.839603
[setup reg-reg] _33246_/Q -> _30171_/D : -11.839426
[setup reg-reg] _33246_/Q -> _30790_/D : -11.837770
[setup reg-reg] _33246_/Q -> _31517_/D : -11.837724
[setup reg-reg] _33246_/Q -> _31520_/D : -11.837557
[setup reg-reg] _33246_/Q -> _31101_/D : -11.834907
[setup reg-reg] _33246_/Q -> _31104_/D : -11.834889
[setup reg-reg] _33246_/Q -> _31114_/D : -11.834694
[setup reg-reg] _33246_/Q -> _30269_/D : -11.830977
[setup reg-reg] _33246_/Q -> _30272_/D : -11.830590
[setup reg-reg] _33246_/Q -> _30769_/D : -11.830413
[setup reg-reg] _33246_/Q -> _30267_/D : -11.829702
[setup reg-reg] _33246_/Q -> _30282_/D : -11.829081
[setup reg-reg] _33246_/Q -> _31695_/D : -11.828867
[setup reg-reg] _33246_/Q -> _34325_/D : -11.828875
[setup reg-reg] _33246_/Q -> _34338_/D : -11.828362
[setup reg-reg] _33246_/Q -> _33156_/D : -11.827897
[setup reg-reg] _33246_/Q -> _31462_/D : -11.827318
[setup reg-reg] _33246_/Q -> _34323_/D : -11.827325
[setup reg-reg] _33246_/Q -> _33464_/D : -11.827087
[setup reg-reg] _33246_/Q -> _31876_/D : -11.825599
[setup reg-reg] _33246_/Q -> _31873_/D : -11.825424
[setup reg-reg] _33246_/Q -> _31886_/D : -11.825051
[setup reg-reg] _33246_/Q -> _31871_/D : -11.824831
[setup reg-reg] _33246_/Q -> _31878_/D : -11.824636
[setup reg-reg] _33246_/Q -> _31869_/D : -11.824273
[setup reg-reg] _33246_/Q -> _33153_/D : -11.823229
[setup reg-reg] _33246_/Q -> _33166_/D : -11.823236
[setup reg-reg] _33246_/Q -> _33459_/D : -11.823215
[setup reg-reg] _33246_/Q -> _33149_/D : -11.822966
[setup reg-reg] _33246_/Q -> _33151_/D : -11.822824
[setup reg-reg] _33246_/Q -> _33455_/D : -11.822735
[setup reg-reg] _33246_/Q -> _33147_/D : -11.822685
[setup reg-reg] _33246_/Q -> _33474_/D : -11.822312
[setup reg-reg] _33246_/Q -> _33158_/D : -11.822220
[setup reg-reg] _33246_/Q -> _33461_/D : -11.822206
[setup reg-reg] _33246_/Q -> _33457_/D : -11.822121
[setup reg-reg] _33246_/Q -> _33466_/D : -11.821773
[setup reg-reg] _33246_/Q -> _34043_/D : -11.821097
[setup reg-reg] _33246_/Q -> _34050_/D : -11.820984
[setup reg-reg] _33246_/Q -> _34336_/D : -11.820980
[setup reg-reg] _33246_/Q -> _34035_/D : -11.820902
[setup reg-reg] _33246_/Q -> _34031_/D : -11.820806
[setup reg-reg] _33246_/Q -> _34048_/D : -11.820817
[setup reg-reg] _33246_/Q -> _34037_/D : -11.820803
[setup reg-reg] _33246_/Q -> _33470_/D : -11.820070
[setup reg-reg] _33246_/Q -> _30775_/D : -11.819822
[setup reg-reg] _33246_/Q -> _31693_/D : -11.818021
[setup reg-reg] _33246_/Q -> _34328_/D : -11.815218
[setup reg-reg] _33246_/Q -> _33141_/D : -11.814934
[setup reg-reg] _33246_/Q -> _33159_/D : -11.814813
[setup reg-reg] _33246_/Q -> _31097_/D : -11.814716
[setup reg-reg] _33246_/Q -> _33162_/D : -11.814724
[setup reg-reg] _33246_/Q -> _33164_/D : -11.814429
[setup reg-reg] _33246_/Q -> _34040_/D : -11.813501
[setup reg-reg] _33246_/Q -> _30786_/D : -11.813285
[setup reg-reg] _33246_/Q -> _33472_/D : -11.813125
[setup reg-reg] _33246_/Q -> _33465_/D : -11.813015
[setup reg-reg] _33246_/Q -> _33467_/D : -11.812791
[setup reg-reg] _33246_/Q -> _33449_/D : -11.812741
[setup reg-reg] _33246_/Q -> _33146_/D : -11.812638
[setup reg-reg] _33246_/Q -> _33454_/D : -11.812617
[setup reg-reg] _33246_/Q -> _33463_/D : -11.812329
[setup reg-reg] _33246_/Q -> _32014_/D : -11.810795
[setup reg-reg] _33246_/Q -> _34321_/D : -11.810773
[setup reg-reg] _33246_/Q -> _30182_/D : -11.809835
[setup reg-reg] _33246_/Q -> _34330_/D : -11.809228
[setup reg-reg] _33246_/Q -> _34334_/D : -11.808578
[setup reg-reg] _33246_/Q -> _31106_/D : -11.808396
[setup reg-reg] _33246_/Q -> _31515_/D : -11.807817
[setup reg-reg] _33246_/Q -> _30214_/D : -11.807562
[setup reg-reg] _33246_/Q -> _30201_/D : -11.806517
[setup reg-reg] _33246_/Q -> _31008_/D : -11.806378
[setup reg-reg] _33246_/Q -> _34033_/D : -11.805540
[setup reg-reg] _33246_/Q -> _34046_/D : -11.804463
[setup reg-reg] _33246_/Q -> _34042_/D : -11.804399
[setup reg-reg] _33246_/Q -> _32132_/D : -11.803654
[setup reg-reg] _33246_/Q -> _30210_/D : -11.802542
[setup reg-reg] _33246_/Q -> _31522_/D : -11.802481
[setup reg-reg] _33246_/Q -> _34319_/D : -11.801255
[setup reg-reg] _33246_/Q -> _31700_/D : -11.800950
[setup reg-reg] _33246_/Q -> _30178_/D : -11.800868
[setup reg-reg] _33246_/Q -> _34331_/D : -11.800818
[setup reg-reg] _33246_/Q -> _33845_/D : -11.800633
[setup reg-reg] _33246_/Q -> _30278_/D : -11.800438
[setup reg-reg] _33246_/Q -> _33839_/D : -11.800182
[setup reg-reg] _33246_/Q -> _30169_/D : -11.799788
[setup reg-reg] _33246_/Q -> _33856_/D : -11.799678
[setup reg-reg] _33246_/Q -> _31691_/D : -11.799159
[setup reg-reg] _33246_/Q -> _33854_/D : -11.799014
[setup reg-reg] _33246_/Q -> _33851_/D : -11.798484
[setup reg-reg] _33246_/Q -> _31513_/D : -11.798189
[setup reg-reg] _33246_/Q -> _33984_/D : -11.796207
[setup reg-reg] _33246_/Q -> _33967_/D : -11.795834
[setup reg-reg] _33246_/Q -> _33973_/D : -11.795610
[setup reg-reg] _33246_/Q -> _31069_/D : -11.794925
[setup reg-reg] _33246_/Q -> _31067_/D : -11.794704
[setup reg-reg] _33246_/Q -> _33848_/D : -11.794029
[setup reg-reg] _33246_/Q -> _33976_/D : -11.794036
[setup reg-reg] _33246_/Q -> _33982_/D : -11.793074
[setup reg-reg] _33246_/Q -> _33979_/D : -11.793002
[setup reg-reg] _33246_/Q -> _31072_/D : -11.792505
[setup reg-reg] _33246_/Q -> _33986_/D : -11.792423
[setup reg-reg] _33246_/Q -> _30274_/D : -11.791450
[setup reg-reg] _33246_/Q -> _30265_/D : -11.790899
[setup reg-reg] _33246_/Q -> _33858_/D : -11.790246
[setup reg-reg] _33246_/Q -> _33843_/D : -11.788671
[setup reg-reg] _33246_/Q -> _33971_/D : -11.787930
[setup reg-reg] _33246_/Q -> _33969_/D : -11.787574
[setup reg-reg] _33246_/Q -> _33841_/D : -11.787279
[setup reg-reg] _33246_/Q -> _31082_/D : -11.786874
[setup reg-reg] _33246_/Q -> _33850_/D : -11.786320
[setup reg-reg] _33246_/Q -> _31882_/D : -11.785542
[setup reg-reg] _33246_/Q -> _33978_/D : -11.785399
[setup reg-reg] _33246_/Q -> _30715_/D : -11.783122
[setup reg-reg] _33246_/Q -> _31065_/D : -11.778564
[setup reg-reg] _33246_/Q -> _31074_/D : -11.773186
[setup reg-reg] _33246_/Q -> _33592_/D : -11.771708
[setup reg-reg] _33246_/Q -> _33602_/D : -11.771452
[setup reg-reg] _33246_/Q -> _33585_/D : -11.771324
[setup reg-reg] _33246_/Q -> _33594_/D : -11.771189
[setup reg-reg] _33246_/Q -> _34114_/D : -11.769931
[setup reg-reg] _33246_/Q -> _32300_/D : -11.769463
[setup reg-reg] _33246_/Q -> _32293_/D : -11.769078
[setup reg-reg] _33246_/Q -> _34101_/D : -11.768741
[setup reg-reg] _33246_/Q -> _34104_/D : -11.768699
[setup reg-reg] _33246_/Q -> _34099_/D : -11.768361
[setup reg-reg] _33246_/Q -> _34097_/D : -11.768308
[setup reg-reg] _33246_/Q -> _33587_/D : -11.767540
[setup reg-reg] _33246_/Q -> _30954_/D : -11.767455
[setup reg-reg] _33246_/Q -> _32295_/D : -11.767220
[setup reg-reg] _33246_/Q -> _33124_/D : -11.767011
[setup reg-reg] _33246_/Q -> _33115_/D : -11.766500
[setup reg-reg] _33246_/Q -> _33119_/D : -11.766500
[setup reg-reg] _33246_/Q -> _33121_/D : -11.766226
[setup reg-reg] _33246_/Q -> _33134_/D : -11.766208
[setup reg-reg] _33246_/Q -> _33117_/D : -11.766009
[setup reg-reg] _33246_/Q -> _33126_/D : -11.765732
[setup reg-reg] _33246_/Q -> _33589_/D : -11.765611
[setup reg-reg] _33246_/Q -> _33598_/D : -11.764993
[setup reg-reg] _33246_/Q -> _33583_/D : -11.764826
[setup reg-reg] _33246_/Q -> _31005_/D : -11.764545
[setup reg-reg] _33246_/Q -> _31018_/D : -11.764122
[setup reg-reg] _33246_/Q -> _31001_/D : -11.763561
[setup reg-reg] _33246_/Q -> _31003_/D : -11.763547
[setup reg-reg] _33246_/Q -> _31010_/D : -11.762769
[setup reg-reg] _33246_/Q -> _30713_/D : -11.762456
[setup reg-reg] _33246_/Q -> _31014_/D : -11.762431
[setup reg-reg] _33246_/Q -> _30935_/D : -11.760942
[setup reg-reg] _33246_/Q -> _30442_/D : -11.759336
[setup reg-reg] _33246_/Q -> _33132_/D : -11.759298
[setup reg-reg] _33246_/Q -> _33127_/D : -11.758442
[setup reg-reg] _33246_/Q -> _33109_/D : -11.758395
[setup reg-reg] _33246_/Q -> _33595_/D : -11.758253
[setup reg-reg] _33246_/Q -> _33130_/D : -11.758090
[setup reg-reg] _33246_/Q -> _33600_/D : -11.755870
[setup reg-reg] _33246_/Q -> _33577_/D : -11.755617
[setup reg-reg] _33246_/Q -> _34112_/D : -11.755195
[setup reg-reg] _33246_/Q -> _30310_/D : -11.751887
[setup reg-reg] _33246_/Q -> _31841_/D : -11.751798
[setup reg-reg] _33246_/Q -> _31844_/D : -11.751393
[setup reg-reg] _33246_/Q -> _31854_/D : -11.751159
[setup reg-reg] _33246_/Q -> _31837_/D : -11.750867
[setup reg-reg] _33246_/Q -> _31839_/D : -11.750704
[setup reg-reg] _33246_/Q -> _34106_/D : -11.750661
[setup reg-reg] _33246_/Q -> _31846_/D : -11.750572
[setup reg-reg] _33246_/Q -> _33582_/D : -11.750530
[setup reg-reg] _33246_/Q -> _31850_/D : -11.750253
[setup reg-reg] _33246_/Q -> _30303_/D : -11.749279
[setup reg-reg] _33246_/Q -> _34293_/D : -11.748309
[setup reg-reg] _33246_/Q -> _34197_/D : -11.747755
[setup reg-reg] _33246_/Q -> _30289_/D : -11.747453
[setup reg-reg] _33246_/Q -> _30944_/D : -11.747275
[setup reg-reg] _33246_/Q -> _34210_/D : -11.747269
[setup reg-reg] _33246_/Q -> _30311_/D : -11.746678
[setup reg-reg] _33246_/Q -> _34200_/D : -11.746497
[setup reg-reg] _33246_/Q -> _34195_/D : -11.746081
[setup reg-reg] _33246_/Q -> _34193_/D : -11.745733
[setup reg-reg] _33246_/Q -> _34261_/D : -11.745410
[setup reg-reg] _33246_/Q -> _34274_/D : -11.744917
[setup reg-reg] _33246_/Q -> _34110_/D : -11.744788
[setup reg-reg] _33246_/Q -> _33685_/D : -11.744707
[setup reg-reg] _33246_/Q -> _33698_/D : -11.744685
[setup reg-reg] _33246_/Q -> _33688_/D : -11.744639
[setup reg-reg] _33246_/Q -> _33690_/D : -11.744491
[setup reg-reg] _33246_/Q -> _33681_/D : -11.744440
[setup reg-reg] _33246_/Q -> _34306_/D : -11.743793
[setup reg-reg] _33246_/Q -> _34264_/D : -11.743766
[setup reg-reg] _33246_/Q -> _34259_/D : -11.743503
[setup reg-reg] _33246_/Q -> _34257_/D : -11.743403
[setup reg-reg] _33246_/Q -> _34296_/D : -11.742074
[setup reg-reg] _33246_/Q -> _31982_/D : -11.741936
[setup reg-reg] _33246_/Q -> _33683_/D : -11.741357
[setup reg-reg] _33246_/Q -> _34095_/D : -11.741215
[setup reg-reg] _33246_/Q -> _32138_/D : -11.741115
[setup reg-reg] _33246_/Q -> _34304_/D : -11.740873
[setup reg-reg] _33246_/Q -> _32117_/D : -11.740764
[setup reg-reg] _33246_/Q -> _31479_/D : -11.740632
[setup reg-reg] _33246_/Q -> _34107_/D : -11.740383
[setup reg-reg] _33246_/Q -> _33871_/D : -11.740365
[setup reg-reg] _33246_/Q -> _33888_/D : -11.740227
[setup reg-reg] _33246_/Q -> _34089_/D : -11.739755
[setup reg-reg] _33246_/Q -> _34291_/D : -11.739488
[setup reg-reg] _33246_/Q -> _33873_/D : -11.739364
[setup reg-reg] _33246_/Q -> _33883_/D : -11.739282
[setup reg-reg] _33246_/Q -> _33886_/D : -11.739065
[setup reg-reg] _33246_/Q -> _33679_/D : -11.738543
[setup reg-reg] _33246_/Q -> _33880_/D : -11.738507
[setup reg-reg] _33246_/Q -> _33694_/D : -11.738007
[setup reg-reg] _33246_/Q -> _34289_/D : -11.737576
[setup reg-reg] _33246_/Q -> _34298_/D : -11.736845
[setup reg-reg] _33246_/Q -> _33890_/D : -11.735601
[setup reg-reg] _33246_/Q -> _33875_/D : -11.735441
[setup reg-reg] _33246_/Q -> _33999_/D : -11.735104
[setup reg-reg] _33246_/Q -> _32129_/D : -11.734969
[setup reg-reg] _33246_/Q -> _34016_/D : -11.734901
[setup reg-reg] _33246_/Q -> _34005_/D : -11.734319
[setup reg-reg] _33246_/Q -> _33877_/D : -11.733427
[setup reg-reg] _33246_/Q -> _32134_/D : -11.733413
[setup reg-reg] _33246_/Q -> _32125_/D : -11.733367
[setup reg-reg] _33246_/Q -> _34014_/D : -11.733150
[setup reg-reg] _33246_/Q -> _34272_/D : -11.732933
[setup reg-reg] _33246_/Q -> _34008_/D : -11.732735
[setup reg-reg] _33246_/Q -> _34208_/D : -11.732560
[setup reg-reg] _33246_/Q -> _34011_/D : -11.732475
[setup reg-reg] _33246_/Q -> _34302_/D : -11.731967
[setup reg-reg] _33246_/Q -> _33691_/D : -11.731864
[setup reg-reg] _33246_/Q -> _34018_/D : -11.731402
[setup reg-reg] _33246_/Q -> _32131_/D : -11.730954
[setup reg-reg] _33246_/Q -> _33882_/D : -11.730585
[setup reg-reg] _33246_/Q -> _30656_/D : -11.729867
[setup reg-reg] _33246_/Q -> _33696_/D : -11.729772
[setup reg-reg] _33246_/Q -> _34287_/D : -11.729566
[setup reg-reg] _33246_/Q -> _33491_/D : -11.729317
[setup reg-reg] _33246_/Q -> _34202_/D : -11.728983
[setup reg-reg] _33246_/Q -> _33673_/D : -11.728841
[setup reg-reg] _33246_/Q -> _30570_/D : -11.728524
[setup reg-reg] _33246_/Q -> _34003_/D : -11.728506
[setup reg-reg] _33246_/Q -> _34299_/D : -11.728368
[setup reg-reg] _33246_/Q -> _33496_/D : -11.727665
[setup reg-reg] _33246_/Q -> _34206_/D : -11.727448
[setup reg-reg] _33246_/Q -> _33678_/D : -11.726883
[setup reg-reg] _33246_/Q -> _34266_/D : -11.726506
[setup reg-reg] _33246_/Q -> _33493_/D : -11.726176
[setup reg-reg] _33246_/Q -> _34001_/D : -11.726140
[setup reg-reg] _33246_/Q -> _33489_/D : -11.725920
[setup reg-reg] _33246_/Q -> _33506_/D : -11.725647
[setup reg-reg] _33246_/Q -> _32046_/D : -11.725298
[setup reg-reg] _33246_/Q -> _34270_/D : -11.725089
[setup reg-reg] _33246_/Q -> _30653_/D : -11.724975
[setup reg-reg] _33246_/Q -> _33487_/D : -11.724506
[setup reg-reg] _33246_/Q -> _33504_/D : -11.724428
[setup reg-reg] _33246_/Q -> _33498_/D : -11.724254
[setup reg-reg] _33246_/Q -> _33499_/D : -11.724169
[setup reg-reg] _33246_/Q -> _34010_/D : -11.724154
[setup reg-reg] _33246_/Q -> _30306_/D : -11.723977
[setup reg-reg] _33246_/Q -> _32142_/D : -11.723724
[setup reg-reg] _33246_/Q -> _30666_/D : -11.723529
[setup reg-reg] _33246_/Q -> _33502_/D : -11.723487
[setup reg-reg] _33246_/Q -> _31264_/D : -11.723160
[setup reg-reg] _33246_/Q -> _32127_/D : -11.723117
[setup reg-reg] _33246_/Q -> _34191_/D : -11.723117
[setup reg-reg] _33246_/Q -> _30730_/D : -11.722968
[setup reg-reg] _33246_/Q -> _31261_/D : -11.721994
[setup reg-reg] _33246_/Q -> _30647_/D : -11.721863
[setup reg-reg] _33246_/Q -> _31274_/D : -11.721770
[setup reg-reg] _33246_/Q -> _30651_/D : -11.720982
[setup reg-reg] _33246_/Q -> _31259_/D : -11.720847
[setup reg-reg] _33246_/Q -> _34255_/D : -11.720673
[setup reg-reg] _33246_/Q -> _32932_/D : -11.720271
[setup reg-reg] _33246_/Q -> _33816_/D : -11.720182
[setup reg-reg] _33246_/Q -> _30649_/D : -11.720133
[setup reg-reg] _33246_/Q -> _31257_/D : -11.720009
[setup reg-reg] _33246_/Q -> _33811_/D : -11.719334
[setup reg-reg] _33246_/Q -> _34185_/D : -11.719227
[setup reg-reg] _33246_/Q -> _31168_/D : -11.718704
[setup reg-reg] _33246_/Q -> _31165_/D : -11.718634
[setup reg-reg] _33246_/Q -> _34203_/D : -11.718346
[setup reg-reg] _33246_/Q -> _31163_/D : -11.718286
[setup reg-reg] _33246_/Q -> _33826_/D : -11.718172
[setup reg-reg] _33246_/Q -> _30659_/D : -11.718040
[setup reg-reg] _33246_/Q -> _30662_/D : -11.718033
[setup reg-reg] _33246_/Q -> _31178_/D : -11.718026
[setup reg-reg] _33246_/Q -> _31170_/D : -11.717955
[setup reg-reg] _33246_/Q -> _30657_/D : -11.717866
[setup reg-reg] _33246_/Q -> _31161_/D : -11.717841
[setup reg-reg] _33246_/Q -> _33486_/D : -11.717380
[setup reg-reg] _33246_/Q -> _32942_/D : -11.717273
[setup reg-reg] _33246_/Q -> _34249_/D : -11.716974
[setup reg-reg] _33246_/Q -> _34267_/D : -11.716850
[setup reg-reg] _33246_/Q -> _33809_/D : -11.716768
[setup reg-reg] _33246_/Q -> _33481_/D : -11.716683
[setup reg-reg] _33246_/Q -> _33495_/D : -11.716495
[setup reg-reg] _33246_/Q -> _33497_/D : -11.715883
[setup reg-reg] _33246_/Q -> _32925_/D : -11.715777
[setup reg-reg] _33246_/Q -> _32927_/D : -11.715763
[setup reg-reg] _33246_/Q -> _32934_/D : -11.715372
[setup reg-reg] _33246_/Q -> _32929_/D : -11.715312
[setup reg-reg] _33246_/Q -> _33818_/D : -11.714896
[setup reg-reg] _33246_/Q -> _33813_/D : -11.714377
[setup reg-reg] _33246_/Q -> _30658_/D : -11.714164
[setup reg-reg] _33246_/Q -> _31266_/D : -11.714068
[setup reg-reg] _33246_/Q -> _33784_/D : -11.713677
[setup reg-reg] _33246_/Q -> _33822_/D : -11.713478
[setup reg-reg] _33246_/Q -> _31200_/D : -11.713155
[setup reg-reg] _33246_/Q -> _31267_/D : -11.713002
[setup reg-reg] _33246_/Q -> _30435_/D : -11.712885
[setup reg-reg] _33246_/Q -> _33779_/D : -11.712790
[setup reg-reg] _33246_/Q -> _31265_/D : -11.712260
[setup reg-reg] _33246_/Q -> _33824_/D : -11.711923
[setup reg-reg] _33246_/Q -> _30417_/D : -11.711859
[setup reg-reg] _33246_/Q -> _31496_/D : -11.711770
[setup reg-reg] _33246_/Q -> _32938_/D : -11.711656
[setup reg-reg] _33246_/Q -> _32923_/D : -11.711581
[setup reg-reg] _33246_/Q -> _33794_/D : -11.711344
[setup reg-reg] _33246_/Q -> _33560_/D : -11.711315
[setup reg-reg] _33246_/Q -> _32940_/D : -11.711251
[setup reg-reg] _33246_/Q -> _33807_/D : -11.711099
[setup reg-reg] _33246_/Q -> _31197_/D : -11.711027
[setup reg-reg] _33246_/Q -> _33555_/D : -11.710917
[setup reg-reg] _33246_/Q -> _33188_/D : -11.710502
[setup reg-reg] _33246_/Q -> _33777_/D : -11.710125
[setup reg-reg] _33246_/Q -> _31270_/D : -11.709926
[setup reg-reg] _33246_/Q -> _30439_/D : -11.709606
[setup reg-reg] _33246_/Q -> _33786_/D : -11.709468
[setup reg-reg] _33246_/Q -> _33819_/D : -11.709417
[setup reg-reg] _33246_/Q -> _31210_/D : -11.708799
[setup reg-reg] _33246_/Q -> _33781_/D : -11.708466
[setup reg-reg] _33246_/Q -> _33790_/D : -11.708281
[setup reg-reg] _33246_/Q -> _33557_/D : -11.707936
[setup reg-reg] _33246_/Q -> _33185_/D : -11.707329
[setup reg-reg] _33246_/Q -> _31195_/D : -11.707257
[setup reg-reg] _33246_/Q -> _30240_/D : -11.707169
[setup reg-reg] _33246_/Q -> _30250_/D : -11.707148
[setup reg-reg] _33246_/Q -> _34165_/D : -11.707080
[setup reg-reg] _33246_/Q -> _31206_/D : -11.707024
[setup reg-reg] _33246_/Q -> _34178_/D : -11.706999
[setup reg-reg] _33246_/Q -> _33570_/D : -11.706661
[setup reg-reg] _33246_/Q -> _30242_/D : -11.706565
[setup reg-reg] _33246_/Q -> _30551_/D : -11.706536
[setup reg-reg] _33246_/Q -> _30235_/D : -11.706472
[setup reg-reg] _33246_/Q -> _30237_/D : -11.706476
[setup reg-reg] _33246_/Q -> _33551_/D : -11.706338
[setup reg-reg] _33246_/Q -> _33553_/D : -11.706256
[setup reg-reg] _33246_/Q -> _34168_/D : -11.706036
[setup reg-reg] _33246_/Q -> _33198_/D : -11.705951
[setup reg-reg] _33246_/Q -> _33806_/D : -11.705933
[setup reg-reg] _33246_/Q -> _31193_/D : -11.705861
[setup reg-reg] _33246_/Q -> _33562_/D : -11.705836
[setup reg-reg] _33246_/Q -> _34163_/D : -11.705691
[setup reg-reg] _33246_/Q -> _34161_/D : -11.705418
[setup reg-reg] _33246_/Q -> _33194_/D : -11.705133
[setup reg-reg] _33246_/Q -> _33792_/D : -11.704856
[setup reg-reg] _33246_/Q -> _33775_/D : -11.704671
[setup reg-reg] _33246_/Q -> _33656_/D : -11.704479
[setup reg-reg] _33246_/Q -> _33653_/D : -11.704409
[setup reg-reg] _33246_/Q -> _33666_/D : -11.704366
[setup reg-reg] _33246_/Q -> _33649_/D : -11.704085
[setup reg-reg] _33246_/Q -> _33658_/D : -11.704082
[setup reg-reg] _33246_/Q -> _33183_/D : -11.704028
[setup reg-reg] _33246_/Q -> _30431_/D : -11.703982
[setup reg-reg] _33246_/Q -> _31202_/D : -11.703261
[setup reg-reg] _33246_/Q -> _33181_/D : -11.702885
[setup reg-reg] _33246_/Q -> _33190_/D : -11.702376
[setup reg-reg] _33246_/Q -> _33787_/D : -11.702163
[setup reg-reg] _33246_/Q -> _33651_/D : -11.701822
[setup reg-reg] _33246_/Q -> _32964_/D : -11.700628
[setup reg-reg] _33246_/Q -> _30950_/D : -11.699399
[setup reg-reg] _33246_/Q -> _33568_/D : -11.698880
[setup reg-reg] _33246_/Q -> _33647_/D : -11.698771
[setup reg-reg] _33246_/Q -> _33563_/D : -11.698351
[setup reg-reg] _33246_/Q -> _33561_/D : -11.698287
[setup reg-reg] _33246_/Q -> _33662_/D : -11.697939
[setup reg-reg] _33246_/Q -> _31491_/D : -11.697907
[setup reg-reg] _33246_/Q -> _33550_/D : -11.697598
[setup reg-reg] _33246_/Q -> _33566_/D : -11.697492
[setup reg-reg] _33246_/Q -> _33559_/D : -11.697171
[setup reg-reg] _33246_/Q -> _33545_/D : -11.697111
[setup reg-reg] _33246_/Q -> _31473_/D : -11.696987
[setup reg-reg] _33246_/Q -> _31487_/D : -11.696116
[setup reg-reg] _33246_/Q -> _30941_/D : -11.695256
[setup reg-reg] _33246_/Q -> _31037_/D : -11.695015
[setup reg-reg] _33246_/Q -> _31040_/D : -11.694955
[setup reg-reg] _33246_/Q -> _31050_/D : -11.694862
[setup reg-reg] _33246_/Q -> _31033_/D : -11.694613
[setup reg-reg] _33246_/Q -> _31042_/D : -11.694436
[setup reg-reg] _33246_/Q -> _31446_/D : -11.694035
[setup reg-reg] _33246_/Q -> _30233_/D : -11.693395
[setup reg-reg] _33246_/Q -> _34176_/D : -11.693096
[setup reg-reg] _33246_/Q -> _33092_/D : -11.691854
[setup reg-reg] _33246_/Q -> _33659_/D : -11.691423
[setup reg-reg] _33246_/Q -> _30545_/D : -11.691278
[setup reg-reg] _33246_/Q -> _30559_/D : -11.691235
[setup reg-reg] _33246_/Q -> _33083_/D : -11.691065
[setup reg-reg] _33246_/Q -> _33087_/D : -11.690787
[setup reg-reg] _33246_/Q -> _30567_/D : -11.690610
[setup reg-reg] _33246_/Q -> _33089_/D : -11.690396
[setup reg-reg] _33246_/Q -> _30943_/D : -11.690145
[setup reg-reg] _33246_/Q -> _33102_/D : -11.690048
[setup reg-reg] _33246_/Q -> _32001_/D : -11.689735
[setup reg-reg] _33246_/Q -> _33085_/D : -11.689601
[setup reg-reg] _33246_/Q -> _30951_/D : -11.689231
[setup reg-reg] _33246_/Q -> _33094_/D : -11.689089
[setup reg-reg] _33246_/Q -> _33664_/D : -11.688961
[setup reg-reg] _33246_/Q -> _34170_/D : -11.688617
[setup reg-reg] _33246_/Q -> _32076_/D : -11.688283
[setup reg-reg] _33246_/Q -> _33641_/D : -11.688098
[setup reg-reg] _33246_/Q -> _30929_/D : -11.687881
[setup reg-reg] _33246_/Q -> _33646_/D : -11.687760
[setup reg-reg] _33246_/Q -> _34174_/D : -11.687249
[setup reg-reg] _33246_/Q -> _31232_/D : -11.687213
[setup reg-reg] _33246_/Q -> _31242_/D : -11.686904
[setup reg-reg] _33246_/Q -> _31229_/D : -11.686875
[setup reg-reg] _33246_/Q -> _32010_/D : -11.686869
[setup reg-reg] _33246_/Q -> _31989_/D : -11.686393
[setup reg-reg] _33246_/Q -> _32006_/D : -11.686090
[setup reg-reg] _33246_/Q -> _31092_/D : -11.683341
[setup reg-reg] _33246_/Q -> _33100_/D : -11.683170
[setup reg-reg] _33246_/Q -> _33095_/D : -11.682126
[setup reg-reg] _33246_/Q -> _34146_/D : -11.682037
[setup reg-reg] _33246_/Q -> _33400_/D : -11.681937
[setup reg-reg] _33246_/Q -> _33077_/D : -11.681465
[setup reg-reg] _33246_/Q -> _33098_/D : -11.681458
[setup reg-reg] _33246_/Q -> _33397_/D : -11.681231
[setup reg-reg] _33246_/Q -> _33395_/D : -11.681210
[setup reg-reg] _33246_/Q -> _33410_/D : -11.681156
[setup reg-reg] _33246_/Q -> _34133_/D : -11.681074
[setup reg-reg] _33246_/Q -> _33393_/D : -11.680879
[setup reg-reg] _33246_/Q -> _33082_/D : -11.680822
[setup reg-reg] _33246_/Q -> _33391_/D : -11.680747
[setup reg-reg] _33246_/Q -> _34136_/D : -11.680520
[setup reg-reg] _33246_/Q -> _31174_/D : -11.680168
[setup reg-reg] _33246_/Q -> _34131_/D : -11.680119
[setup reg-reg] _33246_/Q -> _33402_/D : -11.679944
[setup reg-reg] _33246_/Q -> _34129_/D : -11.679789
[setup reg-reg] _33246_/Q -> _33624_/D : -11.679756
[setup reg-reg] _33246_/Q -> _33634_/D : -11.679756
[setup reg-reg] _33246_/Q -> _30199_/D : -11.679554
[setup reg-reg] _33246_/Q -> _33617_/D : -11.679451
[setup reg-reg] _33246_/Q -> _31999_/D : -11.679422
[setup reg-reg] _33246_/Q -> _33621_/D : -11.679390
[setup reg-reg] _33246_/Q -> _34171_/D : -11.679369
[setup reg-reg] _33246_/Q -> _33626_/D : -11.679340
[setup reg-reg] _33246_/Q -> _31997_/D : -11.679060
[setup reg-reg] _33246_/Q -> _34159_/D : -11.678683
[setup reg-reg] _33246_/Q -> _31223_/D : -11.678261
[setup reg-reg] _33246_/Q -> _31425_/D : -11.677283
[setup reg-reg] _33246_/Q -> _31225_/D : -11.676747
[setup reg-reg] _33246_/Q -> _31238_/D : -11.676157
[setup reg-reg] _33246_/Q -> _33619_/D : -11.675959
[setup reg-reg] _33246_/Q -> _30438_/D : -11.675716
[setup reg-reg] _33246_/Q -> _31233_/D : -11.675532
[setup reg-reg] _33246_/Q -> _31227_/D : -11.675084
[setup reg-reg] _33246_/Q -> _33615_/D : -11.674889
[setup reg-reg] _33246_/Q -> _31445_/D : -11.674789
[setup reg-reg] _33246_/Q -> _31427_/D : -11.674726
[setup reg-reg] _33246_/Q -> _31234_/D : -11.674626
[setup reg-reg] _33246_/Q -> _31530_/D : -11.674044
[setup reg-reg] _33246_/Q -> _33408_/D : -11.673702
[setup reg-reg] _33246_/Q -> _33403_/D : -11.673429
[setup reg-reg] _33246_/Q -> _33630_/D : -11.673414
[setup reg-reg] _33246_/Q -> _33390_/D : -11.673251
[setup reg-reg] _33246_/Q -> _33385_/D : -11.672988
[setup reg-reg] _33246_/Q -> _33406_/D : -11.672796
[setup reg-reg] _33246_/Q -> _33627_/D : -11.672469
[setup reg-reg] _33246_/Q -> _32897_/D : -11.672448
[setup reg-reg] _33246_/Q -> _32891_/D : -11.671929
[setup reg-reg] _33246_/Q -> _32910_/D : -11.671692
[setup reg-reg] _33246_/Q -> _32895_/D : -11.671631
[setup reg-reg] _33246_/Q -> _32908_/D : -11.671511
[setup reg-reg] _33246_/Q -> _32903_/D : -11.671350
[setup reg-reg] _33246_/Q -> _33935_/D : -11.670220
[setup reg-reg] _33246_/Q -> _33952_/D : -11.670014
[setup reg-reg] _33246_/Q -> _31470_/D : -11.669911
[setup reg-reg] _33246_/Q -> _33929_/D : -11.668402
[setup reg-reg] _33246_/Q -> _33950_/D : -11.668025
[setup reg-reg] _33246_/Q -> _33947_/D : -11.668011
[setup reg-reg] _33246_/Q -> _32716_/D : -11.667030
[setup reg-reg] _33246_/Q -> _34144_/D : -11.666775
[setup reg-reg] _33246_/Q -> _32709_/D : -11.666714
[setup reg-reg] _33246_/Q -> _33909_/D : -11.665538
[setup reg-reg] _33246_/Q -> _33903_/D : -11.665304
[setup reg-reg] _33246_/Q -> _33920_/D : -11.665197
[setup reg-reg] _33246_/Q -> _32900_/D : -11.664849
[setup reg-reg] _33246_/Q -> _33944_/D : -11.664831
[setup reg-reg] _33246_/Q -> _33941_/D : -11.664685
[setup reg-reg] _33246_/Q -> _33905_/D : -11.664252
[setup reg-reg] _33246_/Q -> _33918_/D : -11.664149
[setup reg-reg] _33246_/Q -> _33897_/D : -11.664039
[setup reg-reg] _33246_/Q -> _33632_/D : -11.663818
[setup reg-reg] _33246_/Q -> _33915_/D : -11.663815
[setup reg-reg] _33246_/Q -> _33609_/D : -11.663701
[setup reg-reg] _33246_/Q -> _34138_/D : -11.663190
[setup reg-reg] _33246_/Q -> _34044_/D : -11.662479
[setup reg-reg] _33246_/Q -> _33614_/D : -11.661378
[setup reg-reg] _33246_/Q -> _33907_/D : -11.661023
[setup reg-reg] _33246_/Q -> _33912_/D : -11.661012
[setup reg-reg] _33246_/Q -> _33954_/D : -11.660892
[setup reg-reg] _33246_/Q -> _32036_/D : -11.660707
[setup reg-reg] _33246_/Q -> _30946_/D : -11.660323
[setup reg-reg] _33246_/Q -> _30295_/D : -11.660152
[setup reg-reg] _33246_/Q -> _31118_/D : -11.660089
[setup reg-reg] _33246_/Q -> _31093_/D : -11.659420
[setup reg-reg] _33246_/Q -> _32961_/D : -11.658852
[setup reg-reg] _33246_/Q -> _34229_/D : -11.658827
[setup reg-reg] _33246_/Q -> _33939_/D : -11.658497
[setup reg-reg] _33246_/Q -> _32974_/D : -11.658298
[setup reg-reg] _33246_/Q -> _32957_/D : -11.657793
[setup reg-reg] _33246_/Q -> _32959_/D : -11.657743
[setup reg-reg] _33246_/Q -> _34142_/D : -11.657480
[setup reg-reg] _33246_/Q -> _32970_/D : -11.657268
[setup reg-reg] _33246_/Q -> _32966_/D : -11.657058
[setup reg-reg] _33246_/Q -> _34127_/D : -11.657019
[setup reg-reg] _33246_/Q -> _33914_/D : -11.656784
[setup reg-reg] _33246_/Q -> _33922_/D : -11.656767
[setup reg-reg] _33246_/Q -> _32893_/D : -11.656390
[setup reg-reg] _33246_/Q -> _31689_/D : -11.656106
[setup reg-reg] _33246_/Q -> _30720_/D : -11.656038
[setup reg-reg] _33246_/Q -> _33946_/D : -11.655804
[setup reg-reg] _33246_/Q -> _33937_/D : -11.655591
[setup reg-reg] _33246_/Q -> _32902_/D : -11.655477
[setup reg-reg] _33246_/Q -> _34045_/D : -11.655062
[setup reg-reg] _33246_/Q -> _34049_/D : -11.653992
[setup reg-reg] _33246_/Q -> _34121_/D : -11.653541
[setup reg-reg] _33246_/Q -> _34326_/D : -11.653324
[setup reg-reg] _33246_/Q -> _32906_/D : -11.653250
[setup reg-reg] _33246_/Q -> _32955_/D : -11.652787
[setup reg-reg] _33246_/Q -> _34139_/D : -11.652706
[setup reg-reg] _33246_/Q -> _30792_/D : -11.650670
[setup reg-reg] _33246_/Q -> _34240_/D : -11.650326
[setup reg-reg] _33246_/Q -> _30562_/D : -11.649199
[setup reg-reg] _33246_/Q -> _31328_/D : -11.649132
[setup reg-reg] _33246_/Q -> _31325_/D : -11.647096
[setup reg-reg] _33246_/Q -> _30566_/D : -11.646887
[setup reg-reg] _33246_/Q -> _31338_/D : -11.646897
[setup reg-reg] _33246_/Q -> _31062_/D : -11.645981
[setup reg-reg] _33246_/Q -> _34242_/D : -11.645899
[setup reg-reg] _33246_/Q -> _31323_/D : -11.645856
[setup reg-reg] _33246_/Q -> _31683_/D : -11.645664
[setup reg-reg] _33246_/Q -> _31706_/D : -11.645497
[setup reg-reg] _33246_/Q -> _34337_/D : -11.645106
[setup reg-reg] _33246_/Q -> _34232_/D : -11.644925
[setup reg-reg] _33246_/Q -> _31321_/D : -11.644748
[setup reg-reg] _33246_/Q -> _30563_/D : -11.644698
[setup reg-reg] _33246_/Q -> _32218_/D : -11.644666
[setup reg-reg] _33246_/Q -> _32236_/D : -11.644651
[setup reg-reg] _33246_/Q -> _31060_/D : -11.643973
[setup reg-reg] _33246_/Q -> _33863_/D : -11.642897
[setup reg-reg] _33246_/Q -> _34227_/D : -11.641081
[setup reg-reg] _33246_/Q -> _30179_/D : -11.640939
[setup reg-reg] _33246_/Q -> _34225_/D : -11.640765
[setup reg-reg] _33246_/Q -> _33852_/D : -11.640574
[setup reg-reg] _33246_/Q -> _30358_/D : -11.640431
[setup reg-reg] _33246_/Q -> _30376_/D : -11.640182
[setup reg-reg] _33246_/Q -> _30211_/D : -11.639565
[setup reg-reg] _33246_/Q -> _34234_/D : -11.638829
[setup reg-reg] _33246_/Q -> _31330_/D : -11.638659
[setup reg-reg] _33246_/Q -> _31331_/D : -11.637500
[setup reg-reg] _33246_/Q -> _34238_/D : -11.637088
[setup reg-reg] _33246_/Q -> _31455_/D : -11.636762
[setup reg-reg] _33246_/Q -> _33991_/D : -11.636740
[setup reg-reg] _33246_/Q -> _31864_/D : -11.636505
[setup reg-reg] _33246_/Q -> _31463_/D : -11.636246
[setup reg-reg] _33246_/Q -> _31334_/D : -11.635098
[setup reg-reg] _33246_/Q -> _33980_/D : -11.634896
[setup reg-reg] _33246_/Q -> _30207_/D : -11.634537
[setup reg-reg] _33246_/Q -> _31697_/D : -11.634548
[setup reg-reg] _33246_/Q -> _34235_/D : -11.633968
[setup reg-reg] _33246_/Q -> _31862_/D : -11.633777
[setup reg-reg] _33246_/Q -> _33853_/D : -11.633677
[setup reg-reg] _33246_/Q -> _31865_/D : -11.633614
[setup reg-reg] _33246_/Q -> _34223_/D : -11.633542
[setup reg-reg] _33246_/Q -> _34217_/D : -11.633251
[setup reg-reg] _33246_/Q -> _33974_/D : -11.633202
[setup reg-reg] _33246_/Q -> _30193_/D : -11.632811
[setup reg-reg] _33246_/Q -> _31705_/D : -11.631987
[setup reg-reg] _33246_/Q -> _30257_/D : -11.631581
[setup reg-reg] _33246_/Q -> _31523_/D : -11.631098
[setup reg-reg] _33246_/Q -> _30175_/D : -11.630370
[setup reg-reg] _33246_/Q -> _31505_/D : -11.630206
[setup reg-reg] _33246_/Q -> _33720_/D : -11.629518
[setup reg-reg] _33246_/Q -> _31890_/D : -11.628935
[setup reg-reg] _33246_/Q -> _33715_/D : -11.628832
[setup reg-reg] _33246_/Q -> _31112_/D : -11.628661
[setup reg-reg] _33246_/Q -> _31527_/D : -11.628490
[setup reg-reg] _33246_/Q -> _31393_/D : -11.628309
[setup reg-reg] _33246_/Q -> _30161_/D : -11.627901
[setup reg-reg] _33246_/Q -> _33730_/D : -11.627776
[setup reg-reg] _33246_/Q -> _31089_/D : -11.627687
[setup reg-reg] _33246_/Q -> _31094_/D : -11.626742
[setup reg-reg] _33246_/Q -> _31395_/D : -11.626572
[setup reg-reg] _33246_/Q -> _33981_/D : -11.626348
[setup reg-reg] _33246_/Q -> _33722_/D : -11.625950
[setup reg-reg] _33246_/Q -> _33713_/D : -11.625826
[setup reg-reg] _33246_/Q -> _31111_/D : -11.625058
[setup reg-reg] _33246_/Q -> _33717_/D : -11.624771
[setup reg-reg] _33246_/Q -> _30275_/D : -11.624160
[setup reg-reg] _33246_/Q -> _31969_/D : -11.622593
[setup reg-reg] _33246_/Q -> _31086_/D : -11.622231
[setup reg-reg] _33246_/Q -> _30271_/D : -11.621808
[setup reg-reg] _33246_/Q -> _33726_/D : -11.621332
[setup reg-reg] _33246_/Q -> _30279_/D : -11.621289
[setup reg-reg] _33246_/Q -> _31447_/D : -11.620490
[setup reg-reg] _33246_/Q -> _31519_/D : -11.620433
[setup reg-reg] _33246_/Q -> _31464_/D : -11.620049
[setup reg-reg] _33246_/Q -> _33711_/D : -11.619531
[setup reg-reg] _33246_/Q -> _31441_/D : -11.619218
[setup reg-reg] _33246_/Q -> _31095_/D : -11.618692
[setup reg-reg] _33246_/Q -> _33728_/D : -11.618557
[setup reg-reg] _33246_/Q -> _33723_/D : -11.618433
[setup reg-reg] _33246_/Q -> _31978_/D : -11.616508
[setup reg-reg] _33246_/Q -> _31974_/D : -11.615544
[setup reg-reg] _33246_/Q -> _31957_/D : -11.615438
[setup reg-reg] _33246_/Q -> _33721_/D : -11.615153
[setup reg-reg] _33246_/Q -> _30996_/D : -11.614944
[setup reg-reg] _33246_/Q -> _32108_/D : -11.612859
[setup reg-reg] _33246_/Q -> _32090_/D : -11.612678
[setup reg-reg] _33246_/Q -> _30997_/D : -11.612237
[setup reg-reg] _33246_/Q -> _31022_/D : -11.611924
[setup reg-reg] _33246_/Q -> _30994_/D : -11.611370
[setup reg-reg] _33246_/Q -> _31004_/D : -11.611253
[setup reg-reg] _33246_/Q -> _31967_/D : -11.608866
[setup reg-reg] _33246_/Q -> _30995_/D : -11.608634
[setup reg-reg] _33246_/Q -> _31965_/D : -11.608631
[setup reg-reg] _33246_/Q -> _31105_/D : -11.607551
[setup reg-reg] _33246_/Q -> _31103_/D : -11.607100
[setup reg-reg] _33246_/Q -> _32033_/D : -11.605252
[setup reg-reg] _33246_/Q -> _31459_/D : -11.604325
[setup reg-reg] _33246_/Q -> _30717_/D : -11.604307
[setup reg-reg] _33246_/Q -> _31099_/D : -11.603127
[setup reg-reg] _33246_/Q -> _31110_/D : -11.601068
[setup reg-reg] _33246_/Q -> _31866_/D : -11.599223
[setup reg-reg] _33246_/Q -> _32042_/D : -11.598768
[setup reg-reg] _33246_/Q -> _32038_/D : -11.598395
[setup reg-reg] _33246_/Q -> _32021_/D : -11.598364
[setup reg-reg] _33246_/Q -> _31883_/D : -11.596968
[setup reg-reg] _33246_/Q -> _31740_/D : -11.596530
[setup reg-reg] _33246_/Q -> _31747_/D : -11.596452
[setup reg-reg] _33246_/Q -> _30726_/D : -11.595681
[setup reg-reg] _33246_/Q -> _31526_/D : -11.593809
[setup reg-reg] _33246_/Q -> _31704_/D : -11.592700
[setup reg-reg] _33246_/Q -> _34117_/D : -11.592644
[setup reg-reg] _33246_/Q -> _34116_/D : -11.591954
[setup reg-reg] _33246_/Q -> _32029_/D : -11.591190
[setup reg-reg] _33246_/Q -> _31063_/D : -11.589215
[setup reg-reg] _33246_/Q -> _31701_/D : -11.589005
[setup reg-reg] _33246_/Q -> _34120_/D : -11.588995
[setup reg-reg] _33246_/Q -> _32004_/D : -11.588963
[setup reg-reg] _33246_/Q -> _31080_/D : -11.588590
[setup reg-reg] _33246_/Q -> _31057_/D : -11.587837
[setup reg-reg] _33246_/Q -> _30705_/D : -11.587755
[setup reg-reg] _33246_/Q -> _32031_/D : -11.587681
[setup reg-reg] _33246_/Q -> _31079_/D : -11.586349
[setup reg-reg] _33246_/Q -> _31061_/D : -11.586040
[setup reg-reg] _33246_/Q -> _33895_/D : -11.584035
[setup reg-reg] _33246_/Q -> _34309_/D : -11.583843
[setup reg-reg] _33246_/Q -> _31457_/D : -11.581470
[setup reg-reg] _33246_/Q -> _34294_/D : -11.581236
[setup reg-reg] _33246_/Q -> _31834_/D : -11.580923
[setup reg-reg] _33246_/Q -> _31793_/D : -11.580443
[setup reg-reg] _33246_/Q -> _31811_/D : -11.580245
[setup reg-reg] _33246_/Q -> _31633_/D : -11.580155
[setup reg-reg] _33246_/Q -> _31875_/D : -11.579136
[setup reg-reg] _33246_/Q -> _30642_/D : -11.578312
[setup reg-reg] _33246_/Q -> _33878_/D : -11.578283
[setup reg-reg] _33246_/Q -> _34305_/D : -11.575786
[setup reg-reg] _33246_/Q -> _34023_/D : -11.575438
[setup reg-reg] _33246_/Q -> _33516_/D : -11.575164
[setup reg-reg] _33246_/Q -> _31879_/D : -11.574941
[setup reg-reg] _33246_/Q -> _34012_/D : -11.574109
[setup reg-reg] _33246_/Q -> _30722_/D : -11.573559
[setup reg-reg] _33246_/Q -> _30652_/D : -11.572472
[setup reg-reg] _33246_/Q -> _34198_/D : -11.571714
[setup reg-reg] _33246_/Q -> _30643_/D : -11.571611
[setup reg-reg] _33246_/Q -> _34277_/D : -11.571387
[setup reg-reg] _33246_/Q -> _34006_/D : -11.571335
[setup reg-reg] _33246_/Q -> _31250_/D : -11.570812
[setup reg-reg] _33246_/Q -> _34213_/D : -11.570425
[setup reg-reg] _33246_/Q -> _33517_/D : -11.569917
[setup reg-reg] _33246_/Q -> _34209_/D : -11.569885
[setup reg-reg] _33246_/Q -> _34262_/D : -11.569836
[setup reg-reg] _33246_/Q -> _34212_/D : -11.569227
[setup reg-reg] _33246_/Q -> _33542_/D : -11.569146
[setup reg-reg] _33246_/Q -> _33535_/D : -11.569089
[setup reg-reg] _33246_/Q -> _34192_/D : -11.568801
[setup reg-reg] _33246_/Q -> _33514_/D : -11.568737
[setup reg-reg] _33246_/Q -> _30312_/D : -11.568634
[setup reg-reg] _33246_/Q -> _33524_/D : -11.568403
[setup reg-reg] _33246_/Q -> _31071_/D : -11.568308
[setup reg-reg] _33246_/Q -> _31073_/D : -11.568073
[setup reg-reg] _33246_/Q -> _34216_/D : -11.567966
[setup reg-reg] _33246_/Q -> _31368_/D : -11.567157
[setup reg-reg] _33246_/Q -> _31867_/D : -11.566691
[setup reg-reg] _33246_/Q -> _30711_/D : -11.566222
[setup reg-reg] _33246_/Q -> _30671_/D : -11.565930
[setup reg-reg] _33246_/Q -> _34013_/D : -11.564694
[setup reg-reg] _33246_/Q -> _31251_/D : -11.564470
[setup reg-reg] _33246_/Q -> _31107_/D : -11.563348
[setup reg-reg] _33246_/Q -> _31078_/D : -11.562744
[setup reg-reg] _33246_/Q -> _33177_/D : -11.562695
[setup reg-reg] _33246_/Q -> _31189_/D : -11.562528
[setup reg-reg] _33246_/Q -> _31214_/D : -11.562104
[setup reg-reg] _33246_/Q -> _34273_/D : -11.561966
[setup reg-reg] _33246_/Q -> _33202_/D : -11.561259
[setup reg-reg] _33246_/Q -> _31279_/D : -11.561042
[setup reg-reg] _33246_/Q -> _31833_/D : -11.560765
[setup reg-reg] _33246_/Q -> _31831_/D : -11.559398
[setup reg-reg] _33246_/Q -> _31186_/D : -11.558595
[setup reg-reg] _33246_/Q -> _31840_/D : -11.558004
[setup reg-reg] _33246_/Q -> _30225_/D : -11.557014
[setup reg-reg] _33246_/Q -> _30230_/D : -11.556868
[setup reg-reg] _33246_/Q -> _30999_/D : -11.556647
[setup reg-reg] _33246_/Q -> _31861_/D : -11.556562
[setup reg-reg] _33246_/Q -> _31884_/D : -11.556435
[setup reg-reg] _33246_/Q -> _33174_/D : -11.556346
[setup reg-reg] _33246_/Q -> _31858_/D : -11.556282
[setup reg-reg] _33246_/Q -> _31187_/D : -11.555195
[setup reg-reg] _33246_/Q -> _33175_/D : -11.553958
[setup reg-reg] _33246_/Q -> _31211_/D : -11.552516
[setup reg-reg] _33246_/Q -> _31275_/D : -11.552466
[setup reg-reg] _33246_/Q -> _31260_/D : -11.551887
[setup reg-reg] _33246_/Q -> _31196_/D : -11.550885
[setup reg-reg] _33246_/Q -> _33184_/D : -11.550000
[setup reg-reg] _33246_/Q -> _34025_/D : -11.549979
[setup reg-reg] _33246_/Q -> _31158_/D : -11.549318
[setup reg-reg] _33246_/Q -> _34041_/D : -11.548871
[setup reg-reg] _33246_/Q -> _33199_/D : -11.548597
[setup reg-reg] _33246_/Q -> _34318_/D : -11.548448
[setup reg-reg] _33246_/Q -> _34313_/D : -11.547890
[setup reg-reg] _33246_/Q -> _34329_/D : -11.547162
[setup reg-reg] _33246_/Q -> _34327_/D : -11.546967
[setup reg-reg] _33246_/Q -> _31030_/D : -11.545134
[setup reg-reg] _33246_/Q -> _31025_/D : -11.544955
[setup reg-reg] _33246_/Q -> _33157_/D : -11.544206
[setup reg-reg] _33246_/Q -> _33143_/D : -11.544100
[setup reg-reg] _33246_/Q -> _33170_/D : -11.544082
[setup reg-reg] _33246_/Q -> _34030_/D : -11.543847
[setup reg-reg] _33246_/Q -> _34047_/D : -11.542895
[setup reg-reg] _33246_/Q -> _34054_/D : -11.542671
[setup reg-reg] _33246_/Q -> _34039_/D : -11.542302
[setup reg-reg] _33246_/Q -> _33144_/D : -11.542107
[setup reg-reg] _33246_/Q -> _33155_/D : -11.541825
[setup reg-reg] _33246_/Q -> _33145_/D : -11.541609
[setup reg-reg] _33246_/Q -> _33163_/D : -11.541495
[setup reg-reg] _33246_/Q -> _33452_/D : -11.541492
[setup reg-reg] _33246_/Q -> _33453_/D : -11.540692
[setup reg-reg] _33246_/Q -> _33471_/D : -11.540486
[setup reg-reg] _33246_/Q -> _33450_/D : -11.540213
[setup reg-reg] _33246_/Q -> _33478_/D : -11.540163
[setup reg-reg] _33246_/Q -> _33460_/D : -11.540042
[setup reg-reg] _33246_/Q -> _30167_/D : -11.538771
[setup reg-reg] _33246_/Q -> _31075_/D : -11.537995
[setup reg-reg] _33246_/Q -> _30228_/D : -11.535935
[setup reg-reg] _33246_/Q -> _31220_/D : -11.535512
[setup reg-reg] _33246_/Q -> _30263_/D : -11.534585
[setup reg-reg] _33246_/Q -> _34335_/D : -11.534344
[setup reg-reg] _33246_/Q -> _31218_/D : -11.534084
[setup reg-reg] _33246_/Q -> _30254_/D : -11.533747
[setup reg-reg] _33246_/Q -> _31553_/D : -11.533626
[setup reg-reg] _33246_/Q -> _31560_/D : -11.533199
[setup reg-reg] _33246_/Q -> _30229_/D : -11.533175
[setup reg-reg] _33246_/Q -> _31219_/D : -11.533072
[setup reg-reg] _33246_/Q -> _31156_/D : -11.531878
[setup reg-reg] _33246_/Q -> _34166_/D : -11.531473
[setup reg-reg] _33246_/Q -> _33836_/D : -11.531089
[setup reg-reg] _33246_/Q -> _34181_/D : -11.531075
[setup reg-reg] _33246_/Q -> _31188_/D : -11.531004
[setup reg-reg] _33246_/Q -> _34317_/D : -11.530254
[setup reg-reg] _33246_/Q -> _30307_/D : -11.530155
[setup reg-reg] _33246_/Q -> _34177_/D : -11.529690
[setup reg-reg] _33246_/Q -> _31246_/D : -11.529398
[setup reg-reg] _33246_/Q -> _34342_/D : -11.529245
[setup reg-reg] _33246_/Q -> _34180_/D : -11.529200
[setup reg-reg] _33246_/Q -> _31228_/D : -11.529111
[setup reg-reg] _33246_/Q -> _31157_/D : -11.528766
[setup reg-reg] _33246_/Q -> _31028_/D : -11.528695
[setup reg-reg] _33246_/Q -> _31154_/D : -11.528691
[setup reg-reg] _33246_/Q -> _33833_/D : -11.528399
[setup reg-reg] _33246_/Q -> _33838_/D : -11.527921
[setup reg-reg] _33246_/Q -> _34184_/D : -11.527334
[setup reg-reg] _33246_/Q -> _34160_/D : -11.527143
[setup reg-reg] _33246_/Q -> _33849_/D : -11.526976
[setup reg-reg] _33246_/Q -> _33961_/D : -11.524563
[setup reg-reg] _33246_/Q -> _31182_/D : -11.523927
[setup reg-reg] _33246_/Q -> _31843_/D : -11.523931
[setup reg-reg] _33246_/Q -> _31851_/D : -11.523873
[setup reg-reg] _33246_/Q -> _31247_/D : -11.523210
[setup reg-reg] _33246_/Q -> _30787_/D : -11.521501
[setup reg-reg] _33246_/Q -> _33977_/D : -11.521493
[setup reg-reg] _33246_/Q -> _31029_/D : -11.521340
[setup reg-reg] _33246_/Q -> _31054_/D : -11.521241
[setup reg-reg] _33246_/Q -> _33440_/D : -11.520900
[setup reg-reg] _33246_/Q -> _33433_/D : -11.520854
[setup reg-reg] _33246_/Q -> _33966_/D : -11.520307
[setup reg-reg] _33246_/Q -> _31972_/D : -11.519913
[setup reg-reg] _33246_/Q -> _30664_/D : -11.519575
[setup reg-reg] _33246_/Q -> _33847_/D : -11.518826
[setup reg-reg] _33246_/Q -> _33855_/D : -11.518570
[setup reg-reg] _33246_/Q -> _31877_/D : -11.518208
[setup reg-reg] _33246_/Q -> _33964_/D : -11.517998
[setup reg-reg] _33246_/Q -> _33975_/D : -11.517117
[setup reg-reg] _33246_/Q -> _32123_/D : -11.515908
[setup reg-reg] _33246_/Q -> _33312_/D : -11.515674
[setup reg-reg] _33246_/Q -> _33305_/D : -11.515326
[setup reg-reg] _33246_/Q -> _33959_/D : -11.515080
[setup reg-reg] _33246_/Q -> _33948_/D : -11.514704
[setup reg-reg] _33246_/Q -> _33307_/D : -11.513865
[setup reg-reg] _33246_/Q -> _32904_/D : -11.513656
[setup reg-reg] _33246_/Q -> _32282_/D : -11.513500
[setup reg-reg] _33246_/Q -> _31255_/D : -11.511808
[setup reg-reg] _33246_/Q -> _33927_/D : -11.509549
[setup reg-reg] _33246_/Q -> _32283_/D : -11.508497
[setup reg-reg] _33246_/Q -> _31208_/D : -11.508089
[setup reg-reg] _33246_/Q -> _33591_/D : -11.508039
[setup reg-reg] _33246_/Q -> _31191_/D : -11.507741
[setup reg-reg] _33246_/Q -> _31852_/D : -11.507716
[setup reg-reg] _33246_/Q -> _34028_/D : -11.507578
[setup reg-reg] _33246_/Q -> _31203_/D : -11.507212
[setup reg-reg] _33246_/Q -> _32302_/D : -11.506714
[setup reg-reg] _33246_/Q -> _31829_/D : -11.506643
[setup reg-reg] _33246_/Q -> _32306_/D : -11.506153
[setup reg-reg] _33246_/Q -> _33923_/D : -11.505950
[setup reg-reg] _33246_/Q -> _33983_/D : -11.505933
[setup reg-reg] _33246_/Q -> _32292_/D : -11.505606
[setup reg-reg] _33246_/Q -> _32289_/D : -11.505367
[setup reg-reg] _33246_/Q -> _32953_/D : -11.505225
[setup reg-reg] _33246_/Q -> _33196_/D : -11.505233
[setup reg-reg] _33246_/Q -> _32978_/D : -11.504966
[setup reg-reg] _33246_/Q -> _32909_/D : -11.504753
[setup reg-reg] _33246_/Q -> _34316_/D : -11.504749
[setup reg-reg] _33246_/Q -> _32950_/D : -11.504654
[setup reg-reg] _33246_/Q -> _34149_/D : -11.504579
[setup reg-reg] _33246_/Q -> _33191_/D : -11.504313
[setup reg-reg] _33246_/Q -> _33949_/D : -11.504167
[setup reg-reg] _33246_/Q -> _31016_/D : -11.504131
[setup reg-reg] _33246_/Q -> _33179_/D : -11.504064
[setup reg-reg] _33246_/Q -> _32287_/D : -11.503847
[setup reg-reg] _33246_/Q -> _32951_/D : -11.502661
[setup reg-reg] _33246_/Q -> _32285_/D : -11.502607
[setup reg-reg] _33246_/Q -> _34148_/D : -11.502440
[setup reg-reg] _33246_/Q -> _34130_/D : -11.502362
[setup reg-reg] _33246_/Q -> _34152_/D : -11.502192
[setup reg-reg] _33246_/Q -> _32979_/D : -11.502046
[setup reg-reg] _33246_/Q -> _31835_/D : -11.501549
[setup reg-reg] _33246_/Q -> _31847_/D : -11.500728
[setup reg-reg] _33246_/Q -> _30248_/D : -11.500447
[setup reg-reg] _33246_/Q -> _32960_/D : -11.499065
[setup reg-reg] _33246_/Q -> _30231_/D : -11.498525
[setup reg-reg] _33246_/Q -> _30239_/D : -11.498514
[setup reg-reg] _33246_/Q -> _30993_/D : -11.498124
[setup reg-reg] _33246_/Q -> _33917_/D : -11.497733
[setup reg-reg] _33246_/Q -> _30247_/D : -11.497719
[setup reg-reg] _33246_/Q -> _32012_/D : -11.497445
[setup reg-reg] _33246_/Q -> _32294_/D : -11.496585
[setup reg-reg] _33246_/Q -> _32291_/D : -11.496543
[setup reg-reg] _33246_/Q -> _32277_/D : -11.496529
[setup reg-reg] _33246_/Q -> _31011_/D : -11.496159
[setup reg-reg] _33246_/Q -> _32298_/D : -11.495964
[setup reg-reg] _33246_/Q -> _31007_/D : -11.494127
[setup reg-reg] _33246_/Q -> _31015_/D : -11.493626
[setup reg-reg] _33246_/Q -> _34027_/D : -11.492169
[setup reg-reg] _33246_/Q -> _30423_/D : -11.491484
[setup reg-reg] _33246_/Q -> _34055_/D : -11.491150
[setup reg-reg] _33246_/Q -> _31167_/D : -11.491089
[setup reg-reg] _33246_/Q -> _31314_/D : -11.490617
[setup reg-reg] _33246_/Q -> _34245_/D : -11.490528
[setup reg-reg] _33246_/Q -> _31175_/D : -11.490390
[setup reg-reg] _33246_/Q -> _31315_/D : -11.490233
[setup reg-reg] _33246_/Q -> _31031_/D : -11.489025
[setup reg-reg] _33246_/Q -> _31048_/D : -11.488869
[setup reg-reg] _33246_/Q -> _34105_/D : -11.488496
[setup reg-reg] _33246_/Q -> _33113_/D : -11.487853
[setup reg-reg] _33246_/Q -> _33125_/D : -11.487526
[setup reg-reg] _33246_/Q -> _33111_/D : -11.487454
[setup reg-reg] _33246_/Q -> _31039_/D : -11.487185
[setup reg-reg] _33246_/Q -> _33110_/D : -11.486663
[setup reg-reg] _33246_/Q -> _33581_/D : -11.485785
[setup reg-reg] _33246_/Q -> _31343_/D : -11.485696
[setup reg-reg] _33246_/Q -> _31047_/D : -11.485547
[setup reg-reg] _33246_/Q -> _33123_/D : -11.485451
[setup reg-reg] _33246_/Q -> _33114_/D : -11.485412
[setup reg-reg] _33246_/Q -> _33112_/D : -11.485333
[setup reg-reg] _33246_/Q -> _33131_/D : -11.485242
[setup reg-reg] _33246_/Q -> _33138_/D : -11.485245
[setup reg-reg] _33246_/Q -> _33593_/D : -11.484911
[setup reg-reg] _33246_/Q -> _33588_/D : -11.484488
[setup reg-reg] _33246_/Q -> _31324_/D : -11.484101
[setup reg-reg] _33246_/Q -> _33543_/D : -11.483636
[setup reg-reg] _33246_/Q -> _33580_/D : -11.483263
[setup reg-reg] _33246_/Q -> _31339_/D : -11.483188
[setup reg-reg] _33246_/Q -> _33515_/D : -11.483103
[setup reg-reg] _33246_/Q -> _33135_/D : -11.482901
[setup reg-reg] _33246_/Q -> _31009_/D : -11.482808
[setup reg-reg] _33246_/Q -> _33578_/D : -11.482740
[setup reg-reg] _33246_/Q -> _34241_/D : -11.482452
[setup reg-reg] _33246_/Q -> _33687_/D : -11.481377
[setup reg-reg] _33246_/Q -> _33606_/D : -11.481074
[setup reg-reg] _33246_/Q -> _30998_/D : -11.480584
[setup reg-reg] _33246_/Q -> _30241_/D : -11.479813
[setup reg-reg] _33246_/Q -> _33599_/D : -11.479771
[setup reg-reg] _33246_/Q -> _33539_/D : -11.478303
[setup reg-reg] _33246_/Q -> _34092_/D : -11.478079
[setup reg-reg] _33246_/Q -> _33532_/D : -11.477959
[setup reg-reg] _33246_/Q -> _33526_/D : -11.477689
[setup reg-reg] _33246_/Q -> _33520_/D : -11.477539
[setup reg-reg] _33246_/Q -> _33544_/D : -11.477294
[setup reg-reg] _33246_/Q -> _31235_/D : -11.476985
[setup reg-reg] _33246_/Q -> _31240_/D : -11.475272
[setup reg-reg] _33246_/Q -> _34281_/D : -11.475280
[setup reg-reg] _33246_/Q -> _31159_/D : -11.475099
[setup reg-reg] _33246_/Q -> _34297_/D : -11.475091
[setup reg-reg] _33246_/Q -> _31176_/D : -11.474395
[setup reg-reg] _33246_/Q -> _30246_/D : -11.474277
[setup reg-reg] _33246_/Q -> _34029_/D : -11.474018
[setup reg-reg] _33246_/Q -> _31153_/D : -11.473731
[setup reg-reg] _33246_/Q -> _34026_/D : -11.473507
[setup reg-reg] _33246_/Q -> _30947_/D : -11.473478
[setup reg-reg] _33246_/Q -> _32952_/D : -11.473411
[setup reg-reg] _33246_/Q -> _31035_/D : -11.472370
[setup reg-reg] _33246_/Q -> _34111_/D : -11.471961
[setup reg-reg] _33246_/Q -> _34094_/D : -11.471752
[setup reg-reg] _33246_/Q -> _33533_/D : -11.470363
[setup reg-reg] _33246_/Q -> _33541_/D : -11.470249
[setup reg-reg] _33246_/Q -> _34286_/D : -11.469915
[setup reg-reg] _33246_/Q -> _34303_/D : -11.469751
[setup reg-reg] _33246_/Q -> _33834_/D : -11.469673
[setup reg-reg] _33246_/Q -> _33870_/D : -11.469446
[setup reg-reg] _33246_/Q -> _33522_/D : -11.469397
[setup reg-reg] _33246_/Q -> _33835_/D : -11.469368
[setup reg-reg] _33246_/Q -> _34103_/D : -11.468270
[setup reg-reg] _33246_/Q -> _31041_/D : -11.468025
[setup reg-reg] _33246_/Q -> _33881_/D : -11.467986
[setup reg-reg] _33246_/Q -> _33537_/D : -11.467787
[setup reg-reg] _33246_/Q -> _33865_/D : -11.467510
[setup reg-reg] _33246_/Q -> _34093_/D : -11.467037
[setup reg-reg] _33246_/Q -> _34315_/D : -11.466664
[setup reg-reg] _33246_/Q -> _34118_/D : -11.466483
[setup reg-reg] _33246_/Q -> _34201_/D : -11.466178
[setup reg-reg] _33246_/Q -> _33962_/D : -11.465521
[setup reg-reg] _33246_/Q -> _33963_/D : -11.464881
[setup reg-reg] _33246_/Q -> _34265_/D : -11.464110
[setup reg-reg] _33246_/Q -> _33993_/D : -11.463907
[setup reg-reg] _33246_/Q -> _34051_/D : -11.463158
[setup reg-reg] _33246_/Q -> _33837_/D : -11.462688
[setup reg-reg] _33246_/Q -> _31046_/D : -11.462291
[setup reg-reg] _33246_/Q -> _34254_/D : -11.461726
[setup reg-reg] _33246_/Q -> _30646_/D : -11.461499
[setup reg-reg] _33246_/Q -> _34009_/D : -11.461158
[setup reg-reg] _33246_/Q -> _33879_/D : -11.460277
[setup reg-reg] _33246_/Q -> _33801_/D : -11.460025
[setup reg-reg] _33246_/Q -> _31171_/D : -11.459517
[setup reg-reg] _33246_/Q -> _32933_/D : -11.459449
[setup reg-reg] _33246_/Q -> _32935_/D : -11.459424
[setup reg-reg] _33246_/Q -> _34295_/D : -11.459414
[setup reg-reg] _33246_/Q -> _33817_/D : -11.459346
[setup reg-reg] _33246_/Q -> _32917_/D : -11.459300
[setup reg-reg] _33246_/Q -> _33689_/D : -11.458998
[setup reg-reg] _33246_/Q -> _33677_/D : -11.458955
[setup reg-reg] _33246_/Q -> _33998_/D : -11.458887
[setup reg-reg] _33246_/Q -> _33674_/D : -11.458817
[setup reg-reg] _33246_/Q -> _34341_/D : -11.458536
[setup reg-reg] _33246_/Q -> _34285_/D : -11.458514
[setup reg-reg] _33246_/Q -> _34332_/D : -11.458408
[setup reg-reg] _33246_/Q -> _33684_/D : -11.458386
[setup reg-reg] _33246_/Q -> _34339_/D : -11.458326
[setup reg-reg] _33246_/Q -> _34310_/D : -11.457814
[setup reg-reg] _33246_/Q -> _33540_/D : -11.457684
[setup reg-reg] _33246_/Q -> _33676_/D : -11.457566
[setup reg-reg] _33246_/Q -> _33996_/D : -11.457087
[setup reg-reg] _33246_/Q -> _34007_/D : -11.456905
[setup reg-reg] _33246_/Q -> _33702_/D : -11.456607
[setup reg-reg] _33246_/Q -> _34036_/D : -11.456574
[setup reg-reg] _33246_/Q -> _34188_/D : -11.455981
[setup reg-reg] _33246_/Q -> _34252_/D : -11.455960
[setup reg-reg] _33246_/Q -> _31272_/D : -11.455899
[setup reg-reg] _33246_/Q -> _34015_/D : -11.455874
[setup reg-reg] _33246_/Q -> _33695_/D : -11.455434
[setup reg-reg] _33246_/Q -> _33887_/D : -11.455388
[setup reg-reg] _33246_/Q -> _31845_/D : -11.455097
[setup reg-reg] _33246_/Q -> _30641_/D : -11.455040
[setup reg-reg] _33246_/Q -> _31271_/D : -11.454123
[setup reg-reg] _33246_/Q -> _31249_/D : -11.454021
[setup reg-reg] _33246_/Q -> _31254_/D : -11.453558
[setup reg-reg] _33246_/Q -> _33769_/D : -11.452979
[setup reg-reg] _33246_/Q -> _33142_/D : -11.451896
[setup reg-reg] _33246_/Q -> _33152_/D : -11.451789
[setup reg-reg] _33246_/Q -> _33785_/D : -11.451793
[setup reg-reg] _33246_/Q -> _33479_/D : -11.451352
[setup reg-reg] _33246_/Q -> _33451_/D : -11.451253
[setup reg-reg] _33246_/Q -> _33171_/D : -11.451025
[setup reg-reg] _33246_/Q -> _34190_/D : -11.450862
[setup reg-reg] _33246_/Q -> _32967_/D : -11.450390
[setup reg-reg] _33246_/Q -> _33161_/D : -11.450048
[setup reg-reg] _33246_/Q -> _30655_/D : -11.450016
[setup reg-reg] _33246_/Q -> _34207_/D : -11.449913
[setup reg-reg] _33246_/Q -> _34189_/D : -11.449618
[setup reg-reg] _33246_/Q -> _33862_/D : -11.449303
[setup reg-reg] _33246_/Q -> _33167_/D : -11.449224
[setup reg-reg] _33246_/Q -> _34271_/D : -11.448830
[setup reg-reg] _33246_/Q -> _31185_/D : -11.448669
[setup reg-reg] _33246_/Q -> _31199_/D : -11.448588
[setup reg-reg] _33246_/Q -> _33160_/D : -11.448539
[setup reg-reg] _33246_/Q -> _33154_/D : -11.448428
[setup reg-reg] _33246_/Q -> _34214_/D : -11.448364
[setup reg-reg] _33246_/Q -> _34199_/D : -11.447170
[setup reg-reg] _33246_/Q -> _34253_/D : -11.447082
[setup reg-reg] _33246_/Q -> _33148_/D : -11.447046
[setup reg-reg] _33246_/Q -> _33965_/D : -11.447001
[setup reg-reg] _33246_/Q -> _31201_/D : -11.446627
[setup reg-reg] _33246_/Q -> _34250_/D : -11.446457
[setup reg-reg] _33246_/Q -> _34278_/D : -11.446393
[setup reg-reg] _33246_/Q -> _33468_/D : -11.445930
[setup reg-reg] _33246_/Q -> _33173_/D : -11.445910
[setup reg-reg] _33246_/Q -> _33187_/D : -11.445664
[setup reg-reg] _33246_/Q -> _32027_/D : -11.445391
[setup reg-reg] _33246_/Q -> _34263_/D : -11.445366
[setup reg-reg] _33246_/Q -> _31190_/D : -11.445255
[setup reg-reg] _33246_/Q -> _33473_/D : -11.444826
[setup reg-reg] _33246_/Q -> _33475_/D : -11.444676
[setup reg-reg] _33246_/Q -> _33480_/D : -11.444322
[setup reg-reg] _33246_/Q -> _33462_/D : -11.444307
[setup reg-reg] _33246_/Q -> _33456_/D : -11.444246
[setup reg-reg] _33246_/Q -> _33189_/D : -11.443834
[setup reg-reg] _33246_/Q -> _31263_/D : -11.443781
[setup reg-reg] _33246_/Q -> _33511_/D : -11.443731
[setup reg-reg] _33246_/Q -> _30243_/D : -11.443199
[setup reg-reg] _33246_/Q -> _31434_/D : -11.442687
[setup reg-reg] _33246_/Q -> _33484_/D : -11.441525
[setup reg-reg] _33246_/Q -> _33485_/D : -11.440751
[setup reg-reg] _33246_/Q -> _34314_/D : -11.440459
[setup reg-reg] _33246_/Q -> _33859_/D : -11.440122
[setup reg-reg] _33246_/Q -> _33503_/D : -11.440016
[setup reg-reg] _33246_/Q -> _33510_/D : -11.439756
[setup reg-reg] _33246_/Q -> _33815_/D : -11.439390
[setup reg-reg] _33246_/Q -> _33482_/D : -11.439081
[setup reg-reg] _33246_/Q -> _33805_/D : -11.438747
[setup reg-reg] _33246_/Q -> _33178_/D : -11.438708
[setup reg-reg] _33246_/Q -> _33492_/D : -11.438353
[setup reg-reg] _33246_/Q -> _33172_/D : -11.438169
[setup reg-reg] _33246_/Q -> _33469_/D : -11.438047
[setup reg-reg] _33246_/Q -> _33165_/D : -11.437613
[setup reg-reg] _33246_/Q -> _33802_/D : -11.437496
[setup reg-reg] _33246_/Q -> _32931_/D : -11.437429
[setup reg-reg] _33246_/Q -> _32921_/D : -11.437393
[setup reg-reg] _33246_/Q -> _33804_/D : -11.437401
[setup reg-reg] _33246_/Q -> _33150_/D : -11.437223
[setup reg-reg] _33246_/Q -> _31319_/D : -11.437092
[setup reg-reg] _33246_/Q -> _31336_/D : -11.436964
[setup reg-reg] _33246_/Q -> _32918_/D : -11.436800
[setup reg-reg] _33246_/Q -> _33458_/D : -11.436623
[setup reg-reg] _33246_/Q -> _33168_/D : -11.436402
[setup reg-reg] _33246_/Q -> _34324_/D : -11.435997
[setup reg-reg] _33246_/Q -> _31169_/D : -11.435855
[setup reg-reg] _33246_/Q -> _33830_/D : -11.435702
[setup reg-reg] _33246_/Q -> _32920_/D : -11.435525
[setup reg-reg] _33246_/Q -> _33803_/D : -11.435084
[setup reg-reg] _33246_/Q -> _33987_/D : -11.435066
[setup reg-reg] _33246_/Q -> _33476_/D : -11.435010
[setup reg-reg] _33246_/Q -> _33823_/D : -11.434896
[setup reg-reg] _33246_/Q -> _33477_/D : -11.434114
[setup reg-reg] _33246_/Q -> _32919_/D : -11.434026
[setup reg-reg] _33246_/Q -> _32922_/D : -11.434032
[setup reg-reg] _33246_/Q -> _32939_/D : -11.433983
[setup reg-reg] _33246_/Q -> _32946_/D : -11.433993
[setup reg-reg] _33246_/Q -> _33844_/D : -11.433354
[setup reg-reg] _33246_/Q -> _34343_/D : -11.431969
[setup reg-reg] _33246_/Q -> _33783_/D : -11.431897
[setup reg-reg] _33246_/Q -> _31995_/D : -11.431475
[setup reg-reg] _33246_/Q -> _33773_/D : -11.431293
[setup reg-reg] _33246_/Q -> _34333_/D : -11.430945
[setup reg-reg] _33246_/Q -> _31043_/D : -11.430618
[setup reg-reg] _33246_/Q -> _30644_/D : -11.430327
[setup reg-reg] _33246_/Q -> _33772_/D : -11.430082
[setup reg-reg] _33246_/Q -> _33770_/D : -11.429869
[setup reg-reg] _33246_/Q -> _31963_/D : -11.428682
[setup reg-reg] _33246_/Q -> _31980_/D : -11.428341
[setup reg-reg] _33246_/Q -> _34284_/D : -11.428157
[setup reg-reg] _33246_/Q -> _33798_/D : -11.428075
[setup reg-reg] _33246_/Q -> _33774_/D : -11.427630
[setup reg-reg] _33246_/Q -> _32059_/D : -11.427311
[setup reg-reg] _33246_/Q -> _33791_/D : -11.426917
[setup reg-reg] _33246_/Q -> _33548_/D : -11.426565
[setup reg-reg] _33246_/Q -> _33990_/D : -11.426337
[setup reg-reg] _33246_/Q -> _34153_/D : -11.426199
[setup reg-reg] _33246_/Q -> _34169_/D : -11.425919
[setup reg-reg] _33246_/Q -> _32135_/D : -11.425719
[setup reg-reg] _33246_/Q -> _33169_/D : -11.425641
[setup reg-reg] _33246_/Q -> _33972_/D : -11.425595
[setup reg-reg] _33246_/Q -> _33868_/D : -11.425563
[setup reg-reg] _33246_/Q -> _32063_/D : -11.425453
[setup reg-reg] _33246_/Q -> _32068_/D : -11.425332
[setup reg-reg] _33246_/Q -> _33549_/D : -11.425332
[setup reg-reg] _33246_/Q -> _32061_/D : -11.425005
[setup reg-reg] _33246_/Q -> _31432_/D : -11.424849
[setup reg-reg] _33246_/Q -> _32078_/D : -11.424792
[setup reg-reg] _33246_/Q -> _33574_/D : -11.424689
[setup reg-reg] _33246_/Q -> _33567_/D : -11.424216
[setup reg-reg] _33246_/Q -> _33546_/D : -11.423971
[setup reg-reg] _33246_/Q -> _33556_/D : -11.423751
[setup reg-reg] _33246_/Q -> _33176_/D : -11.422340
[setup reg-reg] _33246_/Q -> _32065_/D : -11.421922
[setup reg-reg] _33246_/Q -> _31252_/D : -11.421403
[setup reg-reg] _33246_/Q -> _31414_/D : -11.420987
[setup reg-reg] _33246_/Q -> _32067_/D : -11.420631
[setup reg-reg] _33246_/Q -> _32070_/D : -11.420528
[setup reg-reg] _33246_/Q -> _33997_/D : -11.420188
[setup reg-reg] _33246_/Q -> _33655_/D : -11.420174
[setup reg-reg] _33246_/Q -> _32196_/D : -11.420063
[setup reg-reg] _33246_/Q -> _32191_/D : -11.419531
[setup reg-reg] _33246_/Q -> _32206_/D : -11.419065
[setup reg-reg] _33246_/Q -> _32189_/D : -11.419033
[setup reg-reg] _33246_/Q -> _33657_/D : -11.418557
[setup reg-reg] _33246_/Q -> _33645_/D : -11.418368
[setup reg-reg] _33246_/Q -> _33642_/D : -11.417577
[setup reg-reg] _33246_/Q -> _31222_/D : -11.417122
[setup reg-reg] _33246_/Q -> _33652_/D : -11.416842
[setup reg-reg] _33246_/Q -> _33623_/D : -11.416521
[setup reg-reg] _33246_/Q -> _33644_/D : -11.416117
[setup reg-reg] _33246_/Q -> _34156_/D : -11.416045
[setup reg-reg] _33246_/Q -> _32193_/D : -11.415601
[setup reg-reg] _33246_/Q -> _31415_/D : -11.415580
[setup reg-reg] _33246_/Q -> _33670_/D : -11.415502
[setup reg-reg] _33246_/Q -> _30663_/D : -11.415281
[setup reg-reg] _33246_/Q -> _31438_/D : -11.415044
[setup reg-reg] _33246_/Q -> _33663_/D : -11.414412
[setup reg-reg] _33246_/Q -> _32198_/D : -11.413836
[setup reg-reg] _33246_/Q -> _32195_/D : -11.413558
[setup reg-reg] _33246_/Q -> _31421_/D : -11.413199
[setup reg-reg] _33246_/Q -> _31424_/D : -11.412972
[setup reg-reg] _33246_/Q -> _31419_/D : -11.412471
[setup reg-reg] _33246_/Q -> _34158_/D : -11.411889
[setup reg-reg] _33246_/Q -> _31217_/D : -11.411786
[setup reg-reg] _33246_/Q -> _32044_/D : -11.411750
[setup reg-reg] _33246_/Q -> _31417_/D : -11.411114
[setup reg-reg] _33246_/Q -> _32698_/D : -11.410720
[setup reg-reg] _33246_/Q -> _31426_/D : -11.410638
[setup reg-reg] _33246_/Q -> _31511_/D : -11.410450
[setup reg-reg] _33246_/Q -> _33081_/D : -11.410233
[setup reg-reg] _33246_/Q -> _32181_/D : -11.410091
[setup reg-reg] _33246_/Q -> _33866_/D : -11.409896
[setup reg-reg] _33246_/Q -> _34175_/D : -11.409732
[setup reg-reg] _33246_/Q -> _34157_/D : -11.409643
[setup reg-reg] _33246_/Q -> _33079_/D : -11.409328
[setup reg-reg] _33246_/Q -> _33080_/D : -11.409316
[setup reg-reg] _33246_/Q -> _30728_/D : -11.409299
[setup reg-reg] _33246_/Q -> _33099_/D : -11.409196
[setup reg-reg] _33246_/Q -> _33091_/D : -11.409161
[setup reg-reg] _33246_/Q -> _33867_/D : -11.408463
[setup reg-reg] _33246_/Q -> _33106_/D : -11.408428
[setup reg-reg] _33246_/Q -> _34182_/D : -11.408290
[setup reg-reg] _33246_/Q -> _33869_/D : -11.408179
[setup reg-reg] _33246_/Q -> _34167_/D : -11.407182
[setup reg-reg] _33246_/Q -> _33195_/D : -11.407143
[setup reg-reg] _33246_/Q -> _31231_/D : -11.406791
[setup reg-reg] _33246_/Q -> _30645_/D : -11.406616
[setup reg-reg] _33246_/Q -> _31207_/D : -11.406023
[setup reg-reg] _33246_/Q -> _32699_/D : -11.406023
[setup reg-reg] _33246_/Q -> _31423_/D : -11.405181
[setup reg-reg] _33246_/Q -> _33093_/D : -11.405113
[setup reg-reg] _33246_/Q -> _31409_/D : -11.405061
[setup reg-reg] _33246_/Q -> _32722_/D : -11.404858
[setup reg-reg] _33246_/Q -> _31430_/D : -11.404662
[setup reg-reg] _33246_/Q -> _32718_/D : -11.404336
[setup reg-reg] _33246_/Q -> _33401_/D : -11.402722
[setup reg-reg] _33246_/Q -> _32708_/D : -11.402701
[setup reg-reg] _33246_/Q -> _32705_/D : -11.402652
[setup reg-reg] _33246_/Q -> _32703_/D : -11.401309
[setup reg-reg] _33246_/Q -> _33932_/D : -11.401273
[setup reg-reg] _33246_/Q -> _33387_/D : -11.401106
[setup reg-reg] _33246_/Q -> _33414_/D : -11.400858
[setup reg-reg] _33246_/Q -> _30440_/D : -11.400765
[setup reg-reg] _33246_/Q -> _34137_/D : -11.400673
[setup reg-reg] _33246_/Q -> _32885_/D : -11.400559
[setup reg-reg] _33246_/Q -> _33386_/D : -11.400424
[setup reg-reg] _33246_/Q -> _32701_/D : -11.400378
[setup reg-reg] _33246_/Q -> _32890_/D : -11.400012
[setup reg-reg] _33246_/Q -> _32710_/D : -11.399899
[setup reg-reg] _33246_/Q -> _33388_/D : -11.399483
[setup reg-reg] _33246_/Q -> _33407_/D : -11.399468
[setup reg-reg] _33246_/Q -> _33399_/D : -11.399333
[setup reg-reg] _33246_/Q -> _33389_/D : -11.399216
[setup reg-reg] _33246_/Q -> _32901_/D : -11.399063
[setup reg-reg] _33246_/Q -> _33943_/D : -11.398029
[setup reg-reg] _33246_/Q -> _33934_/D : -11.397841
[setup reg-reg] _33246_/Q -> _33945_/D : -11.396563
[setup reg-reg] _33246_/Q -> _33139_/D : -11.396541
[setup reg-reg] _33246_/Q -> _33120_/D : -11.395713
[setup reg-reg] _33246_/Q -> _34126_/D : -11.395258
[setup reg-reg] _33246_/Q -> _32972_/D : -11.395056
[setup reg-reg] _33246_/Q -> _32693_/D : -11.394391
[setup reg-reg] _33246_/Q -> _33129_/D : -11.394249
[setup reg-reg] _33246_/Q -> _32707_/D : -11.394168
[setup reg-reg] _33246_/Q -> _33613_/D : -11.393944
[setup reg-reg] _33246_/Q -> _32714_/D : -11.393649
[setup reg-reg] _33246_/Q -> _33625_/D : -11.393624
[setup reg-reg] _33246_/Q -> _32914_/D : -11.393567
[setup reg-reg] _33246_/Q -> _32899_/D : -11.393542
[setup reg-reg] _33246_/Q -> _32907_/D : -11.393308
[setup reg-reg] _33246_/Q -> _31253_/D : -11.393212
[setup reg-reg] _33246_/Q -> _33913_/D : -11.393031
[setup reg-reg] _33246_/Q -> _33610_/D : -11.392928
[setup reg-reg] _33246_/Q -> _33607_/D : -11.392871
[setup reg-reg] _33246_/Q -> _34091_/D : -11.392764
[setup reg-reg] _33246_/Q -> _33122_/D : -11.392654
[setup reg-reg] _33246_/Q -> _33128_/D : -11.392654
[setup reg-reg] _33246_/Q -> _33620_/D : -11.392587
[setup reg-reg] _33246_/Q -> _32949_/D : -11.392267
[setup reg-reg] _33246_/Q -> _33631_/D : -11.392093
[setup reg-reg] _33246_/Q -> _34108_/D : -11.391791
[setup reg-reg] _33246_/Q -> _33596_/D : -11.391709
[setup reg-reg] _33246_/Q -> _33902_/D : -11.391457
[setup reg-reg] _33246_/Q -> _33612_/D : -11.391244
[setup reg-reg] _33246_/Q -> _33994_/D : -11.391042
[setup reg-reg] _33246_/Q -> _33638_/D : -11.390743
[setup reg-reg] _33246_/Q -> _33579_/D : -11.390487
[setup reg-reg] _33246_/Q -> _33951_/D : -11.390416
[setup reg-reg] _33246_/Q -> _34124_/D : -11.390327
[setup reg-reg] _33246_/Q -> _33597_/D : -11.390146
[setup reg-reg] _33246_/Q -> _33603_/D : -11.389482
[setup reg-reg] _33246_/Q -> _34283_/D : -11.389162
[setup reg-reg] _33246_/Q -> _34307_/D : -11.387809
[setup reg-reg] _33246_/Q -> _33116_/D : -11.387630
[setup reg-reg] _33246_/Q -> _32971_/D : -11.387097
[setup reg-reg] _33246_/Q -> _30670_/D : -11.387012
[setup reg-reg] _33246_/Q -> _31278_/D : -11.386963
[setup reg-reg] _33246_/Q -> _32963_/D : -11.386806
[setup reg-reg] _33246_/Q -> _33911_/D : -11.386121
[setup reg-reg] _33246_/Q -> _32219_/D : -11.384558
[setup reg-reg] _33246_/Q -> _34143_/D : -11.383907
[setup reg-reg] _33246_/Q -> _34300_/D : -11.383464
[setup reg-reg] _33246_/Q -> _30568_/D : -11.383261
[setup reg-reg] _33246_/Q -> _33919_/D : -11.382959
[setup reg-reg] _33246_/Q -> _34311_/D : -11.382142
[setup reg-reg] _33246_/Q -> _34233_/D : -11.381080
[setup reg-reg] _33246_/Q -> _32228_/D : -11.380732
[setup reg-reg] _33246_/Q -> _32238_/D : -11.380401
[setup reg-reg] _33246_/Q -> _32223_/D : -11.380347
[setup reg-reg] _33246_/Q -> _33118_/D : -11.380198
[setup reg-reg] _33246_/Q -> _32221_/D : -11.379879
[setup reg-reg] _33246_/Q -> _34090_/D : -11.379779
[setup reg-reg] _33246_/Q -> _34135_/D : -11.379659
[setup reg-reg] _33246_/Q -> _32225_/D : -11.379605
[setup reg-reg] _33246_/Q -> _34125_/D : -11.379385
[setup reg-reg] _33246_/Q -> _33605_/D : -11.379247
[setup reg-reg] _33246_/Q -> _32965_/D : -11.378923
[setup reg-reg] _33246_/Q -> _31318_/D : -11.378881
[setup reg-reg] _33246_/Q -> _33140_/D : -11.378877
[setup reg-reg] _33246_/Q -> _34222_/D : -11.378870
[setup reg-reg] _33246_/Q -> _33133_/D : -11.378483
[setup reg-reg] _33246_/Q -> _34150_/D : -11.378475
[setup reg-reg] _33246_/Q -> _31335_/D : -11.378337
[setup reg-reg] _33246_/Q -> _30363_/D : -11.378316
[setup reg-reg] _33246_/Q -> _32242_/D : -11.377818
[setup reg-reg] _33246_/Q -> _30368_/D : -11.377804
[setup reg-reg] _33246_/Q -> _34251_/D : -11.377748
[setup reg-reg] _33246_/Q -> _33891_/D : -11.377616
[setup reg-reg] _33246_/Q -> _33885_/D : -11.377552
[setup reg-reg] _33246_/Q -> _30378_/D : -11.377207
[setup reg-reg] _33246_/Q -> _30361_/D : -11.377090
[setup reg-reg] _33246_/Q -> _30365_/D : -11.376990
[setup reg-reg] _33246_/Q -> _34100_/D : -11.376624
[setup reg-reg] _33246_/Q -> _31313_/D : -11.376529
[setup reg-reg] _33246_/Q -> _32954_/D : -11.376504
[setup reg-reg] _33246_/Q -> _31400_/D : -11.376191
[setup reg-reg] _33246_/Q -> _34275_/D : -11.376159
[setup reg-reg] _33246_/Q -> _33995_/D : -11.376039
[setup reg-reg] _33246_/Q -> _30382_/D : -11.375971
[setup reg-reg] _33246_/Q -> _34268_/D : -11.375946
[setup reg-reg] _33246_/Q -> _34187_/D : -11.375598
[setup reg-reg] _33246_/Q -> _30359_/D : -11.375448
[setup reg-reg] _33246_/Q -> _34019_/D : -11.374375
[setup reg-reg] _33246_/Q -> _32227_/D : -11.374326
[setup reg-reg] _33246_/Q -> _33590_/D : -11.374276
[setup reg-reg] _33246_/Q -> _32230_/D : -11.374113
[setup reg-reg] _33246_/Q -> _33601_/D : -11.373136
[setup reg-reg] _33246_/Q -> _30370_/D : -11.372660
[setup reg-reg] _33246_/Q -> _31382_/D : -11.372528
[setup reg-reg] _33246_/Q -> _33608_/D : -11.372042
[setup reg-reg] _33246_/Q -> _34282_/D : -11.371797
[setup reg-reg] _33246_/Q -> _30367_/D : -11.371708
[setup reg-reg] _33246_/Q -> _33876_/D : -11.370951
[setup reg-reg] _33246_/Q -> _34204_/D : -11.369952
[setup reg-reg] _33246_/Q -> _30952_/D : -11.369576
[setup reg-reg] _33246_/Q -> _33894_/D : -11.369433
[setup reg-reg] _33246_/Q -> _33705_/D : -11.368979
[setup reg-reg] _33246_/Q -> _31327_/D : -11.368496
[setup reg-reg] _33246_/Q -> _31329_/D : -11.368261
[setup reg-reg] _33246_/Q -> _33137_/D : -11.367835
[setup reg-reg] _33246_/Q -> _33692_/D : -11.367331
[setup reg-reg] _33246_/Q -> _31239_/D : -11.366876
[setup reg-reg] _33246_/Q -> _33703_/D : -11.366780
[setup reg-reg] _33246_/Q -> _34239_/D : -11.366606
[setup reg-reg] _33246_/Q -> _31406_/D : -11.366379
[setup reg-reg] _33246_/Q -> _31383_/D : -11.365984
[setup reg-reg] _33246_/Q -> _31402_/D : -11.365302
[setup reg-reg] _33246_/Q -> _33693_/D : -11.365053
[setup reg-reg] _33246_/Q -> _34119_/D : -11.364975
[setup reg-reg] _33246_/Q -> _34221_/D : -11.364375
[setup reg-reg] _33246_/Q -> _31392_/D : -11.364357
[setup reg-reg] _33246_/Q -> _31389_/D : -11.364271
[setup reg-reg] _33246_/Q -> _34246_/D : -11.364090
[setup reg-reg] _33246_/Q -> _34231_/D : -11.364005
[setup reg-reg] _33246_/Q -> _34004_/D : -11.363408
[setup reg-reg] _33246_/Q -> _34115_/D : -11.363377
[setup reg-reg] _33246_/Q -> _34292_/D : -11.362982
[setup reg-reg] _33246_/Q -> _31387_/D : -11.362904
[setup reg-reg] _33246_/Q -> _33675_/D : -11.362804
[setup reg-reg] _33246_/Q -> _33699_/D : -11.361913
[setup reg-reg] _33246_/Q -> _34109_/D : -11.361870
[setup reg-reg] _33246_/Q -> _31385_/D : -11.361529
[setup reg-reg] _33246_/Q -> _34022_/D : -11.361330
[setup reg-reg] _33246_/Q -> _31221_/D : -11.361273
[setup reg-reg] _33246_/Q -> _34301_/D : -11.360492
[setup reg-reg] _33246_/Q -> _33136_/D : -11.358594
[setup reg-reg] _33246_/Q -> _32888_/D : -11.358243
[setup reg-reg] _33246_/Q -> _34186_/D : -11.357926
[setup reg-reg] _33246_/Q -> _34196_/D : -11.356318
[setup reg-reg] _33246_/Q -> _34215_/D : -11.356093
[setup reg-reg] _33246_/Q -> _34260_/D : -11.356030
[setup reg-reg] _33246_/Q -> _31377_/D : -11.355824
[setup reg-reg] _33246_/Q -> _31394_/D : -11.355657
[setup reg-reg] _33246_/Q -> _31398_/D : -11.355560
[setup reg-reg] _33246_/Q -> _31391_/D : -11.355408
[setup reg-reg] _33246_/Q -> _33933_/D : -11.355372
[setup reg-reg] _33246_/Q -> _33604_/D : -11.354726
[setup reg-reg] _33246_/Q -> _32114_/D : -11.353635
[setup reg-reg] _33246_/Q -> _33701_/D : -11.352942
[setup reg-reg] _33246_/Q -> _32091_/D : -11.352498
[setup reg-reg] _33246_/Q -> _31316_/D : -11.351407
[setup reg-reg] _33246_/Q -> _33483_/D : -11.351294
[setup reg-reg] _33246_/Q -> _33500_/D : -11.351166
[setup reg-reg] _33246_/Q -> _33900_/D : -11.350651
[setup reg-reg] _33246_/Q -> _32095_/D : -11.350330
[setup reg-reg] _33246_/Q -> _34279_/D : -11.350221
[setup reg-reg] _33246_/Q -> _32100_/D : -11.349297
[setup reg-reg] _33246_/Q -> _32093_/D : -11.349282
[setup reg-reg] _33246_/Q -> _33586_/D : -11.349257
[setup reg-reg] _33246_/Q -> _34113_/D : -11.348870
[setup reg-reg] _33246_/Q -> _33507_/D : -11.348619
[setup reg-reg] _33246_/Q -> _32110_/D : -11.348604
[setup reg-reg] _33246_/Q -> _32097_/D : -11.348586
[setup reg-reg] _33246_/Q -> _33812_/D : -11.348114
[setup reg-reg] _33246_/Q -> _33494_/D : -11.348085
[setup reg-reg] _33246_/Q -> _33512_/D : -11.347933
[setup reg-reg] _33246_/Q -> _33488_/D : -11.347758
[setup reg-reg] _33246_/Q -> _33831_/D : -11.347741
[setup reg-reg] _33246_/Q -> _33709_/D : -11.347649
[setup reg-reg] _33246_/Q -> _34102_/D : -11.347641
[setup reg-reg] _33246_/Q -> _34269_/D : -11.347357
[setup reg-reg] _33246_/Q -> _32928_/D : -11.347251
[setup reg-reg] _33246_/Q -> _33686_/D : -11.346984
[setup reg-reg] _33246_/Q -> _33719_/D : -11.346928
[setup reg-reg] _33246_/Q -> _33584_/D : -11.346903
[setup reg-reg] _33246_/Q -> _34096_/D : -11.346778
[setup reg-reg] _33246_/Q -> _32947_/D : -11.346576
[setup reg-reg] _33246_/Q -> _33706_/D : -11.346519
[setup reg-reg] _33246_/Q -> _33708_/D : -11.346170
[setup reg-reg] _33246_/Q -> _30783_/D : -11.345357
[setup reg-reg] _33246_/Q -> _32936_/D : -11.345268
[setup reg-reg] _33246_/Q -> _32102_/D : -11.344913
[setup reg-reg] _33246_/Q -> _33704_/D : -11.344856
[setup reg-reg] _33246_/Q -> _33734_/D : -11.344778
[setup reg-reg] _33246_/Q -> _33710_/D : -11.344174
[setup reg-reg] _33246_/Q -> _33727_/D : -11.343598
[setup reg-reg] _33246_/Q -> _34211_/D : -11.342874
[setup reg-reg] _33246_/Q -> _32915_/D : -11.342323
[setup reg-reg] _33246_/Q -> _32887_/D : -11.342295
[setup reg-reg] _33246_/Q -> _31729_/D : -11.341584
[setup reg-reg] _33246_/Q -> _32099_/D : -11.341257
[setup reg-reg] _33246_/Q -> _33490_/D : -11.340841
[setup reg-reg] _33246_/Q -> _33780_/D : -11.340322
[setup reg-reg] _33246_/Q -> _33930_/D : -11.340213
[setup reg-reg] _33246_/Q -> _33799_/D : -11.339680
[setup reg-reg] _33246_/Q -> _33931_/D : -11.339669
[setup reg-reg] _33246_/Q -> _33501_/D : -11.339637
[setup reg-reg] _33246_/Q -> _33955_/D : -11.338944
[setup reg-reg] _33246_/Q -> _33505_/D : -11.338177
[setup reg-reg] _33246_/Q -> _33827_/D : -11.338063
[setup reg-reg] _33246_/Q -> _34205_/D : -11.338031
[setup reg-reg] _33246_/Q -> _33509_/D : -11.337804
[setup reg-reg] _33246_/Q -> _33508_/D : -11.337402
[setup reg-reg] _33246_/Q -> _32943_/D : -11.337200
[setup reg-reg] _33246_/Q -> _33814_/D : -11.336980
[setup reg-reg] _33246_/Q -> _34220_/D : -11.336859
[setup reg-reg] _33246_/Q -> _32930_/D : -11.336760
[setup reg-reg] _33246_/Q -> _33575_/D : -11.336575
[setup reg-reg] _33246_/Q -> _31730_/D : -11.336319
[setup reg-reg] _33246_/Q -> _33547_/D : -11.335889
[setup reg-reg] _33246_/Q -> _34155_/D : -11.335523
[setup reg-reg] _33246_/Q -> _33901_/D : -11.335214
[setup reg-reg] _33246_/Q -> _33820_/D : -11.335032
[setup reg-reg] _33246_/Q -> _33564_/D : -11.334411
[setup reg-reg] _33246_/Q -> _33898_/D : -11.334244
[setup reg-reg] _33246_/Q -> _31736_/D : -11.333630
[setup reg-reg] _33246_/Q -> _33899_/D : -11.333605
[setup reg-reg] _33246_/Q -> _31734_/D : -11.333385
[setup reg-reg] _33246_/Q -> _31739_/D : -11.333036
[setup reg-reg] _33246_/Q -> _31749_/D : -11.332460
[setup reg-reg] _33246_/Q -> _31753_/D : -11.332308
[setup reg-reg] _33246_/Q -> _31732_/D : -11.331161
[setup reg-reg] _33246_/Q -> _33821_/D : -11.331068
[setup reg-reg] _33246_/Q -> _33771_/D : -11.331050
[setup reg-reg] _33246_/Q -> _33795_/D : -11.330940
[setup reg-reg] _33246_/Q -> _32937_/D : -11.330322
[setup reg-reg] _33246_/Q -> _33700_/D : -11.330098
[setup reg-reg] _33246_/Q -> _33782_/D : -11.330049
[setup reg-reg] _33246_/Q -> _34172_/D : -11.329892
[setup reg-reg] _33246_/Q -> _33571_/D : -11.329561
[setup reg-reg] _33246_/Q -> _32886_/D : -11.329526
[setup reg-reg] _33246_/Q -> _33576_/D : -11.329473
[setup reg-reg] _33246_/Q -> _33552_/D : -11.328908
[setup reg-reg] _33246_/Q -> _33558_/D : -11.328894
[setup reg-reg] _33246_/Q -> _30216_/D : -11.328300
[setup reg-reg] _33246_/Q -> _33788_/D : -11.327724
[setup reg-reg] _33246_/Q -> _33671_/D : -11.327604
[setup reg-reg] _33246_/Q -> _30785_/D : -11.326556
[setup reg-reg] _33246_/Q -> _33829_/D : -11.326488
[setup reg-reg] _33246_/Q -> _33660_/D : -11.326460
[setup reg-reg] _33246_/Q -> _33825_/D : -11.326023
[setup reg-reg] _33246_/Q -> _33832_/D : -11.325792
[setup reg-reg] _33246_/Q -> _32924_/D : -11.325554
[setup reg-reg] _33246_/Q -> _31741_/D : -11.325444
[setup reg-reg] _33246_/Q -> _32941_/D : -11.325448
[setup reg-reg] _33246_/Q -> _31615_/D : -11.325113
[setup reg-reg] _33246_/Q -> _32945_/D : -11.325000
[setup reg-reg] _33246_/Q -> _31724_/D : -11.324936
[setup reg-reg] _33246_/Q -> _31745_/D : -11.324471
[setup reg-reg] _33246_/Q -> _31738_/D : -11.324382
[setup reg-reg] _33246_/Q -> _32889_/D : -11.324261
[setup reg-reg] _33246_/Q -> _32948_/D : -11.324193
[setup reg-reg] _33246_/Q -> _33661_/D : -11.323853
[setup reg-reg] _33246_/Q -> _33682_/D : -11.323832
[setup reg-reg] _33246_/Q -> _33789_/D : -11.323085
[setup reg-reg] _33246_/Q -> _31317_/D : -11.322804
[setup reg-reg] _33246_/Q -> _33565_/D : -11.322666
[setup reg-reg] _33246_/Q -> _33554_/D : -11.321738
[setup reg-reg] _33246_/Q -> _33643_/D : -11.321721
[setup reg-reg] _33246_/Q -> _33958_/D : -11.321550
[setup reg-reg] _33246_/Q -> _33667_/D : -11.321021
[setup reg-reg] _33246_/Q -> _33573_/D : -11.320708
[setup reg-reg] _33246_/Q -> _31616_/D : -11.320406
[setup reg-reg] _33246_/Q -> _33680_/D : -11.320278
[setup reg-reg] _33246_/Q -> _33572_/D : -11.320055
[setup reg-reg] _33246_/Q -> _31794_/D : -11.319977
[setup reg-reg] _33246_/Q -> _31528_/D : -11.319607
[setup reg-reg] _33246_/Q -> _33569_/D : -11.319603
[setup reg-reg] _33246_/Q -> _33797_/D : -11.319323
[setup reg-reg] _33246_/Q -> _32140_/D : -11.319160
[setup reg-reg] _33246_/Q -> _33793_/D : -11.319149
[setup reg-reg] _33246_/Q -> _33697_/D : -11.319135
[setup reg-reg] _33246_/Q -> _33800_/D : -11.318645
[setup reg-reg] _33246_/Q -> _30184_/D : -11.317760
[setup reg-reg] _33246_/Q -> _34154_/D : -11.317611
[setup reg-reg] _33246_/Q -> _31620_/D : -11.316736
[setup reg-reg] _33246_/Q -> _34164_/D : -11.316637
[setup reg-reg] _33246_/Q -> _33078_/D : -11.316619
[setup reg-reg] _33246_/Q -> _31635_/D : -11.316253
[setup reg-reg] _33246_/Q -> _31625_/D : -11.316164
[setup reg-reg] _33246_/Q -> _31639_/D : -11.316100
[setup reg-reg] _33246_/Q -> _32926_/D : -11.316090
[setup reg-reg] _33246_/Q -> _33088_/D : -11.315919
[setup reg-reg] _33246_/Q -> _31798_/D : -11.315905
[setup reg-reg] _33246_/Q -> _31817_/D : -11.315799
[setup reg-reg] _33246_/Q -> _34183_/D : -11.315699
[setup reg-reg] _33246_/Q -> _31803_/D : -11.315618
[setup reg-reg] _33246_/Q -> _31796_/D : -11.315532
[setup reg-reg] _33246_/Q -> _33828_/D : -11.315503
[setup reg-reg] _33246_/Q -> _33103_/D : -11.315447
[setup reg-reg] _33246_/Q -> _31813_/D : -11.315390
[setup reg-reg] _33246_/Q -> _33107_/D : -11.315301
[setup reg-reg] _33246_/Q -> _32944_/D : -11.314537
[setup reg-reg] _33246_/Q -> _33926_/D : -11.314481
[setup reg-reg] _33246_/Q -> _31618_/D : -11.314171
[setup reg-reg] _33246_/Q -> _32911_/D : -11.314004
[setup reg-reg] _33246_/Q -> _30280_/D : -11.313617
[setup reg-reg] _33246_/Q -> _33097_/D : -11.313567
[setup reg-reg] _33246_/Q -> _33096_/D : -11.312733
[setup reg-reg] _33246_/Q -> _33090_/D : -11.312576
[setup reg-reg] _33246_/Q -> _31350_/D : -11.312488
[setup reg-reg] _33246_/Q -> _31342_/D : -11.312029
[setup reg-reg] _33246_/Q -> _31800_/D : -11.311936
[setup reg-reg] _33246_/Q -> _33669_/D : -11.311872
[setup reg-reg] _33246_/Q -> _31622_/D : -11.311318
[setup reg-reg] _33246_/Q -> _33415_/D : -11.310470
[setup reg-reg] _33246_/Q -> _31624_/D : -11.310019
[setup reg-reg] _33246_/Q -> _31627_/D : -11.309428
[setup reg-reg] _33246_/Q -> _33396_/D : -11.309173
[setup reg-reg] _33246_/Q -> _33411_/D : -11.308757
[setup reg-reg] _33246_/Q -> _32905_/D : -11.308561
[setup reg-reg] _33246_/Q -> _33810_/D : -11.308462
[setup reg-reg] _33246_/Q -> _33084_/D : -11.308327
[setup reg-reg] _33246_/Q -> _31351_/D : -11.307435
[setup reg-reg] _33246_/Q -> _34123_/D : -11.307406
[setup reg-reg] _33246_/Q -> _31374_/D : -11.307371
[setup reg-reg] _33246_/Q -> _32896_/D : -11.306739
[setup reg-reg] _33246_/Q -> _33808_/D : -11.306611
[setup reg-reg] _33246_/Q -> _33404_/D : -11.306579
[setup reg-reg] _33246_/Q -> _33796_/D : -11.306292
[setup reg-reg] _33246_/Q -> _33392_/D : -11.306270
[setup reg-reg] _33246_/Q -> _33398_/D : -11.306234
[setup reg-reg] _33246_/Q -> _33654_/D : -11.305989
[setup reg-reg] _33246_/Q -> _33940_/D : -11.304632
[setup reg-reg] _33246_/Q -> _34140_/D : -11.303747
[setup reg-reg] _33246_/Q -> _33672_/D : -11.303726
[setup reg-reg] _33246_/Q -> _31355_/D : -11.303421
[setup reg-reg] _33246_/Q -> _31360_/D : -11.303215
[setup reg-reg] _33246_/Q -> _31353_/D : -11.302795
[setup reg-reg] _33246_/Q -> _31370_/D : -11.302256
[setup reg-reg] _33246_/Q -> _31357_/D : -11.302192
[setup reg-reg] _33246_/Q -> _34179_/D : -11.301189
[setup reg-reg] _33246_/Q -> _33778_/D : -11.300592
[setup reg-reg] _33246_/Q -> _33639_/D : -11.300508
[setup reg-reg] _33246_/Q -> _33108_/D : -11.299509
[setup reg-reg] _33246_/Q -> _33628_/D : -11.299414
[setup reg-reg] _33246_/Q -> _33101_/D : -11.299338
[setup reg-reg] _33246_/Q -> _33086_/D : -11.299324
[setup reg-reg] _33246_/Q -> _33776_/D : -11.299193
[setup reg-reg] _33246_/Q -> _33405_/D : -11.298269
[setup reg-reg] _33246_/Q -> _33908_/D : -11.297797
[setup reg-reg] _33246_/Q -> _33409_/D : -11.297612
[setup reg-reg] _33246_/Q -> _33629_/D : -11.297278
[setup reg-reg] _33246_/Q -> _33611_/D : -11.297178
[setup reg-reg] _33246_/Q -> _33416_/D : -11.297015
[setup reg-reg] _33246_/Q -> _33394_/D : -11.296696
[setup reg-reg] _33246_/Q -> _31359_/D : -11.296457
[setup reg-reg] _33246_/Q -> _33635_/D : -11.296049
[setup reg-reg] _33246_/Q -> _34173_/D : -11.294930
[setup reg-reg] _33246_/Q -> _34236_/D : -11.294773
[setup reg-reg] _33246_/Q -> _34219_/D : -11.291779
[setup reg-reg] _33246_/Q -> _34122_/D : -11.291739
[setup reg-reg] _33246_/Q -> _34132_/D : -11.290389
[setup reg-reg] _33246_/Q -> _34151_/D : -11.289849
[setup reg-reg] _33246_/Q -> _30305_/D : -11.289238
[setup reg-reg] _33246_/Q -> _33668_/D : -11.289082
[setup reg-reg] _33246_/Q -> _33104_/D : -11.287930
[setup reg-reg] _33246_/Q -> _33105_/D : -11.287078
[setup reg-reg] _33246_/Q -> _33637_/D : -11.286894
[setup reg-reg] _33246_/Q -> _33412_/D : -11.283511
[setup reg-reg] _33246_/Q -> _33413_/D : -11.282605
[setup reg-reg] _33246_/Q -> _33650_/D : -11.282563
[setup reg-reg] _33246_/Q -> _33622_/D : -11.282222
[setup reg-reg] _33246_/Q -> _30723_/D : -11.280371
[setup reg-reg] _33246_/Q -> _33640_/D : -11.280051
[setup reg-reg] _33246_/Q -> _33648_/D : -11.279539
[setup reg-reg] _33246_/Q -> _31542_/D : -11.278569
[setup reg-reg] _33246_/Q -> _33665_/D : -11.277933
[setup reg-reg] _33246_/Q -> _34147_/D : -11.276065
[setup reg-reg] _33246_/Q -> _34218_/D : -11.273841
[setup reg-reg] _33246_/Q -> _31543_/D : -11.273390
[setup reg-reg] _33246_/Q -> _31562_/D : -11.272306
[setup reg-reg] _33246_/Q -> _31552_/D : -11.270373
[setup reg-reg] _33246_/Q -> _31549_/D : -11.270316
[setup reg-reg] _33246_/Q -> _31566_/D : -11.269663
[setup reg-reg] _33246_/Q -> _34141_/D : -11.268505
[setup reg-reg] _33246_/Q -> _31547_/D : -11.268277
[setup reg-reg] _33246_/Q -> _31545_/D : -11.268096
[setup reg-reg] _33246_/Q -> _34237_/D : -11.268100
[setup reg-reg] _33246_/Q -> _31554_/D : -11.267883
[setup reg-reg] _33246_/Q -> _34243_/D : -11.267449
[setup reg-reg] _33246_/Q -> _34228_/D : -11.266334
[setup reg-reg] _33246_/Q -> _33422_/D : -11.265268
[setup reg-reg] _33246_/Q -> _33636_/D : -11.265279
[setup reg-reg] _33246_/Q -> _34247_/D : -11.262540
[setup reg-reg] _33246_/Q -> _31537_/D : -11.261886
[setup reg-reg] _33246_/Q -> _34134_/D : -11.261847
[setup reg-reg] _33246_/Q -> _31551_/D : -11.261768
[setup reg-reg] _33246_/Q -> _31558_/D : -11.260838
[setup reg-reg] _33246_/Q -> _33423_/D : -11.260180
[setup reg-reg] _33246_/Q -> _34145_/D : -11.260003
[setup reg-reg] _33246_/Q -> _33294_/D : -11.259829
[setup reg-reg] _33246_/Q -> _34128_/D : -11.259723
[setup reg-reg] _33246_/Q -> _33618_/D : -11.258873
[setup reg-reg] _33246_/Q -> _33442_/D : -11.258852
[setup reg-reg] _33246_/Q -> _33432_/D : -11.257392
[setup reg-reg] _33246_/Q -> _33429_/D : -11.257278
[setup reg-reg] _33246_/Q -> _33446_/D : -11.256969
[setup reg-reg] _33246_/Q -> _30770_/D : -11.256618
[setup reg-reg] _33246_/Q -> _33716_/D : -11.256287
[setup reg-reg] _33246_/Q -> _33735_/D : -11.256013
[setup reg-reg] _33246_/Q -> _33427_/D : -11.255417
[setup reg-reg] _33246_/Q -> _33425_/D : -11.255157
[setup reg-reg] _33246_/Q -> _33295_/D : -11.254969
[setup reg-reg] _33246_/Q -> _33724_/D : -11.254727
[setup reg-reg] _33246_/Q -> _33434_/D : -11.254567
[setup reg-reg] _33246_/Q -> _33616_/D : -11.254340
[setup reg-reg] _33246_/Q -> _33633_/D : -11.253498
[setup reg-reg] _33246_/Q -> _33707_/D : -11.253292
[setup reg-reg] _33246_/Q -> _33314_/D : -11.253107
[setup reg-reg] _33246_/Q -> _33318_/D : -11.253004
[setup reg-reg] _33246_/Q -> _33304_/D : -11.252421
[setup reg-reg] _33246_/Q -> _30945_/D : -11.252347
[setup reg-reg] _33246_/Q -> _33301_/D : -11.252009
[setup reg-reg] _33246_/Q -> _33299_/D : -11.250233
[setup reg-reg] _33246_/Q -> _33417_/D : -11.249132
[setup reg-reg] _33246_/Q -> _33431_/D : -11.249007
[setup reg-reg] _33246_/Q -> _33297_/D : -11.248830
[setup reg-reg] _33246_/Q -> _33438_/D : -11.248528
[setup reg-reg] _33246_/Q -> _31489_/D : -11.248183
[setup reg-reg] _33246_/Q -> _34230_/D : -11.246901
[setup reg-reg] _33246_/Q -> _33718_/D : -11.245920
[setup reg-reg] _33246_/Q -> _33731_/D : -11.245313
[setup reg-reg] _33246_/Q -> _33289_/D : -11.243220
[setup reg-reg] _33246_/Q -> _33303_/D : -11.243138
[setup reg-reg] _33246_/Q -> _33306_/D : -11.243110
[setup reg-reg] _33246_/Q -> _33310_/D : -11.242381
[setup reg-reg] _33246_/Q -> _30791_/D : -11.240428
[setup reg-reg] _33246_/Q -> _33725_/D : -11.240154
[setup reg-reg] _33246_/Q -> _33729_/D : -11.234530
[setup reg-reg] _33246_/Q -> _33712_/D : -11.234420
[setup reg-reg] _33246_/Q -> _33736_/D : -11.234327
[setup reg-reg] _33246_/Q -> _32007_/D : -11.228487
[setup reg-reg] _33246_/Q -> _33733_/D : -11.227392
[setup reg-reg] _33246_/Q -> _30433_/D : -11.226927
[setup reg-reg] _33246_/Q -> _33732_/D : -11.219584
[setup reg-reg] _33246_/Q -> _33714_/D : -11.215221
[setup reg-reg] _33246_/Q -> _31478_/D : -11.198307
[setup reg-reg] _33246_/Q -> _30209_/D : -11.187819
[setup reg-reg] _33246_/Q -> _31975_/D : -11.182384
[setup reg-reg] _33246_/Q -> _30772_/D : -11.176309
[setup reg-reg] _33246_/Q -> _31994_/D : -11.173370
[setup reg-reg] _33246_/Q -> _30198_/D : -11.169409
[setup reg-reg] _33246_/Q -> _30774_/D : -11.166467
[setup reg-reg] _33246_/Q -> _30773_/D : -11.166186
[setup reg-reg] _33246_/Q -> _30561_/D : -11.165338
[setup reg-reg] _33246_/Q -> _30177_/D : -11.162975
[setup reg-reg] _33246_/Q -> _31699_/D : -11.158864
[setup reg-reg] _33246_/Q -> _32039_/D : -11.156541
[setup reg-reg] _33246_/Q -> _32122_/D : -11.154860
[setup reg-reg] _33246_/Q -> _30273_/D : -11.146554
[setup reg-reg] _33246_/Q -> _32133_/D : -11.145769
[setup reg-reg] _33246_/Q -> _30290_/D : -11.139293
[setup reg-reg] _33246_/Q -> _31476_/D : -11.125259
[setup reg-reg] _33246_/Q -> _31521_/D : -11.116491
[setup reg-reg] _33246_/Q -> _30719_/D : -11.104579
[setup reg-reg] _33246_/Q -> _31962_/D : -11.104519
[setup reg-reg] _33246_/Q -> _32003_/D : -11.101886
[setup reg-reg] _33246_/Q -> _32139_/D : -11.101105
[setup reg-reg] _33246_/Q -> _30292_/D : -11.098159
[setup reg-reg] _33246_/Q -> _30196_/D : -11.088968
[setup reg-reg] _33246_/Q -> _30721_/D : -11.088698
[setup reg-reg] _33246_/Q -> _30294_/D : -11.087998
[setup reg-reg] _33246_/Q -> _32026_/D : -11.087437
[setup reg-reg] _33246_/Q -> _30930_/D : -11.082072
[setup reg-reg] _33246_/Q -> _32005_/D : -11.074270
[setup reg-reg] _33246_/Q -> _30422_/D : -11.073627
[setup reg-reg] _33246_/Q -> _30420_/D : -11.072746
[setup reg-reg] _33246_/Q -> _31686_/D : -11.071283
[setup reg-reg] _33246_/Q -> _30934_/D : -11.063659
[setup reg-reg] _33246_/Q -> _31495_/D : -11.063492
[setup reg-reg] _33246_/Q -> _31444_/D : -11.062184
[setup reg-reg] _33246_/Q -> _31971_/D : -11.059736
[setup reg-reg] _33246_/Q -> _32120_/D : -11.057747
[setup reg-reg] _33246_/Q -> _30546_/D : -11.057715
[setup reg-reg] _33246_/Q -> _32011_/D : -11.057652
[setup reg-reg] _33246_/Q -> _30293_/D : -11.056130
[setup reg-reg] _33246_/Q -> _30550_/D : -11.055612
[setup reg-reg] _33246_/Q -> _30548_/D : -11.054831
[setup reg-reg] _33246_/Q -> _30418_/D : -11.051960
[setup reg-reg] _33246_/Q -> _30798_/D : -11.045377
[setup reg-reg] _33246_/Q -> _30549_/D : -11.041802
[setup reg-reg] _33246_/Q -> _31474_/D : -11.040151
[setup reg-reg] _33246_/Q -> _30958_/D : -11.040044
[setup reg-reg] _33246_/Q -> _30932_/D : -11.035848
[setup reg-reg] _33246_/Q -> _31973_/D : -11.034836
[setup reg-reg] _33246_/Q -> _30262_/D : -11.034125
[setup reg-reg] _33246_/Q -> _30771_/D : -11.033926
[setup reg-reg] _33246_/Q -> _32035_/D : -11.032907
[setup reg-reg] _33246_/Q -> _30222_/D : -11.029535
[setup reg-reg] _33246_/Q -> _31992_/D : -11.026210
[setup reg-reg] _33246_/Q -> _30162_/D : -11.022916
[setup reg-reg] _33246_/Q -> _30421_/D : -11.021538
[setup reg-reg] _33246_/Q -> _31993_/D : -11.016649
[setup reg-reg] _33246_/Q -> _30706_/D : -11.016177
[setup reg-reg] _33246_/Q -> _30258_/D : -11.014301
[setup reg-reg] _33246_/Q -> _30166_/D : -11.009747
[setup reg-reg] _33246_/Q -> _32037_/D : -11.009636
[setup reg-reg] _33246_/Q -> _31687_/D : -11.005284
[setup reg-reg] _33246_/Q -> _31058_/D : -11.005060
[setup reg-reg] _33246_/Q -> _31688_/D : -11.005050
[setup reg-reg] _33246_/Q -> _30215_/D : -11.004897
[setup reg-reg] _33246_/Q -> _30727_/D : -11.003231
[setup reg-reg] _33246_/Q -> _30799_/D : -11.001973
[setup reg-reg] _33246_/Q -> _30574_/D : -10.998744
[setup reg-reg] _33246_/Q -> _31979_/D : -10.998658
[setup reg-reg] _33246_/Q -> _30183_/D : -10.998221
[setup reg-reg] _33246_/Q -> _30571_/D : -10.998203
[setup reg-reg] _33246_/Q -> _31460_/D : -10.998026
[setup reg-reg] _33246_/Q -> _30800_/D : -10.997660
[setup reg-reg] _33246_/Q -> _30558_/D : -10.996889
[setup reg-reg] _33246_/Q -> _31510_/D : -10.992264
[setup reg-reg] _33246_/Q -> _30164_/D : -10.991624
[setup reg-reg] _33246_/Q -> _31508_/D : -10.991450
[setup reg-reg] _33246_/Q -> _30194_/D : -10.988980
[setup reg-reg] _33246_/Q -> _30795_/D : -10.988735
[setup reg-reg] _33246_/Q -> _30788_/D : -10.988540
[setup reg-reg] _33246_/Q -> _31442_/D : -10.988235
[setup reg-reg] _33246_/Q -> _30782_/D : -10.986622
[setup reg-reg] _33246_/Q -> _31443_/D : -10.986274
[setup reg-reg] _33246_/Q -> _30260_/D : -10.985275
[setup reg-reg] _33246_/Q -> _32043_/D : -10.984106
[setup reg-reg] _33246_/Q -> _34038_/D : -10.983609
[setup reg-reg] _33246_/Q -> _34056_/D : -10.983090
[setup reg-reg] _33246_/Q -> _31452_/D : -10.983051
[setup reg-reg] _33246_/Q -> _34032_/D : -10.982096
[setup reg-reg] _33246_/Q -> _31117_/D : -10.982067
[setup reg-reg] _33246_/Q -> _31509_/D : -10.977910
[setup reg-reg] _33246_/Q -> _30165_/D : -10.976351
[setup reg-reg] _33246_/Q -> _31090_/D : -10.975725
[setup reg-reg] _33246_/Q -> _31100_/D : -10.970503
[setup reg-reg] _33246_/Q -> _31115_/D : -10.969320
[setup reg-reg] _33246_/Q -> _30797_/D : -10.969028
[setup reg-reg] _33246_/Q -> _31109_/D : -10.968055
[setup reg-reg] _33246_/Q -> _31477_/D : -10.966918
[setup reg-reg] _33246_/Q -> _32118_/D : -10.966332
[setup reg-reg] _33246_/Q -> _30778_/D : -10.964641
[setup reg-reg] _33246_/Q -> _33861_/D : -10.963536
[setup reg-reg] _33246_/Q -> _33846_/D : -10.961994
[setup reg-reg] _33246_/Q -> _31506_/D : -10.960797
[setup reg-reg] _33246_/Q -> _33857_/D : -10.959518
[setup reg-reg] _33246_/Q -> _33864_/D : -10.959234
[setup reg-reg] _33246_/Q -> _31960_/D : -10.957721
[setup reg-reg] _33246_/Q -> _34566_/D : -10.957031
[setup reg-reg] _33246_/Q -> _30933_/D : -10.956797
[setup reg-reg] _33246_/Q -> _30291_/D : -10.954342
[setup reg-reg] _33246_/Q -> _33985_/D : -10.953432
[setup reg-reg] _33246_/Q -> _34555_/D : -10.953102
[setup reg-reg] _33246_/Q -> _34542_/D : -10.952971
[setup reg-reg] _33246_/Q -> _33992_/D : -10.952868
[setup reg-reg] _33246_/Q -> _34553_/D : -10.952647
[setup reg-reg] _33246_/Q -> _34560_/D : -10.952573
[setup reg-reg] _33246_/Q -> _34548_/D : -10.952512
[setup reg-reg] _33246_/Q -> _31684_/D : -10.952171
[setup reg-reg] _33246_/Q -> _30318_/D : -10.952083
[setup reg-reg] _33246_/Q -> _31712_/D : -10.951101
[setup reg-reg] _33246_/Q -> _31709_/D : -10.949989
[setup reg-reg] _33246_/Q -> _31832_/D : -10.949038
[setup reg-reg] _33246_/Q -> _31696_/D : -10.948910
[setup reg-reg] _33246_/Q -> _32121_/D : -10.946270
[setup reg-reg] _33246_/Q -> _30428_/D : -10.945510
[setup reg-reg] _33246_/Q -> _31087_/D : -10.944963
[setup reg-reg] _33246_/Q -> _30446_/D : -10.944686
[setup reg-reg] _33246_/Q -> _31076_/D : -10.944536
[setup reg-reg] _33246_/Q -> _31091_/D : -10.943978
[setup reg-reg] _33246_/Q -> _31863_/D : -10.943506
[setup reg-reg] _33246_/Q -> _31872_/D : -10.943293
[setup reg-reg] _33246_/Q -> _30443_/D : -10.942945
[setup reg-reg] _33246_/Q -> _34544_/D : -10.942074
[setup reg-reg] _33246_/Q -> _32024_/D : -10.941048
[setup reg-reg] _33246_/Q -> _30547_/D : -10.939808
[setup reg-reg] _33246_/Q -> _34561_/D : -10.939314
[setup reg-reg] _33246_/Q -> _34567_/D : -10.938529
[setup reg-reg] _33246_/Q -> _34557_/D : -10.938511
[setup reg-reg] _33246_/Q -> _30776_/D : -10.937111
[setup reg-reg] _33246_/Q -> _30708_/D : -10.936464
[setup reg-reg] _33246_/Q -> _34565_/D : -10.936464
[setup reg-reg] _33246_/Q -> _34543_/D : -10.936355
[setup reg-reg] _33246_/Q -> _34556_/D : -10.934745
[setup reg-reg] _33246_/Q -> _31068_/D : -10.934407
[setup reg-reg] _33246_/Q -> _34539_/D : -10.933085
[setup reg-reg] _33246_/Q -> _34562_/D : -10.931864
[setup reg-reg] _33246_/Q -> _31059_/D : -10.931611
[setup reg-reg] _33246_/Q -> _30197_/D : -10.931495
[setup reg-reg] _33246_/Q -> _31083_/D : -10.931409
[setup reg-reg] _33246_/Q -> _31502_/D : -10.931007
[setup reg-reg] _33246_/Q -> _32025_/D : -10.928841
[setup reg-reg] _33246_/Q -> _34568_/D : -10.928308
[setup reg-reg] _33246_/Q -> _34554_/D : -10.927661
[setup reg-reg] _33246_/Q -> _32119_/D : -10.926372
[setup reg-reg] _33246_/Q -> _30709_/D : -10.926261
[setup reg-reg] _33246_/Q -> _30710_/D : -10.926269
[setup reg-reg] _33246_/Q -> _30556_/D : -10.926012
[setup reg-reg] _33246_/Q -> _31023_/D : -10.925181
[setup reg-reg] _33246_/Q -> _34537_/D : -10.924794
[setup reg-reg] _33246_/Q -> _31012_/D : -10.923444
[setup reg-reg] _33246_/Q -> _34559_/D : -10.923223
[setup reg-reg] _33246_/Q -> _31471_/D : -10.923078
[setup reg-reg] _33246_/Q -> _31119_/D : -10.920946
[setup reg-reg] _33246_/Q -> _34098_/D : -10.920748
[setup reg-reg] _33246_/Q -> _31019_/D : -10.920676
[setup reg-reg] _33246_/Q -> _31013_/D : -10.920054
[setup reg-reg] _33246_/Q -> _34540_/D : -10.917649
[setup reg-reg] _33246_/Q -> _34541_/D : -10.917511
[setup reg-reg] _33246_/Q -> _30296_/D : -10.917127
[setup reg-reg] _33246_/Q -> _31484_/D : -10.913364
[setup reg-reg] _33246_/Q -> _31990_/D : -10.912050
[setup reg-reg] _33246_/Q -> _30261_/D : -10.908422
[setup reg-reg] _33246_/Q -> _32143_/D : -10.907705
[setup reg-reg] _33246_/Q -> _30315_/D : -10.906675
[setup reg-reg] _33246_/Q -> _34288_/D : -10.906387
[setup reg-reg] _33246_/Q -> _32147_/D : -10.905929
[setup reg-reg] _33246_/Q -> _30780_/D : -10.905666
[setup reg-reg] _33246_/Q -> _30320_/D : -10.905311
[setup reg-reg] _33246_/Q -> _30308_/D : -10.904448
[setup reg-reg] _33246_/Q -> _31461_/D : -10.904458
[setup reg-reg] _33246_/Q -> _33884_/D : -10.904192
[setup reg-reg] _33246_/Q -> _31454_/D : -10.902131
[setup reg-reg] _33246_/Q -> _33889_/D : -10.901464
[setup reg-reg] _33246_/Q -> _31469_/D : -10.901445
[setup reg-reg] _33246_/Q -> _33896_/D : -10.900817
[setup reg-reg] _33246_/Q -> _32148_/D : -10.899886
[setup reg-reg] _33246_/Q -> _34194_/D : -10.898301
[setup reg-reg] _33246_/Q -> _32124_/D : -10.898270
[setup reg-reg] _33246_/Q -> _34017_/D : -10.892368
[setup reg-reg] _33246_/Q -> _34024_/D : -10.891728
[setup reg-reg] _33246_/Q -> _30931_/D : -10.891277
[setup reg-reg] _33246_/Q -> _32130_/D : -10.890674
[setup reg-reg] _33246_/Q -> _31467_/D : -10.890659
[setup reg-reg] _33246_/Q -> _32146_/D : -10.890410
[setup reg-reg] _33246_/Q -> _30317_/D : -10.889764
[setup reg-reg] _33246_/Q -> _31108_/D : -10.889214
[setup reg-reg] _33246_/Q -> _32136_/D : -10.888478
[setup reg-reg] _33246_/Q -> _31848_/D : -10.885711
[setup reg-reg] _33246_/Q -> _30660_/D : -10.884130
[setup reg-reg] _33246_/Q -> _32145_/D : -10.881803
[setup reg-reg] _33246_/Q -> _30661_/D : -10.881753
[setup reg-reg] _33246_/Q -> _30436_/D : -10.881653
[setup reg-reg] _33246_/Q -> _30667_/D : -10.880800
[setup reg-reg] _33246_/Q -> _31685_/D : -10.879451
[setup reg-reg] _33246_/Q -> _31268_/D : -10.879319
[setup reg-reg] _33246_/Q -> _34512_/D : -10.877915
[setup reg-reg] _33246_/Q -> _31694_/D : -10.877866
[setup reg-reg] _33246_/Q -> _34528_/D : -10.877876
[setup reg-reg] _33246_/Q -> _34510_/D : -10.877777
[setup reg-reg] _33246_/Q -> _34521_/D : -10.877667
[setup reg-reg] _33246_/Q -> _34516_/D : -10.877276
[setup reg-reg] _33246_/Q -> _34525_/D : -10.877283
[setup reg-reg] _33246_/Q -> _31830_/D : -10.875660
[setup reg-reg] _33246_/Q -> _35066_/D : -10.875347
[setup reg-reg] _33246_/Q -> _32126_/D : -10.875237
[setup reg-reg] _33246_/Q -> _30424_/D : -10.875059
[setup reg-reg] _33246_/Q -> _30565_/D : -10.874668
[setup reg-reg] _33246_/Q -> _31215_/D : -10.874249
[setup reg-reg] _33246_/Q -> _31269_/D : -10.873205
[setup reg-reg] _33246_/Q -> _31204_/D : -10.872789
[setup reg-reg] _33246_/Q -> _31859_/D : -10.872238
[setup reg-reg] _33246_/Q -> _31205_/D : -10.871023
[setup reg-reg] _33246_/Q -> _30219_/D : -10.870782
[setup reg-reg] _33246_/Q -> _34524_/D : -10.869833
[setup reg-reg] _33246_/Q -> _33203_/D : -10.869549
[setup reg-reg] _33246_/Q -> _33192_/D : -10.869301
[setup reg-reg] _33246_/Q -> _30302_/D : -10.868476
[setup reg-reg] _33246_/Q -> _30300_/D : -10.868224
[setup reg-reg] _33246_/Q -> _33193_/D : -10.868199
[setup reg-reg] _33246_/Q -> _30573_/D : -10.867627
[setup reg-reg] _33246_/Q -> _30564_/D : -10.867471
[setup reg-reg] _33246_/Q -> _31492_/D : -10.867417
[setup reg-reg] _33246_/Q -> _30419_/D : -10.866923
[setup reg-reg] _33246_/Q -> _31880_/D : -10.866146
[setup reg-reg] _33246_/Q -> _31885_/D : -10.865535
[setup reg-reg] _33246_/Q -> _31889_/D : -10.865481
[setup reg-reg] _33246_/Q -> _30190_/D : -10.864913
[setup reg-reg] _33246_/Q -> _30569_/D : -10.864685
[setup reg-reg] _33246_/Q -> _34529_/D : -10.864501
[setup reg-reg] _33246_/Q -> _31874_/D : -10.864398
[setup reg-reg] _33246_/Q -> _34362_/D : -10.863542
[setup reg-reg] _33246_/Q -> _31516_/D : -10.863517
[setup reg-reg] _33246_/Q -> _31534_/D : -10.863527
[setup reg-reg] _33246_/Q -> _34535_/D : -10.863364
[setup reg-reg] _33246_/Q -> _34523_/D : -10.863275
[setup reg-reg] _33246_/Q -> _31531_/D : -10.862497
[setup reg-reg] _33246_/Q -> _34511_/D : -10.861534
[setup reg-reg] _33246_/Q -> _34359_/D : -10.861118
[setup reg-reg] _33246_/Q -> _34376_/D : -10.861108
[setup reg-reg] _33246_/Q -> _34696_/D : -10.861019
[setup reg-reg] _33246_/Q -> _34533_/D : -10.860867
[setup reg-reg] _33246_/Q -> _30936_/D : -10.860525
[setup reg-reg] _33246_/Q -> _30960_/D : -10.860412
[setup reg-reg] _33246_/Q -> _34677_/D : -10.860035
[setup reg-reg] _33246_/Q -> _34346_/D : -10.859790
[setup reg-reg] _33246_/Q -> _34367_/D : -10.859800
[setup reg-reg] _33246_/Q -> _31480_/D : -10.859378
[setup reg-reg] _33246_/Q -> _34345_/D : -10.858781
[setup reg-reg] _33246_/Q -> _34162_/D : -10.858674
[setup reg-reg] _33246_/Q -> _31891_/D : -10.857509
[setup reg-reg] _33246_/Q -> _30253_/D : -10.857058
[setup reg-reg] _33246_/Q -> _31991_/D : -10.857012
[setup reg-reg] _33246_/Q -> _30244_/D : -10.856915
[setup reg-reg] _33246_/Q -> _34530_/D : -10.856809
[setup reg-reg] _33246_/Q -> _30286_/D : -10.856763
[setup reg-reg] _33246_/Q -> _34507_/D : -10.856415
[setup reg-reg] _33246_/Q -> _30283_/D : -10.855925
[setup reg-reg] _33246_/Q -> _30204_/D : -10.854137
[setup reg-reg] _33246_/Q -> _32019_/D : -10.854074
[setup reg-reg] _33246_/Q -> _32015_/D : -10.853843
[setup reg-reg] _33246_/Q -> _34664_/D : -10.853143
[setup reg-reg] _33246_/Q -> _34522_/D : -10.852411
[setup reg-reg] _33246_/Q -> _34536_/D : -10.852020
[setup reg-reg] _33246_/Q -> _31172_/D : -10.851949
[setup reg-reg] _33246_/Q -> _34519_/D : -10.850105
[setup reg-reg] _33246_/Q -> _34505_/D : -10.849451
[setup reg-reg] _33246_/Q -> _30226_/D : -10.848944
[setup reg-reg] _33246_/Q -> _34527_/D : -10.848738
[setup reg-reg] _33246_/Q -> _34506_/D : -10.847462
[setup reg-reg] _33246_/Q -> _30236_/D : -10.845299
[setup reg-reg] _33246_/Q -> _31055_/D : -10.845238
[setup reg-reg] _33246_/Q -> _31044_/D : -10.844378
[setup reg-reg] _33246_/Q -> _32008_/D : -10.844090
[setup reg-reg] _33246_/Q -> _34509_/D : -10.842204
[setup reg-reg] _33246_/Q -> _32020_/D : -10.841500
[setup reg-reg] _33246_/Q -> _31236_/D : -10.841138
[setup reg-reg] _33246_/Q -> _31958_/D : -10.840769
[setup reg-reg] _33246_/Q -> _31155_/D : -10.839624
[setup reg-reg] _33246_/Q -> _34352_/D : -10.839297
[setup reg-reg] _33246_/Q -> _34364_/D : -10.838928
[setup reg-reg] _33246_/Q -> _31237_/D : -10.838527
[setup reg-reg] _33246_/Q -> _31243_/D : -10.838228
[setup reg-reg] _33246_/Q -> _31230_/D : -10.837713
[setup reg-reg] _33246_/Q -> _34508_/D : -10.837472
[setup reg-reg] _33246_/Q -> _30955_/D : -10.837425
[setup reg-reg] _33246_/Q -> _31164_/D : -10.837209
[setup reg-reg] _33246_/Q -> _32913_/D : -10.834562
[setup reg-reg] _33246_/Q -> _32898_/D : -10.834289
[setup reg-reg] _33246_/Q -> _33957_/D : -10.834136
[setup reg-reg] _33246_/Q -> _32002_/D : -10.833838
[setup reg-reg] _33246_/Q -> _32912_/D : -10.833834
[setup reg-reg] _33246_/Q -> _31036_/D : -10.833607
[setup reg-reg] _33246_/Q -> _32018_/D : -10.833422
[setup reg-reg] _33246_/Q -> _33942_/D : -10.833411
[setup reg-reg] _33246_/Q -> _32916_/D : -10.833024
[setup reg-reg] _33246_/Q -> _32892_/D : -10.832942
[setup reg-reg] _33246_/Q -> _30172_/D : -10.832146
[setup reg-reg] _33246_/Q -> _34652_/D : -10.831116
[setup reg-reg] _33246_/Q -> _34640_/D : -10.830434
[setup reg-reg] _33246_/Q -> _33953_/D : -10.830164
[setup reg-reg] _33246_/Q -> _34873_/D : -10.829598
[setup reg-reg] _33246_/Q -> _33960_/D : -10.829577
[setup reg-reg] _33246_/Q -> _33916_/D : -10.829456
[setup reg-reg] _33246_/Q -> _34760_/D : -10.828896
[setup reg-reg] _33246_/Q -> _34875_/D : -10.828498
[setup reg-reg] _33246_/Q -> _34741_/D : -10.827868
[setup reg-reg] _33246_/Q -> _34746_/D : -10.827762
[setup reg-reg] _33246_/Q -> _33910_/D : -10.827662
[setup reg-reg] _33246_/Q -> _31887_/D : -10.827606
[setup reg-reg] _33246_/Q -> _34751_/D : -10.826952
[setup reg-reg] _33246_/Q -> _34729_/D : -10.826657
[setup reg-reg] _33246_/Q -> _34737_/D : -10.825893
[setup reg-reg] _33246_/Q -> _31026_/D : -10.825706
[setup reg-reg] _33246_/Q -> _32022_/D : -10.824089
[setup reg-reg] _33246_/Q -> _33921_/D : -10.823933
[setup reg-reg] _33246_/Q -> _30447_/D : -10.823609
[setup reg-reg] _33246_/Q -> _33928_/D : -10.823606
[setup reg-reg] _33246_/Q -> _35577_/D : -10.823325
[setup reg-reg] _33246_/Q -> _35579_/D : -10.823257
[setup reg-reg] _33246_/Q -> _30445_/D : -10.822291
[setup reg-reg] _33246_/Q -> _30227_/D : -10.822273
[setup reg-reg] _33246_/Q -> _35567_/D : -10.822284
[setup reg-reg] _33246_/Q -> _30437_/D : -10.822170
[setup reg-reg] _33246_/Q -> _30441_/D : -10.821573
[setup reg-reg] _33246_/Q -> _35566_/D : -10.821506
[setup reg-reg] _33246_/Q -> _35564_/D : -10.821481
[setup reg-reg] _33246_/Q -> _31961_/D : -10.820994
[setup reg-reg] _33246_/Q -> _35591_/D : -10.820980
[setup reg-reg] _33246_/Q -> _35565_/D : -10.820838
[setup reg-reg] _33246_/Q -> _34373_/D : -10.820803
[setup reg-reg] _33246_/Q -> _35584_/D : -10.820764
[setup reg-reg] _33246_/Q -> _34350_/D : -10.820241
[setup reg-reg] _33246_/Q -> _34363_/D : -10.820113
[setup reg-reg] _33246_/Q -> _34361_/D : -10.820074
[setup reg-reg] _33246_/Q -> _31703_/D : -10.819637
[setup reg-reg] _33246_/Q -> _34351_/D : -10.819125
[setup reg-reg] _33246_/Q -> _32968_/D : -10.817321
[setup reg-reg] _33246_/Q -> _32977_/D : -10.817122
[setup reg-reg] _33246_/Q -> _30268_/D : -10.816767
[setup reg-reg] _33246_/Q -> _31711_/D : -10.816340
[setup reg-reg] _33246_/Q -> _34368_/D : -10.816056
[setup reg-reg] _33246_/Q -> _34369_/D : -10.815558
[setup reg-reg] _33246_/Q -> _31707_/D : -10.815225
[setup reg-reg] _33246_/Q -> _34375_/D : -10.815196
[setup reg-reg] _33246_/Q -> _34365_/D : -10.814830
[setup reg-reg] _33246_/Q -> _31881_/D : -10.814702
[setup reg-reg] _33246_/Q -> _31998_/D : -10.813992
[setup reg-reg] _33246_/Q -> _32975_/D : -10.813931
[setup reg-reg] _33246_/Q -> _34356_/D : -10.813612
[setup reg-reg] _33246_/Q -> _34347_/D : -10.813505
[setup reg-reg] _33246_/Q -> _31959_/D : -10.813456
[setup reg-reg] _33246_/Q -> _32969_/D : -10.813200
[setup reg-reg] _33246_/Q -> _30575_/D : -10.810841
[setup reg-reg] _33246_/Q -> _35563_/D : -10.810503
[setup reg-reg] _33246_/Q -> _32017_/D : -10.810485
[setup reg-reg] _33246_/Q -> _30940_/D : -10.810460
[setup reg-reg] _33246_/Q -> _35589_/D : -10.810005
[setup reg-reg] _33246_/Q -> _31475_/D : -10.809523
[setup reg-reg] _33246_/Q -> _34877_/D : -10.808769
[setup reg-reg] _33246_/Q -> _31084_/D : -10.807651
[setup reg-reg] _33246_/Q -> _31499_/D : -10.807572
[setup reg-reg] _33246_/Q -> _31503_/D : -10.807050
[setup reg-reg] _33246_/Q -> _34370_/D : -10.806890
[setup reg-reg] _33246_/Q -> _31493_/D : -10.806396
[setup reg-reg] _33246_/Q -> _34638_/D : -10.806087
[setup reg-reg] _33246_/Q -> _31524_/D : -10.805796
[setup reg-reg] _33246_/Q -> _31501_/D : -10.805199
[setup reg-reg] _33246_/Q -> _32884_/D : -10.804609
[setup reg-reg] _33246_/Q -> _32870_/D : -10.804538
[setup reg-reg] _33246_/Q -> _30572_/D : -10.804523
[setup reg-reg] _33246_/Q -> _32867_/D : -10.804492
[setup reg-reg] _33246_/Q -> _31332_/D : -10.804101
[setup reg-reg] _33246_/Q -> _31702_/D : -10.803870
[setup reg-reg] _33246_/Q -> _34676_/D : -10.803866
[setup reg-reg] _33246_/Q -> _32853_/D : -10.803590
[setup reg-reg] _33246_/Q -> _34689_/D : -10.803536
[setup reg-reg] _33246_/Q -> _32875_/D : -10.803454
[setup reg-reg] _33246_/Q -> _32854_/D : -10.803312
[setup reg-reg] _33246_/Q -> _30554_/D : -10.803007
[setup reg-reg] _33246_/Q -> _30180_/D : -10.802427
[setup reg-reg] _33246_/Q -> _30224_/D : -10.802254
[setup reg-reg] _33246_/Q -> _31027_/D : -10.801884
[setup reg-reg] _33246_/Q -> _31497_/D : -10.801753
[setup reg-reg] _33246_/Q -> _30255_/D : -10.801469
[setup reg-reg] _33246_/Q -> _34688_/D : -10.801212
[setup reg-reg] _33246_/Q -> _34863_/D : -10.801121
[setup reg-reg] _33246_/Q -> _30200_/D : -10.801060
[setup reg-reg] _33246_/Q -> _34681_/D : -10.800957
[setup reg-reg] _33246_/Q -> _34670_/D : -10.800875
[setup reg-reg] _33246_/Q -> _34685_/D : -10.800868
[setup reg-reg] _33246_/Q -> _30430_/D : -10.800730
[setup reg-reg] _33246_/Q -> _34349_/D : -10.800481
[setup reg-reg] _33246_/Q -> _34348_/D : -10.800442
[setup reg-reg] _33246_/Q -> _30319_/D : -10.800335
[setup reg-reg] _33246_/Q -> _32128_/D : -10.800118
[setup reg-reg] _33246_/Q -> _34683_/D : -10.799937
[setup reg-reg] _33246_/Q -> _34671_/D : -10.799852
[setup reg-reg] _33246_/Q -> _31333_/D : -10.797731
[setup reg-reg] _33246_/Q -> _34478_/D : -10.797379
[setup reg-reg] _33246_/Q -> _30192_/D : -10.797137
[setup reg-reg] _33246_/Q -> _35073_/D : -10.796988
[setup reg-reg] _33246_/Q -> _32023_/D : -10.796949
[setup reg-reg] _33246_/Q -> _34484_/D : -10.796655
[setup reg-reg] _33246_/Q -> _34496_/D : -10.796644
[setup reg-reg] _33246_/Q -> _34489_/D : -10.796494
[setup reg-reg] _33246_/Q -> _35079_/D : -10.796484
[setup reg-reg] _33246_/Q -> _35052_/D : -10.796338
[setup reg-reg] _33246_/Q -> _35053_/D : -10.796282
[setup reg-reg] _33246_/Q -> _34684_/D : -10.796210
[setup reg-reg] _33246_/Q -> _34644_/D : -10.795909
[setup reg-reg] _33246_/Q -> _34695_/D : -10.795834
[setup reg-reg] _33246_/Q -> _31512_/D : -10.795798
[setup reg-reg] _33246_/Q -> _30276_/D : -10.795753
[setup reg-reg] _33246_/Q -> _34663_/D : -10.795677
[setup reg-reg] _33246_/Q -> _34657_/D : -10.795166
[setup reg-reg] _33246_/Q -> _30734_/D : -10.795088
[setup reg-reg] _33246_/Q -> _32000_/D : -10.794857
[setup reg-reg] _33246_/Q -> _30212_/D : -10.794601
[setup reg-reg] _33246_/Q -> _30707_/D : -10.794612
[setup reg-reg] _33246_/Q -> _34668_/D : -10.794388
[setup reg-reg] _33246_/Q -> _30195_/D : -10.793972
[setup reg-reg] _33246_/Q -> _30168_/D : -10.793922
[setup reg-reg] _33246_/Q -> _34693_/D : -10.793880
[setup reg-reg] _33246_/Q -> _34656_/D : -10.793052
[setup reg-reg] _33246_/Q -> _34653_/D : -10.792977
[setup reg-reg] _33246_/Q -> _31102_/D : -10.792779
[setup reg-reg] _33246_/Q -> _34649_/D : -10.792185
[setup reg-reg] _33246_/Q -> _34639_/D : -10.792121
[setup reg-reg] _33246_/Q -> _34651_/D : -10.792129
[setup reg-reg] _33246_/Q -> _31857_/D : -10.792054
[setup reg-reg] _33246_/Q -> _31849_/D : -10.791474
[setup reg-reg] _33246_/Q -> _34669_/D : -10.791418
[setup reg-reg] _33246_/Q -> _34862_/D : -10.791354
[setup reg-reg] _33246_/Q -> _34480_/D : -10.790995
[setup reg-reg] _33246_/Q -> _34620_/D : -10.790774
[setup reg-reg] _33246_/Q -> _34492_/D : -10.790512
[setup reg-reg] _33246_/Q -> _31842_/D : -10.789662
[setup reg-reg] _33246_/Q -> _31987_/D : -10.789371
[setup reg-reg] _33246_/Q -> _31853_/D : -10.789250
[setup reg-reg] _33246_/Q -> _34672_/D : -10.788661
[setup reg-reg] _33246_/Q -> _34775_/D : -10.788434
[setup reg-reg] _33246_/Q -> _34773_/D : -10.788292
[setup reg-reg] _33246_/Q -> _34989_/D : -10.788239
[setup reg-reg] _33246_/Q -> _34792_/D : -10.788163
[setup reg-reg] _33246_/Q -> _35009_/D : -10.787951
[setup reg-reg] _33246_/Q -> _34778_/D : -10.787915
[setup reg-reg] _33246_/Q -> _35005_/D : -10.787915
[setup reg-reg] _33246_/Q -> _35008_/D : -10.787311
[setup reg-reg] _33246_/Q -> _31983_/D : -10.787201
[setup reg-reg] _33246_/Q -> _30264_/D : -10.786913
[setup reg-reg] _33246_/Q -> _34761_/D : -10.786917
[setup reg-reg] _33246_/Q -> _34861_/D : -10.786629
[setup reg-reg] _33246_/Q -> _34887_/D : -10.786366
[setup reg-reg] _33246_/Q -> _34783_/D : -10.786341
[setup reg-reg] _33246_/Q -> _34636_/D : -10.785947
[setup reg-reg] _33246_/Q -> _34635_/D : -10.785521
[setup reg-reg] _33246_/Q -> _31507_/D : -10.785428
[setup reg-reg] _33246_/Q -> _35503_/D : -10.785076
[setup reg-reg] _33246_/Q -> _35054_/D : -10.785051
[setup reg-reg] _33246_/Q -> _35055_/D : -10.784938
[setup reg-reg] _33246_/Q -> _35065_/D : -10.784735
[setup reg-reg] _33246_/Q -> _34661_/D : -10.784596
[setup reg-reg] _33246_/Q -> _35069_/D : -10.784604
[setup reg-reg] _33246_/Q -> _30942_/D : -10.784042
[setup reg-reg] _33246_/Q -> _34637_/D : -10.783886
[setup reg-reg] _33246_/Q -> _34497_/D : -10.783793
[setup reg-reg] _33246_/Q -> _35515_/D : -10.783797
[setup reg-reg] _33246_/Q -> _35513_/D : -10.783776
[setup reg-reg] _33246_/Q -> _31996_/D : -10.783289
[setup reg-reg] _33246_/Q -> _34493_/D : -10.783211
[setup reg-reg] _33246_/Q -> _35500_/D : -10.783200
[setup reg-reg] _33246_/Q -> _32852_/D : -10.782899
[setup reg-reg] _33246_/Q -> _35502_/D : -10.782870
[setup reg-reg] _33246_/Q -> _31077_/D : -10.782664
[setup reg-reg] _33246_/Q -> _35501_/D : -10.782618
[setup reg-reg] _33246_/Q -> _35520_/D : -10.782554
[setup reg-reg] _33246_/Q -> _35527_/D : -10.782543
[setup reg-reg] _33246_/Q -> _34503_/D : -10.782383
[setup reg-reg] _33246_/Q -> _34491_/D : -10.782351
[setup reg-reg] _33246_/Q -> _34694_/D : -10.782206
[setup reg-reg] _33246_/Q -> _32860_/D : -10.782142
[setup reg-reg] _33246_/Q -> _34860_/D : -10.781549
[setup reg-reg] _33246_/Q -> _34479_/D : -10.781083
[setup reg-reg] _33246_/Q -> _31976_/D : -10.779367
[setup reg-reg] _33246_/Q -> _34880_/D : -10.779119
[setup reg-reg] _33246_/Q -> _34885_/D : -10.778849
[setup reg-reg] _33246_/Q -> _30259_/D : -10.778738
[setup reg-reg] _33246_/Q -> _32833_/D : -10.778166
[setup reg-reg] _33246_/Q -> _31986_/D : -10.778024
[setup reg-reg] _33246_/Q -> _34475_/D : -10.776475
[setup reg-reg] _33246_/Q -> _34824_/D : -10.776485
[setup reg-reg] _33246_/Q -> _34807_/D : -10.776464
[setup reg-reg] _33246_/Q -> _31988_/D : -10.776248
[setup reg-reg] _33246_/Q -> _34501_/D : -10.776237
[setup reg-reg] _33246_/Q -> _34690_/D : -10.776240
[setup reg-reg] _33246_/Q -> _35015_/D : -10.776109
[setup reg-reg] _33246_/Q -> _35067_/D : -10.775682
[setup reg-reg] _33246_/Q -> _30789_/D : -10.775633
[setup reg-reg] _33246_/Q -> _34810_/D : -10.775221
[setup reg-reg] _33246_/Q -> _34805_/D : -10.775146
[setup reg-reg] _33246_/Q -> _34793_/D : -10.774802
[setup reg-reg] _33246_/Q -> _31070_/D : -10.774529
[setup reg-reg] _33246_/Q -> _34815_/D : -10.774134
[setup reg-reg] _33246_/Q -> _34658_/D : -10.773338
[setup reg-reg] _33246_/Q -> _32051_/D : -10.773153
[setup reg-reg] _33246_/Q -> _30688_/D : -10.772756
[setup reg-reg] _33246_/Q -> _30679_/D : -10.772414
[setup reg-reg] _33246_/Q -> _30678_/D : -10.771317
[setup reg-reg] _33246_/Q -> _34749_/D : -10.770968
[setup reg-reg] _33246_/Q -> _34753_/D : -10.770833
[setup reg-reg] _33246_/Q -> _34498_/D : -10.770816
[setup reg-reg] _33246_/Q -> _32047_/D : -10.770631
[setup reg-reg] _33246_/Q -> _35525_/D : -10.770602
[setup reg-reg] _33246_/Q -> _34504_/D : -10.769988
[setup reg-reg] _33246_/Q -> _34490_/D : -10.769966
[setup reg-reg] _33246_/Q -> _34473_/D : -10.769490
[setup reg-reg] _33246_/Q -> _34487_/D : -10.769409
[setup reg-reg] _33246_/Q -> _31855_/D : -10.769381
[setup reg-reg] _33246_/Q -> _34735_/D : -10.768553
[setup reg-reg] _33246_/Q -> _34734_/D : -10.768205
[setup reg-reg] _33246_/Q -> _34745_/D : -10.768166
[setup reg-reg] _33246_/Q -> _34747_/D : -10.767984
[setup reg-reg] _33246_/Q -> _34495_/D : -10.767970
[setup reg-reg] _33246_/Q -> _34759_/D : -10.767274
[setup reg-reg] _33246_/Q -> _34757_/D : -10.767149
[setup reg-reg] _33246_/Q -> _35001_/D : -10.766823
[setup reg-reg] _33246_/Q -> _30735_/D : -10.766652
[setup reg-reg] _33246_/Q -> _34961_/D : -10.766535
[setup reg-reg] _33246_/Q -> _34970_/D : -10.766329
[setup reg-reg] _33246_/Q -> _30448_/D : -10.765970
[setup reg-reg] _33246_/Q -> _30238_/D : -10.765853
[setup reg-reg] _33246_/Q -> _30702_/D : -10.765845
[setup reg-reg] _33246_/Q -> _34667_/D : -10.765757
[setup reg-reg] _33246_/Q -> _30676_/D : -10.765227
[setup reg-reg] _33246_/Q -> _31970_/D : -10.764375
[setup reg-reg] _33246_/Q -> _35003_/D : -10.764101
[setup reg-reg] _33246_/Q -> _34929_/D : -10.763796
[setup reg-reg] _33246_/Q -> _32858_/D : -10.763245
[setup reg-reg] _33246_/Q -> _34938_/D : -10.763177
[setup reg-reg] _33246_/Q -> _32871_/D : -10.763035
[setup reg-reg] _33246_/Q -> _32040_/D : -10.762829
[setup reg-reg] _33246_/Q -> _32049_/D : -10.762826
[setup reg-reg] _33246_/Q -> _34752_/D : -10.762555
[setup reg-reg] _33246_/Q -> _32859_/D : -10.762513
[setup reg-reg] _33246_/Q -> _32881_/D : -10.761984
[setup reg-reg] _33246_/Q -> _34740_/D : -10.761973
[setup reg-reg] _33246_/Q -> _34477_/D : -10.761827
[setup reg-reg] _33246_/Q -> _34732_/D : -10.761827
[setup reg-reg] _33246_/Q -> _32869_/D : -10.761766
[setup reg-reg] _33246_/Q -> _32876_/D : -10.761760
[setup reg-reg] _33246_/Q -> _31183_/D : -10.761547
[setup reg-reg] _33246_/Q -> _31713_/D : -10.761500
[setup reg-reg] _33246_/Q -> _30187_/D : -10.760755
[setup reg-reg] _33246_/Q -> _31179_/D : -10.759596
[setup reg-reg] _33246_/Q -> _34991_/D : -10.759532
[setup reg-reg] _33246_/Q -> _34426_/D : -10.758740
[setup reg-reg] _33246_/Q -> _31173_/D : -10.758570
[setup reg-reg] _33246_/Q -> _34440_/D : -10.758346
[setup reg-reg] _33246_/Q -> _34476_/D : -10.758246
[setup reg-reg] _33246_/Q -> _34733_/D : -10.758094
[setup reg-reg] _33246_/Q -> _32052_/D : -10.757955
[setup reg-reg] _33246_/Q -> _34409_/D : -10.757724
[setup reg-reg] _33246_/Q -> _32883_/D : -10.757699
[setup reg-reg] _33246_/Q -> _34990_/D : -10.757468
[setup reg-reg] _33246_/Q -> _34895_/D : -10.757454
[setup reg-reg] _33246_/Q -> _34410_/D : -10.757440
[setup reg-reg] _33246_/Q -> _32873_/D : -10.757404
[setup reg-reg] _33246_/Q -> _34431_/D : -10.757394
[setup reg-reg] _33246_/Q -> _34612_/D : -10.757308
[setup reg-reg] _33246_/Q -> _32855_/D : -10.757152
[setup reg-reg] _33246_/Q -> _30736_/D : -10.756970
[setup reg-reg] _33246_/Q -> _32877_/D : -10.756970
[setup reg-reg] _33246_/Q -> _34907_/D : -10.756182
[setup reg-reg] _33246_/Q -> _31166_/D : -10.756150
[setup reg-reg] _33246_/Q -> _34631_/D : -10.755986
[setup reg-reg] _33246_/Q -> _34905_/D : -10.755578
[setup reg-reg] _33246_/Q -> _34812_/D : -10.755404
[setup reg-reg] _33246_/Q -> _31181_/D : -10.755340
[setup reg-reg] _33246_/Q -> _31710_/D : -10.755031
[setup reg-reg] _33246_/Q -> _34856_/D : -10.755028
[setup reg-reg] _33246_/Q -> _30724_/D : -10.754839
[setup reg-reg] _33246_/Q -> _32872_/D : -10.754814
[setup reg-reg] _33246_/Q -> _34839_/D : -10.754509
[setup reg-reg] _33246_/Q -> _34842_/D : -10.754370
[setup reg-reg] _33246_/Q -> _35129_/D : -10.754242
[setup reg-reg] _33246_/Q -> _34617_/D : -10.754068
[setup reg-reg] _33246_/Q -> _34619_/D : -10.753908
[setup reg-reg] _33246_/Q -> _35118_/D : -10.753735
[setup reg-reg] _33246_/Q -> _31692_/D : -10.753571
[setup reg-reg] _33246_/Q -> _34837_/D : -10.753560
[setup reg-reg] _33246_/Q -> _35387_/D : -10.753525
[setup reg-reg] _33246_/Q -> _31038_/D : -10.753468
[setup reg-reg] _33246_/Q -> _35131_/D : -10.753365
[setup reg-reg] _33246_/Q -> _35117_/D : -10.753325
[setup reg-reg] _33246_/Q -> _34825_/D : -10.753269
[setup reg-reg] _33246_/Q -> _34606_/D : -10.753244
[setup reg-reg] _33246_/Q -> _34621_/D : -10.753162
[setup reg-reg] _33246_/Q -> _35375_/D : -10.753105
[setup reg-reg] _33246_/Q -> _32864_/D : -10.753091
[setup reg-reg] _33246_/Q -> _34607_/D : -10.753002
[setup reg-reg] _33246_/Q -> _34847_/D : -10.753010
[setup reg-reg] _33246_/Q -> _35119_/D : -10.753010
[setup reg-reg] _33246_/Q -> _35143_/D : -10.752807
[setup reg-reg] _33246_/Q -> _35115_/D : -10.752662
[setup reg-reg] _33246_/Q -> _35116_/D : -10.752594
[setup reg-reg] _33246_/Q -> _35374_/D : -10.752516
[setup reg-reg] _33246_/Q -> _35385_/D : -10.751649
[setup reg-reg] _33246_/Q -> _34624_/D : -10.750647
[setup reg-reg] _33246_/Q -> _34988_/D : -10.750299
[setup reg-reg] _33246_/Q -> _35373_/D : -10.750238
[setup reg-reg] _33246_/Q -> _32878_/D : -10.749922
[setup reg-reg] _33246_/Q -> _35013_/D : -10.749851
[setup reg-reg] _33246_/Q -> _35372_/D : -10.749794
[setup reg-reg] _33246_/Q -> _34754_/D : -10.749734
[setup reg-reg] _33246_/Q -> _30576_/D : -10.749372
[setup reg-reg] _33246_/Q -> _35399_/D : -10.748756
[setup reg-reg] _33246_/Q -> _35397_/D : -10.748682
[setup reg-reg] _33246_/Q -> _30223_/D : -10.748476
[setup reg-reg] _33246_/Q -> _35392_/D : -10.748416
[setup reg-reg] _33246_/Q -> _32034_/D : -10.747982
[setup reg-reg] _33246_/Q -> _30731_/D : -10.747570
[setup reg-reg] _33246_/Q -> _34777_/D : -10.747396
[setup reg-reg] _33246_/Q -> _34766_/D : -10.747243
[setup reg-reg] _33246_/Q -> _31535_/D : -10.747090
[setup reg-reg] _33246_/Q -> _30163_/D : -10.747063
[setup reg-reg] _33246_/Q -> _34791_/D : -10.747009
[setup reg-reg] _33246_/Q -> _30213_/D : -10.746934
[setup reg-reg] _33246_/Q -> _34604_/D : -10.746469
[setup reg-reg] _33246_/Q -> _30718_/D : -10.746120
[setup reg-reg] _33246_/Q -> _31525_/D : -10.745432
[setup reg-reg] _33246_/Q -> _31533_/D : -10.744593
[setup reg-reg] _33246_/Q -> _31966_/D : -10.744576
[setup reg-reg] _33246_/Q -> _34629_/D : -10.744444
[setup reg-reg] _33246_/Q -> _34891_/D : -10.744337
[setup reg-reg] _33246_/Q -> _34914_/D : -10.744256
[setup reg-reg] _33246_/Q -> _31529_/D : -10.744127
[setup reg-reg] _33246_/Q -> _34731_/D : -10.744028
[setup reg-reg] _33246_/Q -> _34605_/D : -10.743748
[setup reg-reg] _33246_/Q -> _34625_/D : -10.743694
[setup reg-reg] _33246_/Q -> _30733_/D : -10.743645
[setup reg-reg] _33246_/Q -> _32856_/D : -10.743424
[setup reg-reg] _33246_/Q -> _30181_/D : -10.743336
[setup reg-reg] _33246_/Q -> _30251_/D : -10.743297
[setup reg-reg] _33246_/Q -> _32857_/D : -10.743176
[setup reg-reg] _33246_/Q -> _30217_/D : -10.742973
[setup reg-reg] _33246_/Q -> _35225_/D : -10.742430
[setup reg-reg] _33246_/Q -> _31985_/D : -10.741882
[setup reg-reg] _33246_/Q -> _35291_/D : -10.740635
[setup reg-reg] _33246_/Q -> _31514_/D : -10.740472
[setup reg-reg] _33246_/Q -> _35289_/D : -10.740415
[setup reg-reg] _33246_/Q -> _35098_/D : -10.740330
[setup reg-reg] _33246_/Q -> _32050_/D : -10.739470
[setup reg-reg] _33246_/Q -> _30287_/D : -10.738969
[setup reg-reg] _33246_/Q -> _31021_/D : -10.738973
[setup reg-reg] _33246_/Q -> _35278_/D : -10.738884
[setup reg-reg] _33246_/Q -> _30185_/D : -10.738330
[setup reg-reg] _33246_/Q -> _35277_/D : -10.738052
[setup reg-reg] _33246_/Q -> _35138_/D : -10.737988
[setup reg-reg] _33246_/Q -> _30277_/D : -10.737928
[setup reg-reg] _33246_/Q -> _35303_/D : -10.737715
[setup reg-reg] _33246_/Q -> _35276_/D : -10.737214
[setup reg-reg] _33246_/Q -> _35213_/D : -10.737082
[setup reg-reg] _33246_/Q -> _34909_/D : -10.737008
[setup reg-reg] _33246_/Q -> _35215_/D : -10.736959
[setup reg-reg] _33246_/Q -> _31024_/D : -10.736784
[setup reg-reg] _33246_/Q -> _35227_/D : -10.736794
[setup reg-reg] _33246_/Q -> _35214_/D : -10.736621
[setup reg-reg] _33246_/Q -> _34438_/D : -10.736390
[setup reg-reg] _33246_/Q -> _35237_/D : -10.736316
[setup reg-reg] _33246_/Q -> _35239_/D : -10.736003
[setup reg-reg] _33246_/Q -> _35212_/D : -10.735989
[setup reg-reg] _33246_/Q -> _34626_/D : -10.735882
[setup reg-reg] _33246_/Q -> _31486_/D : -10.735861
[setup reg-reg] _33246_/Q -> _35211_/D : -10.735836
[setup reg-reg] _33246_/Q -> _31002_/D : -10.735789
[setup reg-reg] _33246_/Q -> _34823_/D : -10.735768
[setup reg-reg] _33246_/Q -> _34809_/D : -10.735744
[setup reg-reg] _33246_/Q -> _34844_/D : -10.734201
[setup reg-reg] _33246_/Q -> _35323_/D : -10.734109
[setup reg-reg] _33246_/Q -> _35133_/D : -10.733598
[setup reg-reg] _33246_/Q -> _35293_/D : -10.731736
[setup reg-reg] _33246_/Q -> _30281_/D : -10.731622
[setup reg-reg] _33246_/Q -> _34785_/D : -10.731313
[setup reg-reg] _33246_/Q -> _35631_/D : -10.731203
[setup reg-reg] _33246_/Q -> _35643_/D : -10.731135
[setup reg-reg] _33246_/Q -> _31051_/D : -10.730791
[setup reg-reg] _33246_/Q -> _35297_/D : -10.730652
[setup reg-reg] _33246_/Q -> _34458_/D : -10.730329
[setup reg-reg] _33246_/Q -> _34781_/D : -10.730226
[setup reg-reg] _33246_/Q -> _34472_/D : -10.729814
[setup reg-reg] _33246_/Q -> _34441_/D : -10.729011
[setup reg-reg] _33246_/Q -> _35298_/D : -10.728773
[setup reg-reg] _33246_/Q -> _34463_/D : -10.728695
[setup reg-reg] _33246_/Q -> _32030_/D : -10.728623
[setup reg-reg] _33246_/Q -> _34779_/D : -10.728535
[setup reg-reg] _33246_/Q -> _34442_/D : -10.728421
[setup reg-reg] _33246_/Q -> _34767_/D : -10.727277
[setup reg-reg] _33246_/Q -> _35325_/D : -10.726914
[setup reg-reg] _33246_/Q -> _35630_/D : -10.726893
[setup reg-reg] _33246_/Q -> _30309_/D : -10.726627
[setup reg-reg] _33246_/Q -> _30714_/D : -10.723938
[setup reg-reg] _33246_/Q -> _34784_/D : -10.723053
[setup reg-reg] _33246_/Q -> _34789_/D : -10.722154
[setup reg-reg] _33246_/Q -> _32845_/D : -10.721991
[setup reg-reg] _33246_/Q -> _34764_/D : -10.721909
[setup reg-reg] _33246_/Q -> _34894_/D : -10.721803
[setup reg-reg] _33246_/Q -> _35233_/D : -10.721700
[setup reg-reg] _33246_/Q -> _32832_/D : -10.721554
[setup reg-reg] _33246_/Q -> _35234_/D : -10.721128
[setup reg-reg] _33246_/Q -> _34893_/D : -10.720652
[setup reg-reg] _33246_/Q -> _31518_/D : -10.720434
[setup reg-reg] _33246_/Q -> _32840_/D : -10.720189
[setup reg-reg] _33246_/Q -> _34603_/D : -10.720086
[setup reg-reg] _33246_/Q -> _34817_/D : -10.720026
[setup reg-reg] _33246_/Q -> _34795_/D : -10.719735
[setup reg-reg] _33246_/Q -> _32841_/D : -10.719671
[setup reg-reg] _33246_/Q -> _32844_/D : -10.719589
[setup reg-reg] _33246_/Q -> _34804_/D : -10.719571
[setup reg-reg] _33246_/Q -> _32837_/D : -10.719244
[setup reg-reg] _33246_/Q -> _32826_/D : -10.718719
[setup reg-reg] _33246_/Q -> _34765_/D : -10.718644
[setup reg-reg] _33246_/Q -> _34414_/D : -10.718494
[setup reg-reg] _33246_/Q -> _32839_/D : -10.718416
[setup reg-reg] _33246_/Q -> _34427_/D : -10.718210
[setup reg-reg] _33246_/Q -> _34772_/D : -10.718204
[setup reg-reg] _33246_/Q -> _34425_/D : -10.717880
[setup reg-reg] _33246_/Q -> _32775_/D : -10.717852
[setup reg-reg] _33246_/Q -> _34340_/D : -10.717734
[setup reg-reg] _33246_/Q -> _31931_/D : -10.717699
[setup reg-reg] _33246_/Q -> _32827_/D : -10.717653
[setup reg-reg] _33246_/Q -> _34432_/D : -10.716800
[setup reg-reg] _33246_/Q -> _34798_/D : -10.716811
[setup reg-reg] _33246_/Q -> _34811_/D : -10.716676
[setup reg-reg] _33246_/Q -> _35229_/D : -10.716619
[setup reg-reg] _33246_/Q -> _34415_/D : -10.716441
[setup reg-reg] _33246_/Q -> _34437_/D : -10.716413
[setup reg-reg] _33246_/Q -> _34799_/D : -10.716182
[setup reg-reg] _33246_/Q -> _34821_/D : -10.716064
[setup reg-reg] _33246_/Q -> _31964_/D : -10.715926
[setup reg-reg] _33246_/Q -> _32851_/D : -10.715642
[setup reg-reg] _33246_/Q -> _34813_/D : -10.714793
[setup reg-reg] _33246_/Q -> _34855_/D : -10.713902
[setup reg-reg] _33246_/Q -> _34892_/D : -10.713862
[setup reg-reg] _33246_/Q -> _34841_/D : -10.713784
[setup reg-reg] _33246_/Q -> _31954_/D : -10.712338
[setup reg-reg] _33246_/Q -> _34429_/D : -10.712232
[setup reg-reg] _33246_/Q -> _34439_/D : -10.712193
[setup reg-reg] _33246_/Q -> _34433_/D : -10.712164
[setup reg-reg] _33246_/Q -> _34411_/D : -10.712018
[setup reg-reg] _33246_/Q -> _34816_/D : -10.711834
[setup reg-reg] _33246_/Q -> _32824_/D : -10.711748
[setup reg-reg] _33246_/Q -> _34420_/D : -10.711717
[setup reg-reg] _33246_/Q -> _32825_/D : -10.711493
[setup reg-reg] _33246_/Q -> _32849_/D : -10.711315
[setup reg-reg] _33246_/Q -> _34768_/D : -10.711226
[setup reg-reg] _33246_/Q -> _34428_/D : -10.710700
[setup reg-reg] _33246_/Q -> _34796_/D : -10.710683
[setup reg-reg] _33246_/Q -> _34797_/D : -10.710683
[setup reg-reg] _33246_/Q -> _32823_/D : -10.709965
[setup reg-reg] _33246_/Q -> _34919_/D : -10.709915
[setup reg-reg] _33246_/Q -> _34786_/D : -10.709339
[setup reg-reg] _33246_/Q -> _33970_/D : -10.709311
[setup reg-reg] _33246_/Q -> _34598_/D : -10.709166
[setup reg-reg] _33246_/Q -> _32809_/D : -10.708021
[setup reg-reg] _33246_/Q -> _31052_/D : -10.707681
[setup reg-reg] _33246_/Q -> _32828_/D : -10.707691
[setup reg-reg] _33246_/Q -> _35279_/D : -10.707527
[setup reg-reg] _33246_/Q -> _34470_/D : -10.707169
[setup reg-reg] _33246_/Q -> _30245_/D : -10.706913
[setup reg-reg] _33246_/Q -> _33842_/D : -10.706824
[setup reg-reg] _33246_/Q -> _34912_/D : -10.706831
[setup reg-reg] _33246_/Q -> _32813_/D : -10.706781
[setup reg-reg] _33246_/Q -> _30959_/D : -10.706657
[setup reg-reg] _33246_/Q -> _32793_/D : -10.706569
[setup reg-reg] _33246_/Q -> _30206_/D : -10.706388
[setup reg-reg] _33246_/Q -> _32777_/D : -10.705925
[setup reg-reg] _33246_/Q -> _34580_/D : -10.705254
[setup reg-reg] _33246_/Q -> _35136_/D : -10.705261
[setup reg-reg] _33246_/Q -> _34587_/D : -10.705140
[setup reg-reg] _33246_/Q -> _34917_/D : -10.705072
[setup reg-reg] _33246_/Q -> _32781_/D : -10.705027
[setup reg-reg] _33246_/Q -> _34574_/D : -10.704963
[setup reg-reg] _33246_/Q -> _34592_/D : -10.704771
[setup reg-reg] _33246_/Q -> _34593_/D : -10.704742
[setup reg-reg] _33246_/Q -> _34585_/D : -10.704718
[setup reg-reg] _33246_/Q -> _34434_/D : -10.704593
[setup reg-reg] _33246_/Q -> _32812_/D : -10.704479
[setup reg-reg] _33246_/Q -> _35141_/D : -10.704355
[setup reg-reg] _33246_/Q -> _34423_/D : -10.703169
[setup reg-reg] _33246_/Q -> _31045_/D : -10.702444
[setup reg-reg] _33246_/Q -> _34416_/D : -10.701623
[setup reg-reg] _33246_/Q -> _30806_/D : -10.701609
[setup reg-reg] _33246_/Q -> _30816_/D : -10.701584
[setup reg-reg] _33246_/Q -> _30668_/D : -10.701516
[setup reg-reg] _33246_/Q -> _30672_/D : -10.701364
[setup reg-reg] _33246_/Q -> _30807_/D : -10.701345
[setup reg-reg] _33246_/Q -> _35311_/D : -10.700933
[setup reg-reg] _33246_/Q -> _30650_/D : -10.700855
[setup reg-reg] _33246_/Q -> _31472_/D : -10.700852
[setup reg-reg] _33246_/Q -> _35321_/D : -10.700752
[setup reg-reg] _33246_/Q -> _31465_/D : -10.700585
[setup reg-reg] _33246_/Q -> _31448_/D : -10.700536
[setup reg-reg] _33246_/Q -> _35310_/D : -10.700543
[setup reg-reg] _33246_/Q -> _30830_/D : -10.700490
[setup reg-reg] _33246_/Q -> _30804_/D : -10.700451
[setup reg-reg] _33246_/Q -> _32850_/D : -10.700365
[setup reg-reg] _33246_/Q -> _35309_/D : -10.700348
[setup reg-reg] _33246_/Q -> _34800_/D : -10.699986
[setup reg-reg] _33246_/Q -> _34763_/D : -10.699946
[setup reg-reg] _33246_/Q -> _34822_/D : -10.699924
[setup reg-reg] _33246_/Q -> _30716_/D : -10.699864
[setup reg-reg] _33246_/Q -> _32028_/D : -10.699555
[setup reg-reg] _33246_/Q -> _34053_/D : -10.699471
[setup reg-reg] _33246_/Q -> _35335_/D : -10.699438
[setup reg-reg] _33246_/Q -> _30812_/D : -10.699200
[setup reg-reg] _33246_/Q -> _34971_/D : -10.698845
[setup reg-reg] _33246_/Q -> _34034_/D : -10.698777
[setup reg-reg] _33246_/Q -> _33988_/D : -10.698689
[setup reg-reg] _33246_/Q -> _32280_/D : -10.698518
[setup reg-reg] _33246_/Q -> _34836_/D : -10.698528
[setup reg-reg] _33246_/Q -> _35727_/D : -10.698060
[setup reg-reg] _33246_/Q -> _34959_/D : -10.697754
[setup reg-reg] _33246_/Q -> _34969_/D : -10.697505
[setup reg-reg] _33246_/Q -> _30712_/D : -10.697104
[setup reg-reg] _33246_/Q -> _34849_/D : -10.696586
[setup reg-reg] _33246_/Q -> _34827_/D : -10.696479
[setup reg-reg] _33246_/Q -> _31277_/D : -10.696308
[setup reg-reg] _33246_/Q -> _35739_/D : -10.696074
[setup reg-reg] _33246_/Q -> _32846_/D : -10.696006
[setup reg-reg] _33246_/Q -> _30270_/D : -10.695402
[setup reg-reg] _33246_/Q -> _34927_/D : -10.695235
[setup reg-reg] _33246_/Q -> _32279_/D : -10.695068
[setup reg-reg] _33246_/Q -> _34853_/D : -10.695061
[setup reg-reg] _33246_/Q -> _34831_/D : -10.695033
[setup reg-reg] _33246_/Q -> _34830_/D : -10.694955
[setup reg-reg] _33246_/Q -> _34845_/D : -10.694883
[setup reg-reg] _33246_/Q -> _34939_/D : -10.694819
[setup reg-reg] _33246_/Q -> _34843_/D : -10.694713
[setup reg-reg] _33246_/Q -> _31006_/D : -10.694212
[setup reg-reg] _33246_/Q -> _35737_/D : -10.694130
[setup reg-reg] _33246_/Q -> _32819_/D : -10.694102
[setup reg-reg] _33246_/Q -> _30191_/D : -10.693765
[setup reg-reg] _33246_/Q -> _34413_/D : -10.693743
[setup reg-reg] _33246_/Q -> _34412_/D : -10.693327
[setup reg-reg] _33246_/Q -> _35726_/D : -10.693135
[setup reg-reg] _33246_/Q -> _35724_/D : -10.693065
[setup reg-reg] _33246_/Q -> _34937_/D : -10.692940
[setup reg-reg] _33246_/Q -> _32286_/D : -10.692770
[setup reg-reg] _33246_/Q -> _35547_/D : -10.692684
[setup reg-reg] _33246_/Q -> _35193_/D : -10.691967
[setup reg-reg] _33246_/Q -> _34576_/D : -10.691942
[setup reg-reg] _33246_/Q -> _35535_/D : -10.691860
[setup reg-reg] _33246_/Q -> _32296_/D : -10.691686
[setup reg-reg] _33246_/Q -> _30796_/D : -10.691508
[setup reg-reg] _33246_/Q -> _34589_/D : -10.691092
[setup reg-reg] _33246_/Q -> _35534_/D : -10.691072
[setup reg-reg] _33246_/Q -> _35545_/D : -10.691022
[setup reg-reg] _33246_/Q -> _34599_/D : -10.690656
[setup reg-reg] _33246_/Q -> _35533_/D : -10.690660
[setup reg-reg] _33246_/Q -> _35559_/D : -10.690475
[setup reg-reg] _33246_/Q -> _31213_/D : -10.690386
[setup reg-reg] _33246_/Q -> _35532_/D : -10.690322
[setup reg-reg] _33246_/Q -> _34829_/D : -10.690063
[setup reg-reg] _33246_/Q -> _34446_/D : -10.690009
[setup reg-reg] _33246_/Q -> _34828_/D : -10.689860
[setup reg-reg] _33246_/Q -> _35552_/D : -10.689828
[setup reg-reg] _33246_/Q -> _34459_/D : -10.689729
[setup reg-reg] _33246_/Q -> _31120_/D : -10.689711
[setup reg-reg] _33246_/Q -> _34457_/D : -10.689455
[setup reg-reg] _33246_/Q -> _34818_/D : -10.689214
[setup reg-reg] _33246_/Q -> _34471_/D : -10.688969
[setup reg-reg] _33246_/Q -> _34447_/D : -10.688858
[setup reg-reg] _33246_/Q -> _34464_/D : -10.688858
[setup reg-reg] _33246_/Q -> _34848_/D : -10.688854
[setup reg-reg] _33246_/Q -> _34469_/D : -10.688599
[setup reg-reg] _33246_/Q -> _34575_/D : -10.688588
[setup reg-reg] _33246_/Q -> _34597_/D : -10.688574
[setup reg-reg] _33246_/Q -> _34977_/D : -10.688560
[setup reg-reg] _33246_/Q -> _35275_/D : -10.688496
[setup reg-reg] _33246_/Q -> _35749_/D : -10.688436
[setup reg-reg] _33246_/Q -> _35744_/D : -10.688251
[setup reg-reg] _33246_/Q -> _33201_/D : -10.687814
[setup reg-reg] _33246_/Q -> _35296_/D : -10.687625
[setup reg-reg] _33246_/Q -> _35301_/D : -10.687466
[setup reg-reg] _33246_/Q -> _30174_/D : -10.687171
[setup reg-reg] _33246_/Q -> _32805_/D : -10.687128
[setup reg-reg] _33246_/Q -> _34955_/D : -10.686869
[setup reg-reg] _33246_/Q -> _31504_/D : -10.686680
[setup reg-reg] _33246_/Q -> _35232_/D : -10.686563
[setup reg-reg] _33246_/Q -> _34978_/D : -10.686471
[setup reg-reg] _33246_/Q -> _32284_/D : -10.686396
[setup reg-reg] _33246_/Q -> _34588_/D : -10.686343
[setup reg-reg] _33246_/Q -> _31536_/D : -10.686317
[setup reg-reg] _33246_/Q -> _35195_/D : -10.686187
[setup reg-reg] _33246_/Q -> _35181_/D : -10.685891
[setup reg-reg] _33246_/Q -> _35182_/D : -10.685728
[setup reg-reg] _33246_/Q -> _32288_/D : -10.685615
[setup reg-reg] _33246_/Q -> _35183_/D : -10.685533
[setup reg-reg] _33246_/Q -> _34945_/D : -10.685476
[setup reg-reg] _33246_/Q -> _35205_/D : -10.685213
[setup reg-reg] _33246_/Q -> _35200_/D : -10.685046
[setup reg-reg] _33246_/Q -> _35179_/D : -10.685032
[setup reg-reg] _33246_/Q -> _35180_/D : -10.684872
[setup reg-reg] _33246_/Q -> _35207_/D : -10.684840
[setup reg-reg] _33246_/Q -> _34594_/D : -10.684659
[setup reg-reg] _33246_/Q -> _35307_/D : -10.684655
[setup reg-reg] _33246_/Q -> _35407_/D : -10.684524
[setup reg-reg] _33246_/Q -> _32807_/D : -10.684464
[setup reg-reg] _33246_/Q -> _34571_/D : -10.684421
[setup reg-reg] _33246_/Q -> _34461_/D : -10.684261
[setup reg-reg] _33246_/Q -> _30948_/D : -10.684179
[setup reg-reg] _33246_/Q -> _35308_/D : -10.684119
[setup reg-reg] _33246_/Q -> _32762_/D : -10.684052
[setup reg-reg] _33246_/Q -> _35419_/D : -10.684037
[setup reg-reg] _33246_/Q -> _32773_/D : -10.683998
[setup reg-reg] _33246_/Q -> _30552_/D : -10.683984
[setup reg-reg] _33246_/Q -> _32761_/D : -10.683906
[setup reg-reg] _33246_/Q -> _34465_/D : -10.683782
[setup reg-reg] _33246_/Q -> _35833_/D : -10.683703
[setup reg-reg] _33246_/Q -> _35823_/D : -10.683654
[setup reg-reg] _33246_/Q -> _30669_/D : -10.683525
[setup reg-reg] _33246_/Q -> _35835_/D : -10.683447
[setup reg-reg] _33246_/Q -> _32303_/D : -10.683426
[setup reg-reg] _33246_/Q -> _32299_/D : -10.683401
[setup reg-reg] _33246_/Q -> _32278_/D : -10.683227
[setup reg-reg] _33246_/Q -> _34452_/D : -10.683206
[setup reg-reg] _33246_/Q -> _32787_/D : -10.683135
[setup reg-reg] _33246_/Q -> _32760_/D : -10.682968
[setup reg-reg] _33246_/Q -> _35429_/D : -10.682808
[setup reg-reg] _33246_/Q -> _35328_/D : -10.682715
[setup reg-reg] _33246_/Q -> _35417_/D : -10.682712
[setup reg-reg] _33246_/Q -> _34923_/D : -10.682427
[setup reg-reg] _33246_/Q -> _35406_/D : -10.682371
[setup reg-reg] _33246_/Q -> _34443_/D : -10.682307
[setup reg-reg] _33246_/Q -> _35333_/D : -10.682182
[setup reg-reg] _33246_/Q -> _35820_/D : -10.682151
[setup reg-reg] _33246_/Q -> _35822_/D : -10.682065
[setup reg-reg] _33246_/Q -> _32763_/D : -10.682051
[setup reg-reg] _33246_/Q -> _35404_/D : -10.681980
[setup reg-reg] _33246_/Q -> _35821_/D : -10.681959
[setup reg-reg] _33246_/Q -> _32301_/D : -10.681838
[setup reg-reg] _33246_/Q -> _35424_/D : -10.681675
[setup reg-reg] _33246_/Q -> _34832_/D : -10.681202
[setup reg-reg] _33246_/Q -> _35405_/D : -10.680821
[setup reg-reg] _33246_/Q -> _35845_/D : -10.680527
[setup reg-reg] _33246_/Q -> _35840_/D : -10.680353
[setup reg-reg] _33246_/Q -> _35557_/D : -10.680164
[setup reg-reg] _33246_/Q -> _32795_/D : -10.679863
[setup reg-reg] _33246_/Q -> _35403_/D : -10.679528
[setup reg-reg] _33246_/Q -> _35531_/D : -10.679522
[setup reg-reg] _33246_/Q -> _32308_/D : -10.678932
[setup reg-reg] _33246_/Q -> _35431_/D : -10.678829
[setup reg-reg] _33246_/Q -> _30288_/D : -10.678661
[setup reg-reg] _33246_/Q -> _34600_/D : -10.678168
[setup reg-reg] _33246_/Q -> _32794_/D : -10.677873
[setup reg-reg] _33246_/Q -> _34460_/D : -10.677834
[setup reg-reg] _33246_/Q -> _32290_/D : -10.677798
[setup reg-reg] _33246_/Q -> _34586_/D : -10.677710
[setup reg-reg] _33246_/Q -> _34569_/D : -10.677248
[setup reg-reg] _33246_/Q -> _34854_/D : -10.677176
[setup reg-reg] _33246_/Q -> _34591_/D : -10.676189
[setup reg-reg] _33246_/Q -> _34448_/D : -10.675518
[setup reg-reg] _33246_/Q -> _34466_/D : -10.675504
[setup reg-reg] _33246_/Q -> _34973_/D : -10.675397
[setup reg-reg] _33246_/Q -> _34455_/D : -10.674299
[setup reg-reg] _33246_/Q -> _34052_/D : -10.674054
[setup reg-reg] _33246_/Q -> _35865_/D : -10.673993
[setup reg-reg] _33246_/Q -> _31968_/D : -10.673823
[setup reg-reg] _33246_/Q -> _35867_/D : -10.673830
[setup reg-reg] _33246_/Q -> _35855_/D : -10.673738
[setup reg-reg] _33246_/Q -> _35854_/D : -10.673599
[setup reg-reg] _33246_/Q -> _35791_/D : -10.672971
[setup reg-reg] _33246_/Q -> _35790_/D : -10.672907
[setup reg-reg] _33246_/Q -> _31017_/D : -10.672729
[setup reg-reg] _33246_/Q -> _34941_/D : -10.672516
[setup reg-reg] _33246_/Q -> _35801_/D : -10.671588
[setup reg-reg] _33246_/Q -> _35852_/D : -10.671347
[setup reg-reg] _33246_/Q -> _35853_/D : -10.671102
[setup reg-reg] _33246_/Q -> _35202_/D : -10.671002
[setup reg-reg] _33246_/Q -> _35201_/D : -10.670938
[setup reg-reg] _33246_/Q -> _35788_/D : -10.670245
[setup reg-reg] _33246_/Q -> _34573_/D : -10.669808
[setup reg-reg] _33246_/Q -> _34572_/D : -10.669773
[setup reg-reg] _33246_/Q -> _31000_/D : -10.669720
[setup reg-reg] _33246_/Q -> _30949_/D : -10.669407
[setup reg-reg] _33246_/Q -> _34445_/D : -10.669339
[setup reg-reg] _33246_/Q -> _34444_/D : -10.669314
[setup reg-reg] _33246_/Q -> _35789_/D : -10.669236
[setup reg-reg] _33246_/Q -> _32792_/D : -10.669087
[setup reg-reg] _33246_/Q -> _35872_/D : -10.669044
[setup reg-reg] _33246_/Q -> _35813_/D : -10.668814
[setup reg-reg] _33246_/Q -> _35877_/D : -10.668725
[setup reg-reg] _33246_/Q -> _35808_/D : -10.668629
[setup reg-reg] _33246_/Q -> _32759_/D : -10.667279
[setup reg-reg] _33246_/Q -> _34850_/D : -10.667222
[setup reg-reg] _33246_/Q -> _32817_/D : -10.666725
[setup reg-reg] _33246_/Q -> _32780_/D : -10.666285
[setup reg-reg] _33246_/Q -> _32785_/D : -10.665822
[setup reg-reg] _33246_/Q -> _35197_/D : -10.665154
[setup reg-reg] _33246_/Q -> _31714_/D : -10.664586
[setup reg-reg] _33246_/Q -> _30793_/D : -10.663975
[setup reg-reg] _33246_/Q -> _35161_/D : -10.663567
[setup reg-reg] _33246_/Q -> _31888_/D : -10.663367
[setup reg-reg] _33246_/Q -> _34958_/D : -10.663239
[setup reg-reg] _33246_/Q -> _33989_/D : -10.663200
[setup reg-reg] _33246_/Q -> _34957_/D : -10.663204
[setup reg-reg] _33246_/Q -> _31868_/D : -10.663033
[setup reg-reg] _33246_/Q -> _31892_/D : -10.662884
[setup reg-reg] _33246_/Q -> _34956_/D : -10.662650
[setup reg-reg] _33246_/Q -> _35105_/D : -10.660604
[setup reg-reg] _33246_/Q -> _35111_/D : -10.659513
[setup reg-reg] _33246_/Q -> _35085_/D : -10.659133
[setup reg-reg] _33246_/Q -> _31468_/D : -10.658962
[setup reg-reg] _33246_/Q -> _35084_/D : -10.658905
[setup reg-reg] _33246_/Q -> _34926_/D : -10.658565
[setup reg-reg] _33246_/Q -> _31248_/D : -10.658443
[setup reg-reg] _33246_/Q -> _34924_/D : -10.658394
[setup reg-reg] _33246_/Q -> _34925_/D : -10.658404
[setup reg-reg] _33246_/Q -> _31226_/D : -10.657882
[setup reg-reg] _33246_/Q -> _35163_/D : -10.657722
[setup reg-reg] _33246_/Q -> _32032_/D : -10.657264
[setup reg-reg] _33246_/Q -> _31244_/D : -10.657115
[setup reg-reg] _33246_/Q -> _35151_/D : -10.656887
[setup reg-reg] _33246_/Q -> _34983_/D : -10.656792
[setup reg-reg] _33246_/Q -> _35149_/D : -10.656738
[setup reg-reg] _33246_/Q -> _35175_/D : -10.656677
[setup reg-reg] _33246_/Q -> _35150_/D : -10.656532
[setup reg-reg] _33246_/Q -> _35173_/D : -10.655783
[setup reg-reg] _33246_/Q -> _35147_/D : -10.655658
[setup reg-reg] _33246_/Q -> _35148_/D : -10.655655
[setup reg-reg] _33246_/Q -> _35168_/D : -10.655580
[setup reg-reg] _33246_/Q -> _30531_/D : -10.654788
[setup reg-reg] _33246_/Q -> _30525_/D : -10.653590
[setup reg-reg] _33246_/Q -> _30515_/D : -10.653534
[setup reg-reg] _33246_/Q -> _32539_/D : -10.653026
[setup reg-reg] _33246_/Q -> _30517_/D : -10.652783
[setup reg-reg] _33246_/Q -> _31085_/D : -10.652329
[setup reg-reg] _33246_/Q -> _30529_/D : -10.652262
[setup reg-reg] _33246_/Q -> _34951_/D : -10.651708
[setup reg-reg] _33246_/Q -> _34308_/D : -10.651597
[setup reg-reg] _33246_/Q -> _30536_/D : -10.651232
[setup reg-reg] _33246_/Q -> _33840_/D : -10.650709
[setup reg-reg] _33246_/Q -> _30516_/D : -10.649227
[setup reg-reg] _33246_/Q -> _30683_/D : -10.649099
[setup reg-reg] _33246_/Q -> _34976_/D : -10.648549
[setup reg-reg] _33246_/Q -> _30527_/D : -10.648360
[setup reg-reg] _33246_/Q -> _30689_/D : -10.648364
[setup reg-reg] _33246_/Q -> _35097_/D : -10.648354
[setup reg-reg] _33246_/Q -> _33874_/D : -10.648343
[setup reg-reg] _33246_/Q -> _35101_/D : -10.648144
[setup reg-reg] _33246_/Q -> _35086_/D : -10.648129
[setup reg-reg] _33246_/Q -> _35170_/D : -10.647991
[setup reg-reg] _33246_/Q -> _32997_/D : -10.647714
[setup reg-reg] _33246_/Q -> _35087_/D : -10.647647
[setup reg-reg] _33246_/Q -> _34981_/D : -10.647248
[setup reg-reg] _33246_/Q -> _33004_/D : -10.647132
[setup reg-reg] _33246_/Q -> _32562_/D : -10.646311
[setup reg-reg] _33246_/Q -> _35695_/D : -10.643387
[setup reg-reg] _33246_/Q -> _34944_/D : -10.643085
[setup reg-reg] _33246_/Q -> _34949_/D : -10.642648
[setup reg-reg] _33246_/Q -> _31450_/D : -10.642094
[setup reg-reg] _33246_/Q -> _32281_/D : -10.641134
[setup reg-reg] _33246_/Q -> _35707_/D : -10.641006
[setup reg-reg] _33246_/Q -> _35259_/D : -10.640531
[setup reg-reg] _33246_/Q -> _32999_/D : -10.640243
[setup reg-reg] _33246_/Q -> _35257_/D : -10.640016
[setup reg-reg] _33246_/Q -> _32983_/D : -10.639462
[setup reg-reg] _33246_/Q -> _35099_/D : -10.639433
[setup reg-reg] _33246_/Q -> _34002_/D : -10.639153
[setup reg-reg] _33246_/Q -> _35246_/D : -10.639120
[setup reg-reg] _33246_/Q -> _35609_/D : -10.638822
[setup reg-reg] _33246_/Q -> _35611_/D : -10.638797
[setup reg-reg] _33246_/Q -> _35245_/D : -10.638583
[setup reg-reg] _33246_/Q -> _35705_/D : -10.638573
[setup reg-reg] _33246_/Q -> _32993_/D : -10.638395
[setup reg-reg] _33246_/Q -> _32137_/D : -10.638377
[setup reg-reg] _33246_/Q -> _30743_/D : -10.638288
[setup reg-reg] _33246_/Q -> _35271_/D : -10.638193
[setup reg-reg] _33246_/Q -> _35599_/D : -10.638029
[setup reg-reg] _33246_/Q -> _35244_/D : -10.637980
[setup reg-reg] _33246_/Q -> _35694_/D : -10.637841
[setup reg-reg] _33246_/Q -> _33001_/D : -10.637827
[setup reg-reg] _33246_/Q -> _32985_/D : -10.637745
[setup reg-reg] _33246_/Q -> _35692_/D : -10.637368
[setup reg-reg] _33246_/Q -> _32995_/D : -10.637287
[setup reg-reg] _33246_/Q -> _32987_/D : -10.636892
[setup reg-reg] _33246_/Q -> _35596_/D : -10.636825
[setup reg-reg] _33246_/Q -> _35598_/D : -10.636797
[setup reg-reg] _33246_/Q -> _35597_/D : -10.636612
[setup reg-reg] _33246_/Q -> _35712_/D : -10.636583
[setup reg-reg] _33246_/Q -> _33003_/D : -10.636552
[setup reg-reg] _33246_/Q -> _35616_/D : -10.636353
[setup reg-reg] _33246_/Q -> _35623_/D : -10.636214
[setup reg-reg] _33246_/Q -> _31690_/D : -10.635634
[setup reg-reg] _33246_/Q -> _32305_/D : -10.634765
[setup reg-reg] _33246_/Q -> _32307_/D : -10.634256
[setup reg-reg] _33246_/Q -> _32984_/D : -10.633820
[setup reg-reg] _33246_/Q -> _35165_/D : -10.633816
[setup reg-reg] _33246_/Q -> _30752_/D : -10.633265
[setup reg-reg] _33246_/Q -> _32980_/D : -10.633212
[setup reg-reg] _33246_/Q -> _35717_/D : -10.632803
[setup reg-reg] _33246_/Q -> _31245_/D : -10.632100
[setup reg-reg] _33246_/Q -> _30766_/D : -10.632053
[setup reg-reg] _33246_/Q -> _32958_/D : -10.632057
[setup reg-reg] _33246_/Q -> _30742_/D : -10.631808
[setup reg-reg] _33246_/Q -> _30740_/D : -10.631009
[setup reg-reg] _33246_/Q -> _30748_/D : -10.630682
[setup reg-reg] _33246_/Q -> _32297_/D : -10.629986
[setup reg-reg] _33246_/Q -> _31598_/D : -10.629687
[setup reg-reg] _33246_/Q -> _32069_/D : -10.629247
[setup reg-reg] _33246_/Q -> _35266_/D : -10.628896
[setup reg-reg] _33246_/Q -> _32071_/D : -10.628597
[setup reg-reg] _33246_/Q -> _32304_/D : -10.628604
[setup reg-reg] _33246_/Q -> _35261_/D : -10.628302
[setup reg-reg] _33246_/Q -> _31576_/D : -10.627982
[setup reg-reg] _33246_/Q -> _35265_/D : -10.627908
[setup reg-reg] _33246_/Q -> _31581_/D : -10.627556
[setup reg-reg] _33246_/Q -> _31256_/D : -10.627321
[setup reg-reg] _33246_/Q -> _32325_/D : -10.627321
[setup reg-reg] _33246_/Q -> _30654_/D : -10.627197
[setup reg-reg] _33246_/Q -> _30665_/D : -10.627115
[setup reg-reg] _33246_/Q -> _30648_/D : -10.626942
[setup reg-reg] _33246_/Q -> _31577_/D : -10.626188
[setup reg-reg] _33246_/Q -> _31258_/D : -10.626032
[setup reg-reg] _33246_/Q -> _31280_/D : -10.625769
[setup reg-reg] _33246_/Q -> _35595_/D : -10.625406
[setup reg-reg] _33246_/Q -> _35621_/D : -10.625204
[setup reg-reg] _33246_/Q -> _31198_/D : -10.624331
[setup reg-reg] _33246_/Q -> _33860_/D : -10.624085
[setup reg-reg] _33246_/Q -> _33186_/D : -10.623672
[setup reg-reg] _33246_/Q -> _31584_/D : -10.623517
[setup reg-reg] _33246_/Q -> _31580_/D : -10.623353
[setup reg-reg] _33246_/Q -> _32199_/D : -10.623339
[setup reg-reg] _33246_/Q -> _31593_/D : -10.622998
[setup reg-reg] _33246_/Q -> _34550_/D : -10.622586
[setup reg-reg] _33246_/Q -> _33893_/D : -10.622497
[setup reg-reg] _33246_/Q -> _32332_/D : -10.622412
[setup reg-reg] _33246_/Q -> _31579_/D : -10.622313
[setup reg-reg] _33246_/Q -> _32197_/D : -10.621978
[setup reg-reg] _33246_/Q -> _34322_/D : -10.621932
[setup reg-reg] _33246_/Q -> _31341_/D : -10.621594
[setup reg-reg] _33246_/Q -> _31209_/D : -10.620973
[setup reg-reg] _33246_/Q -> _32082_/D : -10.620219
[setup reg-reg] _33246_/Q -> _31192_/D : -10.619843
[setup reg-reg] _33246_/Q -> _32327_/D : -10.619733
[setup reg-reg] _33246_/Q -> _32311_/D : -10.619303
[setup reg-reg] _33246_/Q -> _30625_/D : -10.619004
[setup reg-reg] _33246_/Q -> _31273_/D : -10.618870
[setup reg-reg] _33246_/Q -> _30632_/D : -10.618784
[setup reg-reg] _33246_/Q -> _31322_/D : -10.618518
[setup reg-reg] _33246_/Q -> _32058_/D : -10.618504
[setup reg-reg] _33246_/Q -> _32313_/D : -10.618500
[setup reg-reg] _33246_/Q -> _33197_/D : -10.617605
[setup reg-reg] _33246_/Q -> _32328_/D : -10.617040
[setup reg-reg] _33246_/Q -> _30627_/D : -10.616784
[setup reg-reg] _33246_/Q -> _33180_/D : -10.616735
[setup reg-reg] _33246_/Q -> _32315_/D : -10.616244
[setup reg-reg] _33246_/Q -> _32072_/D : -10.616080
[setup reg-reg] _33246_/Q -> _30611_/D : -10.616031
[setup reg-reg] _33246_/Q -> _30613_/D : -10.615974
[setup reg-reg] _33246_/Q -> _30582_/D : -10.615942
[setup reg-reg] _33246_/Q -> _30612_/D : -10.615832
[setup reg-reg] _33246_/Q -> _32331_/D : -10.615814
[setup reg-reg] _33246_/Q -> _32314_/D : -10.615680
[setup reg-reg] _33246_/Q -> _32603_/D : -10.615583
[setup reg-reg] _33246_/Q -> _32321_/D : -10.615501
[setup reg-reg] _33246_/Q -> _32317_/D : -10.615438
[setup reg-reg] _33246_/Q -> _32056_/D : -10.615306
[setup reg-reg] _33246_/Q -> _30623_/D : -10.614801
[setup reg-reg] _33246_/Q -> _30628_/D : -10.614578
[setup reg-reg] _33246_/Q -> _35451_/D : -10.614408
[setup reg-reg] _33246_/Q -> _30465_/D : -10.614144
[setup reg-reg] _33246_/Q -> _30472_/D : -10.614017
[setup reg-reg] _33246_/Q -> _35439_/D : -10.613771
[setup reg-reg] _33246_/Q -> _32204_/D : -10.613662
[setup reg-reg] _33246_/Q -> _32186_/D : -10.613559
[setup reg-reg] _33246_/Q -> _30592_/D : -10.613395
[setup reg-reg] _33246_/Q -> _34344_/D : -10.613388
[setup reg-reg] _33246_/Q -> _30583_/D : -10.613317
[setup reg-reg] _33246_/Q -> _32187_/D : -10.613182
[setup reg-reg] _33246_/Q -> _32615_/D : -10.613026
[setup reg-reg] _33246_/Q -> _34320_/D : -10.613018
[setup reg-reg] _33246_/Q -> _35449_/D : -10.612713
[setup reg-reg] _33246_/Q -> _30369_/D : -10.612556
[setup reg-reg] _33246_/Q -> _35438_/D : -10.612524
[setup reg-reg] _33246_/Q -> _30615_/D : -10.612357
[setup reg-reg] _33246_/Q -> _32312_/D : -10.612326
[setup reg-reg] _33246_/Q -> _35463_/D : -10.612212
[setup reg-reg] _33246_/Q -> _35436_/D : -10.612102
[setup reg-reg] _33246_/Q -> _35456_/D : -10.612073
[setup reg-reg] _33246_/Q -> _30614_/D : -10.611981
[setup reg-reg] _33246_/Q -> _35437_/D : -10.611856
[setup reg-reg] _33246_/Q -> _30621_/D : -10.611537
[setup reg-reg] _33246_/Q -> _30617_/D : -10.611409
[setup reg-reg] _33246_/Q -> _32200_/D : -10.610880
[setup reg-reg] _33246_/Q -> _34021_/D : -10.610851
[setup reg-reg] _33246_/Q -> _32064_/D : -10.610702
[setup reg-reg] _33246_/Q -> _32055_/D : -10.610578
[setup reg-reg] _33246_/Q -> _32062_/D : -10.610481
[setup reg-reg] _33246_/Q -> _35461_/D : -10.610489
[setup reg-reg] _33246_/Q -> _32600_/D : -10.610073
[setup reg-reg] _33246_/Q -> _35435_/D : -10.609981
[setup reg-reg] _33246_/Q -> _32602_/D : -10.609814
[setup reg-reg] _33246_/Q -> _30698_/D : -10.609406
[setup reg-reg] _33246_/Q -> _32184_/D : -10.608652
[setup reg-reg] _33246_/Q -> _35247_/D : -10.608084
[setup reg-reg] _33246_/Q -> _30467_/D : -10.606978
[setup reg-reg] _33246_/Q -> _30580_/D : -10.606719
[setup reg-reg] _33246_/Q -> _32053_/D : -10.606719
[setup reg-reg] _33246_/Q -> _31262_/D : -10.606691
[setup reg-reg] _33246_/Q -> _32074_/D : -10.606666
[setup reg-reg] _33246_/Q -> _30606_/D : -10.606488
[setup reg-reg] _33246_/Q -> _30451_/D : -10.606300
[setup reg-reg] _33246_/Q -> _32075_/D : -10.606066
[setup reg-reg] _33246_/Q -> _30691_/D : -10.605864
[setup reg-reg] _33246_/Q -> _30461_/D : -10.605625
[setup reg-reg] _33246_/Q -> _30696_/D : -10.605579
[setup reg-reg] _33246_/Q -> _30681_/D : -10.605462
[setup reg-reg] _33246_/Q -> _31412_/D : -10.605330
[setup reg-reg] _33246_/Q -> _32210_/D : -10.605238
[setup reg-reg] _33246_/Q -> _31411_/D : -10.605049
[setup reg-reg] _33246_/Q -> _32077_/D : -10.604979
[setup reg-reg] _33246_/Q -> _30588_/D : -10.604857
[setup reg-reg] _33246_/Q -> _30453_/D : -10.604719
[setup reg-reg] _33246_/Q -> _32183_/D : -10.604371
[setup reg-reg] _33246_/Q -> _30463_/D : -10.604215
[setup reg-reg] _33246_/Q -> _30675_/D : -10.604183
[setup reg-reg] _33246_/Q -> _32192_/D : -10.604133
[setup reg-reg] _33246_/Q -> _30471_/D : -10.603422
[setup reg-reg] _33246_/Q -> _30455_/D : -10.603224
[setup reg-reg] _33246_/Q -> _33968_/D : -10.603070
[setup reg-reg] _33246_/Q -> _32084_/D : -10.602332
[setup reg-reg] _33246_/Q -> _35483_/D : -10.602172
[setup reg-reg] _33246_/Q -> _35471_/D : -10.601852
[setup reg-reg] _33246_/Q -> _32190_/D : -10.601686
[setup reg-reg] _33246_/Q -> _31671_/D : -10.601163
[setup reg-reg] _33246_/Q -> _31418_/D : -10.601007
[setup reg-reg] _33246_/Q -> _31666_/D : -10.600819
[setup reg-reg] _33246_/Q -> _30452_/D : -10.600708
[setup reg-reg] _33246_/Q -> _35481_/D : -10.600648
[setup reg-reg] _33246_/Q -> _35470_/D : -10.600200
[setup reg-reg] _33246_/Q -> _32962_/D : -10.600186
[setup reg-reg] _33246_/Q -> _35468_/D : -10.599979
[setup reg-reg] _33246_/Q -> _31649_/D : -10.599962
[setup reg-reg] _33246_/Q -> _31116_/D : -10.599884
[setup reg-reg] _33246_/Q -> _35469_/D : -10.599810
[setup reg-reg] _33246_/Q -> _35495_/D : -10.599771
[setup reg-reg] _33246_/Q -> _35488_/D : -10.599536
[setup reg-reg] _33246_/Q -> _32711_/D : -10.598783
[setup reg-reg] _33246_/Q -> _31653_/D : -10.598271
[setup reg-reg] _33246_/Q -> _32202_/D : -10.598065
[setup reg-reg] _33246_/Q -> _35493_/D : -10.597671
[setup reg-reg] _33246_/Q -> _35467_/D : -10.597631
[setup reg-reg] _33246_/Q -> _32203_/D : -10.597450
[setup reg-reg] _33246_/Q -> _32066_/D : -10.597429
[setup reg-reg] _33246_/Q -> _32172_/D : -10.597259
[setup reg-reg] _33246_/Q -> _32165_/D : -10.597212
[setup reg-reg] _33246_/Q -> _31428_/D : -10.597074
[setup reg-reg] _33246_/Q -> _32212_/D : -10.596861
[setup reg-reg] _33246_/Q -> _32167_/D : -10.594786
[setup reg-reg] _33246_/Q -> _32696_/D : -10.594722
[setup reg-reg] _33246_/Q -> _32054_/D : -10.594498
[setup reg-reg] _33246_/Q -> _32079_/D : -10.593865
[setup reg-reg] _33246_/Q -> _32153_/D : -10.593762
[setup reg-reg] _33246_/Q -> _32151_/D : -10.593731
[setup reg-reg] _33246_/Q -> _32152_/D : -10.593695
[setup reg-reg] _33246_/Q -> _31657_/D : -10.593638
[setup reg-reg] _33246_/Q -> _32205_/D : -10.593635
[setup reg-reg] _33246_/Q -> _31420_/D : -10.593297
[setup reg-reg] _33246_/Q -> _30444_/D : -10.592942
[setup reg-reg] _33246_/Q -> _32168_/D : -10.592896
[setup reg-reg] _33246_/Q -> _32163_/D : -10.592608
[setup reg-reg] _33246_/Q -> _31652_/D : -10.592498
[setup reg-reg] _33246_/Q -> _33872_/D : -10.592156
[setup reg-reg] _33246_/Q -> _31410_/D : -10.591845
[setup reg-reg] _33246_/Q -> _31656_/D : -10.591744
[setup reg-reg] _33246_/Q -> _31431_/D : -10.591709
[setup reg-reg] _33246_/Q -> _31435_/D : -10.591641
[setup reg-reg] _33246_/Q -> _31433_/D : -10.591571
[setup reg-reg] _33246_/Q -> _31650_/D : -10.591063
[setup reg-reg] _33246_/Q -> _31870_/D : -10.591059
[setup reg-reg] _33246_/Q -> _32723_/D : -10.590853
[setup reg-reg] _33246_/Q -> _32155_/D : -10.590665
[setup reg-reg] _33246_/Q -> _32154_/D : -10.590640
[setup reg-reg] _33246_/Q -> _34545_/D : -10.590434
[setup reg-reg] _33246_/Q -> _30316_/D : -10.590239
[setup reg-reg] _33246_/Q -> _32161_/D : -10.590142
[setup reg-reg] _33246_/Q -> _31856_/D : -10.589261
[setup reg-reg] _33246_/Q -> _35243_/D : -10.589176
[setup reg-reg] _33246_/Q -> _32194_/D : -10.588863
[setup reg-reg] _33246_/Q -> _31838_/D : -10.588754
[setup reg-reg] _33246_/Q -> _31836_/D : -10.588633
[setup reg-reg] _33246_/Q -> _32207_/D : -10.588579
[setup reg-reg] _33246_/Q -> _32182_/D : -10.588472
[setup reg-reg] _33246_/Q -> _35264_/D : -10.588419
[setup reg-reg] _33246_/Q -> _35269_/D : -10.588377
[setup reg-reg] _33246_/Q -> _31416_/D : -10.588355
[setup reg-reg] _33246_/Q -> _31860_/D : -10.587972
[setup reg-reg] _33246_/Q -> _34564_/D : -10.587712
[setup reg-reg] _33246_/Q -> _34743_/D : -10.587286
[setup reg-reg] _33246_/Q -> _32144_/D : -10.586594
[setup reg-reg] _33246_/Q -> _31422_/D : -10.586555
[setup reg-reg] _33246_/Q -> _31440_/D : -10.586277
[setup reg-reg] _33246_/Q -> _35769_/D : -10.585709
[setup reg-reg] _33246_/Q -> _35759_/D : -10.585464
[setup reg-reg] _33246_/Q -> _32695_/D : -10.585336
[setup reg-reg] _33246_/Q -> _32704_/D : -10.584590
[setup reg-reg] _33246_/Q -> _35758_/D : -10.583573
[setup reg-reg] _33246_/Q -> _35756_/D : -10.583499
[setup reg-reg] _33246_/Q -> _31241_/D : -10.583147
[setup reg-reg] _33246_/Q -> _31224_/D : -10.582774
[setup reg-reg] _33246_/Q -> _35757_/D : -10.582519
[setup reg-reg] _33246_/Q -> _30298_/D : -10.582177
[setup reg-reg] _33246_/Q -> _32700_/D : -10.582181
[setup reg-reg] _33246_/Q -> _32717_/D : -10.582006
[setup reg-reg] _33246_/Q -> _30371_/D : -10.581722
[setup reg-reg] _33246_/Q -> _32229_/D : -10.581687
[setup reg-reg] _33246_/Q -> _33892_/D : -10.581613
[setup reg-reg] _33246_/Q -> _35776_/D : -10.581619
[setup reg-reg] _33246_/Q -> _32715_/D : -10.581460
[setup reg-reg] _33246_/Q -> _35781_/D : -10.581378
[setup reg-reg] _33246_/Q -> _30313_/D : -10.581161
[setup reg-reg] _33246_/Q -> _30957_/D : -10.581111
[setup reg-reg] _33246_/Q -> _32719_/D : -10.581100
[setup reg-reg] _33246_/Q -> _32712_/D : -10.580995
[setup reg-reg] _33246_/Q -> _33906_/D : -10.579772
[setup reg-reg] _33246_/Q -> _32702_/D : -10.579179
[setup reg-reg] _33246_/Q -> _30956_/D : -10.578170
[setup reg-reg] _33246_/Q -> _33956_/D : -10.577527
[setup reg-reg] _33246_/Q -> _33938_/D : -10.577296
[setup reg-reg] _33246_/Q -> _32231_/D : -10.576802
[setup reg-reg] _33246_/Q -> _34563_/D : -10.576386
[setup reg-reg] _33246_/Q -> _32724_/D : -10.575409
[setup reg-reg] _33246_/Q -> _31574_/D : -10.575022
[setup reg-reg] _33246_/Q -> _32216_/D : -10.574916
[setup reg-reg] _33246_/Q -> _32706_/D : -10.574329
[setup reg-reg] _33246_/Q -> _32694_/D : -10.574247
[setup reg-reg] _33246_/Q -> _31575_/D : -10.574020
[setup reg-reg] _33246_/Q -> _31600_/D : -10.573174
[setup reg-reg] _33246_/Q -> _31594_/D : -10.572702
[setup reg-reg] _33246_/Q -> _30356_/D : -10.571181
[setup reg-reg] _33246_/Q -> _33924_/D : -10.569892
[setup reg-reg] _33246_/Q -> _34632_/D : -10.569590
[setup reg-reg] _33246_/Q -> _34547_/D : -10.569558
[setup reg-reg] _33246_/Q -> _32973_/D : -10.569032
[setup reg-reg] _33246_/Q -> _32232_/D : -10.568467
[setup reg-reg] _33246_/Q -> _30372_/D : -10.567639
[setup reg-reg] _33246_/Q -> _31113_/D : -10.567071
[setup reg-reg] _33246_/Q -> _32224_/D : -10.566904
[setup reg-reg] _33246_/Q -> _32141_/D : -10.566794
[setup reg-reg] _33246_/Q -> _32222_/D : -10.566677
[setup reg-reg] _33246_/Q -> _31098_/D : -10.566616
[setup reg-reg] _33246_/Q -> _28987_/D : -10.565689
[setup reg-reg] _33246_/Q -> _32956_/D : -10.565657
[setup reg-reg] _33246_/Q -> _30725_/D : -10.565629
[setup reg-reg] _33246_/Q -> _29313_/D : -10.565504
[setup reg-reg] _33246_/Q -> _30871_/D : -10.564794
[setup reg-reg] _33246_/Q -> _32215_/D : -10.564520
[setup reg-reg] _33246_/Q -> _32009_/D : -10.564307
[setup reg-reg] _33246_/Q -> _34558_/D : -10.563902
[setup reg-reg] _33246_/Q -> _30355_/D : -10.563457
[setup reg-reg] _33246_/Q -> _30353_/D : -10.563160
[setup reg-reg] _33246_/Q -> _30374_/D : -10.562652
[setup reg-reg] _33246_/Q -> _32057_/D : -10.562520
[setup reg-reg] _33246_/Q -> _30364_/D : -10.561554
[setup reg-reg] _33246_/Q -> _32237_/D : -10.561543
[setup reg-reg] _33246_/Q -> _32213_/D : -10.561486
[setup reg-reg] _33246_/Q -> _32235_/D : -10.561465
[setup reg-reg] _33246_/Q -> _34682_/D : -10.561394
[setup reg-reg] _33246_/Q -> _30362_/D : -10.561309
[setup reg-reg] _33246_/Q -> _30499_/D : -10.561192
[setup reg-reg] _33246_/Q -> _32234_/D : -10.561156
[setup reg-reg] _33246_/Q -> _30493_/D : -10.560698
[setup reg-reg] _33246_/Q -> _30967_/D : -10.560640
[setup reg-reg] _33246_/Q -> _30483_/D : -10.559901
[setup reg-reg] _33246_/Q -> _30485_/D : -10.559788
[setup reg-reg] _33246_/Q -> _30375_/D : -10.559738
[setup reg-reg] _33246_/Q -> _30497_/D : -10.559646
[setup reg-reg] _33246_/Q -> _30501_/D : -10.559369
[setup reg-reg] _33246_/Q -> _32244_/D : -10.559359
[setup reg-reg] _33246_/Q -> _32220_/D : -10.559316
[setup reg-reg] _33246_/Q -> _30504_/D : -10.558505
[setup reg-reg] _33246_/Q -> _32185_/D : -10.557834
[setup reg-reg] _33246_/Q -> _34551_/D : -10.557677
[setup reg-reg] _33246_/Q -> _34650_/D : -10.556680
[setup reg-reg] _33246_/Q -> _30484_/D : -10.556374
[setup reg-reg] _33246_/Q -> _31950_/D : -10.555969
[setup reg-reg] _33246_/Q -> _32101_/D : -10.555930
[setup reg-reg] _33246_/Q -> _31379_/D : -10.555521
[setup reg-reg] _33246_/Q -> _32083_/D : -10.555486
[setup reg-reg] _33246_/Q -> _35667_/D : -10.555475
[setup reg-reg] _33246_/Q -> _30495_/D : -10.555202
[setup reg-reg] _33246_/Q -> _31184_/D : -10.554975
[setup reg-reg] _33246_/Q -> _31177_/D : -10.554796
[setup reg-reg] _33246_/Q -> _31160_/D : -10.554644
[setup reg-reg] _33246_/Q -> _31380_/D : -10.554423
[setup reg-reg] _33246_/Q -> _34290_/D : -10.554114
[setup reg-reg] _33246_/Q -> _33925_/D : -10.553713
[setup reg-reg] _33246_/Q -> _31941_/D : -10.553663
[setup reg-reg] _33246_/Q -> _32103_/D : -10.553556
[setup reg-reg] _33246_/Q -> _31935_/D : -10.553241
[setup reg-reg] _33246_/Q -> _31940_/D : -10.553109
[setup reg-reg] _33246_/Q -> _31053_/D : -10.553027
[setup reg-reg] _33246_/Q -> _31381_/D : -10.552959
[setup reg-reg] _33246_/Q -> _31930_/D : -10.552352
[setup reg-reg] _33246_/Q -> _30377_/D : -10.552317
[setup reg-reg] _33246_/Q -> _31081_/D : -10.552224
[setup reg-reg] _33246_/Q -> _31948_/D : -10.552189
[setup reg-reg] _33246_/Q -> _32239_/D : -10.551915
[setup reg-reg] _33246_/Q -> _34532_/D : -10.551880
[setup reg-reg] _33246_/Q -> _31804_/D : -10.551744
[setup reg-reg] _33246_/Q -> _31933_/D : -10.551684
[setup reg-reg] _33246_/Q -> _31626_/D : -10.551613
[setup reg-reg] _33246_/Q -> _31320_/D : -10.551521
[setup reg-reg] _33246_/Q -> _32226_/D : -10.551421
[setup reg-reg] _33246_/Q -> _31088_/D : -10.551404
[setup reg-reg] _33246_/Q -> _31943_/D : -10.551329
[setup reg-reg] _33246_/Q -> _32016_/D : -10.551275
[setup reg-reg] _33246_/Q -> _32214_/D : -10.551052
[setup reg-reg] _33246_/Q -> _32211_/D : -10.550974
[setup reg-reg] _33246_/Q -> _31928_/D : -10.550960
[setup reg-reg] _33246_/Q -> _30384_/D : -10.550682
[setup reg-reg] _33246_/Q -> _31927_/D : -10.550430
[setup reg-reg] _33246_/Q -> _31096_/D : -10.549798
[setup reg-reg] _33246_/Q -> _30354_/D : -10.548935
[setup reg-reg] _33246_/Q -> _31413_/D : -10.548874
[setup reg-reg] _33246_/Q -> _29961_/D : -10.548639
[setup reg-reg] _33246_/Q -> _30366_/D : -10.548270
[setup reg-reg] _33246_/Q -> _34546_/D : -10.548256
[setup reg-reg] _33246_/Q -> _30379_/D : -10.548029
[setup reg-reg] _33246_/Q -> _31386_/D : -10.547833
[setup reg-reg] _33246_/Q -> _31020_/D : -10.546827
[setup reg-reg] _33246_/Q -> _29948_/D : -10.546771
[setup reg-reg] _33246_/Q -> _31388_/D : -10.546007
[setup reg-reg] _33246_/Q -> _34312_/D : -10.545521
[setup reg-reg] _33246_/Q -> _32060_/D : -10.545396
[setup reg-reg] _33246_/Q -> _30538_/D : -10.545279
[setup reg-reg] _33246_/Q -> _30252_/D : -10.545239
[setup reg-reg] _33246_/Q -> _30528_/D : -10.544710
[setup reg-reg] _33246_/Q -> _34000_/D : -10.544682
[setup reg-reg] _33246_/Q -> _31647_/D : -10.544561
[setup reg-reg] _33246_/Q -> _34020_/D : -10.544170
[setup reg-reg] _33246_/Q -> _30523_/D : -10.544064
[setup reg-reg] _33246_/Q -> _31396_/D : -10.543776
[setup reg-reg] _33246_/Q -> _31673_/D : -10.543701
[setup reg-reg] _33246_/Q -> _31654_/D : -10.543680
[setup reg-reg] _33246_/Q -> _32088_/D : -10.543528
[setup reg-reg] _33246_/Q -> _31399_/D : -10.543190
[setup reg-reg] _33246_/Q -> _31337_/D : -10.542902
[setup reg-reg] _33246_/Q -> _29952_/D : -10.542252
[setup reg-reg] _33246_/Q -> _31378_/D : -10.542078
[setup reg-reg] _33246_/Q -> _31403_/D : -10.541858
[setup reg-reg] _33246_/Q -> _31390_/D : -10.541698
[setup reg-reg] _33246_/Q -> _31437_/D : -10.541512
[setup reg-reg] _33246_/Q -> _31401_/D : -10.541243
[setup reg-reg] _33246_/Q -> _34534_/D : -10.541076
[setup reg-reg] _33246_/Q -> _32104_/D : -10.540919
[setup reg-reg] _33246_/Q -> _30809_/D : -10.540895
[setup reg-reg] _33246_/Q -> _30811_/D : -10.540820
[setup reg-reg] _33246_/Q -> _30817_/D : -10.540649
[setup reg-reg] _33246_/Q -> _29947_/D : -10.540614
[setup reg-reg] _33246_/Q -> _34679_/D : -10.540593
[setup reg-reg] _33246_/Q -> _32188_/D : -10.540571
[setup reg-reg] _33246_/Q -> _29951_/D : -10.540433
[setup reg-reg] _33246_/Q -> _29945_/D : -10.540209
[setup reg-reg] _33246_/Q -> _31384_/D : -10.539548
[setup reg-reg] _33246_/Q -> _30953_/D : -10.538891
[setup reg-reg] _33246_/Q -> _31361_/D : -10.538798
[setup reg-reg] _33246_/Q -> _34258_/D : -10.538571
[setup reg-reg] _33246_/Q -> _31429_/D : -10.538003
[setup reg-reg] _33246_/Q -> _31326_/D : -10.537950
[setup reg-reg] _33246_/Q -> _31408_/D : -10.537313
[setup reg-reg] _33246_/Q -> _34276_/D : -10.536994
[setup reg-reg] _33246_/Q -> _31439_/D : -10.536624
[setup reg-reg] _33246_/Q -> _31436_/D : -10.535963
[setup reg-reg] _33246_/Q -> _32096_/D : -10.535608
[setup reg-reg] _33246_/Q -> _32087_/D : -10.533438
[setup reg-reg] _33246_/Q -> _34280_/D : -10.533065
[setup reg-reg] _33246_/Q -> _32697_/D : -10.532184
[setup reg-reg] _33246_/Q -> _32721_/D : -10.531939
[setup reg-reg] _33246_/Q -> _34256_/D : -10.531928
[setup reg-reg] _33246_/Q -> _32094_/D : -10.531321
[setup reg-reg] _33246_/Q -> _31066_/D : -10.530926
[setup reg-reg] _33246_/Q -> _28667_/D : -10.529995
[setup reg-reg] _33246_/Q -> _28665_/D : -10.529775
[setup reg-reg] _33246_/Q -> _31742_/D : -10.529746
[setup reg-reg] _33246_/Q -> _32549_/D : -10.529754
[setup reg-reg] _33246_/Q -> _32894_/D : -10.529381
[setup reg-reg] _33246_/Q -> _32548_/D : -10.528943
[setup reg-reg] _33246_/Q -> _32107_/D : -10.528318
[setup reg-reg] _33246_/Q -> _32085_/D : -10.528294
[setup reg-reg] _33246_/Q -> _32996_/D : -10.528257
[setup reg-reg] _33246_/Q -> _32106_/D : -10.528059
[setup reg-reg] _33246_/Q -> _32116_/D : -10.527547
[setup reg-reg] _33246_/Q -> _32991_/D : -10.527479
[setup reg-reg] _33246_/Q -> _33006_/D : -10.527384
[setup reg-reg] _33246_/Q -> _31180_/D : -10.527312
[setup reg-reg] _33246_/Q -> _32109_/D : -10.526375
[setup reg-reg] _33246_/Q -> _32720_/D : -10.525071
[setup reg-reg] _33246_/Q -> _30685_/D : -10.525057
[setup reg-reg] _33246_/Q -> _32713_/D : -10.524979
[setup reg-reg] _33246_/Q -> _30938_/D : -10.524936
[setup reg-reg] _33246_/Q -> _31727_/D : -10.524406
[setup reg-reg] _33246_/Q -> _31599_/D : -10.523970
[setup reg-reg] _33246_/Q -> _32098_/D : -10.523561
[setup reg-reg] _33246_/Q -> _30519_/D : -10.522804
[setup reg-reg] _33246_/Q -> _30426_/D : -10.522619
[setup reg-reg] _33246_/Q -> _33936_/D : -10.521404
[setup reg-reg] _33246_/Q -> _32357_/D : -10.520790
[setup reg-reg] _33246_/Q -> _31806_/D : -10.520655
[setup reg-reg] _33246_/Q -> _32086_/D : -10.520495
[setup reg-reg] _33246_/Q -> _31628_/D : -10.520346
[setup reg-reg] _33246_/Q -> _32111_/D : -10.520193
[setup reg-reg] _33246_/Q -> _32217_/D : -10.519880
[setup reg-reg] _33246_/Q -> _31977_/D : -10.518644
[setup reg-reg] _33246_/Q -> _30221_/D : -10.518548
[setup reg-reg] _33246_/Q -> _34618_/D : -10.518484
[setup reg-reg] _33246_/Q -> _32359_/D : -10.518025
[setup reg-reg] _33246_/Q -> _34615_/D : -10.517922
[setup reg-reg] _33246_/Q -> _30690_/D : -10.517898
[setup reg-reg] _33246_/Q -> _34647_/D : -10.517859
[setup reg-reg] _33246_/Q -> _32345_/D : -10.517628
[setup reg-reg] _33246_/Q -> _32343_/D : -10.517611
[setup reg-reg] _33246_/Q -> _30521_/D : -10.516651
[setup reg-reg] _33246_/Q -> _31735_/D : -10.516388
[setup reg-reg] _33246_/Q -> _32360_/D : -10.516250
[setup reg-reg] _33246_/Q -> _31726_/D : -10.516239
[setup reg-reg] _33246_/Q -> _32355_/D : -10.516036
[setup reg-reg] _33246_/Q -> _30189_/D : -10.515471
[setup reg-reg] _33246_/Q -> _31532_/D : -10.515120
[setup reg-reg] _33246_/Q -> _34531_/D : -10.515013
[setup reg-reg] _33246_/Q -> _31748_/D : -10.514971
[setup reg-reg] _33246_/Q -> _30684_/D : -10.514547
[setup reg-reg] _33246_/Q -> _34513_/D : -10.513830
[setup reg-reg] _33246_/Q -> _31743_/D : -10.513809
[setup reg-reg] _33246_/Q -> _31731_/D : -10.513720
[setup reg-reg] _33246_/Q -> _32364_/D : -10.513649
[setup reg-reg] _33246_/Q -> _31744_/D : -10.513577
[setup reg-reg] _33246_/Q -> _32353_/D : -10.513305
[setup reg-reg] _33246_/Q -> _32243_/D : -10.513091
[setup reg-reg] _33246_/Q -> _32344_/D : -10.512669
[setup reg-reg] _33246_/Q -> _31746_/D : -10.512370
[setup reg-reg] _33246_/Q -> _30677_/D : -10.512139
[setup reg-reg] _33246_/Q -> _31750_/D : -10.512139
[setup reg-reg] _33246_/Q -> _31064_/D : -10.511933
[setup reg-reg] _33246_/Q -> _31733_/D : -10.511063
[setup reg-reg] _33246_/Q -> _34552_/D : -10.510931
[setup reg-reg] _33246_/Q -> _32754_/D : -10.510519
[setup reg-reg] _33246_/Q -> _33281_/D : -10.510167
[setup reg-reg] _33246_/Q -> _32324_/D : -10.509869
[setup reg-reg] _33246_/Q -> _30285_/D : -10.509467
[setup reg-reg] _33246_/Q -> _31613_/D : -10.509034
[setup reg-reg] _33246_/Q -> _30357_/D : -10.508672
[setup reg-reg] _33246_/Q -> _31482_/D : -10.508132
[setup reg-reg] _33246_/Q -> _33268_/D : -10.507897
[setup reg-reg] _33246_/Q -> _31500_/D : -10.507741
[setup reg-reg] _33246_/Q -> _31791_/D : -10.507538
[setup reg-reg] _33246_/Q -> _31363_/D : -10.507261
[setup reg-reg] _33246_/Q -> _32737_/D : -10.507175
[setup reg-reg] _33246_/Q -> _31807_/D : -10.506981
[setup reg-reg] _33246_/Q -> _33267_/D : -10.506757
[setup reg-reg] _33246_/Q -> _33265_/D : -10.506739
[setup reg-reg] _33246_/Q -> _33271_/D : -10.506490
[setup reg-reg] _33246_/Q -> _31755_/D : -10.506366
[setup reg-reg] _33246_/Q -> _30383_/D : -10.506192
[setup reg-reg] _33246_/Q -> _30518_/D : -10.505911
[setup reg-reg] _33246_/Q -> _31629_/D : -10.505713
[setup reg-reg] _33246_/Q -> _31737_/D : -10.505470
[setup reg-reg] _33246_/Q -> _32989_/D : -10.505165
[setup reg-reg] _33246_/Q -> _31725_/D : -10.505013
[setup reg-reg] _33246_/Q -> _32041_/D : -10.504419
[setup reg-reg] _33246_/Q -> _32740_/D : -10.504401
[setup reg-reg] _33246_/Q -> _33272_/D : -10.503982
[setup reg-reg] _33246_/Q -> _32736_/D : -10.503819
[setup reg-reg] _33246_/Q -> _32986_/D : -10.503652
[setup reg-reg] _33246_/Q -> _31276_/D : -10.503386
[setup reg-reg] _33246_/Q -> _31790_/D : -10.503304
[setup reg-reg] _33246_/Q -> _32739_/D : -10.503197
[setup reg-reg] _33246_/Q -> _32749_/D : -10.503176
[setup reg-reg] _33246_/Q -> _32733_/D : -10.503158
[setup reg-reg] _33246_/Q -> _32735_/D : -10.502959
[setup reg-reg] _33246_/Q -> _31797_/D : -10.502625
[setup reg-reg] _33246_/Q -> _31619_/D : -10.502540
[setup reg-reg] _33246_/Q -> _30838_/D : -10.502248
[setup reg-reg] _33246_/Q -> _31805_/D : -10.501847
[setup reg-reg] _33246_/Q -> _31788_/D : -10.501790
[setup reg-reg] _33246_/Q -> _31612_/D : -10.501761
[setup reg-reg] _33246_/Q -> _31802_/D : -10.501694
[setup reg-reg] _33246_/Q -> _32334_/D : -10.501243
[setup reg-reg] _33246_/Q -> _34660_/D : -10.501232
[setup reg-reg] _33246_/Q -> _30851_/D : -10.501172
[setup reg-reg] _33246_/Q -> _30849_/D : -10.500834
[setup reg-reg] _33246_/Q -> _31631_/D : -10.500110
[setup reg-reg] _33246_/Q -> _30373_/D : -10.499364
[setup reg-reg] _33246_/Q -> _31799_/D : -10.499364
[setup reg-reg] _33246_/Q -> _30360_/D : -10.499271
[setup reg-reg] _33246_/Q -> _31621_/D : -10.499033
[setup reg-reg] _33246_/Q -> _31809_/D : -10.499004
[setup reg-reg] _33246_/Q -> _34646_/D : -10.498596
[setup reg-reg] _33246_/Q -> _31617_/D : -10.498110
[setup reg-reg] _33246_/Q -> _34645_/D : -10.497540
[setup reg-reg] _33246_/Q -> _31819_/D : -10.497466
[setup reg-reg] _33246_/Q -> _31810_/D : -10.497456
[setup reg-reg] _33246_/Q -> _31212_/D : -10.496347
[setup reg-reg] _33246_/Q -> _30862_/D : -10.496088
[setup reg-reg] _33246_/Q -> _31610_/D : -10.496020
[setup reg-reg] _33246_/Q -> _31216_/D : -10.495662
[setup reg-reg] _33246_/Q -> _31194_/D : -10.495644
[setup reg-reg] _33246_/Q -> _31632_/D : -10.495512
[setup reg-reg] _33246_/Q -> _31672_/D : -10.495417
[setup reg-reg] _33246_/Q -> _30464_/D : -10.495281
[setup reg-reg] _33246_/Q -> _31812_/D : -10.494766
[setup reg-reg] _33246_/Q -> _30459_/D : -10.494748
[setup reg-reg] _33246_/Q -> _31774_/D : -10.494599
[setup reg-reg] _33246_/Q -> _31670_/D : -10.493878
[setup reg-reg] _33246_/Q -> _30624_/D : -10.493622
[setup reg-reg] _33246_/Q -> _31348_/D : -10.493537
[setup reg-reg] _33246_/Q -> _30587_/D : -10.493523
[setup reg-reg] _33246_/Q -> _30593_/D : -10.493466
[setup reg-reg] _33246_/Q -> _31405_/D : -10.493427
[setup reg-reg] _33246_/Q -> _31364_/D : -10.493416
[setup reg-reg] _33246_/Q -> _31634_/D : -10.493416
[setup reg-reg] _33246_/Q -> _29966_/D : -10.493271
[setup reg-reg] _33246_/Q -> _29942_/D : -10.492969
[setup reg-reg] _33246_/Q -> _33200_/D : -10.492536
[setup reg-reg] _33246_/Q -> _29968_/D : -10.492215
[setup reg-reg] _33246_/Q -> _29944_/D : -10.492147
[setup reg-reg] _33246_/Q -> _31801_/D : -10.492077
[setup reg-reg] _33246_/Q -> _33182_/D : -10.491832
[setup reg-reg] _33246_/Q -> _33204_/D : -10.491838
[setup reg-reg] _33246_/Q -> _29962_/D : -10.491611
[setup reg-reg] _33246_/Q -> _30474_/D : -10.491597
[setup reg-reg] _33246_/Q -> _29949_/D : -10.491424
[setup reg-reg] _33246_/Q -> _31641_/D : -10.491132
[setup reg-reg] _33246_/Q -> _34518_/D : -10.490652
[setup reg-reg] _33246_/Q -> _32558_/D : -10.490442
[setup reg-reg] _33246_/Q -> _34526_/D : -10.490201
[setup reg-reg] _33246_/Q -> _31814_/D : -10.489785
[setup reg-reg] _33246_/Q -> _31397_/D : -10.489522
[setup reg-reg] _33246_/Q -> _31347_/D : -10.489470
[setup reg-reg] _33246_/Q -> _31623_/D : -10.489264
[setup reg-reg] _33246_/Q -> _31789_/D : -10.489192
[setup reg-reg] _33246_/Q -> _34883_/D : -10.488858
[setup reg-reg] _33246_/Q -> _31636_/D : -10.488848
[setup reg-reg] _33246_/Q -> _31404_/D : -10.488770
[setup reg-reg] _33246_/Q -> _31407_/D : -10.488652
[setup reg-reg] _33246_/Q -> _31588_/D : -10.488463
[setup reg-reg] _33246_/Q -> _32319_/D : -10.488400
[setup reg-reg] _33246_/Q -> _34549_/D : -10.488336
[setup reg-reg] _33246_/Q -> _31162_/D : -10.487924
[setup reg-reg] _33246_/Q -> _32089_/D : -10.487817
[setup reg-reg] _33246_/Q -> _31611_/D : -10.487608
[setup reg-reg] _33246_/Q -> _29312_/D : -10.487401
[setup reg-reg] _33246_/Q -> _31354_/D : -10.487351
[setup reg-reg] _33246_/Q -> _31362_/D : -10.487273
[setup reg-reg] _33246_/Q -> _31345_/D : -10.487178
[setup reg-reg] _33246_/Q -> _29307_/D : -10.487053
[setup reg-reg] _33246_/Q -> _30826_/D : -10.486705
[setup reg-reg] _33246_/Q -> _29305_/D : -10.486641
[setup reg-reg] _33246_/Q -> _32838_/D : -10.486638
[setup reg-reg] _33246_/Q -> _32543_/D : -10.486478
[setup reg-reg] _33246_/Q -> _32536_/D : -10.486357
[setup reg-reg] _33246_/Q -> _32538_/D : -10.486325
[setup reg-reg] _33246_/Q -> _32541_/D : -10.486105
[setup reg-reg] _33246_/Q -> _34665_/D : -10.486012
[setup reg-reg] _33246_/Q -> _31356_/D : -10.485824
[setup reg-reg] _33246_/Q -> _32535_/D : -10.485121
[setup reg-reg] _33246_/Q -> _31366_/D : -10.484524
[setup reg-reg] _33246_/Q -> _34538_/D : -10.484225
[setup reg-reg] _33246_/Q -> _30857_/D : -10.483177
[setup reg-reg] _33246_/Q -> _31376_/D : -10.483171
[setup reg-reg] _33246_/Q -> _31367_/D : -10.482683
[setup reg-reg] _33246_/Q -> _30844_/D : -10.482353
[setup reg-reg] _33246_/Q -> _32115_/D : -10.481273
[setup reg-reg] _33246_/Q -> _30848_/D : -10.480939
[setup reg-reg] _33246_/Q -> _33904_/D : -10.480531
[setup reg-reg] _33246_/Q -> _32013_/D : -10.480307
[setup reg-reg] _33246_/Q -> _31369_/D : -10.479913
[setup reg-reg] _33246_/Q -> _30852_/D : -10.478605
[setup reg-reg] _33246_/Q -> _31358_/D : -10.477973
[setup reg-reg] _33246_/Q -> _30694_/D : -10.477550
[setup reg-reg] _33246_/Q -> _31984_/D : -10.477333
[setup reg-reg] _33246_/Q -> _34756_/D : -10.476335
[setup reg-reg] _33246_/Q -> _30840_/D : -10.476281
[setup reg-reg] _33246_/Q -> _34372_/D : -10.476129
[setup reg-reg] _33246_/Q -> _31371_/D : -10.475535
[setup reg-reg] _33246_/Q -> _31346_/D : -10.474914
[setup reg-reg] _33246_/Q -> _30843_/D : -10.474779
[setup reg-reg] _33246_/Q -> _30234_/D : -10.474555
[setup reg-reg] _33246_/Q -> _30841_/D : -10.473869
[setup reg-reg] _33246_/Q -> _30858_/D : -10.473645
[setup reg-reg] _33246_/Q -> _34500_/D : -10.472768
[setup reg-reg] _33246_/Q -> _30753_/D : -10.472544
[setup reg-reg] _33246_/Q -> _30745_/D : -10.472281
[setup reg-reg] _33246_/Q -> _30747_/D : -10.472089
[setup reg-reg] _33246_/Q -> _34687_/D : -10.471724
[setup reg-reg] _33246_/Q -> _34673_/D : -10.471407
[setup reg-reg] _33246_/Q -> _32092_/D : -10.470931
[setup reg-reg] _33246_/Q -> _31937_/D : -10.470075
[setup reg-reg] _33246_/Q -> _34865_/D : -10.468711
[setup reg-reg] _33246_/Q -> _32164_/D : -10.468643
[setup reg-reg] _33246_/Q -> _34874_/D : -10.468472
[setup reg-reg] _33246_/Q -> _30673_/D : -10.467282
[setup reg-reg] _33246_/Q -> _31555_/D : -10.467091
[setup reg-reg] _33246_/Q -> _30687_/D : -10.467066
[setup reg-reg] _33246_/Q -> _34374_/D : -10.467016
[setup reg-reg] _33246_/Q -> _33074_/D : -10.466866
[setup reg-reg] _33246_/Q -> _33060_/D : -10.466810
[setup reg-reg] _33246_/Q -> _32835_/D : -10.466409
[setup reg-reg] _33246_/Q -> _34514_/D : -10.466121
[setup reg-reg] _33246_/Q -> _30845_/D : -10.466049
[setup reg-reg] _33246_/Q -> _30220_/D : -10.465275
[setup reg-reg] _33246_/Q -> _30249_/D : -10.464675
[setup reg-reg] _33246_/Q -> _30693_/D : -10.464433
[setup reg-reg] _33246_/Q -> _31929_/D : -10.464383
[setup reg-reg] _33246_/Q -> _30256_/D : -10.464202
[setup reg-reg] _33246_/Q -> _30824_/D : -10.463932
[setup reg-reg] _33246_/Q -> _30850_/D : -10.463915
[setup reg-reg] _33246_/Q -> _30454_/D : -10.463623
[setup reg-reg] _33246_/Q -> _31942_/D : -10.463541
[setup reg-reg] _33246_/Q -> _33055_/D : -10.463474
[setup reg-reg] _33246_/Q -> _31540_/D : -10.462458
[setup reg-reg] _33246_/Q -> _34613_/D : -10.462309
[setup reg-reg] _33246_/Q -> _30732_/D : -10.462262
[setup reg-reg] _33246_/Q -> _31752_/D : -10.461790
[setup reg-reg] _33246_/Q -> _31728_/D : -10.461765
[setup reg-reg] _33246_/Q -> _31034_/D : -10.461417
[setup reg-reg] _33246_/Q -> _34628_/D : -10.461353
[setup reg-reg] _33246_/Q -> _31936_/D : -10.461183
[setup reg-reg] _33246_/Q -> _34502_/D : -10.461168
[setup reg-reg] _33246_/Q -> _34610_/D : -10.461058
[setup reg-reg] _33246_/Q -> _31754_/D : -10.460898
[setup reg-reg] _33246_/Q -> _30634_/D : -10.459150
[setup reg-reg] _33246_/Q -> _32080_/D : -10.458884
[setup reg-reg] _33246_/Q -> _32073_/D : -10.458745
[setup reg-reg] _33246_/Q -> _31660_/D : -10.458628
[setup reg-reg] _33246_/Q -> _31587_/D : -10.458561
[setup reg-reg] _33246_/Q -> _31661_/D : -10.458376
[setup reg-reg] _33246_/Q -> _30819_/D : -10.458131
[setup reg-reg] _33246_/Q -> _35011_/D : -10.457964
[setup reg-reg] _33246_/Q -> _31751_/D : -10.457907
[setup reg-reg] _33246_/Q -> _29327_/D : -10.457686
[setup reg-reg] _33246_/Q -> _31944_/D : -10.457033
[setup reg-reg] _33246_/Q -> _31556_/D : -10.456475
[setup reg-reg] _33246_/Q -> _34633_/D : -10.456457
[setup reg-reg] _33246_/Q -> _34226_/D : -10.456276
[setup reg-reg] _33246_/Q -> _33262_/D : -10.456038
[setup reg-reg] _33246_/Q -> _32338_/D : -10.455314
[setup reg-reg] _33246_/Q -> _33286_/D : -10.455125
[setup reg-reg] _33246_/Q -> _29324_/D : -10.454958
[setup reg-reg] _33246_/Q -> _33288_/D : -10.454887
[setup reg-reg] _33246_/Q -> _33264_/D : -10.454859
[setup reg-reg] _33246_/Q -> _30818_/D : -10.454830
[setup reg-reg] _33246_/Q -> _31546_/D : -10.454791
[setup reg-reg] _33246_/Q -> _32730_/D : -10.454684
[setup reg-reg] _33246_/Q -> _32201_/D : -10.454216
[setup reg-reg] _33246_/Q -> _30602_/D : -10.454159
[setup reg-reg] _33246_/Q -> _32756_/D : -10.454105
[setup reg-reg] _33246_/Q -> _31539_/D : -10.453984
[setup reg-reg] _33246_/Q -> _32732_/D : -10.453725
[setup reg-reg] _33246_/Q -> _34224_/D : -10.453650
[setup reg-reg] _33246_/Q -> _34248_/D : -10.453636
[setup reg-reg] _33246_/Q -> _32731_/D : -10.453505
[setup reg-reg] _33246_/Q -> _32208_/D : -10.453487
[setup reg-reg] _33246_/Q -> _32750_/D : -10.452929
[setup reg-reg] _33246_/Q -> _31548_/D : -10.452858
[setup reg-reg] _33246_/Q -> _35673_/D : -10.452432
[setup reg-reg] _33246_/Q -> _30619_/D : -10.452027
[setup reg-reg] _33246_/Q -> _29308_/D : -10.451782
[setup reg-reg] _33246_/Q -> _29300_/D : -10.451750
[setup reg-reg] _33246_/Q -> _30496_/D : -10.451694
[setup reg-reg] _33246_/Q -> _30506_/D : -10.451696
[setup reg-reg] _33246_/Q -> _30600_/D : -10.451686
[setup reg-reg] _33246_/Q -> _33435_/D : -10.451647
[setup reg-reg] _33246_/Q -> _31056_/D : -10.451632
[setup reg-reg] _33246_/Q -> _29322_/D : -10.451313
[setup reg-reg] _33246_/Q -> _30491_/D : -10.451239
[setup reg-reg] _33246_/Q -> _31049_/D : -10.451189
[setup reg-reg] _33246_/Q -> _34355_/D : -10.451125
[setup reg-reg] _33246_/Q -> _34675_/D : -10.451128
[setup reg-reg] _33246_/Q -> _34691_/D : -10.451068
[setup reg-reg] _33246_/Q -> _30695_/D : -10.451004
[setup reg-reg] _33246_/Q -> _30595_/D : -10.450990
[setup reg-reg] _33246_/Q -> _34358_/D : -10.450918
[setup reg-reg] _33246_/Q -> _31561_/D : -10.450802
[setup reg-reg] _33246_/Q -> _30585_/D : -10.450584
[setup reg-reg] _33246_/Q -> _30803_/D : -10.450354
[setup reg-reg] _33246_/Q -> _30188_/D : -10.450144
[setup reg-reg] _33246_/Q -> _30703_/D : -10.450006
[setup reg-reg] _33246_/Q -> _34244_/D : -10.449839
[setup reg-reg] _33246_/Q -> _34515_/D : -10.449721
[setup reg-reg] _33246_/Q -> _31544_/D : -10.449664
[setup reg-reg] _33246_/Q -> _33420_/D : -10.449430
[setup reg-reg] _33246_/Q -> _29315_/D : -10.449089
[setup reg-reg] _33246_/Q -> _31792_/D : -10.449060
[setup reg-reg] _33246_/Q -> _30697_/D : -10.449007
[setup reg-reg] _33246_/Q -> _29303_/D : -10.448873
[setup reg-reg] _33246_/Q -> _29302_/D : -10.448840
[setup reg-reg] _33246_/Q -> _30579_/D : -10.448748
[setup reg-reg] _33246_/Q -> _31614_/D : -10.448730
[setup reg-reg] _33246_/Q -> _31559_/D : -10.448630
[setup reg-reg] _33246_/Q -> _30704_/D : -10.448535
[setup reg-reg] _33246_/Q -> _32880_/D : -10.448531
[setup reg-reg] _33246_/Q -> _31818_/D : -10.448179
[setup reg-reg] _33246_/Q -> _30542_/D : -10.448055
[setup reg-reg] _33246_/Q -> _31572_/D : -10.447870
[setup reg-reg] _33246_/Q -> _30202_/D : -10.447792
[setup reg-reg] _33246_/Q -> _32081_/D : -10.447660
[setup reg-reg] _33246_/Q -> _31585_/D : -10.447639
[setup reg-reg] _33246_/Q -> _30680_/D : -10.447423
[setup reg-reg] _33246_/Q -> _32048_/D : -10.447277
[setup reg-reg] _33246_/Q -> _30530_/D : -10.447181
[setup reg-reg] _33246_/Q -> _29321_/D : -10.446645
[setup reg-reg] _33246_/Q -> _31573_/D : -10.446599
[setup reg-reg] _33246_/Q -> _31640_/D : -10.446237
[setup reg-reg] _33246_/Q -> _31592_/D : -10.446136
[setup reg-reg] _33246_/Q -> _33292_/D : -10.444921
[setup reg-reg] _33246_/Q -> _30820_/D : -10.444851
[setup reg-reg] _33246_/Q -> _30881_/D : -10.444570
[setup reg-reg] _33246_/Q -> _30524_/D : -10.444425
[setup reg-reg] _33246_/Q -> _31568_/D : -10.443671
[setup reg-reg] _33246_/Q -> _30880_/D : -10.443589
[setup reg-reg] _33246_/Q -> _33436_/D : -10.443433
[setup reg-reg] _33246_/Q -> _34692_/D : -10.443327
[setup reg-reg] _33246_/Q -> _33291_/D : -10.443120
[setup reg-reg] _33246_/Q -> _29967_/D : -10.442936
[setup reg-reg] _33246_/Q -> _30534_/D : -10.442722
[setup reg-reg] _33246_/Q -> _36089_/D : -10.442502
[setup reg-reg] _33246_/Q -> _34655_/D : -10.442197
[setup reg-reg] _33246_/Q -> _31563_/D : -10.442183
[setup reg-reg] _33246_/Q -> _32976_/D : -10.442122
[setup reg-reg] _33246_/Q -> _31550_/D : -10.442108
[setup reg-reg] _33246_/Q -> _34659_/D : -10.442034
[setup reg-reg] _33246_/Q -> _34353_/D : -10.441909
[setup reg-reg] _33246_/Q -> _33426_/D : -10.441824
[setup reg-reg] _33246_/Q -> _34601_/D : -10.441752
[setup reg-reg] _33246_/Q -> _31538_/D : -10.441440
[setup reg-reg] _33246_/Q -> _36087_/D : -10.441287
[setup reg-reg] _33246_/Q -> _29325_/D : -10.441216
[setup reg-reg] _33246_/Q -> _30232_/D : -10.441213
[setup reg-reg] _33246_/Q -> _29311_/D : -10.441184
[setup reg-reg] _33246_/Q -> _29317_/D : -10.440943
[setup reg-reg] _33246_/Q -> _33419_/D : -10.440871
[setup reg-reg] _33246_/Q -> _30457_/D : -10.440861
[setup reg-reg] _33246_/Q -> _29316_/D : -10.440193
[setup reg-reg] _33246_/Q -> _31795_/D : -10.440168
[setup reg-reg] _33246_/Q -> _31637_/D : -10.439965
[setup reg-reg] _33246_/Q -> _31630_/D : -10.439944
[setup reg-reg] _33246_/Q -> _33428_/D : -10.439596
[setup reg-reg] _33246_/Q -> _33298_/D : -10.439493
[setup reg-reg] _33246_/Q -> _30487_/D : -10.439131
[setup reg-reg] _33246_/Q -> _29326_/D : -10.438925
[setup reg-reg] _33246_/Q -> _29309_/D : -10.438463
[setup reg-reg] _33246_/Q -> _29314_/D : -10.437937
[setup reg-reg] _33246_/Q -> _33424_/D : -10.437557
[setup reg-reg] _33246_/Q -> _33441_/D : -10.437535
[setup reg-reg] _33246_/Q -> _33308_/D : -10.437045
[setup reg-reg] _33246_/Q -> _34788_/D : -10.436484
[setup reg-reg] _33246_/Q -> _29318_/D : -10.436392
[setup reg-reg] _33246_/Q -> _33439_/D : -10.436388
[setup reg-reg] _33246_/Q -> _30692_/D : -10.435091
[setup reg-reg] _33246_/Q -> _31349_/D : -10.435035
[setup reg-reg] _33246_/Q -> _31375_/D : -10.434129
[setup reg-reg] _33246_/Q -> _29298_/D : -10.433472
[setup reg-reg] _33246_/Q -> _33010_/D : -10.432515
[setup reg-reg] _33246_/Q -> _34520_/D : -10.432473
[setup reg-reg] _33246_/Q -> _32209_/D : -10.432363
[setup reg-reg] _33246_/Q -> _33300_/D : -10.431638
[setup reg-reg] _33246_/Q -> _34641_/D : -10.431557
[setup reg-reg] _33246_/Q -> _30284_/D : -10.431506
[setup reg-reg] _33246_/Q -> _33448_/D : -10.430927
[setup reg-reg] _33246_/Q -> _32998_/D : -10.430711
[setup reg-reg] _33246_/Q -> _32174_/D : -10.430448
[setup reg-reg] _33246_/Q -> _32159_/D : -10.430182
[setup reg-reg] _33246_/Q -> _33311_/D : -10.430146
[setup reg-reg] _33246_/Q -> _34481_/D : -10.430004
[setup reg-reg] _33246_/Q -> _33315_/D : -10.429858
[setup reg-reg] _33246_/Q -> _33290_/D : -10.429815
[setup reg-reg] _33246_/Q -> _33443_/D : -10.429524
[setup reg-reg] _33246_/Q -> _33430_/D : -10.429233
[setup reg-reg] _33246_/Q -> _33418_/D : -10.429130
[setup reg-reg] _33246_/Q -> _33313_/D : -10.428248
[setup reg-reg] _33246_/Q -> _33002_/D : -10.428085
[setup reg-reg] _33246_/Q -> _31344_/D : -10.427834
[setup reg-reg] _33246_/Q -> _29320_/D : -10.427769
[setup reg-reg] _33246_/Q -> _31340_/D : -10.427212
[setup reg-reg] _33246_/Q -> _33296_/D : -10.426970
[setup reg-reg] _33246_/Q -> _30486_/D : -10.426032
[setup reg-reg] _33246_/Q -> _31352_/D : -10.426039
[setup reg-reg] _33246_/Q -> _34371_/D : -10.425524
[setup reg-reg] _33246_/Q -> _33320_/D : -10.425406
[setup reg-reg] _33246_/Q -> _33302_/D : -10.425165
[setup reg-reg] _33246_/Q -> _29299_/D : -10.425073
[setup reg-reg] _33246_/Q -> _34517_/D : -10.424309
[setup reg-reg] _33246_/Q -> _30170_/D : -10.423854
[setup reg-reg] _33246_/Q -> _29319_/D : -10.423786
[setup reg-reg] _33246_/Q -> _29301_/D : -10.423584
[setup reg-reg] _33246_/Q -> _30729_/D : -10.420816
[setup reg-reg] _33246_/Q -> _29323_/D : -10.420802
[setup reg-reg] _33246_/Q -> _29310_/D : -10.420685
[setup reg-reg] _33246_/Q -> _34642_/D : -10.418980
[setup reg-reg] _33246_/Q -> _29304_/D : -10.418664
[setup reg-reg] _33246_/Q -> _31645_/D : -10.418621
[setup reg-reg] _33246_/Q -> _30813_/D : -10.418003
[setup reg-reg] _33246_/Q -> _31648_/D : -10.417822
[setup reg-reg] _33246_/Q -> _31667_/D : -10.417800
[setup reg-reg] _33246_/Q -> _34857_/D : -10.417644
[setup reg-reg] _33246_/Q -> _32157_/D : -10.417147
[setup reg-reg] _33246_/Q -> _31646_/D : -10.417008
[setup reg-reg] _33246_/Q -> _34739_/D : -10.416951
[setup reg-reg] _33246_/Q -> _30762_/D : -10.416741
[setup reg-reg] _33246_/Q -> _30638_/D : -10.416479
[setup reg-reg] _33246_/Q -> _34486_/D : -10.416166
[setup reg-reg] _33246_/Q -> _32233_/D : -10.415889
[setup reg-reg] _33246_/Q -> _30682_/D : -10.415356
[setup reg-reg] _33246_/Q -> _32240_/D : -10.415250
[setup reg-reg] _33246_/Q -> _32241_/D : -10.414912
[setup reg-reg] _33246_/Q -> _35139_/D : -10.414478
[setup reg-reg] _33246_/Q -> _34858_/D : -10.414124
[setup reg-reg] _33246_/Q -> _30699_/D : -10.413426
[setup reg-reg] _33246_/Q -> _35134_/D : -10.413107
[setup reg-reg] _33246_/Q -> _30266_/D : -10.412042
[setup reg-reg] _33246_/Q -> _35113_/D : -10.412017
[setup reg-reg] _33246_/Q -> _30380_/D : -10.411785
[setup reg-reg] _33246_/Q -> _30381_/D : -10.411618
[setup reg-reg] _33246_/Q -> _31032_/D : -10.411494
[setup reg-reg] _33246_/Q -> _30686_/D : -10.411239
[setup reg-reg] _33246_/Q -> _31596_/D : -10.410720
[setup reg-reg] _33246_/Q -> _35125_/D : -10.410727
[setup reg-reg] _33246_/Q -> _34494_/D : -10.409391
[setup reg-reg] _33246_/Q -> _31939_/D : -10.409306
[setup reg-reg] _33246_/Q -> _32556_/D : -10.409217
[setup reg-reg] _33246_/Q -> _31589_/D : -10.408990
[setup reg-reg] _33246_/Q -> _31925_/D : -10.408926
[setup reg-reg] _33246_/Q -> _31981_/D : -10.408680
[setup reg-reg] _33246_/Q -> _31955_/D : -10.408574
[setup reg-reg] _33246_/Q -> _31934_/D : -10.408268
[setup reg-reg] _33246_/Q -> _32821_/D : -10.407487
[setup reg-reg] _33246_/Q -> _32356_/D : -10.406997
[setup reg-reg] _33246_/Q -> _35002_/D : -10.406631
[setup reg-reg] _33246_/Q -> _32045_/D : -10.406314
[setup reg-reg] _33246_/Q -> _31946_/D : -10.406165
[setup reg-reg] _33246_/Q -> _34499_/D : -10.405991
[setup reg-reg] _33246_/Q -> _34614_/D : -10.405796
[setup reg-reg] _33246_/Q -> _29956_/D : -10.405458
[setup reg-reg] _33246_/Q -> _29943_/D : -10.405110
[setup reg-reg] _33246_/Q -> _32545_/D : -10.405113
[setup reg-reg] _33246_/Q -> _34627_/D : -10.405018
[setup reg-reg] _33246_/Q -> _30626_/D : -10.404975
[setup reg-reg] _33246_/Q -> _29955_/D : -10.404808
[setup reg-reg] _33246_/Q -> _29306_/D : -10.404723
[setup reg-reg] _33246_/Q -> _32551_/D : -10.404215
[setup reg-reg] _33246_/Q -> _30535_/D : -10.403877
[setup reg-reg] _33246_/Q -> _32753_/D : -10.403703
[setup reg-reg] _33246_/Q -> _34436_/D : -10.403710
[setup reg-reg] _33246_/Q -> _33285_/D : -10.403604
[setup reg-reg] _33246_/Q -> _30815_/D : -10.403525
[setup reg-reg] _33246_/Q -> _30890_/D : -10.403387
[setup reg-reg] _33246_/Q -> _34422_/D : -10.403259
[setup reg-reg] _33246_/Q -> _30875_/D : -10.402179
[setup reg-reg] _33246_/Q -> _29328_/D : -10.402076
[setup reg-reg] _33246_/Q -> _34354_/D : -10.401845
[setup reg-reg] _33246_/Q -> _29297_/D : -10.401788
[setup reg-reg] _33246_/Q -> _30870_/D : -10.401593
[setup reg-reg] _33246_/Q -> _30894_/D : -10.401273
[setup reg-reg] _33246_/Q -> _34623_/D : -10.401237
[setup reg-reg] _33246_/Q -> _31658_/D : -10.401138
[setup reg-reg] _33246_/Q -> _32550_/D : -10.400932
[setup reg-reg] _33246_/Q -> _30868_/D : -10.400805
[setup reg-reg] _33246_/Q -> _30873_/D : -10.400620
[setup reg-reg] _33246_/Q -> _30478_/D : -10.400247
[setup reg-reg] _33246_/Q -> _31541_/D : -10.400047
[setup reg-reg] _33246_/Q -> _30986_/D : -10.399841
[setup reg-reg] _33246_/Q -> _31761_/D : -10.399817
[setup reg-reg] _33246_/Q -> _31772_/D : -10.399745
[setup reg-reg] _33246_/Q -> _32326_/D : -10.399742
[setup reg-reg] _33246_/Q -> _34748_/D : -10.399720
[setup reg-reg] _33246_/Q -> _31762_/D : -10.399401
[setup reg-reg] _33246_/Q -> _30977_/D : -10.399265
[setup reg-reg] _33246_/Q -> _30831_/D : -10.399240
[setup reg-reg] _33246_/Q -> _30971_/D : -10.399096
[setup reg-reg] _33246_/Q -> _30821_/D : -10.398783
[setup reg-reg] _33246_/Q -> _35299_/D : -10.398694
[setup reg-reg] _33246_/Q -> _32537_/D : -10.398684
[setup reg-reg] _33246_/Q -> _30976_/D : -10.398285
[setup reg-reg] _33246_/Q -> _30822_/D : -10.398044
[setup reg-reg] _33246_/Q -> _30966_/D : -10.397877
[setup reg-reg] _33246_/Q -> _32320_/D : -10.397774
[setup reg-reg] _33246_/Q -> _30990_/D : -10.397574
[setup reg-reg] _33246_/Q -> _31945_/D : -10.397362
[setup reg-reg] _33246_/Q -> _30964_/D : -10.397056
[setup reg-reg] _33246_/Q -> _30620_/D : -10.396921
[setup reg-reg] _33246_/Q -> _30630_/D : -10.396864
[setup reg-reg] _33246_/Q -> _30969_/D : -10.396701
[setup reg-reg] _33246_/Q -> _30466_/D : -10.396644
[setup reg-reg] _33246_/Q -> _31567_/D : -10.396584
[setup reg-reg] _33246_/Q -> _32178_/D : -10.396573
[setup reg-reg] _33246_/Q -> _32879_/D : -10.396264
[setup reg-reg] _33246_/Q -> _30533_/D : -10.395929
[setup reg-reg] _33246_/Q -> _35230_/D : -10.395877
[setup reg-reg] _33246_/Q -> _30470_/D : -10.395823
[setup reg-reg] _33246_/Q -> _30510_/D : -10.395517
[setup reg-reg] _33246_/Q -> _31557_/D : -10.395155
[setup reg-reg] _33246_/Q -> _30489_/D : -10.395134
[setup reg-reg] _33246_/Q -> _30522_/D : -10.395049
[setup reg-reg] _33246_/Q -> _30532_/D : -10.395035
[setup reg-reg] _33246_/Q -> _31949_/D : -10.394953
[setup reg-reg] _33246_/Q -> _35209_/D : -10.394821
[setup reg-reg] _33246_/Q -> _32863_/D : -10.394775
[setup reg-reg] _33246_/Q -> _31956_/D : -10.394463
[setup reg-reg] _33246_/Q -> _32544_/D : -10.394129
[setup reg-reg] _33246_/Q -> _30760_/D : -10.394090
[setup reg-reg] _33246_/Q -> _32866_/D : -10.393567
[setup reg-reg] _33246_/Q -> _30543_/D : -10.393524
[setup reg-reg] _33246_/Q -> _31932_/D : -10.393517
[setup reg-reg] _33246_/Q -> _34897_/D : -10.393511
[setup reg-reg] _33246_/Q -> _35331_/D : -10.393027
[setup reg-reg] _33246_/Q -> _31583_/D : -10.392906
[setup reg-reg] _33246_/Q -> _31564_/D : -10.392885
[setup reg-reg] _33246_/Q -> _31586_/D : -10.392529
[setup reg-reg] _33246_/Q -> _32882_/D : -10.392179
[setup reg-reg] _33246_/Q -> _35317_/D : -10.391855
[setup reg-reg] _33246_/Q -> _34609_/D : -10.391510
[setup reg-reg] _33246_/Q -> _35993_/D : -10.391226
[setup reg-reg] _33246_/Q -> _31597_/D : -10.390068
[setup reg-reg] _33246_/Q -> _32843_/D : -10.389770
[setup reg-reg] _33246_/Q -> _32829_/D : -10.389592
[setup reg-reg] _33246_/Q -> _34985_/D : -10.389418
[setup reg-reg] _33246_/Q -> _30755_/D : -10.388860
[setup reg-reg] _33246_/Q -> _34482_/D : -10.388636
[setup reg-reg] _33246_/Q -> _34881_/D : -10.388611
[setup reg-reg] _33246_/Q -> _34868_/D : -10.388423
[setup reg-reg] _33246_/Q -> _31595_/D : -10.388217
[setup reg-reg] _33246_/Q -> _31590_/D : -10.387972
[setup reg-reg] _33246_/Q -> _31570_/D : -10.387709
[setup reg-reg] _33246_/Q -> _30754_/D : -10.387606
[setup reg-reg] _33246_/Q -> _31591_/D : -10.387556
[setup reg-reg] _33246_/Q -> _31582_/D : -10.387509
[setup reg-reg] _33246_/Q -> _33293_/D : -10.387332
[setup reg-reg] _33246_/Q -> _30823_/D : -10.387264
[setup reg-reg] _33246_/Q -> _30539_/D : -10.387134
[setup reg-reg] _33246_/Q -> _33421_/D : -10.386963
[setup reg-reg] _33246_/Q -> _33445_/D : -10.386930
[setup reg-reg] _33246_/Q -> _30540_/D : -10.386430
[setup reg-reg] _33246_/Q -> _30805_/D : -10.386281
[setup reg-reg] _33246_/Q -> _31947_/D : -10.386242
[setup reg-reg] _33246_/Q -> _30513_/D : -10.386088
[setup reg-reg] _33246_/Q -> _34674_/D : -10.385872
[setup reg-reg] _33246_/Q -> _28992_/D : -10.385829
[setup reg-reg] _33246_/Q -> _32330_/D : -10.385748
[setup reg-reg] _33246_/Q -> _31779_/D : -10.385645
[setup reg-reg] _33246_/Q -> _28988_/D : -10.385612
[setup reg-reg] _33246_/Q -> _32166_/D : -10.385297
[setup reg-reg] _33246_/Q -> _32992_/D : -10.385058
[setup reg-reg] _33246_/Q -> _31760_/D : -10.385048
[setup reg-reg] _33246_/Q -> _32982_/D : -10.384696
[setup reg-reg] _33246_/Q -> _28985_/D : -10.384352
[setup reg-reg] _33246_/Q -> _33049_/D : -10.384249
[setup reg-reg] _33246_/Q -> _32105_/D : -10.384185
[setup reg-reg] _33246_/Q -> _33447_/D : -10.384092
[setup reg-reg] _33246_/Q -> _33075_/D : -10.383982
[setup reg-reg] _33246_/Q -> _32112_/D : -10.383446
[setup reg-reg] _33246_/Q -> _30739_/D : -10.383343
[setup reg-reg] _33246_/Q -> _31665_/D : -10.382493
[setup reg-reg] _33246_/Q -> _33437_/D : -10.382426
[setup reg-reg] _33246_/Q -> _34906_/D : -10.382131
[setup reg-reg] _33246_/Q -> _30808_/D : -10.382003
[setup reg-reg] _33246_/Q -> _33011_/D : -10.380522
[setup reg-reg] _33246_/Q -> _33444_/D : -10.380337
[setup reg-reg] _33246_/Q -> _33000_/D : -10.380216
[setup reg-reg] _33246_/Q -> _33317_/D : -10.380202
[setup reg-reg] _33246_/Q -> _34986_/D : -10.379264
[setup reg-reg] _33246_/Q -> _34771_/D : -10.378042
[setup reg-reg] _33246_/Q -> _32783_/D : -10.378014
[setup reg-reg] _33246_/Q -> _32981_/D : -10.377917
[setup reg-reg] _33246_/Q -> _32770_/D : -10.377832
[setup reg-reg] _33246_/Q -> _32990_/D : -10.377676
[setup reg-reg] _33246_/Q -> _31571_/D : -10.377633
[setup reg-reg] _33246_/Q -> _33319_/D : -10.376610
[setup reg-reg] _33246_/Q -> _33309_/D : -10.376436
[setup reg-reg] _33246_/Q -> _31569_/D : -10.376315
[setup reg-reg] _33246_/Q -> _34468_/D : -10.376187
[setup reg-reg] _33246_/Q -> _31669_/D : -10.376091
[setup reg-reg] _33246_/Q -> _33316_/D : -10.375999
[setup reg-reg] _33246_/Q -> _34993_/D : -10.375871
[setup reg-reg] _33246_/Q -> _34582_/D : -10.375693
[setup reg-reg] _33246_/Q -> _32769_/D : -10.375598
[setup reg-reg] _33246_/Q -> _35672_/D : -10.375516
[setup reg-reg] _33246_/Q -> _32815_/D : -10.375370
[setup reg-reg] _33246_/Q -> _30825_/D : -10.375121
[setup reg-reg] _33246_/Q -> _31775_/D : -10.374695
[setup reg-reg] _33246_/Q -> _32160_/D : -10.374663
[setup reg-reg] _33246_/Q -> _30756_/D : -10.374435
[setup reg-reg] _33246_/Q -> _32170_/D : -10.374297
[setup reg-reg] _33246_/Q -> _34454_/D : -10.373658
[setup reg-reg] _33246_/Q -> _32347_/D : -10.373537
[setup reg-reg] _33246_/Q -> _30589_/D : -10.372911
[setup reg-reg] _33246_/Q -> _33007_/D : -10.372052
[setup reg-reg] _33246_/Q -> _31642_/D : -10.371217
[setup reg-reg] _33246_/Q -> _32988_/D : -10.370955
[setup reg-reg] _33246_/Q -> _32848_/D : -10.370776
[setup reg-reg] _33246_/Q -> _33008_/D : -10.370173
[setup reg-reg] _33246_/Q -> _32847_/D : -10.369814
[setup reg-reg] _33246_/Q -> _32113_/D : -10.369707
[setup reg-reg] _33246_/Q -> _32831_/D : -10.369597
[setup reg-reg] _33246_/Q -> _33276_/D : -10.369157
[setup reg-reg] _33246_/Q -> _33260_/D : -10.368865
[setup reg-reg] _33246_/Q -> _34357_/D : -10.368638
[setup reg-reg] _33246_/Q -> _32728_/D : -10.368371
[setup reg-reg] _33246_/Q -> _32309_/D : -10.367565
[setup reg-reg] _33246_/Q -> _32744_/D : -10.367501
[setup reg-reg] _33246_/Q -> _32743_/D : -10.367273
[setup reg-reg] _33246_/Q -> _34666_/D : -10.367273
[setup reg-reg] _33246_/Q -> _32310_/D : -10.366261
[setup reg-reg] _33246_/Q -> _29940_/D : -10.366005
[setup reg-reg] _33246_/Q -> _30609_/D : -10.365867
[setup reg-reg] _33246_/Q -> _33069_/D : -10.365767
[setup reg-reg] _33246_/Q -> _34758_/D : -10.365689
[setup reg-reg] _33246_/Q -> _34736_/D : -10.365636
[setup reg-reg] _33246_/Q -> _29941_/D : -10.365273
[setup reg-reg] _33246_/Q -> _33056_/D : -10.364616
[setup reg-reg] _33246_/Q -> _32329_/D : -10.363589
[setup reg-reg] _33246_/Q -> _30594_/D : -10.363441
[setup reg-reg] _33246_/Q -> _33064_/D : -10.363416
[setup reg-reg] _33246_/Q -> _31578_/D : -10.362989
[setup reg-reg] _33246_/Q -> _30836_/D : -10.362883
[setup reg-reg] _33246_/Q -> _30701_/D : -10.362541
[setup reg-reg] _33246_/Q -> _30537_/D : -10.361845
[setup reg-reg] _33246_/Q -> _33057_/D : -10.361554
[setup reg-reg] _33246_/Q -> _31659_/D : -10.361205
[setup reg-reg] _33246_/Q -> _31664_/D : -10.360694
[setup reg-reg] _33246_/Q -> _31668_/D : -10.360622
[setup reg-reg] _33246_/Q -> _30839_/D : -10.360374
[setup reg-reg] _33246_/Q -> _31643_/D : -10.359948
[setup reg-reg] _33246_/Q -> _31655_/D : -10.359934
[setup reg-reg] _33246_/Q -> _33053_/D : -10.359632
[setup reg-reg] _33246_/Q -> _34654_/D : -10.359529
[setup reg-reg] _33246_/Q -> _31663_/D : -10.359329
[setup reg-reg] _33246_/Q -> _32323_/D : -10.359042
[setup reg-reg] _33246_/Q -> _33052_/D : -10.358797
[setup reg-reg] _33246_/Q -> _31938_/D : -10.358499
[setup reg-reg] _33246_/Q -> _32333_/D : -10.358317
[setup reg-reg] _33246_/Q -> _34780_/D : -10.358217
[setup reg-reg] _33246_/Q -> _30581_/D : -10.358104
[setup reg-reg] _33246_/Q -> _32861_/D : -10.358087
[setup reg-reg] _33246_/Q -> _30460_/D : -10.358075
[setup reg-reg] _33246_/Q -> _33051_/D : -10.357877
[setup reg-reg] _33246_/Q -> _30864_/D : -10.357752
[setup reg-reg] _33246_/Q -> _30633_/D : -10.357671
[setup reg-reg] _33246_/Q -> _34634_/D : -10.357660
[setup reg-reg] _33246_/Q -> _30631_/D : -10.357642
[setup reg-reg] _33246_/Q -> _33070_/D : -10.357624
[setup reg-reg] _33246_/Q -> _32554_/D : -10.357546
[setup reg-reg] _33246_/Q -> _34996_/D : -10.357323
[setup reg-reg] _33246_/Q -> _34488_/D : -10.357183
[setup reg-reg] _33246_/Q -> _30674_/D : -10.355681
[setup reg-reg] _33246_/Q -> _29007_/D : -10.355173
[setup reg-reg] _33246_/Q -> _30847_/D : -10.355091
[setup reg-reg] _33246_/Q -> _32340_/D : -10.354751
[setup reg-reg] _33246_/Q -> _32318_/D : -10.354690
[setup reg-reg] _33246_/Q -> _30618_/D : -10.354576
[setup reg-reg] _33246_/Q -> _33005_/D : -10.354043
[setup reg-reg] _33246_/Q -> _32366_/D : -10.354018
[setup reg-reg] _33246_/Q -> _34483_/D : -10.353936
[setup reg-reg] _33246_/Q -> _32351_/D : -10.353713
[setup reg-reg] _33246_/Q -> _29004_/D : -10.353013
[setup reg-reg] _33246_/Q -> _30514_/D : -10.352960
[setup reg-reg] _33246_/Q -> _31808_/D : -10.352793
[setup reg-reg] _33246_/Q -> _30498_/D : -10.352729
[setup reg-reg] _33246_/Q -> _28980_/D : -10.352665
[setup reg-reg] _33246_/Q -> _34596_/D : -10.352406
[setup reg-reg] _33246_/Q -> _31815_/D : -10.352171
[setup reg-reg] _33246_/Q -> _31638_/D : -10.351666
[setup reg-reg] _33246_/Q -> _30450_/D : -10.351592
[setup reg-reg] _33246_/Q -> _32336_/D : -10.351535
[setup reg-reg] _33246_/Q -> _34435_/D : -10.351325
[setup reg-reg] _33246_/Q -> _30810_/D : -10.351254
[setup reg-reg] _33246_/Q -> _31644_/D : -10.350639
[setup reg-reg] _33246_/Q -> _32316_/D : -10.350540
[setup reg-reg] _33246_/Q -> _30502_/D : -10.350466
[setup reg-reg] _33246_/Q -> _30749_/D : -10.350075
[setup reg-reg] _33246_/Q -> _28668_/D : -10.350032
[setup reg-reg] _33246_/Q -> _28672_/D : -10.349784
[setup reg-reg] _33246_/Q -> _34419_/D : -10.349385
[setup reg-reg] _33246_/Q -> _29001_/D : -10.349339
[setup reg-reg] _33246_/Q -> _33062_/D : -10.349343
[setup reg-reg] _33246_/Q -> _30469_/D : -10.349222
[setup reg-reg] _33246_/Q -> _34608_/D : -10.349152
[setup reg-reg] _33246_/Q -> _32346_/D : -10.348814
[setup reg-reg] _33246_/Q -> _29002_/D : -10.348782
[setup reg-reg] _33246_/Q -> _34680_/D : -10.348658
[setup reg-reg] _33246_/Q -> _30827_/D : -10.348639
[setup reg-reg] _33246_/Q -> _30610_/D : -10.348590
[setup reg-reg] _33246_/Q -> _35569_/D : -10.348530
[setup reg-reg] _33246_/Q -> _29953_/D : -10.347993
[setup reg-reg] _33246_/Q -> _30468_/D : -10.346810
[setup reg-reg] _33246_/Q -> _30616_/D : -10.346696
[setup reg-reg] _33246_/Q -> _28983_/D : -10.346622
[setup reg-reg] _33246_/Q -> _28995_/D : -10.346362
[setup reg-reg] _33246_/Q -> _35187_/D : -10.345971
[setup reg-reg] _33246_/Q -> _31816_/D : -10.345777
[setup reg-reg] _33246_/Q -> _34360_/D : -10.345740
[setup reg-reg] _33246_/Q -> _30520_/D : -10.345403
[setup reg-reg] _33246_/Q -> _30829_/D : -10.345165
[setup reg-reg] _33246_/Q -> _33066_/D : -10.345009
[setup reg-reg] _33246_/Q -> _35198_/D : -10.344995
[setup reg-reg] _33246_/Q -> _35687_/D : -10.344667
[setup reg-reg] _33246_/Q -> _30814_/D : -10.344302
[setup reg-reg] _33246_/Q -> _35177_/D : -10.344177
[setup reg-reg] _33246_/Q -> _34835_/D : -10.344000
[setup reg-reg] _33246_/Q -> _30458_/D : -10.343886
[setup reg-reg] _33246_/Q -> _33045_/D : -10.343819
[setup reg-reg] _33246_/Q -> _31662_/D : -10.343619
[setup reg-reg] _33246_/Q -> _33058_/D : -10.343012
[setup reg-reg] _33246_/Q -> _32547_/D : -10.342944
[setup reg-reg] _33246_/Q -> _28982_/D : -10.342586
[setup reg-reg] _33246_/Q -> _34820_/D : -10.342546
[setup reg-reg] _33246_/Q -> _32563_/D : -10.342309
[setup reg-reg] _33246_/Q -> _31651_/D : -10.342227
[setup reg-reg] _33246_/Q -> _30801_/D : -10.342177
[setup reg-reg] _33246_/Q -> _32533_/D : -10.342042
[setup reg-reg] _33246_/Q -> _33046_/D : -10.341719
[setup reg-reg] _33246_/Q -> _32149_/D : -10.340685
[setup reg-reg] _33246_/Q -> _30475_/D : -10.339797
[setup reg-reg] _33246_/Q -> _35668_/D : -10.339630
[setup reg-reg] _33246_/Q -> _34662_/D : -10.339581
[setup reg-reg] _33246_/Q -> _29005_/D : -10.339441
[setup reg-reg] _33246_/Q -> _28996_/D : -10.339296
[setup reg-reg] _33246_/Q -> _28997_/D : -10.339214
[setup reg-reg] _33246_/Q -> _28991_/D : -10.339012
[setup reg-reg] _33246_/Q -> _31365_/D : -10.338852
[setup reg-reg] _33246_/Q -> _34577_/D : -10.338699
[setup reg-reg] _33246_/Q -> _32862_/D : -10.338593
[setup reg-reg] _33246_/Q -> _31372_/D : -10.338486
[setup reg-reg] _33246_/Q -> _34870_/D : -10.338358
[setup reg-reg] _33246_/Q -> _34417_/D : -10.338145
[setup reg-reg] _33246_/Q -> _30456_/D : -10.337466
[setup reg-reg] _33246_/Q -> _32868_/D : -10.337314
[setup reg-reg] _33246_/Q -> _35662_/D : -10.337157
[setup reg-reg] _33246_/Q -> _30476_/D : -10.336596
[setup reg-reg] _33246_/Q -> _29006_/D : -10.335626
[setup reg-reg] _33246_/Q -> _28994_/D : -10.335413
[setup reg-reg] _33246_/Q -> _34872_/D : -10.335405
[setup reg-reg] _33246_/Q -> _30449_/D : -10.335317
[setup reg-reg] _33246_/Q -> _28989_/D : -10.335178
[setup reg-reg] _33246_/Q -> _32806_/D : -10.335160
[setup reg-reg] _33246_/Q -> _35660_/D : -10.334962
[setup reg-reg] _33246_/Q -> _35682_/D : -10.334276
[setup reg-reg] _33246_/Q -> _28998_/D : -10.333953
[setup reg-reg] _33246_/Q -> _32553_/D : -10.333632
[setup reg-reg] _33246_/Q -> _31373_/D : -10.333494
[setup reg-reg] _33246_/Q -> _30751_/D : -10.333338
[setup reg-reg] _33246_/Q -> _28978_/D : -10.332510
[setup reg-reg] _33246_/Q -> _32171_/D : -10.332376
[setup reg-reg] _33246_/Q -> _32173_/D : -10.332258
[setup reg-reg] _33246_/Q -> _34485_/D : -10.332223
[setup reg-reg] _33246_/Q -> _29003_/D : -10.331771
[setup reg-reg] _33246_/Q -> _28990_/D : -10.331494
[setup reg-reg] _33246_/Q -> _29960_/D : -10.331175
[setup reg-reg] _33246_/Q -> _30758_/D : -10.331161
[setup reg-reg] _33246_/Q -> _34678_/D : -10.331163
[setup reg-reg] _33246_/Q -> _33275_/D : -10.330570
[setup reg-reg] _33246_/Q -> _35684_/D : -10.330286
[setup reg-reg] _33246_/Q -> _35681_/D : -10.330137
[setup reg-reg] _33246_/Q -> _35685_/D : -10.330144
[setup reg-reg] _33246_/Q -> _35677_/D : -10.329977
[setup reg-reg] _33246_/Q -> _32349_/D : -10.329803
[setup reg-reg] _33246_/Q -> _35665_/D : -10.329594
[setup reg-reg] _33246_/Q -> _32741_/D : -10.329433
[setup reg-reg] _33246_/Q -> _30757_/D : -10.329170
[setup reg-reg] _33246_/Q -> _28993_/D : -10.329139
[setup reg-reg] _33246_/Q -> _32158_/D : -10.328990
[setup reg-reg] _33246_/Q -> _32540_/D : -10.328663
[setup reg-reg] _33246_/Q -> _34738_/D : -10.328638
[setup reg-reg] _33246_/Q -> _32564_/D : -10.328361
[setup reg-reg] _33246_/Q -> _34474_/D : -10.328148
[setup reg-reg] _33246_/Q -> _33263_/D : -10.328119
[setup reg-reg] _33246_/Q -> _32729_/D : -10.328027
[setup reg-reg] _33246_/Q -> _34595_/D : -10.327540
[setup reg-reg] _33246_/Q -> _35686_/D : -10.327529
[setup reg-reg] _33246_/Q -> _32748_/D : -10.327362
[setup reg-reg] _33246_/Q -> _34418_/D : -10.327370
[setup reg-reg] _33246_/Q -> _33261_/D : -10.327352
[setup reg-reg] _33246_/Q -> _29964_/D : -10.327270
[setup reg-reg] _33246_/Q -> _30888_/D : -10.326950
[setup reg-reg] _33246_/Q -> _33282_/D : -10.326627
[setup reg-reg] _33246_/Q -> _32150_/D : -10.326428
[setup reg-reg] _33246_/Q -> _30860_/D : -10.326375
[setup reg-reg] _33246_/Q -> _35671_/D : -10.326378
[setup reg-reg] _33246_/Q -> _34648_/D : -10.326336
[setup reg-reg] _33246_/Q -> _33269_/D : -10.325966
[setup reg-reg] _33246_/Q -> _31951_/D : -10.325760
[setup reg-reg] _33246_/Q -> _35674_/D : -10.325323
[setup reg-reg] _33246_/Q -> _35678_/D : -10.325255
[setup reg-reg] _33246_/Q -> _34790_/D : -10.324915
[setup reg-reg] _33246_/Q -> _30473_/D : -10.324570
[setup reg-reg] _33246_/Q -> _32156_/D : -10.324023
[setup reg-reg] _33246_/Q -> _35669_/D : -10.323931
[setup reg-reg] _33246_/Q -> _28999_/D : -10.323398
[setup reg-reg] _33246_/Q -> _35683_/D : -10.323377
[setup reg-reg] _33246_/Q -> _28979_/D : -10.323305
[setup reg-reg] _33246_/Q -> _30984_/D : -10.322996
[setup reg-reg] _33246_/Q -> _34467_/D : -10.322950
[setup reg-reg] _33246_/Q -> _34579_/D : -10.322474
[setup reg-reg] _33246_/Q -> _30598_/D : -10.322353
[setup reg-reg] _33246_/Q -> _35658_/D : -10.322350
[setup reg-reg] _33246_/Q -> _30883_/D : -10.321415
[setup reg-reg] _33246_/Q -> _32789_/D : -10.321386
[setup reg-reg] _33246_/Q -> _34852_/D : -10.321071
[setup reg-reg] _33246_/Q -> _30700_/D : -10.320797
[setup reg-reg] _33246_/Q -> _34622_/D : -10.320598
[setup reg-reg] _33246_/Q -> _30886_/D : -10.319976
[setup reg-reg] _33246_/Q -> _35961_/D : -10.319866
[setup reg-reg] _33246_/Q -> _32557_/D : -10.319820
[setup reg-reg] _33246_/Q -> _32555_/D : -10.319678
[setup reg-reg] _33246_/Q -> _34451_/D : -10.319625
[setup reg-reg] _33246_/Q -> _32552_/D : -10.319536
[setup reg-reg] _33246_/Q -> _29000_/D : -10.319362
[setup reg-reg] _33246_/Q -> _34602_/D : -10.319226
[setup reg-reg] _33246_/Q -> _28687_/D : -10.319063
[setup reg-reg] _33246_/Q -> _29937_/D : -10.318985
[setup reg-reg] _33246_/Q -> _28981_/D : -10.318917
[setup reg-reg] _33246_/Q -> _33273_/D : -10.318864
[setup reg-reg] _33246_/Q -> _30492_/D : -10.318676
[setup reg-reg] _33246_/Q -> _35171_/D : -10.318644
[setup reg-reg] _33246_/Q -> _30759_/D : -10.318499
[setup reg-reg] _33246_/Q -> _30979_/D : -10.318192
[setup reg-reg] _33246_/Q -> _34578_/D : -10.318114
[setup reg-reg] _33246_/Q -> _35675_/D : -10.317902
[setup reg-reg] _33246_/Q -> _30767_/D : -10.317830
[setup reg-reg] _33246_/Q -> _28684_/D : -10.317667
[setup reg-reg] _33246_/Q -> _30861_/D : -10.317453
[setup reg-reg] _33246_/Q -> _34900_/D : -10.316825
[setup reg-reg] _33246_/Q -> _34913_/D : -10.316800
[setup reg-reg] _33246_/Q -> _28984_/D : -10.316751
[setup reg-reg] _33246_/Q -> _34590_/D : -10.316605
[setup reg-reg] _33246_/Q -> _35663_/D : -10.316608
[setup reg-reg] _33246_/Q -> _30882_/D : -10.316534
[setup reg-reg] _33246_/Q -> _35166_/D : -10.316505
[setup reg-reg] _33246_/Q -> _35680_/D : -10.316150
[setup reg-reg] _33246_/Q -> _30982_/D : -10.316030
[setup reg-reg] _33246_/Q -> _30741_/D : -10.315770
[setup reg-reg] _33246_/Q -> _35145_/D : -10.315731
[setup reg-reg] _33246_/Q -> _30853_/D : -10.315684
[setup reg-reg] _33246_/Q -> _30744_/D : -10.313930
[setup reg-reg] _33246_/Q -> _28660_/D : -10.313848
[setup reg-reg] _33246_/Q -> _29965_/D : -10.313855
[setup reg-reg] _33246_/Q -> _28682_/D : -10.313567
[setup reg-reg] _33246_/Q -> _32370_/D : -10.313421
[setup reg-reg] _33246_/Q -> _35313_/D : -10.313429
[setup reg-reg] _33246_/Q -> _30526_/D : -10.312900
[setup reg-reg] _33246_/Q -> _30802_/D : -10.312846
[setup reg-reg] _33246_/Q -> _32358_/D : -10.312530
[setup reg-reg] _33246_/Q -> _30978_/D : -10.312391
[setup reg-reg] _33246_/Q -> _35987_/D : -10.312118
[setup reg-reg] _33246_/Q -> _30591_/D : -10.311773
[setup reg-reg] _33246_/Q -> _30577_/D : -10.311531
[setup reg-reg] _33246_/Q -> _34643_/D : -10.311496
[setup reg-reg] _33246_/Q -> _28662_/D : -10.311158
[setup reg-reg] _33246_/Q -> _32865_/D : -10.311123
[setup reg-reg] _33246_/Q -> _28675_/D : -10.311077
[setup reg-reg] _33246_/Q -> _28663_/D : -10.310917
[setup reg-reg] _33246_/Q -> _30867_/D : -10.310853
[setup reg-reg] _33246_/Q -> _35659_/D : -10.310668
[setup reg-reg] _33246_/Q -> _34366_/D : -10.310615
[setup reg-reg] _33246_/Q -> _30876_/D : -10.310398
[setup reg-reg] _33246_/Q -> _35679_/D : -10.310330
[setup reg-reg] _33246_/Q -> _35670_/D : -10.310295
[setup reg-reg] _33246_/Q -> _35664_/D : -10.310121
[setup reg-reg] _33246_/Q -> _30503_/D : -10.310079
[setup reg-reg] _33246_/Q -> _29954_/D : -10.309990
[setup reg-reg] _33246_/Q -> _30597_/D : -10.309737
[setup reg-reg] _33246_/Q -> _35661_/D : -10.309595
[setup reg-reg] _33246_/Q -> _35505_/D : -10.309321
[setup reg-reg] _33246_/Q -> _28681_/D : -10.309208
[setup reg-reg] _33246_/Q -> _29963_/D : -10.309045
[setup reg-reg] _33246_/Q -> _34583_/D : -10.308931
[setup reg-reg] _33246_/Q -> _29959_/D : -10.308796
[setup reg-reg] _33246_/Q -> _30544_/D : -10.308746
[setup reg-reg] _33246_/Q -> _29950_/D : -10.308590
[setup reg-reg] _33246_/Q -> _35676_/D : -10.308135
[setup reg-reg] _33246_/Q -> _29938_/D : -10.308071
[setup reg-reg] _33246_/Q -> _30541_/D : -10.308043
[setup reg-reg] _33246_/Q -> _29958_/D : -10.307961
[setup reg-reg] _33246_/Q -> _30884_/D : -10.307137
[setup reg-reg] _33246_/Q -> _30972_/D : -10.306391
[setup reg-reg] _33246_/Q -> _30963_/D : -10.306160
[setup reg-reg] _33246_/Q -> _34449_/D : -10.305943
[setup reg-reg] _33246_/Q -> _35688_/D : -10.305932
[setup reg-reg] _33246_/Q -> _32830_/D : -10.305790
[setup reg-reg] _33246_/Q -> _33287_/D : -10.304824
[setup reg-reg] _33246_/Q -> _31565_/D : -10.304522
[setup reg-reg] _33246_/Q -> _28671_/D : -10.303804
[setup reg-reg] _33246_/Q -> _28677_/D : -10.303648
[setup reg-reg] _33246_/Q -> _28986_/D : -10.303442
[setup reg-reg] _33246_/Q -> _28685_/D : -10.303265
[setup reg-reg] _33246_/Q -> _34630_/D : -10.302607
[setup reg-reg] _33246_/Q -> _29008_/D : -10.302543
[setup reg-reg] _33246_/Q -> _31926_/D : -10.302245
[setup reg-reg] _33246_/Q -> _28686_/D : -10.302135
[setup reg-reg] _33246_/Q -> _28977_/D : -10.301982
[setup reg-reg] _33246_/Q -> _30761_/D : -10.301509
[setup reg-reg] _33246_/Q -> _30490_/D : -10.301335
[setup reg-reg] _33246_/Q -> _30481_/D : -10.301208
[setup reg-reg] _33246_/Q -> _30500_/D : -10.300699
[setup reg-reg] _33246_/Q -> _35267_/D : -10.300625
[setup reg-reg] _33246_/Q -> _33256_/D : -10.300582
[setup reg-reg] _33246_/Q -> _30511_/D : -10.300419
[setup reg-reg] _33246_/Q -> _28669_/D : -10.300174
[setup reg-reg] _33246_/Q -> _28674_/D : -10.300113
[setup reg-reg] _33246_/Q -> _30494_/D : -10.300028
[setup reg-reg] _33246_/Q -> _35886_/D : -10.299211
[setup reg-reg] _33246_/Q -> _34755_/D : -10.299079
[setup reg-reg] _33246_/Q -> _30637_/D : -10.299029
[setup reg-reg] _33246_/Q -> _29939_/D : -10.298834
[setup reg-reg] _33246_/Q -> _32765_/D : -10.298362
[setup reg-reg] _33246_/Q -> _32994_/D : -10.298290
[setup reg-reg] _33246_/Q -> _28679_/D : -10.298056
[setup reg-reg] _33246_/Q -> _28678_/D : -10.297953
[setup reg-reg] _33246_/Q -> _34450_/D : -10.297590
[setup reg-reg] _33246_/Q -> _35224_/D : -10.297225
[setup reg-reg] _33246_/Q -> _35262_/D : -10.297232
[setup reg-reg] _33246_/Q -> _32755_/D : -10.297150
[setup reg-reg] _33246_/Q -> _35064_/D : -10.297114
[setup reg-reg] _33246_/Q -> _28683_/D : -10.296369
[setup reg-reg] _33246_/Q -> _30507_/D : -10.296241
[setup reg-reg] _33246_/Q -> _35316_/D : -10.295815
[setup reg-reg] _33246_/Q -> _35571_/D : -10.295811
[setup reg-reg] _33246_/Q -> _28670_/D : -10.295683
[setup reg-reg] _33246_/Q -> _33280_/D : -10.295512
[setup reg-reg] _33246_/Q -> _35329_/D : -10.295484
[setup reg-reg] _33246_/Q -> _30508_/D : -10.295455
[setup reg-reg] _33246_/Q -> _30599_/D : -10.295175
[setup reg-reg] _33246_/Q -> _32797_/D : -10.295160
[setup reg-reg] _33246_/Q -> _28658_/D : -10.295150
[setup reg-reg] _33246_/Q -> _34769_/D : -10.295121
[setup reg-reg] _33246_/Q -> _33009_/D : -10.294641
[setup reg-reg] _33246_/Q -> _30607_/D : -10.294262
[setup reg-reg] _33246_/Q -> _31953_/D : -10.293960
[setup reg-reg] _33246_/Q -> _32362_/D : -10.293797
[setup reg-reg] _33246_/Q -> _35884_/D : -10.293239
[setup reg-reg] _33246_/Q -> _33012_/D : -10.293136
[setup reg-reg] _33246_/Q -> _28673_/D : -10.292883
[setup reg-reg] _33246_/Q -> _34424_/D : -10.292830
[setup reg-reg] _33246_/Q -> _30601_/D : -10.291739
[setup reg-reg] _33246_/Q -> _30584_/D : -10.291256
[setup reg-reg] _33246_/Q -> _30608_/D : -10.290951
[setup reg-reg] _33246_/Q -> _35657_/D : -10.290553
[setup reg-reg] _33246_/Q -> _29946_/D : -10.290467
[setup reg-reg] _33246_/Q -> _31952_/D : -10.290393
[setup reg-reg] _33246_/Q -> _35000_/D : -10.290297
[setup reg-reg] _33246_/Q -> _35911_/D : -10.290183
[setup reg-reg] _33246_/Q -> _35572_/D : -10.289849
[setup reg-reg] _33246_/Q -> _29957_/D : -10.289753
[setup reg-reg] _33246_/Q -> _35883_/D : -10.289668
[setup reg-reg] _33246_/Q -> _34886_/D : -10.289586
[setup reg-reg] _33246_/Q -> _35885_/D : -10.289149
[setup reg-reg] _33246_/Q -> _35666_/D : -10.288964
[setup reg-reg] _33246_/Q -> _35908_/D : -10.288954
[setup reg-reg] _33246_/Q -> _35581_/D : -10.288769
[setup reg-reg] _33246_/Q -> _35585_/D : -10.288670
[setup reg-reg] _33246_/Q -> _35578_/D : -10.288389
[setup reg-reg] _33246_/Q -> _34686_/D : -10.287501
[setup reg-reg] _33246_/Q -> _35904_/D : -10.287440
[setup reg-reg] _33246_/Q -> _28659_/D : -10.287224
[setup reg-reg] _33246_/Q -> _34802_/D : -10.286716
[setup reg-reg] _33246_/Q -> _35582_/D : -10.286687
[setup reg-reg] _33246_/Q -> _32752_/D : -10.286222
[setup reg-reg] _33246_/Q -> _35575_/D : -10.286176
[setup reg-reg] _33246_/Q -> _28680_/D : -10.285849
[setup reg-reg] _33246_/Q -> _32822_/D : -10.285696
[setup reg-reg] _33246_/Q -> _34866_/D : -10.285498
[setup reg-reg] _33246_/Q -> _35561_/D : -10.285259
[setup reg-reg] _33246_/Q -> _30629_/D : -10.285195
[setup reg-reg] _33246_/Q -> _34884_/D : -10.285167
[setup reg-reg] _33246_/Q -> _28661_/D : -10.285117
[setup reg-reg] _33246_/Q -> _32645_/D : -10.284862
[setup reg-reg] _33246_/Q -> _32339_/D : -10.284506
[setup reg-reg] _33246_/Q -> _28664_/D : -10.284158
[setup reg-reg] _33246_/Q -> _32643_/D : -10.283919
[setup reg-reg] _33246_/Q -> _34794_/D : -10.283916
[setup reg-reg] _33246_/Q -> _36007_/D : -10.282428
[setup reg-reg] _33246_/Q -> _32874_/D : -10.281866
[setup reg-reg] _33246_/Q -> _35587_/D : -10.281604
[setup reg-reg] _33246_/Q -> _30746_/D : -10.281362
[setup reg-reg] _33246_/Q -> _35583_/D : -10.280993
[setup reg-reg] _33246_/Q -> _34869_/D : -10.279557
[setup reg-reg] _33246_/Q -> _30763_/D : -10.279496
[setup reg-reg] _33246_/Q -> _30596_/D : -10.279422
[setup reg-reg] _33246_/Q -> _33274_/D : -10.279408
[setup reg-reg] _33246_/Q -> _30639_/D : -10.279106
[setup reg-reg] _33246_/Q -> _32352_/D : -10.279099
[setup reg-reg] _33246_/Q -> _35576_/D : -10.278765
[setup reg-reg] _33246_/Q -> _35517_/D : -10.278338
[setup reg-reg] _33246_/Q -> _30832_/D : -10.278139
[setup reg-reg] _33246_/Q -> _30737_/D : -10.277908
[setup reg-reg] _33246_/Q -> _35377_/D : -10.277507
[setup reg-reg] _33246_/Q -> _30765_/D : -10.277414
[setup reg-reg] _33246_/Q -> _32542_/D : -10.277241
[setup reg-reg] _33246_/Q -> _30750_/D : -10.277184
[setup reg-reg] _33246_/Q -> _34776_/D : -10.277113
[setup reg-reg] _33246_/Q -> _33284_/D : -10.276857
[setup reg-reg] _33246_/Q -> _36121_/D : -10.276196
[setup reg-reg] _33246_/Q -> _32177_/D : -10.276175
[setup reg-reg] _33246_/Q -> _34770_/D : -10.276108
[setup reg-reg] _33246_/Q -> _36119_/D : -10.276100
[setup reg-reg] _33246_/Q -> _36078_/D : -10.276061
[setup reg-reg] _33246_/Q -> _33278_/D : -10.275713
[setup reg-reg] _33246_/Q -> _36076_/D : -10.275699
[setup reg-reg] _33246_/Q -> _35592_/D : -10.275539
[setup reg-reg] _33246_/Q -> _35062_/D : -10.275511
[setup reg-reg] _33246_/Q -> _32768_/D : -10.275330
[setup reg-reg] _33246_/Q -> _35075_/D : -10.275248
[setup reg-reg] _33246_/Q -> _35980_/D : -10.275126
[setup reg-reg] _33246_/Q -> _32335_/D : -10.274594
[setup reg-reg] _33246_/Q -> _32322_/D : -10.274363
[setup reg-reg] _33246_/Q -> _30877_/D : -10.274313
[setup reg-reg] _33246_/Q -> _35580_/D : -10.274218
[setup reg-reg] _33246_/Q -> _35586_/D : -10.274082
[setup reg-reg] _33246_/Q -> _33283_/D : -10.274057
[setup reg-reg] _33246_/Q -> _33279_/D : -10.273969
[setup reg-reg] _33246_/Q -> _35909_/D : -10.273926
[setup reg-reg] _33246_/Q -> _34616_/D : -10.273851
[setup reg-reg] _33246_/Q -> _34611_/D : -10.273745
[setup reg-reg] _33246_/Q -> _35060_/D : -10.273745
[setup reg-reg] _33246_/Q -> _33270_/D : -10.273557
[setup reg-reg] _33246_/Q -> _32800_/D : -10.273443
[setup reg-reg] _33246_/Q -> _35887_/D : -10.273446
[setup reg-reg] _33246_/Q -> _33258_/D : -10.273425
[setup reg-reg] _33246_/Q -> _35899_/D : -10.273347
[setup reg-reg] _33246_/Q -> _33257_/D : -10.273013
[setup reg-reg] _33246_/Q -> _35573_/D : -10.272758
[setup reg-reg] _33246_/Q -> _34998_/D : -10.272707
[setup reg-reg] _33246_/Q -> _35901_/D : -10.272331
[setup reg-reg] _33246_/Q -> _35988_/D : -10.272292
[setup reg-reg] _33246_/Q -> _34744_/D : -10.272253
[setup reg-reg] _33246_/Q -> _32742_/D : -10.272185
[setup reg-reg] _33246_/Q -> _35992_/D : -10.272142
[setup reg-reg] _33246_/Q -> _34864_/D : -10.272125
[setup reg-reg] _33246_/Q -> _30640_/D : -10.271930
[setup reg-reg] _33246_/Q -> _30636_/D : -10.271879
[setup reg-reg] _33246_/Q -> _30505_/D : -10.271837
[setup reg-reg] _33246_/Q -> _30635_/D : -10.271712
[setup reg-reg] _33246_/Q -> _30622_/D : -10.271659
[setup reg-reg] _33246_/Q -> _35590_/D : -10.271421
[setup reg-reg] _33246_/Q -> _35888_/D : -10.271315
[setup reg-reg] _33246_/Q -> _35892_/D : -10.271300
[setup reg-reg] _33246_/Q -> _32726_/D : -10.271244
[setup reg-reg] _33246_/Q -> _32746_/D : -10.271063
[setup reg-reg] _33246_/Q -> _32747_/D : -10.271009
[setup reg-reg] _33246_/Q -> _30479_/D : -10.270814
[setup reg-reg] _33246_/Q -> _32751_/D : -10.270252
[setup reg-reg] _33246_/Q -> _35568_/D : -10.270103
[setup reg-reg] _33246_/Q -> _32738_/D : -10.269968
[setup reg-reg] _33246_/Q -> _30879_/D : -10.269691
[setup reg-reg] _33246_/Q -> _30973_/D : -10.269638
[setup reg-reg] _33246_/Q -> _36002_/D : -10.269478
[setup reg-reg] _33246_/Q -> _30835_/D : -10.269268
[setup reg-reg] _33246_/Q -> _36005_/D : -10.269130
[setup reg-reg] _33246_/Q -> _35997_/D : -10.269087
[setup reg-reg] _33246_/Q -> _28676_/D : -10.269023
[setup reg-reg] _33246_/Q -> _36004_/D : -10.268516
[setup reg-reg] _33246_/Q -> _36001_/D : -10.268050
[setup reg-reg] _33246_/Q -> _34882_/D : -10.267776
[setup reg-reg] _33246_/Q -> _34859_/D : -10.267318
[setup reg-reg] _33246_/Q -> _34904_/D : -10.267243
[setup reg-reg] _33246_/Q -> _32337_/D : -10.267126
[setup reg-reg] _33246_/Q -> _32836_/D : -10.267105
[setup reg-reg] _33246_/Q -> _34902_/D : -10.266910
[setup reg-reg] _33246_/Q -> _35982_/D : -10.266821
[setup reg-reg] _33246_/Q -> _36006_/D : -10.266409
[setup reg-reg] _33246_/Q -> _30854_/D : -10.265918
[setup reg-reg] _33246_/Q -> _36077_/D : -10.265232
[setup reg-reg] _33246_/Q -> _34808_/D : -10.265019
[setup reg-reg] _33246_/Q -> _28688_/D : -10.264977
[setup reg-reg] _33246_/Q -> _30833_/D : -10.264977
[setup reg-reg] _33246_/Q -> _35991_/D : -10.264895
[setup reg-reg] _33246_/Q -> _36103_/D : -10.264856
[setup reg-reg] _33246_/Q -> _34742_/D : -10.264810
[setup reg-reg] _33246_/Q -> _32365_/D : -10.264795
[setup reg-reg] _33246_/Q -> _28657_/D : -10.264565
[setup reg-reg] _33246_/Q -> _30462_/D : -10.264544
[setup reg-reg] _33246_/Q -> _35985_/D : -10.264326
[setup reg-reg] _33246_/Q -> _30865_/D : -10.264213
[setup reg-reg] _33246_/Q -> _28666_/D : -10.264103
[setup reg-reg] _33246_/Q -> _34584_/D : -10.263598
[setup reg-reg] _33246_/Q -> _36075_/D : -10.263598
[setup reg-reg] _33246_/Q -> _35076_/D : -10.263356
[setup reg-reg] _33246_/Q -> _33277_/D : -10.263243
[setup reg-reg] _33246_/Q -> _33259_/D : -10.263218
[setup reg-reg] _33246_/Q -> _33266_/D : -10.263207
[setup reg-reg] _33246_/Q -> _35078_/D : -10.263176
[setup reg-reg] _33246_/Q -> _35989_/D : -10.262919
[setup reg-reg] _33246_/Q -> _30482_/D : -10.262689
[setup reg-reg] _33246_/Q -> _34826_/D : -10.262184
[setup reg-reg] _33246_/Q -> _35994_/D : -10.262131
[setup reg-reg] _33246_/Q -> _35978_/D : -10.262120
[setup reg-reg] _33246_/Q -> _30975_/D : -10.262056
[setup reg-reg] _33246_/Q -> _35998_/D : -10.261925
[setup reg-reg] _33246_/Q -> _30834_/D : -10.261797
[setup reg-reg] _33246_/Q -> _30828_/D : -10.261765
[setup reg-reg] _33246_/Q -> _34456_/D : -10.261587
[setup reg-reg] _33246_/Q -> _32734_/D : -10.261086
[setup reg-reg] _33246_/Q -> _32727_/D : -10.260650
[setup reg-reg] _33246_/Q -> _34833_/D : -10.260362
[setup reg-reg] _33246_/Q -> _32725_/D : -10.260316
[setup reg-reg] _33246_/Q -> _34787_/D : -10.260053
[setup reg-reg] _33246_/Q -> _32169_/D : -10.260035
[setup reg-reg] _33246_/Q -> _30480_/D : -10.260010
[setup reg-reg] _33246_/Q -> _35890_/D : -10.259608
[setup reg-reg] _33246_/Q -> _30586_/D : -10.259456
[setup reg-reg] _33246_/Q -> _32361_/D : -10.258937
[setup reg-reg] _33246_/Q -> _30885_/D : -10.258887
[setup reg-reg] _33246_/Q -> _31764_/D : -10.258717
[setup reg-reg] _33246_/Q -> _30895_/D : -10.258638
[setup reg-reg] _33246_/Q -> _31771_/D : -10.258348
[setup reg-reg] _33246_/Q -> _30477_/D : -10.257989
[setup reg-reg] _33246_/Q -> _30603_/D : -10.257977
[setup reg-reg] _33246_/Q -> _30874_/D : -10.257981
[setup reg-reg] _33246_/Q -> _34876_/D : -10.257850
[setup reg-reg] _33246_/Q -> _36086_/D : -10.257047
[setup reg-reg] _33246_/Q -> _34964_/D : -10.256610
[setup reg-reg] _33246_/Q -> _32363_/D : -10.256560
[setup reg-reg] _33246_/Q -> _35995_/D : -10.256478
[setup reg-reg] _33246_/Q -> _30855_/D : -10.256319
[setup reg-reg] _33246_/Q -> _32559_/D : -10.256134
[setup reg-reg] _33246_/Q -> _32350_/D : -10.256031
[setup reg-reg] _33246_/Q -> _30590_/D : -10.256010
[setup reg-reg] _33246_/Q -> _35012_/D : -10.255424
[setup reg-reg] _33246_/Q -> _34932_/D : -10.254905
[setup reg-reg] _33246_/Q -> _32179_/D : -10.254382
[setup reg-reg] _33246_/Q -> _30488_/D : -10.254254
[setup reg-reg] _33246_/Q -> _35983_/D : -10.253683
[setup reg-reg] _33246_/Q -> _30981_/D : -10.253097
[setup reg-reg] _33246_/Q -> _30991_/D : -10.252994
[setup reg-reg] _33246_/Q -> _35074_/D : -10.252990
[setup reg-reg] _33246_/Q -> _35507_/D : -10.252827
[setup reg-reg] _33246_/Q -> _35508_/D : -10.252833
[setup reg-reg] _33246_/Q -> _30961_/D : -10.252730
[setup reg-reg] _33246_/Q -> _34834_/D : -10.252691
[setup reg-reg] _33246_/Q -> _32372_/D : -10.252666
[setup reg-reg] _33246_/Q -> _34581_/D : -10.252539
[setup reg-reg] _33246_/Q -> _36000_/D : -10.252432
[setup reg-reg] _33246_/Q -> _36096_/D : -10.252397
[setup reg-reg] _33246_/Q -> _30962_/D : -10.252343
[setup reg-reg] _33246_/Q -> _34997_/D : -10.250595
[setup reg-reg] _33246_/Q -> _32342_/D : -10.250500
[setup reg-reg] _33246_/Q -> _32745_/D : -10.250187
[setup reg-reg] _33246_/Q -> _30869_/D : -10.250094
[setup reg-reg] _33246_/Q -> _32368_/D : -10.249991
[setup reg-reg] _33246_/Q -> _34421_/D : -10.249856
[setup reg-reg] _33246_/Q -> _30965_/D : -10.249767
[setup reg-reg] _33246_/Q -> _35056_/D : -10.249697
[setup reg-reg] _33246_/Q -> _32180_/D : -10.249501
[setup reg-reg] _33246_/Q -> _36003_/D : -10.249402
[setup reg-reg] _33246_/Q -> _32176_/D : -10.249345
[setup reg-reg] _33246_/Q -> _33063_/D : -10.249267
[setup reg-reg] _33246_/Q -> _32834_/D : -10.249203
[setup reg-reg] _33246_/Q -> _32175_/D : -10.249036
[setup reg-reg] _33246_/Q -> _35014_/D : -10.249014
[setup reg-reg] _33246_/Q -> _35979_/D : -10.248908
[setup reg-reg] _33246_/Q -> _35514_/D : -10.248876
[setup reg-reg] _33246_/Q -> _35990_/D : -10.248673
[setup reg-reg] _33246_/Q -> _35999_/D : -10.248375
[setup reg-reg] _33246_/Q -> _32162_/D : -10.248243
[setup reg-reg] _33246_/Q -> _33072_/D : -10.248161
[setup reg-reg] _33246_/Q -> _33048_/D : -10.247764
[setup reg-reg] _33246_/Q -> _32348_/D : -10.247675
[setup reg-reg] _33246_/Q -> _36079_/D : -10.247476
[setup reg-reg] _33246_/Q -> _35061_/D : -10.247387
[setup reg-reg] _33246_/Q -> _35981_/D : -10.247288
[setup reg-reg] _33246_/Q -> _33050_/D : -10.247167
[setup reg-reg] _33246_/Q -> _34867_/D : -10.246691
[setup reg-reg] _33246_/Q -> _35077_/D : -10.246662
[setup reg-reg] _33246_/Q -> _35984_/D : -10.246581
[setup reg-reg] _33246_/Q -> _34918_/D : -10.246542
[setup reg-reg] _33246_/Q -> _34871_/D : -10.246407
[setup reg-reg] _33246_/Q -> _35051_/D : -10.246275
[setup reg-reg] _33246_/Q -> _36084_/D : -10.246283
[setup reg-reg] _33246_/Q -> _35192_/D : -10.246243
[setup reg-reg] _33246_/Q -> _35072_/D : -10.246044
[setup reg-reg] _33246_/Q -> _36093_/D : -10.245768
[setup reg-reg] _33246_/Q -> _35286_/D : -10.245696
[setup reg-reg] _33246_/Q -> _36091_/D : -10.245653
[setup reg-reg] _33246_/Q -> _35389_/D : -10.245529
[setup reg-reg] _33246_/Q -> _35235_/D : -10.245480
[setup reg-reg] _33246_/Q -> _36097_/D : -10.245412
[setup reg-reg] _33246_/Q -> _36101_/D : -10.245408
[setup reg-reg] _33246_/Q -> _30866_/D : -10.245238
[setup reg-reg] _33246_/Q -> _30896_/D : -10.245028
[setup reg-reg] _33246_/Q -> _36008_/D : -10.244928
[setup reg-reg] _33246_/Q -> _32561_/D : -10.243284
[setup reg-reg] _33246_/Q -> _30889_/D : -10.243252
[setup reg-reg] _33246_/Q -> _30738_/D : -10.243223
[setup reg-reg] _33246_/Q -> _30842_/D : -10.243153
[setup reg-reg] _33246_/Q -> _33076_/D : -10.243042
[setup reg-reg] _33246_/Q -> _34840_/D : -10.242936
[setup reg-reg] _33246_/Q -> _35128_/D : -10.242914
[setup reg-reg] _33246_/Q -> _32546_/D : -10.242765
[setup reg-reg] _33246_/Q -> _35521_/D : -10.242303
[setup reg-reg] _33246_/Q -> _36100_/D : -10.242026
[setup reg-reg] _33246_/Q -> _36082_/D : -10.241909
[setup reg-reg] _33246_/Q -> _33073_/D : -10.241604
[setup reg-reg] _33246_/Q -> _30985_/D : -10.241262
[setup reg-reg] _33246_/Q -> _35004_/D : -10.241028
[setup reg-reg] _33246_/Q -> _35526_/D : -10.240953
[setup reg-reg] _33246_/Q -> _30887_/D : -10.240659
[setup reg-reg] _33246_/Q -> _32341_/D : -10.240495
[setup reg-reg] _33246_/Q -> _35318_/D : -10.240321
[setup reg-reg] _33246_/Q -> _35910_/D : -10.240293
[setup reg-reg] _33246_/Q -> _34992_/D : -10.240282
[setup reg-reg] _33246_/Q -> _35126_/D : -10.239881
[setup reg-reg] _33246_/Q -> _30992_/D : -10.239806
[setup reg-reg] _33246_/Q -> _30846_/D : -10.238555
[setup reg-reg] _33246_/Q -> _35010_/D : -10.237916
[setup reg-reg] _33246_/Q -> _35907_/D : -10.237816
[setup reg-reg] _33246_/Q -> _35906_/D : -10.236885
[setup reg-reg] _33246_/Q -> _35900_/D : -10.236715
[setup reg-reg] _33246_/Q -> _32534_/D : -10.236442
[setup reg-reg] _33246_/Q -> _34570_/D : -10.236381
[setup reg-reg] _33246_/Q -> _35510_/D : -10.236051
[setup reg-reg] _33246_/Q -> _35918_/D : -10.235550
[setup reg-reg] _33246_/Q -> _35512_/D : -10.235087
[setup reg-reg] _33246_/Q -> _35996_/D : -10.235034
[setup reg-reg] _33246_/Q -> _30983_/D : -10.234221
[setup reg-reg] _33246_/Q -> _35528_/D : -10.234168
[setup reg-reg] _33246_/Q -> _35509_/D : -10.233897
[setup reg-reg] _33246_/Q -> _35588_/D : -10.233507
[setup reg-reg] _33246_/Q -> _35499_/D : -10.233102
[setup reg-reg] _33246_/Q -> _30980_/D : -10.232758
[setup reg-reg] _33246_/Q -> _35058_/D : -10.231976
[setup reg-reg] _33246_/Q -> _33061_/D : -10.231634
[setup reg-reg] _33246_/Q -> _35905_/D : -10.231510
[setup reg-reg] _33246_/Q -> _35916_/D : -10.230999
[setup reg-reg] _33246_/Q -> _34994_/D : -10.230590
[setup reg-reg] _33246_/Q -> _35977_/D : -10.229861
[setup reg-reg] _33246_/Q -> _35121_/D : -10.229787
[setup reg-reg] _33246_/Q -> _35574_/D : -10.229293
[setup reg-reg] _33246_/Q -> _30859_/D : -10.228881
[setup reg-reg] _33246_/Q -> _35504_/D : -10.228671
[setup reg-reg] _33246_/Q -> _35123_/D : -10.227876
[setup reg-reg] _33246_/Q -> _35236_/D : -10.227549
[setup reg-reg] _33246_/Q -> _35068_/D : -10.227105
[setup reg-reg] _33246_/Q -> _35986_/D : -10.226931
[setup reg-reg] _33246_/Q -> _35943_/D : -10.226846
[setup reg-reg] _33246_/Q -> _35915_/D : -10.226483
[setup reg-reg] _33246_/Q -> _35570_/D : -10.226366
[setup reg-reg] _33246_/Q -> _34774_/D : -10.225801
[setup reg-reg] _33246_/Q -> _34453_/D : -10.225705
[setup reg-reg] _33246_/Q -> _35057_/D : -10.225413
[setup reg-reg] _33246_/Q -> _35049_/D : -10.225137
[setup reg-reg] _33246_/Q -> _35917_/D : -10.224689
[setup reg-reg] _33246_/Q -> _34838_/D : -10.224198
[setup reg-reg] _33246_/Q -> _33068_/D : -10.223982
[setup reg-reg] _33246_/Q -> _35380_/D : -10.223623
[setup reg-reg] _33246_/Q -> _34987_/D : -10.223524
[setup reg-reg] _33246_/Q -> _35063_/D : -10.223250
[setup reg-reg] _33246_/Q -> _35222_/D : -10.223008
[setup reg-reg] _33246_/Q -> _35144_/D : -10.222732
[setup reg-reg] _33246_/Q -> _36012_/D : -10.222699
[setup reg-reg] _33246_/Q -> _35379_/D : -10.222550
[setup reg-reg] _33246_/Q -> _35936_/D : -10.221701
[setup reg-reg] _33246_/Q -> _36013_/D : -10.221669
[setup reg-reg] _33246_/Q -> _36014_/D : -10.220255
[setup reg-reg] _33246_/Q -> _34819_/D : -10.219985
[setup reg-reg] _33246_/Q -> _29334_/D : -10.219935
[setup reg-reg] _33246_/Q -> _29335_/D : -10.219452
[setup reg-reg] _33246_/Q -> _34430_/D : -10.219402
[setup reg-reg] _33246_/Q -> _29347_/D : -10.219165
[setup reg-reg] _33246_/Q -> _35386_/D : -10.218589
[setup reg-reg] _33246_/Q -> _34750_/D : -10.218372
[setup reg-reg] _33246_/Q -> _36039_/D : -10.218379
[setup reg-reg] _33246_/Q -> _35006_/D : -10.218187
[setup reg-reg] _33246_/Q -> _34995_/D : -10.218148
[setup reg-reg] _33246_/Q -> _36011_/D : -10.218105
[setup reg-reg] _33246_/Q -> _35217_/D : -10.217882
[setup reg-reg] _33246_/Q -> _35140_/D : -10.217793
[setup reg-reg] _33246_/Q -> _35729_/D : -10.217722
[setup reg-reg] _33246_/Q -> _35537_/D : -10.217299
[setup reg-reg] _33246_/Q -> _35562_/D : -10.217175
[setup reg-reg] _33246_/Q -> _35550_/D : -10.216902
[setup reg-reg] _33246_/Q -> _30509_/D : -10.216461
[setup reg-reg] _33246_/Q -> _30512_/D : -10.216344
[setup reg-reg] _33246_/Q -> _35137_/D : -10.216084
[setup reg-reg] _33246_/Q -> _35160_/D : -10.215751
[setup reg-reg] _33246_/Q -> _35523_/D : -10.215129
[setup reg-reg] _33246_/Q -> _32842_/D : -10.215117
[setup reg-reg] _33246_/Q -> _34730_/D : -10.214905
[setup reg-reg] _33246_/Q -> _35390_/D : -10.214798
[setup reg-reg] _33246_/Q -> _34806_/D : -10.214407
[setup reg-reg] _33246_/Q -> _35369_/D : -10.214145
[setup reg-reg] _33246_/Q -> _32560_/D : -10.214106
[setup reg-reg] _33246_/Q -> _35383_/D : -10.214052
[setup reg-reg] _33246_/Q -> _36099_/D : -10.213385
[setup reg-reg] _33246_/Q -> _34999_/D : -10.213363
[setup reg-reg] _33246_/Q -> _32804_/D : -10.213235
[setup reg-reg] _33246_/Q -> _34803_/D : -10.213132
[setup reg-reg] _33246_/Q -> _36102_/D : -10.213018
[setup reg-reg] _33246_/Q -> _35283_/D : -10.212652
[setup reg-reg] _33246_/Q -> _36092_/D : -10.212617
[setup reg-reg] _33246_/Q -> _34916_/D : -10.212286
[setup reg-reg] _33246_/Q -> _35219_/D : -10.211406
[setup reg-reg] _33246_/Q -> _36022_/D : -10.211412
[setup reg-reg] _33246_/Q -> _34898_/D : -10.210681
[setup reg-reg] _33246_/Q -> _35371_/D : -10.210677
[setup reg-reg] _33246_/Q -> _35273_/D : -10.210617
[setup reg-reg] _33246_/Q -> _35294_/D : -10.210574
[setup reg-reg] _33246_/Q -> _35124_/D : -10.210379
[setup reg-reg] _33246_/Q -> _35320_/D : -10.210279
[setup reg-reg] _33246_/Q -> _35933_/D : -10.210162
[setup reg-reg] _33246_/Q -> _36098_/D : -10.209959
[setup reg-reg] _33246_/Q -> _30768_/D : -10.209938
[setup reg-reg] _33246_/Q -> _35393_/D : -10.209849
[setup reg-reg] _33246_/Q -> _35919_/D : -10.209835
[setup reg-reg] _33246_/Q -> _35931_/D : -10.209831
[setup reg-reg] _33246_/Q -> _35384_/D : -10.209803
[setup reg-reg] _33246_/Q -> _35941_/D : -10.209753
[setup reg-reg] _33246_/Q -> _35391_/D : -10.209370
[setup reg-reg] _33246_/Q -> _35304_/D : -10.209207
[setup reg-reg] _33246_/Q -> _35398_/D : -10.209100
[setup reg-reg] _33246_/Q -> _35382_/D : -10.208311
[setup reg-reg] _33246_/Q -> _35400_/D : -10.208155
[setup reg-reg] _33246_/Q -> _32784_/D : -10.208076
[setup reg-reg] _33246_/Q -> _30605_/D : -10.208005
[setup reg-reg] _33246_/Q -> _30878_/D : -10.208002
[setup reg-reg] _33246_/Q -> _35920_/D : -10.207796
[setup reg-reg] _33246_/Q -> _35284_/D : -10.207785
[setup reg-reg] _33246_/Q -> _35409_/D : -10.207735
[setup reg-reg] _33246_/Q -> _35924_/D : -10.207657
[setup reg-reg] _33246_/Q -> _35288_/D : -10.207607
[setup reg-reg] _33246_/Q -> _36032_/D : -10.207053
[setup reg-reg] _33246_/Q -> _35418_/D : -10.207018
[setup reg-reg] _33246_/Q -> _34966_/D : -10.206833
[setup reg-reg] _33246_/Q -> _32772_/D : -10.206738
[setup reg-reg] _33246_/Q -> _35223_/D : -10.206520
[setup reg-reg] _33246_/Q -> _35326_/D : -10.205949
[setup reg-reg] _33246_/Q -> _35825_/D : -10.205739
[setup reg-reg] _33246_/Q -> _35240_/D : -10.205572
[setup reg-reg] _33246_/Q -> _34901_/D : -10.205511
[setup reg-reg] _33246_/Q -> _35231_/D : -10.205511
[setup reg-reg] _33246_/Q -> _34915_/D : -10.204926
[setup reg-reg] _33246_/Q -> _34462_/D : -10.204627
[setup reg-reg] _33246_/Q -> _34934_/D : -10.204378
[setup reg-reg] _33246_/Q -> _30974_/D : -10.204125
[setup reg-reg] _33246_/Q -> _34851_/D : -10.204112
[setup reg-reg] _33246_/Q -> _36073_/D : -10.203746
[setup reg-reg] _33246_/Q -> _36027_/D : -10.201735
[setup reg-reg] _33246_/Q -> _36033_/D : -10.201674
[setup reg-reg] _33246_/Q -> _35522_/D : -10.201465
[setup reg-reg] _33246_/Q -> _35636_/D : -10.201287
[setup reg-reg] _33246_/Q -> _35381_/D : -10.201213
[setup reg-reg] _33246_/Q -> _30578_/D : -10.201152
[setup reg-reg] _33246_/Q -> _36015_/D : -10.200417
[setup reg-reg] _33246_/Q -> _36080_/D : -10.200165
[setup reg-reg] _33246_/Q -> _36037_/D : -10.200115
[setup reg-reg] _33246_/Q -> _36029_/D : -10.199976
[setup reg-reg] _33246_/Q -> _35142_/D : -10.199763
[setup reg-reg] _33246_/Q -> _35220_/D : -10.199344
[setup reg-reg] _33246_/Q -> _35857_/D : -10.199302
[setup reg-reg] _33246_/Q -> _34896_/D : -10.199195
[setup reg-reg] _33246_/Q -> _35394_/D : -10.198861
[setup reg-reg] _33246_/Q -> _34968_/D : -10.198804
[setup reg-reg] _33246_/Q -> _35281_/D : -10.198683
[setup reg-reg] _33246_/Q -> _36020_/D : -10.198466
[setup reg-reg] _33246_/Q -> _35645_/D : -10.198011
[setup reg-reg] _33246_/Q -> _35252_/D : -10.197671
[setup reg-reg] _33246_/Q -> _35894_/D : -10.197628
[setup reg-reg] _33246_/Q -> _35059_/D : -10.197251
[setup reg-reg] _33246_/Q -> _35940_/D : -10.197103
[setup reg-reg] _33246_/Q -> _35516_/D : -10.196804
[setup reg-reg] _33246_/Q -> _35388_/D : -10.196633
[setup reg-reg] _33246_/Q -> _35922_/D : -10.196633
[setup reg-reg] _33246_/Q -> _36018_/D : -10.196555
[setup reg-reg] _33246_/Q -> _35524_/D : -10.196199
[setup reg-reg] _33246_/Q -> _35203_/D : -10.194836
[setup reg-reg] _33246_/Q -> _35376_/D : -10.194750
[setup reg-reg] _33246_/Q -> _35635_/D : -10.193922
[setup reg-reg] _33246_/Q -> _35641_/D : -10.193201
[setup reg-reg] _33246_/Q -> _35130_/D : -10.193069
[setup reg-reg] _33246_/Q -> _34936_/D : -10.192206
[setup reg-reg] _33246_/Q -> _35314_/D : -10.191304
[setup reg-reg] _33246_/Q -> _35132_/D : -10.191173
[setup reg-reg] _33246_/Q -> _32778_/D : -10.190569
[setup reg-reg] _33246_/Q -> _35628_/D : -10.190423
[setup reg-reg] _33246_/Q -> _32802_/D : -10.189958
[setup reg-reg] _33246_/Q -> _35629_/D : -10.189158
[setup reg-reg] _33246_/Q -> _34908_/D : -10.189140
[setup reg-reg] _33246_/Q -> _35640_/D : -10.188889
[setup reg-reg] _33246_/Q -> _35238_/D : -10.188504
[setup reg-reg] _33246_/Q -> _30604_/D : -10.187734
[setup reg-reg] _33246_/Q -> _35332_/D : -10.187734
[setup reg-reg] _33246_/Q -> _30764_/D : -10.187573
[setup reg-reg] _33246_/Q -> _35506_/D : -10.187425
[setup reg-reg] _33246_/Q -> _35648_/D : -10.187300
[setup reg-reg] _33246_/Q -> _35649_/D : -10.187279
[setup reg-reg] _33246_/Q -> _34782_/D : -10.187044
[setup reg-reg] _33246_/Q -> _35650_/D : -10.186749
[setup reg-reg] _33246_/Q -> _35395_/D : -10.186494
[setup reg-reg] _33246_/Q -> _35221_/D : -10.185967
[setup reg-reg] _33246_/Q -> _34814_/D : -10.184888
[setup reg-reg] _33246_/Q -> _35655_/D : -10.184682
[setup reg-reg] _33246_/Q -> _35653_/D : -10.183428
[setup reg-reg] _33246_/Q -> _35302_/D : -10.183051
[setup reg-reg] _33246_/Q -> _35300_/D : -10.182941
[setup reg-reg] _33246_/Q -> _35627_/D : -10.182728
[setup reg-reg] _33246_/Q -> _35498_/D : -10.182674
[setup reg-reg] _33246_/Q -> _36036_/D : -10.182398
[setup reg-reg] _33246_/Q -> _28832_/D : -10.182298
[setup reg-reg] _33246_/Q -> _34878_/D : -10.181029
[setup reg-reg] _33246_/Q -> _36028_/D : -10.180841
[setup reg-reg] _33246_/Q -> _35226_/D : -10.180308
[setup reg-reg] _33246_/Q -> _35334_/D : -10.179577
[setup reg-reg] _33246_/Q -> _32371_/D : -10.178074
[setup reg-reg] _33246_/Q -> _30970_/D : -10.177339
[setup reg-reg] _33246_/Q -> _35204_/D : -10.176983
[setup reg-reg] _33246_/Q -> _29152_/D : -10.176394
[setup reg-reg] _33246_/Q -> _35421_/D : -10.176308
[setup reg-reg] _33246_/Q -> _34762_/D : -10.176077
[setup reg-reg] _33246_/Q -> _34879_/D : -10.175488
[setup reg-reg] _33246_/Q -> _35632_/D : -10.174987
[setup reg-reg] _33246_/Q -> _29153_/D : -10.174851
[setup reg-reg] _33246_/Q -> _35939_/D : -10.173800
[setup reg-reg] _33246_/Q -> _32766_/D : -10.173708
[setup reg-reg] _33246_/Q -> _35938_/D : -10.173618
[setup reg-reg] _33246_/Q -> _32367_/D : -10.173494
[setup reg-reg] _33246_/Q -> _35330_/D : -10.173409
[setup reg-reg] _33246_/Q -> _35654_/D : -10.173175
[setup reg-reg] _33246_/Q -> _34899_/D : -10.173054
[setup reg-reg] _33246_/Q -> _35114_/D : -10.172788
[setup reg-reg] _33246_/Q -> _35932_/D : -10.172791
[setup reg-reg] _33246_/Q -> _29162_/D : -10.172518
[setup reg-reg] _33246_/Q -> _35942_/D : -10.172318
[setup reg-reg] _33246_/Q -> _32354_/D : -10.172251
[setup reg-reg] _33246_/Q -> _29140_/D : -10.172034
[setup reg-reg] _33246_/Q -> _29155_/D : -10.171938
[setup reg-reg] _33246_/Q -> _29344_/D : -10.171800
[setup reg-reg] _33246_/Q -> _34889_/D : -10.171345
[setup reg-reg] _33246_/Q -> _34890_/D : -10.170943
[setup reg-reg] _33246_/Q -> _34846_/D : -10.170358
[setup reg-reg] _33246_/Q -> _35280_/D : -10.170311
[setup reg-reg] _33246_/Q -> _35732_/D : -10.169569
[setup reg-reg] _33246_/Q -> _29403_/D : -10.169516
[setup reg-reg] _33246_/Q -> _32818_/D : -10.169341
[setup reg-reg] _33246_/Q -> _35122_/D : -10.169125
[setup reg-reg] _33246_/Q -> _29161_/D : -10.169039
[setup reg-reg] _33246_/Q -> _29139_/D : -10.169001
[setup reg-reg] _33246_/Q -> _29146_/D : -10.168812
[setup reg-reg] _33246_/Q -> _35070_/D : -10.168404
[setup reg-reg] _33246_/Q -> _35937_/D : -10.167828
[setup reg-reg] _33246_/Q -> _32801_/D : -10.167483
[setup reg-reg] _33246_/Q -> _32816_/D : -10.167231
[setup reg-reg] _33246_/Q -> _35185_/D : -10.167156
[setup reg-reg] _33246_/Q -> _35396_/D : -10.166073
[setup reg-reg] _33246_/Q -> _35228_/D : -10.165980
[setup reg-reg] _33246_/Q -> _29331_/D : -10.165806
[setup reg-reg] _33246_/Q -> _35190_/D : -10.165781
[setup reg-reg] _33246_/Q -> _29354_/D : -10.165600
[setup reg-reg] _33246_/Q -> _35539_/D : -10.165227
[setup reg-reg] _33246_/Q -> _29143_/D : -10.164477
[setup reg-reg] _33246_/Q -> _35601_/D : -10.163927
[setup reg-reg] _33246_/Q -> _32786_/D : -10.163732
[setup reg-reg] _33246_/Q -> _35652_/D : -10.163643
[setup reg-reg] _33246_/Q -> _29350_/D : -10.163582
[setup reg-reg] _33246_/Q -> _29142_/D : -10.163423
[setup reg-reg] _33246_/Q -> _35634_/D : -10.163238
[setup reg-reg] _33246_/Q -> _29340_/D : -10.163124
[setup reg-reg] _33246_/Q -> _34888_/D : -10.163085
[setup reg-reg] _33246_/Q -> _29353_/D : -10.162896
[setup reg-reg] _33246_/Q -> _30891_/D : -10.162445
[setup reg-reg] _33246_/Q -> _34801_/D : -10.162307
[setup reg-reg] _33246_/Q -> _29160_/D : -10.162208
[setup reg-reg] _33246_/Q -> _35741_/D : -10.161901
[setup reg-reg] _33246_/Q -> _28635_/D : -10.161642
[setup reg-reg] _33246_/Q -> _29345_/D : -10.161465
[setup reg-reg] _33246_/Q -> _32369_/D : -10.161454
[setup reg-reg] _33246_/Q -> _36035_/D : -10.161085
[setup reg-reg] _33246_/Q -> _35745_/D : -10.160950
[setup reg-reg] _33246_/Q -> _35290_/D : -10.160925
[setup reg-reg] _33246_/Q -> _35096_/D : -10.160726
[setup reg-reg] _33246_/Q -> _35120_/D : -10.160520
[setup reg-reg] _33246_/Q -> _35540_/D : -10.160143
[setup reg-reg] _33246_/Q -> _35285_/D : -10.160104
[setup reg-reg] _33246_/Q -> _35292_/D : -10.160101
[setup reg-reg] _33246_/Q -> _34982_/D : -10.160065
[setup reg-reg] _33246_/Q -> _35324_/D : -10.159404
[setup reg-reg] _33246_/Q -> _36038_/D : -10.159379
[setup reg-reg] _33246_/Q -> _30893_/D : -10.159084
[setup reg-reg] _33246_/Q -> _35549_/D : -10.158644
[setup reg-reg] _33246_/Q -> _36016_/D : -10.158384
[setup reg-reg] _33246_/Q -> _36034_/D : -10.158303
[setup reg-reg] _33246_/Q -> _29141_/D : -10.158047
[setup reg-reg] _33246_/Q -> _35312_/D : -10.157781
[setup reg-reg] _33246_/Q -> _35725_/D : -10.157632
[setup reg-reg] _33246_/Q -> _29333_/D : -10.157290
[setup reg-reg] _33246_/Q -> _32796_/D : -10.157134
[setup reg-reg] _33246_/Q -> _32808_/D : -10.157141
[setup reg-reg] _33246_/Q -> _35546_/D : -10.157105
[setup reg-reg] _33246_/Q -> _29332_/D : -10.157091
[setup reg-reg] _33246_/Q -> _35306_/D : -10.157035
[setup reg-reg] _33246_/Q -> _29352_/D : -10.156957
[setup reg-reg] _33246_/Q -> _35553_/D : -10.156893
[setup reg-reg] _33246_/Q -> _35736_/D : -10.156551
[setup reg-reg] _33246_/Q -> _32782_/D : -10.156502
[setup reg-reg] _33246_/Q -> _35315_/D : -10.156484
[setup reg-reg] _33246_/Q -> _29167_/D : -10.156249
[setup reg-reg] _33246_/Q -> _35274_/D : -10.156236
[setup reg-reg] _33246_/Q -> _29157_/D : -10.155688
[setup reg-reg] _33246_/Q -> _35322_/D : -10.155692
[setup reg-reg] _33246_/Q -> _35191_/D : -10.155678
[setup reg-reg] _33246_/Q -> _35412_/D : -10.155415
[setup reg-reg] _33246_/Q -> _35751_/D : -10.155237
[setup reg-reg] _33246_/Q -> _29165_/D : -10.155145
[setup reg-reg] _33246_/Q -> _35208_/D : -10.155042
[setup reg-reg] _33246_/Q -> _35378_/D : -10.154768
[setup reg-reg] _33246_/Q -> _35750_/D : -10.154743
[setup reg-reg] _33246_/Q -> _30989_/D : -10.154700
[setup reg-reg] _33246_/Q -> _35722_/D : -10.154626
[setup reg-reg] _33246_/Q -> _32791_/D : -10.154541
[setup reg-reg] _33246_/Q -> _29156_/D : -10.154519
[setup reg-reg] _33246_/Q -> _32814_/D : -10.154317
[setup reg-reg] _33246_/Q -> _35544_/D : -10.154313
[setup reg-reg] _33246_/Q -> _34950_/D : -10.154146
[setup reg-reg] _33246_/Q -> _35529_/D : -10.153973
[setup reg-reg] _33246_/Q -> _35746_/D : -10.153549
[setup reg-reg] _33246_/Q -> _35551_/D : -10.153450
[setup reg-reg] _33246_/Q -> _35411_/D : -10.153440
[setup reg-reg] _33246_/Q -> _35210_/D : -10.153397
[setup reg-reg] _33246_/Q -> _29359_/D : -10.152964
[setup reg-reg] _33246_/Q -> _35837_/D : -10.152935
[setup reg-reg] _33246_/Q -> _30987_/D : -10.152822
[setup reg-reg] _33246_/Q -> _35828_/D : -10.152754
[setup reg-reg] _33246_/Q -> _29147_/D : -10.152633
[setup reg-reg] _33246_/Q -> _29329_/D : -10.152281
[setup reg-reg] _33246_/Q -> _35425_/D : -10.151976
[setup reg-reg] _33246_/Q -> _33059_/D : -10.151916
[setup reg-reg] _33246_/Q -> _29341_/D : -10.151823
[setup reg-reg] _33246_/Q -> _35216_/D : -10.151546
[setup reg-reg] _33246_/Q -> _29338_/D : -10.151194
[setup reg-reg] _33246_/Q -> _35948_/D : -10.151123
[setup reg-reg] _33246_/Q -> _35949_/D : -10.150796
[setup reg-reg] _33246_/Q -> _29357_/D : -10.150501
[setup reg-reg] _33246_/Q -> _33067_/D : -10.150067
[setup reg-reg] _33246_/Q -> _29349_/D : -10.149972
[setup reg-reg] _33246_/Q -> _35282_/D : -10.149834
[setup reg-reg] _33246_/Q -> _35370_/D : -10.149776
[setup reg-reg] _33246_/Q -> _33065_/D : -10.149698
[setup reg-reg] _33246_/Q -> _29348_/D : -10.149471
[setup reg-reg] _33246_/Q -> _35723_/D : -10.149407
[setup reg-reg] _33246_/Q -> _34979_/D : -10.149169
[setup reg-reg] _33246_/Q -> _34965_/D : -10.148838
[setup reg-reg] _33246_/Q -> _35188_/D : -10.148817
[setup reg-reg] _33246_/Q -> _35050_/D : -10.148767
[setup reg-reg] _33246_/Q -> _36044_/D : -10.148355
[setup reg-reg] _33246_/Q -> _32798_/D : -10.148220
[setup reg-reg] _33246_/Q -> _35071_/D : -10.147958
[setup reg-reg] _33246_/Q -> _35254_/D : -10.147468
[setup reg-reg] _33246_/Q -> _30968_/D : -10.147336
[setup reg-reg] _33246_/Q -> _36045_/D : -10.146873
[setup reg-reg] _33246_/Q -> _35218_/D : -10.146856
[setup reg-reg] _33246_/Q -> _34947_/D : -10.146070
[setup reg-reg] _33246_/Q -> _35651_/D : -10.145840
[setup reg-reg] _33246_/Q -> _36046_/D : -10.145773
[setup reg-reg] _33246_/Q -> _35841_/D : -10.145683
[setup reg-reg] _33246_/Q -> _35832_/D : -10.145673
[setup reg-reg] _33246_/Q -> _35638_/D : -10.144774
[setup reg-reg] _33246_/Q -> _29187_/D : -10.144657
[setup reg-reg] _33246_/Q -> _29194_/D : -10.144501
[setup reg-reg] _33246_/Q -> _35422_/D : -10.144217
[setup reg-reg] _33246_/Q -> _36071_/D : -10.144177
[setup reg-reg] _33246_/Q -> _35560_/D : -10.143964
[setup reg-reg] _33246_/Q -> _36043_/D : -10.143520
[setup reg-reg] _33246_/Q -> _35401_/D : -10.143236
[setup reg-reg] _33246_/Q -> _35728_/D : -10.142977
[setup reg-reg] _33246_/Q -> _35423_/D : -10.142767
[setup reg-reg] _33246_/Q -> _29145_/D : -10.142621
[setup reg-reg] _33246_/Q -> _32776_/D : -10.142592
[setup reg-reg] _33246_/Q -> _35796_/D : -10.142170
[setup reg-reg] _33246_/Q -> _35860_/D : -10.142021
[setup reg-reg] _33246_/Q -> _35950_/D : -10.141943
[setup reg-reg] _33246_/Q -> _35842_/D : -10.141712
[setup reg-reg] _33246_/Q -> _35415_/D : -10.141559
[setup reg-reg] _33246_/Q -> _35869_/D : -10.141556
[setup reg-reg] _33246_/Q -> _35847_/D : -10.141527
[setup reg-reg] _33246_/Q -> _35844_/D : -10.141484
[setup reg-reg] _33246_/Q -> _29154_/D : -10.141157
[setup reg-reg] _33246_/Q -> _35805_/D : -10.141001
[setup reg-reg] _33246_/Q -> _33047_/D : -10.140909
[setup reg-reg] _33246_/Q -> _32764_/D : -10.140685
[setup reg-reg] _33246_/Q -> _32767_/D : -10.140614
[setup reg-reg] _33246_/Q -> _35427_/D : -10.140226
[setup reg-reg] _33246_/Q -> _30892_/D : -10.140184
[setup reg-reg] _33246_/Q -> _32774_/D : -10.140184
[setup reg-reg] _33246_/Q -> _35558_/D : -10.140141
[setup reg-reg] _33246_/Q -> _30872_/D : -10.140078
[setup reg-reg] _33246_/Q -> _35975_/D : -10.140020
[setup reg-reg] _33246_/Q -> _35541_/D : -10.139939
[setup reg-reg] _33246_/Q -> _30837_/D : -10.139878
[setup reg-reg] _33246_/Q -> _30856_/D : -10.139672
[setup reg-reg] _33246_/Q -> _29339_/D : -10.139658
[setup reg-reg] _33246_/Q -> _35416_/D : -10.139569
[setup reg-reg] _33246_/Q -> _32758_/D : -10.139462
[setup reg-reg] _33246_/Q -> _35644_/D : -10.139423
[setup reg-reg] _33246_/Q -> _34960_/D : -10.139413
[setup reg-reg] _33246_/Q -> _35968_/D : -10.139421
[setup reg-reg] _33246_/Q -> _28827_/D : -10.139338
[setup reg-reg] _33246_/Q -> _35007_/D : -10.139239
[setup reg-reg] _33246_/Q -> _35803_/D : -10.139165
[setup reg-reg] _33246_/Q -> _36069_/D : -10.138958
[setup reg-reg] _33246_/Q -> _29149_/D : -10.138834
[setup reg-reg] _33246_/Q -> _35094_/D : -10.138556
[setup reg-reg] _33246_/Q -> _35432_/D : -10.138564
[setup reg-reg] _33246_/Q -> _32799_/D : -10.138532
[setup reg-reg] _33246_/Q -> _35107_/D : -10.138525
[setup reg-reg] _33246_/Q -> _32810_/D : -10.138326
[setup reg-reg] _33246_/Q -> _35430_/D : -10.138206
[setup reg-reg] _33246_/Q -> _35206_/D : -10.137963
[setup reg-reg] _33246_/Q -> _35731_/D : -10.137431
[setup reg-reg] _33246_/Q -> _34972_/D : -10.137328
[setup reg-reg] _33246_/Q -> _35819_/D : -10.137118
[setup reg-reg] _33246_/Q -> _35106_/D : -10.137086
[setup reg-reg] _33246_/Q -> _35127_/D : -10.136614
[setup reg-reg] _33246_/Q -> _29346_/D : -10.136596
[setup reg-reg] _33246_/Q -> _36054_/D : -10.136425
[setup reg-reg] _33246_/Q -> _35092_/D : -10.136330
[setup reg-reg] _33246_/Q -> _35824_/D : -10.136148
[setup reg-reg] _33246_/Q -> _32803_/D : -10.135370
[setup reg-reg] _33246_/Q -> _34928_/D : -10.135377
[setup reg-reg] _33246_/Q -> _35135_/D : -10.135146
[setup reg-reg] _33246_/Q -> _35189_/D : -10.134973
[setup reg-reg] _33246_/Q -> _29137_/D : -10.134791
[setup reg-reg] _33246_/Q -> _29337_/D : -10.134791
[setup reg-reg] _33246_/Q -> _35194_/D : -10.134638
[setup reg-reg] _33246_/Q -> _35864_/D : -10.134582
[setup reg-reg] _33246_/Q -> _35080_/D : -10.134159
[setup reg-reg] _33246_/Q -> _35800_/D : -10.134159
[setup reg-reg] _33246_/Q -> _35536_/D : -10.134095
[setup reg-reg] _33246_/Q -> _35926_/D : -10.133729
[setup reg-reg] _33246_/Q -> _35818_/D : -10.133594
[setup reg-reg] _33246_/Q -> _34980_/D : -10.133370
[setup reg-reg] _33246_/Q -> _28825_/D : -10.133256
[setup reg-reg] _33246_/Q -> _35414_/D : -10.133185
[setup reg-reg] _33246_/Q -> _34940_/D : -10.133161
[setup reg-reg] _33246_/Q -> _35798_/D : -10.133107
[setup reg-reg] _33246_/Q -> _35809_/D : -10.132965
[setup reg-reg] _33246_/Q -> _35413_/D : -10.132926
[setup reg-reg] _33246_/Q -> _34962_/D : -10.132798
[setup reg-reg] _33246_/Q -> _35873_/D : -10.132770
[setup reg-reg] _33246_/Q -> _35153_/D : -10.132621
[setup reg-reg] _33246_/Q -> _28817_/D : -10.132489
[setup reg-reg] _33246_/Q -> _34946_/D : -10.132467
[setup reg-reg] _33246_/Q -> _36064_/D : -10.132269
[setup reg-reg] _33246_/Q -> _35158_/D : -10.132127
[setup reg-reg] _33246_/Q -> _30988_/D : -10.131991
[setup reg-reg] _33246_/Q -> _35155_/D : -10.131782
[setup reg-reg] _33246_/Q -> _28763_/D : -10.131586
[setup reg-reg] _33246_/Q -> _35604_/D : -10.131310
[setup reg-reg] _33246_/Q -> _35827_/D : -10.131285
[setup reg-reg] _33246_/Q -> _29151_/D : -10.131270
[setup reg-reg] _33246_/Q -> _35426_/D : -10.131231
[setup reg-reg] _33246_/Q -> _35874_/D : -10.131064
[setup reg-reg] _33246_/Q -> _29158_/D : -10.130784
[setup reg-reg] _33246_/Q -> _35851_/D : -10.130542
[setup reg-reg] _33246_/Q -> _35810_/D : -10.130226
[setup reg-reg] _33246_/Q -> _35879_/D : -10.130208
[setup reg-reg] _33246_/Q -> _28761_/D : -10.129995
[setup reg-reg] _33246_/Q -> _34948_/D : -10.129555
[setup reg-reg] _33246_/Q -> _35642_/D : -10.129444
[setup reg-reg] _33246_/Q -> _35850_/D : -10.129345
[setup reg-reg] _33246_/Q -> _35646_/D : -10.129277
[setup reg-reg] _33246_/Q -> _35876_/D : -10.129065
[setup reg-reg] _33246_/Q -> _34930_/D : -10.129043
[setup reg-reg] _33246_/Q -> _35836_/D : -10.128993
[setup reg-reg] _33246_/Q -> _35176_/D : -10.128610
[setup reg-reg] _33246_/Q -> _35814_/D : -10.128592
[setup reg-reg] _33246_/Q -> _35167_/D : -10.128215
[setup reg-reg] _33246_/Q -> _36142_/D : -10.128019
[setup reg-reg] _33246_/Q -> _36065_/D : -10.127998
[setup reg-reg] _33246_/Q -> _36140_/D : -10.127938
[setup reg-reg] _33246_/Q -> _35555_/D : -10.127916
[setup reg-reg] _33246_/Q -> _36047_/D : -10.127480
[setup reg-reg] _33246_/Q -> _36153_/D : -10.127028
[setup reg-reg] _33246_/Q -> _35420_/D : -10.127000
[setup reg-reg] _33246_/Q -> _35408_/D : -10.126989
[setup reg-reg] _33246_/Q -> _35815_/D : -10.126719
[setup reg-reg] _33246_/Q -> _36059_/D : -10.126616
[setup reg-reg] _33246_/Q -> _35787_/D : -10.126528
[setup reg-reg] _33246_/Q -> _36151_/D : -10.125974
[setup reg-reg] _33246_/Q -> _36137_/D : -10.125906
[setup reg-reg] _33246_/Q -> _29159_/D : -10.125813
[setup reg-reg] _33246_/Q -> _29351_/D : -10.125774
[setup reg-reg] _33246_/Q -> _35951_/D : -10.125781
[setup reg-reg] _33246_/Q -> _35110_/D : -10.125692
[setup reg-reg] _33246_/Q -> _36061_/D : -10.125597
[setup reg-reg] _33246_/Q -> _34933_/D : -10.125533
[setup reg-reg] _33246_/Q -> _35172_/D : -10.125507
[setup reg-reg] _33246_/Q -> _35947_/D : -10.125235
[setup reg-reg] _33246_/Q -> _35169_/D : -10.125171
[setup reg-reg] _33246_/Q -> _36052_/D : -10.124819
[setup reg-reg] _33246_/Q -> _29168_/D : -10.124559
[setup reg-reg] _33246_/Q -> _36147_/D : -10.124442
[setup reg-reg] _33246_/Q -> _29138_/D : -10.124385
[setup reg-reg] _33246_/Q -> _36167_/D : -10.124329
[setup reg-reg] _33246_/Q -> _36141_/D : -10.124026
[setup reg-reg] _33246_/Q -> _36145_/D : -10.123888
[setup reg-reg] _33246_/Q -> _36139_/D : -10.123878
[setup reg-reg] _33246_/Q -> _29150_/D : -10.123760
[setup reg-reg] _33246_/Q -> _36165_/D : -10.123763
[setup reg-reg] _33246_/Q -> _35856_/D : -10.123646
[setup reg-reg] _33246_/Q -> _29163_/D : -10.123614
[setup reg-reg] _33246_/Q -> _35747_/D : -10.123579
[setup reg-reg] _33246_/Q -> _33054_/D : -10.123046
[setup reg-reg] _33246_/Q -> _35846_/D : -10.122893
[setup reg-reg] _33246_/Q -> _35792_/D : -10.122445
[setup reg-reg] _33246_/Q -> _35956_/D : -10.122445
[setup reg-reg] _33246_/Q -> _36050_/D : -10.122438
[setup reg-reg] _33246_/Q -> _35963_/D : -10.122325
[setup reg-reg] _33246_/Q -> _35969_/D : -10.122264
[setup reg-reg] _33246_/Q -> _35973_/D : -10.122136
[setup reg-reg] _33246_/Q -> _35952_/D : -10.121948
[setup reg-reg] _33246_/Q -> _35859_/D : -10.121358
[setup reg-reg] _33246_/Q -> _35965_/D : -10.120935
[setup reg-reg] _33246_/Q -> _35868_/D : -10.120853
[setup reg-reg] _33246_/Q -> _29343_/D : -10.120839
[setup reg-reg] _33246_/Q -> _35795_/D : -10.120484
[setup reg-reg] _33246_/Q -> _33071_/D : -10.120005
[setup reg-reg] _33246_/Q -> _35972_/D : -10.118860
[setup reg-reg] _33246_/Q -> _35162_/D : -10.118541
[setup reg-reg] _33246_/Q -> _29144_/D : -10.118487
[setup reg-reg] _33246_/Q -> _28842_/D : -10.118445
[setup reg-reg] _33246_/Q -> _29342_/D : -10.118328
[setup reg-reg] _33246_/Q -> _29148_/D : -10.118306
[setup reg-reg] _33246_/Q -> _29360_/D : -10.118306
[setup reg-reg] _33246_/Q -> _28834_/D : -10.118200
[setup reg-reg] _33246_/Q -> _29164_/D : -10.118118
[setup reg-reg] _33246_/Q -> _29166_/D : -10.118108
[setup reg-reg] _33246_/Q -> _35843_/D : -10.117927
[setup reg-reg] _33246_/Q -> _32632_/D : -10.117138
[setup reg-reg] _33246_/Q -> _35336_/D : -10.117145
[setup reg-reg] _33246_/Q -> _34910_/D : -10.117066
[setup reg-reg] _33246_/Q -> _32633_/D : -10.117024
[setup reg-reg] _33246_/Q -> _35734_/D : -10.116793
[setup reg-reg] _33246_/Q -> _29330_/D : -10.116747
[setup reg-reg] _33246_/Q -> _34963_/D : -10.116385
[setup reg-reg] _33246_/Q -> _35633_/D : -10.116356
[setup reg-reg] _33246_/Q -> _35108_/D : -10.116321
[setup reg-reg] _33246_/Q -> _28640_/D : -10.116261
[setup reg-reg] _33246_/Q -> _34953_/D : -10.115685
[setup reg-reg] _33246_/Q -> _29355_/D : -10.115503
[setup reg-reg] _33246_/Q -> _34903_/D : -10.114455
[setup reg-reg] _33246_/Q -> _35251_/D : -10.114391
[setup reg-reg] _33246_/Q -> _35156_/D : -10.114270
[setup reg-reg] _33246_/Q -> _35748_/D : -10.113567
[setup reg-reg] _33246_/Q -> _34931_/D : -10.113372
[setup reg-reg] _33246_/Q -> _35740_/D : -10.113251
[setup reg-reg] _33246_/Q -> _29356_/D : -10.112661
[setup reg-reg] _33246_/Q -> _29336_/D : -10.112484
[setup reg-reg] _33246_/Q -> _36160_/D : -10.112235
[setup reg-reg] _33246_/Q -> _35196_/D : -10.112210
[setup reg-reg] _33246_/Q -> _29358_/D : -10.112097
[setup reg-reg] _33246_/Q -> _29399_/D : -10.112082
[setup reg-reg] _33246_/Q -> _35700_/D : -10.111748
[setup reg-reg] _33246_/Q -> _35272_/D : -10.111379
[setup reg-reg] _33246_/Q -> _36143_/D : -10.111350
[setup reg-reg] _33246_/Q -> _29409_/D : -10.111243
[setup reg-reg] _33246_/Q -> _35241_/D : -10.111187
[setup reg-reg] _33246_/Q -> _36155_/D : -10.110985
[setup reg-reg] _33246_/Q -> _35603_/D : -10.110959
[setup reg-reg] _33246_/Q -> _35093_/D : -10.110888
[setup reg-reg] _33246_/Q -> _35730_/D : -10.110881
[setup reg-reg] _33246_/Q -> _35897_/D : -10.110700
[setup reg-reg] _33246_/Q -> _36068_/D : -10.110664
[setup reg-reg] _33246_/Q -> _29411_/D : -10.110558
[setup reg-reg] _33246_/Q -> _29418_/D : -10.110497
[setup reg-reg] _33246_/Q -> _35878_/D : -10.109861
[setup reg-reg] _33246_/Q -> _35410_/D : -10.109698
[setup reg-reg] _33246_/Q -> _35881_/D : -10.109535
[setup reg-reg] _33246_/Q -> _29408_/D : -10.109457
[setup reg-reg] _33246_/Q -> _36148_/D : -10.109343
[setup reg-reg] _33246_/Q -> _35895_/D : -10.109307
[setup reg-reg] _33246_/Q -> _36108_/D : -10.109301
[setup reg-reg] _33246_/Q -> _29398_/D : -10.109251
[setup reg-reg] _33246_/Q -> _36157_/D : -10.108838
[setup reg-reg] _33246_/Q -> _35556_/D : -10.108242
[setup reg-reg] _33246_/Q -> _32634_/D : -10.108178
[setup reg-reg] _33246_/Q -> _29396_/D : -10.108142
[setup reg-reg] _33246_/Q -> _29421_/D : -10.108128
[setup reg-reg] _33246_/Q -> _35830_/D : -10.108103
[setup reg-reg] _33246_/Q -> _35453_/D : -10.107748
[setup reg-reg] _33246_/Q -> _28831_/D : -10.107641
[setup reg-reg] _33246_/Q -> _29423_/D : -10.107606
[setup reg-reg] _33246_/Q -> _35157_/D : -10.107567
[setup reg-reg] _33246_/Q -> _29416_/D : -10.107386
[setup reg-reg] _33246_/Q -> _35554_/D : -10.107176
[setup reg-reg] _33246_/Q -> _29397_/D : -10.106863
[setup reg-reg] _33246_/Q -> _35444_/D : -10.106721
[setup reg-reg] _33246_/Q -> _36249_/D : -10.106671
[setup reg-reg] _33246_/Q -> _36236_/D : -10.106408
[setup reg-reg] _33246_/Q -> _36238_/D : -10.106245
[setup reg-reg] _33246_/Q -> _35256_/D : -10.105957
[setup reg-reg] _33246_/Q -> _35812_/D : -10.105872
[setup reg-reg] _33246_/Q -> _35709_/D : -10.105804
[setup reg-reg] _33246_/Q -> _28818_/D : -10.105698
[setup reg-reg] _33246_/Q -> _32659_/D : -10.105669
[setup reg-reg] _33246_/Q -> _32652_/D : -10.105619
[setup reg-reg] _33246_/Q -> _29402_/D : -10.105254
[setup reg-reg] _33246_/Q -> _35875_/D : -10.105183
[setup reg-reg] _33246_/Q -> _35548_/D : -10.105137
[setup reg-reg] _33246_/Q -> _35617_/D : -10.105009
[setup reg-reg] _33246_/Q -> _35174_/D : -10.104952
[setup reg-reg] _33246_/Q -> _28838_/D : -10.104859
[setup reg-reg] _33246_/Q -> _29412_/D : -10.104863
[setup reg-reg] _33246_/Q -> _35199_/D : -10.104795
[setup reg-reg] _33246_/Q -> _35178_/D : -10.104653
[setup reg-reg] _33246_/Q -> _36233_/D : -10.104468
[setup reg-reg] _33246_/Q -> _35613_/D : -10.104198
[setup reg-reg] _33246_/Q -> _35713_/D : -10.103801
[setup reg-reg] _33246_/Q -> _36245_/D : -10.103641
[setup reg-reg] _33246_/Q -> _35610_/D : -10.103613
[setup reg-reg] _33246_/Q -> _35704_/D : -10.103562
[setup reg-reg] _33246_/Q -> _35542_/D : -10.103350
[setup reg-reg] _33246_/Q -> _35826_/D : -10.103356
[setup reg-reg] _33246_/Q -> _35088_/D : -10.103140
[setup reg-reg] _33246_/Q -> _36237_/D : -10.102862
[setup reg-reg] _33246_/Q -> _36263_/D : -10.102866
[setup reg-reg] _33246_/Q -> _36255_/D : -10.102785
[setup reg-reg] _33246_/Q -> _36234_/D : -10.102753
[setup reg-reg] _33246_/Q -> _36241_/D : -10.102674
[setup reg-reg] _33246_/Q -> _36235_/D : -10.102511
[setup reg-reg] _33246_/Q -> _36261_/D : -10.102454
[setup reg-reg] _33246_/Q -> _32691_/D : -10.102369
[setup reg-reg] _33246_/Q -> _35693_/D : -10.102341
[setup reg-reg] _33246_/Q -> _36251_/D : -10.102323
[setup reg-reg] _33246_/Q -> _36264_/D : -10.102248
[setup reg-reg] _33246_/Q -> _36254_/D : -10.102139
[setup reg-reg] _33246_/Q -> _32757_/D : -10.101836
[setup reg-reg] _33246_/Q -> _35614_/D : -10.101793
[setup reg-reg] _33246_/Q -> _32689_/D : -10.101758
[setup reg-reg] _33246_/Q -> _28839_/D : -10.101686
[setup reg-reg] _33246_/Q -> _32663_/D : -10.101552
[setup reg-reg] _33246_/Q -> _35964_/D : -10.101470
[setup reg-reg] _33246_/Q -> _32679_/D : -10.101357
[setup reg-reg] _33246_/Q -> _35607_/D : -10.101346
[setup reg-reg] _33246_/Q -> _29185_/D : -10.101239
[setup reg-reg] _33246_/Q -> _32671_/D : -10.101239
[setup reg-reg] _33246_/Q -> _32664_/D : -10.101090
[setup reg-reg] _33246_/Q -> _32677_/D : -10.100930
[setup reg-reg] _33246_/Q -> _32661_/D : -10.100905
[setup reg-reg] _33246_/Q -> _34911_/D : -10.100763
[setup reg-reg] _33246_/Q -> _35184_/D : -10.100593
[setup reg-reg] _33246_/Q -> _35249_/D : -10.100557
[setup reg-reg] _33246_/Q -> _32666_/D : -10.100514
[setup reg-reg] _33246_/Q -> _35593_/D : -10.100514
[setup reg-reg] _33246_/Q -> _32665_/D : -10.100465
[setup reg-reg] _33246_/Q -> _35811_/D : -10.100469
[setup reg-reg] _33246_/Q -> _32788_/D : -10.100305
[setup reg-reg] _33246_/Q -> _35619_/D : -10.099900
[setup reg-reg] _33246_/Q -> _35690_/D : -10.099857
[setup reg-reg] _33246_/Q -> _35608_/D : -10.099808
[setup reg-reg] _33246_/Q -> _28843_/D : -10.099797
[setup reg-reg] _33246_/Q -> _36110_/D : -10.099761
[setup reg-reg] _33246_/Q -> _35083_/D : -10.099666
[setup reg-reg] _33246_/Q -> _35186_/D : -10.099516
[setup reg-reg] _33246_/Q -> _35615_/D : -10.099427
[setup reg-reg] _33246_/Q -> _35862_/D : -10.099431
[setup reg-reg] _33246_/Q -> _35104_/D : -10.099392
[setup reg-reg] _33246_/Q -> _32642_/D : -10.099264
[setup reg-reg] _33246_/Q -> _35109_/D : -10.099097
[setup reg-reg] _33246_/Q -> _35714_/D : -10.098756
[setup reg-reg] _33246_/Q -> _35718_/D : -10.098717
[setup reg-reg] _33246_/Q -> _28828_/D : -10.098529
[setup reg-reg] _33246_/Q -> _36109_/D : -10.098379
[setup reg-reg] _33246_/Q -> _35538_/D : -10.097481
[setup reg-reg] _33246_/Q -> _31768_/D : -10.097164
[setup reg-reg] _33246_/Q -> _28633_/D : -10.097139
[setup reg-reg] _33246_/Q -> _36135_/D : -10.096656
[setup reg-reg] _33246_/Q -> _29184_/D : -10.096617
[setup reg-reg] _33246_/Q -> _35738_/D : -10.096439
[setup reg-reg] _33246_/Q -> _36107_/D : -10.096379
[setup reg-reg] _33246_/Q -> _31781_/D : -10.095935
[setup reg-reg] _33246_/Q -> _35428_/D : -10.095700
[setup reg-reg] _33246_/Q -> _35719_/D : -10.095321
[setup reg-reg] _33246_/Q -> _29267_/D : -10.095271
[setup reg-reg] _33246_/Q -> _29281_/D : -10.095263
[setup reg-reg] _33246_/Q -> _35485_/D : -10.094621
[setup reg-reg] _33246_/Q -> _29283_/D : -10.094361
[setup reg-reg] _33246_/Q -> _35858_/D : -10.094290
[setup reg-reg] _33246_/Q -> _35164_/D : -10.094244
[setup reg-reg] _33246_/Q -> _29274_/D : -10.094209
[setup reg-reg] _33246_/Q -> _35476_/D : -10.094020
[setup reg-reg] _33246_/Q -> _29413_/D : -10.093861
[setup reg-reg] _33246_/Q -> _32511_/D : -10.093665
[setup reg-reg] _33246_/Q -> _35691_/D : -10.093661
[setup reg-reg] _33246_/Q -> _35090_/D : -10.093562
[setup reg-reg] _33246_/Q -> _29290_/D : -10.092908
[setup reg-reg] _33246_/Q -> _36256_/D : -10.092894
[setup reg-reg] _33246_/Q -> _32631_/D : -10.092567
[setup reg-reg] _33246_/Q -> _32635_/D : -10.092283
[setup reg-reg] _33246_/Q -> _32680_/D : -10.092258
[setup reg-reg] _33246_/Q -> _36252_/D : -10.092162
[setup reg-reg] _33246_/Q -> _29172_/D : -10.091761
[setup reg-reg] _33246_/Q -> _29171_/D : -10.091324
[setup reg-reg] _33246_/Q -> _29600_/D : -10.091306
[setup reg-reg] _33246_/Q -> _29601_/D : -10.091291
[setup reg-reg] _33246_/Q -> _29175_/D : -10.091015
[setup reg-reg] _33246_/Q -> _29174_/D : -10.090997
[setup reg-reg] _33246_/Q -> _36060_/D : -10.091003
[setup reg-reg] _33246_/Q -> _35622_/D : -10.090929
[setup reg-reg] _33246_/Q -> _32684_/D : -10.090904
[setup reg-reg] _33246_/Q -> _29190_/D : -10.090758
[setup reg-reg] _33246_/Q -> _31766_/D : -10.090357
[setup reg-reg] _33246_/Q -> _36118_/D : -10.089994
[setup reg-reg] _33246_/Q -> _35089_/D : -10.089924
[setup reg-reg] _33246_/Q -> _36244_/D : -10.089895
[setup reg-reg] _33246_/Q -> _36345_/D : -10.089757
[setup reg-reg] _33246_/Q -> _29193_/D : -10.089607
[setup reg-reg] _33246_/Q -> _35804_/D : -10.089568
[setup reg-reg] _33246_/Q -> _35612_/D : -10.089498
[setup reg-reg] _33246_/Q -> _29178_/D : -10.089487
[setup reg-reg] _33246_/Q -> _36239_/D : -10.089401
[setup reg-reg] _33246_/Q -> _35618_/D : -10.089359
[setup reg-reg] _33246_/Q -> _29271_/D : -10.089348
[setup reg-reg] _33246_/Q -> _35794_/D : -10.089334
[setup reg-reg] _33246_/Q -> _35530_/D : -10.089252
[setup reg-reg] _33246_/Q -> _29591_/D : -10.089203
[setup reg-reg] _33246_/Q -> _32657_/D : -10.089135
[setup reg-reg] _33246_/Q -> _32653_/D : -10.089096
[setup reg-reg] _33246_/Q -> _32640_/D : -10.088972
[setup reg-reg] _33246_/Q -> _32647_/D : -10.088787
[setup reg-reg] _33246_/Q -> _35081_/D : -10.088791
[setup reg-reg] _33246_/Q -> _29588_/D : -10.088766
[setup reg-reg] _33246_/Q -> _32636_/D : -10.088606
[setup reg-reg] _33246_/Q -> _35624_/D : -10.088528
[setup reg-reg] _33246_/Q -> _34920_/D : -10.088492
[setup reg-reg] _33246_/Q -> _29590_/D : -10.088343
[setup reg-reg] _33246_/Q -> _36330_/D : -10.088169
[setup reg-reg] _33246_/Q -> _35954_/D : -10.088159
[setup reg-reg] _33246_/Q -> _36253_/D : -10.088130
[setup reg-reg] _33246_/Q -> _32667_/D : -10.087988
[setup reg-reg] _33246_/Q -> _35605_/D : -10.087995
[setup reg-reg] _33246_/Q -> _36362_/D : -10.087931
[setup reg-reg] _33246_/Q -> _35974_/D : -10.087689
[setup reg-reg] _33246_/Q -> _28625_/D : -10.087593
[setup reg-reg] _33246_/Q -> _36329_/D : -10.087601
[setup reg-reg] _33246_/Q -> _36377_/D : -10.087593
[setup reg-reg] _33246_/Q -> _36128_/D : -10.087558
[setup reg-reg] _33246_/Q -> _36257_/D : -10.087512
[setup reg-reg] _33246_/Q -> _36361_/D : -10.087430
[setup reg-reg] _33246_/Q -> _36067_/D : -10.087259
[setup reg-reg] _33246_/Q -> _32649_/D : -10.086957
[setup reg-reg] _33246_/Q -> _32672_/D : -10.086897
[setup reg-reg] _33246_/Q -> _36332_/D : -10.086893
[setup reg-reg] _33246_/Q -> _36070_/D : -10.086883
[setup reg-reg] _33246_/Q -> _35095_/D : -10.086619
[setup reg-reg] _33246_/Q -> _36334_/D : -10.086492
[setup reg-reg] _33246_/Q -> _35696_/D : -10.086425
[setup reg-reg] _33246_/Q -> _36333_/D : -10.086335
[setup reg-reg] _33246_/Q -> _29270_/D : -10.086186
[setup reg-reg] _33246_/Q -> _32681_/D : -10.086154
[setup reg-reg] _33246_/Q -> _35016_/D : -10.086048
[setup reg-reg] _33246_/Q -> _32608_/D : -10.086034
[setup reg-reg] _33246_/Q -> _36359_/D : -10.086023
[setup reg-reg] _33246_/Q -> _32685_/D : -10.085991
[setup reg-reg] _33246_/Q -> _29609_/D : -10.085884
[setup reg-reg] _33246_/Q -> _35270_/D : -10.085892
[setup reg-reg] _33246_/Q -> _36331_/D : -10.085881
[setup reg-reg] _33246_/Q -> _36357_/D : -10.085814
[setup reg-reg] _33246_/Q -> _35443_/D : -10.085746
[setup reg-reg] _33246_/Q -> _29594_/D : -10.085721
[setup reg-reg] _33246_/Q -> _36347_/D : -10.085711
[setup reg-reg] _33246_/Q -> _36363_/D : -10.085505
[setup reg-reg] _33246_/Q -> _36364_/D : -10.085507
[setup reg-reg] _33246_/Q -> _36371_/D : -10.085419
[setup reg-reg] _33246_/Q -> _35600_/D : -10.085344
[setup reg-reg] _33246_/Q -> _36389_/D : -10.085050
[setup reg-reg] _33246_/Q -> _29268_/D : -10.084772
[setup reg-reg] _33246_/Q -> _36379_/D : -10.084762
[setup reg-reg] _33246_/Q -> _29606_/D : -10.084719
[setup reg-reg] _33246_/Q -> _32656_/D : -10.084488
[setup reg-reg] _33246_/Q -> _36366_/D : -10.084496
[setup reg-reg] _33246_/Q -> _36048_/D : -10.084111
[setup reg-reg] _33246_/Q -> _36365_/D : -10.084101
[setup reg-reg] _33246_/Q -> _36066_/D : -10.084086
[setup reg-reg] _33246_/Q -> _35441_/D : -10.084005
[setup reg-reg] _33246_/Q -> _35699_/D : -10.084005
[setup reg-reg] _33246_/Q -> _36391_/D : -10.083902
[setup reg-reg] _33246_/Q -> _35319_/D : -10.083685
[setup reg-reg] _33246_/Q -> _35457_/D : -10.083657
[setup reg-reg] _33246_/Q -> _36339_/D : -10.083550
[setup reg-reg] _33246_/Q -> _29587_/D : -10.083501
[setup reg-reg] _33246_/Q -> _36111_/D : -10.083415
[setup reg-reg] _33246_/Q -> _35970_/D : -10.083192
[setup reg-reg] _33246_/Q -> _29284_/D : -10.082950
[setup reg-reg] _33246_/Q -> _29288_/D : -10.082747
[setup reg-reg] _33246_/Q -> _29219_/D : -10.082509
[setup reg-reg] _33246_/Q -> _36166_/D : -10.082431
[setup reg-reg] _33246_/Q -> _35100_/D : -10.082338
[setup reg-reg] _33246_/Q -> _35971_/D : -10.082029
[setup reg-reg] _33246_/Q -> _29610_/D : -10.081980
[setup reg-reg] _33246_/Q -> _29192_/D : -10.081951
[setup reg-reg] _33246_/Q -> _29269_/D : -10.081926
[setup reg-reg] _33246_/Q -> _29280_/D : -10.081759
[setup reg-reg] _33246_/Q -> _28642_/D : -10.081411
[setup reg-reg] _33246_/Q -> _29407_/D : -10.081291
[setup reg-reg] _33246_/Q -> _28650_/D : -10.081205
[setup reg-reg] _33246_/Q -> _29206_/D : -10.081162
[setup reg-reg] _33246_/Q -> _29226_/D : -10.081099
[setup reg-reg] _33246_/Q -> _29295_/D : -10.081088
[setup reg-reg] _33246_/Q -> _29207_/D : -10.080999
[setup reg-reg] _33246_/Q -> _28768_/D : -10.080946
[setup reg-reg] _33246_/Q -> _32617_/D : -10.080900
[setup reg-reg] _33246_/Q -> _35268_/D : -10.080584
[setup reg-reg] _33246_/Q -> _36095_/D : -10.080438
[setup reg-reg] _33246_/Q -> _36123_/D : -10.080424
[setup reg-reg] _33246_/Q -> _29603_/D : -10.080289
[setup reg-reg] _33246_/Q -> _36125_/D : -10.080104
[setup reg-reg] _33246_/Q -> _35402_/D : -10.080050
[setup reg-reg] _33246_/Q -> _36133_/D : -10.080029
[setup reg-reg] _33246_/Q -> _35450_/D : -10.079908
[setup reg-reg] _33246_/Q -> _35305_/D : -10.079727
[setup reg-reg] _33246_/Q -> _36116_/D : -10.079667
[setup reg-reg] _33246_/Q -> _36129_/D : -10.079593
[setup reg-reg] _33246_/Q -> _29293_/D : -10.079408
[setup reg-reg] _33246_/Q -> _32613_/D : -10.079255
[setup reg-reg] _33246_/Q -> _29285_/D : -10.078775
[setup reg-reg] _33246_/Q -> _35146_/D : -10.078036
[setup reg-reg] _33246_/Q -> _29188_/D : -10.077593
[setup reg-reg] _33246_/Q -> _29189_/D : -10.077567
[setup reg-reg] _33246_/Q -> _29608_/D : -10.077333
[setup reg-reg] _33246_/Q -> _36164_/D : -10.077184
[setup reg-reg] _33246_/Q -> _34952_/D : -10.077173
[setup reg-reg] _33246_/Q -> _34942_/D : -10.077088
[setup reg-reg] _33246_/Q -> _29173_/D : -10.077060
[setup reg-reg] _33246_/Q -> _29275_/D : -10.077038
[setup reg-reg] _33246_/Q -> _29401_/D : -10.076918
[setup reg-reg] _33246_/Q -> _29589_/D : -10.076910
[setup reg-reg] _33246_/Q -> _29393_/D : -10.076391
[setup reg-reg] _33246_/Q -> _36384_/D : -10.076352
[setup reg-reg] _33246_/Q -> _36114_/D : -10.076100
[setup reg-reg] _33246_/Q -> _36352_/D : -10.076047
[setup reg-reg] _33246_/Q -> _36348_/D : -10.075944
[setup reg-reg] _33246_/Q -> _35154_/D : -10.075745
[setup reg-reg] _33246_/Q -> _35248_/D : -10.075561
[setup reg-reg] _33246_/Q -> _35454_/D : -10.075458
[setup reg-reg] _33246_/Q -> _36380_/D : -10.075429
[setup reg-reg] _33246_/Q -> _34974_/D : -10.075315
[setup reg-reg] _33246_/Q -> _32607_/D : -10.075123
[setup reg-reg] _33246_/Q -> _29199_/D : -10.075095
[setup reg-reg] _33246_/Q -> _29405_/D : -10.074754
[setup reg-reg] _33246_/Q -> _36156_/D : -10.074682
[setup reg-reg] _33246_/Q -> _29615_/D : -10.074615
[setup reg-reg] _33246_/Q -> _32612_/D : -10.074488
[setup reg-reg] _33246_/Q -> _32621_/D : -10.074416
[setup reg-reg] _33246_/Q -> _29197_/D : -10.074039
[setup reg-reg] _33246_/Q -> _29613_/D : -10.073926
[setup reg-reg] _33246_/Q -> _29605_/D : -10.073827
[setup reg-reg] _33246_/Q -> _29604_/D : -10.073667
[setup reg-reg] _33246_/Q -> _32601_/D : -10.073663
[setup reg-reg] _33246_/Q -> _35287_/D : -10.073656
[setup reg-reg] _33246_/Q -> _35091_/D : -10.073531
[setup reg-reg] _33246_/Q -> _36340_/D : -10.073521
[setup reg-reg] _33246_/Q -> _31756_/D : -10.073454
[setup reg-reg] _33246_/Q -> _36372_/D : -10.073347
[setup reg-reg] _33246_/Q -> _29179_/D : -10.073244
[setup reg-reg] _33246_/Q -> _35447_/D : -10.073148
[setup reg-reg] _33246_/Q -> _36335_/D : -10.072892
[setup reg-reg] _33246_/Q -> _36146_/D : -10.072857
[setup reg-reg] _33246_/Q -> _35475_/D : -10.072729
[setup reg-reg] _33246_/Q -> _35152_/D : -10.072707
[setup reg-reg] _33246_/Q -> _36152_/D : -10.072573
[setup reg-reg] _33246_/Q -> _36367_/D : -10.072363
[setup reg-reg] _33246_/Q -> _32627_/D : -10.072320
[setup reg-reg] _33246_/Q -> _35433_/D : -10.072196
[setup reg-reg] _33246_/Q -> _36349_/D : -10.071439
[setup reg-reg] _33246_/Q -> _35473_/D : -10.071162
[setup reg-reg] _33246_/Q -> _36353_/D : -10.071169
[setup reg-reg] _33246_/Q -> _35462_/D : -10.070981
[setup reg-reg] _33246_/Q -> _35455_/D : -10.070786
[setup reg-reg] _33246_/Q -> _35448_/D : -10.070732
[setup reg-reg] _33246_/Q -> _36381_/D : -10.070722
[setup reg-reg] _33246_/Q -> _32620_/D : -10.070398
[setup reg-reg] _33246_/Q -> _28646_/D : -10.070359
[setup reg-reg] _33246_/Q -> _36385_/D : -10.070345
[setup reg-reg] _33246_/Q -> _32599_/D : -10.070281
[setup reg-reg] _33246_/Q -> _32625_/D : -10.070199
[setup reg-reg] _33246_/Q -> _32626_/D : -10.070170
[setup reg-reg] _33246_/Q -> _35489_/D : -10.069890
[setup reg-reg] _33246_/Q -> _30863_/D : -10.069798
[setup reg-reg] _33246_/Q -> _29514_/D : -10.069610
[setup reg-reg] _33246_/Q -> _32622_/D : -10.069560
[setup reg-reg] _33246_/Q -> _28651_/D : -10.069414
[setup reg-reg] _33246_/Q -> _36162_/D : -10.069290
[setup reg-reg] _33246_/Q -> _29593_/D : -10.069258
[setup reg-reg] _33246_/Q -> _29568_/D : -10.069233
[setup reg-reg] _33246_/Q -> _28626_/D : -10.068852
[setup reg-reg] _33246_/Q -> _28636_/D : -10.068807
[setup reg-reg] _33246_/Q -> _29504_/D : -10.068568
[setup reg-reg] _33246_/Q -> _29505_/D : -10.068440
[setup reg-reg] _33246_/Q -> _28639_/D : -10.068348
[setup reg-reg] _33246_/Q -> _35715_/D : -10.068288
[setup reg-reg] _33246_/Q -> _29597_/D : -10.068167
[setup reg-reg] _33246_/Q -> _32648_/D : -10.068047
[setup reg-reg] _33246_/Q -> _29282_/D : -10.068022
[setup reg-reg] _33246_/Q -> _35327_/D : -10.067911
[setup reg-reg] _33246_/Q -> _35958_/D : -10.067691
[setup reg-reg] _33246_/Q -> _29595_/D : -10.067019
[setup reg-reg] _33246_/Q -> _29410_/D : -10.066956
[setup reg-reg] _33246_/Q -> _35482_/D : -10.066952
[setup reg-reg] _33246_/Q -> _29494_/D : -10.066916
[setup reg-reg] _33246_/Q -> _31773_/D : -10.066756
[setup reg-reg] _33246_/Q -> _36144_/D : -10.066717
[setup reg-reg] _33246_/Q -> _28753_/D : -10.066529
[setup reg-reg] _33246_/Q -> _29273_/D : -10.066519
[setup reg-reg] _33246_/Q -> _29492_/D : -10.066508
[setup reg-reg] _33246_/Q -> _32771_/D : -10.066089
[setup reg-reg] _33246_/Q -> _29510_/D : -10.065460
[setup reg-reg] _33246_/Q -> _35464_/D : -10.065460
[setup reg-reg] _33246_/Q -> _29495_/D : -10.065318
[setup reg-reg] _33246_/Q -> _28647_/D : -10.065250
[setup reg-reg] _33246_/Q -> _36217_/D : -10.065012
[setup reg-reg] _33246_/Q -> _29277_/D : -10.064905
[setup reg-reg] _33246_/Q -> _29120_/D : -10.064867
[setup reg-reg] _33246_/Q -> _29559_/D : -10.064554
[setup reg-reg] _33246_/Q -> _29512_/D : -10.064245
[setup reg-reg] _33246_/Q -> _29556_/D : -10.064116
[setup reg-reg] _33246_/Q -> _36205_/D : -10.064046
[setup reg-reg] _33246_/Q -> _36206_/D : -10.064035
[setup reg-reg] _33246_/Q -> _29493_/D : -10.063811
[setup reg-reg] _33246_/Q -> _32790_/D : -10.063538
[setup reg-reg] _33246_/Q -> _32811_/D : -10.063502
[setup reg-reg] _33246_/Q -> _29578_/D : -10.063101
[setup reg-reg] _33246_/Q -> _28778_/D : -10.063047
[setup reg-reg] _33246_/Q -> _29491_/D : -10.063037
[setup reg-reg] _33246_/Q -> _35253_/D : -10.062923
[setup reg-reg] _33246_/Q -> _36132_/D : -10.062923
[setup reg-reg] _33246_/Q -> _35445_/D : -10.062753
[setup reg-reg] _33246_/Q -> _29569_/D : -10.062710
[setup reg-reg] _33246_/Q -> _35452_/D : -10.062553
[setup reg-reg] _33246_/Q -> _35258_/D : -10.062429
[setup reg-reg] _33246_/Q -> _35486_/D : -10.062429
[setup reg-reg] _33246_/Q -> _36201_/D : -10.062426
[setup reg-reg] _33246_/Q -> _29574_/D : -10.062355
[setup reg-reg] _33246_/Q -> _29177_/D : -10.062074
[setup reg-reg] _33246_/Q -> _35702_/D : -10.061750
[setup reg-reg] _33246_/Q -> _29577_/D : -10.061637
[setup reg-reg] _33246_/Q -> _29562_/D : -10.061530
[setup reg-reg] _33246_/Q -> _29513_/D : -10.061474
[setup reg-reg] _33246_/Q -> _36204_/D : -10.061406
[setup reg-reg] _33246_/Q -> _35494_/D : -10.061336
[setup reg-reg] _33246_/Q -> _29498_/D : -10.061272
[setup reg-reg] _33246_/Q -> _36260_/D : -10.061239
[setup reg-reg] _33246_/Q -> _29186_/D : -10.061083
[setup reg-reg] _33246_/Q -> _36213_/D : -10.060937
[setup reg-reg] _33246_/Q -> _36231_/D : -10.060823
[setup reg-reg] _33246_/Q -> _35458_/D : -10.060675
[setup reg-reg] _33246_/Q -> _29555_/D : -10.060589
[setup reg-reg] _33246_/Q -> _29414_/D : -10.060539
[setup reg-reg] _33246_/Q -> _35260_/D : -10.060518
[setup reg-reg] _33246_/Q -> _36203_/D : -10.060504
[setup reg-reg] _33246_/Q -> _35479_/D : -10.060469
[setup reg-reg] _33246_/Q -> _36229_/D : -10.060376
[setup reg-reg] _33246_/Q -> _36219_/D : -10.059854
[setup reg-reg] _33246_/Q -> _29507_/D : -10.059758
[setup reg-reg] _33246_/Q -> _36223_/D : -10.059726
[setup reg-reg] _33246_/Q -> _29181_/D : -10.059569
[setup reg-reg] _33246_/Q -> _29394_/D : -10.059502
[setup reg-reg] _33246_/Q -> _35465_/D : -10.059474
[setup reg-reg] _33246_/Q -> _35716_/D : -10.059370
[setup reg-reg] _33246_/Q -> _31770_/D : -10.059207
[setup reg-reg] _33246_/Q -> _32688_/D : -10.059143
[setup reg-reg] _33246_/Q -> _36202_/D : -10.059118
[setup reg-reg] _33246_/Q -> _29251_/D : -10.058919
[setup reg-reg] _33246_/Q -> _29238_/D : -10.058859
[setup reg-reg] _33246_/Q -> _31777_/D : -10.058795
[setup reg-reg] _33246_/Q -> _29265_/D : -10.058713
[setup reg-reg] _33246_/Q -> _36209_/D : -10.058618
[setup reg-reg] _33246_/Q -> _29239_/D : -10.058599
[setup reg-reg] _33246_/Q -> _35440_/D : -10.058560
[setup reg-reg] _33246_/Q -> _29571_/D : -10.058550
[setup reg-reg] _33246_/Q -> _36232_/D : -10.058465
[setup reg-reg] _33246_/Q -> _29258_/D : -10.058443
[setup reg-reg] _33246_/Q -> _35487_/D : -10.058276
[setup reg-reg] _33246_/Q -> _36222_/D : -10.058248
[setup reg-reg] _33246_/Q -> _29406_/D : -10.058208
[setup reg-reg] _33246_/Q -> _35480_/D : -10.058202
[setup reg-reg] _33246_/Q -> _36242_/D : -10.058145
[setup reg-reg] _33246_/Q -> _34967_/D : -10.058109
[setup reg-reg] _33246_/Q -> _35242_/D : -10.057551
[setup reg-reg] _33246_/Q -> _36161_/D : -10.057516
[setup reg-reg] _33246_/Q -> _35708_/D : -10.057403
[setup reg-reg] _33246_/Q -> _32420_/D : -10.057100
[setup reg-reg] _33246_/Q -> _32516_/D : -10.057033
[setup reg-reg] _33246_/Q -> _29395_/D : -10.056816
[setup reg-reg] _33246_/Q -> _29602_/D : -10.056418
[setup reg-reg] _33246_/Q -> _32658_/D : -10.056273
[setup reg-reg] _33246_/Q -> _35698_/D : -10.056112
[setup reg-reg] _33246_/Q -> _29287_/D : -10.056095
[setup reg-reg] _33246_/Q -> _29435_/D : -10.056021
[setup reg-reg] _33246_/Q -> _29279_/D : -10.055984
[setup reg-reg] _33246_/Q -> _35764_/D : -10.055626
[setup reg-reg] _33246_/Q -> _29419_/D : -10.055605
[setup reg-reg] _33246_/Q -> _35773_/D : -10.055402
[setup reg-reg] _33246_/Q -> _34921_/D : -10.055292
[setup reg-reg] _33246_/Q -> _29169_/D : -10.055150
[setup reg-reg] _33246_/Q -> _34935_/D : -10.055018
[setup reg-reg] _33246_/Q -> _32421_/D : -10.054780
[setup reg-reg] _33246_/Q -> _29286_/D : -10.054610
[setup reg-reg] _33246_/Q -> _29420_/D : -10.054273
[setup reg-reg] _33246_/Q -> _35478_/D : -10.054258
[setup reg-reg] _33246_/Q -> _36163_/D : -10.054127
[setup reg-reg] _33246_/Q -> _32638_/D : -10.053892
[setup reg-reg] _33246_/Q -> _29417_/D : -10.053814
[setup reg-reg] _33246_/Q -> _35620_/D : -10.053608
[setup reg-reg] _33246_/Q -> _29585_/D : -10.053487
[setup reg-reg] _33246_/Q -> _35771_/D : -10.053167
[setup reg-reg] _33246_/Q -> _29422_/D : -10.052776
[setup reg-reg] _33246_/Q -> _35763_/D : -10.052770
[setup reg-reg] _33246_/Q -> _29519_/D : -10.052720
[setup reg-reg] _33246_/Q -> _35496_/D : -10.052514
[setup reg-reg] _33246_/Q -> _29400_/D : -10.052166
[setup reg-reg] _33246_/Q -> _29576_/D : -10.052115
[setup reg-reg] _33246_/Q -> _32411_/D : -10.051946
[setup reg-reg] _33246_/Q -> _29367_/D : -10.051870
[setup reg-reg] _33246_/Q -> _32408_/D : -10.051753
[setup reg-reg] _33246_/Q -> _32410_/D : -10.051746
[setup reg-reg] _33246_/Q -> _29404_/D : -10.051619
[setup reg-reg] _33246_/Q -> _29557_/D : -10.051497
[setup reg-reg] _33246_/Q -> _29472_/D : -10.051487
[setup reg-reg] _33246_/Q -> _36250_/D : -10.051480
[setup reg-reg] _33246_/Q -> _32430_/D : -10.051306
[setup reg-reg] _33246_/Q -> _29379_/D : -10.051260
[setup reg-reg] _33246_/Q -> _32779_/D : -10.051235
[setup reg-reg] _33246_/Q -> _29517_/D : -10.050958
[setup reg-reg] _33246_/Q -> _36224_/D : -10.050851
[setup reg-reg] _33246_/Q -> _35250_/D : -10.050809
[setup reg-reg] _33246_/Q -> _29572_/D : -10.050649
[setup reg-reg] _33246_/Q -> _35477_/D : -10.050322
[setup reg-reg] _33246_/Q -> _29473_/D : -10.050187
[setup reg-reg] _33246_/Q -> _29508_/D : -10.049970
[setup reg-reg] _33246_/Q -> _29573_/D : -10.049590
[setup reg-reg] _33246_/Q -> _35484_/D : -10.049597
[setup reg-reg] _33246_/Q -> _29509_/D : -10.049337
[setup reg-reg] _33246_/Q -> _32426_/D : -10.049295
[setup reg-reg] _33246_/Q -> _32654_/D : -10.049178
[setup reg-reg] _33246_/Q -> _36220_/D : -10.049121
[setup reg-reg] _33246_/Q -> _32429_/D : -10.048812
[setup reg-reg] _33246_/Q -> _29278_/D : -10.048716
[setup reg-reg] _33246_/Q -> _29291_/D : -10.048723
[setup reg-reg] _33246_/Q -> _32414_/D : -10.048627
[setup reg-reg] _33246_/Q -> _29581_/D : -10.048581
[setup reg-reg] _33246_/Q -> _29478_/D : -10.048567
[setup reg-reg] _33246_/Q -> _29583_/D : -10.048559
[setup reg-reg] _33246_/Q -> _36258_/D : -10.048556
[setup reg-reg] _33246_/Q -> _29266_/D : -10.048485
[setup reg-reg] _33246_/Q -> _32655_/D : -10.048410
[setup reg-reg] _33246_/Q -> _36240_/D : -10.048328
[setup reg-reg] _33246_/Q -> _29462_/D : -10.048194
[setup reg-reg] _33246_/Q -> _36262_/D : -10.048052
[setup reg-reg] _33246_/Q -> _36212_/D : -10.047963
[setup reg-reg] _33246_/Q -> _35903_/D : -10.047810
[setup reg-reg] _33246_/Q -> _29461_/D : -10.047668
[setup reg-reg] _33246_/Q -> _32407_/D : -10.047611
[setup reg-reg] _33246_/Q -> _36134_/D : -10.047601
[setup reg-reg] _33246_/Q -> _36131_/D : -10.047554
[setup reg-reg] _33246_/Q -> _35929_/D : -10.047533
[setup reg-reg] _33246_/Q -> _36207_/D : -10.047455
[setup reg-reg] _33246_/Q -> _35882_/D : -10.047383
[setup reg-reg] _33246_/Q -> _35490_/D : -10.047330
[setup reg-reg] _33246_/Q -> _35766_/D : -10.047327
[setup reg-reg] _33246_/Q -> _29501_/D : -10.047253
[setup reg-reg] _33246_/Q -> _29599_/D : -10.047227
[setup reg-reg] _33246_/Q -> _35913_/D : -10.047181
[setup reg-reg] _33246_/Q -> _29482_/D : -10.047153
[setup reg-reg] _33246_/Q -> _29276_/D : -10.047111
[setup reg-reg] _33246_/Q -> _35777_/D : -10.046954
[setup reg-reg] _33246_/Q -> _36124_/D : -10.046897
[setup reg-reg] _33246_/Q -> _29460_/D : -10.046794
[setup reg-reg] _33246_/Q -> _29183_/D : -10.046726
[setup reg-reg] _33246_/Q -> _32624_/D : -10.046574
[setup reg-reg] _33246_/Q -> _35927_/D : -10.046549
[setup reg-reg] _33246_/Q -> _29289_/D : -10.046531
[setup reg-reg] _33246_/Q -> _32606_/D : -10.046464
[setup reg-reg] _33246_/Q -> _32676_/D : -10.046411
[setup reg-reg] _33246_/Q -> _36248_/D : -10.046353
[setup reg-reg] _33246_/Q -> _35606_/D : -10.046197
[setup reg-reg] _33246_/Q -> _29459_/D : -10.046162
[setup reg-reg] _33246_/Q -> _36221_/D : -10.046144
[setup reg-reg] _33246_/Q -> _35893_/D : -10.046076
[setup reg-reg] _33246_/Q -> _29499_/D : -10.045902
[setup reg-reg] _33246_/Q -> _35518_/D : -10.045220
[setup reg-reg] _33246_/Q -> _36225_/D : -10.045227
[setup reg-reg] _33246_/Q -> _29466_/D : -10.045196
[setup reg-reg] _33246_/Q -> _35511_/D : -10.045174
[setup reg-reg] _33246_/Q -> _35472_/D : -10.045046
[setup reg-reg] _33246_/Q -> _29200_/D : -10.045025
[setup reg-reg] _33246_/Q -> _29481_/D : -10.045021
[setup reg-reg] _33246_/Q -> _29561_/D : -10.044947
[setup reg-reg] _33246_/Q -> _32423_/D : -10.044897
[setup reg-reg] _33246_/Q -> _36247_/D : -10.044801
[setup reg-reg] _33246_/Q -> _35497_/D : -10.044780
[setup reg-reg] _33246_/Q -> _31759_/D : -10.044719
[setup reg-reg] _33246_/Q -> _36356_/D : -10.044673
[setup reg-reg] _33246_/Q -> _29294_/D : -10.044659
[setup reg-reg] _33246_/Q -> _29170_/D : -10.044588
[setup reg-reg] _33246_/Q -> _35778_/D : -10.044556
[setup reg-reg] _33246_/Q -> _29191_/D : -10.044488
[setup reg-reg] _33246_/Q -> _32686_/D : -10.044481
[setup reg-reg] _33246_/Q -> _29563_/D : -10.044165
[setup reg-reg] _33246_/Q -> _36130_/D : -10.043884
[setup reg-reg] _33246_/Q -> _29272_/D : -10.043831
[setup reg-reg] _33246_/Q -> _29292_/D : -10.043384
[setup reg-reg] _33246_/Q -> _31757_/D : -10.043386
[setup reg-reg] _33246_/Q -> _35783_/D : -10.043266
[setup reg-reg] _33246_/Q -> _31782_/D : -10.043127
[setup reg-reg] _33246_/Q -> _35896_/D : -10.043114
[setup reg-reg] _33246_/Q -> _36388_/D : -10.043085
[setup reg-reg] _33246_/Q -> _31778_/D : -10.043007
[setup reg-reg] _33246_/Q -> _36185_/D : -10.043014
[setup reg-reg] _33246_/Q -> _36154_/D : -10.042840
[setup reg-reg] _33246_/Q -> _34954_/D : -10.042727
[setup reg-reg] _33246_/Q -> _36173_/D : -10.042595
[setup reg-reg] _33246_/Q -> _35459_/D : -10.042356
[setup reg-reg] _33246_/Q -> _36174_/D : -10.042214
[setup reg-reg] _33246_/Q -> _32690_/D : -10.042186
[setup reg-reg] _33246_/Q -> _29475_/D : -10.042154
[setup reg-reg] _33246_/Q -> _36172_/D : -10.041994
[setup reg-reg] _33246_/Q -> _35889_/D : -10.041934
[setup reg-reg] _33246_/Q -> _29529_/D : -10.041678
[setup reg-reg] _33246_/Q -> _36150_/D : -10.041685
[setup reg-reg] _33246_/Q -> _29463_/D : -10.041600
[setup reg-reg] _33246_/Q -> _32670_/D : -10.041578
[setup reg-reg] _33246_/Q -> _28770_/D : -10.041529
[setup reg-reg] _33246_/Q -> _35159_/D : -10.041419
[setup reg-reg] _33246_/Q -> _36183_/D : -10.041422
[setup reg-reg] _33246_/Q -> _35602_/D : -10.041405
[setup reg-reg] _33246_/Q -> _35755_/D : -10.041323
[setup reg-reg] _33246_/Q -> _35912_/D : -10.041308
[setup reg-reg] _33246_/Q -> _35706_/D : -10.041265
[setup reg-reg] _33246_/Q -> _29195_/D : -10.041224
[setup reg-reg] _33246_/Q -> _32455_/D : -10.041156
[setup reg-reg] _33246_/Q -> _35891_/D : -10.041113
[setup reg-reg] _33246_/Q -> _32428_/D : -10.040758
[setup reg-reg] _33246_/Q -> _29565_/D : -10.040296
[setup reg-reg] _33246_/Q -> _36169_/D : -10.040303
[setup reg-reg] _33246_/Q -> _36179_/D : -10.040303
[setup reg-reg] _33246_/Q -> _32443_/D : -10.040250
[setup reg-reg] _33246_/Q -> _36187_/D : -10.039972
[setup reg-reg] _33246_/Q -> _28767_/D : -10.039721
[setup reg-reg] _33246_/Q -> _32623_/D : -10.039340
[setup reg-reg] _33246_/Q -> _36171_/D : -10.039298
[setup reg-reg] _33246_/Q -> _29176_/D : -10.039191
[setup reg-reg] _33246_/Q -> _29182_/D : -10.039198
[setup reg-reg] _33246_/Q -> _36199_/D : -10.039142
[setup reg-reg] _33246_/Q -> _29180_/D : -10.038967
[setup reg-reg] _33246_/Q -> _29196_/D : -10.038779
[setup reg-reg] _33246_/Q -> _32409_/D : -10.038782
[setup reg-reg] _33246_/Q -> _29586_/D : -10.038708
[setup reg-reg] _33246_/Q -> _29607_/D : -10.038633
[setup reg-reg] _33246_/Q -> _34922_/D : -10.038424
[setup reg-reg] _33246_/Q -> _29198_/D : -10.038413
[setup reg-reg] _33246_/Q -> _36197_/D : -10.038289
[setup reg-reg] _33246_/Q -> _36170_/D : -10.037894
[setup reg-reg] _33246_/Q -> _32425_/D : -10.037404
[setup reg-reg] _33246_/Q -> _36105_/D : -10.037372
[setup reg-reg] _33246_/Q -> _32424_/D : -10.037308
[setup reg-reg] _33246_/Q -> _29598_/D : -10.037294
[setup reg-reg] _33246_/Q -> _36112_/D : -10.037283
[setup reg-reg] _33246_/Q -> _36200_/D : -10.037291
[setup reg-reg] _33246_/Q -> _32439_/D : -10.037191
[setup reg-reg] _33246_/Q -> _36243_/D : -10.037027
[setup reg-reg] _33246_/Q -> _36190_/D : -10.036903
[setup reg-reg] _33246_/Q -> _32461_/D : -10.036839
[setup reg-reg] _33246_/Q -> _32446_/D : -10.036821
[setup reg-reg] _33246_/Q -> _32462_/D : -10.036793
[setup reg-reg] _33246_/Q -> _28760_/D : -10.036687
[setup reg-reg] _33246_/Q -> _29611_/D : -10.036673
[setup reg-reg] _33246_/Q -> _32435_/D : -10.036519
[setup reg-reg] _33246_/Q -> _32668_/D : -10.036480
[setup reg-reg] _33246_/Q -> _36177_/D : -10.036459
[setup reg-reg] _33246_/Q -> _28774_/D : -10.036253
[setup reg-reg] _33246_/Q -> _28754_/D : -10.036235
[setup reg-reg] _33246_/Q -> _29487_/D : -10.036239
[setup reg-reg] _33246_/Q -> _32687_/D : -10.036136
[setup reg-reg] _33246_/Q -> _28764_/D : -10.036072
[setup reg-reg] _33246_/Q -> _36025_/D : -10.035866
[setup reg-reg] _33246_/Q -> _32453_/D : -10.035283
[setup reg-reg] _33246_/Q -> _29570_/D : -10.035180
[setup reg-reg] _33246_/Q -> _32433_/D : -10.035091
[setup reg-reg] _33246_/Q -> _36346_/D : -10.034878
[setup reg-reg] _33246_/Q -> _29612_/D : -10.034867
[setup reg-reg] _33246_/Q -> _29596_/D : -10.034797
[setup reg-reg] _33246_/Q -> _29614_/D : -10.034760
[setup reg-reg] _33246_/Q -> _35491_/D : -10.034721
[setup reg-reg] _33246_/Q -> _29497_/D : -10.034488
[setup reg-reg] _33246_/Q -> _36023_/D : -10.034441
[setup reg-reg] _33246_/Q -> _36338_/D : -10.034299
[setup reg-reg] _33246_/Q -> _29480_/D : -10.034253
[setup reg-reg] _33246_/Q -> _32413_/D : -10.034225
[setup reg-reg] _33246_/Q -> _28775_/D : -10.034171
[setup reg-reg] _33246_/Q -> _29485_/D : -10.034064
[setup reg-reg] _33246_/Q -> _32417_/D : -10.033947
[setup reg-reg] _33246_/Q -> _29476_/D : -10.033862
[setup reg-reg] _33246_/Q -> _36378_/D : -10.033588
[setup reg-reg] _33246_/Q -> _28779_/D : -10.033578
[setup reg-reg] _33246_/Q -> _35594_/D : -10.033440
[setup reg-reg] _33246_/Q -> _36370_/D : -10.033294
[setup reg-reg] _33246_/Q -> _36259_/D : -10.033234
[setup reg-reg] _33246_/Q -> _29477_/D : -10.033006
[setup reg-reg] _33246_/Q -> _32678_/D : -10.032679
[setup reg-reg] _33246_/Q -> _29216_/D : -10.031968
[setup reg-reg] _33246_/Q -> _36336_/D : -10.031940
[setup reg-reg] _33246_/Q -> _32610_/D : -10.031727
[setup reg-reg] _33246_/Q -> _32440_/D : -10.031233
[setup reg-reg] _33246_/Q -> _32442_/D : -10.031169
[setup reg-reg] _33246_/Q -> _36368_/D : -10.030992
[setup reg-reg] _33246_/Q -> _29616_/D : -10.030931
[setup reg-reg] _33246_/Q -> _35102_/D : -10.030881
[setup reg-reg] _33246_/Q -> _29592_/D : -10.030647
[setup reg-reg] _33246_/Q -> _34975_/D : -10.030174
[setup reg-reg] _33246_/Q -> _31786_/D : -10.030065
[setup reg-reg] _33246_/Q -> _29553_/D : -10.029453
[setup reg-reg] _33246_/Q -> _29469_/D : -10.029301
[setup reg-reg] _33246_/Q -> _36358_/D : -10.029190
[setup reg-reg] _33246_/Q -> _36390_/D : -10.029165
[setup reg-reg] _33246_/Q -> _35768_/D : -10.028746
[setup reg-reg] _33246_/Q -> _29489_/D : -10.028665
[setup reg-reg] _33246_/Q -> _31783_/D : -10.028358
[setup reg-reg] _33246_/Q -> _29467_/D : -10.028199
[setup reg-reg] _33246_/Q -> _32415_/D : -10.028206
[setup reg-reg] _33246_/Q -> _32604_/D : -10.028195
[setup reg-reg] _33246_/Q -> _32460_/D : -10.028028
[setup reg-reg] _33246_/Q -> _29203_/D : -10.028008
[setup reg-reg] _33246_/Q -> _31765_/D : -10.027503
[setup reg-reg] _33246_/Q -> _32437_/D : -10.027442
[setup reg-reg] _33246_/Q -> _32441_/D : -10.027368
[setup reg-reg] _33246_/Q -> _28699_/D : -10.027339
[setup reg-reg] _33246_/Q -> _36188_/D : -10.027304
[setup reg-reg] _33246_/Q -> _29217_/D : -10.027293
[setup reg-reg] _33246_/Q -> _31776_/D : -10.027168
[setup reg-reg] _33246_/Q -> _36192_/D : -10.027020
[setup reg-reg] _33246_/Q -> _34943_/D : -10.026966
[setup reg-reg] _33246_/Q -> _31758_/D : -10.026941
[setup reg-reg] _33246_/Q -> _31784_/D : -10.026910
[setup reg-reg] _33246_/Q -> _32479_/D : -10.026917
[setup reg-reg] _33246_/Q -> _32467_/D : -10.026675
[setup reg-reg] _33246_/Q -> _32509_/D : -10.026394
[setup reg-reg] _33246_/Q -> _32501_/D : -10.026366
[setup reg-reg] _33246_/Q -> _29222_/D : -10.026210
[setup reg-reg] _33246_/Q -> _29225_/D : -10.025968
[setup reg-reg] _33246_/Q -> _32452_/D : -10.025794
[setup reg-reg] _33246_/Q -> _36175_/D : -10.025578
[setup reg-reg] _33246_/Q -> _36376_/D : -10.025162
[setup reg-reg] _33246_/Q -> _36344_/D : -10.025012
[setup reg-reg] _33246_/Q -> _36180_/D : -10.024981
[setup reg-reg] _33246_/Q -> _32456_/D : -10.024753
[setup reg-reg] _33246_/Q -> _29115_/D : -10.024685
[setup reg-reg] _33246_/Q -> _29506_/D : -10.024672
[setup reg-reg] _33246_/Q -> _32465_/D : -10.024604
[setup reg-reg] _33246_/Q -> _29503_/D : -10.024401
[setup reg-reg] _33246_/Q -> _36189_/D : -10.024291
[setup reg-reg] _33246_/Q -> _31787_/D : -10.023783
[setup reg-reg] _33246_/Q -> _36387_/D : -10.023659
[setup reg-reg] _33246_/Q -> _29558_/D : -10.023573
[setup reg-reg] _33246_/Q -> _32457_/D : -10.023581
[setup reg-reg] _33246_/Q -> _32616_/D : -10.023548
[setup reg-reg] _33246_/Q -> _35446_/D : -10.023378
[setup reg-reg] _33246_/Q -> _31767_/D : -10.023317
[setup reg-reg] _33246_/Q -> _35460_/D : -10.023239
[setup reg-reg] _33246_/Q -> _29567_/D : -10.023126
[setup reg-reg] _33246_/Q -> _35782_/D : -10.022699
[setup reg-reg] _33246_/Q -> _36354_/D : -10.022664
[setup reg-reg] _33246_/Q -> _29554_/D : -10.022600
[setup reg-reg] _33246_/Q -> _35780_/D : -10.022259
[setup reg-reg] _33246_/Q -> _32674_/D : -10.021853
[setup reg-reg] _33246_/Q -> _36386_/D : -10.021662
[setup reg-reg] _33246_/Q -> _36355_/D : -10.021257
[setup reg-reg] _33246_/Q -> _34984_/D : -10.020941
[setup reg-reg] _33246_/Q -> _32422_/D : -10.020689
[setup reg-reg] _33246_/Q -> _30345_/D : -10.020014
[setup reg-reg] _33246_/Q -> _30350_/D : -10.019786
[setup reg-reg] _33246_/Q -> _36246_/D : -10.019051
[setup reg-reg] _33246_/Q -> _36228_/D : -10.018752
[setup reg-reg] _33246_/Q -> _29205_/D : -10.018497
[setup reg-reg] _33246_/Q -> _29224_/D : -10.018305
[setup reg-reg] _33246_/Q -> _30333_/D : -10.018064
[setup reg-reg] _33246_/Q -> _30328_/D : -10.018010
[setup reg-reg] _33246_/Q -> _29465_/D : -10.017850
[setup reg-reg] _33246_/Q -> _32447_/D : -10.017765
[setup reg-reg] _33246_/Q -> _35442_/D : -10.017726
[setup reg-reg] _33246_/Q -> _36090_/D : -10.017623
[setup reg-reg] _33246_/Q -> _32820_/D : -10.017448
[setup reg-reg] _33246_/Q -> _32526_/D : -10.017420
[setup reg-reg] _33246_/Q -> _30331_/D : -10.017409
[setup reg-reg] _33246_/Q -> _29204_/D : -10.017395
[setup reg-reg] _33246_/Q -> _29490_/D : -10.017391
[setup reg-reg] _33246_/Q -> _36104_/D : -10.017370
[setup reg-reg] _33246_/Q -> _31769_/D : -10.017317
[setup reg-reg] _33246_/Q -> _32405_/D : -10.017033
[setup reg-reg] _33246_/Q -> _36094_/D : -10.016991
[setup reg-reg] _33246_/Q -> _36083_/D : -10.016834
[setup reg-reg] _33246_/Q -> _29511_/D : -10.016695
[setup reg-reg] _33246_/Q -> _36081_/D : -10.016575
[setup reg-reg] _33246_/Q -> _29502_/D : -10.016482
[setup reg-reg] _33246_/Q -> _31780_/D : -10.015857
[setup reg-reg] _33246_/Q -> _29113_/D : -10.015758
[setup reg-reg] _33246_/Q -> _36210_/D : -10.015761
[setup reg-reg] _33246_/Q -> _29575_/D : -10.015189
[setup reg-reg] _33246_/Q -> _29566_/D : -10.015150
[setup reg-reg] _33246_/Q -> _31763_/D : -10.014887
[setup reg-reg] _33246_/Q -> _29210_/D : -10.014819
[setup reg-reg] _33246_/Q -> _35779_/D : -10.014798
[setup reg-reg] _33246_/Q -> _29221_/D : -10.014244
[setup reg-reg] _33246_/Q -> _29220_/D : -10.014003
[setup reg-reg] _33246_/Q -> _29515_/D : -10.013942
[setup reg-reg] _33246_/Q -> _29213_/D : -10.013927
[setup reg-reg] _33246_/Q -> _35434_/D : -10.013622
[setup reg-reg] _33246_/Q -> _29579_/D : -10.013452
[setup reg-reg] _33246_/Q -> _30336_/D : -10.013359
[setup reg-reg] _33246_/Q -> _35082_/D : -10.013270
[setup reg-reg] _33246_/Q -> _36074_/D : -10.013079
[setup reg-reg] _33246_/Q -> _30332_/D : -10.012766
[setup reg-reg] _33246_/Q -> _32614_/D : -10.012503
[setup reg-reg] _33246_/Q -> _35103_/D : -10.012478
[setup reg-reg] _33246_/Q -> _29231_/D : -10.012155
[setup reg-reg] _33246_/Q -> _32618_/D : -10.012027
[setup reg-reg] _33246_/Q -> _32445_/D : -10.012010
[setup reg-reg] _33246_/Q -> _29248_/D : -10.011985
[setup reg-reg] _33246_/Q -> _32449_/D : -10.011895
[setup reg-reg] _33246_/Q -> _29229_/D : -10.011508
[setup reg-reg] _33246_/Q -> _35492_/D : -10.011516
[setup reg-reg] _33246_/Q -> _32454_/D : -10.011505
[setup reg-reg] _33246_/Q -> _30329_/D : -10.011366
[setup reg-reg] _33246_/Q -> _36085_/D : -10.011221
[setup reg-reg] _33246_/Q -> _29496_/D : -10.010976
[setup reg-reg] _33246_/Q -> _32419_/D : -10.010958
[setup reg-reg] _33246_/Q -> _30335_/D : -10.010847
[setup reg-reg] _33246_/Q -> _29520_/D : -10.010666
[setup reg-reg] _33246_/Q -> _29584_/D : -10.010645
[setup reg-reg] _33246_/Q -> _31785_/D : -10.010620
[setup reg-reg] _33246_/Q -> _29516_/D : -10.010546
[setup reg-reg] _33246_/Q -> _36342_/D : -10.010550
[setup reg-reg] _33246_/Q -> _29560_/D : -10.010350
[setup reg-reg] _33246_/Q -> _29580_/D : -10.010276
[setup reg-reg] _33246_/Q -> _29474_/D : -10.010258
[setup reg-reg] _33246_/Q -> _29500_/D : -10.010229
[setup reg-reg] _33246_/Q -> _29582_/D : -10.010169
[setup reg-reg] _33246_/Q -> _29518_/D : -10.010070
[setup reg-reg] _33246_/Q -> _29564_/D : -10.010073
[setup reg-reg] _33246_/Q -> _29457_/D : -10.010056
[setup reg-reg] _33246_/Q -> _28704_/D : -10.009256
[setup reg-reg] _33246_/Q -> _36218_/D : -10.009135
[setup reg-reg] _33246_/Q -> _35639_/D : -10.008225
[setup reg-reg] _33246_/Q -> _36374_/D : -10.007568
[setup reg-reg] _33246_/Q -> _29471_/D : -10.007362
[setup reg-reg] _33246_/Q -> _35295_/D : -10.006886
[setup reg-reg] _33246_/Q -> _29105_/D : -10.006453
[setup reg-reg] _33246_/Q -> _36208_/D : -10.006332
[setup reg-reg] _33246_/Q -> _36230_/D : -10.006332
[setup reg-reg] _33246_/Q -> _29235_/D : -10.005998
[setup reg-reg] _33246_/Q -> _29249_/D : -10.005700
[setup reg-reg] _33246_/Q -> _36268_/D : -10.005639
[setup reg-reg] _33246_/Q -> _35760_/D : -10.005532
[setup reg-reg] _33246_/Q -> _36226_/D : -10.005355
[setup reg-reg] _33246_/Q -> _35474_/D : -10.005067
[setup reg-reg] _33246_/Q -> _29376_/D : -10.004730
[setup reg-reg] _33246_/Q -> _35772_/D : -10.004435
[setup reg-reg] _33246_/Q -> _32515_/D : -10.004317
[setup reg-reg] _33246_/Q -> _29254_/D : -10.004187
[setup reg-reg] _33246_/Q -> _36216_/D : -10.004119
[setup reg-reg] _33246_/Q -> _36281_/D : -10.004108
[setup reg-reg] _33246_/Q -> _29257_/D : -10.003699
[setup reg-reg] _33246_/Q -> _32518_/D : -10.003308
[setup reg-reg] _33246_/Q -> _32427_/D : -10.003220
[setup reg-reg] _33246_/Q -> _32406_/D : -10.003078
[setup reg-reg] _33246_/Q -> _36270_/D : -10.002907
[setup reg-reg] _33246_/Q -> _35466_/D : -10.002818
[setup reg-reg] _33246_/Q -> _32522_/D : -10.002793
[setup reg-reg] _33246_/Q -> _32418_/D : -10.002754
[setup reg-reg] _33246_/Q -> _36265_/D : -10.002748
[setup reg-reg] _33246_/Q -> _36215_/D : -10.002729
[setup reg-reg] _33246_/Q -> _36269_/D : -10.002637
[setup reg-reg] _33246_/Q -> _36295_/D : -10.002634
[setup reg-reg] _33246_/Q -> _36267_/D : -10.002363
[setup reg-reg] _33246_/Q -> _36283_/D : -10.001905
[setup reg-reg] _33246_/Q -> _36275_/D : -10.001742
[setup reg-reg] _33246_/Q -> _30153_/D : -10.000915
[setup reg-reg] _33246_/Q -> _29458_/D : -10.000861
[setup reg-reg] _33246_/Q -> _32431_/D : -10.000573
[setup reg-reg] _33246_/Q -> _29470_/D : -10.000374
[setup reg-reg] _33246_/Q -> _29479_/D : -10.000229
[setup reg-reg] _33246_/Q -> _32502_/D : -10.000129
[setup reg-reg] _33246_/Q -> _35762_/D : -10.000104
[setup reg-reg] _33246_/Q -> _29366_/D : -9.999344
[setup reg-reg] _33246_/Q -> _35112_/D : -9.998978
[setup reg-reg] _33246_/Q -> _32459_/D : -9.998967
[setup reg-reg] _33246_/Q -> _29363_/D : -9.998619
[setup reg-reg] _33246_/Q -> _32451_/D : -9.998300
[setup reg-reg] _33246_/Q -> _33766_/D : -9.998207
[setup reg-reg] _33246_/Q -> _32458_/D : -9.997997
[setup reg-reg] _33246_/Q -> _29386_/D : -9.997979
[setup reg-reg] _33246_/Q -> _33761_/D : -9.997827
[setup reg-reg] _33246_/Q -> _32436_/D : -9.997653
[setup reg-reg] _33246_/Q -> _32432_/D : -9.997603
[setup reg-reg] _33246_/Q -> _32416_/D : -9.997486
[setup reg-reg] _33246_/Q -> _29211_/D : -9.997458
[setup reg-reg] _33246_/Q -> _36196_/D : -9.997361
[setup reg-reg] _33246_/Q -> _32412_/D : -9.997297
[setup reg-reg] _33246_/Q -> _29256_/D : -9.997155
[setup reg-reg] _33246_/Q -> _32434_/D : -9.997138
[setup reg-reg] _33246_/Q -> _29237_/D : -9.997127
[setup reg-reg] _33246_/Q -> _32523_/D : -9.997031
[setup reg-reg] _33246_/Q -> _29483_/D : -9.996949
[setup reg-reg] _33246_/Q -> _29440_/D : -9.996640
[setup reg-reg] _33246_/Q -> _29119_/D : -9.996445
[setup reg-reg] _33246_/Q -> _36284_/D : -9.996385
[setup reg-reg] _33246_/Q -> _29372_/D : -9.996008
[setup reg-reg] _33246_/Q -> _29218_/D : -9.995997
[setup reg-reg] _33246_/Q -> _29209_/D : -9.995912
[setup reg-reg] _33246_/Q -> _29236_/D : -9.995802
[setup reg-reg] _33246_/Q -> _29385_/D : -9.995656
[setup reg-reg] _33246_/Q -> _36211_/D : -9.995518
[setup reg-reg] _33246_/Q -> _29382_/D : -9.995461
[setup reg-reg] _33246_/Q -> _29443_/D : -9.995212
[setup reg-reg] _33246_/Q -> _32527_/D : -9.995112
[setup reg-reg] _33246_/Q -> _29450_/D : -9.995024
[setup reg-reg] _33246_/Q -> _29484_/D : -9.994420
[setup reg-reg] _33246_/Q -> _29464_/D : -9.994278
[setup reg-reg] _33246_/Q -> _29430_/D : -9.994242
[setup reg-reg] _33246_/Q -> _29488_/D : -9.994235
[setup reg-reg] _33246_/Q -> _29377_/D : -9.994161
[setup reg-reg] _33246_/Q -> _29431_/D : -9.994097
[setup reg-reg] _33246_/Q -> _29468_/D : -9.993841
[setup reg-reg] _33246_/Q -> _29486_/D : -9.993844
[setup reg-reg] _33246_/Q -> _29245_/D : -9.992771
[setup reg-reg] _33246_/Q -> _29242_/D : -9.992590
[setup reg-reg] _33246_/Q -> _36227_/D : -9.992437
[setup reg-reg] _33246_/Q -> _29253_/D : -9.992199
[setup reg-reg] _33246_/Q -> _36288_/D : -9.992157
[setup reg-reg] _33246_/Q -> _30137_/D : -9.991898
[setup reg-reg] _33246_/Q -> _29252_/D : -9.991780
[setup reg-reg] _33246_/Q -> _29428_/D : -9.991741
[setup reg-reg] _33246_/Q -> _32444_/D : -9.991531
[setup reg-reg] _33246_/Q -> _32450_/D : -9.991251
[setup reg-reg] _33246_/Q -> _29106_/D : -9.991126
[setup reg-reg] _33246_/Q -> _32463_/D : -9.990949
[setup reg-reg] _33246_/Q -> _32468_/D : -9.990949
[setup reg-reg] _33246_/Q -> _29455_/D : -9.990831
[setup reg-reg] _33246_/Q -> _29263_/D : -9.990775
[setup reg-reg] _33246_/Q -> _29429_/D : -9.990693
[setup reg-reg] _33246_/Q -> _29448_/D : -9.990374
[setup reg-reg] _33246_/Q -> _32438_/D : -9.990092
[setup reg-reg] _33246_/Q -> _29261_/D : -9.990053
[setup reg-reg] _33246_/Q -> _29364_/D : -9.989727
[setup reg-reg] _33246_/Q -> _29365_/D : -9.989676
[setup reg-reg] _33246_/Q -> _35255_/D : -9.989627
[setup reg-reg] _33246_/Q -> _29384_/D : -9.989606
[setup reg-reg] _33246_/Q -> _35519_/D : -9.989538
[setup reg-reg] _33246_/Q -> _32448_/D : -9.988739
[setup reg-reg] _33246_/Q -> _36293_/D : -9.988746
[setup reg-reg] _33246_/Q -> _36198_/D : -9.988430
[setup reg-reg] _33246_/Q -> _33747_/D : -9.988302
[setup reg-reg] _33246_/Q -> _36184_/D : -9.988171
[setup reg-reg] _33246_/Q -> _29444_/D : -9.988025
[setup reg-reg] _33246_/Q -> _29434_/D : -9.987986
[setup reg-reg] _33246_/Q -> _36271_/D : -9.987862
[setup reg-reg] _33246_/Q -> _29445_/D : -9.987776
[setup reg-reg] _33246_/Q -> _33745_/D : -9.987087
[setup reg-reg] _33246_/Q -> _29201_/D : -9.986884
[setup reg-reg] _33246_/Q -> _36178_/D : -9.986832
[setup reg-reg] _33246_/Q -> _36276_/D : -9.986320
[setup reg-reg] _33246_/Q -> _32466_/D : -9.986295
[setup reg-reg] _33246_/Q -> _32464_/D : -9.986231
[setup reg-reg] _33246_/Q -> _36285_/D : -9.985986
[setup reg-reg] _33246_/Q -> _36289_/D : -9.985943
[setup reg-reg] _33246_/Q -> _29391_/D : -9.985765
[setup reg-reg] _33246_/Q -> _36009_/D : -9.985453
[setup reg-reg] _33246_/Q -> _31305_/D : -9.985008
[setup reg-reg] _33246_/Q -> _29361_/D : -9.984423
[setup reg-reg] _33246_/Q -> _35914_/D : -9.984217
[setup reg-reg] _33246_/Q -> _35925_/D : -9.983947
[setup reg-reg] _33246_/Q -> _29373_/D : -9.983847
[setup reg-reg] _33246_/Q -> _29370_/D : -9.983690
[setup reg-reg] _33246_/Q -> _36194_/D : -9.983609
[setup reg-reg] _33246_/Q -> _29215_/D : -9.983027
[setup reg-reg] _33246_/Q -> _29389_/D : -9.983008
[setup reg-reg] _33246_/Q -> _35935_/D : -9.982934
[setup reg-reg] _33246_/Q -> _29537_/D : -9.982835
[setup reg-reg] _33246_/Q -> _29381_/D : -9.982564
[setup reg-reg] _33246_/Q -> _29380_/D : -9.982049
[setup reg-reg] _33246_/Q -> _29202_/D : -9.981765
[setup reg-reg] _33246_/Q -> _29536_/D : -9.981740
[setup reg-reg] _33246_/Q -> _29546_/D : -9.981466
[setup reg-reg] _33246_/Q -> _28835_/D : -9.981400
[setup reg-reg] _33246_/Q -> _28820_/D : -9.981374
[setup reg-reg] _33246_/Q -> _28822_/D : -9.980781
[setup reg-reg] _33246_/Q -> _28829_/D : -9.980589
[setup reg-reg] _33246_/Q -> _29524_/D : -9.979790
[setup reg-reg] _33246_/Q -> _29441_/D : -9.979648
[setup reg-reg] _33246_/Q -> _36214_/D : -9.979279
[setup reg-reg] _33246_/Q -> _35928_/D : -9.978770
[setup reg-reg] _33246_/Q -> _29544_/D : -9.977999
[setup reg-reg] _33246_/Q -> _29212_/D : -9.977836
[setup reg-reg] _33246_/Q -> _28823_/D : -9.977804
[setup reg-reg] _33246_/Q -> _29243_/D : -9.977772
[setup reg-reg] _33246_/Q -> _28833_/D : -9.977757
[setup reg-reg] _33246_/Q -> _35921_/D : -9.977726
[setup reg-reg] _33246_/Q -> _29527_/D : -9.977648
[setup reg-reg] _33246_/Q -> _35923_/D : -9.977644
[setup reg-reg] _33246_/Q -> _29453_/D : -9.977267
[setup reg-reg] _33246_/Q -> _35944_/D : -9.977224
[setup reg-reg] _33246_/Q -> _29227_/D : -9.976827
[setup reg-reg] _33246_/Q -> _29250_/D : -9.976244
[setup reg-reg] _33246_/Q -> _31289_/D : -9.976194
[setup reg-reg] _33246_/Q -> _36176_/D : -9.976059
[setup reg-reg] _33246_/Q -> _29228_/D : -9.976042
[setup reg-reg] _33246_/Q -> _29523_/D : -9.975825
[setup reg-reg] _33246_/Q -> _29208_/D : -9.975758
[setup reg-reg] _33246_/Q -> _31306_/D : -9.975591
[setup reg-reg] _33246_/Q -> _29232_/D : -9.975569
[setup reg-reg] _33246_/Q -> _29530_/D : -9.975544
[setup reg-reg] _33246_/Q -> _29241_/D : -9.975498
[setup reg-reg] _33246_/Q -> _29214_/D : -9.975476
[setup reg-reg] _33246_/Q -> _29542_/D : -9.975192
[setup reg-reg] _33246_/Q -> _35735_/D : -9.975200
[setup reg-reg] _33246_/Q -> _29223_/D : -9.975157
[setup reg-reg] _33246_/Q -> _29525_/D : -9.975161
[setup reg-reg] _33246_/Q -> _29230_/D : -9.974990
[setup reg-reg] _33246_/Q -> _35742_/D : -9.974972
[setup reg-reg] _33246_/Q -> _29549_/D : -9.974895
[setup reg-reg] _33246_/Q -> _36031_/D : -9.974390
[setup reg-reg] _33246_/Q -> _36010_/D : -9.973590
[setup reg-reg] _33246_/Q -> _29437_/D : -9.973370
[setup reg-reg] _33246_/Q -> _36193_/D : -9.972659
[setup reg-reg] _33246_/Q -> _29371_/D : -9.972638
[setup reg-reg] _33246_/Q -> _36040_/D : -9.972095
[setup reg-reg] _33246_/Q -> _36021_/D : -9.971796
[setup reg-reg] _33246_/Q -> _36017_/D : -9.971004
[setup reg-reg] _33246_/Q -> _29539_/D : -9.970855
[setup reg-reg] _33246_/Q -> _36019_/D : -9.970546
[setup reg-reg] _33246_/Q -> _29233_/D : -9.970421
[setup reg-reg] _33246_/Q -> _34392_/D : -9.969615
[setup reg-reg] _33246_/Q -> _29378_/D : -9.968592
[setup reg-reg] _33246_/Q -> _36195_/D : -9.967838
[setup reg-reg] _33246_/Q -> _29369_/D : -9.967014
[setup reg-reg] _33246_/Q -> _29540_/D : -9.964389
[setup reg-reg] _33246_/Q -> _29541_/D : -9.963888
[setup reg-reg] _33246_/Q -> _36186_/D : -9.963884
[setup reg-reg] _33246_/Q -> _35834_/D : -9.963540
[setup reg-reg] _33246_/Q -> _30346_/D : -9.963526
[setup reg-reg] _33246_/Q -> _30326_/D : -9.963497
[setup reg-reg] _33246_/Q -> _30327_/D : -9.963376
[setup reg-reg] _33246_/Q -> _29551_/D : -9.963078
[setup reg-reg] _33246_/Q -> _30352_/D : -9.963078
[setup reg-reg] _33246_/Q -> _36057_/D : -9.962733
[setup reg-reg] _33246_/Q -> _29433_/D : -9.962054
[setup reg-reg] _33246_/Q -> _29531_/D : -9.961916
[setup reg-reg] _33246_/Q -> _34385_/D : -9.961859
[setup reg-reg] _33246_/Q -> _36055_/D : -9.961611
[setup reg-reg] _33246_/Q -> _28697_/D : -9.961337
[setup reg-reg] _33246_/Q -> _34402_/D : -9.961199
[setup reg-reg] _33246_/Q -> _29247_/D : -9.960335
[setup reg-reg] _33246_/Q -> _29234_/D : -9.958825
[setup reg-reg] _33246_/Q -> _35945_/D : -9.958541
[setup reg-reg] _33246_/Q -> _29533_/D : -9.958484
[setup reg-reg] _33246_/Q -> _36182_/D : -9.958324
[setup reg-reg] _33246_/Q -> _29255_/D : -9.958296
[setup reg-reg] _33246_/Q -> _36292_/D : -9.957358
[setup reg-reg] _33246_/Q -> _29383_/D : -9.957347
[setup reg-reg] _33246_/Q -> _35866_/D : -9.957273
[setup reg-reg] _33246_/Q -> _35959_/D : -9.957177
[setup reg-reg] _33246_/Q -> _35898_/D : -9.956854
[setup reg-reg] _33246_/Q -> _35625_/D : -9.956537
[setup reg-reg] _33246_/Q -> _29244_/D : -9.955806
[setup reg-reg] _33246_/Q -> _29259_/D : -9.955283
[setup reg-reg] _33246_/Q -> _30132_/D : -9.953784
[setup reg-reg] _33246_/Q -> _29425_/D : -9.953752
[setup reg-reg] _33246_/Q -> _29260_/D : -9.953712
[setup reg-reg] _33246_/Q -> _30134_/D : -9.953716
[setup reg-reg] _33246_/Q -> _29246_/D : -9.953492
[setup reg-reg] _33246_/Q -> _29240_/D : -9.953329
[setup reg-reg] _33246_/Q -> _29264_/D : -9.953134
[setup reg-reg] _33246_/Q -> _35543_/D : -9.953049
[setup reg-reg] _33246_/Q -> _35802_/D : -9.952924
[setup reg-reg] _33246_/Q -> _29442_/D : -9.952828
[setup reg-reg] _33246_/Q -> _35793_/D : -9.952818
[setup reg-reg] _33246_/Q -> _29262_/D : -9.952633
[setup reg-reg] _33246_/Q -> _29375_/D : -9.952260
[setup reg-reg] _33246_/Q -> _28689_/D : -9.951865
[setup reg-reg] _33246_/Q -> _29392_/D : -9.950245
[setup reg-reg] _33246_/Q -> _29374_/D : -9.950171
[setup reg-reg] _33246_/Q -> _29439_/D : -9.950092
[setup reg-reg] _33246_/Q -> _33742_/D : -9.949769
[setup reg-reg] _33246_/Q -> _35637_/D : -9.949670
[setup reg-reg] _33246_/Q -> _33740_/D : -9.949610
[setup reg-reg] _33246_/Q -> _29362_/D : -9.949456
[setup reg-reg] _33246_/Q -> _36294_/D : -9.949236
[setup reg-reg] _33246_/Q -> _29538_/D : -9.949069
[setup reg-reg] _33246_/Q -> _29387_/D : -9.948302
[setup reg-reg] _33246_/Q -> _28631_/D : -9.948000
[setup reg-reg] _33246_/Q -> _28630_/D : -9.947322
[setup reg-reg] _33246_/Q -> _35647_/D : -9.946896
[setup reg-reg] _33246_/Q -> _28643_/D : -9.946884
[setup reg-reg] _33246_/Q -> _28637_/D : -9.946184
[setup reg-reg] _33246_/Q -> _35656_/D : -9.945460
[setup reg-reg] _33246_/Q -> _28714_/D : -9.945442
[setup reg-reg] _33246_/Q -> _28641_/D : -9.945385
[setup reg-reg] _33246_/Q -> _36274_/D : -9.945286
[setup reg-reg] _33246_/Q -> _29388_/D : -9.945020
[setup reg-reg] _33246_/Q -> _29368_/D : -9.944802
[setup reg-reg] _33246_/Q -> _36290_/D : -9.944618
[setup reg-reg] _33246_/Q -> _29390_/D : -9.944561
[setup reg-reg] _33246_/Q -> _29521_/D : -9.944227
[setup reg-reg] _33246_/Q -> _29446_/D : -9.943420
[setup reg-reg] _33246_/Q -> _31922_/D : -9.943399
[setup reg-reg] _33246_/Q -> _28366_/D : -9.943048
[setup reg-reg] _33246_/Q -> _28347_/D : -9.942916
[setup reg-reg] _33246_/Q -> _29426_/D : -9.942920
[setup reg-reg] _33246_/Q -> _29447_/D : -9.942891
[setup reg-reg] _33246_/Q -> _36088_/D : -9.942877
[setup reg-reg] _33246_/Q -> _31908_/D : -9.942568
[setup reg-reg] _33246_/Q -> _29438_/D : -9.942383
[setup reg-reg] _33246_/Q -> _33382_/D : -9.940972
[setup reg-reg] _33246_/Q -> _32274_/D : -9.940379
[setup reg-reg] _33246_/Q -> _32255_/D : -9.939825
[setup reg-reg] _33246_/Q -> _36280_/D : -9.939751
[setup reg-reg] _33246_/Q -> _28706_/D : -9.939079
[setup reg-reg] _33246_/Q -> _29427_/D : -9.938919
[setup reg-reg] _33246_/Q -> _28703_/D : -9.938394
[setup reg-reg] _33246_/Q -> _31284_/D : -9.938212
[setup reg-reg] _33246_/Q -> _31286_/D : -9.937992
[setup reg-reg] _33246_/Q -> _30158_/D : -9.937587
[setup reg-reg] _33246_/Q -> _29452_/D : -9.937445
[setup reg-reg] _33246_/Q -> _29449_/D : -9.937325
[setup reg-reg] _33246_/Q -> _29451_/D : -9.936845
[setup reg-reg] _33246_/Q -> _35697_/D : -9.936837
[setup reg-reg] _33246_/Q -> _29526_/D : -9.936795
[setup reg-reg] _33246_/Q -> _36291_/D : -9.936777
[setup reg-reg] _33246_/Q -> _28710_/D : -9.936407
[setup reg-reg] _33246_/Q -> _29432_/D : -9.936276
[setup reg-reg] _33246_/Q -> _29456_/D : -9.936201
[setup reg-reg] _33246_/Q -> _29522_/D : -9.936073
[setup reg-reg] _33246_/Q -> _36272_/D : -9.935995
[setup reg-reg] _33246_/Q -> _29454_/D : -9.935832
[setup reg-reg] _33246_/Q -> _29436_/D : -9.935622
[setup reg-reg] _33246_/Q -> _35626_/D : -9.935605
[setup reg-reg] _33246_/Q -> _29535_/D : -9.935204
[setup reg-reg] _33246_/Q -> _28690_/D : -9.933665
[setup reg-reg] _33246_/Q -> _33752_/D : -9.932418
[setup reg-reg] _33246_/Q -> _28711_/D : -9.931376
[setup reg-reg] _33246_/Q -> _36278_/D : -9.930066
[setup reg-reg] _33246_/Q -> _29543_/D : -9.929068
[setup reg-reg] _33246_/Q -> _36282_/D : -9.928699
[setup reg-reg] _33246_/Q -> _29534_/D : -9.928577
[setup reg-reg] _33246_/Q -> _29547_/D : -9.926854
[setup reg-reg] _33246_/Q -> _35838_/D : -9.926243
[setup reg-reg] _33246_/Q -> _35806_/D : -9.925682
[setup reg-reg] _33246_/Q -> _32629_/D : -9.925178
[setup reg-reg] _33246_/Q -> _29545_/D : -9.924506
[setup reg-reg] _33246_/Q -> _29528_/D : -9.924445
[setup reg-reg] _33246_/Q -> _29548_/D : -9.924311
[setup reg-reg] _33246_/Q -> _29550_/D : -9.923874
[setup reg-reg] _33246_/Q -> _29532_/D : -9.923841
[setup reg-reg] _33246_/Q -> _34380_/D : -9.923675
[setup reg-reg] _33246_/Q -> _35721_/D : -9.923191
[setup reg-reg] _33246_/Q -> _35743_/D : -9.922779
[setup reg-reg] _33246_/Q -> _35703_/D : -9.920108
[setup reg-reg] _33246_/Q -> _35710_/D : -9.919923
[setup reg-reg] _33246_/Q -> _35870_/D : -9.919039
[setup reg-reg] _33246_/Q -> _30144_/D : -9.918193
[setup reg-reg] _33246_/Q -> _32605_/D : -9.916789
[setup reg-reg] _33246_/Q -> _35752_/D : -9.916633
[setup reg-reg] _33246_/Q -> _28756_/D : -9.916179
[setup reg-reg] _33246_/Q -> _35733_/D : -9.916068
[setup reg-reg] _33246_/Q -> _28771_/D : -9.915159
[setup reg-reg] _33246_/Q -> _28765_/D : -9.914942
[setup reg-reg] _33246_/Q -> _30349_/D : -9.914562
[setup reg-reg] _33246_/Q -> _28758_/D : -9.914526
[setup reg-reg] _33246_/Q -> _28769_/D : -9.914054
[setup reg-reg] _33246_/Q -> _28759_/D : -9.913965
[setup reg-reg] _33246_/Q -> _36127_/D : -9.913208
[setup reg-reg] _33246_/Q -> _30140_/D : -9.912441
[setup reg-reg] _33246_/Q -> _30135_/D : -9.912409
[setup reg-reg] _33246_/Q -> _34406_/D : -9.912324
[setup reg-reg] _33246_/Q -> _31310_/D : -9.912068
[setup reg-reg] _33246_/Q -> _36041_/D : -9.911943
[setup reg-reg] _33246_/Q -> _36063_/D : -9.911851
[setup reg-reg] _33246_/Q -> _33748_/D : -9.908323
[setup reg-reg] _33246_/Q -> _33743_/D : -9.907347
[setup reg-reg] _33246_/Q -> _30136_/D : -9.906927
[setup reg-reg] _33246_/Q -> _35831_/D : -9.906227
[setup reg-reg] _33246_/Q -> _35863_/D : -9.906145
[setup reg-reg] _33246_/Q -> _35263_/D : -9.904693
[setup reg-reg] _33246_/Q -> _33744_/D : -9.903542
[setup reg-reg] _33246_/Q -> _35799_/D : -9.903211
[setup reg-reg] _33246_/Q -> _30133_/D : -9.900148
[setup reg-reg] _33246_/Q -> _33741_/D : -9.898408
[setup reg-reg] _33246_/Q -> _30148_/D : -9.898248
[setup reg-reg] _33246_/Q -> _30139_/D : -9.898205
[setup reg-reg] _33246_/Q -> _36053_/D : -9.897967
[setup reg-reg] _33246_/Q -> _36072_/D : -9.897449
[setup reg-reg] _33246_/Q -> _36049_/D : -9.897381
[setup reg-reg] _33246_/Q -> _36042_/D : -9.897356
[setup reg-reg] _33246_/Q -> _36024_/D : -9.896898
[setup reg-reg] _33246_/Q -> _36051_/D : -9.896809
[setup reg-reg] _33246_/Q -> _31296_/D : -9.896646
[setup reg-reg] _33246_/Q -> _31287_/D : -9.895956
[setup reg-reg] _33246_/Q -> _31292_/D : -9.895853
[setup reg-reg] _33246_/Q -> _35957_/D : -9.895782
[setup reg-reg] _33246_/Q -> _31288_/D : -9.895313
[setup reg-reg] _33246_/Q -> _35967_/D : -9.895047
[setup reg-reg] _33246_/Q -> _33756_/D : -9.894905
[setup reg-reg] _33246_/Q -> _35976_/D : -9.893942
[setup reg-reg] _33246_/Q -> _35930_/D : -9.893725
[setup reg-reg] _33246_/Q -> _35953_/D : -9.893289
[setup reg-reg] _33246_/Q -> _35962_/D : -9.893089
[setup reg-reg] _33246_/Q -> _35955_/D : -9.892542
[setup reg-reg] _33246_/Q -> _35946_/D : -9.892222
[setup reg-reg] _33246_/Q -> _35807_/D : -9.891959
[setup reg-reg] _33246_/Q -> _32611_/D : -9.891479
[setup reg-reg] _33246_/Q -> _35849_/D : -9.891416
[setup reg-reg] _33246_/Q -> _35817_/D : -9.889704
[setup reg-reg] _33246_/Q -> _30154_/D : -9.884741
[setup reg-reg] _33246_/Q -> _35902_/D : -9.884467
[setup reg-reg] _33246_/Q -> _31285_/D : -9.883596
[setup reg-reg] _33246_/Q -> _30141_/D : -9.883512
[setup reg-reg] _33246_/Q -> _34401_/D : -9.882513
[setup reg-reg] _33246_/Q -> _30129_/D : -9.882406
[setup reg-reg] _33246_/Q -> _34388_/D : -9.881739
[setup reg-reg] _33246_/Q -> _31300_/D : -9.881706
[setup reg-reg] _33246_/Q -> _33762_/D : -9.880942
[setup reg-reg] _33246_/Q -> _30902_/D : -9.879919
[setup reg-reg] _33246_/Q -> _30915_/D : -9.879521
[setup reg-reg] _33246_/Q -> _30913_/D : -9.879116
[setup reg-reg] _33246_/Q -> _30339_/D : -9.878839
[setup reg-reg] _33246_/Q -> _30340_/D : -9.878612
[setup reg-reg] _33246_/Q -> _34383_/D : -9.877940
[setup reg-reg] _33246_/Q -> _30324_/D : -9.877880
[setup reg-reg] _33246_/Q -> _34384_/D : -9.877873
[setup reg-reg] _33246_/Q -> _32519_/D : -9.877674
[setup reg-reg] _33246_/Q -> _32506_/D : -9.877312
[setup reg-reg] _33246_/Q -> _31291_/D : -9.877091
[setup reg-reg] _33246_/Q -> _30143_/D : -9.876608
[setup reg-reg] _33246_/Q -> _30150_/D : -9.876385
[setup reg-reg] _33246_/Q -> _30146_/D : -9.876196
[setup reg-reg] _33246_/Q -> _32517_/D : -9.876128
[setup reg-reg] _33246_/Q -> _32513_/D : -9.875592
[setup reg-reg] _33246_/Q -> _35785_/D : -9.875333
[setup reg-reg] _33246_/Q -> _32507_/D : -9.875255
[setup reg-reg] _33246_/Q -> _35839_/D : -9.874019
[setup reg-reg] _33246_/Q -> _30926_/D : -9.873560
[setup reg-reg] _33246_/Q -> _33751_/D : -9.872491
[setup reg-reg] _33246_/Q -> _33754_/D : -9.872313
[setup reg-reg] _33246_/Q -> _34387_/D : -9.872071
[setup reg-reg] _33246_/Q -> _33758_/D : -9.871695
[setup reg-reg] _33246_/Q -> _35770_/D : -9.870111
[setup reg-reg] _33246_/Q -> _30921_/D : -9.869514
[setup reg-reg] _33246_/Q -> _31293_/D : -9.869478
[setup reg-reg] _33246_/Q -> _30151_/D : -9.868465
[setup reg-reg] _33246_/Q -> _35689_/D : -9.868426
[setup reg-reg] _33246_/Q -> _31298_/D : -9.868163
[setup reg-reg] _33246_/Q -> _30130_/D : -9.866998
[setup reg-reg] _33246_/Q -> _31281_/D : -9.866956
[setup reg-reg] _33246_/Q -> _29117_/D : -9.866796
[setup reg-reg] _33246_/Q -> _29130_/D : -9.866635
[setup reg-reg] _33246_/Q -> _29123_/D : -9.865616
[setup reg-reg] _33246_/Q -> _34396_/D : -9.864763
[setup reg-reg] _33246_/Q -> _29122_/D : -9.864514
[setup reg-reg] _33246_/Q -> _33759_/D : -9.864423
[setup reg-reg] _33246_/Q -> _29121_/D : -9.864372
[setup reg-reg] _33246_/Q -> _32485_/D : -9.864287
[setup reg-reg] _33246_/Q -> _33737_/D : -9.863957
[setup reg-reg] _33246_/Q -> _35871_/D : -9.863954
[setup reg-reg] _33246_/Q -> _29111_/D : -9.863726
[setup reg-reg] _33246_/Q -> _33738_/D : -9.863054
[setup reg-reg] _33246_/Q -> _32484_/D : -9.862941
[setup reg-reg] _33246_/Q -> _32475_/D : -9.862728
[setup reg-reg] _33246_/Q -> _32469_/D : -9.862525
[setup reg-reg] _33246_/Q -> _32494_/D : -9.862525
[setup reg-reg] _33246_/Q -> _32486_/D : -9.862241
[setup reg-reg] _33246_/Q -> _32477_/D : -9.862170
[setup reg-reg] _33246_/Q -> _35720_/D : -9.861843
[setup reg-reg] _33246_/Q -> _32660_/D : -9.861371
[setup reg-reg] _33246_/Q -> _28353_/D : -9.860891
[setup reg-reg] _33246_/Q -> _32641_/D : -9.860877
[setup reg-reg] _33246_/Q -> _32646_/D : -9.860813
[setup reg-reg] _33246_/Q -> _31302_/D : -9.860465
[setup reg-reg] _33246_/Q -> _31909_/D : -9.860305
[setup reg-reg] _33246_/Q -> _30908_/D : -9.860291
[setup reg-reg] _33246_/Q -> _32639_/D : -9.859988
[setup reg-reg] _33246_/Q -> _28360_/D : -9.859975
[setup reg-reg] _33246_/Q -> _32651_/D : -9.859946
[setup reg-reg] _33246_/Q -> _32261_/D : -9.859903
[setup reg-reg] _33246_/Q -> _35711_/D : -9.859757
[setup reg-reg] _33246_/Q -> _32483_/D : -9.859654
[setup reg-reg] _33246_/Q -> _32637_/D : -9.859551
[setup reg-reg] _33246_/Q -> _32644_/D : -9.859559
[setup reg-reg] _33246_/Q -> _28341_/D : -9.859545
[setup reg-reg] _33246_/Q -> _32268_/D : -9.859399
[setup reg-reg] _33246_/Q -> _31295_/D : -9.859218
[setup reg-reg] _33246_/Q -> _32249_/D : -9.859218
[setup reg-reg] _33246_/Q -> _35761_/D : -9.858429
[setup reg-reg] _33246_/Q -> _33369_/D : -9.858330
[setup reg-reg] _33246_/Q -> _33376_/D : -9.857982
[setup reg-reg] _33246_/Q -> _30904_/D : -9.857815
[setup reg-reg] _33246_/Q -> _30912_/D : -9.857807
[setup reg-reg] _33246_/Q -> _33357_/D : -9.857800
[setup reg-reg] _33246_/Q -> _32630_/D : -9.857253
[setup reg-reg] _33246_/Q -> _30907_/D : -9.855658
[setup reg-reg] _33246_/Q -> _30905_/D : -9.854180
[setup reg-reg] _33246_/Q -> _34394_/D : -9.854053
[setup reg-reg] _33246_/Q -> _36026_/D : -9.853658
[setup reg-reg] _33246_/Q -> _35880_/D : -9.853598
[setup reg-reg] _33246_/Q -> _30916_/D : -9.853061
[setup reg-reg] _33246_/Q -> _30922_/D : -9.852589
[setup reg-reg] _33246_/Q -> _31303_/D : -9.852329
[setup reg-reg] _33246_/Q -> _36126_/D : -9.852087
[setup reg-reg] _33246_/Q -> _34389_/D : -9.852070
[setup reg-reg] _33246_/Q -> _36136_/D : -9.851601
[setup reg-reg] _33246_/Q -> _34391_/D : -9.851288
[setup reg-reg] _33246_/Q -> _31282_/D : -9.851263
[setup reg-reg] _33246_/Q -> _36115_/D : -9.850450
[setup reg-reg] _33246_/Q -> _36122_/D : -9.850120
[setup reg-reg] _33246_/Q -> _36113_/D : -9.849515
[setup reg-reg] _33246_/Q -> _30147_/D : -9.849409
[setup reg-reg] _33246_/Q -> _35848_/D : -9.847690
[setup reg-reg] _33246_/Q -> _36106_/D : -9.847344
[setup reg-reg] _33246_/Q -> _34398_/D : -9.847185
[setup reg-reg] _33246_/Q -> _30909_/D : -9.844321
[setup reg-reg] _33246_/Q -> _30914_/D : -9.843533
[setup reg-reg] _33246_/Q -> _36117_/D : -9.843127
[setup reg-reg] _33246_/Q -> _31904_/D : -9.841486
[setup reg-reg] _33246_/Q -> _31917_/D : -9.841415
[setup reg-reg] _33246_/Q -> _28348_/D : -9.841330
[setup reg-reg] _33246_/Q -> _31900_/D : -9.840378
[setup reg-reg] _33246_/Q -> _32256_/D : -9.840360
[setup reg-reg] _33246_/Q -> _31912_/D : -9.840331
[setup reg-reg] _33246_/Q -> _34377_/D : -9.840246
[setup reg-reg] _33246_/Q -> _32597_/D : -9.840147
[setup reg-reg] _33246_/Q -> _32260_/D : -9.840040
[setup reg-reg] _33246_/Q -> _30337_/D : -9.839962
[setup reg-reg] _33246_/Q -> _28361_/D : -9.839869
[setup reg-reg] _33246_/Q -> _28352_/D : -9.839664
[setup reg-reg] _33246_/Q -> _32619_/D : -9.839468
[setup reg-reg] _33246_/Q -> _32269_/D : -9.839408
[setup reg-reg] _33246_/Q -> _34399_/D : -9.838832
[setup reg-reg] _33246_/Q -> _33368_/D : -9.838349
[setup reg-reg] _33246_/Q -> _33364_/D : -9.838243
[setup reg-reg] _33246_/Q -> _34378_/D : -9.838055
[setup reg-reg] _33246_/Q -> _28349_/D : -9.837230
[setup reg-reg] _33246_/Q -> _30325_/D : -9.837213
[setup reg-reg] _33246_/Q -> _33377_/D : -9.837088
[setup reg-reg] _33246_/Q -> _30344_/D : -9.836729
[setup reg-reg] _33246_/Q -> _30897_/D : -9.836552
[setup reg-reg] _33246_/Q -> _31299_/D : -9.835610
[setup reg-reg] _33246_/Q -> _35774_/D : -9.835432
[setup reg-reg] _33246_/Q -> _32253_/D : -9.835258
[setup reg-reg] _33246_/Q -> _35816_/D : -9.835055
[setup reg-reg] _33246_/Q -> _28344_/D : -9.835013
[setup reg-reg] _33246_/Q -> _31903_/D : -9.834835
[setup reg-reg] _33246_/Q -> _28362_/D : -9.834608
[setup reg-reg] _33246_/Q -> _31899_/D : -9.834537
[setup reg-reg] _33246_/Q -> _31918_/D : -9.834448
[setup reg-reg] _33246_/Q -> _31901_/D : -9.834416
[setup reg-reg] _33246_/Q -> _28345_/D : -9.834040
[setup reg-reg] _33246_/Q -> _32252_/D : -9.833774
[setup reg-reg] _33246_/Q -> _32270_/D : -9.833731
[setup reg-reg] _33246_/Q -> _35797_/D : -9.833642
[setup reg-reg] _33246_/Q -> _32257_/D : -9.833290
[setup reg-reg] _33246_/Q -> _32609_/D : -9.832452
[setup reg-reg] _33246_/Q -> _33360_/D : -9.832285
[setup reg-reg] _33246_/Q -> _33363_/D : -9.832210
[setup reg-reg] _33246_/Q -> _33365_/D : -9.832160
[setup reg-reg] _33246_/Q -> _33378_/D : -9.831627
[setup reg-reg] _33246_/Q -> _33361_/D : -9.831233
[setup reg-reg] _33246_/Q -> _32628_/D : -9.828469
[setup reg-reg] _33246_/Q -> _31905_/D : -9.826462
[setup reg-reg] _33246_/Q -> _32262_/D : -9.825087
[setup reg-reg] _33246_/Q -> _31910_/D : -9.825002
[setup reg-reg] _33246_/Q -> _33755_/D : -9.824184
[setup reg-reg] _33246_/Q -> _36030_/D : -9.824188
[setup reg-reg] _33246_/Q -> _28337_/D : -9.824100
[setup reg-reg] _33246_/Q -> _28354_/D : -9.823840
[setup reg-reg] _33246_/Q -> _36056_/D : -9.823534
[setup reg-reg] _33246_/Q -> _35786_/D : -9.821957
[setup reg-reg] _33246_/Q -> _34382_/D : -9.821136
[setup reg-reg] _33246_/Q -> _35934_/D : -9.821015
[setup reg-reg] _33246_/Q -> _35829_/D : -9.820902
[setup reg-reg] _33246_/Q -> _33370_/D : -9.820671
[setup reg-reg] _33246_/Q -> _32245_/D : -9.819936
[setup reg-reg] _33246_/Q -> _33374_/D : -9.819936
[setup reg-reg] _33246_/Q -> _35767_/D : -9.819924
[setup reg-reg] _33246_/Q -> _35960_/D : -9.819470
[setup reg-reg] _33246_/Q -> _31894_/D : -9.819452
[setup reg-reg] _33246_/Q -> _31893_/D : -9.819335
[setup reg-reg] _33246_/Q -> _33353_/D : -9.817583
[setup reg-reg] _33246_/Q -> _32598_/D : -9.817537
[setup reg-reg] _33246_/Q -> _36472_/D : -9.817076
[setup reg-reg] _33246_/Q -> _36418_/D : -9.817047
[setup reg-reg] _33246_/Q -> _36410_/D : -9.816870
[setup reg-reg] _33246_/Q -> _36399_/D : -9.816767
[setup reg-reg] _33246_/Q -> _36469_/D : -9.816415
[setup reg-reg] _33246_/Q -> _36465_/D : -9.816287
[setup reg-reg] _33246_/Q -> _36408_/D : -9.816223
[setup reg-reg] _33246_/Q -> _36411_/D : -9.816187
[setup reg-reg] _33246_/Q -> _36482_/D : -9.816166
[setup reg-reg] _33246_/Q -> _32246_/D : -9.816045
[setup reg-reg] _33246_/Q -> _35753_/D : -9.816049
[setup reg-reg] _33246_/Q -> _36405_/D : -9.815956
[setup reg-reg] _33246_/Q -> _36401_/D : -9.815729
[setup reg-reg] _33246_/Q -> _36437_/D : -9.815707
[setup reg-reg] _33246_/Q -> _36440_/D : -9.815619
[setup reg-reg] _33246_/Q -> _36431_/D : -9.815377
[setup reg-reg] _33246_/Q -> _36433_/D : -9.815033
[setup reg-reg] _33246_/Q -> _36442_/D : -9.815022
[setup reg-reg] _33246_/Q -> _35861_/D : -9.814969
[setup reg-reg] _33246_/Q -> _36450_/D : -9.814869
[setup reg-reg] _33246_/Q -> _35775_/D : -9.814198
[setup reg-reg] _33246_/Q -> _31898_/D : -9.813598
[setup reg-reg] _33246_/Q -> _31911_/D : -9.813586
[setup reg-reg] _33246_/Q -> _32263_/D : -9.813456
[setup reg-reg] _33246_/Q -> _33371_/D : -9.812066
[setup reg-reg] _33246_/Q -> _35784_/D : -9.811502
[setup reg-reg] _33246_/Q -> _28707_/D : -9.811153
[setup reg-reg] _33246_/Q -> _28611_/D : -9.810950
[setup reg-reg] _33246_/Q -> _28601_/D : -9.810798
[setup reg-reg] _33246_/Q -> _28603_/D : -9.810371
[setup reg-reg] _33246_/Q -> _28695_/D : -9.810144
[setup reg-reg] _33246_/Q -> _28705_/D : -9.808588
[setup reg-reg] _33246_/Q -> _36504_/D : -9.805309
[setup reg-reg] _33246_/Q -> _36501_/D : -9.804996
[setup reg-reg] _33246_/Q -> _36497_/D : -9.804933
[setup reg-reg] _33246_/Q -> _36514_/D : -9.804769
[setup reg-reg] _33246_/Q -> _35701_/D : -9.804602
[setup reg-reg] _33246_/Q -> _28840_/D : -9.803920
[setup reg-reg] _33246_/Q -> _28569_/D : -9.803504
[setup reg-reg] _33246_/Q -> _28579_/D : -9.803330
[setup reg-reg] _33246_/Q -> _28576_/D : -9.802996
[setup reg-reg] _33246_/Q -> _30351_/D : -9.802527
[setup reg-reg] _33246_/Q -> _28571_/D : -9.802435
[setup reg-reg] _33246_/Q -> _30145_/D : -9.802413
[setup reg-reg] _33246_/Q -> _36443_/D : -9.801702
[setup reg-reg] _33246_/Q -> _36475_/D : -9.801309
[setup reg-reg] _33246_/Q -> _30156_/D : -9.800928
[setup reg-reg] _33246_/Q -> _36529_/D : -9.800563
[setup reg-reg] _33246_/Q -> _36533_/D : -9.800520
[setup reg-reg] _33246_/Q -> _36536_/D : -9.800527
[setup reg-reg] _33246_/Q -> _36539_/D : -9.800530
[setup reg-reg] _33246_/Q -> _28821_/D : -9.800253
[setup reg-reg] _33246_/Q -> _36538_/D : -9.799624
[setup reg-reg] _33246_/Q -> _33753_/D : -9.799091
[setup reg-reg] _33246_/Q -> _36403_/D : -9.798974
[setup reg-reg] _33246_/Q -> _36435_/D : -9.798896
[setup reg-reg] _33246_/Q -> _28547_/D : -9.797812
[setup reg-reg] _33246_/Q -> _28515_/D : -9.797756
[setup reg-reg] _33246_/Q -> _28537_/D : -9.797301
[setup reg-reg] _33246_/Q -> _28539_/D : -9.797273
[setup reg-reg] _33246_/Q -> _28507_/D : -9.797038
[setup reg-reg] _33246_/Q -> _28483_/D : -9.796690
[setup reg-reg] _33246_/Q -> _36467_/D : -9.796562
[setup reg-reg] _33246_/Q -> _28830_/D : -9.796204
[setup reg-reg] _33246_/Q -> _28847_/D : -9.796143
[setup reg-reg] _33246_/Q -> _28819_/D : -9.795905
[setup reg-reg] _33246_/Q -> _30348_/D : -9.795805
[setup reg-reg] _33246_/Q -> _28387_/D : -9.795745
[setup reg-reg] _33246_/Q -> _36398_/D : -9.795564
[setup reg-reg] _33246_/Q -> _28475_/D : -9.795255
[setup reg-reg] _33246_/Q -> _32662_/D : -9.794690
[setup reg-reg] _33246_/Q -> _36430_/D : -9.794495
[setup reg-reg] _33246_/Q -> _36474_/D : -9.794470
[setup reg-reg] _33246_/Q -> _36600_/D : -9.792647
[setup reg-reg] _33246_/Q -> _28845_/D : -9.792636
[setup reg-reg] _33246_/Q -> _28848_/D : -9.789911
[setup reg-reg] _33246_/Q -> _36507_/D : -9.789048
[setup reg-reg] _33246_/Q -> _36462_/D : -9.788199
[setup reg-reg] _33246_/Q -> _31297_/D : -9.787772
[setup reg-reg] _33246_/Q -> _28837_/D : -9.787708
[setup reg-reg] _33246_/Q -> _28841_/D : -9.787438
[setup reg-reg] _33246_/Q -> _28846_/D : -9.786802
[setup reg-reg] _33246_/Q -> _36486_/D : -9.786781
[setup reg-reg] _33246_/Q -> _36461_/D : -9.786668
[setup reg-reg] _33246_/Q -> _31304_/D : -9.786569
[setup reg-reg] _33246_/Q -> _36470_/D : -9.786511
[setup reg-reg] _33246_/Q -> _28824_/D : -9.786145
[setup reg-reg] _33246_/Q -> _32580_/D : -9.786060
[setup reg-reg] _33246_/Q -> _36478_/D : -9.785982
[setup reg-reg] _33246_/Q -> _36499_/D : -9.785797
[setup reg-reg] _33246_/Q -> _32573_/D : -9.785542
[setup reg-reg] _33246_/Q -> _36479_/D : -9.785442
[setup reg-reg] _33246_/Q -> _36459_/D : -9.785360
[setup reg-reg] _33246_/Q -> _36458_/D : -9.785212
[setup reg-reg] _33246_/Q -> _36422_/D : -9.785041
[setup reg-reg] _33246_/Q -> _36400_/D : -9.784909
[setup reg-reg] _33246_/Q -> _36407_/D : -9.784870
[setup reg-reg] _33246_/Q -> _36404_/D : -9.784685
[setup reg-reg] _33246_/Q -> _36406_/D : -9.784681
[setup reg-reg] _33246_/Q -> _36427_/D : -9.784557
[setup reg-reg] _33246_/Q -> _36454_/D : -9.784255
[setup reg-reg] _33246_/Q -> _34395_/D : -9.784234
[setup reg-reg] _33246_/Q -> _36483_/D : -9.784230
[setup reg-reg] _33246_/Q -> _36396_/D : -9.784213
[setup reg-reg] _33246_/Q -> _36451_/D : -9.784139
[setup reg-reg] _33246_/Q -> _36438_/D : -9.784049
[setup reg-reg] _33246_/Q -> _36439_/D : -9.783875
[setup reg-reg] _33246_/Q -> _36395_/D : -9.783857
[setup reg-reg] _33246_/Q -> _36419_/D : -9.783666
[setup reg-reg] _33246_/Q -> _36463_/D : -9.783620
[setup reg-reg] _33246_/Q -> _36471_/D : -9.783573
[setup reg-reg] _33246_/Q -> _36506_/D : -9.783569
[setup reg-reg] _33246_/Q -> _36429_/D : -9.783414
[setup reg-reg] _33246_/Q -> _36397_/D : -9.783254
[setup reg-reg] _33246_/Q -> _36447_/D : -9.782547
[setup reg-reg] _33246_/Q -> _30338_/D : -9.781374
[setup reg-reg] _33246_/Q -> _30342_/D : -9.780624
[setup reg-reg] _33246_/Q -> _36414_/D : -9.780478
[setup reg-reg] _33246_/Q -> _36394_/D : -9.780309
[setup reg-reg] _33246_/Q -> _36578_/D : -9.780284
[setup reg-reg] _33246_/Q -> _36446_/D : -9.779978
[setup reg-reg] _33246_/Q -> _36568_/D : -9.779854
[setup reg-reg] _33246_/Q -> _30343_/D : -9.779776
[setup reg-reg] _33246_/Q -> _36561_/D : -9.779782
[setup reg-reg] _33246_/Q -> _36058_/D : -9.779690
[setup reg-reg] _33246_/Q -> _36415_/D : -9.779576
[setup reg-reg] _33246_/Q -> _30322_/D : -9.779434
[setup reg-reg] _33246_/Q -> _30347_/D : -9.779228
[setup reg-reg] _33246_/Q -> _30334_/D : -9.778987
[setup reg-reg] _33246_/Q -> _36570_/D : -9.778944
[setup reg-reg] _33246_/Q -> _36426_/D : -9.778909
[setup reg-reg] _33246_/Q -> _34393_/D : -9.778898
[setup reg-reg] _33246_/Q -> _36531_/D : -9.778464
[setup reg-reg] _33246_/Q -> _36546_/D : -9.778443
[setup reg-reg] _33246_/Q -> _32673_/D : -9.778433
[setup reg-reg] _33246_/Q -> _36149_/D : -9.778337
[setup reg-reg] _33246_/Q -> _32675_/D : -9.778134
[setup reg-reg] _33246_/Q -> _30152_/D : -9.777850
[setup reg-reg] _33246_/Q -> _36494_/D : -9.777832
[setup reg-reg] _33246_/Q -> _36603_/D : -9.777185
[setup reg-reg] _33246_/Q -> _36120_/D : -9.776073
[setup reg-reg] _33246_/Q -> _36511_/D : -9.775495
[setup reg-reg] _33246_/Q -> _36490_/D : -9.775402
[setup reg-reg] _33246_/Q -> _36491_/D : -9.775381
[setup reg-reg] _33246_/Q -> _36518_/D : -9.775267
[setup reg-reg] _33246_/Q -> _36500_/D : -9.775231
[setup reg-reg] _33246_/Q -> _36496_/D : -9.775111
[setup reg-reg] _33246_/Q -> _36502_/D : -9.774840
[setup reg-reg] _33246_/Q -> _33760_/D : -9.774762
[setup reg-reg] _33246_/Q -> _28605_/D : -9.774720
[setup reg-reg] _33246_/Q -> _28608_/D : -9.774368
[setup reg-reg] _33246_/Q -> _36515_/D : -9.774216
[setup reg-reg] _33246_/Q -> _36495_/D : -9.773576
[setup reg-reg] _33246_/Q -> _30160_/D : -9.773512
[setup reg-reg] _33246_/Q -> _36503_/D : -9.773473
[setup reg-reg] _33246_/Q -> _36493_/D : -9.773327
[setup reg-reg] _33246_/Q -> _34381_/D : -9.771955
[setup reg-reg] _33246_/Q -> _33764_/D : -9.770890
[setup reg-reg] _33246_/Q -> _36597_/D : -9.770777
[setup reg-reg] _33246_/Q -> _36526_/D : -9.770759
[setup reg-reg] _33246_/Q -> _32583_/D : -9.770596
[setup reg-reg] _33246_/Q -> _36593_/D : -9.770361
[setup reg-reg] _33246_/Q -> _28330_/D : -9.770318
[setup reg-reg] _33246_/Q -> _28628_/D : -9.770215
[setup reg-reg] _33246_/Q -> _36535_/D : -9.770159
[setup reg-reg] _33246_/Q -> _36595_/D : -9.770052
[setup reg-reg] _33246_/Q -> _36602_/D : -9.769896
[setup reg-reg] _33246_/Q -> _30330_/D : -9.769686
[setup reg-reg] _33246_/Q -> _28648_/D : -9.769671
[setup reg-reg] _33246_/Q -> _30131_/D : -9.769369
[setup reg-reg] _33246_/Q -> _36510_/D : -9.768691
[setup reg-reg] _33246_/Q -> _33768_/D : -9.768275
[setup reg-reg] _33246_/Q -> _30323_/D : -9.768247
[setup reg-reg] _33246_/Q -> _36524_/D : -9.767884
[setup reg-reg] _33246_/Q -> _30321_/D : -9.767814
[setup reg-reg] _33246_/Q -> _33749_/D : -9.767472
[setup reg-reg] _33246_/Q -> _36307_/D : -9.767462
[setup reg-reg] _33246_/Q -> _36527_/D : -9.767220
[setup reg-reg] _33246_/Q -> _28573_/D : -9.767085
[setup reg-reg] _33246_/Q -> _36522_/D : -9.766317
[setup reg-reg] _33246_/Q -> _33739_/D : -9.766126
[setup reg-reg] _33246_/Q -> _36525_/D : -9.766037
[setup reg-reg] _33246_/Q -> _36542_/D : -9.766037
[setup reg-reg] _33246_/Q -> _36532_/D : -9.765963
[setup reg-reg] _33246_/Q -> _36550_/D : -9.765572
[setup reg-reg] _33246_/Q -> _36375_/D : -9.765518
[setup reg-reg] _33246_/Q -> _36523_/D : -9.765359
[setup reg-reg] _33246_/Q -> _36571_/D : -9.765085
[setup reg-reg] _33246_/Q -> _36543_/D : -9.765011
[setup reg-reg] _33246_/Q -> _36528_/D : -9.764999
[setup reg-reg] _33246_/Q -> _32575_/D : -9.764648
[setup reg-reg] _33246_/Q -> _36547_/D : -9.764602
[setup reg-reg] _33246_/Q -> _30900_/D : -9.764439
[setup reg-reg] _33246_/Q -> _32577_/D : -9.764083
[setup reg-reg] _33246_/Q -> _32590_/D : -9.763817
[setup reg-reg] _33246_/Q -> _32582_/D : -9.762878
[setup reg-reg] _33246_/Q -> _36590_/D : -9.762630
[setup reg-reg] _33246_/Q -> _36159_/D : -9.762584
[setup reg-reg] _33246_/Q -> _28629_/D : -9.762115
[setup reg-reg] _33246_/Q -> _28638_/D : -9.761891
[setup reg-reg] _33246_/Q -> _28627_/D : -9.761817
[setup reg-reg] _33246_/Q -> _28512_/D : -9.761597
[setup reg-reg] _33246_/Q -> _28554_/D : -9.761152
[setup reg-reg] _33246_/Q -> _28480_/D : -9.761106
[setup reg-reg] _33246_/Q -> _28544_/D : -9.760982
[setup reg-reg] _33246_/Q -> _28377_/D : -9.760907
[setup reg-reg] _33246_/Q -> _28505_/D : -9.760900
[setup reg-reg] _33246_/Q -> _28655_/D : -9.760086
[setup reg-reg] _33246_/Q -> _28656_/D : -9.759571
[setup reg-reg] _33246_/Q -> _34400_/D : -9.759418
[setup reg-reg] _33246_/Q -> _36599_/D : -9.759106
[setup reg-reg] _33246_/Q -> _36565_/D : -9.758601
[setup reg-reg] _33246_/Q -> _31308_/D : -9.758533
[setup reg-reg] _33246_/Q -> _36592_/D : -9.758413
[setup reg-reg] _33246_/Q -> _28836_/D : -9.758385
[setup reg-reg] _33246_/Q -> _36596_/D : -9.758271
[setup reg-reg] _33246_/Q -> _36563_/D : -9.758012
[setup reg-reg] _33246_/Q -> _28331_/D : -9.757998
[setup reg-reg] _33246_/Q -> _30341_/D : -9.757901
[setup reg-reg] _33246_/Q -> _28644_/D : -9.757763
[setup reg-reg] _33246_/Q -> _28334_/D : -9.757752
[setup reg-reg] _33246_/Q -> _36591_/D : -9.757575
[setup reg-reg] _33246_/Q -> _28844_/D : -9.757539
[setup reg-reg] _33246_/Q -> _32570_/D : -9.757234
[setup reg-reg] _33246_/Q -> _28826_/D : -9.757219
[setup reg-reg] _33246_/Q -> _31312_/D : -9.757191
[setup reg-reg] _33246_/Q -> _36589_/D : -9.757017
[setup reg-reg] _33246_/Q -> _28653_/D : -9.756612
[setup reg-reg] _33246_/Q -> _36587_/D : -9.756437
[setup reg-reg] _33246_/Q -> _32568_/D : -9.756338
[setup reg-reg] _33246_/Q -> _36586_/D : -9.756050
[setup reg-reg] _33246_/Q -> _36606_/D : -9.755955
[setup reg-reg] _33246_/Q -> _36343_/D : -9.755141
[setup reg-reg] _33246_/Q -> _36607_/D : -9.755080
[setup reg-reg] _33246_/Q -> _28448_/D : -9.754509
[setup reg-reg] _33246_/Q -> _31283_/D : -9.754462
[setup reg-reg] _33246_/Q -> _28645_/D : -9.754036
[setup reg-reg] _33246_/Q -> _32579_/D : -9.753941
[setup reg-reg] _33246_/Q -> _28649_/D : -9.753805
[setup reg-reg] _33246_/Q -> _28652_/D : -9.753748
[setup reg-reg] _33246_/Q -> _28654_/D : -9.752928
[setup reg-reg] _33246_/Q -> _28632_/D : -9.752775
[setup reg-reg] _33246_/Q -> _32571_/D : -9.752423
[setup reg-reg] _33246_/Q -> _32569_/D : -9.752246
[setup reg-reg] _33246_/Q -> _32567_/D : -9.751766
[setup reg-reg] _33246_/Q -> _32586_/D : -9.751507
[setup reg-reg] _33246_/Q -> _32566_/D : -9.750935
[setup reg-reg] _33246_/Q -> _36558_/D : -9.750875
[setup reg-reg] _33246_/Q -> _28381_/D : -9.750807
[setup reg-reg] _33246_/Q -> _28477_/D : -9.750654
[setup reg-reg] _33246_/Q -> _32572_/D : -9.750544
[setup reg-reg] _33246_/Q -> _32587_/D : -9.750412
[setup reg-reg] _33246_/Q -> _32591_/D : -9.750192
[setup reg-reg] _33246_/Q -> _32594_/D : -9.750103
[setup reg-reg] _33246_/Q -> _36062_/D : -9.750047
[setup reg-reg] _33246_/Q -> _28394_/D : -9.749954
[setup reg-reg] _33246_/Q -> _32576_/D : -9.749872
[setup reg-reg] _33246_/Q -> _36138_/D : -9.749538
[setup reg-reg] _33246_/Q -> _28384_/D : -9.749389
[setup reg-reg] _33246_/Q -> _28416_/D : -9.748859
[setup reg-reg] _33246_/Q -> _28541_/D : -9.747762
[setup reg-reg] _33246_/Q -> _36567_/D : -9.747236
[setup reg-reg] _33246_/Q -> _28356_/D : -9.747137
[setup reg-reg] _33246_/Q -> _28509_/D : -9.746917
[setup reg-reg] _33246_/Q -> _31896_/D : -9.746820
[setup reg-reg] _33246_/Q -> _32264_/D : -9.746806
[setup reg-reg] _33246_/Q -> _28471_/D : -9.746032
[setup reg-reg] _33246_/Q -> _36556_/D : -9.745727
[setup reg-reg] _33246_/Q -> _36564_/D : -9.745560
[setup reg-reg] _33246_/Q -> _36582_/D : -9.745303
[setup reg-reg] _33246_/Q -> _36579_/D : -9.745278
[setup reg-reg] _33246_/Q -> _36559_/D : -9.745214
[setup reg-reg] _33246_/Q -> _36560_/D : -9.745169
[setup reg-reg] _33246_/Q -> _33372_/D : -9.744596
[setup reg-reg] _33246_/Q -> _28375_/D : -9.744174
[setup reg-reg] _33246_/Q -> _32683_/D : -9.743985
[setup reg-reg] _33246_/Q -> _28522_/D : -9.743929
[setup reg-reg] _33246_/Q -> _36574_/D : -9.743726
[setup reg-reg] _33246_/Q -> _28445_/D : -9.743711
[setup reg-reg] _33246_/Q -> _34404_/D : -9.743687
[setup reg-reg] _33246_/Q -> _36554_/D : -9.743662
[setup reg-reg] _33246_/Q -> _36373_/D : -9.743623
[setup reg-reg] _33246_/Q -> _36557_/D : -9.743470
[setup reg-reg] _33246_/Q -> _32682_/D : -9.743456
[setup reg-reg] _33246_/Q -> _28490_/D : -9.743332
[setup reg-reg] _33246_/Q -> _36555_/D : -9.743155
[setup reg-reg] _33246_/Q -> _34408_/D : -9.742518
[setup reg-reg] _33246_/Q -> _36341_/D : -9.742412
[setup reg-reg] _33246_/Q -> _36575_/D : -9.742173
[setup reg-reg] _33246_/Q -> _28398_/D : -9.741815
[setup reg-reg] _33246_/Q -> _36168_/D : -9.741477
[setup reg-reg] _33246_/Q -> _28395_/D : -9.741242
[setup reg-reg] _33246_/Q -> _30924_/D : -9.740763
[setup reg-reg] _33246_/Q -> _36158_/D : -9.740326
[setup reg-reg] _33246_/Q -> _36313_/D : -9.739140
[setup reg-reg] _33246_/Q -> _28757_/D : -9.738962
[setup reg-reg] _33246_/Q -> _28776_/D : -9.738522
[setup reg-reg] _33246_/Q -> _30903_/D : -9.738155
[setup reg-reg] _33246_/Q -> _28458_/D : -9.738091
[setup reg-reg] _33246_/Q -> _28426_/D : -9.737850
[setup reg-reg] _33246_/Q -> _36327_/D : -9.737427
[setup reg-reg] _33246_/Q -> _28413_/D : -9.737122
[setup reg-reg] _33246_/Q -> _35966_/D : -9.736134
[setup reg-reg] _33246_/Q -> _30928_/D : -9.735509
[setup reg-reg] _33246_/Q -> _30911_/D : -9.735228
[setup reg-reg] _33246_/Q -> _35754_/D : -9.734020
[setup reg-reg] _33246_/Q -> _28407_/D : -9.732396
[setup reg-reg] _33246_/Q -> _36351_/D : -9.732379
[setup reg-reg] _33246_/Q -> _30159_/D : -9.731434
[setup reg-reg] _33246_/Q -> _28784_/D : -9.730802
[setup reg-reg] _33246_/Q -> _28755_/D : -9.730652
[setup reg-reg] _33246_/Q -> _28766_/D : -9.730155
[setup reg-reg] _33246_/Q -> _33767_/D : -9.730081
[setup reg-reg] _33246_/Q -> _36302_/D : -9.729579
[setup reg-reg] _33246_/Q -> _28423_/D : -9.729050
[setup reg-reg] _33246_/Q -> _35765_/D : -9.728883
[setup reg-reg] _33246_/Q -> _28427_/D : -9.728851
[setup reg-reg] _33246_/Q -> _36300_/D : -9.728705
[setup reg-reg] _33246_/Q -> _28783_/D : -9.728535
[setup reg-reg] _33246_/Q -> _29110_/D : -9.727508
[setup reg-reg] _33246_/Q -> _36308_/D : -9.727221
[setup reg-reg] _33246_/Q -> _36312_/D : -9.726982
[setup reg-reg] _33246_/Q -> _36322_/D : -9.726325
[setup reg-reg] _33246_/Q -> _36383_/D : -9.725529
[setup reg-reg] _33246_/Q -> _28634_/D : -9.724701
[setup reg-reg] _33246_/Q -> _32487_/D : -9.724623
[setup reg-reg] _33246_/Q -> _28781_/D : -9.724264
[setup reg-reg] _33246_/Q -> _28342_/D : -9.724172
[setup reg-reg] _33246_/Q -> _36321_/D : -9.724058
[setup reg-reg] _33246_/Q -> _32474_/D : -9.723860
[setup reg-reg] _33246_/Q -> _28772_/D : -9.723813
[setup reg-reg] _33246_/Q -> _32250_/D : -9.723813
[setup reg-reg] _33246_/Q -> _32481_/D : -9.723483
[setup reg-reg] _33246_/Q -> _32248_/D : -9.723351
[setup reg-reg] _33246_/Q -> _28780_/D : -9.722868
[setup reg-reg] _33246_/Q -> _32272_/D : -9.722758
[setup reg-reg] _33246_/Q -> _28340_/D : -9.722182
[setup reg-reg] _33246_/Q -> _28364_/D : -9.722090
[setup reg-reg] _33246_/Q -> _28777_/D : -9.721994
[setup reg-reg] _33246_/Q -> _28782_/D : -9.721958
[setup reg-reg] _33246_/Q -> _36305_/D : -9.721700
[setup reg-reg] _33246_/Q -> _28773_/D : -9.721315
[setup reg-reg] _33246_/Q -> _33380_/D : -9.721237
[setup reg-reg] _33246_/Q -> _36324_/D : -9.721231
[setup reg-reg] _33246_/Q -> _28343_/D : -9.721056
[setup reg-reg] _33246_/Q -> _36326_/D : -9.720846
[setup reg-reg] _33246_/Q -> _36317_/D : -9.720275
[setup reg-reg] _33246_/Q -> _36325_/D : -9.720225
[setup reg-reg] _33246_/Q -> _33356_/D : -9.720136
[setup reg-reg] _33246_/Q -> _28368_/D : -9.720030
[setup reg-reg] _33246_/Q -> _32251_/D : -9.719635
[setup reg-reg] _33246_/Q -> _31920_/D : -9.719501
[setup reg-reg] _33246_/Q -> _36311_/D : -9.719234
[setup reg-reg] _33246_/Q -> _33359_/D : -9.718342
[setup reg-reg] _33246_/Q -> _28355_/D : -9.717841
[setup reg-reg] _33246_/Q -> _31924_/D : -9.717710
[setup reg-reg] _33246_/Q -> _36382_/D : -9.716633
[setup reg-reg] _33246_/Q -> _28358_/D : -9.716540
[setup reg-reg] _33246_/Q -> _36309_/D : -9.715819
[setup reg-reg] _33246_/Q -> _36181_/D : -9.715518
[setup reg-reg] _33246_/Q -> _36318_/D : -9.715489
[setup reg-reg] _33246_/Q -> _31907_/D : -9.715362
[setup reg-reg] _33246_/Q -> _32266_/D : -9.715272
[setup reg-reg] _33246_/Q -> _32669_/D : -9.715088
[setup reg-reg] _33246_/Q -> _36314_/D : -9.714974
[setup reg-reg] _33246_/Q -> _33358_/D : -9.712537
[setup reg-reg] _33246_/Q -> _36315_/D : -9.712377
[setup reg-reg] _33246_/Q -> _36298_/D : -9.712210
[setup reg-reg] _33246_/Q -> _36320_/D : -9.710395
[setup reg-reg] _33246_/Q -> _31311_/D : -9.710356
[setup reg-reg] _33246_/Q -> _36303_/D : -9.709755
[setup reg-reg] _33246_/Q -> _29415_/D : -9.709442
[setup reg-reg] _33246_/Q -> _29424_/D : -9.709343
[setup reg-reg] _33246_/Q -> _36350_/D : -9.708466
[setup reg-reg] _33246_/Q -> _32650_/D : -9.705694
[setup reg-reg] _33246_/Q -> _32692_/D : -9.704693
[setup reg-reg] _33246_/Q -> _36299_/D : -9.702753
[setup reg-reg] _33246_/Q -> _34407_/D : -9.701794
[setup reg-reg] _33246_/Q -> _36319_/D : -9.701654
[setup reg-reg] _33246_/Q -> _36369_/D : -9.700752
[setup reg-reg] _33246_/Q -> _36301_/D : -9.700490
[setup reg-reg] _33246_/Q -> _29296_/D : -9.700194
[setup reg-reg] _33246_/Q -> _36323_/D : -9.700130
[setup reg-reg] _33246_/Q -> _32504_/D : -9.699928
[setup reg-reg] _33246_/Q -> _34405_/D : -9.699761
[setup reg-reg] _33246_/Q -> _30414_/D : -9.698248
[setup reg-reg] _33246_/Q -> _32524_/D : -9.697964
[setup reg-reg] _33246_/Q -> _36304_/D : -9.697192
[setup reg-reg] _33246_/Q -> _30925_/D : -9.696780
[setup reg-reg] _33246_/Q -> _36310_/D : -9.696780
[setup reg-reg] _33246_/Q -> _30392_/D : -9.696386
[setup reg-reg] _33246_/Q -> _36337_/D : -9.696222
[setup reg-reg] _33246_/Q -> _29135_/D : -9.695587
[setup reg-reg] _33246_/Q -> _30393_/D : -9.694752
[setup reg-reg] _33246_/Q -> _30397_/D : -9.694581
[setup reg-reg] _33246_/Q -> _36191_/D : -9.692692
[setup reg-reg] _33246_/Q -> _28762_/D : -9.692610
[setup reg-reg] _33246_/Q -> _32531_/D : -9.692453
[setup reg-reg] _33246_/Q -> _32530_/D : -9.692326
[setup reg-reg] _33246_/Q -> _32505_/D : -9.692194
[setup reg-reg] _33246_/Q -> _32503_/D : -9.691899
[setup reg-reg] _33246_/Q -> _32512_/D : -9.691846
[setup reg-reg] _33246_/Q -> _30400_/D : -9.691626
[setup reg-reg] _33246_/Q -> _32514_/D : -9.691626
[setup reg-reg] _33246_/Q -> _30409_/D : -9.691568
[setup reg-reg] _33246_/Q -> _36392_/D : -9.691476
[setup reg-reg] _33246_/Q -> _30396_/D : -9.690993
[setup reg-reg] _33246_/Q -> _29108_/D : -9.690044
[setup reg-reg] _33246_/Q -> _36360_/D : -9.690030
[setup reg-reg] _33246_/Q -> _32499_/D : -9.689793
[setup reg-reg] _33246_/Q -> _30395_/D : -9.689782
[setup reg-reg] _33246_/Q -> _36316_/D : -9.687725
[setup reg-reg] _33246_/Q -> _32520_/D : -9.687188
[setup reg-reg] _33246_/Q -> _29126_/D : -9.687071
[setup reg-reg] _33246_/Q -> _32529_/D : -9.686883
[setup reg-reg] _33246_/Q -> _32532_/D : -9.686247
[setup reg-reg] _33246_/Q -> _32472_/D : -9.685230
[setup reg-reg] _33246_/Q -> _29128_/D : -9.684478
[setup reg-reg] _33246_/Q -> _36306_/D : -9.684112
[setup reg-reg] _33246_/Q -> _32528_/D : -9.683177
[setup reg-reg] _33246_/Q -> _32490_/D : -9.682722
[setup reg-reg] _33246_/Q -> _32521_/D : -9.682623
[setup reg-reg] _33246_/Q -> _32525_/D : -9.682623
[setup reg-reg] _33246_/Q -> _32508_/D : -9.682456
[setup reg-reg] _33246_/Q -> _32470_/D : -9.682413
[setup reg-reg] _33246_/Q -> _36328_/D : -9.681639
[setup reg-reg] _33246_/Q -> _29109_/D : -9.680353
[setup reg-reg] _33246_/Q -> _32492_/D : -9.680228
[setup reg-reg] _33246_/Q -> _36279_/D : -9.680218
[setup reg-reg] _33246_/Q -> _36287_/D : -9.679913
[setup reg-reg] _33246_/Q -> _36277_/D : -9.679614
[setup reg-reg] _33246_/Q -> _33765_/D : -9.679436
[setup reg-reg] _33246_/Q -> _36297_/D : -9.679419
[setup reg-reg] _33246_/Q -> _29131_/D : -9.678470
[setup reg-reg] _33246_/Q -> _29127_/D : -9.678410
[setup reg-reg] _33246_/Q -> _31921_/D : -9.678161
[setup reg-reg] _33246_/Q -> _32473_/D : -9.678146
[setup reg-reg] _33246_/Q -> _29107_/D : -9.677713
[setup reg-reg] _33246_/Q -> _32471_/D : -9.677273
[setup reg-reg] _33246_/Q -> _30149_/D : -9.677173
[setup reg-reg] _33246_/Q -> _36266_/D : -9.677073
[setup reg-reg] _33246_/Q -> _29133_/D : -9.677045
[setup reg-reg] _33246_/Q -> _30157_/D : -9.676921
[setup reg-reg] _33246_/Q -> _32265_/D : -9.674885
[setup reg-reg] _33246_/Q -> _33757_/D : -9.673812
[setup reg-reg] _33246_/Q -> _33373_/D : -9.673109
[setup reg-reg] _33246_/Q -> _32491_/D : -9.673020
[setup reg-reg] _33246_/Q -> _29112_/D : -9.672729
[setup reg-reg] _33246_/Q -> _32495_/D : -9.672533
[setup reg-reg] _33246_/Q -> _29118_/D : -9.671336
[setup reg-reg] _33246_/Q -> _28694_/D : -9.670238
[setup reg-reg] _33246_/Q -> _28701_/D : -9.669993
[setup reg-reg] _33246_/Q -> _32497_/D : -9.669971
[setup reg-reg] _33246_/Q -> _32482_/D : -9.669840
[setup reg-reg] _33246_/Q -> _32498_/D : -9.669154
[setup reg-reg] _33246_/Q -> _32480_/D : -9.669087
[setup reg-reg] _33246_/Q -> _29116_/D : -9.668717
[setup reg-reg] _33246_/Q -> _31309_/D : -9.668554
[setup reg-reg] _33246_/Q -> _32476_/D : -9.668558
[setup reg-reg] _33246_/Q -> _33229_/D : -9.666995
[setup reg-reg] _33246_/Q -> _33384_/D : -9.662806
[setup reg-reg] _33246_/Q -> _31301_/D : -9.662482
[setup reg-reg] _33246_/Q -> _34081_/D : -9.661740
[setup reg-reg] _33246_/Q -> _33220_/D : -9.661098
[setup reg-reg] _33246_/Q -> _33216_/D : -9.660799
[setup reg-reg] _33246_/Q -> _33215_/D : -9.660497
[setup reg-reg] _33246_/Q -> _33213_/D : -9.660077
[setup reg-reg] _33246_/Q -> _32276_/D : -9.659381
[setup reg-reg] _33246_/Q -> _31294_/D : -9.655942
[setup reg-reg] _33246_/Q -> _28365_/D : -9.655704
[setup reg-reg] _33246_/Q -> _32510_/D : -9.654688
[setup reg-reg] _33246_/Q -> _30138_/D : -9.653580
[setup reg-reg] _33246_/Q -> _34067_/D : -9.652034
[setup reg-reg] _33246_/Q -> _34379_/D : -9.651618
[setup reg-reg] _33246_/Q -> _32273_/D : -9.651160
[setup reg-reg] _33246_/Q -> _34065_/D : -9.650713
[setup reg-reg] _33246_/Q -> _33746_/D : -9.649572
[setup reg-reg] _33246_/Q -> _30919_/D : -9.646257
[setup reg-reg] _33246_/Q -> _36473_/D : -9.646183
[setup reg-reg] _33246_/Q -> _35366_/D : -9.646105
[setup reg-reg] _33246_/Q -> _30917_/D : -9.645430
[setup reg-reg] _33246_/Q -> _29124_/D : -9.645234
[setup reg-reg] _33246_/Q -> _35046_/D : -9.645216
[setup reg-reg] _33246_/Q -> _29114_/D : -9.644826
[setup reg-reg] _33246_/Q -> _36286_/D : -9.644556
[setup reg-reg] _33246_/Q -> _36441_/D : -9.644300
[setup reg-reg] _33246_/Q -> _30918_/D : -9.643621
[setup reg-reg] _33246_/Q -> _36409_/D : -9.643394
[setup reg-reg] _33246_/Q -> _34403_/D : -9.643224
[setup reg-reg] _33246_/Q -> _29136_/D : -9.642825
[setup reg-reg] _33246_/Q -> _29134_/D : -9.642694
[setup reg-reg] _33246_/Q -> _29132_/D : -9.642673
[setup reg-reg] _33246_/Q -> _30390_/D : -9.642673
[setup reg-reg] _33246_/Q -> _29125_/D : -9.642630
[setup reg-reg] _33246_/Q -> _32488_/D : -9.642591
[setup reg-reg] _33246_/Q -> _29129_/D : -9.642427
[setup reg-reg] _33246_/Q -> _33381_/D : -9.642218
[setup reg-reg] _33246_/Q -> _30391_/D : -9.642164
[setup reg-reg] _33246_/Q -> _32478_/D : -9.641791
[setup reg-reg] _33246_/Q -> _30410_/D : -9.640804
[setup reg-reg] _33246_/Q -> _30416_/D : -9.640690
[setup reg-reg] _33246_/Q -> _35027_/D : -9.639894
[setup reg-reg] _33246_/Q -> _32496_/D : -9.639454
[setup reg-reg] _33246_/Q -> _32500_/D : -9.638996
[setup reg-reg] _33246_/Q -> _32489_/D : -9.638943
[setup reg-reg] _33246_/Q -> _32493_/D : -9.638885
[setup reg-reg] _33246_/Q -> _28717_/D : -9.638527
[setup reg-reg] _33246_/Q -> _35025_/D : -9.638509
[setup reg-reg] _33246_/Q -> _30898_/D : -9.638402
[setup reg-reg] _33246_/Q -> _35347_/D : -9.638062
[setup reg-reg] _33246_/Q -> _35345_/D : -9.636974
[setup reg-reg] _33246_/Q -> _30899_/D : -9.635852
[setup reg-reg] _33246_/Q -> _36505_/D : -9.633474
[setup reg-reg] _33246_/Q -> _34726_/D : -9.633396
[setup reg-reg] _33246_/Q -> _28692_/D : -9.633066
[setup reg-reg] _33246_/Q -> _28712_/D : -9.632490
[setup reg-reg] _33246_/Q -> _34712_/D : -9.632438
[setup reg-reg] _33246_/Q -> _34705_/D : -9.630640
[setup reg-reg] _33246_/Q -> _34397_/D : -9.629918
[setup reg-reg] _33246_/Q -> _30142_/D : -9.629734
[setup reg-reg] _33246_/Q -> _31895_/D : -9.629567
[setup reg-reg] _33246_/Q -> _28359_/D : -9.629076
[setup reg-reg] _33246_/Q -> _28351_/D : -9.628796
[setup reg-reg] _33246_/Q -> _31915_/D : -9.628448
[setup reg-reg] _33246_/Q -> _32267_/D : -9.628444
[setup reg-reg] _33246_/Q -> _32259_/D : -9.628103
[setup reg-reg] _33246_/Q -> _31913_/D : -9.627080
[setup reg-reg] _33246_/Q -> _28350_/D : -9.626454
[setup reg-reg] _33246_/Q -> _31914_/D : -9.626287
[setup reg-reg] _33246_/Q -> _36537_/D : -9.626075
[setup reg-reg] _33246_/Q -> _33750_/D : -9.625869
[setup reg-reg] _33246_/Q -> _34386_/D : -9.625624
[setup reg-reg] _33246_/Q -> _33367_/D : -9.625482
[setup reg-reg] _33246_/Q -> _33375_/D : -9.625474
[setup reg-reg] _33246_/Q -> _28693_/D : -9.624475
[setup reg-reg] _33246_/Q -> _31906_/D : -9.624408
[setup reg-reg] _33246_/Q -> _28691_/D : -9.623079
[setup reg-reg] _33246_/Q -> _32258_/D : -9.622721
[setup reg-reg] _33246_/Q -> _30155_/D : -9.622476
[setup reg-reg] _33246_/Q -> _30906_/D : -9.622255
[setup reg-reg] _33246_/Q -> _28702_/D : -9.622120
[setup reg-reg] _33246_/Q -> _28719_/D : -9.622060
[setup reg-reg] _33246_/Q -> _33763_/D : -9.622035
[setup reg-reg] _33246_/Q -> _33366_/D : -9.621594
[setup reg-reg] _33246_/Q -> _28700_/D : -9.620827
[setup reg-reg] _33246_/Q -> _28715_/D : -9.620604
[setup reg-reg] _33246_/Q -> _28720_/D : -9.620507
[setup reg-reg] _33246_/Q -> _28708_/D : -9.619459
[setup reg-reg] _33246_/Q -> _33354_/D : -9.619335
[setup reg-reg] _33246_/Q -> _31290_/D : -9.618539
[setup reg-reg] _33246_/Q -> _33355_/D : -9.617704
[setup reg-reg] _33246_/Q -> _36601_/D : -9.617686
[setup reg-reg] _33246_/Q -> _28346_/D : -9.617476
[setup reg-reg] _33246_/Q -> _30910_/D : -9.617445
[setup reg-reg] _33246_/Q -> _28339_/D : -9.617310
[setup reg-reg] _33246_/Q -> _32247_/D : -9.616947
[setup reg-reg] _33246_/Q -> _28338_/D : -9.616482
[setup reg-reg] _33246_/Q -> _28593_/D : -9.615235
[setup reg-reg] _33246_/Q -> _28709_/D : -9.614976
[setup reg-reg] _33246_/Q -> _28716_/D : -9.614972
[setup reg-reg] _33246_/Q -> _34062_/D : -9.614191
[setup reg-reg] _33246_/Q -> _31307_/D : -9.614010
[setup reg-reg] _33246_/Q -> _28713_/D : -9.613917
[setup reg-reg] _33246_/Q -> _34060_/D : -9.613466
[setup reg-reg] _33246_/Q -> _33210_/D : -9.612872
[setup reg-reg] _33246_/Q -> _28609_/D : -9.612613
[setup reg-reg] _33246_/Q -> _33234_/D : -9.612268
[setup reg-reg] _33246_/Q -> _28618_/D : -9.612077
[setup reg-reg] _33246_/Q -> _28696_/D : -9.612005
[setup reg-reg] _33246_/Q -> _28610_/D : -9.611978
[setup reg-reg] _33246_/Q -> _28718_/D : -9.611938
[setup reg-reg] _33246_/Q -> _33212_/D : -9.611764
[setup reg-reg] _33246_/Q -> _34390_/D : -9.611686
[setup reg-reg] _33246_/Q -> _33236_/D : -9.611476
[setup reg-reg] _33246_/Q -> _32581_/D : -9.611089
[setup reg-reg] _33246_/Q -> _36273_/D : -9.610660
[setup reg-reg] _33246_/Q -> _30923_/D : -9.608201
[setup reg-reg] _33246_/Q -> _28561_/D : -9.607856
[setup reg-reg] _33246_/Q -> _36296_/D : -9.605721
[setup reg-reg] _33246_/Q -> _36569_/D : -9.605355
[setup reg-reg] _33246_/Q -> _28577_/D : -9.604431
[setup reg-reg] _33246_/Q -> _28578_/D : -9.604332
[setup reg-reg] _33246_/Q -> _28586_/D : -9.604130
[setup reg-reg] _33246_/Q -> _28534_/D : -9.603156
[setup reg-reg] _33246_/Q -> _28502_/D : -9.603031
[setup reg-reg] _33246_/Q -> _28481_/D : -9.602979
[setup reg-reg] _33246_/Q -> _28482_/D : -9.602798
[setup reg-reg] _33246_/Q -> _28497_/D : -9.602527
[setup reg-reg] _33246_/Q -> _34086_/D : -9.602349
[setup reg-reg] _33246_/Q -> _28546_/D : -9.602065
[setup reg-reg] _33246_/Q -> _32254_/D : -9.601859
[setup reg-reg] _33246_/Q -> _28529_/D : -9.601816
[setup reg-reg] _33246_/Q -> _33362_/D : -9.601287
[setup reg-reg] _33246_/Q -> _28386_/D : -9.601039
[setup reg-reg] _33246_/Q -> _28385_/D : -9.600292
[setup reg-reg] _33246_/Q -> _28363_/D : -9.599771
[setup reg-reg] _33246_/Q -> _35340_/D : -9.599522
[setup reg-reg] _33246_/Q -> _28473_/D : -9.599298
[setup reg-reg] _33246_/Q -> _28503_/D : -9.599095
[setup reg-reg] _33246_/Q -> _28513_/D : -9.598992
[setup reg-reg] _33246_/Q -> _32271_/D : -9.598818
[setup reg-reg] _33246_/Q -> _35020_/D : -9.598811
[setup reg-reg] _33246_/Q -> _28514_/D : -9.598772
[setup reg-reg] _33246_/Q -> _28545_/D : -9.598513
[setup reg-reg] _33246_/Q -> _28465_/D : -9.597870
[setup reg-reg] _33246_/Q -> _28369_/D : -9.597411
[setup reg-reg] _33246_/Q -> _34072_/D : -9.596512
[setup reg-reg] _33246_/Q -> _28379_/D : -9.596072
[setup reg-reg] _33246_/Q -> _28439_/D : -9.595564
[setup reg-reg] _33246_/Q -> _28449_/D : -9.594580
[setup reg-reg] _33246_/Q -> _33379_/D : -9.592537
[setup reg-reg] _33246_/Q -> _31902_/D : -9.592259
[setup reg-reg] _33246_/Q -> _30415_/D : -9.591549
[setup reg-reg] _33246_/Q -> _28441_/D : -9.591532
[setup reg-reg] _33246_/Q -> _28451_/D : -9.591520
[setup reg-reg] _33246_/Q -> _28433_/D : -9.591211
[setup reg-reg] _33246_/Q -> _34700_/D : -9.590828
[setup reg-reg] _33246_/Q -> _28443_/D : -9.590167
[setup reg-reg] _33246_/Q -> _28417_/D : -9.588966
[setup reg-reg] _33246_/Q -> _28409_/D : -9.586419
[setup reg-reg] _33246_/Q -> _28698_/D : -9.585851
[setup reg-reg] _33246_/Q -> _28419_/D : -9.585676
[setup reg-reg] _33246_/Q -> _28401_/D : -9.584632
[setup reg-reg] _33246_/Q -> _28411_/D : -9.584302
[setup reg-reg] _33246_/Q -> _31919_/D : -9.581718
[setup reg-reg] _33246_/Q -> _36460_/D : -9.578710
[setup reg-reg] _33246_/Q -> _36457_/D : -9.577598
[setup reg-reg] _33246_/Q -> _36428_/D : -9.576986
[setup reg-reg] _33246_/Q -> _29552_/D : -9.576972
[setup reg-reg] _33246_/Q -> _36448_/D : -9.576152
[setup reg-reg] _33246_/Q -> _36393_/D : -9.575885
[setup reg-reg] _33246_/Q -> _36425_/D : -9.575530
[setup reg-reg] _33246_/Q -> _34707_/D : -9.575253
[setup reg-reg] _33246_/Q -> _34063_/D : -9.572613
[setup reg-reg] _33246_/Q -> _34068_/D : -9.571799
[setup reg-reg] _33246_/Q -> _34064_/D : -9.571136
[setup reg-reg] _33246_/Q -> _34076_/D : -9.567092
[setup reg-reg] _33246_/Q -> _36492_/D : -9.565625
[setup reg-reg] _33246_/Q -> _36489_/D : -9.565405
[setup reg-reg] _33246_/Q -> _34061_/D : -9.563334
[setup reg-reg] _33246_/Q -> _33233_/D : -9.560204
[setup reg-reg] _33246_/Q -> _36521_/D : -9.559507
[setup reg-reg] _33246_/Q -> _36488_/D : -9.557390
[setup reg-reg] _33246_/Q -> _35361_/D : -9.557301
[setup reg-reg] _33246_/Q -> _35348_/D : -9.557265
[setup reg-reg] _33246_/Q -> _35041_/D : -9.556925
[setup reg-reg] _33246_/Q -> _35352_/D : -9.556705
[setup reg-reg] _33246_/Q -> _35032_/D : -9.556615
[setup reg-reg] _33246_/Q -> _36487_/D : -9.556384
[setup reg-reg] _33246_/Q -> _30404_/D : -9.556228
[setup reg-reg] _33246_/Q -> _36480_/D : -9.556143
[setup reg-reg] _33246_/Q -> _28891_/D : -9.555177
[setup reg-reg] _33246_/Q -> _36424_/D : -9.554839
[setup reg-reg] _33246_/Q -> _36423_/D : -9.554477
[setup reg-reg] _33246_/Q -> _35343_/D : -9.553972
[setup reg-reg] _33246_/Q -> _36416_/D : -9.553915
[setup reg-reg] _33246_/Q -> _36456_/D : -9.553869
[setup reg-reg] _33246_/Q -> _36455_/D : -9.553805
[setup reg-reg] _33246_/Q -> _35344_/D : -9.553027
[setup reg-reg] _33246_/Q -> _35028_/D : -9.552920
[setup reg-reg] _33246_/Q -> _35024_/D : -9.552885
[setup reg-reg] _33246_/Q -> _35023_/D : -9.552078
[setup reg-reg] _33246_/Q -> _36588_/D : -9.552008
[setup reg-reg] _33246_/Q -> _36476_/D : -9.551713
[setup reg-reg] _33246_/Q -> _36466_/D : -9.551187
[setup reg-reg] _33246_/Q -> _36484_/D : -9.550462
[setup reg-reg] _33246_/Q -> _36585_/D : -9.550451
[setup reg-reg] _33246_/Q -> _36449_/D : -9.550099
[setup reg-reg] _33246_/Q -> _36453_/D : -9.549922
[setup reg-reg] _33246_/Q -> _36481_/D : -9.549531
[setup reg-reg] _33246_/Q -> _36485_/D : -9.549442
[setup reg-reg] _33246_/Q -> _36412_/D : -9.549393
[setup reg-reg] _33246_/Q -> _36402_/D : -9.549201
[setup reg-reg] _33246_/Q -> _36444_/D : -9.548906
[setup reg-reg] _33246_/Q -> _28614_/D : -9.548824
[setup reg-reg] _33246_/Q -> _34708_/D : -9.548575
[setup reg-reg] _33246_/Q -> _28596_/D : -9.548480
[setup reg-reg] _33246_/Q -> _28594_/D : -9.548409
[setup reg-reg] _33246_/Q -> _36464_/D : -9.548348
[setup reg-reg] _33246_/Q -> _36468_/D : -9.548142
[setup reg-reg] _33246_/Q -> _36452_/D : -9.548120
[setup reg-reg] _33246_/Q -> _36477_/D : -9.548054
[setup reg-reg] _33246_/Q -> _28598_/D : -9.547976
[setup reg-reg] _33246_/Q -> _36434_/D : -9.547950
[setup reg-reg] _33246_/Q -> _34721_/D : -9.547879
[setup reg-reg] _33246_/Q -> _36417_/D : -9.547766
[setup reg-reg] _33246_/Q -> _36421_/D : -9.547133
[setup reg-reg] _33246_/Q -> _36436_/D : -9.546607
[setup reg-reg] _33246_/Q -> _36432_/D : -9.546536
[setup reg-reg] _33246_/Q -> _28889_/D : -9.546302
[setup reg-reg] _33246_/Q -> _36420_/D : -9.546298
[setup reg-reg] _33246_/Q -> _36413_/D : -9.546063
[setup reg-reg] _33246_/Q -> _36445_/D : -9.545925
[setup reg-reg] _33246_/Q -> _36520_/D : -9.545019
[setup reg-reg] _33246_/Q -> _34082_/D : -9.544724
[setup reg-reg] _33246_/Q -> _36519_/D : -9.544547
[setup reg-reg] _33246_/Q -> _28599_/D : -9.544433
[setup reg-reg] _33246_/Q -> _34704_/D : -9.544380
[setup reg-reg] _33246_/Q -> _34703_/D : -9.544344
[setup reg-reg] _33246_/Q -> _32565_/D : -9.543541
[setup reg-reg] _33246_/Q -> _36512_/D : -9.543513
[setup reg-reg] _33246_/Q -> _31126_/D : -9.543491
[setup reg-reg] _33246_/Q -> _35356_/D : -9.542095
[setup reg-reg] _33246_/Q -> _31139_/D : -9.542027
[setup reg-reg] _33246_/Q -> _28566_/D : -9.541758
[setup reg-reg] _33246_/Q -> _31137_/D : -9.541523
[setup reg-reg] _33246_/Q -> _36508_/D : -9.541055
[setup reg-reg] _33246_/Q -> _35036_/D : -9.540810
[setup reg-reg] _33246_/Q -> _36498_/D : -9.539772
[setup reg-reg] _33246_/Q -> _28564_/D : -9.539676
[setup reg-reg] _33246_/Q -> _36516_/D : -9.539612
[setup reg-reg] _33246_/Q -> _28562_/D : -9.539058
[setup reg-reg] _33246_/Q -> _31150_/D : -9.538998
[setup reg-reg] _33246_/Q -> _28582_/D : -9.538831
[setup reg-reg] _33246_/Q -> _36517_/D : -9.538226
[setup reg-reg] _33246_/Q -> _36513_/D : -9.537903
[setup reg-reg] _33246_/Q -> _36553_/D : -9.537307
[setup reg-reg] _33246_/Q -> _36509_/D : -9.537246
[setup reg-reg] _33246_/Q -> _28567_/D : -9.537008
[setup reg-reg] _33246_/Q -> _36544_/D : -9.536479
[setup reg-reg] _33246_/Q -> _34071_/D : -9.536447
[setup reg-reg] _33246_/Q -> _28487_/D : -9.536414
[setup reg-reg] _33246_/Q -> _34074_/D : -9.536411
[setup reg-reg] _33246_/Q -> _28470_/D : -9.536365
[setup reg-reg] _33246_/Q -> _28535_/D : -9.536241
[setup reg-reg] _33246_/Q -> _34078_/D : -9.536024
[setup reg-reg] _33246_/Q -> _28466_/D : -9.535459
[setup reg-reg] _33246_/Q -> _28500_/D : -9.535356
[setup reg-reg] _33246_/Q -> _28501_/D : -9.535299
[setup reg-reg] _33246_/Q -> _28468_/D : -9.535213
[setup reg-reg] _33246_/Q -> _36551_/D : -9.535192
[setup reg-reg] _33246_/Q -> _36534_/D : -9.535172
[setup reg-reg] _33246_/Q -> _28479_/D : -9.535125
[setup reg-reg] _33246_/Q -> _28486_/D : -9.535018
[setup reg-reg] _33246_/Q -> _28532_/D : -9.534784
[setup reg-reg] _33246_/Q -> _28391_/D : -9.534723
[setup reg-reg] _33246_/Q -> _28374_/D : -9.534670
[setup reg-reg] _33246_/Q -> _35042_/D : -9.534528
[setup reg-reg] _33246_/Q -> _28370_/D : -9.534315
[setup reg-reg] _33246_/Q -> _28498_/D : -9.534123
[setup reg-reg] _33246_/Q -> _28371_/D : -9.533970
[setup reg-reg] _33246_/Q -> _28511_/D : -9.533875
[setup reg-reg] _33246_/Q -> _28533_/D : -9.533814
[setup reg-reg] _33246_/Q -> _28543_/D : -9.533814
[setup reg-reg] _33246_/Q -> _28518_/D : -9.533658
[setup reg-reg] _33246_/Q -> _28383_/D : -9.533583
[setup reg-reg] _33246_/Q -> _30403_/D : -9.533519
[setup reg-reg] _33246_/Q -> _28372_/D : -9.533416
[setup reg-reg] _33246_/Q -> _28530_/D : -9.533391
[setup reg-reg] _33246_/Q -> _28550_/D : -9.533317
[setup reg-reg] _33246_/Q -> _28390_/D : -9.532975
[setup reg-reg] _33246_/Q -> _35362_/D : -9.532262
[setup reg-reg] _33246_/Q -> _34716_/D : -9.532059
[setup reg-reg] _33246_/Q -> _36549_/D : -9.530876
[setup reg-reg] _33246_/Q -> _36552_/D : -9.530751
[setup reg-reg] _33246_/Q -> _36540_/D : -9.530382
[setup reg-reg] _33246_/Q -> _36548_/D : -9.530261
[setup reg-reg] _33246_/Q -> _36530_/D : -9.530137
[setup reg-reg] _33246_/Q -> _34057_/D : -9.528609
[setup reg-reg] _33246_/Q -> _28438_/D : -9.528251
[setup reg-reg] _33246_/Q -> _28607_/D : -9.528183
[setup reg-reg] _33246_/Q -> _28455_/D : -9.528101
[setup reg-reg] _33246_/Q -> _34079_/D : -9.527973
[setup reg-reg] _33246_/Q -> _28450_/D : -9.527881
[setup reg-reg] _33246_/Q -> _36608_/D : -9.527824
[setup reg-reg] _33246_/Q -> _36598_/D : -9.527761
[setup reg-reg] _33246_/Q -> _28335_/D : -9.527419
[setup reg-reg] _33246_/Q -> _36541_/D : -9.527376
[setup reg-reg] _33246_/Q -> _35351_/D : -9.526989
[setup reg-reg] _33246_/Q -> _36545_/D : -9.526741
[setup reg-reg] _33246_/Q -> _34058_/D : -9.526727
[setup reg-reg] _33246_/Q -> _28447_/D : -9.526602
[setup reg-reg] _33246_/Q -> _28436_/D : -9.526591
[setup reg-reg] _33246_/Q -> _33224_/D : -9.526484
[setup reg-reg] _33246_/Q -> _28597_/D : -9.526414
[setup reg-reg] _33246_/Q -> _28595_/D : -9.525809
[setup reg-reg] _33246_/Q -> _34722_/D : -9.525743
[setup reg-reg] _33246_/Q -> _28615_/D : -9.525657
[setup reg-reg] _33246_/Q -> _31145_/D : -9.525436
[setup reg-reg] _33246_/Q -> _28454_/D : -9.525394
[setup reg-reg] _33246_/Q -> _28616_/D : -9.525401
[setup reg-reg] _33246_/Q -> _28434_/D : -9.524826
[setup reg-reg] _33246_/Q -> _31132_/D : -9.524530
[setup reg-reg] _33246_/Q -> _35034_/D : -9.524427
[setup reg-reg] _33246_/Q -> _29633_/D : -9.524165
[setup reg-reg] _33246_/Q -> _28336_/D : -9.523426
[setup reg-reg] _33246_/Q -> _28333_/D : -9.523227
[setup reg-reg] _33246_/Q -> _36604_/D : -9.523177
[setup reg-reg] _33246_/Q -> _34714_/D : -9.523146
[setup reg-reg] _33246_/Q -> _31136_/D : -9.523117
[setup reg-reg] _33246_/Q -> _28406_/D : -9.523070
[setup reg-reg] _33246_/Q -> _36594_/D : -9.523039
[setup reg-reg] _33246_/Q -> _28404_/D : -9.522786
[setup reg-reg] _33246_/Q -> _28332_/D : -9.522772
[setup reg-reg] _33246_/Q -> _28418_/D : -9.522669
[setup reg-reg] _33246_/Q -> _35038_/D : -9.522512
[setup reg-reg] _33246_/Q -> _35354_/D : -9.522374
[setup reg-reg] _33246_/Q -> _28612_/D : -9.522360
[setup reg-reg] _33246_/Q -> _28602_/D : -9.521845
[setup reg-reg] _33246_/Q -> _28619_/D : -9.521795
[setup reg-reg] _33246_/Q -> _28620_/D : -9.521746
[setup reg-reg] _33246_/Q -> _28403_/D : -9.521678
[setup reg-reg] _33246_/Q -> _28624_/D : -9.521632
[setup reg-reg] _33246_/Q -> _28402_/D : -9.521458
[setup reg-reg] _33246_/Q -> _28405_/D : -9.521361
[setup reg-reg] _33246_/Q -> _28617_/D : -9.521301
[setup reg-reg] _33246_/Q -> _28613_/D : -9.521280
[setup reg-reg] _33246_/Q -> _32588_/D : -9.521155
[setup reg-reg] _33246_/Q -> _28415_/D : -9.521049
[setup reg-reg] _33246_/Q -> _28575_/D : -9.520790
[setup reg-reg] _33246_/Q -> _28422_/D : -9.520562
[setup reg-reg] _33246_/Q -> _35358_/D : -9.520428
[setup reg-reg] _33246_/Q -> _28623_/D : -9.520360
[setup reg-reg] _33246_/Q -> _36605_/D : -9.520307
[setup reg-reg] _33246_/Q -> _31140_/D : -9.520183
[setup reg-reg] _33246_/Q -> _32595_/D : -9.520136
[setup reg-reg] _33246_/Q -> _36609_/D : -9.519837
[setup reg-reg] _33246_/Q -> _32578_/D : -9.519681
[setup reg-reg] _33246_/Q -> _31131_/D : -9.519625
[setup reg-reg] _33246_/Q -> _28584_/D : -9.519304
[setup reg-reg] _33246_/Q -> _28621_/D : -9.519188
[setup reg-reg] _33246_/Q -> _31129_/D : -9.519013
[setup reg-reg] _33246_/Q -> _31146_/D : -9.518708
[setup reg-reg] _33246_/Q -> _31128_/D : -9.518474
[setup reg-reg] _33246_/Q -> _28604_/D : -9.518449
[setup reg-reg] _33246_/Q -> _28600_/D : -9.518167
[setup reg-reg] _33246_/Q -> _28622_/D : -9.518040
[setup reg-reg] _33246_/Q -> _30920_/D : -9.517926
[setup reg-reg] _33246_/Q -> _28606_/D : -9.517809
[setup reg-reg] _33246_/Q -> _30901_/D : -9.517283
[setup reg-reg] _33246_/Q -> _30388_/D : -9.516676
[setup reg-reg] _33246_/Q -> _28565_/D : -9.516615
[setup reg-reg] _33246_/Q -> _28563_/D : -9.515816
[setup reg-reg] _33246_/Q -> _30401_/D : -9.515635
[setup reg-reg] _33246_/Q -> _35337_/D : -9.515638
[setup reg-reg] _33246_/Q -> _32593_/D : -9.515603
[setup reg-reg] _33246_/Q -> _36576_/D : -9.515411
[setup reg-reg] _33246_/Q -> _32596_/D : -9.515202
[setup reg-reg] _33246_/Q -> _36581_/D : -9.515180
[setup reg-reg] _33246_/Q -> _35353_/D : -9.515169
[setup reg-reg] _33246_/Q -> _36566_/D : -9.515080
[setup reg-reg] _33246_/Q -> _35360_/D : -9.515062
[setup reg-reg] _33246_/Q -> _28592_/D : -9.515017
[setup reg-reg] _33246_/Q -> _35033_/D : -9.515010
[setup reg-reg] _33246_/Q -> _35035_/D : -9.514942
[setup reg-reg] _33246_/Q -> _32574_/D : -9.514893
[setup reg-reg] _33246_/Q -> _28583_/D : -9.514871
[setup reg-reg] _33246_/Q -> _28587_/D : -9.514871
[setup reg-reg] _33246_/Q -> _35359_/D : -9.514843
[setup reg-reg] _33246_/Q -> _32584_/D : -9.514825
[setup reg-reg] _33246_/Q -> _32592_/D : -9.514796
[setup reg-reg] _33246_/Q -> _30408_/D : -9.514729
[setup reg-reg] _33246_/Q -> _36583_/D : -9.514619
[setup reg-reg] _33246_/Q -> _34718_/D : -9.514547
[setup reg-reg] _33246_/Q -> _35040_/D : -9.514349
[setup reg-reg] _33246_/Q -> _34697_/D : -9.514281
[setup reg-reg] _33246_/Q -> _28591_/D : -9.513869
[setup reg-reg] _33246_/Q -> _28520_/D : -9.513485
[setup reg-reg] _33246_/Q -> _30389_/D : -9.513400
[setup reg-reg] _33246_/Q -> _35338_/D : -9.513268
[setup reg-reg] _33246_/Q -> _35039_/D : -9.513244
[setup reg-reg] _33246_/Q -> _28589_/D : -9.513223
[setup reg-reg] _33246_/Q -> _28491_/D : -9.512856
[setup reg-reg] _33246_/Q -> _28585_/D : -9.512864
[setup reg-reg] _33246_/Q -> _28581_/D : -9.512838
[setup reg-reg] _33246_/Q -> _28469_/D : -9.512807
[setup reg-reg] _33246_/Q -> _28580_/D : -9.512640
[setup reg-reg] _33246_/Q -> _28588_/D : -9.512487
[setup reg-reg] _33246_/Q -> _28467_/D : -9.512420
[setup reg-reg] _33246_/Q -> _28570_/D : -9.512284
[setup reg-reg] _33246_/Q -> _32585_/D : -9.512210
[setup reg-reg] _33246_/Q -> _28552_/D : -9.511908
[setup reg-reg] _33246_/Q -> _35017_/D : -9.511855
[setup reg-reg] _33246_/Q -> _28574_/D : -9.511827
[setup reg-reg] _33246_/Q -> _28488_/D : -9.511557
[setup reg-reg] _33246_/Q -> _32589_/D : -9.511559
[setup reg-reg] _33246_/Q -> _28373_/D : -9.511535
[setup reg-reg] _33246_/Q -> _31133_/D : -9.511339
[setup reg-reg] _33246_/Q -> _34075_/D : -9.511045
[setup reg-reg] _33246_/Q -> _28495_/D : -9.510931
[setup reg-reg] _33246_/Q -> _28392_/D : -9.510756
[setup reg-reg] _33246_/Q -> _36572_/D : -9.510608
[setup reg-reg] _33246_/Q -> _28523_/D : -9.510544
[setup reg-reg] _33246_/Q -> _28499_/D : -9.510523
[setup reg-reg] _33246_/Q -> _28572_/D : -9.510327
[setup reg-reg] _33246_/Q -> _28531_/D : -9.510284
[setup reg-reg] _33246_/Q -> _28519_/D : -9.510181
[setup reg-reg] _33246_/Q -> _28568_/D : -9.510004
[setup reg-reg] _33246_/Q -> _36562_/D : -9.509922
[setup reg-reg] _33246_/Q -> _28484_/D : -9.509627
[setup reg-reg] _33246_/Q -> _31138_/D : -9.509609
[setup reg-reg] _33246_/Q -> _28590_/D : -9.509506
[setup reg-reg] _33246_/Q -> _28551_/D : -9.509411
[setup reg-reg] _33246_/Q -> _28399_/D : -9.509282
[setup reg-reg] _33246_/Q -> _28555_/D : -9.509154
[setup reg-reg] _33246_/Q -> _28478_/D : -9.508493
[setup reg-reg] _33246_/Q -> _28492_/D : -9.508472
[setup reg-reg] _33246_/Q -> _28474_/D : -9.508415
[setup reg-reg] _33246_/Q -> _36584_/D : -9.508291
[setup reg-reg] _33246_/Q -> _28517_/D : -9.508266
[setup reg-reg] _33246_/Q -> _28524_/D : -9.508217
[setup reg-reg] _33246_/Q -> _28493_/D : -9.508182
[setup reg-reg] _33246_/Q -> _36573_/D : -9.508188
[setup reg-reg] _33246_/Q -> _36577_/D : -9.508182
[setup reg-reg] _33246_/Q -> _28521_/D : -9.508160
[setup reg-reg] _33246_/Q -> _28485_/D : -9.508089
[setup reg-reg] _33246_/Q -> _36580_/D : -9.508025
[setup reg-reg] _33246_/Q -> _28516_/D : -9.507954
[setup reg-reg] _33246_/Q -> _28506_/D : -9.507908
[setup reg-reg] _33246_/Q -> _28525_/D : -9.507872
[setup reg-reg] _33246_/Q -> _28560_/D : -9.507819
[setup reg-reg] _33246_/Q -> _28388_/D : -9.507801
[setup reg-reg] _33246_/Q -> _28527_/D : -9.507762
[setup reg-reg] _33246_/Q -> _28397_/D : -9.507517
[setup reg-reg] _33246_/Q -> _28528_/D : -9.507315
[setup reg-reg] _33246_/Q -> _34719_/D : -9.507229
[setup reg-reg] _33246_/Q -> _28396_/D : -9.507140
[setup reg-reg] _33246_/Q -> _28389_/D : -9.507105
[setup reg-reg] _33246_/Q -> _28510_/D : -9.507097
[setup reg-reg] _33246_/Q -> _28559_/D : -9.507058
[setup reg-reg] _33246_/Q -> _28378_/D : -9.506967
[setup reg-reg] _33246_/Q -> _28557_/D : -9.506963
[setup reg-reg] _33246_/Q -> _28496_/D : -9.506483
[setup reg-reg] _33246_/Q -> _28548_/D : -9.506366
[setup reg-reg] _33246_/Q -> _28556_/D : -9.506203
[setup reg-reg] _33246_/Q -> _28542_/D : -9.506121
[setup reg-reg] _33246_/Q -> _28538_/D : -9.505932
[setup reg-reg] _33246_/Q -> _28549_/D : -9.505794
[setup reg-reg] _33246_/Q -> _28489_/D : -9.505698
[setup reg-reg] _33246_/Q -> _28476_/D : -9.505591
[setup reg-reg] _33246_/Q -> _28508_/D : -9.505573
[setup reg-reg] _33246_/Q -> _28526_/D : -9.505456
[setup reg-reg] _33246_/Q -> _28400_/D : -9.505108
[setup reg-reg] _33246_/Q -> _28437_/D : -9.505076
[setup reg-reg] _33246_/Q -> _28472_/D : -9.505083
[setup reg-reg] _33246_/Q -> _28456_/D : -9.505027
[setup reg-reg] _33246_/Q -> _28494_/D : -9.505015
[setup reg-reg] _33246_/Q -> _28504_/D : -9.504930
[setup reg-reg] _33246_/Q -> _30115_/D : -9.504912
[setup reg-reg] _33246_/Q -> _30071_/D : -9.504852
[setup reg-reg] _33246_/Q -> _28459_/D : -9.504743
[setup reg-reg] _33246_/Q -> _28380_/D : -9.504397
[setup reg-reg] _33246_/Q -> _28435_/D : -9.504288
[setup reg-reg] _33246_/Q -> _28463_/D : -9.504173
[setup reg-reg] _33246_/Q -> _28536_/D : -9.504049
[setup reg-reg] _33246_/Q -> _28553_/D : -9.503825
[setup reg-reg] _33246_/Q -> _28393_/D : -9.503644
[setup reg-reg] _33246_/Q -> _28540_/D : -9.503627
[setup reg-reg] _33246_/Q -> _28376_/D : -9.503345
[setup reg-reg] _33246_/Q -> _28558_/D : -9.503335
[setup reg-reg] _33246_/Q -> _30049_/D : -9.503289
[setup reg-reg] _33246_/Q -> _28382_/D : -9.502632
[setup reg-reg] _33246_/Q -> _28446_/D : -9.501677
[setup reg-reg] _33246_/Q -> _28461_/D : -9.501101
[setup reg-reg] _33246_/Q -> _28452_/D : -9.500962
[setup reg-reg] _33246_/Q -> _29987_/D : -9.500916
[setup reg-reg] _33246_/Q -> _32391_/D : -9.500710
[setup reg-reg] _33246_/Q -> _28460_/D : -9.500557
[setup reg-reg] _33246_/Q -> _28442_/D : -9.500464
[setup reg-reg] _33246_/Q -> _28453_/D : -9.500234
[setup reg-reg] _33246_/Q -> _31916_/D : -9.500056
[setup reg-reg] _33246_/Q -> _29985_/D : -9.499943
[setup reg-reg] _33246_/Q -> _29975_/D : -9.499931
[setup reg-reg] _33246_/Q -> _31897_/D : -9.499616
[setup reg-reg] _33246_/Q -> _31923_/D : -9.499406
[setup reg-reg] _33246_/Q -> _28464_/D : -9.499367
[setup reg-reg] _33246_/Q -> _28430_/D : -9.499278
[setup reg-reg] _33246_/Q -> _32275_/D : -9.498831
[setup reg-reg] _33246_/Q -> _28444_/D : -9.497665
[setup reg-reg] _33246_/Q -> _28457_/D : -9.497211
[setup reg-reg] _33246_/Q -> _28424_/D : -9.496898
[setup reg-reg] _33246_/Q -> _28440_/D : -9.496877
[setup reg-reg] _33246_/Q -> _28462_/D : -9.496827
[setup reg-reg] _33246_/Q -> _28431_/D : -9.496774
[setup reg-reg] _33246_/Q -> _30007_/D : -9.496333
[setup reg-reg] _33246_/Q -> _30019_/D : -9.496301
[setup reg-reg] _33246_/Q -> _30017_/D : -9.495992
[setup reg-reg] _33246_/Q -> _28429_/D : -9.494684
[setup reg-reg] _33246_/Q -> _28420_/D : -9.494571
[setup reg-reg] _33246_/Q -> _28428_/D : -9.494350
[setup reg-reg] _33246_/Q -> _28410_/D : -9.494102
[setup reg-reg] _33246_/Q -> _28421_/D : -9.493789
[setup reg-reg] _33246_/Q -> _28432_/D : -9.491896
[setup reg-reg] _33246_/Q -> _28425_/D : -9.491405
[setup reg-reg] _33246_/Q -> _28412_/D : -9.491121
[setup reg-reg] _33246_/Q -> _28414_/D : -9.490702
[setup reg-reg] _33246_/Q -> _28408_/D : -9.490677
[setup reg-reg] _33246_/Q -> _33223_/D : -9.490481
[setup reg-reg] _33246_/Q -> _29891_/D : -9.488233
[setup reg-reg] _33246_/Q -> _29898_/D : -9.487969
[setup reg-reg] _33246_/Q -> _34702_/D : -9.487320
[setup reg-reg] _33246_/Q -> _29859_/D : -9.486960
[setup reg-reg] _33246_/Q -> _29866_/D : -9.486279
[setup reg-reg] _33246_/Q -> _33208_/D : -9.485401
[setup reg-reg] _33246_/Q -> _33211_/D : -9.485383
[setup reg-reg] _33246_/Q -> _33209_/D : -9.484783
[setup reg-reg] _33246_/Q -> _33230_/D : -9.484513
[setup reg-reg] _33246_/Q -> _33217_/D : -9.483799
[setup reg-reg] _33246_/Q -> _30405_/D : -9.477749
[setup reg-reg] _33246_/Q -> _33221_/D : -9.476619
[setup reg-reg] _33246_/Q -> _30412_/D : -9.476601
[setup reg-reg] _33246_/Q -> _35342_/D : -9.474092
[setup reg-reg] _33246_/Q -> _35022_/D : -9.473709
[setup reg-reg] _33246_/Q -> _35355_/D : -9.467492
[setup reg-reg] _33246_/Q -> _30399_/D : -9.462351
[setup reg-reg] _33246_/Q -> _30402_/D : -9.461392
[setup reg-reg] _33246_/Q -> _34073_/D : -9.460798
[setup reg-reg] _33246_/Q -> _34080_/D : -9.460230
[setup reg-reg] _33246_/Q -> _30413_/D : -9.458880
[setup reg-reg] _33246_/Q -> _30406_/D : -9.458798
[setup reg-reg] _33246_/Q -> _33235_/D : -9.458720
[setup reg-reg] _33246_/Q -> _30398_/D : -9.457271
[setup reg-reg] _33246_/Q -> _30407_/D : -9.456883
[setup reg-reg] _33246_/Q -> _30386_/D : -9.456677
[setup reg-reg] _33246_/Q -> _34715_/D : -9.456272
[setup reg-reg] _33246_/Q -> _30411_/D : -9.456141
[setup reg-reg] _33246_/Q -> _33228_/D : -9.453338
[setup reg-reg] _33246_/Q -> _33336_/D : -9.450251
[setup reg-reg] _33246_/Q -> _33331_/D : -9.449313
[setup reg-reg] _33246_/Q -> _30385_/D : -9.448233
[setup reg-reg] _33246_/Q -> _35341_/D : -9.447839
[setup reg-reg] _33246_/Q -> _35021_/D : -9.447028
[setup reg-reg] _33246_/Q -> _30387_/D : -9.446815
[setup reg-reg] _33246_/Q -> _30927_/D : -9.446176
[setup reg-reg] _33246_/Q -> _29632_/D : -9.446118
[setup reg-reg] _33246_/Q -> _29625_/D : -9.445099
[setup reg-reg] _33246_/Q -> _29627_/D : -9.445067
[setup reg-reg] _33246_/Q -> _29793_/D : -9.439607
[setup reg-reg] _33246_/Q -> _34701_/D : -9.438161
[setup reg-reg] _33246_/Q -> _34713_/D : -9.438029
[setup reg-reg] _33246_/Q -> _33232_/D : -9.438001
[setup reg-reg] _33246_/Q -> _34084_/D : -9.434523
[setup reg-reg] _33246_/Q -> _34720_/D : -9.434214
[setup reg-reg] _33246_/Q -> _30394_/D : -9.433802
[setup reg-reg] _33246_/Q -> _33219_/D : -9.433233
[setup reg-reg] _33246_/Q -> _33222_/D : -9.433005
[setup reg-reg] _33246_/Q -> _34088_/D : -9.431709
[setup reg-reg] _33246_/Q -> _34069_/D : -9.431663
[setup reg-reg] _33246_/Q -> _33205_/D : -9.429410
[setup reg-reg] _33246_/Q -> _33226_/D : -9.429272
[setup reg-reg] _33246_/Q -> _34059_/D : -9.429247
[setup reg-reg] _33246_/Q -> _28367_/D : -9.428810
[setup reg-reg] _33246_/Q -> _33227_/D : -9.428504
[setup reg-reg] _33246_/Q -> _29794_/D : -9.427896
[setup reg-reg] _33246_/Q -> _33218_/D : -9.427719
[setup reg-reg] _33246_/Q -> _31124_/D : -9.427702
[setup reg-reg] _33246_/Q -> _29792_/D : -9.427655
[setup reg-reg] _33246_/Q -> _33206_/D : -9.427161
[setup reg-reg] _33246_/Q -> _29785_/D : -9.426984
[setup reg-reg] _33246_/Q -> _33231_/D : -9.426487
[setup reg-reg] _33246_/Q -> _29787_/D : -9.426415
[setup reg-reg] _33246_/Q -> _33383_/D : -9.425254
[setup reg-reg] _33246_/Q -> _33337_/D : -9.422202
[setup reg-reg] _33246_/Q -> _29693_/D : -9.422091
[setup reg-reg] _33246_/Q -> _33351_/D : -9.420713
[setup reg-reg] _33246_/Q -> _33207_/D : -9.420095
[setup reg-reg] _33246_/Q -> _33225_/D : -9.419896
[setup reg-reg] _33246_/Q -> _35044_/D : -9.419136
[setup reg-reg] _33246_/Q -> _29789_/D : -9.418283
[setup reg-reg] _33246_/Q -> _33214_/D : -9.417423
[setup reg-reg] _33246_/Q -> _35368_/D : -9.416951
[setup reg-reg] _33246_/Q -> _29647_/D : -9.416610
[setup reg-reg] _33246_/Q -> _35048_/D : -9.416607
[setup reg-reg] _33246_/Q -> _29802_/D : -9.416429
[setup reg-reg] _33246_/Q -> _35349_/D : -9.416180
[setup reg-reg] _33246_/Q -> _35364_/D : -9.416134
[setup reg-reg] _33246_/Q -> _35029_/D : -9.415753
[setup reg-reg] _33246_/Q -> _35031_/D : -9.415370
[setup reg-reg] _33246_/Q -> _29644_/D : -9.415135
[setup reg-reg] _33246_/Q -> _35019_/D : -9.414787
[setup reg-reg] _33246_/Q -> _33332_/D : -9.414435
[setup reg-reg] _33246_/Q -> _33326_/D : -9.412390
[setup reg-reg] _33246_/Q -> _29691_/D : -9.411679
[setup reg-reg] _33246_/Q -> _33324_/D : -9.411544
[setup reg-reg] _33246_/Q -> _29696_/D : -9.411338
[setup reg-reg] _33246_/Q -> _28357_/D : -9.410968
[setup reg-reg] _33246_/Q -> _30102_/D : -9.410766
[setup reg-reg] _33246_/Q -> _34724_/D : -9.410386
[setup reg-reg] _33246_/Q -> _30103_/D : -9.410375
[setup reg-reg] _33246_/Q -> _30113_/D : -9.410212
[setup reg-reg] _33246_/Q -> _29689_/D : -9.409895
[setup reg-reg] _33246_/Q -> _29620_/D : -9.409728
[setup reg-reg] _33246_/Q -> _29628_/D : -9.409586
[setup reg-reg] _33246_/Q -> _29642_/D : -9.409341
[setup reg-reg] _33246_/Q -> _30081_/D : -9.409157
[setup reg-reg] _33246_/Q -> _33346_/D : -9.409007
[setup reg-reg] _33246_/Q -> _30070_/D : -9.408748
[setup reg-reg] _33246_/Q -> _30088_/D : -9.408379
[setup reg-reg] _33246_/Q -> _34728_/D : -9.408066
[setup reg-reg] _33246_/Q -> _30038_/D : -9.407916
[setup reg-reg] _33246_/Q -> _34711_/D : -9.407586
[setup reg-reg] _33246_/Q -> _34699_/D : -9.407512
[setup reg-reg] _33246_/Q -> _29905_/D : -9.407487
[setup reg-reg] _33246_/Q -> _29635_/D : -9.407462
[setup reg-reg] _33246_/Q -> _34709_/D : -9.407405
[setup reg-reg] _33246_/Q -> _29795_/D : -9.407220
[setup reg-reg] _33246_/Q -> _29622_/D : -9.406943
[setup reg-reg] _33246_/Q -> _29623_/D : -9.406826
[setup reg-reg] _33246_/Q -> _33345_/D : -9.405963
[setup reg-reg] _33246_/Q -> _33348_/D : -9.405128
[setup reg-reg] _33246_/Q -> _29641_/D : -9.404989
[setup reg-reg] _33246_/Q -> _29706_/D : -9.404126
[setup reg-reg] _33246_/Q -> _29930_/D : -9.404065
[setup reg-reg] _33246_/Q -> _33341_/D : -9.403980
[setup reg-reg] _33246_/Q -> _33329_/D : -9.403593
[setup reg-reg] _33246_/Q -> _33350_/D : -9.403543
[setup reg-reg] _33246_/Q -> _31127_/D : -9.403507
[setup reg-reg] _33246_/Q -> _33349_/D : -9.403188
[setup reg-reg] _33246_/Q -> _33335_/D : -9.401553
[setup reg-reg] _33246_/Q -> _33333_/D : -9.401131
[setup reg-reg] _33246_/Q -> _29636_/D : -9.400513
[setup reg-reg] _33246_/Q -> _29631_/D : -9.400303
[setup reg-reg] _33246_/Q -> _31135_/D : -9.400068
[setup reg-reg] _33246_/Q -> _33342_/D : -9.399983
[setup reg-reg] _33246_/Q -> _29637_/D : -9.399905
[setup reg-reg] _33246_/Q -> _33338_/D : -9.399834
[setup reg-reg] _33246_/Q -> _28897_/D : -9.399582
[setup reg-reg] _33246_/Q -> _29738_/D : -9.399564
[setup reg-reg] _33246_/Q -> _28896_/D : -9.399450
[setup reg-reg] _33246_/Q -> _31152_/D : -9.399458
[setup reg-reg] _33246_/Q -> _29645_/D : -9.398604
[setup reg-reg] _33246_/Q -> _28906_/D : -9.398505
[setup reg-reg] _33246_/Q -> _28895_/D : -9.398410
[setup reg-reg] _33246_/Q -> _29780_/D : -9.398232
[setup reg-reg] _33246_/Q -> _28881_/D : -9.398136
[setup reg-reg] _33246_/Q -> _28887_/D : -9.398044
[setup reg-reg] _33246_/Q -> _29646_/D : -9.397947
[setup reg-reg] _33246_/Q -> _28902_/D : -9.397859
[setup reg-reg] _33246_/Q -> _28898_/D : -9.397799
[setup reg-reg] _33246_/Q -> _29782_/D : -9.397401
[setup reg-reg] _33246_/Q -> _29629_/D : -9.397226
[setup reg-reg] _33246_/Q -> _33322_/D : -9.397066
[setup reg-reg] _33246_/Q -> _29798_/D : -9.396975
[setup reg-reg] _33246_/Q -> _29777_/D : -9.396938
[setup reg-reg] _33246_/Q -> _29634_/D : -9.396573
[setup reg-reg] _33246_/Q -> _30101_/D : -9.396100
[setup reg-reg] _33246_/Q -> _29923_/D : -9.396075
[setup reg-reg] _33246_/Q -> _29681_/D : -9.396029
[setup reg-reg] _33246_/Q -> _30120_/D : -9.395699
[setup reg-reg] _33246_/Q -> _33339_/D : -9.395276
[setup reg-reg] _33246_/Q -> _29973_/D : -9.395123
[setup reg-reg] _33246_/Q -> _29638_/D : -9.394729
[setup reg-reg] _33246_/Q -> _29922_/D : -9.393656
[setup reg-reg] _33246_/Q -> _30069_/D : -9.393538
[setup reg-reg] _33246_/Q -> _29920_/D : -9.393457
[setup reg-reg] _33246_/Q -> _34087_/D : -9.393322
[setup reg-reg] _33246_/Q -> _29618_/D : -9.393276
[setup reg-reg] _33246_/Q -> _29913_/D : -9.392793
[setup reg-reg] _33246_/Q -> _33327_/D : -9.392267
[setup reg-reg] _33246_/Q -> _29915_/D : -9.392220
[setup reg-reg] _33246_/Q -> _33344_/D : -9.391691
[setup reg-reg] _33246_/Q -> _29917_/D : -9.390668
[setup reg-reg] _33246_/Q -> _29791_/D : -9.390402
[setup reg-reg] _33246_/Q -> _29699_/D : -9.388615
[setup reg-reg] _33246_/Q -> _29723_/D : -9.387933
[setup reg-reg] _33246_/Q -> _29728_/D : -9.387847
[setup reg-reg] _33246_/Q -> _29730_/D : -9.387513
[setup reg-reg] _33246_/Q -> _33323_/D : -9.386611
[setup reg-reg] _33246_/Q -> _33343_/D : -9.385946
[setup reg-reg] _33246_/Q -> _29640_/D : -9.385861
[setup reg-reg] _33246_/Q -> _29698_/D : -9.384430
[setup reg-reg] _33246_/Q -> _29695_/D : -9.384362
[setup reg-reg] _33246_/Q -> _33325_/D : -9.384035
[setup reg-reg] _33246_/Q -> _33347_/D : -9.383833
[setup reg-reg] _33246_/Q -> _29619_/D : -9.383648
[setup reg-reg] _33246_/Q -> _29703_/D : -9.383061
[setup reg-reg] _33246_/Q -> _29684_/D : -9.382781
[setup reg-reg] _33246_/Q -> _29639_/D : -9.382056
[setup reg-reg] _33246_/Q -> _29621_/D : -9.381737
[setup reg-reg] _33246_/Q -> _33328_/D : -9.381225
[setup reg-reg] _33246_/Q -> _29725_/D : -9.381154
[setup reg-reg] _33246_/Q -> _29697_/D : -9.381125
[setup reg-reg] _33246_/Q -> _33334_/D : -9.381037
[setup reg-reg] _33246_/Q -> _29630_/D : -9.380571
[setup reg-reg] _33246_/Q -> _30116_/D : -9.380450
[setup reg-reg] _33246_/Q -> _30084_/D : -9.380298
[setup reg-reg] _33246_/Q -> _29643_/D : -9.380198
[setup reg-reg] _33246_/Q -> _29803_/D : -9.380085
[setup reg-reg] _33246_/Q -> _29783_/D : -9.379516
[setup reg-reg] _33246_/Q -> _29799_/D : -9.379140
[setup reg-reg] _33246_/Q -> _29624_/D : -9.378671
[setup reg-reg] _33246_/Q -> _29800_/D : -9.377654
[setup reg-reg] _33246_/Q -> _35367_/D : -9.376348
[setup reg-reg] _33246_/Q -> _35365_/D : -9.375391
[setup reg-reg] _33246_/Q -> _35047_/D : -9.375107
[setup reg-reg] _33246_/Q -> _35045_/D : -9.374511
[setup reg-reg] _33246_/Q -> _29721_/D : -9.372766
[setup reg-reg] _33246_/Q -> _31148_/D : -9.371657
[setup reg-reg] _33246_/Q -> _29731_/D : -9.371281
[setup reg-reg] _33246_/Q -> _29921_/D : -9.369519
[setup reg-reg] _33246_/Q -> _34727_/D : -9.368027
[setup reg-reg] _33246_/Q -> _33330_/D : -9.367934
[setup reg-reg] _33246_/Q -> _33340_/D : -9.367938
[setup reg-reg] _33246_/Q -> _29796_/D : -9.367451
[setup reg-reg] _33246_/Q -> _29686_/D : -9.367376
[setup reg-reg] _33246_/Q -> _34725_/D : -9.367366
[setup reg-reg] _33246_/Q -> _29687_/D : -9.367309
[setup reg-reg] _33246_/Q -> _29682_/D : -9.366417
[setup reg-reg] _33246_/Q -> _29729_/D : -9.366240
[setup reg-reg] _33246_/Q -> _29781_/D : -9.366040
[setup reg-reg] _33246_/Q -> _29797_/D : -9.366001
[setup reg-reg] _33246_/Q -> _29804_/D : -9.365856
[setup reg-reg] _33246_/Q -> _33352_/D : -9.365696
[setup reg-reg] _33246_/Q -> _29786_/D : -9.365667
[setup reg-reg] _33246_/Q -> _29788_/D : -9.365628
[setup reg-reg] _33246_/Q -> _29702_/D : -9.364687
[setup reg-reg] _33246_/Q -> _29805_/D : -9.364353
[setup reg-reg] _33246_/Q -> _29626_/D : -9.364254
[setup reg-reg] _33246_/Q -> _29648_/D : -9.363791
[setup reg-reg] _33246_/Q -> _29926_/D : -9.363770
[setup reg-reg] _33246_/Q -> _29778_/D : -9.363561
[setup reg-reg] _33246_/Q -> _33321_/D : -9.363557
[setup reg-reg] _33246_/Q -> _29617_/D : -9.363433
[setup reg-reg] _33246_/Q -> _29919_/D : -9.362932
[setup reg-reg] _33246_/Q -> _29808_/D : -9.362101
[setup reg-reg] _33246_/Q -> _29911_/D : -9.362104
[setup reg-reg] _33246_/Q -> _29801_/D : -9.361880
[setup reg-reg] _33246_/Q -> _29779_/D : -9.361771
[setup reg-reg] _33246_/Q -> _29807_/D : -9.360093
[setup reg-reg] _33246_/Q -> _29718_/D : -9.359543
[setup reg-reg] _33246_/Q -> _31149_/D : -9.359422
[setup reg-reg] _33246_/Q -> _31141_/D : -9.358353
[setup reg-reg] _33246_/Q -> _29727_/D : -9.357155
[setup reg-reg] _33246_/Q -> _29716_/D : -9.356835
[setup reg-reg] _33246_/Q -> _29713_/D : -9.356565
[setup reg-reg] _33246_/Q -> _29685_/D : -9.356285
[setup reg-reg] _33246_/Q -> _29734_/D : -9.356256
[setup reg-reg] _33246_/Q -> _29704_/D : -9.355404
[setup reg-reg] _33246_/Q -> _29719_/D : -9.354160
[setup reg-reg] _33246_/Q -> _29784_/D : -9.353347
[setup reg-reg] _33246_/Q -> _29708_/D : -9.352871
[setup reg-reg] _33246_/Q -> _29711_/D : -9.352153
[setup reg-reg] _33246_/Q -> _29700_/D : -9.352078
[setup reg-reg] _33246_/Q -> _29690_/D : -9.351940
[setup reg-reg] _33246_/Q -> _29709_/D : -9.350707
[setup reg-reg] _33246_/Q -> _29701_/D : -9.350540
[setup reg-reg] _33246_/Q -> _29692_/D : -9.350466
[setup reg-reg] _33246_/Q -> _29790_/D : -9.349642
[setup reg-reg] _33246_/Q -> _29910_/D : -9.349346
[setup reg-reg] _33246_/Q -> _29806_/D : -9.348913
[setup reg-reg] _33246_/Q -> _34085_/D : -9.348220
[setup reg-reg] _33246_/Q -> _29705_/D : -9.346924
[setup reg-reg] _33246_/Q -> _29908_/D : -9.346331
[setup reg-reg] _33246_/Q -> _29906_/D : -9.345023
[setup reg-reg] _33246_/Q -> _29927_/D : -9.344437
[setup reg-reg] _33246_/Q -> _29683_/D : -9.344284
[setup reg-reg] _33246_/Q -> _29918_/D : -9.344210
[setup reg-reg] _33246_/Q -> _29707_/D : -9.342845
[setup reg-reg] _33246_/Q -> _29928_/D : -9.340543
[setup reg-reg] _33246_/Q -> _29688_/D : -9.339005
[setup reg-reg] _33246_/Q -> _29710_/D : -9.338984
[setup reg-reg] _33246_/Q -> _29735_/D : -9.338319
[setup reg-reg] _33246_/Q -> _29712_/D : -9.338117
[setup reg-reg] _33246_/Q -> _29909_/D : -9.337732
[setup reg-reg] _33246_/Q -> _29714_/D : -9.337584
[setup reg-reg] _33246_/Q -> _29694_/D : -9.337061
[setup reg-reg] _33246_/Q -> _34077_/D : -9.336628
[setup reg-reg] _33246_/Q -> _29935_/D : -9.331448
[setup reg-reg] _33246_/Q -> _29924_/D : -9.331266
[setup reg-reg] _33246_/Q -> _29914_/D : -9.330894
[setup reg-reg] _33246_/Q -> _29932_/D : -9.330350
[setup reg-reg] _33246_/Q -> _35339_/D : -9.330179
[setup reg-reg] _33246_/Q -> _29907_/D : -9.330016
[setup reg-reg] _33246_/Q -> _29736_/D : -9.328730
[setup reg-reg] _33246_/Q -> _29931_/D : -9.328567
[setup reg-reg] _33246_/Q -> _29933_/D : -9.328570
[setup reg-reg] _33246_/Q -> _29732_/D : -9.326964
[setup reg-reg] _33246_/Q -> _29925_/D : -9.326297
[setup reg-reg] _33246_/Q -> _33255_/D : -9.325916
[setup reg-reg] _33246_/Q -> _29740_/D : -9.325710
[setup reg-reg] _33246_/Q -> _29722_/D : -9.324901
[setup reg-reg] _33246_/Q -> _29733_/D : -9.324364
[setup reg-reg] _33246_/Q -> _29717_/D : -9.323983
[setup reg-reg] _33246_/Q -> _29743_/D : -9.323529
[setup reg-reg] _33246_/Q -> _35357_/D : -9.322879
[setup reg-reg] _33246_/Q -> _29741_/D : -9.321806
[setup reg-reg] _33246_/Q -> _29724_/D : -9.321380
[setup reg-reg] _33246_/Q -> _35037_/D : -9.321322
[setup reg-reg] _33246_/Q -> _29715_/D : -9.321269
[setup reg-reg] _33246_/Q -> _29744_/D : -9.321013
[setup reg-reg] _33246_/Q -> _35026_/D : -9.320587
[setup reg-reg] _33246_/Q -> _29912_/D : -9.318641
[setup reg-reg] _33246_/Q -> _29916_/D : -9.318555
[setup reg-reg] _33246_/Q -> _29936_/D : -9.317791
[setup reg-reg] _33246_/Q -> _29929_/D : -9.317486
[setup reg-reg] _33246_/Q -> _34717_/D : -9.315163
[setup reg-reg] _33246_/Q -> _35018_/D : -9.314619
[setup reg-reg] _33246_/Q -> _29739_/D : -9.314455
[setup reg-reg] _33246_/Q -> _34066_/D : -9.314306
[setup reg-reg] _33246_/Q -> _29934_/D : -9.313223
[setup reg-reg] _33246_/Q -> _29720_/D : -9.312455
[setup reg-reg] _33246_/Q -> _29737_/D : -9.312000
[setup reg-reg] _33246_/Q -> _28731_/D : -9.310412
[setup reg-reg] _33246_/Q -> _34723_/D : -9.310369
[setup reg-reg] _33246_/Q -> _31142_/D : -9.310334
[setup reg-reg] _33246_/Q -> _34698_/D : -9.309762
[setup reg-reg] _33246_/Q -> _29726_/D : -9.309706
[setup reg-reg] _33246_/Q -> _31121_/D : -9.309144
[setup reg-reg] _33246_/Q -> _29742_/D : -9.308245
[setup reg-reg] _33246_/Q -> _29088_/D : -9.306831
[setup reg-reg] _33246_/Q -> _28793_/D : -9.306618
[setup reg-reg] _33246_/Q -> _28795_/D : -9.306486
[setup reg-reg] _33246_/Q -> _31122_/D : -9.303996
[setup reg-reg] _33246_/Q -> _28864_/D : -9.301076
[setup reg-reg] _33246_/Q -> _35346_/D : -9.300685
[setup reg-reg] _33246_/Q -> _31123_/D : -9.300632
[setup reg-reg] _33246_/Q -> _31143_/D : -9.300056
[setup reg-reg] _33246_/Q -> _28736_/D : -9.293356
[setup reg-reg] _33246_/Q -> _34706_/D : -9.292588
[setup reg-reg] _33246_/Q -> _28955_/D : -9.292172
[setup reg-reg] _33246_/Q -> _28800_/D : -9.291757
[setup reg-reg] _33246_/Q -> _34070_/D : -9.289860
[setup reg-reg] _33246_/Q -> _34083_/D : -9.288922
[setup reg-reg] _33246_/Q -> _35363_/D : -9.287426
[setup reg-reg] _33246_/Q -> _35350_/D : -9.286804
[setup reg-reg] _33246_/Q -> _31130_/D : -9.286609
[setup reg-reg] _33246_/Q -> _35043_/D : -9.284623
[setup reg-reg] _33246_/Q -> _35030_/D : -9.284086
[setup reg-reg] _33246_/Q -> _31134_/D : -9.281738
[setup reg-reg] _33246_/Q -> _34710_/D : -9.278981
[setup reg-reg] _33246_/Q -> _29083_/D : -9.270075
[setup reg-reg] _33246_/Q -> _31147_/D : -9.269812
[setup reg-reg] _33246_/Q -> _30080_/D : -9.264316
[setup reg-reg] _33246_/Q -> _30073_/D : -9.263957
[setup reg-reg] _33246_/Q -> _29019_/D : -9.261807
[setup reg-reg] _33246_/Q -> _28886_/D : -9.261601
[setup reg-reg] _33246_/Q -> _28893_/D : -9.260887
[setup reg-reg] _33246_/Q -> _28899_/D : -9.260692
[setup reg-reg] _33246_/Q -> _28859_/D : -9.257356
[setup reg-reg] _33246_/Q -> _29081_/D : -9.256723
[setup reg-reg] _33246_/Q -> _29051_/D : -9.252990
[setup reg-reg] _33246_/Q -> _29017_/D : -9.252354
[setup reg-reg] _33246_/Q -> _28857_/D : -9.250183
[setup reg-reg] _33246_/Q -> _28849_/D : -9.249640
[setup reg-reg] _33246_/Q -> _29049_/D : -9.248780
[setup reg-reg] _33246_/Q -> _29034_/D : -9.246659
[setup reg-reg] _33246_/Q -> _29073_/D : -9.246495
[setup reg-reg] _33246_/Q -> _28729_/D : -9.244502
[setup reg-reg] _33246_/Q -> _28923_/D : -9.244101
[setup reg-reg] _33246_/Q -> _28921_/D : -9.244022
[setup reg-reg] _33246_/Q -> _29066_/D : -9.243052
[setup reg-reg] _33246_/Q -> _28785_/D : -9.240239
[setup reg-reg] _33246_/Q -> _28810_/D : -9.240225
[setup reg-reg] _33246_/Q -> _29009_/D : -9.238075
[setup reg-reg] _33246_/Q -> _29087_/D : -9.236751
[setup reg-reg] _33246_/Q -> _29026_/D : -9.236068
[setup reg-reg] _33246_/Q -> _28874_/D : -9.235031
[setup reg-reg] _33246_/Q -> _28866_/D : -9.234619
[setup reg-reg] _33246_/Q -> _28721_/D : -9.234484
[setup reg-reg] _33246_/Q -> _29023_/D : -9.234224
[setup reg-reg] _33246_/Q -> _29041_/D : -9.232857
[setup reg-reg] _33246_/Q -> _29058_/D : -9.231436
[setup reg-reg] _33246_/Q -> _29055_/D : -9.230750
[setup reg-reg] _33246_/Q -> _28911_/D : -9.230192
[setup reg-reg] _33246_/Q -> _28746_/D : -9.228284
[setup reg-reg] _33246_/Q -> _28870_/D : -9.227868
[setup reg-reg] _33246_/Q -> _28863_/D : -9.225992
[setup reg-reg] _33246_/Q -> _29031_/D : -9.225510
[setup reg-reg] _33246_/Q -> _28850_/D : -9.223743
[setup reg-reg] _33246_/Q -> _28884_/D : -9.223531
[setup reg-reg] _33246_/Q -> _33254_/D : -9.222863
[setup reg-reg] _33246_/Q -> _28738_/D : -9.222668
[setup reg-reg] _33246_/Q -> _28882_/D : -9.221044
[setup reg-reg] _33246_/Q -> _28903_/D : -9.220955
[setup reg-reg] _33246_/Q -> _28735_/D : -9.220881
[setup reg-reg] _33246_/Q -> _28871_/D : -9.220017
[setup reg-reg] _33246_/Q -> _28904_/D : -9.219139
[setup reg-reg] _33246_/Q -> _28875_/D : -9.218987
[setup reg-reg] _33246_/Q -> _29067_/D : -9.218841
[setup reg-reg] _33246_/Q -> _28802_/D : -9.218035
[setup reg-reg] _33246_/Q -> _28742_/D : -9.217740
[setup reg-reg] _33246_/Q -> _28860_/D : -9.217498
[setup reg-reg] _33246_/Q -> _28885_/D : -9.217378
[setup reg-reg] _33246_/Q -> _28722_/D : -9.216560
[setup reg-reg] _33246_/Q -> _28799_/D : -9.215857
[setup reg-reg] _33246_/Q -> _28806_/D : -9.212940
[setup reg-reg] _33246_/Q -> _28743_/D : -9.212315
[setup reg-reg] _33246_/Q -> _28883_/D : -9.212073
[setup reg-reg] _33246_/Q -> _28786_/D : -9.211373
[setup reg-reg] _33246_/Q -> _28807_/D : -9.211075
[setup reg-reg] _33246_/Q -> _28909_/D : -9.211042
[setup reg-reg] _33246_/Q -> _28792_/D : -9.210873
[setup reg-reg] _33246_/Q -> _28907_/D : -9.210496
[setup reg-reg] _33246_/Q -> _28811_/D : -9.210258
[setup reg-reg] _33246_/Q -> _28796_/D : -9.208080
[setup reg-reg] _33246_/Q -> _28888_/D : -9.207807
[setup reg-reg] _33246_/Q -> _28910_/D : -9.207383
[setup reg-reg] _33246_/Q -> _28892_/D : -9.207107
[setup reg-reg] _33246_/Q -> _28894_/D : -9.203092
[setup reg-reg] _33246_/Q -> _31144_/D : -9.180912
[setup reg-reg] _33246_/Q -> _31125_/D : -9.180539
[setup reg-reg] _33246_/Q -> _28890_/D : -9.179594
[setup reg-reg] _33246_/Q -> _33253_/D : -9.179026
[setup reg-reg] _33246_/Q -> _28900_/D : -9.177985
[setup reg-reg] _33246_/Q -> _28908_/D : -9.177541
[setup reg-reg] _33246_/Q -> _28901_/D : -9.177242
[setup reg-reg] _33246_/Q -> _28905_/D : -9.176841
[setup reg-reg] _33246_/Q -> _28912_/D : -9.176614
[setup reg-reg] _33246_/Q -> _31151_/D : -9.115290
[setup reg-reg] _33246_/Q -> _32373_/D : -9.113489
[setup reg-reg] _33246_/Q -> _29661_/D : -9.111496
[setup reg-reg] _33246_/Q -> _29098_/D : -9.109080
[setup reg-reg] _33246_/Q -> _29091_/D : -9.109066
[setup reg-reg] _33246_/Q -> _29079_/D : -9.108877
[setup reg-reg] _33246_/Q -> _32398_/D : -9.108004
[setup reg-reg] _33246_/Q -> _30077_/D : -9.107979
[setup reg-reg] _33246_/Q -> _29085_/D : -9.107726
[setup reg-reg] _33246_/Q -> _29089_/D : -9.107048
[setup reg-reg] _33246_/Q -> _29969_/D : -9.106927
[setup reg-reg] _33246_/Q -> _30090_/D : -9.106451
[setup reg-reg] _33246_/Q -> _29090_/D : -9.105986
[setup reg-reg] _33246_/Q -> _30083_/D : -9.105936
[setup reg-reg] _33246_/Q -> _29817_/D : -9.105531
[setup reg-reg] _33246_/Q -> _29824_/D : -9.105449
[setup reg-reg] _33246_/Q -> _29819_/D : -9.105268
[setup reg-reg] _33246_/Q -> _29826_/D : -9.105261
[setup reg-reg] _33246_/Q -> _30122_/D : -9.104660
[setup reg-reg] _33246_/Q -> _30109_/D : -9.104060
[setup reg-reg] _33246_/Q -> _30001_/D : -9.103875
[setup reg-reg] _33246_/Q -> _29025_/D : -9.103729
[setup reg-reg] _33246_/Q -> _29027_/D : -9.103236
[setup reg-reg] _33246_/Q -> _29014_/D : -9.103004
[setup reg-reg] _33246_/Q -> _29024_/D : -9.102841
[setup reg-reg] _33246_/Q -> _30058_/D : -9.102654
[setup reg-reg] _33246_/Q -> _29770_/D : -9.102287
[setup reg-reg] _33246_/Q -> _30051_/D : -9.102106
[setup reg-reg] _33246_/Q -> _30105_/D : -9.101978
[setup reg-reg] _33246_/Q -> _29015_/D : -9.101946
[setup reg-reg] _33246_/Q -> _30045_/D : -9.101299
[setup reg-reg] _33246_/Q -> _29030_/D : -9.101147
[setup reg-reg] _33246_/Q -> _29021_/D : -9.100990
[setup reg-reg] _33246_/Q -> _30112_/D : -9.100675
[setup reg-reg] _33246_/Q -> _30041_/D : -9.100234
[setup reg-reg] _33246_/Q -> _32390_/D : -9.100092
[setup reg-reg] _33246_/Q -> _29664_/D : -9.100017
[setup reg-reg] _33246_/Q -> _29659_/D : -9.099825
[setup reg-reg] _33246_/Q -> _28852_/D : -9.099299
[setup reg-reg] _33246_/Q -> _28867_/D : -9.099306
[setup reg-reg] _33246_/Q -> _32381_/D : -9.098710
[setup reg-reg] _33246_/Q -> _30048_/D : -9.098610
[setup reg-reg] _33246_/Q -> _30107_/D : -9.098539
[setup reg-reg] _33246_/Q -> _32385_/D : -9.098354
[setup reg-reg] _33246_/Q -> _28854_/D : -9.098194
[setup reg-reg] _33246_/Q -> _28861_/D : -9.098138
[setup reg-reg] _33246_/Q -> _28855_/D : -9.097974
[setup reg-reg] _33246_/Q -> _29984_/D : -9.097932
[setup reg-reg] _33246_/Q -> _29057_/D : -9.097839
[setup reg-reg] _33246_/Q -> _32388_/D : -9.097736
[setup reg-reg] _33246_/Q -> _28865_/D : -9.097633
[setup reg-reg] _33246_/Q -> _29062_/D : -9.097075
[setup reg-reg] _33246_/Q -> _29047_/D : -9.096976
[setup reg-reg] _33246_/Q -> _32383_/D : -9.096606
[setup reg-reg] _33246_/Q -> _29046_/D : -9.096553
[setup reg-reg] _33246_/Q -> _29056_/D : -9.096454
[setup reg-reg] _33246_/Q -> _29053_/D : -9.096251
[setup reg-reg] _33246_/Q -> _29059_/D : -9.095942
[setup reg-reg] _33246_/Q -> _30043_/D : -9.095900
[setup reg-reg] _33246_/Q -> _29889_/D : -9.095669
[setup reg-reg] _33246_/Q -> _29885_/D : -9.095640
[setup reg-reg] _33246_/Q -> _29979_/D : -9.095076
[setup reg-reg] _33246_/Q -> _30075_/D : -9.095008
[setup reg-reg] _33246_/Q -> _29834_/D : -9.094251
[setup reg-reg] _33246_/Q -> _29981_/D : -9.094234
[setup reg-reg] _33246_/Q -> _29827_/D : -9.094059
[setup reg-reg] _33246_/Q -> _28739_/D : -9.094024
[setup reg-reg] _33246_/Q -> _29994_/D : -9.093970
[setup reg-reg] _33246_/Q -> _29821_/D : -9.093743
[setup reg-reg] _33246_/Q -> _29853_/D : -9.093512
[setup reg-reg] _33246_/Q -> _30009_/D : -9.093182
[setup reg-reg] _33246_/Q -> _28727_/D : -9.093082
[setup reg-reg] _33246_/Q -> _30013_/D : -9.092492
[setup reg-reg] _33246_/Q -> _28737_/D : -9.091689
[setup reg-reg] _33246_/Q -> _28803_/D : -9.091643
[setup reg-reg] _33246_/Q -> _29762_/D : -9.091430
[setup reg-reg] _33246_/Q -> _30016_/D : -9.091413
[setup reg-reg] _33246_/Q -> _28961_/D : -9.091252
[setup reg-reg] _33246_/Q -> _29760_/D : -9.090787
[setup reg-reg] _33246_/Q -> _28970_/D : -9.090688
[setup reg-reg] _33246_/Q -> _29755_/D : -9.090606
[setup reg-reg] _33246_/Q -> _28788_/D : -9.090439
[setup reg-reg] _33246_/Q -> _28945_/D : -9.090439
[setup reg-reg] _33246_/Q -> _28960_/D : -9.090336
[setup reg-reg] _33246_/Q -> _28953_/D : -9.090062
[setup reg-reg] _33246_/Q -> _30026_/D : -9.090045
[setup reg-reg] _33246_/Q -> _28790_/D : -9.089949
[setup reg-reg] _33246_/Q -> _28951_/D : -9.089693
[setup reg-reg] _33246_/Q -> _28801_/D : -9.089679
[setup reg-reg] _33246_/Q -> _28797_/D : -9.089582
[setup reg-reg] _33246_/Q -> _30011_/D : -9.089320
[setup reg-reg] _33246_/Q -> _28791_/D : -9.088833
[setup reg-reg] _33246_/Q -> _29674_/D : -9.088485
[setup reg-reg] _33246_/Q -> _28962_/D : -9.088456
[setup reg-reg] _33246_/Q -> _29977_/D : -9.088304
[setup reg-reg] _33246_/Q -> _29657_/D : -9.088133
[setup reg-reg] _33246_/Q -> _28959_/D : -9.088112
[setup reg-reg] _33246_/Q -> _29757_/D : -9.085575
[setup reg-reg] _33246_/Q -> _29649_/D : -9.085252
[setup reg-reg] _33246_/Q -> _29825_/D : -9.083952
[setup reg-reg] _33246_/Q -> _30097_/D : -9.082801
[setup reg-reg] _33246_/Q -> _29883_/D : -9.081934
[setup reg-reg] _33246_/Q -> _29888_/D : -9.081770
[setup reg-reg] _33246_/Q -> _29851_/D : -9.080384
[setup reg-reg] _33246_/Q -> _28938_/D : -9.080338
[setup reg-reg] _33246_/Q -> _29856_/D : -9.080303
[setup reg-reg] _33246_/Q -> _29986_/D : -9.080126
[setup reg-reg] _33246_/Q -> _28929_/D : -9.080005
[setup reg-reg] _33246_/Q -> _29667_/D : -9.079937
[setup reg-reg] _33246_/Q -> _28919_/D : -9.079393
[setup reg-reg] _33246_/Q -> _28928_/D : -9.079156
[setup reg-reg] _33246_/Q -> _28913_/D : -9.078949
[setup reg-reg] _33246_/Q -> _28930_/D : -9.078203
[setup reg-reg] _33246_/Q -> _30033_/D : -9.077898
[setup reg-reg] _33246_/Q -> _28934_/D : -9.077724
[setup reg-reg] _33246_/Q -> _30065_/D : -9.077575
[setup reg-reg] _33246_/Q -> _28927_/D : -9.077503
[setup reg-reg] _33246_/Q -> _29815_/D : -9.076807
[setup reg-reg] _33246_/Q -> _29753_/D : -9.076675
[setup reg-reg] _33246_/Q -> _29763_/D : -9.076313
[setup reg-reg] _33246_/Q -> _32389_/D : -9.075802
[setup reg-reg] _33246_/Q -> _29831_/D : -9.075752
[setup reg-reg] _33246_/Q -> _29814_/D : -9.075404
[setup reg-reg] _33246_/Q -> _29812_/D : -9.074906
[setup reg-reg] _33246_/Q -> _29666_/D : -9.074591
[setup reg-reg] _33246_/Q -> _29809_/D : -9.074579
[setup reg-reg] _33246_/Q -> _29663_/D : -9.074228
[setup reg-reg] _33246_/Q -> _30018_/D : -9.073965
[setup reg-reg] _33246_/Q -> _30114_/D : -9.073969
[setup reg-reg] _33246_/Q -> _29830_/D : -9.073659
[setup reg-reg] _33246_/Q -> _29671_/D : -9.072107
[setup reg-reg] _33246_/Q -> _30050_/D : -9.072071
[setup reg-reg] _33246_/Q -> _29652_/D : -9.071791
[setup reg-reg] _33246_/Q -> _30036_/D : -9.071165
[setup reg-reg] _33246_/Q -> _32379_/D : -9.071098
[setup reg-reg] _33246_/Q -> _29665_/D : -9.070153
[setup reg-reg] _33246_/Q -> _32387_/D : -9.070086
[setup reg-reg] _33246_/Q -> _30118_/D : -9.069940
[setup reg-reg] _33246_/Q -> _30082_/D : -9.069478
[setup reg-reg] _33246_/Q -> _29823_/D : -9.069062
[setup reg-reg] _33246_/Q -> _30068_/D : -9.068792
[setup reg-reg] _33246_/Q -> _32394_/D : -9.068461
[setup reg-reg] _33246_/Q -> _30086_/D : -9.067915
[setup reg-reg] _33246_/Q -> _29990_/D : -9.067658
[setup reg-reg] _33246_/Q -> _30111_/D : -9.067172
[setup reg-reg] _33246_/Q -> _30054_/D : -9.067112
[setup reg-reg] _33246_/Q -> _29983_/D : -9.067026
[setup reg-reg] _33246_/Q -> _30087_/D : -9.066476
[setup reg-reg] _33246_/Q -> _29881_/D : -9.066014
[setup reg-reg] _33246_/Q -> _29890_/D : -9.065737
[setup reg-reg] _33246_/Q -> _29858_/D : -9.064742
[setup reg-reg] _33246_/Q -> _29748_/D : -9.064408
[setup reg-reg] _33246_/Q -> _30079_/D : -9.064248
[setup reg-reg] _33246_/Q -> _30047_/D : -9.063978
[setup reg-reg] _33246_/Q -> _29849_/D : -9.063829
[setup reg-reg] _33246_/Q -> _29766_/D : -9.062621
[setup reg-reg] _33246_/Q -> _29759_/D : -9.062525
[setup reg-reg] _33246_/Q -> _29761_/D : -9.062177
[setup reg-reg] _33246_/Q -> _29745_/D : -9.062152
[setup reg-reg] _33246_/Q -> _30015_/D : -9.061964
[setup reg-reg] _33246_/Q -> _29750_/D : -9.061072
[setup reg-reg] _33246_/Q -> _30022_/D : -9.060507
[setup reg-reg] _33246_/Q -> _29751_/D : -9.060465
[setup reg-reg] _33246_/Q -> _30039_/D : -9.060329
[setup reg-reg] _33246_/Q -> _29835_/D : -9.058290
[setup reg-reg] _33246_/Q -> _29974_/D : -9.057160
[setup reg-reg] _33246_/Q -> _29832_/D : -9.056695
[setup reg-reg] _33246_/Q -> _29822_/D : -9.056521
[setup reg-reg] _33246_/Q -> _29655_/D : -9.056046
[setup reg-reg] _33246_/Q -> _29654_/D : -9.055974
[setup reg-reg] _33246_/Q -> _29650_/D : -9.055445
[setup reg-reg] _33246_/Q -> _32378_/D : -9.055416
[setup reg-reg] _33246_/Q -> _32396_/D : -9.055313
[setup reg-reg] _33246_/Q -> _29813_/D : -9.055047
[setup reg-reg] _33246_/Q -> _29992_/D : -9.055033
[setup reg-reg] _33246_/Q -> _29878_/D : -9.054176
[setup reg-reg] _33246_/Q -> _29670_/D : -9.054030
[setup reg-reg] _33246_/Q -> _29876_/D : -9.053910
[setup reg-reg] _33246_/Q -> _29887_/D : -9.053697
[setup reg-reg] _33246_/Q -> _30006_/D : -9.053700
[setup reg-reg] _33246_/Q -> _29873_/D : -9.052755
[setup reg-reg] _33246_/Q -> _30056_/D : -9.052727
[setup reg-reg] _33246_/Q -> _29895_/D : -9.052620
[setup reg-reg] _33246_/Q -> _29863_/D : -9.052574
[setup reg-reg] _33246_/Q -> _29857_/D : -9.052535
[setup reg-reg] _33246_/Q -> _30100_/D : -9.052450
[setup reg-reg] _33246_/Q -> _30059_/D : -9.052389
[setup reg-reg] _33246_/Q -> _30055_/D : -9.052037
[setup reg-reg] _33246_/Q -> _32395_/D : -9.051917
[setup reg-reg] _33246_/Q -> _30034_/D : -9.051874
[setup reg-reg] _33246_/Q -> _30119_/D : -9.051600
[setup reg-reg] _33246_/Q -> _29846_/D : -9.051448
[setup reg-reg] _33246_/Q -> _29972_/D : -9.051352
[setup reg-reg] _33246_/Q -> _29855_/D : -9.051256
[setup reg-reg] _33246_/Q -> _32376_/D : -9.050961
[setup reg-reg] _33246_/Q -> _29841_/D : -9.050631
[setup reg-reg] _33246_/Q -> _30098_/D : -9.050095
[setup reg-reg] _33246_/Q -> _32386_/D : -9.049928
[setup reg-reg] _33246_/Q -> _29991_/D : -9.049174
[setup reg-reg] _33246_/Q -> _30078_/D : -9.048513
[setup reg-reg] _33246_/Q -> _32374_/D : -9.048478
[setup reg-reg] _33246_/Q -> _29982_/D : -9.048297
[setup reg-reg] _33246_/Q -> _30066_/D : -9.047832
[setup reg-reg] _33246_/Q -> _29672_/D : -9.047717
[setup reg-reg] _33246_/Q -> _30091_/D : -9.047490
[setup reg-reg] _33246_/Q -> _29879_/D : -9.046193
[setup reg-reg] _33246_/Q -> _29768_/D : -9.045764
[setup reg-reg] _33246_/Q -> _29653_/D : -9.045579
[setup reg-reg] _33246_/Q -> _29746_/D : -9.045412
[setup reg-reg] _33246_/Q -> _30024_/D : -9.045238
[setup reg-reg] _33246_/Q -> _29828_/D : -9.044115
[setup reg-reg] _33246_/Q -> _29837_/D : -9.043625
[setup reg-reg] _33246_/Q -> _29758_/D : -9.043561
[setup reg-reg] _33246_/Q -> _29767_/D : -9.043465
[setup reg-reg] _33246_/Q -> _30023_/D : -9.042623
[setup reg-reg] _33246_/Q -> _29836_/D : -9.042569
[setup reg-reg] _33246_/Q -> _29818_/D : -9.042087
[setup reg-reg] _33246_/Q -> _29820_/D : -9.042072
[setup reg-reg] _33246_/Q -> _29829_/D : -9.042054
[setup reg-reg] _33246_/Q -> _29668_/D : -9.042037
[setup reg-reg] _33246_/Q -> _30014_/D : -9.041916
[setup reg-reg] _33246_/Q -> _30127_/D : -9.041770
[setup reg-reg] _33246_/Q -> _32377_/D : -9.041735
[setup reg-reg] _33246_/Q -> _30004_/D : -9.041390
[setup reg-reg] _33246_/Q -> _29679_/D : -9.041074
[setup reg-reg] _33246_/Q -> _29658_/D : -9.041063
[setup reg-reg] _33246_/Q -> _29676_/D : -9.040829
[setup reg-reg] _33246_/Q -> _32392_/D : -9.040427
[setup reg-reg] _33246_/Q -> _29847_/D : -9.040036
[setup reg-reg] _33246_/Q -> _30037_/D : -9.039980
[setup reg-reg] _33246_/Q -> _29669_/D : -9.039762
[setup reg-reg] _33246_/Q -> _29660_/D : -9.039685
[setup reg-reg] _33246_/Q -> _30035_/D : -9.039564
[setup reg-reg] _33246_/Q -> _29677_/D : -9.038850
[setup reg-reg] _33246_/Q -> _30095_/D : -9.038772
[setup reg-reg] _33246_/Q -> _30052_/D : -9.038481
[setup reg-reg] _33246_/Q -> _30099_/D : -9.038221
[setup reg-reg] _33246_/Q -> _30125_/D : -9.038214
[setup reg-reg] _33246_/Q -> _32403_/D : -9.038136
[setup reg-reg] _33246_/Q -> _30060_/D : -9.038121
[setup reg-reg] _33246_/Q -> _30061_/D : -9.038015
[setup reg-reg] _33246_/Q -> _29840_/D : -9.037812
[setup reg-reg] _33246_/Q -> _32401_/D : -9.037787
[setup reg-reg] _33246_/Q -> _32375_/D : -9.037752
[setup reg-reg] _33246_/Q -> _29999_/D : -9.037624
[setup reg-reg] _33246_/Q -> _30128_/D : -9.037475
[setup reg-reg] _33246_/Q -> _29988_/D : -9.037375
[setup reg-reg] _33246_/Q -> _29997_/D : -9.037330
[setup reg-reg] _33246_/Q -> _29971_/D : -9.037188
[setup reg-reg] _33246_/Q -> _30117_/D : -9.037159
[setup reg-reg] _33246_/Q -> _30063_/D : -9.037124
[setup reg-reg] _33246_/Q -> _30053_/D : -9.037081
[setup reg-reg] _33246_/Q -> _29810_/D : -9.036978
[setup reg-reg] _33246_/Q -> _30042_/D : -9.036970
[setup reg-reg] _33246_/Q -> _30106_/D : -9.036839
[setup reg-reg] _33246_/Q -> _32400_/D : -9.036466
[setup reg-reg] _33246_/Q -> _32382_/D : -9.036317
[setup reg-reg] _33246_/Q -> _32393_/D : -9.036157
[setup reg-reg] _33246_/Q -> _29673_/D : -9.036139
[setup reg-reg] _33246_/Q -> _30067_/D : -9.035823
[setup reg-reg] _33246_/Q -> _30123_/D : -9.035240
[setup reg-reg] _33246_/Q -> _29862_/D : -9.035162
[setup reg-reg] _33246_/Q -> _29844_/D : -9.035148
[setup reg-reg] _33246_/Q -> _29989_/D : -9.034515
[setup reg-reg] _33246_/Q -> _29894_/D : -9.034107
[setup reg-reg] _33246_/Q -> _29811_/D : -9.034082
[setup reg-reg] _33246_/Q -> _29839_/D : -9.033930
[setup reg-reg] _33246_/Q -> _30124_/D : -9.033933
[setup reg-reg] _33246_/Q -> _29970_/D : -9.033844
[setup reg-reg] _33246_/Q -> _29978_/D : -9.033780
[setup reg-reg] _33246_/Q -> _30092_/D : -9.033734
[setup reg-reg] _33246_/Q -> _29996_/D : -9.033646
[setup reg-reg] _33246_/Q -> _29896_/D : -9.033620
[setup reg-reg] _33246_/Q -> _30044_/D : -9.033475
[setup reg-reg] _33246_/Q -> _30064_/D : -9.033422
[setup reg-reg] _33246_/Q -> _30005_/D : -9.033226
[setup reg-reg] _33246_/Q -> _30074_/D : -9.033152
[setup reg-reg] _33246_/Q -> _29775_/D : -9.033020
[setup reg-reg] _33246_/Q -> _30108_/D : -9.032779
[setup reg-reg] _33246_/Q -> _30085_/D : -9.032764
[setup reg-reg] _33246_/Q -> _30093_/D : -9.032316
[setup reg-reg] _33246_/Q -> _30020_/D : -9.031663
[setup reg-reg] _33246_/Q -> _29651_/D : -9.031204
[setup reg-reg] _33246_/Q -> _29675_/D : -9.031055
[setup reg-reg] _33246_/Q -> _30031_/D : -9.031062
[setup reg-reg] _33246_/Q -> _29749_/D : -9.030629
[setup reg-reg] _33246_/Q -> _29980_/D : -9.030046
[setup reg-reg] _33246_/Q -> _29816_/D : -9.029719
[setup reg-reg] _33246_/Q -> _30096_/D : -9.029492
[setup reg-reg] _33246_/Q -> _30076_/D : -9.029446
[setup reg-reg] _33246_/Q -> _29764_/D : -9.029314
[setup reg-reg] _33246_/Q -> _29864_/D : -9.029279
[setup reg-reg] _33246_/Q -> _29765_/D : -9.029112
[setup reg-reg] _33246_/Q -> _29833_/D : -9.029119
[setup reg-reg] _33246_/Q -> _29754_/D : -9.028583
[setup reg-reg] _33246_/Q -> _29678_/D : -9.028344
[setup reg-reg] _33246_/Q -> _29656_/D : -9.028146
[setup reg-reg] _33246_/Q -> _29680_/D : -9.028018
[setup reg-reg] _33246_/Q -> _30021_/D : -9.027901
[setup reg-reg] _33246_/Q -> _32399_/D : -9.027890
[setup reg-reg] _33246_/Q -> _29995_/D : -9.027627
[setup reg-reg] _33246_/Q -> _30002_/D : -9.027506
[setup reg-reg] _33246_/Q -> _30003_/D : -9.027514
[setup reg-reg] _33246_/Q -> _30010_/D : -9.027460
[setup reg-reg] _33246_/Q -> _29772_/D : -9.027435
[setup reg-reg] _33246_/Q -> _30029_/D : -9.027411
[setup reg-reg] _33246_/Q -> _30028_/D : -9.027371
[setup reg-reg] _33246_/Q -> _30110_/D : -9.026483
[setup reg-reg] _33246_/Q -> _30046_/D : -9.026256
[setup reg-reg] _33246_/Q -> _29662_/D : -9.025887
[setup reg-reg] _33246_/Q -> _29773_/D : -9.025726
[setup reg-reg] _33246_/Q -> _29747_/D : -9.025595
[setup reg-reg] _33246_/Q -> _30121_/D : -9.025459
[setup reg-reg] _33246_/Q -> _30057_/D : -9.025432
[setup reg-reg] _33246_/Q -> _29776_/D : -9.025243
[setup reg-reg] _33246_/Q -> _29845_/D : -9.025133
[setup reg-reg] _33246_/Q -> _30104_/D : -9.025072
[setup reg-reg] _33246_/Q -> _29838_/D : -9.025026
[setup reg-reg] _33246_/Q -> _29756_/D : -9.024880
[setup reg-reg] _33246_/Q -> _29877_/D : -9.024053
[setup reg-reg] _33246_/Q -> _32384_/D : -9.024017
[setup reg-reg] _33246_/Q -> _32404_/D : -9.023193
[setup reg-reg] _33246_/Q -> _30012_/D : -9.022899
[setup reg-reg] _33246_/Q -> _32397_/D : -9.022735
[setup reg-reg] _33246_/Q -> _30000_/D : -9.022664
[setup reg-reg] _33246_/Q -> _32380_/D : -9.022660
[setup reg-reg] _33246_/Q -> _29993_/D : -9.021523
[setup reg-reg] _33246_/Q -> _29860_/D : -9.021466
[setup reg-reg] _33246_/Q -> _30027_/D : -9.021381
[setup reg-reg] _33246_/Q -> _29976_/D : -9.021359
[setup reg-reg] _33246_/Q -> _29892_/D : -9.021050
[setup reg-reg] _33246_/Q -> _29868_/D : -9.020947
[setup reg-reg] _33246_/Q -> _30126_/D : -9.020908
[setup reg-reg] _33246_/Q -> _30040_/D : -9.020866
[setup reg-reg] _33246_/Q -> _30089_/D : -9.020795
[setup reg-reg] _33246_/Q -> _30072_/D : -9.020706
[setup reg-reg] _33246_/Q -> _29900_/D : -9.020461
[setup reg-reg] _33246_/Q -> _30062_/D : -9.020298
[setup reg-reg] _33246_/Q -> _29842_/D : -9.019885
[setup reg-reg] _33246_/Q -> _29850_/D : -9.019654
[setup reg-reg] _33246_/Q -> _29861_/D : -9.019651
[setup reg-reg] _33246_/Q -> _29882_/D : -9.019314
[setup reg-reg] _33246_/Q -> _29893_/D : -9.019292
[setup reg-reg] _33246_/Q -> _32402_/D : -9.018966
[setup reg-reg] _33246_/Q -> _29771_/D : -9.017992
[setup reg-reg] _33246_/Q -> _29874_/D : -9.017519
[setup reg-reg] _33246_/Q -> _29769_/D : -9.017434
[setup reg-reg] _33246_/Q -> _29998_/D : -9.017413
[setup reg-reg] _33246_/Q -> _29871_/D : -9.017182
[setup reg-reg] _33246_/Q -> _29752_/D : -9.016926
[setup reg-reg] _33246_/Q -> _30094_/D : -9.016390
[setup reg-reg] _33246_/Q -> _29865_/D : -9.016134
[setup reg-reg] _33246_/Q -> _29852_/D : -9.016003
[setup reg-reg] _33246_/Q -> _30032_/D : -9.015995
[setup reg-reg] _33246_/Q -> _29903_/D : -9.015644
[setup reg-reg] _33246_/Q -> _29901_/D : -9.015466
[setup reg-reg] _33246_/Q -> _29897_/D : -9.015437
[setup reg-reg] _33246_/Q -> _29843_/D : -9.015377
[setup reg-reg] _33246_/Q -> _29884_/D : -9.015348
[setup reg-reg] _33246_/Q -> _29869_/D : -9.015097
[setup reg-reg] _33246_/Q -> _30025_/D : -9.014343
[setup reg-reg] _33246_/Q -> _30008_/D : -9.014137
[setup reg-reg] _33246_/Q -> _29875_/D : -9.013135
[setup reg-reg] _33246_/Q -> _29774_/D : -9.012510
[setup reg-reg] _33246_/Q -> _30030_/D : -9.011025
[setup reg-reg] _33246_/Q -> _29867_/D : -9.008691
[setup reg-reg] _33246_/Q -> _29848_/D : -9.008016
[setup reg-reg] _33246_/Q -> _29870_/D : -9.007810
[setup reg-reg] _33246_/Q -> _29880_/D : -9.007628
[setup reg-reg] _33246_/Q -> _29904_/D : -9.007607
[setup reg-reg] _33246_/Q -> _29899_/D : -9.007533
[setup reg-reg] _33246_/Q -> _29902_/D : -9.007426
[setup reg-reg] _33246_/Q -> _29872_/D : -9.007171
[setup reg-reg] _33246_/Q -> _29854_/D : -9.006648
[setup reg-reg] _33246_/Q -> _29886_/D : -9.005870
[setup reg-reg] _33246_/Q -> _29078_/D : -8.967714
[setup reg-reg] _33246_/Q -> _28733_/D : -8.951535
[setup reg-reg] _33246_/Q -> _28963_/D : -8.951538
[setup reg-reg] _33246_/Q -> _28950_/D : -8.950739
[setup reg-reg] _33246_/Q -> _28726_/D : -8.950334
[setup reg-reg] _33246_/Q -> _28957_/D : -8.950078
[setup reg-reg] _33246_/Q -> _28931_/D : -8.940433
[setup reg-reg] _33246_/Q -> _28918_/D : -8.939534
[setup reg-reg] _33246_/Q -> _28925_/D : -8.939026
[setup reg-reg] _33246_/Q -> _29103_/D : -8.938734
[setup reg-reg] _33246_/Q -> _33252_/D : -8.936106
[setup reg-reg] _33246_/Q -> _29074_/D : -8.933946
[setup reg-reg] _33246_/Q -> _29094_/D : -8.932624
[setup reg-reg] _33246_/Q -> _29076_/D : -8.930783
[setup reg-reg] _33246_/Q -> _29096_/D : -8.928446
[setup reg-reg] _33246_/Q -> _29011_/D : -8.925983
[setup reg-reg] _33246_/Q -> _29099_/D : -8.924857
[setup reg-reg] _33246_/Q -> _29075_/D : -8.924655
[setup reg-reg] _33246_/Q -> _29095_/D : -8.924566
[setup reg-reg] _33246_/Q -> _29012_/D : -8.924495
[setup reg-reg] _33246_/Q -> _29077_/D : -8.923990
[setup reg-reg] _33246_/Q -> _29086_/D : -8.923841
[setup reg-reg] _33246_/Q -> _29010_/D : -8.923759
[setup reg-reg] _33246_/Q -> _29032_/D : -8.923532
[setup reg-reg] _33246_/Q -> _28749_/D : -8.922218
[setup reg-reg] _33246_/Q -> _28872_/D : -8.921912
[setup reg-reg] _33246_/Q -> _29043_/D : -8.921418
[setup reg-reg] _33246_/Q -> _29063_/D : -8.919709
[setup reg-reg] _33246_/Q -> _29064_/D : -8.919674
[setup reg-reg] _33246_/Q -> _29042_/D : -8.919564
[setup reg-reg] _33246_/Q -> _29044_/D : -8.919348
[setup reg-reg] _33246_/Q -> _29101_/D : -8.918619
[setup reg-reg] _33246_/Q -> _28853_/D : -8.917610
[setup reg-reg] _33246_/Q -> _29080_/D : -8.917276
[setup reg-reg] _33246_/Q -> _29013_/D : -8.917170
[setup reg-reg] _33246_/Q -> _28975_/D : -8.916814
[setup reg-reg] _33246_/Q -> _29084_/D : -8.916640
[setup reg-reg] _33246_/Q -> _28724_/D : -8.916498
[setup reg-reg] _33246_/Q -> _28744_/D : -8.916097
[setup reg-reg] _33246_/Q -> _29035_/D : -8.914104
[setup reg-reg] _33246_/Q -> _28879_/D : -8.913997
[setup reg-reg] _33246_/Q -> _28789_/D : -8.913826
[setup reg-reg] _33246_/Q -> _28851_/D : -8.913325
[setup reg-reg] _33246_/Q -> _28808_/D : -8.913294
[setup reg-reg] _33246_/Q -> _28862_/D : -8.912714
[setup reg-reg] _33246_/Q -> _29045_/D : -8.911705
[setup reg-reg] _33246_/Q -> _29039_/D : -8.910807
[setup reg-reg] _33246_/Q -> _28946_/D : -8.910739
[setup reg-reg] _33246_/Q -> _28966_/D : -8.910568
[setup reg-reg] _33246_/Q -> _28948_/D : -8.909919
[setup reg-reg] _33246_/Q -> _29037_/D : -8.909674
[setup reg-reg] _33246_/Q -> _29038_/D : -8.908962
[setup reg-reg] _33246_/Q -> _29016_/D : -8.908753
[setup reg-reg] _33246_/Q -> _28725_/D : -8.908714
[setup reg-reg] _33246_/Q -> _29022_/D : -8.908338
[setup reg-reg] _33246_/Q -> _29020_/D : -8.908291
[setup reg-reg] _33246_/Q -> _28734_/D : -8.907545
[setup reg-reg] _33246_/Q -> _28723_/D : -8.907407
[setup reg-reg] _33246_/Q -> _28747_/D : -8.907243
[setup reg-reg] _33246_/Q -> _28968_/D : -8.907183
[setup reg-reg] _33246_/Q -> _28880_/D : -8.906792
[setup reg-reg] _33246_/Q -> _28751_/D : -8.906466
[setup reg-reg] _33246_/Q -> _28877_/D : -8.905890
[setup reg-reg] _33246_/Q -> _29071_/D : -8.905776
[setup reg-reg] _33246_/Q -> _28941_/D : -8.905484
[setup reg-reg] _33246_/Q -> _28816_/D : -8.905037
[setup reg-reg] _33246_/Q -> _28869_/D : -8.905002
[setup reg-reg] _33246_/Q -> _29069_/D : -8.904852
[setup reg-reg] _33246_/Q -> _28752_/D : -8.904781
[setup reg-reg] _33246_/Q -> _28798_/D : -8.904575
[setup reg-reg] _33246_/Q -> _28873_/D : -8.904490
[setup reg-reg] _33246_/Q -> _28787_/D : -8.904369
[setup reg-reg] _33246_/Q -> _28947_/D : -8.904294
[setup reg-reg] _33246_/Q -> _29070_/D : -8.904255
[setup reg-reg] _33246_/Q -> _29054_/D : -8.904184
[setup reg-reg] _33246_/Q -> _28949_/D : -8.904017
[setup reg-reg] _33246_/Q -> _29061_/D : -8.903954
[setup reg-reg] _33246_/Q -> _29048_/D : -8.903818
[setup reg-reg] _33246_/Q -> _29052_/D : -8.903463
[setup reg-reg] _33246_/Q -> _28740_/D : -8.902792
[setup reg-reg] _33246_/Q -> _28915_/D : -8.902518
[setup reg-reg] _33246_/Q -> _28856_/D : -8.902280
[setup reg-reg] _33246_/Q -> _28878_/D : -8.902028
[setup reg-reg] _33246_/Q -> _28815_/D : -8.901839
[setup reg-reg] _33246_/Q -> _28916_/D : -8.901339
[setup reg-reg] _33246_/Q -> _28967_/D : -8.900678
[setup reg-reg] _33246_/Q -> _28971_/D : -8.900486
[setup reg-reg] _33246_/Q -> _28914_/D : -8.900241
[setup reg-reg] _33246_/Q -> _28748_/D : -8.899786
[setup reg-reg] _33246_/Q -> _28741_/D : -8.899718
[setup reg-reg] _33246_/Q -> _28813_/D : -8.899612
[setup reg-reg] _33246_/Q -> _28745_/D : -8.899555
[setup reg-reg] _33246_/Q -> _28728_/D : -8.898720
[setup reg-reg] _33246_/Q -> _28732_/D : -8.898617
[setup reg-reg] _33246_/Q -> _28750_/D : -8.898600
[setup reg-reg] _33246_/Q -> _28804_/D : -8.898589
[setup reg-reg] _33246_/Q -> _28973_/D : -8.897072
[setup reg-reg] _33246_/Q -> _28958_/D : -8.896674
[setup reg-reg] _33246_/Q -> _28805_/D : -8.896652
[setup reg-reg] _33246_/Q -> _28974_/D : -8.896482
[setup reg-reg] _33246_/Q -> _28956_/D : -8.896471
[setup reg-reg] _33246_/Q -> _28812_/D : -8.896440
[setup reg-reg] _33246_/Q -> _28814_/D : -8.896013
[setup reg-reg] _33246_/Q -> _28952_/D : -8.895988
[setup reg-reg] _33246_/Q -> _28809_/D : -8.895925
[setup reg-reg] _33246_/Q -> _28917_/D : -8.894300
[setup reg-reg] _33246_/Q -> _28936_/D : -8.893441
[setup reg-reg] _33246_/Q -> _28935_/D : -8.891018
[setup reg-reg] _33246_/Q -> _29082_/D : -8.890880
[setup reg-reg] _33246_/Q -> _29092_/D : -8.890616
[setup reg-reg] _33246_/Q -> _28939_/D : -8.890602
[setup reg-reg] _33246_/Q -> _28943_/D : -8.890314
[setup reg-reg] _33246_/Q -> _29100_/D : -8.888464
[setup reg-reg] _33246_/Q -> _29104_/D : -8.888137
[setup reg-reg] _33246_/Q -> _29097_/D : -8.887682
[setup reg-reg] _33246_/Q -> _29093_/D : -8.887643
[setup reg-reg] _33246_/Q -> _29102_/D : -8.887145
[setup reg-reg] _33246_/Q -> _28933_/D : -8.886129
[setup reg-reg] _33246_/Q -> _28926_/D : -8.886080
[setup reg-reg] _33246_/Q -> _28942_/D : -8.885760
[setup reg-reg] _33246_/Q -> _28924_/D : -8.885536
[setup reg-reg] _33246_/Q -> _28920_/D : -8.885199
[setup reg-reg] _33246_/Q -> _29036_/D : -8.878821
[setup reg-reg] _33246_/Q -> _29018_/D : -8.878776
[setup reg-reg] _33246_/Q -> _29040_/D : -8.878623
[setup reg-reg] _33246_/Q -> _29033_/D : -8.878403
[setup reg-reg] _33246_/Q -> _29029_/D : -8.877990
[setup reg-reg] _33246_/Q -> _29028_/D : -8.876828
[setup reg-reg] _33246_/Q -> _28868_/D : -8.876101
[setup reg-reg] _33246_/Q -> _28858_/D : -8.875862
[setup reg-reg] _33246_/Q -> _28876_/D : -8.874835
[setup reg-reg] _33246_/Q -> _29068_/D : -8.874626
[setup reg-reg] _33246_/Q -> _29050_/D : -8.874583
[setup reg-reg] _33246_/Q -> _29060_/D : -8.874505
[setup reg-reg] _33246_/Q -> _29065_/D : -8.873851
[setup reg-reg] _33246_/Q -> _29072_/D : -8.873436
[setup reg-reg] _33246_/Q -> _28730_/D : -8.869474
[setup reg-reg] _33246_/Q -> _28964_/D : -8.869104
[setup reg-reg] _33246_/Q -> _28954_/D : -8.869009
[setup reg-reg] _33246_/Q -> _28794_/D : -8.868074
[setup reg-reg] _33246_/Q -> _28972_/D : -8.866529
[setup reg-reg] _33246_/Q -> _28976_/D : -8.866415
[setup reg-reg] _33246_/Q -> _28965_/D : -8.866281
[setup reg-reg] _33246_/Q -> _28969_/D : -8.866231
[setup reg-reg] _33246_/Q -> _28932_/D : -8.858379
[setup reg-reg] _33246_/Q -> _28922_/D : -8.857871
[setup reg-reg] _33246_/Q -> _28940_/D : -8.855264
[setup reg-reg] _33246_/Q -> _28944_/D : -8.855270
[setup reg-reg] _33246_/Q -> _28937_/D : -8.854877
[setup reg-reg] _33246_/Q -> _33249_/D : -8.503886
[setup reg-reg] _33246_/Q -> _33250_/D : -8.446200
[setup reg-reg] _33246_/Q -> _33251_/D : -8.253348
[setup reg-reg] _33246_/Q -> _33248_/D : -7.301225
Writing metric timing__hold_vio__count__corner:nom_tt_025C_1v80: 8230
Writing metric timing__hold_r2r__ws__corner:nom_tt_025C_1v80: 0.407053
Writing metric timing__hold_r2r_vio__count__corner:nom_tt_025C_1v80: 0
Writing metric timing__setup_vio__count__corner:nom_tt_025C_1v80: 8245
Writing metric timing__setup_r2r__ws__corner:nom_tt_025C_1v80: -70.381454
Writing metric timing__setup_r2r_vio__count__corner:nom_tt_025C_1v80: 8244
