
===========================================================================
report_checks -unconstrained
===========================================================================
======================= max_ss_100C_1v60 Corner ===================================

Startpoint: wrst_n (input port clocked by wclk)
Endpoint: _33254_ (recovery check against rising-edge clock wclk)
Path Group: asynchronous
Path Type: max

Fanout         Cap        Slew       Delay        Time   Description
---------------------------------------------------------------------------------------------
                                  0.000000    0.000000   clock wclk (rise edge)
                                  0.000000    0.000000   clock network delay (propagated)
                                  2.000000    2.000000 ^ input external delay
     1    0.002870    0.024757    0.005976    2.005976 ^ wrst_n (in)
                                                         wrst_n (net)
                      0.024757    0.000000    2.005976 ^ hold1/A (sky130_fd_sc_hd__dlygate4sd3_1)
     1    0.010049    0.190150    1.112790    3.118766 ^ hold1/X (sky130_fd_sc_hd__dlygate4sd3_1)
                                                         net278 (net)
                      0.190150    0.000772    3.119539 ^ input37/A (sky130_fd_sc_hd__buf_12)
    28    0.240146    0.420085    0.391244    3.510783 ^ input37/X (sky130_fd_sc_hd__buf_12)
                                                         net37 (net)
                      0.518914    0.157681    3.668464 ^ _33254_/RESET_B (sky130_fd_sc_hd__dfrtp_2)
                                              3.668464   data arrival time

                                 10.000000   10.000000   clock wclk (rise edge)
                                  0.000000   10.000000   clock source latency
     2    0.134039    0.315580    0.227807   10.227807 ^ wclk (in)
                                                         wclk (net)
                      0.318897    0.000000   10.227807 ^ clkbuf_0_wclk/A (sky130_fd_sc_hd__clkbuf_16)
     4    0.111821    0.194910    0.430171   10.657979 ^ clkbuf_0_wclk/X (sky130_fd_sc_hd__clkbuf_16)
                                                         clknet_0_wclk (net)
                      0.196550    0.014325   10.672303 ^ clkbuf_2_0_0_wclk/A (sky130_fd_sc_hd__clkbuf_8)
     4    0.095120    0.266295    0.428440   11.100743 ^ clkbuf_2_0_0_wclk/X (sky130_fd_sc_hd__clkbuf_8)
                                                         clknet_2_0_0_wclk (net)
                      0.268285    0.018626   11.119370 ^ clkbuf_4_3_0_wclk/A (sky130_fd_sc_hd__clkbuf_8)
     4    0.084044    0.238855    0.444360   11.563730 ^ clkbuf_4_3_0_wclk/X (sky130_fd_sc_hd__clkbuf_8)
                                                         clknet_4_3_0_wclk (net)
                      0.239396    0.008391   11.572121 ^ clkbuf_6_13__f_wclk/A (sky130_fd_sc_hd__clkbuf_16)
     8    0.072322    0.138041    0.360768   11.932889 ^ clkbuf_6_13__f_wclk/X (sky130_fd_sc_hd__clkbuf_16)
                                                         clknet_6_13__leaf_wclk (net)
                      0.138233    0.004489   11.937378 ^ clkbuf_leaf_474_wclk/A (sky130_fd_sc_hd__clkbuf_8)
    11    0.052326    0.159359    0.330899   12.268276 ^ clkbuf_leaf_474_wclk/X (sky130_fd_sc_hd__clkbuf_8)
                                                         clknet_leaf_474_wclk (net)
                      0.159368    0.001402   12.269679 ^ _33254_/CLK (sky130_fd_sc_hd__dfrtp_2)
                                  0.000000   12.269679   clock reconvergence pessimism
                                  0.283759   12.553438   library recovery time
                                             12.553438   data required time
---------------------------------------------------------------------------------------------
                                             12.553438   data required time
                                             -3.668464   data arrival time
---------------------------------------------------------------------------------------------
                                              8.884973   slack (MET)


Startpoint: _33237_ (rising edge-triggered flip-flop clocked by rclk)
Endpoint: _33025_ (rising edge-triggered flip-flop clocked by rclk)
Path Group: rclk
Path Type: max

Fanout         Cap        Slew       Delay        Time   Description
---------------------------------------------------------------------------------------------
                                  0.000000    0.000000   clock rclk (rise edge)
                                  0.000000    0.000000   clock source latency
     1    0.079572    0.193726    0.141491    0.141491 ^ rclk (in)
                                                         rclk (net)
                      0.196805    0.000000    0.141491 ^ clkbuf_0_rclk/A (sky130_fd_sc_hd__clkbuf_16)
     8    0.161351    0.264820    0.430622    0.572114 ^ clkbuf_0_rclk/X (sky130_fd_sc_hd__clkbuf_16)
                                                         clknet_0_rclk (net)
                      0.266486    0.017073    0.589187 ^ clkbuf_3_5__f_rclk/A (sky130_fd_sc_hd__clkbuf_16)
    12    0.047786    0.104800    0.345641    0.934828 ^ clkbuf_3_5__f_rclk/X (sky130_fd_sc_hd__clkbuf_16)
                                                         clknet_3_5__leaf_rclk (net)
                      0.104930    0.003169    0.937997 ^ _33237_/CLK (sky130_fd_sc_hd__dfrtp_4)
    41    0.283410    1.233705    1.678121    2.616118 ^ _33237_/Q (sky130_fd_sc_hd__dfrtp_4)
                                                         r_addr[0] (net)
                      1.233764    0.007401    2.623519 ^ max_cap214/A (sky130_fd_sc_hd__buf_12)
    53    0.340670    0.599179    0.850438    3.473957 ^ max_cap214/X (sky130_fd_sc_hd__buf_12)
                                                         net214 (net)
                      0.599677    0.015088    3.489045 ^ max_cap213/A (sky130_fd_sc_hd__buf_12)
    47    0.322702    0.569256    0.683151    4.172196 ^ max_cap213/X (sky130_fd_sc_hd__buf_12)
                                                         net213 (net)
                      0.571727    0.032037    4.204233 ^ max_cap189/A (sky130_fd_sc_hd__buf_12)
    44    0.314365    0.554123    0.641372    4.845605 ^ max_cap189/X (sky130_fd_sc_hd__buf_12)
                                                         net189 (net)
                      0.587274    0.105043    4.950648 ^ max_cap183/A (sky130_fd_sc_hd__buf_12)
    41    0.275375    0.490376    0.618645    5.569293 ^ max_cap183/X (sky130_fd_sc_hd__buf_12)
                                                         net183 (net)
                      0.507360    0.072103    5.641396 ^ max_cap182/A (sky130_fd_sc_hd__buf_12)
    48    0.327923    0.578005    0.658444    6.299840 ^ max_cap182/X (sky130_fd_sc_hd__buf_12)
                                                         net182 (net)
                      0.591095    0.069672    6.369512 ^ max_cap181/A (sky130_fd_sc_hd__buf_12)
    48    0.327153    0.577892    0.677701    7.047213 ^ max_cap181/X (sky130_fd_sc_hd__buf_12)
                                                         net181 (net)
                      0.602195    0.093066    7.140279 ^ max_cap180/A (sky130_fd_sc_hd__buf_12)
    47    0.330371    0.583081    0.687713    7.827993 ^ max_cap180/X (sky130_fd_sc_hd__buf_12)
                                                         net180 (net)
                      0.603483    0.086150    7.914143 ^ _21341_/S0 (sky130_fd_sc_hd__mux4_1)
     1    0.004622    0.180373    1.437201    9.351344 v _21341_/X (sky130_fd_sc_hd__mux4_1)
                                                         _10723_ (net)
                      0.180373    0.000178    9.351521 v _21342_/A1 (sky130_fd_sc_hd__mux2_1)
     1    0.005022    0.133994    0.728130   10.079652 v _21342_/X (sky130_fd_sc_hd__mux2_1)
                                                         _10724_ (net)
                      0.133994    0.000369   10.080022 v _21343_/B1 (sky130_fd_sc_hd__o221a_1)
     2    0.026051    0.280771    0.655850   10.735871 v _21343_/X (sky130_fd_sc_hd__o221a_1)
                                                         _10725_ (net)
                      0.280818    0.003568   10.739439 v _21365_/A3 (sky130_fd_sc_hd__o311a_2)
    12    0.082912    0.405115    1.060443   11.799882 v _21365_/X (sky130_fd_sc_hd__o311a_2)
                                                         _10747_ (net)
                      0.408196    0.026890   11.826772 v _21366_/C (sky130_fd_sc_hd__or3_2)
     1    0.041712    0.361526    1.385483   13.212255 v _21366_/X (sky130_fd_sc_hd__or3_2)
                                                         _10748_ (net)
                      0.361775    0.008670   13.220924 v _21367_/A3 (sky130_fd_sc_hd__a32o_1)
     1    0.002488    0.075667    0.577817   13.798741 v _21367_/X (sky130_fd_sc_hd__a32o_1)
                                                         _04659_ (net)
                      0.075667    0.000179   13.798921 v _33025_/D (sky130_fd_sc_hd__dfrtp_4)
                                             13.798921   data arrival time

                                 25.000000   25.000000   clock rclk (rise edge)
                                  0.000000   25.000000   clock source latency
     1    0.079572    0.193726    0.141492   25.141491 ^ rclk (in)
                                                         rclk (net)
                      0.196805    0.000000   25.141491 ^ clkbuf_0_rclk/A (sky130_fd_sc_hd__clkbuf_16)
     8    0.161351    0.264820    0.430621   25.572113 ^ clkbuf_0_rclk/X (sky130_fd_sc_hd__clkbuf_16)
                                                         clknet_0_rclk (net)
                      0.265948    0.014172   25.586285 ^ clkbuf_3_3__f_rclk/A (sky130_fd_sc_hd__clkbuf_16)
     7    0.040259    0.095662    0.337305   25.923590 ^ clkbuf_3_3__f_rclk/X (sky130_fd_sc_hd__clkbuf_16)
                                                         clknet_3_3__leaf_rclk (net)
                      0.095691    0.001611   25.925201 ^ _33025_/CLK (sky130_fd_sc_hd__dfrtp_4)
                                  0.000000   25.925201   clock reconvergence pessimism
                                 -0.270312   25.654888   library setup time
                                             25.654888   data required time
---------------------------------------------------------------------------------------------
                                             25.654888   data required time
                                            -13.798921   data arrival time
---------------------------------------------------------------------------------------------
                                             11.855968   slack (MET)


Startpoint: _33246_ (rising edge-triggered flip-flop clocked by wclk)
Endpoint: w_full (output port clocked by wclk)
Path Group: wclk
Path Type: max

Fanout         Cap        Slew       Delay        Time   Description
---------------------------------------------------------------------------------------------
                                  0.000000    0.000000   clock wclk (rise edge)
                                  0.000000    0.000000   clock source latency
     2    0.134039    0.315580    0.227807    0.227807 ^ wclk (in)
                                                         wclk (net)
                      0.318897    0.000000    0.227807 ^ clkbuf_0_wclk/A (sky130_fd_sc_hd__clkbuf_16)
     4    0.111821    0.194910    0.430171    0.657978 ^ clkbuf_0_wclk/X (sky130_fd_sc_hd__clkbuf_16)
                                                         clknet_0_wclk (net)
                      0.196669    0.014818    0.672796 ^ clkbuf_2_1_0_wclk/A (sky130_fd_sc_hd__clkbuf_8)
     4    0.096640    0.270084    0.431153    1.103949 ^ clkbuf_2_1_0_wclk/X (sky130_fd_sc_hd__clkbuf_8)
                                                         clknet_2_1_0_wclk (net)
                      0.271633    0.016644    1.120593 ^ clkbuf_4_4_0_wclk/A (sky130_fd_sc_hd__clkbuf_8)
     4    0.083170    0.236753    0.443934    1.564527 ^ clkbuf_4_4_0_wclk/X (sky130_fd_sc_hd__clkbuf_8)
                                                         clknet_4_4_0_wclk (net)
                      0.237319    0.008545    1.573072 ^ clkbuf_6_18__f_wclk/A (sky130_fd_sc_hd__clkbuf_16)
    11    0.100737    0.177861    0.390013    1.963085 ^ clkbuf_6_18__f_wclk/X (sky130_fd_sc_hd__clkbuf_16)
                                                         clknet_6_18__leaf_wclk (net)
                      0.178183    0.006595    1.969680 ^ clkbuf_leaf_469_wclk/A (sky130_fd_sc_hd__clkbuf_8)
     9    0.039660    0.128843    0.326208    2.295889 ^ clkbuf_leaf_469_wclk/X (sky130_fd_sc_hd__clkbuf_8)
                                                         clknet_leaf_469_wclk (net)
                      0.128878    0.002031    2.297920 ^ _33246_/CLK (sky130_fd_sc_hd__dfrtp_4)
     4    0.112865    0.519662    1.197919    3.495838 ^ _33246_/Q (sky130_fd_sc_hd__dfrtp_4)
                                                         net71 (net)
                      0.525688    0.044795    3.540633 ^ output71/A (sky130_fd_sc_hd__clkbuf_16)
     1    5.001195    7.407266    5.480753    9.021386 ^ output71/X (sky130_fd_sc_hd__clkbuf_16)
                                                         w_full (net)
                      7.419044    0.245755    9.267141 ^ w_full (out)
                                              9.267141   data arrival time

                                 10.000000   10.000000   clock wclk (rise edge)
                                  0.000000   10.000000   clock network delay (propagated)
                                  0.000000   10.000000   clock reconvergence pessimism
                                 -2.000000    8.000000   output external delay
                                              8.000000   data required time
---------------------------------------------------------------------------------------------
                                              8.000000   data required time
                                             -9.267141   data arrival time
---------------------------------------------------------------------------------------------
                                             -1.267141   slack (VIOLATED)




===========================================================================
report_checks --slack_max -0.01
============================================================================
======================= max_ss_100C_1v60 Corner ===================================

Startpoint: _33246_ (rising edge-triggered flip-flop clocked by wclk)
Endpoint: w_full (output port clocked by wclk)
Path Group: wclk
Path Type: max

Fanout         Cap        Slew       Delay        Time   Description
---------------------------------------------------------------------------------------------
                                  0.000000    0.000000   clock wclk (rise edge)
                                  0.000000    0.000000   clock source latency
     2    0.134039    0.315580    0.227807    0.227807 ^ wclk (in)
                                                         wclk (net)
                      0.318897    0.000000    0.227807 ^ clkbuf_0_wclk/A (sky130_fd_sc_hd__clkbuf_16)
     4    0.111821    0.194910    0.430171    0.657978 ^ clkbuf_0_wclk/X (sky130_fd_sc_hd__clkbuf_16)
                                                         clknet_0_wclk (net)
                      0.196669    0.014818    0.672796 ^ clkbuf_2_1_0_wclk/A (sky130_fd_sc_hd__clkbuf_8)
     4    0.096640    0.270084    0.431153    1.103949 ^ clkbuf_2_1_0_wclk/X (sky130_fd_sc_hd__clkbuf_8)
                                                         clknet_2_1_0_wclk (net)
                      0.271633    0.016644    1.120593 ^ clkbuf_4_4_0_wclk/A (sky130_fd_sc_hd__clkbuf_8)
     4    0.083170    0.236753    0.443934    1.564527 ^ clkbuf_4_4_0_wclk/X (sky130_fd_sc_hd__clkbuf_8)
                                                         clknet_4_4_0_wclk (net)
                      0.237319    0.008545    1.573072 ^ clkbuf_6_18__f_wclk/A (sky130_fd_sc_hd__clkbuf_16)
    11    0.100737    0.177861    0.390013    1.963085 ^ clkbuf_6_18__f_wclk/X (sky130_fd_sc_hd__clkbuf_16)
                                                         clknet_6_18__leaf_wclk (net)
                      0.178183    0.006595    1.969680 ^ clkbuf_leaf_469_wclk/A (sky130_fd_sc_hd__clkbuf_8)
     9    0.039660    0.128843    0.326208    2.295889 ^ clkbuf_leaf_469_wclk/X (sky130_fd_sc_hd__clkbuf_8)
                                                         clknet_leaf_469_wclk (net)
                      0.128878    0.002031    2.297920 ^ _33246_/CLK (sky130_fd_sc_hd__dfrtp_4)
     4    0.112865    0.519662    1.197919    3.495838 ^ _33246_/Q (sky130_fd_sc_hd__dfrtp_4)
                                                         net71 (net)
                      0.525688    0.044795    3.540633 ^ output71/A (sky130_fd_sc_hd__clkbuf_16)
     1    5.001195    7.407266    5.480753    9.021386 ^ output71/X (sky130_fd_sc_hd__clkbuf_16)
                                                         w_full (net)
                      7.419044    0.245755    9.267141 ^ w_full (out)
                                              9.267141   data arrival time

                                 10.000000   10.000000   clock wclk (rise edge)
                                  0.000000   10.000000   clock network delay (propagated)
                                  0.000000   10.000000   clock reconvergence pessimism
                                 -2.000000    8.000000   output external delay
                                              8.000000   data required time
---------------------------------------------------------------------------------------------
                                              8.000000   data required time
                                             -9.267141   data arrival time
---------------------------------------------------------------------------------------------
                                             -1.267141   slack (VIOLATED)




===========================================================================
 report_check_types -max_slew -max_cap -max_fanout -violators
============================================================================
======================= max_ss_100C_1v60 Corner ===================================

max slew

Pin                                        Limit        Slew       Slack
------------------------------------------------------------------------
output70/X                              1.502104    7.420750   -5.918645 (VIOLATED)
output59/X                              1.502104    7.411533   -5.909429 (VIOLATED)
output60/X                              1.502104    7.410937   -5.908834 (VIOLATED)
output38/X                              1.502104    7.409930   -5.907825 (VIOLATED)
output41/X                              1.502104    7.409722   -5.907618 (VIOLATED)
output63/X                              1.502104    7.409643   -5.907538 (VIOLATED)
output39/X                              1.502104    7.408774   -5.906670 (VIOLATED)
output61/X                              1.502104    7.408595   -5.906491 (VIOLATED)
output54/X                              1.502104    7.407531   -5.905427 (VIOLATED)
output66/X                              1.502104    7.407528   -5.905424 (VIOLATED)
output71/X                              1.502104    7.407266   -5.905162 (VIOLATED)
output58/X                              1.502104    7.406963   -5.904859 (VIOLATED)
output49/X                              1.502104    7.405711   -5.903607 (VIOLATED)
output44/X                              1.502104    7.405128   -5.903024 (VIOLATED)
output47/X                              1.502104    7.404227   -5.902123 (VIOLATED)
output40/X                              1.502104    7.403812   -5.901708 (VIOLATED)
output69/X                              1.502104    7.402563   -5.900459 (VIOLATED)
output42/X                              1.502104    7.402491   -5.900387 (VIOLATED)
output55/X                              1.502104    7.402458   -5.900354 (VIOLATED)
output52/X                              1.502104    7.402440   -5.900336 (VIOLATED)
output57/X                              1.502104    7.402096   -5.899992 (VIOLATED)
output67/X                              1.502104    7.401898   -5.899794 (VIOLATED)
output46/X                              1.502104    7.401251   -5.899147 (VIOLATED)
output53/X                              1.502104    7.401050   -5.898945 (VIOLATED)
output64/X                              1.502104    7.400936   -5.898832 (VIOLATED)
output45/X                              1.502104    7.400276   -5.898172 (VIOLATED)
output48/X                              1.502104    7.399870   -5.897766 (VIOLATED)
output68/X                              1.502104    7.399806   -5.897702 (VIOLATED)
output50/X                              1.502104    7.399684   -5.897580 (VIOLATED)
output51/X                              1.502104    7.399687   -5.897583 (VIOLATED)
output65/X                              1.502104    7.399346   -5.897242 (VIOLATED)
output43/X                              1.502104    7.399230   -5.897126 (VIOLATED)
output62/X                              1.502104    7.399203   -5.897099 (VIOLATED)
output56/X                              1.502104    7.398790   -5.896686 (VIOLATED)
_25109_/A1                              1.500000    2.155211   -0.655211 (VIOLATED)
_25175_/A1                              1.500000    2.155167   -0.655167 (VIOLATED)
_25076_/A0                              1.500000    2.155022   -0.655022 (VIOLATED)
_24779_/A0                              1.500000    2.154942   -0.654942 (VIOLATED)
_25142_/A1                              1.500000    2.154876   -0.654876 (VIOLATED)
_24713_/A0                              1.500000    2.154639   -0.654639 (VIOLATED)
_24746_/A0                              1.500000    2.154387   -0.654387 (VIOLATED)
_25010_/A1                              1.500000    2.154261   -0.654261 (VIOLATED)
_25274_/A1                              1.500000    2.153579   -0.653579 (VIOLATED)
_25208_/A0                              1.500000    2.153549   -0.653549 (VIOLATED)
_25307_/A1                              1.500000    2.153542   -0.653542 (VIOLATED)
_25241_/A1                              1.500000    2.153257   -0.653257 (VIOLATED)
_25340_/A1                              1.500000    2.152629   -0.652629 (VIOLATED)
_19031_/A1                              1.500000    2.150907   -0.650907 (VIOLATED)
_25439_/A1                              1.500000    2.150385   -0.650385 (VIOLATED)
_25406_/A1                              1.500000    2.149580   -0.649581 (VIOLATED)
_25736_/A0                              1.500000    2.141632   -0.641632 (VIOLATED)
_25835_/A1                              1.500000    2.139555   -0.639555 (VIOLATED)
_25769_/A1                              1.500000    2.137797   -0.637797 (VIOLATED)
_25802_/A1                              1.500000    2.137428   -0.637428 (VIOLATED)
_25868_/A1                              1.500000    2.137384   -0.637384 (VIOLATED)
_25966_/A1                              1.500000    2.133552   -0.633552 (VIOLATED)
_25901_/A1                              1.500000    2.133550   -0.633550 (VIOLATED)
_25934_/A1                              1.500000    2.133126   -0.633126 (VIOLATED)
_25670_/A1                              1.500000    2.130924   -0.630924 (VIOLATED)
_18997_/A1                              1.500000    2.128925   -0.628925 (VIOLATED)
_25505_/A0                              1.500000    2.127743   -0.627743 (VIOLATED)
_25637_/A1                              1.500000    2.123846   -0.623846 (VIOLATED)
_25604_/A0                              1.500000    2.123671   -0.623671 (VIOLATED)
_25472_/A0                              1.500000    2.123430   -0.623431 (VIOLATED)
_25571_/A1                              1.500000    2.122789   -0.622789 (VIOLATED)
_25538_/A0                              1.500000    2.120441   -0.620441 (VIOLATED)
_27682_/A0                              1.500000    2.118142   -0.618142 (VIOLATED)
_28012_/A0                              1.500000    2.118012   -0.618012 (VIOLATED)
_27352_/A0                              1.500000    2.117765   -0.617765 (VIOLATED)
_24944_/A1                              1.500000    2.117761   -0.617761 (VIOLATED)
_15656_/A1                              1.500000    2.117708   -0.617708 (VIOLATED)
_14648_/A0                              1.500000    2.117631   -0.617631 (VIOLATED)
_15325_/A0                              1.500000    2.117614   -0.617614 (VIOLATED)
_14990_/A0                              1.500000    2.117255   -0.617256 (VIOLATED)
_24845_/A1                              1.500000    2.115963   -0.615963 (VIOLATED)
_18830_/A1                              1.500000    2.115771   -0.615771 (VIOLATED)
_16384_/A0                              1.500000    2.115717   -0.615717 (VIOLATED)
_24878_/A1                              1.500000    2.115490   -0.615490 (VIOLATED)
_15986_/A0                              1.500000    2.114300   -0.614301 (VIOLATED)
_17739_/A0                              1.500000    2.113090   -0.613090 (VIOLATED)
_17673_/A0                              1.500000    2.112866   -0.612866 (VIOLATED)
_16451_/A1                              1.500000    2.112674   -0.612675 (VIOLATED)
_17343_/A1                              1.500000    2.111125   -0.611125 (VIOLATED)
_16716_/A1                              1.500000    2.107391   -0.607391 (VIOLATED)
_17310_/A1                              1.500000    2.107140   -0.607140 (VIOLATED)
_17409_/A1                              1.500000    2.105628   -0.605628 (VIOLATED)
_24812_/A1                              1.500000    2.105515   -0.605516 (VIOLATED)
_17079_/A0                              1.500000    2.105416   -0.605416 (VIOLATED)
_17277_/A1                              1.500000    2.105371   -0.605371 (VIOLATED)
_19064_/A1                              1.500000    2.104336   -0.604336 (VIOLATED)
_17442_/A1                              1.500000    2.102795   -0.602795 (VIOLATED)
_17870_/A1                              1.500000    2.101293   -0.601294 (VIOLATED)
_17805_/A0                              1.500000    2.101217   -0.601217 (VIOLATED)
_18266_/A0                              1.500000    2.101199   -0.601199 (VIOLATED)
_16418_/A0                              1.500000    2.101144   -0.601144 (VIOLATED)
_18299_/A0                              1.500000    2.101120   -0.601120 (VIOLATED)
_17706_/A1                              1.500000    2.101116   -0.601116 (VIOLATED)
_18167_/A1                              1.500000    2.101054   -0.601054 (VIOLATED)
_24911_/A1                              1.500000    2.100868   -0.600868 (VIOLATED)
_18365_/A0                              1.500000    2.100852   -0.600852 (VIOLATED)
_18134_/A0                              1.500000    2.100821   -0.600821 (VIOLATED)
_17475_/A0                              1.500000    2.100708   -0.600708 (VIOLATED)
_17508_/A0                              1.500000    2.100643   -0.600643 (VIOLATED)
_18797_/A0                              1.500000    2.098090   -0.598090 (VIOLATED)
_25043_/A1                              1.500000    2.097131   -0.597131 (VIOLATED)
_17640_/A0                              1.500000    2.096566   -0.596566 (VIOLATED)
_17936_/A0                              1.500000    2.091454   -0.591454 (VIOLATED)
_17903_/A1                              1.500000    2.090608   -0.590608 (VIOLATED)
_17244_/A1                              1.500000    2.089580   -0.589580 (VIOLATED)
_17178_/A0                              1.500000    2.086776   -0.586776 (VIOLATED)
_17145_/A0                              1.500000    2.086718   -0.586718 (VIOLATED)
_17541_/A1                              1.500000    2.086509   -0.586509 (VIOLATED)
_17112_/A0                              1.500000    2.086504   -0.586504 (VIOLATED)
_16285_/A1                              1.500000    2.086489   -0.586489 (VIOLATED)
_18431_/A1                              1.500000    2.079851   -0.579851 (VIOLATED)
_18398_/A1                              1.500000    2.076596   -0.576596 (VIOLATED)
_18233_/A1                              1.500000    2.073740   -0.573740 (VIOLATED)
_16551_/A1                              1.500000    2.071388   -0.571388 (VIOLATED)
_16518_/A1                              1.500000    2.071352   -0.571352 (VIOLATED)
_16584_/A0                              1.500000    2.071217   -0.571217 (VIOLATED)
_19097_/A1                              1.500000    2.071019   -0.571019 (VIOLATED)
_14301_/A0                              1.500000    2.068103   -0.568103 (VIOLATED)
_24977_/A0                              1.500000    2.068092   -0.568092 (VIOLATED)
_24680_/A0                              1.500000    2.068065   -0.568065 (VIOLATED)
_18332_/A0                              1.500000    2.067965   -0.567965 (VIOLATED)
_16914_/A0                              1.500000    2.067945   -0.567945 (VIOLATED)
_26692_/A1                              1.500000    2.067893   -0.567893 (VIOLATED)
_16683_/A1                              1.500000    2.067753   -0.567753 (VIOLATED)
_17211_/A1                              1.500000    2.067476   -0.567476 (VIOLATED)
_17969_/A0                              1.500000    2.067278   -0.567278 (VIOLATED)
_16980_/A0                              1.500000    2.067155   -0.567155 (VIOLATED)
_26362_/A1                              1.500000    2.066385   -0.566385 (VIOLATED)
_26032_/A0                              1.500000    2.065732   -0.565732 (VIOLATED)
_17376_/A0                              1.500000    2.064906   -0.564906 (VIOLATED)
_27022_/A1                              1.500000    2.064819   -0.564819 (VIOLATED)
_25373_/A0                              1.500000    2.064723   -0.564723 (VIOLATED)
_16184_/A0                              1.500000    2.064041   -0.564041 (VIOLATED)
_25703_/A1                              1.500000    2.063965   -0.563965 (VIOLATED)
_16251_/A1                              1.500000    2.062962   -0.562962 (VIOLATED)
_17574_/A0                              1.500000    2.062895   -0.562895 (VIOLATED)
_17772_/A0                              1.500000    2.059734   -0.559735 (VIOLATED)
_16484_/A0                              1.500000    2.057309   -0.557309 (VIOLATED)
_16650_/A1                              1.500000    2.055363   -0.555363 (VIOLATED)
_16617_/A0                              1.500000    2.054556   -0.554556 (VIOLATED)
_17607_/A1                              1.500000    2.054545   -0.554545 (VIOLATED)
_16749_/A1                              1.500000    2.054084   -0.554084 (VIOLATED)
_16218_/A1                              1.500000    2.053624   -0.553624 (VIOLATED)
_16318_/A1                              1.500000    2.048736   -0.548736 (VIOLATED)
_18002_/A0                              1.500000    2.048571   -0.548571 (VIOLATED)
_16815_/A1                              1.500000    2.048164   -0.548164 (VIOLATED)
_16881_/A0                              1.500000    2.043576   -0.543576 (VIOLATED)
_17013_/A0                              1.500000    2.042995   -0.542995 (VIOLATED)
_16351_/A0                              1.500000    2.041293   -0.541293 (VIOLATED)
_16782_/A1                              1.500000    2.036832   -0.536832 (VIOLATED)
_16848_/A0                              1.500000    2.035935   -0.535936 (VIOLATED)
_17046_/A0                              1.500000    2.035901   -0.535901 (VIOLATED)
_16947_/A1                              1.500000    2.035050   -0.535050 (VIOLATED)
_18629_/A0                              1.500000    2.034598   -0.534598 (VIOLATED)
ANTENNA_120/DIODE                       1.500000    2.034576   -0.534576 (VIOLATED)
_18101_/A1                              1.500000    2.030756   -0.530757 (VIOLATED)
_18200_/A0                              1.500000    2.027283   -0.527283 (VIOLATED)
_18068_/A0                              1.500000    2.026238   -0.526238 (VIOLATED)
_18035_/A0                              1.500000    2.022229   -0.522229 (VIOLATED)
_28144_/A1                              1.500000    2.021098   -0.521098 (VIOLATED)
_28111_/A1                              1.500000    2.020947   -0.520948 (VIOLATED)
_28276_/A1                              1.500000    2.020884   -0.520884 (VIOLATED)
_28243_/A1                              1.500000    2.020856   -0.520856 (VIOLATED)
_18662_/A1                              1.500000    2.020564   -0.520564 (VIOLATED)
_28210_/A1                              1.500000    2.020468   -0.520468 (VIOLATED)
_28177_/A1                              1.500000    2.020358   -0.520358 (VIOLATED)
_28308_/A1                              1.500000    2.019743   -0.519743 (VIOLATED)
_14404_/A1                              1.500000    2.019022   -0.519022 (VIOLATED)
_14438_/A1                              1.500000    2.018999   -0.518999 (VIOLATED)
_14370_/A1                              1.500000    2.018937   -0.518937 (VIOLATED)
_14336_/A1                              1.500000    2.018842   -0.518842 (VIOLATED)
_14472_/A1                              1.500000    2.018049   -0.518049 (VIOLATED)
_14506_/A1                              1.500000    2.016246   -0.516246 (VIOLATED)
_14540_/A1                              1.500000    2.014348   -0.514348 (VIOLATED)
_14573_/A1                              1.500000    2.012724   -0.512725 (VIOLATED)
_14751_/A0                              1.500000    2.003590   -0.503591 (VIOLATED)
_14786_/A1                              1.500000    2.003148   -0.503148 (VIOLATED)
_14855_/A1                              1.500000    2.002381   -0.502381 (VIOLATED)
_21109_/A1                              1.500000    1.999544   -0.499544 (VIOLATED)
_20759_/A1                              1.500000    1.999282   -0.499282 (VIOLATED)
_23372_/A1                              1.500000    1.999237   -0.499237 (VIOLATED)
_14820_/A1                              1.500000    1.999210   -0.499210 (VIOLATED)
_14611_/A0                              1.500000    1.999036   -0.499036 (VIOLATED)
_23895_/A1                              1.500000    1.998632   -0.498632 (VIOLATED)
_18596_/A0                              1.500000    1.997503   -0.497503 (VIOLATED)
_22676_/A1                              1.500000    1.997058   -0.497058 (VIOLATED)
_22501_/A1                              1.500000    1.996051   -0.496051 (VIOLATED)
_14683_/A0                              1.500000    1.995569   -0.495569 (VIOLATED)
_14718_/A1                              1.500000    1.994956   -0.494956 (VIOLATED)
_15058_/A1                              1.500000    1.994661   -0.494661 (VIOLATED)
_15024_/A1                              1.500000    1.992981   -0.492981 (VIOLATED)
_24068_/A1                              1.500000    1.992586   -0.492586 (VIOLATED)
_19542_/A1                              1.500000    1.990973   -0.490973 (VIOLATED)
_24416_/A1                              1.500000    1.989824   -0.489824 (VIOLATED)
_14889_/A0                              1.500000    1.988846   -0.488846 (VIOLATED)
_14923_/A1                              1.500000    1.988164   -0.488164 (VIOLATED)
_15125_/A1                              1.500000    1.986908   -0.486909 (VIOLATED)
_15092_/A1                              1.500000    1.986883   -0.486883 (VIOLATED)
_18563_/A1                              1.500000    1.986844   -0.486844 (VIOLATED)
_19888_/A1                              1.500000    1.986211   -0.486211 (VIOLATED)
_14957_/A1                              1.500000    1.983963   -0.483964 (VIOLATED)
_23197_/A1                              1.500000    1.980400   -0.480400 (VIOLATED)
_15854_/A1                              1.500000    1.977684   -0.477685 (VIOLATED)
_19715_/A1                              1.500000    1.976935   -0.476935 (VIOLATED)
_15821_/A0                              1.500000    1.974900   -0.474901 (VIOLATED)
_20061_/A1                              1.500000    1.974102   -0.474102 (VIOLATED)
_16085_/A1                              1.500000    1.972356   -0.472356 (VIOLATED)
_15920_/A1                              1.500000    1.972047   -0.472048 (VIOLATED)
_20236_/A1                              1.500000    1.970090   -0.470090 (VIOLATED)
_15887_/A1                              1.500000    1.969756   -0.469756 (VIOLATED)
_18464_/A1                              1.500000    1.968971   -0.468971 (VIOLATED)
_15953_/A0                              1.500000    1.966843   -0.466843 (VIOLATED)
_21978_/A1                              1.500000    1.963810   -0.463810 (VIOLATED)
_16052_/A1                              1.500000    1.963175   -0.463175 (VIOLATED)
_16019_/A1                              1.500000    1.960292   -0.460292 (VIOLATED)
_15689_/A1                              1.500000    1.958458   -0.458458 (VIOLATED)
_15722_/A0                              1.500000    1.958429   -0.458429 (VIOLATED)
_15755_/A0                              1.500000    1.958378   -0.458378 (VIOLATED)
_15788_/A1                              1.500000    1.958130   -0.458130 (VIOLATED)
_16118_/A1                              1.500000    1.957908   -0.457908 (VIOLATED)
_17837_/A0                              1.500000    1.957480   -0.457480 (VIOLATED)
_16151_/A1                              1.500000    1.956479   -0.456480 (VIOLATED)
_23547_/A1                              1.500000    1.953296   -0.453296 (VIOLATED)
_28114_/A1                              1.500000    1.948308   -0.448308 (VIOLATED)
_28147_/A1                              1.500000    1.948287   -0.448287 (VIOLATED)
_28213_/A1                              1.500000    1.948183   -0.448183 (VIOLATED)
_28246_/A1                              1.500000    1.948163   -0.448163 (VIOLATED)
_28279_/A1                              1.500000    1.948106   -0.448106 (VIOLATED)
_28180_/A1                              1.500000    1.947891   -0.447891 (VIOLATED)
_28311_/A1                              1.500000    1.947835   -0.447836 (VIOLATED)
_18665_/A1                              1.500000    1.947752   -0.447752 (VIOLATED)
_14339_/A1                              1.500000    1.946080   -0.446081 (VIOLATED)
_14475_/A1                              1.500000    1.945967   -0.445967 (VIOLATED)
_14407_/A1                              1.500000    1.945842   -0.445842 (VIOLATED)
_14441_/A1                              1.500000    1.945745   -0.445745 (VIOLATED)
_14373_/A1                              1.500000    1.945712   -0.445712 (VIOLATED)
_22328_/A1                              1.500000    1.945441   -0.445441 (VIOLATED)
_14509_/A1                              1.500000    1.943351   -0.443351 (VIOLATED)
_14543_/A1                              1.500000    1.941871   -0.441871 (VIOLATED)
_14576_/A1                              1.500000    1.941732   -0.441732 (VIOLATED)
_17039_/A0                              1.500000    1.933101   -0.433101 (VIOLATED)
_16808_/A1                              1.500000    1.933093   -0.433093 (VIOLATED)
_16377_/A0                              1.500000    1.933038   -0.433038 (VIOLATED)
_16874_/A0                              1.500000    1.932973   -0.432973 (VIOLATED)
_18061_/A0                              1.500000    1.932463   -0.432463 (VIOLATED)
_18094_/A0                              1.500000    1.932343   -0.432343 (VIOLATED)
_18127_/A1                              1.500000    1.932060   -0.432060 (VIOLATED)
ANTENNA_167/DIODE                       1.500000    1.931256   -0.431256 (VIOLATED)
_18226_/A0                              1.500000    1.931175   -0.431176 (VIOLATED)
_15424_/A0                              1.500000    1.930195   -0.430195 (VIOLATED)
_15457_/A1                              1.500000    1.929816   -0.429816 (VIOLATED)
_14789_/A1                              1.500000    1.928664   -0.428664 (VIOLATED)
_15524_/A1                              1.500000    1.928225   -0.428225 (VIOLATED)
_15490_/A1                              1.500000    1.927649   -0.427649 (VIOLATED)
_16344_/A1                              1.500000    1.926287   -0.426287 (VIOLATED)
_14858_/A1                              1.500000    1.926238   -0.426238 (VIOLATED)
_16244_/A1                              1.500000    1.925070   -0.425070 (VIOLATED)
_15590_/A1                              1.500000    1.924543   -0.424543 (VIOLATED)
_15557_/A1                              1.500000    1.924539   -0.424539 (VIOLATED)
_18497_/A1                              1.500000    1.924425   -0.424425 (VIOLATED)
_15623_/A1                              1.500000    1.924290   -0.424290 (VIOLATED)
_21976_/C1                              1.500000    1.924000   -0.424000 (VIOLATED)
_20059_/C1                              1.500000    1.923963   -0.423963 (VIOLATED)
_19886_/C1                              1.500000    1.923904   -0.423904 (VIOLATED)
_16277_/A1                              1.500000    1.923773   -0.423773 (VIOLATED)
_24414_/C1                              1.500000    1.923620   -0.423620 (VIOLATED)
_23195_/C1                              1.500000    1.922907   -0.422907 (VIOLATED)
_19540_/C1                              1.500000    1.922803   -0.422803 (VIOLATED)
_22499_/C1                              1.500000    1.922564   -0.422564 (VIOLATED)
_19713_/C1                              1.500000    1.922547   -0.422547 (VIOLATED)
_24066_/C1                              1.500000    1.922473   -0.422473 (VIOLATED)
_17600_/A0                              1.500000    1.922401   -0.422401 (VIOLATED)
_22261_/B1                              1.500000    1.922295   -0.422296 (VIOLATED)
_20169_/B1                              1.500000    1.922035   -0.422035 (VIOLATED)
_22609_/B1                              1.500000    1.921730   -0.421730 (VIOLATED)
_21042_/B1                              1.500000    1.921285   -0.421285 (VIOLATED)
_20757_/C1                              1.500000    1.921264   -0.421264 (VIOLATED)
_23893_/C1                              1.500000    1.921120   -0.421120 (VIOLATED)
_16510_/A0                              1.500000    1.921101   -0.421101 (VIOLATED)
_23305_/B1                              1.500000    1.920948   -0.420948 (VIOLATED)
_20344_/B1                              1.500000    1.920719   -0.420719 (VIOLATED)
_15160_/A0                              1.500000    1.920681   -0.420681 (VIOLATED)
_23480_/B1                              1.500000    1.920637   -0.420637 (VIOLATED)
_14754_/A0                              1.500000    1.920047   -0.420047 (VIOLATED)
_24176_/B1                              1.500000    1.919921   -0.419921 (VIOLATED)
_16643_/A0                              1.500000    1.919651   -0.419651 (VIOLATED)
_21738_/B1                              1.500000    1.919438   -0.419438 (VIOLATED)
_17633_/A1                              1.500000    1.919289   -0.419289 (VIOLATED)
_17798_/A0                              1.500000    1.919223   -0.419223 (VIOLATED)
_15259_/A1                              1.500000    1.919191   -0.419191 (VIOLATED)
_15193_/A0                              1.500000    1.919165   -0.419166 (VIOLATED)
_15226_/A0                              1.500000    1.917604   -0.417604 (VIOLATED)
_18599_/A0                              1.500000    1.917087   -0.417087 (VIOLATED)
_15027_/A1                              1.500000    1.916628   -0.416628 (VIOLATED)
_15061_/A1                              1.500000    1.916542   -0.416542 (VIOLATED)
_23655_/B1                              1.500000    1.916320   -0.416320 (VIOLATED)
_21390_/B1                              1.500000    1.916313   -0.416313 (VIOLATED)
_24326_/A1                              1.500000    1.916115   -0.416115 (VIOLATED)
_21888_/A1                              1.500000    1.916106   -0.416106 (VIOLATED)
_23455_/A1                              1.500000    1.916073   -0.416073 (VIOLATED)
_20494_/A1                              1.500000    1.916062   -0.416062 (VIOLATED)
_21192_/A1                              1.500000    1.916029   -0.416029 (VIOLATED)
_23978_/A1                              1.500000    1.915921   -0.415922 (VIOLATED)
_22584_/A1                              1.500000    1.915900   -0.415900 (VIOLATED)
_20319_/A1                              1.500000    1.915750   -0.415750 (VIOLATED)
_22756_/A1                              1.500000    1.915574   -0.415574 (VIOLATED)
_19622_/A1                              1.500000    1.915433   -0.415433 (VIOLATED)
_21710_/A1                              1.500000    1.915333   -0.415333 (VIOLATED)
_21362_/A1                              1.500000    1.915298   -0.415298 (VIOLATED)
_20144_/A1                              1.500000    1.915226   -0.415226 (VIOLATED)
_20867_/B1                              1.500000    1.914963   -0.414963 (VIOLATED)
_19798_/A1                              1.500000    1.914897   -0.414897 (VIOLATED)
_24671_/A1                              1.500000    1.914890   -0.414890 (VIOLATED)
_19971_/A1                              1.500000    1.914710   -0.414710 (VIOLATED)
_24151_/A1                              1.500000    1.914312   -0.414312 (VIOLATED)
_15095_/A1                              1.500000    1.913628   -0.413628 (VIOLATED)
_23280_/A1                              1.500000    1.913408   -0.413408 (VIOLATED)
_24499_/A1                              1.500000    1.913328   -0.413328 (VIOLATED)
_22784_/B1                              1.500000    1.912879   -0.412879 (VIOLATED)
_22411_/A1                              1.500000    1.912158   -0.412158 (VIOLATED)
_22061_/A1                              1.500000    1.912149   -0.412149 (VIOLATED)
_15292_/A0                              1.500000    1.911990   -0.411990 (VIOLATED)
_18530_/A1                              1.500000    1.911920   -0.411920 (VIOLATED)
_15358_/A1                              1.500000    1.911829   -0.411829 (VIOLATED)
_17138_/A0                              1.500000    1.911438   -0.411438 (VIOLATED)
_17567_/A1                              1.500000    1.909103   -0.409103 (VIOLATED)
_17270_/A1                              1.500000    1.909031   -0.409031 (VIOLATED)
_14173_/A                               1.500000    1.908981   -0.408981 (VIOLATED)
_14172_/A                               1.500000    1.908962   -0.408962 (VIOLATED)
_14188_/A                               1.500000    1.908955   -0.408955 (VIOLATED)
_14276_/A                               1.500000    1.908921   -0.408921 (VIOLATED)
_15391_/A1                              1.500000    1.908645   -0.408645 (VIOLATED)
_14823_/A1                              1.500000    1.907312   -0.407312 (VIOLATED)
_16311_/A1                              1.500000    1.907300   -0.407300 (VIOLATED)
_33242_/Q                               1.501403    1.908651   -0.407248 (VIOLATED)
_14614_/A0                              1.500000    1.907218   -0.407218 (VIOLATED)
_14686_/A0                              1.500000    1.907181   -0.407181 (VIOLATED)
_14721_/A1                              1.500000    1.906762   -0.406762 (VIOLATED)
_17171_/A0                              1.500000    1.905939   -0.405939 (VIOLATED)
_17929_/A1                              1.500000    1.905931   -0.405932 (VIOLATED)
_17204_/A0                              1.500000    1.905901   -0.405901 (VIOLATED)
_17962_/A0                              1.500000    1.905826   -0.405827 (VIOLATED)
_22498_/C1                              1.500000    1.905248   -0.405248 (VIOLATED)
_26296_/A0                              1.500000    1.905043   -0.405043 (VIOLATED)
_15128_/A1                              1.500000    1.903441   -0.403441 (VIOLATED)
_17105_/A0                              1.500000    1.899575   -0.399575 (VIOLATED)
_14926_/A1                              1.500000    1.899401   -0.399401 (VIOLATED)
_23194_/C1                              1.500000    1.898711   -0.398711 (VIOLATED)
_19090_/A1                              1.500000    1.898572   -0.398572 (VIOLATED)
_17303_/A1                              1.500000    1.895832   -0.395832 (VIOLATED)
_14892_/A0                              1.500000    1.895143   -0.395143 (VIOLATED)
_18566_/A1                              1.500000    1.894791   -0.394791 (VIOLATED)
_24838_/A1                              1.500000    1.892508   -0.392508 (VIOLATED)
_24065_/C1                              1.500000    1.891860   -0.391860 (VIOLATED)
_19539_/C1                              1.500000    1.890689   -0.390689 (VIOLATED)
_20411_/A1                              1.500000    1.890584   -0.390584 (VIOLATED)
_24243_/A1                              1.500000    1.890484   -0.390485 (VIOLATED)
_17336_/A1                              1.500000    1.889901   -0.389901 (VIOLATED)
_24413_/C1                              1.500000    1.889563   -0.389564 (VIOLATED)
_20409_/A1                              1.500000    1.889344   -0.389344 (VIOLATED)
_19885_/C1                              1.500000    1.888627   -0.388627 (VIOLATED)
_21457_/A1                              1.500000    1.888461   -0.388461 (VIOLATED)
_19712_/C1                              1.500000    1.887743   -0.387743 (VIOLATED)
_14960_/A1                              1.500000    1.886864   -0.386864 (VIOLATED)
ANTENNA_146/DIODE                       1.500000    1.886011   -0.386011 (VIOLATED)
_17435_/A1                              1.500000    1.885884   -0.385884 (VIOLATED)
_17369_/A1                              1.500000    1.885814   -0.385814 (VIOLATED)
_20058_/C1                              1.500000    1.885375   -0.385375 (VIOLATED)
_16742_/A1                              1.500000    1.884952   -0.384952 (VIOLATED)
_23722_/A1                              1.500000    1.883436   -0.383436 (VIOLATED)
_21975_/C1                              1.500000    1.883407   -0.383408 (VIOLATED)
_26567_/A0                              1.500000    1.883278   -0.383279 (VIOLATED)
_26263_/A0                              1.500000    1.883232   -0.383232 (VIOLATED)
_26534_/A0                              1.500000    1.883222   -0.383222 (VIOLATED)
_26600_/A0                              1.500000    1.883219   -0.383219 (VIOLATED)
_26633_/A1                              1.500000    1.882953   -0.382953 (VIOLATED)
_27425_/A1                              1.500000    1.882866   -0.382866 (VIOLATED)
_27326_/A0                              1.500000    1.882834   -0.382834 (VIOLATED)
_18704_/A1                              1.500000    1.882579   -0.382579 (VIOLATED)
_26666_/A0                              1.500000    1.882487   -0.382487 (VIOLATED)
_27458_/A1                              1.500000    1.882412   -0.382412 (VIOLATED)
_23024_/A1                              1.500000    1.881999   -0.382000 (VIOLATED)
_27491_/A1                              1.500000    1.881946   -0.381946 (VIOLATED)
_27557_/A1                              1.500000    1.881846   -0.381846 (VIOLATED)
_27392_/A1                              1.500000    1.881608   -0.381608 (VIOLATED)
_27524_/A1                              1.500000    1.881472   -0.381472 (VIOLATED)
_18904_/A1                              1.500000    1.881314   -0.381314 (VIOLATED)
_18871_/A1                              1.500000    1.880627   -0.380627 (VIOLATED)
_27260_/A1                              1.500000    1.880563   -0.380563 (VIOLATED)
_27194_/A0                              1.500000    1.880313   -0.380313 (VIOLATED)
_26996_/A1                              1.500000    1.879831   -0.379831 (VIOLATED)
_27227_/A1                              1.500000    1.879621   -0.379621 (VIOLATED)
_22851_/A1                              1.500000    1.879478   -0.379478 (VIOLATED)
_27293_/A1                              1.500000    1.879403   -0.379403 (VIOLATED)
_27128_/A0                              1.500000    1.879304   -0.379304 (VIOLATED)
_27062_/A0                              1.500000    1.879281   -0.379281 (VIOLATED)
_26930_/A1                              1.500000    1.879202   -0.379202 (VIOLATED)
_22326_/A1                              1.500000    1.878848   -0.378848 (VIOLATED)
_26329_/A0                              1.500000    1.877791   -0.377791 (VIOLATED)
_27095_/A0                              1.500000    1.877655   -0.377655 (VIOLATED)
_27161_/A1                              1.500000    1.877584   -0.377584 (VIOLATED)
_23545_/A1                              1.500000    1.877329   -0.377329 (VIOLATED)
_26732_/A1                              1.500000    1.876630   -0.376630 (VIOLATED)
_26765_/A1                              1.500000    1.876523   -0.376523 (VIOLATED)
_19369_/A1                              1.500000    1.876470   -0.376470 (VIOLATED)
_26798_/A0                              1.500000    1.876170   -0.376170 (VIOLATED)
_26831_/A1                              1.500000    1.876078   -0.376078 (VIOLATED)
_26963_/A1                              1.500000    1.875899   -0.375900 (VIOLATED)
_20234_/A1                              1.500000    1.875584   -0.375584 (VIOLATED)
_26897_/A1                              1.500000    1.875251   -0.375251 (VIOLATED)
_26864_/A1                              1.500000    1.873830   -0.373830 (VIOLATED)
_20756_/C1                              1.500000    1.873807   -0.373807 (VIOLATED)
_18938_/A1                              1.500000    1.873183   -0.373183 (VIOLATED)
_26303_/A0                              1.500000    1.873002   -0.373002 (VIOLATED)
_26270_/A0                              1.500000    1.872888   -0.372888 (VIOLATED)
_26402_/A0                              1.500000    1.872691   -0.372691 (VIOLATED)
_23892_/C1                              1.500000    1.871915   -0.371915 (VIOLATED)
_21630_/A1                              1.500000    1.871581   -0.371581 (VIOLATED)
_16856_/A0                              1.500000    1.870520   -0.370521 (VIOLATED)
_16790_/A1                              1.500000    1.870519   -0.370519 (VIOLATED)
_18043_/A0                              1.500000    1.870464   -0.370464 (VIOLATED)
_22674_/A1                              1.500000    1.870224   -0.370224 (VIOLATED)
_18109_/A1                              1.500000    1.870198   -0.370198 (VIOLATED)
_18931_/A1                              1.500000    1.870023   -0.370023 (VIOLATED)
_16359_/A0                              1.500000    1.869950   -0.369950 (VIOLATED)
_18208_/A0                              1.500000    1.869057   -0.369057 (VIOLATED)
_17021_/A0                              1.500000    1.869044   -0.369044 (VIOLATED)
_18076_/A0                              1.500000    1.868980   -0.368980 (VIOLATED)
_22153_/A1                              1.500000    1.867749   -0.367749 (VIOLATED)
_16226_/A1                              1.500000    1.867228   -0.367228 (VIOLATED)
_16326_/A1                              1.500000    1.866817   -0.366817 (VIOLATED)
_16259_/A1                              1.500000    1.866024   -0.366025 (VIOLATED)
_19201_/A1                              1.500000    1.865995   -0.365995 (VIOLATED)
_17582_/A0                              1.500000    1.865979   -0.365979 (VIOLATED)
_16492_/A0                              1.500000    1.864353   -0.364353 (VIOLATED)
_16625_/A0                              1.500000    1.864323   -0.364323 (VIOLATED)
_21107_/A1                              1.500000    1.863905   -0.363905 (VIOLATED)
_17615_/A1                              1.500000    1.863029   -0.363029 (VIOLATED)
_25597_/A1                              1.500000    1.862701   -0.362701 (VIOLATED)
_23370_/A1                              1.500000    1.862684   -0.362684 (VIOLATED)
_26468_/A1                              1.500000    1.862519   -0.362519 (VIOLATED)
_20934_/A1                              1.500000    1.861768   -0.361768 (VIOLATED)
_17780_/A0                              1.500000    1.861295   -0.361295 (VIOLATED)
_20586_/A1                              1.500000    1.860980   -0.360980 (VIOLATED)
_21805_/A1                              1.500000    1.860977   -0.360977 (VIOLATED)
_27946_/A1                              1.500000    1.860971   -0.360971 (VIOLATED)
_25564_/A0                              1.500000    1.858869   -0.358869 (VIOLATED)
_26164_/A0                              1.500000    1.857897   -0.357897 (VIOLATED)
_27847_/A0                              1.500000    1.857104   -0.357104 (VIOLATED)
_27913_/A1                              1.500000    1.856376   -0.356376 (VIOLATED)
_17120_/A0                              1.500000    1.856217   -0.356217 (VIOLATED)
_21282_/A1                              1.500000    1.855788   -0.355788 (VIOLATED)
_24241_/A1                              1.500000    1.855740   -0.355740 (VIOLATED)
_27880_/A1                              1.500000    1.855443   -0.355443 (VIOLATED)
_26435_/A1                              1.500000    1.854918   -0.354918 (VIOLATED)
_15857_/A1                              1.500000    1.851750   -0.351751 (VIOLATED)
_16293_/A1                              1.500000    1.851708   -0.351708 (VIOLATED)
_18764_/A1                              1.500000    1.851449   -0.351449 (VIOLATED)
_26336_/A0                              1.500000    1.850972   -0.350972 (VIOLATED)
_25531_/A0                              1.500000    1.850803   -0.350803 (VIOLATED)
_26501_/A1                              1.500000    1.850747   -0.350747 (VIOLATED)
_26131_/A0                              1.500000    1.850157   -0.350157 (VIOLATED)
_17549_/A1                              1.500000    1.849373   -0.349373 (VIOLATED)
_25663_/A1                              1.500000    1.848835   -0.348835 (VIOLATED)
_25630_/A0                              1.500000    1.848773   -0.348774 (VIOLATED)
_15824_/A0                              1.500000    1.848250   -0.348250 (VIOLATED)
_15725_/A0                              1.500000    1.848148   -0.348148 (VIOLATED)
_15692_/A1                              1.500000    1.848123   -0.348123 (VIOLATED)
_27979_/A1                              1.500000    1.848072   -0.348072 (VIOLATED)
ANTENNA_147/DIODE                       1.500000    1.847785   -0.347785 (VIOLATED)
_17911_/A1                              1.500000    1.846724   -0.346724 (VIOLATED)
_17153_/A0                              1.500000    1.844809   -0.344810 (VIOLATED)
_17186_/A0                              1.500000    1.844775   -0.344775 (VIOLATED)
_28078_/A1                              1.500000    1.844747   -0.344747 (VIOLATED)
_28045_/A1                              1.500000    1.844726   -0.344726 (VIOLATED)
_17252_/A1                              1.500000    1.844698   -0.344698 (VIOLATED)
_17944_/A0                              1.500000    1.844516   -0.344516 (VIOLATED)
_16022_/A1                              1.500000    1.843987   -0.343987 (VIOLATED)
_18467_/A1                              1.500000    1.843766   -0.343766 (VIOLATED)
_25498_/A0                              1.500000    1.843625   -0.343625 (VIOLATED)
_16055_/A1                              1.500000    1.843621   -0.343621 (VIOLATED)
_15956_/A0                              1.500000    1.843582   -0.343582 (VIOLATED)
_15758_/A0                              1.500000    1.843099   -0.343099 (VIOLATED)
_15791_/A1                              1.500000    1.842543   -0.342543 (VIOLATED)
_26230_/A1                              1.500000    1.842075   -0.342075 (VIOLATED)
_16088_/A1                              1.500000    1.839472   -0.339472 (VIOLATED)
_15890_/A1                              1.500000    1.839441   -0.339441 (VIOLATED)
_15923_/A1                              1.500000    1.839215   -0.339215 (VIOLATED)
_26006_/A0                              1.500000    1.838417   -0.338417 (VIOLATED)
_21803_/A1                              1.500000    1.838268   -0.338268 (VIOLATED)
_19023_/A1                              1.500000    1.837859   -0.337859 (VIOLATED)
_25960_/A1                              1.500000    1.837848   -0.337848 (VIOLATED)
_25696_/A1                              1.500000    1.837774   -0.337774 (VIOLATED)
_26105_/A1                              1.500000    1.837726   -0.337726 (VIOLATED)
_21455_/A1                              1.500000    1.834000   -0.334000 (VIOLATED)
_16154_/A1                              1.500000    1.833982   -0.333982 (VIOLATED)
_23720_/A1                              1.500000    1.832761   -0.332761 (VIOLATED)
_19072_/A1                              1.500000    1.831963   -0.331963 (VIOLATED)
_25927_/A1                              1.500000    1.830849   -0.330849 (VIOLATED)
_26072_/A0                              1.500000    1.829599   -0.329599 (VIOLATED)
_17840_/A0                              1.500000    1.829000   -0.329000 (VIOLATED)
_16121_/A1                              1.500000    1.828996   -0.328996 (VIOLATED)
_27616_/A0                              1.500000    1.828824   -0.328824 (VIOLATED)
_21279_/C1                              1.500000    1.828817   -0.328817 (VIOLATED)
_26197_/A0                              1.500000    1.828784   -0.328784 (VIOLATED)
_27583_/A0                              1.500000    1.828783   -0.328783 (VIOLATED)
_27781_/A1                              1.500000    1.828753   -0.328753 (VIOLATED)
_18731_/A1                              1.500000    1.828682   -0.328682 (VIOLATED)
_27814_/A1                              1.500000    1.828662   -0.328662 (VIOLATED)
_27649_/A0                              1.500000    1.828594   -0.328594 (VIOLATED)
_27715_/A0                              1.500000    1.828291   -0.328291 (VIOLATED)
_26004_/A0                              1.500000    1.827707   -0.327707 (VIOLATED)
_26136_/A0                              1.500000    1.827690   -0.327690 (VIOLATED)
_24820_/A1                              1.500000    1.827598   -0.327599 (VIOLATED)
_26169_/A0                              1.500000    1.827476   -0.327476 (VIOLATED)
_26202_/A0                              1.500000    1.827390   -0.327390 (VIOLATED)
_26235_/A1                              1.500000    1.827135   -0.327135 (VIOLATED)
_26103_/A1                              1.500000    1.827041   -0.327041 (VIOLATED)
_26070_/A0                              1.500000    1.826901   -0.326901 (VIOLATED)
_18969_/A0                              1.500000    1.826178   -0.326178 (VIOLATED)
_25992_/A1                              1.500000    1.825863   -0.325863 (VIOLATED)
_15172_/A0                              1.500000    1.825553   -0.325553 (VIOLATED)
_15205_/A0                              1.500000    1.825488   -0.325489 (VIOLATED)
_15238_/A0                              1.500000    1.825391   -0.325391 (VIOLATED)
_17351_/A1                              1.500000    1.825354   -0.325354 (VIOLATED)
_15271_/A1                              1.500000    1.825322   -0.325322 (VIOLATED)
_17417_/A1                              1.500000    1.825217   -0.325217 (VIOLATED)
_17285_/A1                              1.500000    1.825022   -0.325022 (VIOLATED)
_24588_/A1                              1.500000    1.825003   -0.325003 (VIOLATED)
_15370_/A1                              1.500000    1.824943   -0.324944 (VIOLATED)
_15304_/A0                              1.500000    1.824936   -0.324936 (VIOLATED)
_18542_/A1                              1.500000    1.824889   -0.324889 (VIOLATED)
_15436_/A0                              1.500000    1.824649   -0.324649 (VIOLATED)
_15403_/A1                              1.500000    1.824590   -0.324590 (VIOLATED)
_17087_/A0                              1.500000    1.824159   -0.324159 (VIOLATED)
_15536_/A1                              1.500000    1.824057   -0.324057 (VIOLATED)
_26204_/A0                              1.500000    1.823845   -0.323845 (VIOLATED)
_18971_/A0                              1.500000    1.823782   -0.323782 (VIOLATED)
_26237_/A1                              1.500000    1.823672   -0.323672 (VIOLATED)
_15502_/A1                              1.500000    1.823346   -0.323346 (VIOLATED)
_15635_/A1                              1.500000    1.823255   -0.323255 (VIOLATED)
_18509_/A1                              1.500000    1.823113   -0.323114 (VIOLATED)
_25894_/A1                              1.500000    1.823090   -0.323090 (VIOLATED)
_15602_/A1                              1.500000    1.823007   -0.323008 (VIOLATED)
_27859_/A0                              1.500000    1.822414   -0.322414 (VIOLATED)
_27892_/A1                              1.500000    1.822284   -0.322284 (VIOLATED)
_15469_/A1                              1.500000    1.822205   -0.322205 (VIOLATED)
_26895_/A1                              1.500000    1.822148   -0.322148 (VIOLATED)
_15569_/A1                              1.500000    1.821951   -0.321951 (VIOLATED)
_27748_/A1                              1.500000    1.821678   -0.321678 (VIOLATED)
_26171_/A0                              1.500000    1.821404   -0.321404 (VIOLATED)
_27958_/A1                              1.500000    1.821319   -0.321319 (VIOLATED)
_26138_/A0                              1.500000    1.821313   -0.321313 (VIOLATED)
_25828_/A1                              1.500000    1.821193   -0.321193 (VIOLATED)
_26862_/A1                              1.500000    1.821044   -0.321044 (VIOLATED)
_27456_/A1                              1.500000    1.820865   -0.320865 (VIOLATED)
_28057_/A1                              1.500000    1.820860   -0.320860 (VIOLATED)
_27522_/A1                              1.500000    1.820816   -0.320816 (VIOLATED)
_27258_/A1                              1.500000    1.820763   -0.320763 (VIOLATED)
_28090_/A1                              1.500000    1.820728   -0.320728 (VIOLATED)
_27225_/A1                              1.500000    1.820701   -0.320701 (VIOLATED)
_27555_/A1                              1.500000    1.820682   -0.320682 (VIOLATED)
_18776_/A1                              1.500000    1.820650   -0.320650 (VIOLATED)
_27192_/A0                              1.500000    1.820477   -0.320477 (VIOLATED)
_27991_/A1                              1.500000    1.820353   -0.320353 (VIOLATED)
_27159_/A1                              1.500000    1.820121   -0.320121 (VIOLATED)
_27093_/A0                              1.500000    1.820033   -0.320033 (VIOLATED)
_27126_/A0                              1.500000    1.819998   -0.319998 (VIOLATED)
_26796_/A0                              1.500000    1.819970   -0.319970 (VIOLATED)
_27060_/A0                              1.500000    1.819874   -0.319874 (VIOLATED)
_27291_/A1                              1.500000    1.819804   -0.319804 (VIOLATED)
_27489_/A1                              1.500000    1.819769   -0.319769 (VIOLATED)
_27925_/A1                              1.500000    1.819666   -0.319666 (VIOLATED)
_27390_/A1                              1.500000    1.819528   -0.319529 (VIOLATED)
_17318_/A1                              1.500000    1.819370   -0.319370 (VIOLATED)
_16724_/A1                              1.500000    1.819151   -0.319151 (VIOLATED)
_27423_/A1                              1.500000    1.818988   -0.318988 (VIOLATED)
_25861_/A1                              1.500000    1.818802   -0.318802 (VIOLATED)
_27319_/A0                              1.500000    1.818421   -0.318422 (VIOLATED)
_26829_/A1                              1.500000    1.817515   -0.317515 (VIOLATED)
_23021_/C1                              1.500000    1.816498   -0.316498 (VIOLATED)
_18702_/A1                              1.500000    1.816468   -0.316468 (VIOLATED)
_25795_/A1                              1.500000    1.815176   -0.315176 (VIOLATED)
_18697_/A1                              1.500000    1.814993   -0.314993 (VIOLATED)
_27324_/A0                              1.500000    1.814846   -0.314846 (VIOLATED)
_26928_/A1                              1.500000    1.814473   -0.314473 (VIOLATED)
_26428_/A1                              1.500000    1.813521   -0.313521 (VIOLATED)
_27418_/A1                              1.500000    1.813206   -0.313206 (VIOLATED)
_27385_/A1                              1.500000    1.813164   -0.313164 (VIOLATED)
_17053_/A0                              1.500000    1.812733   -0.312733 (VIOLATED)
_26961_/A1                              1.500000    1.811697   -0.311697 (VIOLATED)
_19366_/C1                              1.500000    1.811462   -0.311462 (VIOLATED)
_26499_/A1                              1.500000    1.810364   -0.310364 (VIOLATED)
_18869_/A1                              1.500000    1.810260   -0.310261 (VIOLATED)
_26466_/A1                              1.500000    1.810250   -0.310250 (VIOLATED)
_27451_/A1                              1.500000    1.809938   -0.309938 (VIOLATED)
_26994_/A1                              1.500000    1.809421   -0.309422 (VIOLATED)
_25999_/A0                              1.500000    1.808680   -0.308680 (VIOLATED)
_18964_/A0                              1.500000    1.808651   -0.308651 (VIOLATED)
_26098_/A1                              1.500000    1.808632   -0.308632 (VIOLATED)
_25762_/A0                              1.500000    1.808553   -0.308553 (VIOLATED)
_26065_/A0                              1.500000    1.808545   -0.308545 (VIOLATED)
_26395_/A0                              1.500000    1.807703   -0.307704 (VIOLATED)
_16954_/A1                              1.500000    1.807582   -0.307583 (VIOLATED)
_27484_/A1                              1.500000    1.807259   -0.307259 (VIOLATED)
_20932_/A1                              1.500000    1.807136   -0.307136 (VIOLATED)
_26664_/A0                              1.500000    1.807106   -0.307106 (VIOLATED)
_27550_/A1                              1.500000    1.805563   -0.305563 (VIOLATED)
_27055_/A0                              1.500000    1.804763   -0.304763 (VIOLATED)
_26494_/A1                              1.500000    1.803981   -0.303981 (VIOLATED)
_26461_/A1                              1.500000    1.803102   -0.303102 (VIOLATED)
_27517_/A1                              1.500000    1.802554   -0.302554 (VIOLATED)
_26683_/A0                              1.500000    1.801178   -0.301178 (VIOLATED)
_26815_/A0                              1.500000    1.801136   -0.301136 (VIOLATED)
_26848_/A1                              1.500000    1.800857   -0.300857 (VIOLATED)
_26914_/A1                              1.500000    1.800790   -0.300790 (VIOLATED)
_26881_/A1                              1.500000    1.800714   -0.300714 (VIOLATED)
_18888_/A1                              1.500000    1.800574   -0.300574 (VIOLATED)
_26980_/A1                              1.500000    1.800456   -0.300456 (VIOLATED)
_27088_/A0                              1.500000    1.800452   -0.300452 (VIOLATED)
_27013_/A1                              1.500000    1.800397   -0.300397 (VIOLATED)
_18921_/A1                              1.500000    1.800138   -0.300138 (VIOLATED)
_26782_/A1                              1.500000    1.800058   -0.300058 (VIOLATED)
_26749_/A1                              1.500000    1.799792   -0.299792 (VIOLATED)
_26584_/A0                              1.500000    1.799676   -0.299676 (VIOLATED)
_26947_/A1                              1.500000    1.799663   -0.299663 (VIOLATED)
_25513_/A0                              1.500000    1.799353   -0.299353 (VIOLATED)
_26551_/A0                              1.500000    1.799077   -0.299077 (VIOLATED)
_26617_/A0                              1.500000    1.798995   -0.298995 (VIOLATED)
_26650_/A1                              1.500000    1.798611   -0.298611 (VIOLATED)
_27562_/A1                              1.500000    1.797766   -0.297766 (VIOLATED)
_27253_/A1                              1.500000    1.797719   -0.297719 (VIOLATED)
_27286_/A1                              1.500000    1.797706   -0.297706 (VIOLATED)
_27187_/A0                              1.500000    1.797659   -0.297659 (VIOLATED)
_27121_/A0                              1.500000    1.797633   -0.297633 (VIOLATED)
_27220_/A1                              1.500000    1.797549   -0.297549 (VIOLATED)
_27463_/A1                              1.500000    1.797387   -0.297387 (VIOLATED)
_25612_/A0                              1.500000    1.796877   -0.296877 (VIOLATED)
_27154_/A1                              1.500000    1.796855   -0.296855 (VIOLATED)
_27529_/A1                              1.500000    1.796280   -0.296280 (VIOLATED)
_25645_/A1                              1.500000    1.796049   -0.296049 (VIOLATED)
_25546_/A0                              1.500000    1.795892   -0.295892 (VIOLATED)
_26763_/A1                              1.500000    1.795848   -0.295848 (VIOLATED)
_25579_/A1                              1.500000    1.795811   -0.295811 (VIOLATED)
_25480_/A0                              1.500000    1.795500   -0.295500 (VIOLATED)
_16888_/A0                              1.500000    1.795464   -0.295464 (VIOLATED)
_25678_/A1                              1.500000    1.795419   -0.295419 (VIOLATED)
_19005_/A1                              1.500000    1.795055   -0.295055 (VIOLATED)
_26730_/A1                              1.500000    1.794654   -0.294654 (VIOLATED)
_16756_/A1                              1.500000    1.794383   -0.294383 (VIOLATED)
_16657_/A1                              1.500000    1.794364   -0.294364 (VIOLATED)
_18009_/A0                              1.500000    1.794186   -0.294186 (VIOLATED)
_19198_/C1                              1.500000    1.793489   -0.293489 (VIOLATED)
_27496_/A1                              1.500000    1.793441   -0.293442 (VIOLATED)
_25942_/A1                              1.500000    1.793318   -0.293318 (VIOLATED)
_25974_/A1                              1.500000    1.793286   -0.293286 (VIOLATED)
_18636_/A0                              1.500000    1.791785   -0.291785 (VIOLATED)
_25909_/A1                              1.500000    1.790873   -0.290873 (VIOLATED)
_26758_/A1                              1.500000    1.790608   -0.290608 (VIOLATED)
_26725_/A1                              1.500000    1.790606   -0.290606 (VIOLATED)
_26659_/A0                              1.500000    1.790571   -0.290571 (VIOLATED)
_18897_/A1                              1.500000    1.790502   -0.290502 (VIOLATED)
_26527_/A0                              1.500000    1.790389   -0.290389 (VIOLATED)
_26560_/A0                              1.500000    1.790263   -0.290263 (VIOLATED)
_26989_/A1                              1.500000    1.790109   -0.290109 (VIOLATED)
_26593_/A0                              1.500000    1.790103   -0.290103 (VIOLATED)
_18864_/A1                              1.500000    1.790102   -0.290102 (VIOLATED)
_26626_/A1                              1.500000    1.790094   -0.290094 (VIOLATED)
_26956_/A1                              1.500000    1.789985   -0.289985 (VIOLATED)
_26791_/A0                              1.500000    1.789893   -0.289893 (VIOLATED)
_26923_/A1                              1.500000    1.789849   -0.289849 (VIOLATED)
_27298_/A1                              1.500000    1.789741   -0.289741 (VIOLATED)
_26824_/A1                              1.500000    1.789645   -0.289645 (VIOLATED)
_27508_/A1                              1.500000    1.789587   -0.289587 (VIOLATED)
_27574_/A1                              1.500000    1.789576   -0.289576 (VIOLATED)
_21627_/C1                              1.500000    1.789217   -0.289217 (VIOLATED)
_18721_/A1                              1.500000    1.788952   -0.288952 (VIOLATED)
_27805_/A1                              1.500000    1.788821   -0.288821 (VIOLATED)
_18755_/A1                              1.500000    1.788654   -0.288654 (VIOLATED)
_25995_/A                               1.500000    1.788574   -0.288574 (VIOLATED)
ANTENNA_8/DIODE                         1.500000    1.788567   -0.288567 (VIOLATED)
_27673_/A0                              1.500000    1.788485   -0.288485 (VIOLATED)
_18196_/A                               1.500000    1.788338   -0.288338 (VIOLATED)
ANTENNA_3/DIODE                         1.500000    1.788331   -0.288331 (VIOLATED)
_26890_/A1                              1.500000    1.788200   -0.288200 (VIOLATED)
_17174_/A                               1.500000    1.788158   -0.288158 (VIOLATED)
_27475_/A1                              1.500000    1.788088   -0.288088 (VIOLATED)
_26857_/A1                              1.500000    1.787729   -0.287729 (VIOLATED)
_15427_/A0                              1.500000    1.787683   -0.287683 (VIOLATED)
ANTENNA_7/DIODE                         1.500000    1.787455   -0.287455 (VIOLATED)
_25468_/B                               1.500000    1.787440   -0.287440 (VIOLATED)
_27607_/A0                              1.500000    1.787439   -0.287439 (VIOLATED)
_27541_/A1                              1.500000    1.787438   -0.287438 (VIOLATED)
_27640_/A0                              1.500000    1.787171   -0.287171 (VIOLATED)
_25843_/A1                              1.500000    1.786810   -0.286810 (VIOLATED)
_25876_/A1                              1.500000    1.786755   -0.286755 (VIOLATED)
_27199_/A0                              1.500000    1.786700   -0.286700 (VIOLATED)
_16822_/A1                              1.500000    1.786341   -0.286341 (VIOLATED)
_22849_/A1                              1.500000    1.784814   -0.284814 (VIOLATED)
_25465_/A1                              1.500000    1.784521   -0.284521 (VIOLATED)
_18902_/A1                              1.500000    1.784432   -0.284432 (VIOLATED)
_24775_/A                               1.500000    1.784072   -0.284072 (VIOLATED)
ANTENNA_6/DIODE                         1.500000    1.784062   -0.284062 (VIOLATED)
_27772_/A1                              1.500000    1.784046   -0.284046 (VIOLATED)
_26433_/A1                              1.500000    1.782693   -0.282693 (VIOLATED)
_18793_/A                               1.500000    1.782452   -0.282452 (VIOLATED)
ANTENNA_5/DIODE                         1.500000    1.782442   -0.282442 (VIOLATED)
ANTENNA_4/DIODE                         1.500000    1.782379   -0.282379 (VIOLATED)
_26523_/A                               1.500000    1.781550   -0.281550 (VIOLATED)
ANTENNA_9/DIODE                         1.500000    1.781541   -0.281541 (VIOLATED)
_17998_/A                               1.500000    1.781078   -0.281078 (VIOLATED)
ANTENNA_2/DIODE                         1.500000    1.781061   -0.281061 (VIOLATED)
_27232_/A1                              1.500000    1.780750   -0.280750 (VIOLATED)
_27838_/A1                              1.500000    1.780604   -0.280604 (VIOLATED)
_27112_/A0                              1.500000    1.780534   -0.280535 (VIOLATED)
_25810_/A1                              1.500000    1.780361   -0.280361 (VIOLATED)
input29/X                               1.502104    1.781991   -0.279887 (VIOLATED)
_15560_/A1                              1.500000    1.779358   -0.279358 (VIOLATED)
_27067_/A0                              1.500000    1.778218   -0.278218 (VIOLATED)
_27133_/A0                              1.500000    1.778188   -0.278188 (VIOLATED)
_26400_/A0                              1.500000    1.778145   -0.278145 (VIOLATED)
_27265_/A1                              1.500000    1.777966   -0.277966 (VIOLATED)
_27166_/A1                              1.500000    1.777843   -0.277844 (VIOLATED)
_27100_/A0                              1.500000    1.777727   -0.277728 (VIOLATED)
_26168_/A0                              1.500000    1.777510   -0.277510 (VIOLATED)
_26135_/A0                              1.500000    1.777476   -0.277476 (VIOLATED)
_26201_/A0                              1.500000    1.777382   -0.277382 (VIOLATED)
_26234_/A1                              1.500000    1.777367   -0.277367 (VIOLATED)
_27739_/A0                              1.500000    1.777314   -0.277315 (VIOLATED)
_26334_/A0                              1.500000    1.777188   -0.277188 (VIOLATED)
_26003_/A0                              1.500000    1.776724   -0.276724 (VIOLATED)
_26102_/A1                              1.500000    1.776590   -0.276590 (VIOLATED)
_26532_/A0                              1.500000    1.776144   -0.276144 (VIOLATED)
_26268_/A0                              1.500000    1.776103   -0.276103 (VIOLATED)
_27397_/A1                              1.500000    1.775950   -0.275950 (VIOLATED)
_26565_/A0                              1.500000    1.775874   -0.275874 (VIOLATED)
_26069_/A0                              1.500000    1.775720   -0.275720 (VIOLATED)
_27348_/A                               1.500000    1.775241   -0.275241 (VIOLATED)
_20584_/A1                              1.500000    1.775202   -0.275202 (VIOLATED)
_25432_/A1                              1.500000    1.774869   -0.274869 (VIOLATED)
_18968_/A0                              1.500000    1.774838   -0.274838 (VIOLATED)
_15626_/A1                              1.500000    1.774795   -0.274795 (VIOLATED)
_27051_/A                               1.500000    1.774697   -0.274697 (VIOLATED)
_27579_/A                               1.500000    1.774550   -0.274550 (VIOLATED)
_27079_/A0                              1.500000    1.774472   -0.274472 (VIOLATED)
_27178_/A1                              1.500000    1.774431   -0.274431 (VIOLATED)
_24676_/B                               1.500000    1.774144   -0.274144 (VIOLATED)
_15156_/A                               1.500000    1.774045   -0.274045 (VIOLATED)
ANTENNA_190/DIODE                       1.500000    1.774044   -0.274044 (VIOLATED)
_14607_/B                               1.500000    1.773900   -0.273900 (VIOLATED)
_14606_/X                               1.499598    1.773410   -0.273812 (VIOLATED)
_26300_/A0                              1.500000    1.773687   -0.273687 (VIOLATED)
_26267_/A0                              1.500000    1.773532   -0.273532 (VIOLATED)
_25744_/A0                              1.500000    1.773090   -0.273090 (VIOLATED)
_25366_/A1                              1.500000    1.772757   -0.272758 (VIOLATED)
_26598_/A0                              1.500000    1.772360   -0.272360 (VIOLATED)
_18935_/A1                              1.500000    1.772251   -0.272251 (VIOLATED)
_19057_/A1                              1.500000    1.772088   -0.272088 (VIOLATED)
_26465_/A1                              1.500000    1.771641   -0.271641 (VIOLATED)
_27430_/A1                              1.500000    1.771545   -0.271545 (VIOLATED)
_26333_/A0                              1.500000    1.771406   -0.271406 (VIOLATED)
_27145_/A0                              1.500000    1.770822   -0.270822 (VIOLATED)
_26498_/A1                              1.500000    1.769758   -0.269758 (VIOLATED)
_15593_/A1                              1.500000    1.769418   -0.269418 (VIOLATED)
_25777_/A1                              1.500000    1.768744   -0.268744 (VIOLATED)
_26432_/A1                              1.500000    1.768081   -0.268081 (VIOLATED)
_26631_/A1                              1.500000    1.767865   -0.267865 (VIOLATED)
_16690_/A1                              1.500000    1.767167   -0.267167 (VIOLATED)
_26399_/A0                              1.500000    1.766517   -0.266517 (VIOLATED)
_25447_/A1                              1.500000    1.765591   -0.265591 (VIOLATED)
_18240_/A1                              1.500000    1.765560   -0.265560 (VIOLATED)
_25333_/A1                              1.500000    1.765278   -0.265278 (VIOLATED)
_27277_/A1                              1.500000    1.764573   -0.264573 (VIOLATED)
_27310_/A1                              1.500000    1.764514   -0.264514 (VIOLATED)
_27331_/A0                              1.500000    1.763734   -0.263734 (VIOLATED)
_25414_/A1                              1.500000    1.761767   -0.261767 (VIOLATED)
_18936_/A1                              1.500000    1.761476   -0.261476 (VIOLATED)
_18500_/A1                              1.500000    1.761123   -0.261123 (VIOLATED)
_18709_/A1                              1.500000    1.760081   -0.260082 (VIOLATED)
_27244_/A1                              1.500000    1.757684   -0.257684 (VIOLATED)
_25300_/A1                              1.500000    1.757647   -0.257647 (VIOLATED)
_16786_/A1                              1.500000    1.757423   -0.257423 (VIOLATED)
_16852_/A0                              1.500000    1.757365   -0.257365 (VIOLATED)
_27904_/A1                              1.500000    1.757037   -0.257037 (VIOLATED)
_17017_/A0                              1.500000    1.756967   -0.256967 (VIOLATED)
_18072_/A0                              1.500000    1.756952   -0.256952 (VIOLATED)
_16355_/A0                              1.500000    1.756925   -0.256925 (VIOLATED)
_27871_/A0                              1.500000    1.756901   -0.256901 (VIOLATED)
_27970_/A1                              1.500000    1.756892   -0.256892 (VIOLATED)
_18039_/A0                              1.500000    1.756876   -0.256876 (VIOLATED)
_26301_/A0                              1.500000    1.756857   -0.256857 (VIOLATED)
_18105_/A1                              1.500000    1.756805   -0.256805 (VIOLATED)
_15163_/A0                              1.500000    1.756797   -0.256797 (VIOLATED)
_28003_/A1                              1.500000    1.756627   -0.256627 (VIOLATED)
_28102_/A1                              1.500000    1.756609   -0.256609 (VIOLATED)
_27937_/A1                              1.500000    1.756369   -0.256369 (VIOLATED)
_28069_/A1                              1.500000    1.756163   -0.256163 (VIOLATED)
_18788_/A1                              1.500000    1.756109   -0.256109 (VIOLATED)
_26762_/A1                              1.500000    1.755249   -0.255249 (VIOLATED)
_18204_/A0                              1.500000    1.755149   -0.255149 (VIOLATED)
_26861_/A1                              1.500000    1.755128   -0.255128 (VIOLATED)
_18901_/A1                              1.500000    1.755115   -0.255115 (VIOLATED)
_19039_/A1                              1.500000    1.754520   -0.254521 (VIOLATED)
_26993_/A1                              1.500000    1.754416   -0.254416 (VIOLATED)
_26894_/A1                              1.500000    1.754355   -0.254355 (VIOLATED)
_26795_/A0                              1.500000    1.754296   -0.254296 (VIOLATED)
_26828_/A1                              1.500000    1.754194   -0.254194 (VIOLATED)
_18868_/A1                              1.500000    1.754114   -0.254114 (VIOLATED)
_16322_/A1                              1.500000    1.753942   -0.253942 (VIOLATED)
_16222_/A1                              1.500000    1.753883   -0.253883 (VIOLATED)
_16488_/A0                              1.500000    1.753718   -0.253718 (VIOLATED)
_26960_/A1                              1.500000    1.753659   -0.253659 (VIOLATED)
_17611_/A1                              1.500000    1.753457   -0.253457 (VIOLATED)
_18438_/A1                              1.500000    1.753353   -0.253353 (VIOLATED)
_16255_/A1                              1.500000    1.753258   -0.253258 (VIOLATED)
_17578_/A0                              1.500000    1.752950   -0.252950 (VIOLATED)
_26927_/A1                              1.500000    1.752593   -0.252593 (VIOLATED)
_27211_/A0                              1.500000    1.752538   -0.252538 (VIOLATED)
_16621_/A0                              1.500000    1.751850   -0.251850 (VIOLATED)
_26564_/A0                              1.500000    1.751473   -0.251473 (VIOLATED)
_25315_/A1                              1.500000    1.750897   -0.250897 (VIOLATED)
_26531_/A0                              1.500000    1.750710   -0.250710 (VIOLATED)
_26630_/A1                              1.500000    1.750482   -0.250482 (VIOLATED)
_28258_/A1                              1.500000    1.750474   -0.250474 (VIOLATED)
_28323_/A1                              1.500000    1.750406   -0.250406 (VIOLATED)
_28291_/A1                              1.500000    1.750375   -0.250375 (VIOLATED)
_17776_/A0                              1.500000    1.750347   -0.250347 (VIOLATED)
_28192_/A1                              1.500000    1.750037   -0.250037 (VIOLATED)
_22151_/A1                              1.500000    1.750018   -0.250018 (VIOLATED)
_18677_/A1                              1.500000    1.749976   -0.249976 (VIOLATED)
_28126_/A1                              1.500000    1.749590   -0.249590 (VIOLATED)
_28159_/A1                              1.500000    1.749098   -0.249098 (VIOLATED)
_28225_/A1                              1.500000    1.748907   -0.248907 (VIOLATED)
_15460_/A1                              1.500000    1.748830   -0.248830 (VIOLATED)
_15527_/A1                              1.500000    1.748636   -0.248636 (VIOLATED)
_15493_/A1                              1.500000    1.748322   -0.248322 (VIOLATED)
_26597_/A0                              1.500000    1.748263   -0.248263 (VIOLATED)
_27442_/A1                              1.500000    1.748221   -0.248221 (VIOLATED)
_15229_/A0                              1.500000    1.747954   -0.247954 (VIOLATED)
_15262_/A1                              1.500000    1.747777   -0.247777 (VIOLATED)
_14385_/A1                              1.500000    1.747548   -0.247548 (VIOLATED)
_14351_/A1                              1.500000    1.747540   -0.247540 (VIOLATED)
_14419_/A1                              1.500000    1.747504   -0.247505 (VIOLATED)
_14453_/A1                              1.500000    1.747370   -0.247370 (VIOLATED)
_14555_/A1                              1.500000    1.747272   -0.247272 (VIOLATED)
_26663_/A0                              1.500000    1.746661   -0.246661 (VIOLATED)
_25267_/A1                              1.500000    1.746515   -0.246515 (VIOLATED)
_14588_/A1                              1.500000    1.746006   -0.246006 (VIOLATED)
_14521_/A1                              1.500000    1.745397   -0.245397 (VIOLATED)
_14487_/A1                              1.500000    1.744764   -0.244764 (VIOLATED)
_15196_/A0                              1.500000    1.744334   -0.244334 (VIOLATED)
_27409_/A1                              1.500000    1.743128   -0.243128 (VIOLATED)
_15295_/A0                              1.500000    1.743093   -0.243093 (VIOLATED)
_17545_/A1                              1.500000    1.742921   -0.242921 (VIOLATED)
_17248_/A1                              1.500000    1.741284   -0.241284 (VIOLATED)
_17907_/A1                              1.500000    1.741164   -0.241164 (VIOLATED)
_26729_/A1                              1.500000    1.740798   -0.240798 (VIOLATED)
_25348_/A1                              1.500000    1.740468   -0.240468 (VIOLATED)
_25282_/A1                              1.500000    1.740284   -0.240284 (VIOLATED)
_17940_/A0                              1.500000    1.739048   -0.239048 (VIOLATED)
_25249_/A1                              1.500000    1.738446   -0.238446 (VIOLATED)
_27343_/A0                              1.500000    1.738075   -0.238075 (VIOLATED)
_18405_/A1                              1.500000    1.737615   -0.237615 (VIOLATED)
_28002_/A1                              1.500000    1.734534   -0.234534 (VIOLATED)
_18533_/A1                              1.500000    1.734409   -0.234409 (VIOLATED)
_27870_/A0                              1.500000    1.734377   -0.234377 (VIOLATED)
_27903_/A1                              1.500000    1.734029   -0.234029 (VIOLATED)
_28101_/A1                              1.500000    1.733993   -0.233993 (VIOLATED)
_18787_/A1                              1.500000    1.733862   -0.233862 (VIOLATED)
_27367_/A0                              1.500000    1.733583   -0.233583 (VIOLATED)
_27969_/A1                              1.500000    1.733304   -0.233304 (VIOLATED)
_16289_/A1                              1.500000    1.733258   -0.233258 (VIOLATED)
_27936_/A1                              1.500000    1.733132   -0.233132 (VIOLATED)
_18754_/A1                              1.500000    1.733031   -0.233031 (VIOLATED)
_25234_/A0                              1.500000    1.732729   -0.232729 (VIOLATED)
_24959_/A1                              1.500000    1.732643   -0.232644 (VIOLATED)
_28068_/A1                              1.500000    1.732373   -0.232373 (VIOLATED)
_15340_/A0                              1.500000    1.731917   -0.231917 (VIOLATED)
_27771_/A1                              1.500000    1.731205   -0.231205 (VIOLATED)
_27639_/A0                              1.500000    1.731092   -0.231092 (VIOLATED)
_27804_/A1                              1.500000    1.731055   -0.231055 (VIOLATED)
_27606_/A0                              1.500000    1.730964   -0.230964 (VIOLATED)
_27837_/A1                              1.500000    1.730907   -0.230907 (VIOLATED)
_15005_/A0                              1.500000    1.730684   -0.230684 (VIOLATED)
_15671_/A1                              1.500000    1.730659   -0.230659 (VIOLATED)
_27672_/A0                              1.500000    1.730379   -0.230379 (VIOLATED)
_14663_/A0                              1.500000    1.730291   -0.230291 (VIOLATED)
_27697_/A0                              1.500000    1.730249   -0.230249 (VIOLATED)
_27738_/A0                              1.500000    1.729887   -0.229888 (VIOLATED)
_28027_/A0                              1.500000    1.729312   -0.229312 (VIOLATED)
_17116_/A0                              1.500000    1.729104   -0.229104 (VIOLATED)
_25135_/A1                              1.500000    1.728393   -0.228393 (VIOLATED)
_25201_/A1                              1.500000    1.728284   -0.228284 (VIOLATED)
_25168_/A1                              1.500000    1.728087   -0.228087 (VIOLATED)
_25102_/A0                              1.500000    1.727896   -0.227896 (VIOLATED)
_24805_/A0                              1.500000    1.727659   -0.227659 (VIOLATED)
_24739_/A0                              1.500000    1.727243   -0.227243 (VIOLATED)
_24772_/A0                              1.500000    1.727234   -0.227234 (VIOLATED)
_26737_/A1                              1.500000    1.727214   -0.227214 (VIOLATED)
_25216_/A0                              1.500000    1.727108   -0.227108 (VIOLATED)
_25036_/A1                              1.500000    1.726653   -0.226653 (VIOLATED)
_27342_/A0                              1.500000    1.725439   -0.225439 (VIOLATED)
_27441_/A1                              1.500000    1.725396   -0.225396 (VIOLATED)
_16525_/A1                              1.500000    1.724977   -0.224977 (VIOLATED)
_17149_/A0                              1.500000    1.724377   -0.224377 (VIOLATED)
_27408_/A1                              1.500000    1.724376   -0.224376 (VIOLATED)
_15394_/A1                              1.500000    1.723793   -0.223793 (VIOLATED)
_18720_/A1                              1.500000    1.722649   -0.222649 (VIOLATED)
_25975_/S                               1.500000    1.720808   -0.220808 (VIOLATED)
_25988_/S                               1.500000    1.720750   -0.220750 (VIOLATED)
_26671_/A0                              1.500000    1.720624   -0.220624 (VIOLATED)
_25978_/S                               1.500000    1.720502   -0.220502 (VIOLATED)
_25973_/S                               1.500000    1.720197   -0.220197 (VIOLATED)
_25971_/S                               1.500000    1.719792   -0.219792 (VIOLATED)
_17182_/A0                              1.500000    1.719401   -0.219401 (VIOLATED)
_25980_/S                               1.500000    1.719289   -0.219289 (VIOLATED)
_25984_/S                               1.500000    1.718964   -0.218965 (VIOLATED)
_25969_/S                               1.500000    1.717926   -0.217926 (VIOLATED)
_25986_/S                               1.500000    1.717781   -0.217781 (VIOLATED)
_25968_/S                               1.500000    1.717591   -0.217591 (VIOLATED)
_25981_/S                               1.500000    1.717437   -0.217437 (VIOLATED)
_18007_/A0                              1.500000    1.717043   -0.217043 (VIOLATED)
_17051_/A0                              1.500000    1.716964   -0.216964 (VIOLATED)
_18634_/A0                              1.500000    1.716879   -0.216879 (VIOLATED)
_15361_/A1                              1.500000    1.716866   -0.216866 (VIOLATED)
_27507_/A1                              1.500000    1.716739   -0.216740 (VIOLATED)
_25963_/S                               1.500000    1.716315   -0.216315 (VIOLATED)
_27474_/A1                              1.500000    1.716107   -0.216107 (VIOLATED)
_27540_/A1                              1.500000    1.715889   -0.215890 (VIOLATED)
_27573_/A1                              1.500000    1.715749   -0.215749 (VIOLATED)
_16886_/A0                              1.500000    1.715508   -0.215508 (VIOLATED)
_27210_/A0                              1.500000    1.715407   -0.215407 (VIOLATED)
_25979_/S                               1.500000    1.715326   -0.215326 (VIOLATED)
_25977_/S                               1.500000    1.715124   -0.215124 (VIOLATED)
_25985_/S                               1.500000    1.714987   -0.214987 (VIOLATED)
_27276_/A1                              1.500000    1.714266   -0.214266 (VIOLATED)
_27309_/A1                              1.500000    1.714136   -0.214136 (VIOLATED)
_18909_/A1                              1.500000    1.713984   -0.213984 (VIOLATED)
_16820_/A1                              1.500000    1.713713   -0.213713 (VIOLATED)
_25967_/S                               1.500000    1.713572   -0.213572 (VIOLATED)
load_slew238/A                          1.500000    1.713034   -0.213034 (VIOLATED)
_27111_/A0                              1.500000    1.711755   -0.211755 (VIOLATED)
_27144_/A0                              1.500000    1.711680   -0.211680 (VIOLATED)
_27078_/A0                              1.500000    1.711624   -0.211624 (VIOLATED)
_25992_/S                               1.500000    1.711403   -0.211403 (VIOLATED)
_27177_/A1                              1.500000    1.711381   -0.211381 (VIOLATED)
_27243_/A1                              1.500000    1.711303   -0.211303 (VIOLATED)
_25966_/S                               1.500000    1.710712   -0.210712 (VIOLATED)
_25965_/S                               1.500000    1.710622   -0.210622 (VIOLATED)
_25964_/S                               1.500000    1.709798   -0.209798 (VIOLATED)
_25974_/S                               1.500000    1.709633   -0.209633 (VIOLATED)
_17314_/A1                              1.500000    1.709607   -0.209607 (VIOLATED)
_16720_/A1                              1.500000    1.709513   -0.209513 (VIOLATED)
_19104_/A1                              1.500000    1.709471   -0.209471 (VIOLATED)
_17083_/A0                              1.500000    1.709069   -0.209069 (VIOLATED)
_19068_/A1                              1.500000    1.708724   -0.208725 (VIOLATED)
_26539_/A0                              1.500000    1.708512   -0.208512 (VIOLATED)
_16754_/A1                              1.500000    1.708196   -0.208196 (VIOLATED)
_26968_/A1                              1.500000    1.707316   -0.207316 (VIOLATED)
_26770_/A1                              1.500000    1.707148   -0.207148 (VIOLATED)
_18876_/A1                              1.500000    1.706750   -0.206750 (VIOLATED)
_25993_/S                               1.500000    1.706736   -0.206736 (VIOLATED)
_27455_/A1                              1.500000    1.706699   -0.206699 (VIOLATED)
_27001_/A1                              1.500000    1.706196   -0.206196 (VIOLATED)
_17281_/A1                              1.500000    1.706071   -0.206071 (VIOLATED)
_25982_/S                               1.500000    1.706016   -0.206016 (VIOLATED)
_25983_/S                               1.500000    1.705950   -0.205950 (VIOLATED)
_25989_/S                               1.500000    1.705933   -0.205933 (VIOLATED)
_26935_/A1                              1.500000    1.705921   -0.205921 (VIOLATED)
_25991_/S                               1.500000    1.705887   -0.205887 (VIOLATED)
_26869_/A1                              1.500000    1.705725   -0.205725 (VIOLATED)
_26506_/A1                              1.500000    1.705200   -0.205200 (VIOLATED)
_26473_/A1                              1.500000    1.705162   -0.205162 (VIOLATED)
_27943_/A1                              1.500000    1.705095   -0.205095 (VIOLATED)
_27910_/A1                              1.500000    1.705087   -0.205087 (VIOLATED)
_27488_/A1                              1.500000    1.705084   -0.205084 (VIOLATED)
_28075_/A1                              1.500000    1.705068   -0.205069 (VIOLATED)
_27844_/A0                              1.500000    1.705055   -0.205055 (VIOLATED)
_27877_/A1                              1.500000    1.704978   -0.204978 (VIOLATED)
_26902_/A1                              1.500000    1.704974   -0.204974 (VIOLATED)
_25976_/S                               1.500000    1.704891   -0.204891 (VIOLATED)
_28042_/A1                              1.500000    1.704801   -0.204801 (VIOLATED)
_26803_/A0                              1.500000    1.704592   -0.204593 (VIOLATED)
_18761_/A1                              1.500000    1.703836   -0.203836 (VIOLATED)
_27521_/A1                              1.500000    1.703768   -0.203769 (VIOLATED)
_27976_/A1                              1.500000    1.703671   -0.203671 (VIOLATED)
_18845_/A1                              1.500000    1.702801   -0.202802 (VIOLATED)
_16399_/A0                              1.500000    1.702206   -0.202206 (VIOLATED)
_26638_/A1                              1.500000    1.702109   -0.202110 (VIOLATED)
_25987_/S                               1.500000    1.702027   -0.202027 (VIOLATED)
_27217_/A1                              1.500000    1.700254   -0.200254 (VIOLATED)
_16558_/A1                              1.500000    1.700100   -0.200100 (VIOLATED)
_27250_/A1                              1.500000    1.700090   -0.200090 (VIOLATED)
_27554_/A1                              1.500000    1.699988   -0.199989 (VIOLATED)
_16655_/A1                              1.500000    1.699895   -0.199895 (VIOLATED)
_27118_/A0                              1.500000    1.699864   -0.199864 (VIOLATED)
_27151_/A1                              1.500000    1.699819   -0.199819 (VIOLATED)
_27052_/A0                              1.500000    1.699756   -0.199756 (VIOLATED)
_24816_/A1                              1.500000    1.699486   -0.199486 (VIOLATED)
_27085_/A0                              1.500000    1.699435   -0.199435 (VIOLATED)
_25994_/S                               1.500000    1.698965   -0.198965 (VIOLATED)
_27283_/A1                              1.500000    1.698904   -0.198904 (VIOLATED)
_16952_/A1                              1.500000    1.698619   -0.198619 (VIOLATED)
_26181_/A0                              1.500000    1.698103   -0.198103 (VIOLATED)
_26148_/A0                              1.500000    1.698042   -0.198042 (VIOLATED)
_26214_/A0                              1.500000    1.697969   -0.197969 (VIOLATED)
_25970_/S                               1.500000    1.697883   -0.197883 (VIOLATED)
_26247_/A1                              1.500000    1.697819   -0.197819 (VIOLATED)
_18981_/A0                              1.500000    1.697587   -0.197587 (VIOLATED)
_26115_/A1                              1.500000    1.697518   -0.197518 (VIOLATED)
_17413_/A1                              1.500000    1.697453   -0.197453 (VIOLATED)
_26082_/A0                              1.500000    1.696869   -0.196869 (VIOLATED)
_27184_/A0                              1.500000    1.696437   -0.196437 (VIOLATED)
_26016_/A0                              1.500000    1.696063   -0.196063 (VIOLATED)
_26836_/A1                              1.500000    1.695914   -0.195914 (VIOLATED)
_25972_/S                               1.500000    1.695882   -0.195882 (VIOLATED)
_26605_/A0                              1.500000    1.695855   -0.195855 (VIOLATED)
_16001_/A0                              1.500000    1.695646   -0.195646 (VIOLATED)
_26572_/A0                              1.500000    1.695438   -0.195438 (VIOLATED)
_27547_/A1                              1.500000    1.694749   -0.194749 (VIOLATED)
_27059_/A0                              1.500000    1.694645   -0.194645 (VIOLATED)
_26280_/A0                              1.500000    1.694548   -0.194548 (VIOLATED)
_27514_/A1                              1.500000    1.694492   -0.194492 (VIOLATED)
_17754_/A0                              1.500000    1.694406   -0.194406 (VIOLATED)
_25990_/S                               1.500000    1.693939   -0.193939 (VIOLATED)
_26313_/A0                              1.500000    1.693434   -0.193434 (VIOLATED)
_17347_/A1                              1.500000    1.693198   -0.193198 (VIOLATED)
_26346_/A0                              1.500000    1.692337   -0.192337 (VIOLATED)
_27481_/A1                              1.500000    1.691889   -0.191889 (VIOLATED)
_18948_/A1                              1.500000    1.691343   -0.191343 (VIOLATED)
_27448_/A1                              1.500000    1.691182   -0.191182 (VIOLATED)
_24860_/A1                              1.500000    1.691155   -0.191155 (VIOLATED)
_24893_/A1                              1.500000    1.691090   -0.191090 (VIOLATED)
_26187_/A0                              1.500000    1.690858   -0.190858 (VIOLATED)
_26154_/A0                              1.500000    1.690799   -0.190799 (VIOLATED)
_26253_/A1                              1.500000    1.690746   -0.190746 (VIOLATED)
_26220_/A0                              1.500000    1.690685   -0.190685 (VIOLATED)
_26088_/A0                              1.500000    1.690161   -0.190161 (VIOLATED)
_18987_/A0                              1.500000    1.690061   -0.190061 (VIOLATED)
_26478_/A1                              1.500000    1.690038   -0.190039 (VIOLATED)
_26022_/A0                              1.500000    1.689701   -0.189701 (VIOLATED)
_26121_/A1                              1.500000    1.689627   -0.189627 (VIOLATED)
_26484_/A1                              1.500000    1.688559   -0.188559 (VIOLATED)
_26511_/A1                              1.500000    1.688488   -0.188488 (VIOLATED)
_26517_/A1                              1.500000    1.688455   -0.188455 (VIOLATED)
_26412_/A0                              1.500000    1.688427   -0.188427 (VIOLATED)
_26407_/A0                              1.500000    1.688325   -0.188325 (VIOLATED)
_26451_/A1                              1.500000    1.688112   -0.188112 (VIOLATED)
_26445_/A1                              1.500000    1.688023   -0.188023 (VIOLATED)
_18954_/A1                              1.500000    1.687923   -0.187923 (VIOLATED)
_26616_/A0                              1.500000    1.687202   -0.187202 (VIOLATED)
_17688_/A0                              1.500000    1.687132   -0.187132 (VIOLATED)
_26418_/A0                              1.500000    1.686690   -0.186690 (VIOLATED)
_26352_/A0                              1.500000    1.686661   -0.186661 (VIOLATED)
_26319_/A0                              1.500000    1.686187   -0.186187 (VIOLATED)
_26286_/A0                              1.500000    1.686029   -0.186029 (VIOLATED)
_26275_/A0                              1.500000    1.685776   -0.185776 (VIOLATED)
_27158_/A1                              1.500000    1.685694   -0.185694 (VIOLATED)
_27092_/A0                              1.500000    1.685600   -0.185600 (VIOLATED)
_27191_/A0                              1.500000    1.685490   -0.185490 (VIOLATED)
_14243_/Y                               1.495733    1.680921   -0.185188 (VIOLATED)
_27125_/A0                              1.500000    1.683830   -0.183830 (VIOLATED)
_27415_/A1                              1.500000    1.683645   -0.183645 (VIOLATED)
_27382_/A1                              1.500000    1.683595   -0.183595 (VIOLATED)
_26880_/A1                              1.500000    1.683094   -0.183094 (VIOLATED)
_26913_/A1                              1.500000    1.683061   -0.183061 (VIOLATED)
_26748_/A1                              1.500000    1.682937   -0.182937 (VIOLATED)
_26781_/A1                              1.500000    1.682909   -0.182909 (VIOLATED)
_18694_/A1                              1.500000    1.682773   -0.182773 (VIOLATED)
_16466_/A1                              1.500000    1.682714   -0.182714 (VIOLATED)
_17581_/A0                              1.500000    1.682004   -0.182004 (VIOLATED)
_27316_/A0                              1.500000    1.681970   -0.181970 (VIOLATED)
_16258_/A1                              1.500000    1.681934   -0.181934 (VIOLATED)
_16325_/A1                              1.500000    1.681852   -0.181852 (VIOLATED)
_26979_/A1                              1.500000    1.681807   -0.181807 (VIOLATED)
_24754_/A0                              1.500000    1.681530   -0.181530 (VIOLATED)
_16225_/A1                              1.500000    1.681334   -0.181334 (VIOLATED)
_26946_/A1                              1.500000    1.681287   -0.181287 (VIOLATED)
_19001_/A1                              1.500000    1.681282   -0.181282 (VIOLATED)
_25674_/A1                              1.500000    1.681277   -0.181277 (VIOLATED)
_17614_/A1                              1.500000    1.681017   -0.181017 (VIOLATED)
_14244_/B1                              1.500000    1.680963   -0.180963 (VIOLATED)
_25509_/A0                              1.500000    1.680902   -0.180902 (VIOLATED)
_25608_/A0                              1.500000    1.680823   -0.180823 (VIOLATED)
_25476_/A0                              1.500000    1.680763   -0.180763 (VIOLATED)
_26610_/A0                              1.500000    1.680731   -0.180731 (VIOLATED)
_26544_/A0                              1.500000    1.680727   -0.180727 (VIOLATED)
_25575_/A1                              1.500000    1.680711   -0.180711 (VIOLATED)
_16624_/A0                              1.500000    1.680556   -0.180556 (VIOLATED)
_25542_/A0                              1.500000    1.680538   -0.180538 (VIOLATED)
_25641_/A1                              1.500000    1.680516   -0.180516 (VIOLATED)
_26577_/A0                              1.500000    1.680481   -0.180481 (VIOLATED)
_26643_/A1                              1.500000    1.680221   -0.180221 (VIOLATED)
_17779_/A0                              1.500000    1.680101   -0.180101 (VIOLATED)
_27012_/A1                              1.500000    1.680033   -0.180033 (VIOLATED)
_27646_/A0                              1.500000    1.679804   -0.179804 (VIOLATED)
_16491_/A0                              1.500000    1.679264   -0.179264 (VIOLATED)
_18887_/A1                              1.500000    1.679081   -0.179081 (VIOLATED)
_26847_/A1                              1.500000    1.679052   -0.179052 (VIOLATED)
_16358_/A0                              1.500000    1.678597   -0.178597 (VIOLATED)
_26649_/A1                              1.500000    1.678451   -0.178451 (VIOLATED)
_26308_/A0                              1.500000    1.678084   -0.178084 (VIOLATED)
_17020_/A0                              1.500000    1.677737   -0.177737 (VIOLATED)
_18728_/A1                              1.500000    1.677660   -0.177660 (VIOLATED)
_26814_/A0                              1.500000    1.677264   -0.177264 (VIOLATED)
_16789_/A1                              1.500000    1.677253   -0.177253 (VIOLATED)
_26841_/A1                              1.500000    1.676969   -0.176969 (VIOLATED)
_27685_/A0                              1.500000    1.676592   -0.176592 (VIOLATED)
_27355_/A0                              1.500000    1.676530   -0.176530 (VIOLATED)
_26907_/A1                              1.500000    1.676505   -0.176505 (VIOLATED)
_28015_/A0                              1.500000    1.676465   -0.176465 (VIOLATED)
_26874_/A1                              1.500000    1.676400   -0.176400 (VIOLATED)
_16855_/A0                              1.500000    1.676344   -0.176344 (VIOLATED)
_24947_/A1                              1.500000    1.676240   -0.176240 (VIOLATED)
_14651_/A0                              1.500000    1.676211   -0.176211 (VIOLATED)
_14993_/A0                              1.500000    1.675719   -0.175719 (VIOLATED)
_15328_/A0                              1.500000    1.675305   -0.175305 (VIOLATED)
_15659_/A1                              1.500000    1.675205   -0.175205 (VIOLATED)
_27712_/A0                              1.500000    1.675125   -0.175125 (VIOLATED)
_25183_/A1                              1.500000    1.675106   -0.175106 (VIOLATED)
_18108_/A1                              1.500000    1.675083   -0.175083 (VIOLATED)
_27290_/A1                              1.500000    1.674774   -0.174774 (VIOLATED)
_25117_/A1                              1.500000    1.674385   -0.174385 (VIOLATED)
_18920_/A1                              1.500000    1.674332   -0.174332 (VIOLATED)
_25084_/A0                              1.500000    1.674259   -0.174259 (VIOLATED)
_18042_/A0                              1.500000    1.674180   -0.174180 (VIOLATED)
_18075_/A0                              1.500000    1.674140   -0.174140 (VIOLATED)
_26808_/A0                              1.500000    1.673972   -0.173972 (VIOLATED)
_26682_/A0                              1.500000    1.673673   -0.173673 (VIOLATED)
_27745_/A1                              1.500000    1.672869   -0.172869 (VIOLATED)
_18207_/A0                              1.500000    1.672653   -0.172653 (VIOLATED)
_18833_/A1                              1.500000    1.672629   -0.172629 (VIOLATED)
_17676_/A0                              1.500000    1.672478   -0.172478 (VIOLATED)
_16387_/A0                              1.500000    1.672368   -0.172368 (VIOLATED)
_25150_/A1                              1.500000    1.672197   -0.172197 (VIOLATED)
_24848_/A1                              1.500000    1.672091   -0.172091 (VIOLATED)
_24881_/A1                              1.500000    1.672089   -0.172089 (VIOLATED)
_16454_/A1                              1.500000    1.671819   -0.171819 (VIOLATED)
_17742_/A0                              1.500000    1.671755   -0.171755 (VIOLATED)
_15989_/A0                              1.500000    1.671422   -0.171422 (VIOLATED)
_16869_/A0                              1.500000    1.671177   -0.171177 (VIOLATED)
_17034_/A0                              1.500000    1.671092   -0.171092 (VIOLATED)
_16803_/A1                              1.500000    1.671068   -0.171069 (VIOLATED)
_18056_/A0                              1.500000    1.670806   -0.170806 (VIOLATED)
_18122_/A1                              1.500000    1.670777   -0.170777 (VIOLATED)
_16372_/A0                              1.500000    1.670571   -0.170571 (VIOLATED)
_18089_/A0                              1.500000    1.670532   -0.170532 (VIOLATED)
_16971_/A1                              1.500000    1.670380   -0.170380 (VIOLATED)
_26440_/A1                              1.500000    1.670345   -0.170346 (VIOLATED)
_18026_/A0                              1.500000    1.670297   -0.170297 (VIOLATED)
_17070_/A0                              1.500000    1.670242   -0.170242 (VIOLATED)
_26341_/A0                              1.500000    1.670224   -0.170224 (VIOLATED)
_18653_/A0                              1.500000    1.670143   -0.170143 (VIOLATED)
_16905_/A0                              1.500000    1.670048   -0.170049 (VIOLATED)
_16839_/A1                              1.500000    1.670001   -0.170001 (VIOLATED)
_18221_/A0                              1.500000    1.669677   -0.169677 (VIOLATED)
_26973_/A1                              1.500000    1.669634   -0.169635 (VIOLATED)
_27257_/A1                              1.500000    1.669500   -0.169500 (VIOLATED)
_26940_/A1                              1.500000    1.669476   -0.169476 (VIOLATED)
_16773_/A1                              1.500000    1.669297   -0.169297 (VIOLATED)
_18881_/A1                              1.500000    1.669060   -0.169061 (VIOLATED)
_27006_/A1                              1.500000    1.668978   -0.168978 (VIOLATED)
_18943_/A1                              1.500000    1.668743   -0.168743 (VIOLATED)
_17235_/A1                              1.500000    1.668722   -0.168722 (VIOLATED)
_16674_/A1                              1.500000    1.668203   -0.168203 (VIOLATED)
_17534_/A0                              1.500000    1.668067   -0.168067 (VIOLATED)
_17993_/A0                              1.500000    1.667794   -0.167794 (VIOLATED)
_16938_/A0                              1.500000    1.667717   -0.167717 (VIOLATED)
_27580_/A0                              1.500000    1.667539   -0.167539 (VIOLATED)
_17628_/A1                              1.500000    1.667526   -0.167526 (VIOLATED)
_17793_/A0                              1.500000    1.667441   -0.167441 (VIOLATED)
_16638_/A0                              1.500000    1.667406   -0.167406 (VIOLATED)
_16505_/A0                              1.500000    1.667010   -0.167010 (VIOLATED)
_16239_/A1                              1.500000    1.666916   -0.166916 (VIOLATED)
_26127_/A                               1.500000    1.666415   -0.166416 (VIOLATED)
ANTENNA_191/DIODE                       1.500000    1.666404   -0.166405 (VIOLATED)
_24787_/A0                              1.500000    1.666370   -0.166370 (VIOLATED)
_26583_/A0                              1.500000    1.666331   -0.166331 (VIOLATED)
_26550_/A0                              1.500000    1.666243   -0.166243 (VIOLATED)
_16272_/A1                              1.500000    1.666238   -0.166238 (VIOLATED)
_16339_/A1                              1.500000    1.665925   -0.165925 (VIOLATED)
_26655_/A                               1.500000    1.665625   -0.165625 (VIOLATED)
_17595_/A0                              1.500000    1.665454   -0.165454 (VIOLATED)
_18914_/A1                              1.500000    1.665392   -0.165392 (VIOLATED)
_27372_/A0                              1.500000    1.665275   -0.165275 (VIOLATED)
_16877_/A                               1.500000    1.665211   -0.165211 (VIOLATED)
_27613_/A0                              1.500000    1.665189   -0.165189 (VIOLATED)
_27702_/A0                              1.500000    1.665081   -0.165081 (VIOLATED)
_26676_/A0                              1.500000    1.665022   -0.165022 (VIOLATED)
_27183_/A                               1.500000    1.664832   -0.164832 (VIOLATED)
_14668_/A0                              1.500000    1.664826   -0.164826 (VIOLATED)
_15676_/A1                              1.500000    1.664792   -0.164792 (VIOLATED)
_15010_/A0                              1.500000    1.664737   -0.164738 (VIOLATED)
_15345_/A0                              1.500000    1.664683   -0.164683 (VIOLATED)
_24964_/A1                              1.500000    1.664483   -0.164483 (VIOLATED)
_27711_/A                               1.500000    1.664333   -0.164333 (VIOLATED)
_27811_/A1                              1.500000    1.664191   -0.164191 (VIOLATED)
_17009_/A                               1.500000    1.663961   -0.163961 (VIOLATED)
_28032_/A0                              1.500000    1.663902   -0.163902 (VIOLATED)
_17932_/A                               1.500000    1.663873   -0.163873 (VIOLATED)
_27224_/A1                              1.500000    1.663819   -0.163820 (VIOLATED)
_24721_/A0                              1.500000    1.663750   -0.163750 (VIOLATED)
_25018_/A1                              1.500000    1.663736   -0.163736 (VIOLATED)
_15288_/A                               1.500000    1.663579   -0.163579 (VIOLATED)
_25600_/B                               1.500000    1.663501   -0.163501 (VIOLATED)
ANTENNA_11/DIODE                        1.500000    1.663499   -0.163499 (VIOLATED)
_25072_/A                               1.500000    1.663406   -0.163407 (VIOLATED)
ANTENNA_10/DIODE                        1.500000    1.663404   -0.163404 (VIOLATED)
_14747_/B                               1.500000    1.663248   -0.163248 (VIOLATED)
_17471_/A                               1.500000    1.663171   -0.163171 (VIOLATED)
_26011_/A0                              1.500000    1.662988   -0.162988 (VIOLATED)
_14644_/B                               1.500000    1.662929   -0.162929 (VIOLATED)
_14643_/X                               1.499598    1.662512   -0.162914 (VIOLATED)
_27778_/A1                              1.500000    1.662670   -0.162670 (VIOLATED)
_14325_/A0                              1.500000    1.662207   -0.162207 (VIOLATED)
_25938_/A1                              1.500000    1.662015   -0.162015 (VIOLATED)
_18356_/A0                              1.500000    1.661684   -0.161684 (VIOLATED)
_26775_/A1                              1.500000    1.661502   -0.161502 (VIOLATED)
_25970_/A1                              1.500000    1.661447   -0.161447 (VIOLATED)
_17119_/A0                              1.500000    1.660884   -0.160884 (VIOLATED)
_26742_/A1                              1.500000    1.660701   -0.160701 (VIOLATED)
_18701_/A1                              1.500000    1.660407   -0.160407 (VIOLATED)
_16006_/A0                              1.500000    1.660331   -0.160331 (VIOLATED)
_26161_/A0                              1.500000    1.660187   -0.160187 (VIOLATED)
_27422_/A1                              1.500000    1.660171   -0.160171 (VIOLATED)
_26227_/A1                              1.500000    1.660164   -0.160164 (VIOLATED)
_26194_/A0                              1.500000    1.659984   -0.159984 (VIOLATED)
_17759_/A0                              1.500000    1.659775   -0.159775 (VIOLATED)
_16404_/A0                              1.500000    1.659715   -0.159715 (VIOLATED)
_26128_/A0                              1.500000    1.659669   -0.159669 (VIOLATED)
_18850_/A1                              1.500000    1.659576   -0.159576 (VIOLATED)
_26062_/A0                              1.500000    1.659503   -0.159503 (VIOLATED)
_25872_/A1                              1.500000    1.659501   -0.159501 (VIOLATED)
_24898_/A1                              1.500000    1.659375   -0.159376 (VIOLATED)
_16292_/A1                              1.500000    1.659297   -0.159297 (VIOLATED)
_26095_/A1                              1.500000    1.659209   -0.159209 (VIOLATED)
_17693_/A0                              1.500000    1.659130   -0.159130 (VIOLATED)
_16471_/A1                              1.500000    1.658963   -0.158963 (VIOLATED)
_24865_/A1                              1.500000    1.658905   -0.158905 (VIOLATED)
_18961_/A0                              1.500000    1.658525   -0.158525 (VIOLATED)
_27883_/A1                              1.500000    1.658494   -0.158494 (VIOLATED)
_27850_/A0                              1.500000    1.658465   -0.158465 (VIOLATED)
_25996_/A0                              1.500000    1.657380   -0.157380 (VIOLATED)
_17185_/A0                              1.500000    1.657102   -0.157102 (VIOLATED)
_24980_/A0                              1.500000    1.656155   -0.156155 (VIOLATED)
_14304_/A0                              1.500000    1.656148   -0.156148 (VIOLATED)
_16917_/A0                              1.500000    1.656068   -0.156068 (VIOLATED)
_18335_/A0                              1.500000    1.656054   -0.156054 (VIOLATED)
_17501_/A0                              1.500000    1.656045   -0.156045 (VIOLATED)
_26491_/A1                              1.500000    1.656034   -0.156034 (VIOLATED)
_25001_/A0                              1.500000    1.655994   -0.155994 (VIOLATED)
_24683_/A0                              1.500000    1.655946   -0.155946 (VIOLATED)
_17957_/A0                              1.500000    1.655922   -0.155922 (VIOLATED)
_17972_/A0                              1.500000    1.655860   -0.155860 (VIOLATED)
_17562_/A1                              1.500000    1.655841   -0.155841 (VIOLATED)
_17924_/A1                              1.500000    1.655815   -0.155815 (VIOLATED)
_16983_/A0                              1.500000    1.655808   -0.155808 (VIOLATED)
_17133_/A0                              1.500000    1.655754   -0.155754 (VIOLATED)
_17265_/A1                              1.500000    1.655676   -0.155676 (VIOLATED)
_16306_/A1                              1.500000    1.655358   -0.155358 (VIOLATED)
_26458_/A1                              1.500000    1.655329   -0.155329 (VIOLATED)
_18281_/A0                              1.500000    1.654963   -0.154963 (VIOLATED)
_26425_/A1                              1.500000    1.654884   -0.154884 (VIOLATED)
_26392_/A0                              1.500000    1.654580   -0.154580 (VIOLATED)
_17214_/A1                              1.500000    1.654527   -0.154527 (VIOLATED)
_17152_/A0                              1.500000    1.654511   -0.154512 (VIOLATED)
_26077_/A0                              1.500000    1.654107   -0.154107 (VIOLATED)
_17548_/A1                              1.500000    1.653648   -0.153648 (VIOLATED)
_17910_/A1                              1.500000    1.653568   -0.153568 (VIOLATED)
_17251_/A1                              1.500000    1.653547   -0.153547 (VIOLATED)
_17943_/A0                              1.500000    1.653438   -0.153438 (VIOLATED)
_25905_/A1                              1.500000    1.653321   -0.153321 (VIOLATED)
_24704_/A0                              1.500000    1.652872   -0.152872 (VIOLATED)
_18096_/A0                              1.500000    1.652831   -0.152831 (VIOLATED)
_18960_/A                               1.500000    1.652758   -0.152758 (VIOLATED)
ANTENNA_187/DIODE                       1.500000    1.652751   -0.152751 (VIOLATED)
_18129_/A1                              1.500000    1.652650   -0.152650 (VIOLATED)
ANTENNA_186/DIODE                       1.500000    1.652500   -0.152500 (VIOLATED)
_18063_/A0                              1.500000    1.652439   -0.152439 (VIOLATED)
_18064_/A                               1.500000    1.652420   -0.152420 (VIOLATED)
_24937_/A1                              1.500000    1.652139   -0.152139 (VIOLATED)
_16688_/A1                              1.500000    1.652136   -0.152136 (VIOLATED)
_17141_/A                               1.500000    1.652131   -0.152131 (VIOLATED)
_16876_/A0                              1.500000    1.652050   -0.152050 (VIOLATED)
_26242_/A1                              1.500000    1.652016   -0.152016 (VIOLATED)
_26110_/A1                              1.500000    1.651989   -0.151990 (VIOLATED)
_16810_/A1                              1.500000    1.651981   -0.151981 (VIOLATED)
_26209_/A0                              1.500000    1.651932   -0.151933 (VIOLATED)
_26326_/A0                              1.500000    1.651889   -0.151889 (VIOLATED)
_25501_/B                               1.500000    1.651888   -0.151888 (VIOLATED)
ANTENNA_189/DIODE                       1.500000    1.651878   -0.151878 (VIOLATED)
_18928_/A1                              1.500000    1.651865   -0.151865 (VIOLATED)
_18976_/A0                              1.500000    1.651656   -0.151656 (VIOLATED)
_16379_/A0                              1.500000    1.651309   -0.151309 (VIOLATED)
_24742_/A                               1.500000    1.651117   -0.151117 (VIOLATED)
ANTENNA_188/DIODE                       1.500000    1.651105   -0.151105 (VIOLATED)
_27389_/A1                              1.500000    1.650886   -0.150886 (VIOLATED)
_18228_/A0                              1.500000    1.650826   -0.150826 (VIOLATED)
_17041_/A0                              1.500000    1.650638   -0.150638 (VIOLATED)
_16645_/A0                              1.500000    1.650574   -0.150574 (VIOLATED)
_17800_/A0                              1.500000    1.650501   -0.150501 (VIOLATED)
_17635_/A1                              1.500000    1.650487   -0.150487 (VIOLATED)
_17199_/A0                              1.500000    1.650445   -0.150445 (VIOLATED)
_17166_/A0                              1.500000    1.650369   -0.150369 (VIOLATED)
_26854_/A1                              1.500000    1.650253   -0.150253 (VIOLATED)
_26887_/A1                              1.500000    1.650217   -0.150217 (VIOLATED)
_26293_/A0                              1.500000    1.650065   -0.150065 (VIOLATED)
_26821_/A1                              1.500000    1.650030   -0.150030 (VIOLATED)
_18403_/A1                              1.500000    1.649908   -0.149908 (VIOLATED)
_18436_/A1                              1.500000    1.649883   -0.149883 (VIOLATED)
_26788_/A0                              1.500000    1.649879   -0.149879 (VIOLATED)
_18149_/A0                              1.500000    1.649747   -0.149747 (VIOLATED)
_18182_/A1                              1.500000    1.649717   -0.149717 (VIOLATED)
_18238_/A1                              1.500000    1.649650   -0.149651 (VIOLATED)
_26953_/A1                              1.500000    1.649564   -0.149564 (VIOLATED)
_26920_/A1                              1.500000    1.649539   -0.149539 (VIOLATED)
_16512_/A0                              1.500000    1.649503   -0.149503 (VIOLATED)
_26176_/A0                              1.500000    1.649311   -0.149311 (VIOLATED)
_16346_/A1                              1.500000    1.649224   -0.149224 (VIOLATED)
_26557_/A0                              1.500000    1.648953   -0.148953 (VIOLATED)
_18861_/A1                              1.500000    1.648806   -0.148806 (VIOLATED)
_26365_/A1                              1.500000    1.648203   -0.148203 (VIOLATED)
_16246_/A1                              1.500000    1.648001   -0.148001 (VIOLATED)
_26986_/A1                              1.500000    1.647989   -0.147989 (VIOLATED)
_16279_/A1                              1.500000    1.647704   -0.147704 (VIOLATED)
_24926_/A1                              1.500000    1.647597   -0.147597 (VIOLATED)
_17523_/A0                              1.500000    1.647508   -0.147508 (VIOLATED)
_26260_/A0                              1.500000    1.647413   -0.147413 (VIOLATED)
_17490_/A0                              1.500000    1.647280   -0.147280 (VIOLATED)
_18812_/A0                              1.500000    1.646909   -0.146909 (VIOLATED)
_17820_/A0                              1.500000    1.646596   -0.146596 (VIOLATED)
_27916_/A1                              1.500000    1.646246   -0.146246 (VIOLATED)
_26035_/A0                              1.500000    1.646205   -0.146205 (VIOLATED)
_17655_/A0                              1.500000    1.646016   -0.146016 (VIOLATED)
_17801_/A                               1.500000    1.645867   -0.145867 (VIOLATED)
_25058_/A1                              1.500000    1.645851   -0.145851 (VIOLATED)
_26590_/A0                              1.500000    1.645789   -0.145789 (VIOLATED)
_26623_/A1                              1.500000    1.645384   -0.145384 (VIOLATED)
ANTENNA_1/DIODE                         1.500000    1.645334   -0.145334 (VIOLATED)
_17602_/A0                              1.500000    1.645208   -0.145208 (VIOLATED)
_27323_/A0                              1.500000    1.645164   -0.145164 (VIOLATED)
_26524_/A0                              1.500000    1.645104   -0.145104 (VIOLATED)
_18314_/A0                              1.500000    1.645033   -0.145033 (VIOLATED)
_18058_/A0                              1.500000    1.644923   -0.144923 (VIOLATED)
_18091_/A0                              1.500000    1.644904   -0.144904 (VIOLATED)
_18124_/A1                              1.500000    1.644701   -0.144701 (VIOLATED)
_18223_/A0                              1.500000    1.644604   -0.144604 (VIOLATED)
_17036_/A0                              1.500000    1.644465   -0.144465 (VIOLATED)
_17721_/A1                              1.500000    1.644401   -0.144401 (VIOLATED)
_16871_/A0                              1.500000    1.644226   -0.144226 (VIOLATED)
_17379_/A0                              1.500000    1.644129   -0.144129 (VIOLATED)
_15601_/A1                              1.500000    1.643988   -0.143988 (VIOLATED)
_18508_/A1                              1.500000    1.643950   -0.143950 (VIOLATED)
_15303_/A0                              1.500000    1.643933   -0.143933 (VIOLATED)
_15568_/A1                              1.500000    1.643919   -0.143920 (VIOLATED)
_15634_/A1                              1.500000    1.643854   -0.143854 (VIOLATED)
_18541_/A1                              1.500000    1.643847   -0.143847 (VIOLATED)
_16374_/A0                              1.500000    1.643838   -0.143838 (VIOLATED)
_16805_/A1                              1.500000    1.643651   -0.143651 (VIOLATED)
_15369_/A1                              1.500000    1.643536   -0.143536 (VIOLATED)
_15402_/A1                              1.500000    1.643409   -0.143410 (VIOLATED)
_26556_/A                               1.500000    1.643400   -0.143400 (VIOLATED)
_27072_/A0                              1.500000    1.643290   -0.143290 (VIOLATED)
_15237_/A0                              1.500000    1.643185   -0.143185 (VIOLATED)
_16241_/A1                              1.500000    1.643154   -0.143154 (VIOLATED)
_18625_/A                               1.500000    1.643020   -0.143020 (VIOLATED)
_15270_/A1                              1.500000    1.642355   -0.142355 (VIOLATED)
_15204_/A0                              1.500000    1.642251   -0.142252 (VIOLATED)
_17284_/A1                              1.500000    1.641986   -0.141986 (VIOLATED)
_26143_/A0                              1.500000    1.641945   -0.141945 (VIOLATED)
_15171_/A0                              1.500000    1.641785   -0.141785 (VIOLATED)
_16647_/A1                              1.500000    1.641768   -0.141768 (VIOLATED)
_17597_/A0                              1.500000    1.641507   -0.141507 (VIOLATED)
_24819_/A1                              1.500000    1.641432   -0.141432 (VIOLATED)
_16507_/A0                              1.500000    1.641276   -0.141277 (VIOLATED)
_26695_/A1                              1.500000    1.640961   -0.140961 (VIOLATED)
_15468_/A1                              1.500000    1.640949   -0.140949 (VIOLATED)
_27025_/A1                              1.500000    1.640936   -0.140936 (VIOLATED)
_25376_/A0                              1.500000    1.640840   -0.140840 (VIOLATED)
_16341_/A1                              1.500000    1.640739   -0.140739 (VIOLATED)
_17004_/A0                              1.500000    1.640695   -0.140695 (VIOLATED)
_25706_/A1                              1.500000    1.640593   -0.140593 (VIOLATED)
_16274_/A1                              1.500000    1.640563   -0.140563 (VIOLATED)
_17630_/A1                              1.500000    1.640511   -0.140511 (VIOLATED)
_16187_/A0                              1.500000    1.640415   -0.140415 (VIOLATED)
_16746_/A1                              1.500000    1.639909   -0.139909 (VIOLATED)
_27105_/A0                              1.500000    1.639537   -0.139537 (VIOLATED)
_27138_/A0                              1.500000    1.639427   -0.139427 (VIOLATED)
_15535_/A1                              1.500000    1.639283   -0.139283 (VIOLATED)
_15501_/A1                              1.500000    1.639109   -0.139109 (VIOLATED)
_16640_/A0                              1.500000    1.638936   -0.138936 (VIOLATED)
_16944_/A1                              1.500000    1.638678   -0.138678 (VIOLATED)
_17795_/A0                              1.500000    1.638597   -0.138597 (VIOLATED)
_15435_/A0                              1.500000    1.638512   -0.138512 (VIOLATED)
_26225_/A0                              1.500000    1.638328   -0.138328 (VIOLATED)
_18380_/A0                              1.500000    1.638225   -0.138225 (VIOLATED)
_26258_/A1                              1.500000    1.638185   -0.138185 (VIOLATED)
_26126_/A1                              1.500000    1.638096   -0.138096 (VIOLATED)
_16433_/A0                              1.500000    1.638061   -0.138061 (VIOLATED)
_26192_/A0                              1.500000    1.638060   -0.138060 (VIOLATED)
_17396_/A0                              1.500000    1.638049   -0.138049 (VIOLATED)
_26093_/A0                              1.500000    1.637923   -0.137924 (VIOLATED)
_17569_/A1                              1.500000    1.637829   -0.137829 (VIOLATED)
_26159_/A0                              1.500000    1.637823   -0.137823 (VIOLATED)
_17272_/A1                              1.500000    1.637596   -0.137596 (VIOLATED)
_17140_/A0                              1.500000    1.637043   -0.137043 (VIOLATED)
_27084_/A                               1.500000    1.637036   -0.137036 (VIOLATED)
_27612_/A                               1.500000    1.636967   -0.136967 (VIOLATED)
_15189_/A                               1.500000    1.636961   -0.136961 (VIOLATED)
_17173_/A0                              1.500000    1.636954   -0.136954 (VIOLATED)
_27678_/A                               1.500000    1.636887   -0.136888 (VIOLATED)
_16313_/A1                              1.500000    1.636844   -0.136844 (VIOLATED)
_18592_/A                               1.500000    1.636815   -0.136815 (VIOLATED)
_26489_/A1                              1.500000    1.636800   -0.136800 (VIOLATED)
_27949_/A1                              1.500000    1.636790   -0.136790 (VIOLATED)
_26716_/A1                              1.500000    1.636779   -0.136779 (VIOLATED)
_26722_/A1                              1.500000    1.636734   -0.136734 (VIOLATED)
_14295_/X                               1.499598    1.636331   -0.136733 (VIOLATED)
_26755_/A1                              1.500000    1.636671   -0.136671 (VIOLATED)
_18992_/A0                              1.500000    1.636580   -0.136580 (VIOLATED)
_18894_/A1                              1.500000    1.636482   -0.136482 (VIOLATED)
_18391_/A0                              1.500000    1.636166   -0.136166 (VIOLATED)
_26656_/A0                              1.500000    1.636160   -0.136160 (VIOLATED)
_26456_/A1                              1.500000    1.636127   -0.136127 (VIOLATED)
_17206_/A0                              1.500000    1.636072   -0.136072 (VIOLATED)
_26522_/A1                              1.500000    1.635946   -0.135946 (VIOLATED)
_26423_/A0                              1.500000    1.635900   -0.135900 (VIOLATED)
_17964_/A0                              1.500000    1.635603   -0.135603 (VIOLATED)
_26027_/A0                              1.500000    1.635564   -0.135564 (VIOLATED)
_17317_/A1                              1.500000    1.635454   -0.135454 (VIOLATED)
_27171_/A1                              1.500000    1.635291   -0.135291 (VIOLATED)
_17931_/A1                              1.500000    1.635128   -0.135128 (VIOLATED)
_17267_/A1                              1.500000    1.634908   -0.134908 (VIOLATED)
_17564_/A1                              1.500000    1.634867   -0.134867 (VIOLATED)
_19102_/A1                              1.500000    1.634713   -0.134713 (VIOLATED)
_24833_/A1                              1.500000    1.634567   -0.134567 (VIOLATED)
_17298_/A1                              1.500000    1.634436   -0.134436 (VIOLATED)
_27270_/A1                              1.500000    1.634329   -0.134329 (VIOLATED)
_17231_/A1                              1.500000    1.634326   -0.134326 (VIOLATED)
_26357_/A0                              1.500000    1.634278   -0.134278 (VIOLATED)
_16934_/A0                              1.500000    1.634266   -0.134266 (VIOLATED)
_27303_/A1                              1.500000    1.634197   -0.134197 (VIOLATED)
_17000_/A0                              1.500000    1.634190   -0.134190 (VIOLATED)
_17107_/A0                              1.500000    1.633888   -0.133888 (VIOLATED)
_17989_/A0                              1.500000    1.633869   -0.133869 (VIOLATED)
_17100_/A0                              1.500000    1.633829   -0.133829 (VIOLATED)
_19071_/A1                              1.500000    1.633668   -0.133668 (VIOLATED)
_17086_/A0                              1.500000    1.633571   -0.133571 (VIOLATED)
_17885_/A1                              1.500000    1.633475   -0.133475 (VIOLATED)
_17350_/A1                              1.500000    1.633402   -0.133402 (VIOLATED)
_28081_/A1                              1.500000    1.633381   -0.133381 (VIOLATED)
_24997_/A0                              1.500000    1.633326   -0.133326 (VIOLATED)
_25806_/A1                              1.500000    1.633265   -0.133265 (VIOLATED)
_16204_/A0                              1.500000    1.633221   -0.133221 (VIOLATED)
_17416_/A1                              1.500000    1.632928   -0.132928 (VIOLATED)
_18352_/A0                              1.500000    1.632918   -0.132918 (VIOLATED)
_14321_/A0                              1.500000    1.632748   -0.132748 (VIOLATED)
_17926_/A1                              1.500000    1.632710   -0.132710 (VIOLATED)
_16723_/A1                              1.500000    1.632642   -0.132642 (VIOLATED)
_17959_/A0                              1.500000    1.632634   -0.132634 (VIOLATED)
_17457_/A1                              1.500000    1.632411   -0.132411 (VIOLATED)
_26588_/A0                              1.500000    1.632243   -0.132243 (VIOLATED)
_26654_/A1                              1.500000    1.632190   -0.132190 (VIOLATED)
_26555_/A0                              1.500000    1.632185   -0.132185 (VIOLATED)
_25393_/A0                              1.500000    1.632154   -0.132154 (VIOLATED)
_18959_/A1                              1.500000    1.631932   -0.131932 (VIOLATED)
_26621_/A0                              1.500000    1.631827   -0.131827 (VIOLATED)
_26386_/A1                              1.500000    1.631650   -0.131650 (VIOLATED)
_17135_/A0                              1.500000    1.631632   -0.131632 (VIOLATED)
_26324_/A0                              1.500000    1.631534   -0.131534 (VIOLATED)
_27046_/A1                              1.500000    1.631462   -0.131462 (VIOLATED)
_24700_/A0                              1.500000    1.631380   -0.131380 (VIOLATED)
_16812_/A1                              1.500000    1.631265   -0.131265 (VIOLATED)
_16308_/A1                              1.500000    1.631153   -0.131153 (VIOLATED)
_26687_/A0                              1.500000    1.631149   -0.131149 (VIOLATED)
_18925_/A1                              1.500000    1.631128   -0.131128 (VIOLATED)
_26786_/A1                              1.500000    1.630999   -0.130999 (VIOLATED)
_26753_/A1                              1.500000    1.630847   -0.130847 (VIOLATED)
_17168_/A0                              1.500000    1.630773   -0.130773 (VIOLATED)
_26951_/A1                              1.500000    1.630625   -0.130625 (VIOLATED)
_27017_/A1                              1.500000    1.630583   -0.130583 (VIOLATED)
_19085_/A1                              1.500000    1.630426   -0.130426 (VIOLATED)
_26291_/A0                              1.500000    1.629965   -0.129965 (VIOLATED)
_25723_/A1                              1.500000    1.629437   -0.129437 (VIOLATED)
_26984_/A1                              1.500000    1.629266   -0.129266 (VIOLATED)
_27204_/A0                              1.500000    1.629209   -0.129209 (VIOLATED)
_19092_/A1                              1.500000    1.628747   -0.128748 (VIOLATED)
_16208_/A0                              1.500000    1.628493   -0.128493 (VIOLATED)
_25397_/A0                              1.500000    1.628348   -0.128349 (VIOLATED)
_16523_/A1                              1.500000    1.627068   -0.127068 (VIOLATED)
_25839_/A1                              1.500000    1.626898   -0.126898 (VIOLATED)
_17201_/A0                              1.500000    1.626443   -0.126443 (VIOLATED)
_17338_/A1                              1.500000    1.626050   -0.126050 (VIOLATED)
_18892_/A1                              1.500000    1.625827   -0.125827 (VIOLATED)
_26852_/A1                              1.500000    1.625769   -0.125769 (VIOLATED)
_26052_/A0                              1.500000    1.625659   -0.125659 (VIOLATED)
_26819_/A0                              1.500000    1.625543   -0.125544 (VIOLATED)
_16744_/A1                              1.500000    1.625506   -0.125506 (VIOLATED)
_18823_/A0                              1.500000    1.625412   -0.125412 (VIOLATED)
_25069_/A1                              1.500000    1.625392   -0.125392 (VIOLATED)
_25773_/A1                              1.500000    1.624599   -0.124599 (VIOLATED)
_27982_/A1                              1.500000    1.624482   -0.124482 (VIOLATED)
_27042_/A1                              1.500000    1.624143   -0.124143 (VIOLATED)
_27402_/A1                              1.500000    1.624107   -0.124108 (VIOLATED)
_27435_/A1                              1.500000    1.624052   -0.124052 (VIOLATED)
_26885_/A1                              1.500000    1.623953   -0.123953 (VIOLATED)
_15898_/A1                              1.500000    1.623932   -0.123932 (VIOLATED)
_27237_/A1                              1.500000    1.623811   -0.123811 (VIOLATED)
_16737_/A1                              1.500000    1.623653   -0.123653 (VIOLATED)
_15931_/A1                              1.500000    1.623219   -0.123219 (VIOLATED)
_16878_/A0                              1.500000    1.623042   -0.123042 (VIOLATED)
_17666_/A0                              1.500000    1.623003   -0.123003 (VIOLATED)
_27336_/A0                              1.500000    1.622673   -0.122673 (VIOLATED)
_19884_/C1                              1.500000    1.622458   -0.122458 (VIOLATED)
_26918_/A1                              1.500000    1.622421   -0.122421 (VIOLATED)
_16134_/S                               1.500000    1.622245   -0.122245 (VIOLATED)
_23193_/C1                              1.500000    1.622238   -0.122238 (VIOLATED)
_16142_/S                               1.500000    1.622234   -0.122234 (VIOLATED)
_16124_/S                               1.500000    1.622148   -0.122148 (VIOLATED)
_16135_/S                               1.500000    1.622063   -0.122063 (VIOLATED)
_16146_/S                               1.500000    1.621855   -0.121855 (VIOLATED)
_16143_/S                               1.500000    1.621824   -0.121824 (VIOLATED)
_16117_/S                               1.500000    1.621792   -0.121792 (VIOLATED)
_16126_/S                               1.500000    1.621752   -0.121752 (VIOLATED)
_19711_/C1                              1.500000    1.621679   -0.121679 (VIOLATED)
_16114_/Y                               1.495733    1.617389   -0.121656 (VIOLATED)
_16145_/S                               1.500000    1.621579   -0.121579 (VIOLATED)
_16139_/S                               1.500000    1.621454   -0.121454 (VIOLATED)
_16119_/S                               1.500000    1.621417   -0.121417 (VIOLATED)
_16144_/S                               1.500000    1.621356   -0.121356 (VIOLATED)
_16121_/S                               1.500000    1.621335   -0.121335 (VIOLATED)
_16131_/S                               1.500000    1.621334   -0.121334 (VIOLATED)
_16138_/S                               1.500000    1.621330   -0.121330 (VIOLATED)
_16122_/S                               1.500000    1.621328   -0.121328 (VIOLATED)
_16120_/S                               1.500000    1.621312   -0.121312 (VIOLATED)
_16128_/S                               1.500000    1.621003   -0.121003 (VIOLATED)
_25727_/A1                              1.500000    1.620894   -0.120895 (VIOLATED)
_17831_/A0                              1.500000    1.620832   -0.120832 (VIOLATED)
_20057_/C1                              1.500000    1.620483   -0.120483 (VIOLATED)
_16141_/S                               1.500000    1.620405   -0.120405 (VIOLATED)
_16116_/S                               1.500000    1.620320   -0.120320 (VIOLATED)
_22497_/C1                              1.500000    1.620296   -0.120296 (VIOLATED)
_20233_/C1                              1.500000    1.620198   -0.120198 (VIOLATED)
_22673_/C1                              1.500000    1.620187   -0.120187 (VIOLATED)
_16137_/S                               1.500000    1.620158   -0.120158 (VIOLATED)
_20755_/C1                              1.500000    1.620067   -0.120067 (VIOLATED)
_16118_/S                               1.500000    1.619934   -0.119934 (VIOLATED)
_17305_/A1                              1.500000    1.619817   -0.119817 (VIOLATED)
_17331_/A1                              1.500000    1.619287   -0.119287 (VIOLATED)
_16136_/S                               1.500000    1.619278   -0.119278 (VIOLATED)
_23369_/C1                              1.500000    1.619261   -0.119261 (VIOLATED)
_16115_/S                               1.500000    1.619250   -0.119250 (VIOLATED)
_26712_/A1                              1.500000    1.619175   -0.119175 (VIOLATED)
_15799_/A1                              1.500000    1.619033   -0.119033 (VIOLATED)
_18733_/S                               1.500000    1.618983   -0.118983 (VIOLATED)
_21974_/C1                              1.500000    1.618959   -0.118959 (VIOLATED)
_18731_/S                               1.500000    1.618933   -0.118933 (VIOLATED)
_16132_/S                               1.500000    1.618914   -0.118914 (VIOLATED)
_26382_/A1                              1.500000    1.618870   -0.118870 (VIOLATED)
_18732_/S                               1.500000    1.618837   -0.118837 (VIOLATED)
_18758_/S                               1.500000    1.618577   -0.118577 (VIOLATED)
_23891_/C1                              1.500000    1.618553   -0.118553 (VIOLATED)
_16129_/S                               1.500000    1.618505   -0.118506 (VIOLATED)
_15766_/A0                              1.500000    1.618501   -0.118501 (VIOLATED)
_18751_/S                               1.500000    1.618344   -0.118344 (VIOLATED)
_19087_/A1                              1.500000    1.618209   -0.118209 (VIOLATED)
_18756_/S                               1.500000    1.618195   -0.118195 (VIOLATED)
_18730_/S                               1.500000    1.618168   -0.118168 (VIOLATED)
_18748_/S                               1.500000    1.618165   -0.118165 (VIOLATED)
_18734_/S                               1.500000    1.618154   -0.118154 (VIOLATED)
_18739_/S                               1.500000    1.618136   -0.118136 (VIOLATED)
_18746_/S                               1.500000    1.618081   -0.118081 (VIOLATED)
_18735_/S                               1.500000    1.617963   -0.117963 (VIOLATED)
_15700_/A1                              1.500000    1.617833   -0.117833 (VIOLATED)
_16133_/S                               1.500000    1.617821   -0.117821 (VIOLATED)
_16140_/S                               1.500000    1.617807   -0.117807 (VIOLATED)
_16127_/S                               1.500000    1.617786   -0.117786 (VIOLATED)
_16123_/S                               1.500000    1.617757   -0.117757 (VIOLATED)
_16130_/S                               1.500000    1.617740   -0.117740 (VIOLATED)
_16125_/S                               1.500000    1.617668   -0.117668 (VIOLATED)
_18752_/S                               1.500000    1.617625   -0.117625 (VIOLATED)
_18747_/S                               1.500000    1.617581   -0.117581 (VIOLATED)
_25677_/A1                              1.500000    1.617562   -0.117562 (VIOLATED)
_24931_/A1                              1.500000    1.617493   -0.117493 (VIOLATED)
_17495_/A0                              1.500000    1.617406   -0.117406 (VIOLATED)
_25479_/A0                              1.500000    1.617370   -0.117370 (VIOLATED)
_17528_/A0                              1.500000    1.617363   -0.117363 (VIOLATED)
_19004_/A1                              1.500000    1.617207   -0.117207 (VIOLATED)
_25578_/A1                              1.500000    1.617074   -0.117074 (VIOLATED)
_18817_/A0                              1.500000    1.616959   -0.116960 (VIOLATED)
_21106_/C1                              1.500000    1.616876   -0.116876 (VIOLATED)
_18385_/A0                              1.500000    1.616659   -0.116659 (VIOLATED)
_25545_/A0                              1.500000    1.616651   -0.116651 (VIOLATED)
_25063_/A1                              1.500000    1.616533   -0.116533 (VIOLATED)
_25512_/A0                              1.500000    1.616518   -0.116519 (VIOLATED)
_18753_/S                               1.500000    1.616516   -0.116516 (VIOLATED)
_18319_/A0                              1.500000    1.616217   -0.116217 (VIOLATED)
_18286_/A0                              1.500000    1.616192   -0.116192 (VIOLATED)
_28048_/A1                              1.500000    1.616084   -0.116084 (VIOLATED)
_18154_/A0                              1.500000    1.616073   -0.116073 (VIOLATED)
_15832_/A0                              1.500000    1.616066   -0.116066 (VIOLATED)
_17726_/A1                              1.500000    1.615964   -0.115964 (VIOLATED)
_17825_/A0                              1.500000    1.615907   -0.115908 (VIOLATED)
_18187_/A1                              1.500000    1.615842   -0.115842 (VIOLATED)
_24240_/C1                              1.500000    1.615831   -0.115831 (VIOLATED)
_19197_/C1                              1.500000    1.615774   -0.115774 (VIOLATED)
_26139_/A0                              1.500000    1.615731   -0.115731 (VIOLATED)
_26238_/A1                              1.500000    1.615678   -0.115678 (VIOLATED)
_26172_/A0                              1.500000    1.615605   -0.115605 (VIOLATED)
_16438_/A0                              1.500000    1.615575   -0.115575 (VIOLATED)
_17890_/A1                              1.500000    1.615494   -0.115494 (VIOLATED)
_17660_/A0                              1.500000    1.615340   -0.115340 (VIOLATED)
_16472_/S                               1.500000    1.615338   -0.115339 (VIOLATED)
_16455_/S                               1.500000    1.615332   -0.115333 (VIOLATED)
_15733_/A0                              1.500000    1.615315   -0.115315 (VIOLATED)
_16463_/S                               1.500000    1.615272   -0.115272 (VIOLATED)
_26205_/A0                              1.500000    1.615230   -0.115230 (VIOLATED)
_16458_/S                               1.500000    1.615206   -0.115206 (VIOLATED)
_17462_/A1                              1.500000    1.615198   -0.115198 (VIOLATED)
_16459_/S                               1.500000    1.615196   -0.115196 (VIOLATED)
_17364_/A1                              1.500000    1.615196   -0.115196 (VIOLATED)
_16456_/S                               1.500000    1.615148   -0.115148 (VIOLATED)
ANTENNA_143/DIODE                       1.500000    1.615054   -0.115054 (VIOLATED)
_16460_/S                               1.500000    1.615053   -0.115053 (VIOLATED)
_18767_/A1                              1.500000    1.614906   -0.114907 (VIOLATED)
_24840_/A1                              1.500000    1.614877   -0.114877 (VIOLATED)
_16467_/S                               1.500000    1.614760   -0.114760 (VIOLATED)
_16477_/S                               1.500000    1.614758   -0.114758 (VIOLATED)
_22848_/C1                              1.500000    1.614725   -0.114725 (VIOLATED)
_19365_/C1                              1.500000    1.614710   -0.114710 (VIOLATED)
_26007_/A0                              1.500000    1.614702   -0.114702 (VIOLATED)
_16453_/S                               1.500000    1.614701   -0.114701 (VIOLATED)
_16479_/S                               1.500000    1.614599   -0.114600 (VIOLATED)
_18757_/S                               1.500000    1.614542   -0.114542 (VIOLATED)
_16473_/S                               1.500000    1.614445   -0.114445 (VIOLATED)
_16454_/S                               1.500000    1.614442   -0.114442 (VIOLATED)
_17300_/A1                              1.500000    1.614419   -0.114419 (VIOLATED)
_17430_/A1                              1.500000    1.614415   -0.114415 (VIOLATED)
_26106_/A1                              1.500000    1.614182   -0.114182 (VIOLATED)
_16451_/S                               1.500000    1.614057   -0.114057 (VIOLATED)
_20408_/C1                              1.500000    1.614026   -0.114026 (VIOLATED)
_16466_/S                               1.500000    1.614015   -0.114015 (VIOLATED)
_25644_/A1                              1.500000    1.613915   -0.113916 (VIOLATED)
_27501_/A1                              1.500000    1.613891   -0.113891 (VIOLATED)
_16452_/S                               1.500000    1.613882   -0.113882 (VIOLATED)
_21626_/C1                              1.500000    1.613798   -0.113798 (VIOLATED)
_16444_/A0                              1.500000    1.613676   -0.113676 (VIOLATED)
_16464_/S                               1.500000    1.613663   -0.113663 (VIOLATED)
_16471_/S                               1.500000    1.613629   -0.113629 (VIOLATED)
_26073_/A0                              1.500000    1.613576   -0.113576 (VIOLATED)
_24835_/A1                              1.500000    1.613457   -0.113457 (VIOLATED)
_18755_/S                               1.500000    1.613351   -0.113351 (VIOLATED)
_16478_/S                               1.500000    1.613228   -0.113229 (VIOLATED)
_16447_/Y                               1.495733    1.608929   -0.113196 (VIOLATED)
_18737_/S                               1.500000    1.613147   -0.113147 (VIOLATED)
_18754_/S                               1.500000    1.612901   -0.112901 (VIOLATED)
_16475_/S                               1.500000    1.612843   -0.112843 (VIOLATED)
_22489_/C1                              1.500000    1.612758   -0.112758 (VIOLATED)
_27116_/A0                              1.500000    1.612649   -0.112649 (VIOLATED)
_18972_/A0                              1.500000    1.612612   -0.112612 (VIOLATED)
_16973_/A1                              1.500000    1.612485   -0.112485 (VIOLATED)
_17072_/A0                              1.500000    1.612412   -0.112412 (VIOLATED)
_18655_/A0                              1.500000    1.612402   -0.112402 (VIOLATED)
_16907_/A0                              1.500000    1.612379   -0.112379 (VIOLATED)
_16462_/S                               1.500000    1.612376   -0.112376 (VIOLATED)
_16465_/S                               1.500000    1.612370   -0.112371 (VIOLATED)
_18727_/Y                               1.495733    1.608102   -0.112369 (VIOLATED)
_16469_/S                               1.500000    1.612345   -0.112345 (VIOLATED)
_16470_/S                               1.500000    1.612296   -0.112296 (VIOLATED)
_16449_/S                               1.500000    1.612164   -0.112164 (VIOLATED)
_25740_/A0                              1.500000    1.612151   -0.112151 (VIOLATED)
_18028_/A0                              1.500000    1.612135   -0.112135 (VIOLATED)
_16474_/S                               1.500000    1.612040   -0.112040 (VIOLATED)
_16841_/A1                              1.500000    1.611996   -0.111996 (VIOLATED)
_18714_/A1                              1.500000    1.611964   -0.111964 (VIOLATED)
_27534_/A1                              1.500000    1.611906   -0.111906 (VIOLATED)
_19876_/C1                              1.500000    1.611860   -0.111860 (VIOLATED)
_16556_/A1                              1.500000    1.611811   -0.111811 (VIOLATED)
_16461_/S                               1.500000    1.611789   -0.111789 (VIOLATED)
_23185_/C1                              1.500000    1.611666   -0.111666 (VIOLATED)
_17437_/A1                              1.500000    1.611657   -0.111657 (VIOLATED)
_22150_/C1                              1.500000    1.611589   -0.111589 (VIOLATED)
_17102_/A0                              1.500000    1.611522   -0.111522 (VIOLATED)
_27182_/A1                              1.500000    1.611516   -0.111516 (VIOLATED)
_24064_/C1                              1.500000    1.611482   -0.111482 (VIOLATED)
_16476_/S                               1.500000    1.611319   -0.111319 (VIOLATED)
_26271_/A0                              1.500000    1.611227   -0.111227 (VIOLATED)
_24412_/C1                              1.500000    1.611211   -0.111211 (VIOLATED)
_16448_/S                               1.500000    1.611208   -0.111208 (VIOLATED)
_18741_/S                               1.500000    1.611036   -0.111036 (VIOLATED)
_16775_/A1                              1.500000    1.611020   -0.111021 (VIOLATED)
_16450_/S                               1.500000    1.610940   -0.110940 (VIOLATED)
_16676_/A1                              1.500000    1.610878   -0.110878 (VIOLATED)
_16589_/A0                              1.500000    1.610818   -0.110818 (VIOLATED)
_23883_/C1                              1.500000    1.610733   -0.110733 (VIOLATED)
_20049_/C1                              1.500000    1.610551   -0.110551 (VIOLATED)
_27567_/A1                              1.500000    1.610418   -0.110418 (VIOLATED)
_16457_/S                               1.500000    1.610401   -0.110401 (VIOLATED)
_19538_/C1                              1.500000    1.610384   -0.110384 (VIOLATED)
_16468_/S                               1.500000    1.610340   -0.110340 (VIOLATED)
_20225_/C1                              1.500000    1.610270   -0.110270 (VIOLATED)
_16030_/A1                              1.500000    1.610244   -0.110244 (VIOLATED)
_27347_/A0                              1.500000    1.610198   -0.110198 (VIOLATED)
_16063_/A1                              1.500000    1.610196   -0.110197 (VIOLATED)
_27446_/A1                              1.500000    1.610125   -0.110125 (VIOLATED)
_26304_/A0                              1.500000    1.610107   -0.110107 (VIOLATED)
_18475_/A1                              1.500000    1.610089   -0.110089 (VIOLATED)
_15964_/A0                              1.500000    1.609993   -0.109993 (VIOLATED)
_18725_/A1                              1.500000    1.609936   -0.109936 (VIOLATED)
_17848_/A0                              1.500000    1.609916   -0.109916 (VIOLATED)
_27413_/A1                              1.500000    1.609753   -0.109753 (VIOLATED)
_16129_/A1                              1.500000    1.609726   -0.109726 (VIOLATED)
_18759_/S                               1.500000    1.609478   -0.109478 (VIOLATED)
_18749_/S                               1.500000    1.609459   -0.109459 (VIOLATED)
_18745_/S                               1.500000    1.609140   -0.109140 (VIOLATED)
_27149_/A0                              1.500000    1.609123   -0.109123 (VIOLATED)
_18939_/A1                              1.500000    1.609053   -0.109054 (VIOLATED)
_27479_/A1                              1.500000    1.608958   -0.108958 (VIOLATED)
_16772_/A1                              1.500000    1.608914   -0.108914 (VIOLATED)
_17029_/A0                              1.500000    1.608788   -0.108788 (VIOLATED)
_17999_/A0                              1.500000    1.608760   -0.108760 (VIOLATED)
_26337_/A0                              1.500000    1.608757   -0.108757 (VIOLATED)
_16798_/A1                              1.500000    1.608744   -0.108744 (VIOLATED)
_27578_/A1                              1.500000    1.608741   -0.108741 (VIOLATED)
_16367_/A0                              1.500000    1.608721   -0.108721 (VIOLATED)
_18216_/A0                              1.500000    1.608667   -0.108667 (VIOLATED)
_23719_/C1                              1.500000    1.608660   -0.108660 (VIOLATED)
_18738_/S                               1.500000    1.608589   -0.108589 (VIOLATED)
_17043_/A0                              1.500000    1.608521   -0.108521 (VIOLATED)
_18626_/A0                              1.500000    1.608454   -0.108454 (VIOLATED)
_18744_/S                               1.500000    1.608364   -0.108364 (VIOLATED)
_18742_/S                               1.500000    1.608361   -0.108361 (VIOLATED)
_18750_/S                               1.500000    1.608347   -0.108347 (VIOLATED)
_18729_/S                               1.500000    1.608332   -0.108332 (VIOLATED)
_16864_/A0                              1.500000    1.608319   -0.108319 (VIOLATED)
_18728_/S                               1.500000    1.608314   -0.108314 (VIOLATED)
_18743_/S                               1.500000    1.608296   -0.108296 (VIOLATED)
_18740_/S                               1.500000    1.608279   -0.108279 (VIOLATED)
_18736_/S                               1.500000    1.608232   -0.108232 (VIOLATED)
_20747_/C1                              1.500000    1.608132   -0.108132 (VIOLATED)
_26056_/A0                              1.500000    1.607883   -0.107883 (VIOLATED)
_18084_/A0                              1.500000    1.607637   -0.107637 (VIOLATED)
_17333_/A1                              1.500000    1.607566   -0.107566 (VIOLATED)
_27512_/A1                              1.500000    1.607379   -0.107379 (VIOLATED)
_17732_/A1                              1.500000    1.607368   -0.107368 (VIOLATED)
_26502_/A1                              1.500000    1.607339   -0.107339 (VIOLATED)
_27545_/A1                              1.500000    1.607306   -0.107306 (VIOLATED)
_17768_/A                               1.500000    1.607114   -0.107114 (VIOLATED)
ANTENNA_16/DIODE                        1.500000    1.607108   -0.107108 (VIOLATED)
_18117_/A1                              1.500000    1.607053   -0.107053 (VIOLATED)
_16162_/A1                              1.500000    1.606984   -0.106984 (VIOLATED)
_27419_/S                               1.500000    1.606774   -0.106774 (VIOLATED)
_27418_/S                               1.500000    1.606741   -0.106741 (VIOLATED)
_18051_/A0                              1.500000    1.606727   -0.106727 (VIOLATED)
_27420_/S                               1.500000    1.606677   -0.106677 (VIOLATED)
_16739_/A1                              1.500000    1.606651   -0.106651 (VIOLATED)
_27421_/S                               1.500000    1.606646   -0.106646 (VIOLATED)
_27433_/S                               1.500000    1.606620   -0.106620 (VIOLATED)
_27431_/S                               1.500000    1.606585   -0.106585 (VIOLATED)
_18259_/A1                              1.500000    1.606519   -0.106519 (VIOLATED)
_17075_/A                               1.500000    1.606446   -0.106446 (VIOLATED)
ANTENNA_15/DIODE                        1.500000    1.606430   -0.106430 (VIOLATED)
_27281_/A1                              1.500000    1.606326   -0.106327 (VIOLATED)
_26469_/A1                              1.500000    1.606273   -0.106273 (VIOLATED)
_27435_/S                               1.500000    1.606194   -0.106194 (VIOLATED)
_27426_/S                               1.500000    1.606133   -0.106133 (VIOLATED)
_21454_/C1                              1.500000    1.606114   -0.106114 (VIOLATED)
_17478_/A0                              1.500000    1.606101   -0.106101 (VIOLATED)
_15865_/A1                              1.500000    1.606059   -0.106059 (VIOLATED)
_17511_/A0                              1.500000    1.606058   -0.106058 (VIOLATED)
_27414_/Y                               1.495733    1.601601   -0.105868 (VIOLATED)
_27439_/S                               1.500000    1.605846   -0.105846 (VIOLATED)
_23020_/C1                              1.500000    1.605728   -0.105728 (VIOLATED)
_27444_/S                               1.500000    1.605702   -0.105702 (VIOLATED)
_25732_/B                               1.500000    1.605688   -0.105688 (VIOLATED)
ANTENNA_19/DIODE                        1.500000    1.605674   -0.105674 (VIOLATED)
_18424_/A1                              1.500000    1.605646   -0.105646 (VIOLATED)
_16421_/A0                              1.500000    1.605526   -0.105526 (VIOLATED)
ANTENNA_211/DIODE                       1.500000    1.605500   -0.105500 (VIOLATED)
_18269_/A0                              1.500000    1.605495   -0.105495 (VIOLATED)
_18302_/A0                              1.500000    1.605444   -0.105444 (VIOLATED)
_24914_/A1                              1.500000    1.605413   -0.105413 (VIOLATED)
_27440_/S                               1.500000    1.605411   -0.105411 (VIOLATED)
_18735_/A1                              1.500000    1.605365   -0.105365 (VIOLATED)
_17896_/A1                              1.500000    1.605288   -0.105288 (VIOLATED)
_27443_/S                               1.500000    1.605167   -0.105167 (VIOLATED)
_27438_/S                               1.500000    1.605162   -0.105162 (VIOLATED)
_17709_/A1                              1.500000    1.605142   -0.105142 (VIOLATED)
_18368_/A0                              1.500000    1.605129   -0.105130 (VIOLATED)
_27417_/S                               1.500000    1.605097   -0.105097 (VIOLATED)
ANTENNA_18/DIODE                        1.500000    1.605093   -0.105093 (VIOLATED)
_26180_/A0                              1.500000    1.605083   -0.105083 (VIOLATED)
_27445_/S                               1.500000    1.605065   -0.105065 (VIOLATED)
_26403_/A0                              1.500000    1.605015   -0.105015 (VIOLATED)
_18800_/A0                              1.500000    1.604997   -0.104997 (VIOLATED)
_25046_/A1                              1.500000    1.604943   -0.104943 (VIOLATED)
_25204_/A                               1.500000    1.604884   -0.104884 (VIOLATED)
_26147_/A0                              1.500000    1.604880   -0.104880 (VIOLATED)
_27248_/A1                              1.500000    1.604819   -0.104819 (VIOLATED)
_17371_/A1                              1.500000    1.604787   -0.104787 (VIOLATED)
ANTENNA_157/DIODE                       1.500000    1.604770   -0.104770 (VIOLATED)
_22665_/C1                              1.500000    1.604727   -0.104727 (VIOLATED)
_27422_/S                               1.500000    1.604650   -0.104650 (VIOLATED)
_27468_/A1                              1.500000    1.604457   -0.104457 (VIOLATED)
_27434_/S                               1.500000    1.604449   -0.104449 (VIOLATED)
_17445_/A1                              1.500000    1.604363   -0.104363 (VIOLATED)
_16709_/A1                              1.500000    1.604269   -0.104269 (VIOLATED)
_17808_/A0                              1.500000    1.604243   -0.104243 (VIOLATED)
_25611_/A0                              1.500000    1.604210   -0.104210 (VIOLATED)
_27083_/A0                              1.500000    1.604175   -0.104175 (VIOLATED)
_27424_/S                               1.500000    1.604161   -0.104161 (VIOLATED)
_17366_/A1                              1.500000    1.604086   -0.104086 (VIOLATED)
_18137_/A0                              1.500000    1.604066   -0.104066 (VIOLATED)
_27442_/S                               1.500000    1.603984   -0.103984 (VIOLATED)
_18170_/A1                              1.500000    1.603983   -0.103983 (VIOLATED)
_17873_/A1                              1.500000    1.603910   -0.103910 (VIOLATED)
_20400_/C1                              1.500000    1.603616   -0.103616 (VIOLATED)
_24232_/C1                              1.500000    1.603605   -0.103605 (VIOLATED)
_24404_/C1                              1.500000    1.603356   -0.103356 (VIOLATED)
_27314_/A1                              1.500000    1.603292   -0.103292 (VIOLATED)
_21098_/C1                              1.500000    1.603275   -0.103275 (VIOLATED)
_27441_/S                               1.500000    1.603048   -0.103048 (VIOLATED)
_23361_/C1                              1.500000    1.603031   -0.103031 (VIOLATED)
_26246_/A1                              1.500000    1.603012   -0.103012 (VIOLATED)
_27425_/S                               1.500000    1.602971   -0.102972 (VIOLATED)
_27428_/S                               1.500000    1.602946   -0.102946 (VIOLATED)
_21966_/C1                              1.500000    1.602936   -0.102936 (VIOLATED)
_18457_/A1                              1.500000    1.602755   -0.102755 (VIOLATED)
_16604_/A0                              1.500000    1.602685   -0.102685 (VIOLATED)
_27748_/S                               1.500000    1.602546   -0.102546 (VIOLATED)
_27749_/S                               1.500000    1.602519   -0.102519 (VIOLATED)
_16571_/A1                              1.500000    1.602474   -0.102474 (VIOLATED)
_16096_/A1                              1.500000    1.602396   -0.102396 (VIOLATED)
_27775_/S                               1.500000    1.602384   -0.102384 (VIOLATED)
_17643_/A0                              1.500000    1.602275   -0.102275 (VIOLATED)
_26436_/A1                              1.500000    1.602272   -0.102272 (VIOLATED)
_18980_/A0                              1.500000    1.602161   -0.102161 (VIOLATED)
_27430_/S                               1.500000    1.602157   -0.102157 (VIOLATED)
_27423_/S                               1.500000    1.602122   -0.102122 (VIOLATED)
ANTENNA_122/DIODE                       1.500000    1.602080   -0.102080 (VIOLATED)
_27750_/S                               1.500000    1.602065   -0.102065 (VIOLATED)
_27432_/S                               1.500000    1.602055   -0.102055 (VIOLATED)
_27416_/S                               1.500000    1.602040   -0.102040 (VIOLATED)
_27436_/S                               1.500000    1.601981   -0.101981 (VIOLATED)
_19117_/A1                              1.500000    1.601943   -0.101943 (VIOLATED)
_27747_/S                               1.500000    1.601930   -0.101930 (VIOLATED)
_27429_/S                               1.500000    1.601915   -0.101915 (VIOLATED)
_16580_/A                               1.500000    1.601851   -0.101851 (VIOLATED)
ANTENNA_14/DIODE                        1.500000    1.601846   -0.101846 (VIOLATED)
_27415_/S                               1.500000    1.601818   -0.101818 (VIOLATED)
_27437_/S                               1.500000    1.601775   -0.101775 (VIOLATED)
_27446_/S                               1.500000    1.601720   -0.101720 (VIOLATED)
_27768_/S                               1.500000    1.601712   -0.101712 (VIOLATED)
_27427_/S                               1.500000    1.601693   -0.101693 (VIOLATED)
_16904_/A0                              1.500000    1.601563   -0.101563 (VIOLATED)
_23608_/C1                              1.500000    1.601490   -0.101490 (VIOLATED)
_18295_/A                               1.500000    1.601420   -0.101420 (VIOLATED)
ANTENNA_17/DIODE                        1.500000    1.601413   -0.101413 (VIOLATED)
_16838_/A1                              1.500000    1.601386   -0.101386 (VIOLATED)
_27751_/S                               1.500000    1.601335   -0.101335 (VIOLATED)
_21866_/C1                              1.500000    1.601263   -0.101263 (VIOLATED)
_21343_/C1                              1.500000    1.601210   -0.101210 (VIOLATED)
_17432_/A1                              1.500000    1.601091   -0.101091 (VIOLATED)
_26081_/A0                              1.500000    1.600986   -0.100986 (VIOLATED)
_16577_/A1                              1.500000    1.600863   -0.100863 (VIOLATED)
_19123_/A1                              1.500000    1.600709   -0.100709 (VIOLATED)
_27769_/S                               1.500000    1.600694   -0.100694 (VIOLATED)
_16544_/A1                              1.500000    1.600681   -0.100681 (VIOLATED)
_27764_/S                               1.500000    1.600347   -0.100347 (VIOLATED)
_20995_/C1                              1.500000    1.600324   -0.100324 (VIOLATED)
_15982_/B                               1.500000    1.600261   -0.100261 (VIOLATED)
_16538_/A1                              1.500000    1.600260   -0.100261 (VIOLATED)
_26213_/A0                              1.500000    1.600255   -0.100255 (VIOLATED)
_27763_/S                               1.500000    1.600223   -0.100223 (VIOLATED)
_27773_/S                               1.500000    1.600170   -0.100170 (VIOLATED)
_27765_/S                               1.500000    1.600102   -0.100102 (VIOLATED)
_27653_/A0                              1.500000    1.600010   -0.100010 (VIOLATED)
_26015_/A0                              1.500000    1.599970   -0.099970 (VIOLATED)
_26114_/A1                              1.500000    1.599899   -0.099899 (VIOLATED)
_16673_/A1                              1.500000    1.599842   -0.099842 (VIOLATED)
_27770_/S                               1.500000    1.599822   -0.099822 (VIOLATED)
_24056_/C1                              1.500000    1.599795   -0.099795 (VIOLATED)
_24590_/A1                              1.500000    1.599794   -0.099794 (VIOLATED)
_27756_/S                               1.500000    1.599774   -0.099774 (VIOLATED)
_27752_/S                               1.500000    1.599538   -0.099538 (VIOLATED)
_16610_/A0                              1.500000    1.599536   -0.099536 (VIOLATED)
_20647_/C1                              1.500000    1.599495   -0.099495 (VIOLATED)
_22214_/C1                              1.500000    1.599312   -0.099312 (VIOLATED)
_19530_/C1                              1.500000    1.599195   -0.099196 (VIOLATED)
_17400_/A0                              1.500000    1.599172   -0.099172 (VIOLATED)
_18253_/A1                              1.500000    1.599150   -0.099150 (VIOLATED)
_26259_/A                               1.500000    1.599132   -0.099132 (VIOLATED)
_26787_/A                               1.500000    1.598814   -0.098815 (VIOLATED)
_27620_/A0                              1.500000    1.598691   -0.098692 (VIOLATED)
_27587_/A0                              1.500000    1.598644   -0.098644 (VIOLATED)
_27315_/A                               1.500000    1.598484   -0.098484 (VIOLATED)
_27774_/S                               1.500000    1.598383   -0.098383 (VIOLATED)
_18025_/A0                              1.500000    1.598045   -0.098045 (VIOLATED)
_27843_/A                               1.500000    1.598039   -0.098039 (VIOLATED)
_27772_/S                               1.500000    1.597895   -0.097895 (VIOLATED)
_22912_/C1                              1.500000    1.597861   -0.097861 (VIOLATED)
_25559_/A0                              1.500000    1.597823   -0.097823 (VIOLATED)
_25592_/A1                              1.500000    1.597798   -0.097798 (VIOLATED)
_25526_/A0                              1.500000    1.597752   -0.097752 (VIOLATED)
_27754_/S                               1.500000    1.597735   -0.097735 (VIOLATED)
_14884_/X                               1.499598    1.597241   -0.097643 (VIOLATED)
_15420_/A                               1.500000    1.597625   -0.097625 (VIOLATED)
_25691_/A1                              1.500000    1.597453   -0.097453 (VIOLATED)
_25493_/A0                              1.500000    1.597425   -0.097425 (VIOLATED)
_19018_/A1                              1.500000    1.597283   -0.097283 (VIOLATED)
_27771_/S                               1.500000    1.597244   -0.097244 (VIOLATED)
_15356_/A1                              1.500000    1.597243   -0.097243 (VIOLATED)
_18528_/A1                              1.500000    1.597197   -0.097197 (VIOLATED)
_16686_/A1                              1.500000    1.597074   -0.097074 (VIOLATED)
_26279_/A0                              1.500000    1.597054   -0.097054 (VIOLATED)
_15389_/A1                              1.500000    1.596937   -0.096937 (VIOLATED)
_15224_/A0                              1.500000    1.596935   -0.096935 (VIOLATED)
_15290_/A0                              1.500000    1.596881   -0.096881 (VIOLATED)
_15455_/A1                              1.500000    1.596796   -0.096796 (VIOLATED)
_15488_/A1                              1.500000    1.596649   -0.096649 (VIOLATED)
_15257_/A1                              1.500000    1.596630   -0.096630 (VIOLATED)
_15422_/A0                              1.500000    1.596604   -0.096604 (VIOLATED)
_15191_/A0                              1.500000    1.596582   -0.096582 (VIOLATED)
_15158_/A0                              1.500000    1.596546   -0.096546 (VIOLATED)
_18418_/A1                              1.500000    1.596534   -0.096534 (VIOLATED)
_20583_/C1                              1.500000    1.596325   -0.096325 (VIOLATED)
_15588_/A1                              1.500000    1.596273   -0.096273 (VIOLATED)
_16599_/A0                              1.500000    1.596232   -0.096232 (VIOLATED)
_18495_/A1                              1.500000    1.596215   -0.096215 (VIOLATED)
_25625_/A0                              1.500000    1.596198   -0.096198 (VIOLATED)
_15621_/A1                              1.500000    1.596008   -0.096008 (VIOLATED)
_27744_/Y                               1.495733    1.591693   -0.095960 (VIOLATED)
_15522_/A1                              1.500000    1.595785   -0.095785 (VIOLATED)
_27215_/A0                              1.500000    1.595076   -0.095076 (VIOLATED)
_22389_/C1                              1.500000    1.595041   -0.095041 (VIOLATED)
_18451_/A1                              1.500000    1.594762   -0.094762 (VIOLATED)
_27758_/S                               1.500000    1.594732   -0.094732 (VIOLATED)
_26601_/A0                              1.500000    1.594551   -0.094551 (VIOLATED)
_18947_/A1                              1.500000    1.594192   -0.094192 (VIOLATED)
_27762_/S                               1.500000    1.594164   -0.094164 (VIOLATED)
_26568_/A0                              1.500000    1.593948   -0.093948 (VIOLATED)
_27766_/S                               1.500000    1.593699   -0.093699 (VIOLATED)
_25561_/A0                              1.500000    1.593604   -0.093604 (VIOLATED)
_17468_/A1                              1.500000    1.593564   -0.093564 (VIOLATED)
_15555_/A1                              1.500000    1.593500   -0.093500 (VIOLATED)
_19259_/C1                              1.500000    1.593271   -0.093271 (VIOLATED)
_26733_/A1                              1.500000    1.593198   -0.093198 (VIOLATED)
_26766_/A1                              1.500000    1.593144   -0.093144 (VIOLATED)
_26667_/A0                              1.500000    1.592922   -0.092922 (VIOLATED)
_25594_/A1                              1.500000    1.592837   -0.092837 (VIOLATED)
_25443_/A1                              1.500000    1.592752   -0.092752 (VIOLATED)
_25410_/A1                              1.500000    1.592713   -0.092713 (VIOLATED)
_26251_/A1                              1.500000    1.592653   -0.092653 (VIOLATED)
_26185_/A0                              1.500000    1.592588   -0.092588 (VIOLATED)
_26444_/A1                              1.500000    1.592547   -0.092547 (VIOLATED)
_27776_/S                               1.500000    1.592530   -0.092530 (VIOLATED)
_26345_/A0                              1.500000    1.592466   -0.092466 (VIOLATED)
_18905_/A1                              1.500000    1.592408   -0.092408 (VIOLATED)
_26218_/A0                              1.500000    1.592402   -0.092402 (VIOLATED)
_26411_/A0                              1.500000    1.592401   -0.092401 (VIOLATED)
_26020_/A0                              1.500000    1.592399   -0.092400 (VIOLATED)
_26152_/A0                              1.500000    1.592389   -0.092389 (VIOLATED)
_26312_/A0                              1.500000    1.592357   -0.092357 (VIOLATED)
_27755_/S                               1.500000    1.592332   -0.092332 (VIOLATED)
_26510_/A1                              1.500000    1.592327   -0.092327 (VIOLATED)
_18985_/A0                              1.500000    1.592152   -0.092152 (VIOLATED)
_26535_/A0                              1.500000    1.592134   -0.092134 (VIOLATED)
_26086_/A0                              1.500000    1.592116   -0.092116 (VIOLATED)
_26119_/A1                              1.500000    1.592093   -0.092093 (VIOLATED)
_27759_/S                               1.500000    1.591809   -0.091809 (VIOLATED)
_27745_/S                               1.500000    1.591807   -0.091807 (VIOLATED)
_27761_/S                               1.500000    1.591807   -0.091807 (VIOLATED)
_27767_/S                               1.500000    1.591802   -0.091802 (VIOLATED)
_27746_/S                               1.500000    1.591796   -0.091796 (VIOLATED)
_27757_/S                               1.500000    1.591778   -0.091778 (VIOLATED)
_27760_/S                               1.500000    1.591765   -0.091765 (VIOLATED)
_27753_/S                               1.500000    1.591743   -0.091744 (VIOLATED)
_26477_/A1                              1.500000    1.591739   -0.091739 (VIOLATED)
_26634_/A1                              1.500000    1.591717   -0.091717 (VIOLATED)
_18236_/A1                              1.500000    1.591315   -0.091315 (VIOLATED)
_18193_/A1                              1.500000    1.590908   -0.090908 (VIOLATED)
_25658_/A1                              1.500000    1.590252   -0.090252 (VIOLATED)
_18652_/A0                              1.500000    1.590160   -0.090160 (VIOLATED)
_21691_/C1                              1.500000    1.590112   -0.090112 (VIOLATED)
_27719_/A0                              1.500000    1.589875   -0.089875 (VIOLATED)
_25699_/Y                               1.495733    1.585226   -0.089493 (VIOLATED)
_18952_/A1                              1.500000    1.589306   -0.089306 (VIOLATED)
_26350_/A0                              1.500000    1.589107   -0.089107 (VIOLATED)
_16970_/A1                              1.500000    1.588834   -0.088834 (VIOLATED)
_23085_/C1                              1.500000    1.588831   -0.088831 (VIOLATED)
_16703_/A1                              1.500000    1.588767   -0.088767 (VIOLATED)
_18872_/A1                              1.500000    1.588755   -0.088755 (VIOLATED)
_26317_/A0                              1.500000    1.588752   -0.088752 (VIOLATED)
_22325_/C1                              1.500000    1.588742   -0.088742 (VIOLATED)
_25495_/A0                              1.500000    1.588687   -0.088687 (VIOLATED)
_23544_/C1                              1.500000    1.588425   -0.088425 (VIOLATED)
_25706_/S                               1.500000    1.588033   -0.088033 (VIOLATED)
_25705_/S                               1.500000    1.588017   -0.088017 (VIOLATED)
_25703_/S                               1.500000    1.588009   -0.088009 (VIOLATED)
_25718_/S                               1.500000    1.587903   -0.087903 (VIOLATED)
_25729_/S                               1.500000    1.587813   -0.087813 (VIOLATED)
_25724_/S                               1.500000    1.587785   -0.087785 (VIOLATED)
_25716_/S                               1.500000    1.587741   -0.087741 (VIOLATED)
_25707_/S                               1.500000    1.587657   -0.087657 (VIOLATED)
_25723_/S                               1.500000    1.587648   -0.087648 (VIOLATED)
_21802_/C1                              1.500000    1.587557   -0.087557 (VIOLATED)
_25711_/S                               1.500000    1.587534   -0.087534 (VIOLATED)
_26515_/A1                              1.500000    1.587445   -0.087445 (VIOLATED)
_25730_/S                               1.500000    1.587428   -0.087429 (VIOLATED)
_25704_/S                               1.500000    1.587397   -0.087397 (VIOLATED)
_25719_/S                               1.500000    1.587300   -0.087300 (VIOLATED)
_25727_/S                               1.500000    1.587225   -0.087225 (VIOLATED)
_21278_/C1                              1.500000    1.587181   -0.087181 (VIOLATED)
_25712_/S                               1.500000    1.587112   -0.087112 (VIOLATED)
_18434_/A1                              1.500000    1.587036   -0.087036 (VIOLATED)
_25113_/A1                              1.500000    1.586944   -0.086944 (VIOLATED)
_23711_/C1                              1.500000    1.586924   -0.086924 (VIOLATED)
_25146_/A1                              1.500000    1.586867   -0.086867 (VIOLATED)
_25080_/A0                              1.500000    1.586807   -0.086808 (VIOLATED)
_25731_/S                               1.500000    1.586778   -0.086778 (VIOLATED)
_25179_/A1                              1.500000    1.586771   -0.086771 (VIOLATED)
_25715_/S                               1.500000    1.586692   -0.086692 (VIOLATED)
_25710_/S                               1.500000    1.586666   -0.086667 (VIOLATED)
_24783_/A0                              1.500000    1.586666   -0.086666 (VIOLATED)
ANTENNA_205/DIODE                       1.500000    1.586654   -0.086654 (VIOLATED)
_25014_/A1                              1.500000    1.586629   -0.086629 (VIOLATED)
_25708_/S                               1.500000    1.586627   -0.086627 (VIOLATED)
_25725_/S                               1.500000    1.586578   -0.086578 (VIOLATED)
_25717_/S                               1.500000    1.586521   -0.086521 (VIOLATED)
_16167_/S                               1.500000    1.586512   -0.086512 (VIOLATED)
_25721_/S                               1.500000    1.586497   -0.086497 (VIOLATED)
_16175_/S                               1.500000    1.586493   -0.086493 (VIOLATED)
_25278_/A1                              1.500000    1.586486   -0.086486 (VIOLATED)
_25700_/S                               1.500000    1.586422   -0.086422 (VIOLATED)
_16157_/S                               1.500000    1.586401   -0.086401 (VIOLATED)
_24750_/A0                              1.500000    1.586342   -0.086342 (VIOLATED)
_15871_/S                               1.500000    1.586333   -0.086333 (VIOLATED)
_16147_/Y                               1.495733    1.582065   -0.086332 (VIOLATED)
_20931_/C1                              1.500000    1.586331   -0.086331 (VIOLATED)
_15862_/S                               1.500000    1.586328   -0.086328 (VIOLATED)
_25722_/S                               1.500000    1.586324   -0.086324 (VIOLATED)
_16177_/S                               1.500000    1.586311   -0.086311 (VIOLATED)
_25714_/S                               1.500000    1.586293   -0.086293 (VIOLATED)
_16155_/S                               1.500000    1.586293   -0.086293 (VIOLATED)
_25702_/S                               1.500000    1.586289   -0.086289 (VIOLATED)
_25701_/S                               1.500000    1.586262   -0.086262 (VIOLATED)
_16172_/S                               1.500000    1.586217   -0.086217 (VIOLATED)
_15860_/S                               1.500000    1.586198   -0.086198 (VIOLATED)
_16168_/S                               1.500000    1.586178   -0.086178 (VIOLATED)
_16159_/S                               1.500000    1.586066   -0.086066 (VIOLATED)
_15870_/S                               1.500000    1.585975   -0.085975 (VIOLATED)
_25728_/S                               1.500000    1.585905   -0.085906 (VIOLATED)
_25713_/S                               1.500000    1.585795   -0.085795 (VIOLATED)
_16179_/S                               1.500000    1.585738   -0.085739 (VIOLATED)
_24717_/A0                              1.500000    1.585693   -0.085693 (VIOLATED)
_15878_/S                               1.500000    1.585675   -0.085675 (VIOLATED)
_27785_/A1                              1.500000    1.585662   -0.085662 (VIOLATED)
_25726_/S                               1.500000    1.585571   -0.085571 (VIOLATED)
_27818_/A1                              1.500000    1.585481   -0.085481 (VIOLATED)
_25709_/S                               1.500000    1.585456   -0.085456 (VIOLATED)
_27752_/A1                              1.500000    1.585435   -0.085435 (VIOLATED)
_26482_/A1                              1.500000    1.585433   -0.085433 (VIOLATED)
_25720_/S                               1.500000    1.585428   -0.085428 (VIOLATED)
_26449_/A1                              1.500000    1.585124   -0.085124 (VIOLATED)
ANTENNA_123/DIODE                       1.500000    1.585077   -0.085078 (VIOLATED)
_26997_/A1                              1.500000    1.585034   -0.085034 (VIOLATED)
_16149_/S                               1.500000    1.584969   -0.084969 (VIOLATED)
_15879_/S                               1.500000    1.584961   -0.084961 (VIOLATED)
_26931_/A1                              1.500000    1.584906   -0.084906 (VIOLATED)
_16161_/S                               1.500000    1.584757   -0.084757 (VIOLATED)
_16174_/S                               1.500000    1.584738   -0.084739 (VIOLATED)
_16170_/S                               1.500000    1.584675   -0.084675 (VIOLATED)
_15753_/A0                              1.500000    1.584671   -0.084671 (VIOLATED)
_16151_/S                               1.500000    1.584635   -0.084635 (VIOLATED)
_16176_/S                               1.500000    1.584433   -0.084433 (VIOLATED)
_16150_/S                               1.500000    1.584422   -0.084422 (VIOLATED)
_16169_/S                               1.500000    1.584409   -0.084409 (VIOLATED)
_16178_/S                               1.500000    1.584378   -0.084378 (VIOLATED)
_15853_/S                               1.500000    1.584354   -0.084354 (VIOLATED)
_16162_/S                               1.500000    1.584286   -0.084286 (VIOLATED)
_16152_/S                               1.500000    1.584275   -0.084275 (VIOLATED)
_15880_/S                               1.500000    1.584241   -0.084242 (VIOLATED)
_19430_/C1                              1.500000    1.584195   -0.084195 (VIOLATED)
_15875_/S                               1.500000    1.584195   -0.084195 (VIOLATED)
_15858_/S                               1.500000    1.584167   -0.084167 (VIOLATED)
_16171_/S                               1.500000    1.584120   -0.084120 (VIOLATED)
_16165_/S                               1.500000    1.584078   -0.084078 (VIOLATED)
_15881_/S                               1.500000    1.584047   -0.084047 (VIOLATED)
_15852_/S                               1.500000    1.584039   -0.084040 (VIOLATED)
_16153_/S                               1.500000    1.583984   -0.083984 (VIOLATED)
_15882_/S                               1.500000    1.583900   -0.083900 (VIOLATED)
_16154_/S                               1.500000    1.583862   -0.083862 (VIOLATED)
_16164_/S                               1.500000    1.583702   -0.083702 (VIOLATED)
_26964_/A1                              1.500000    1.583610   -0.083610 (VIOLATED)
_25842_/A1                              1.500000    1.583606   -0.083606 (VIOLATED)
_24150_/C1                              1.500000    1.583565   -0.083565 (VIOLATED)
_25809_/A1                              1.500000    1.583493   -0.083493 (VIOLATED)
_15877_/S                               1.500000    1.583451   -0.083451 (VIOLATED)
_28049_/A1                              1.500000    1.583436   -0.083436 (VIOLATED)
_28082_/A1                              1.500000    1.583405   -0.083405 (VIOLATED)
_25776_/A1                              1.500000    1.583375   -0.083375 (VIOLATED)
_27917_/A1                              1.500000    1.583367   -0.083368 (VIOLATED)
_16166_/S                               1.500000    1.583266   -0.083266 (VIOLATED)
_16148_/S                               1.500000    1.583264   -0.083264 (VIOLATED)
_27950_/A1                              1.500000    1.583244   -0.083244 (VIOLATED)
_25743_/A0                              1.500000    1.583188   -0.083188 (VIOLATED)
_16173_/S                               1.500000    1.583126   -0.083126 (VIOLATED)
_25344_/A1                              1.500000    1.583026   -0.083026 (VIOLATED)
_25528_/A0                              1.500000    1.583025   -0.083025 (VIOLATED)
_15035_/A1                              1.500000    1.582925   -0.082925 (VIOLATED)
_19112_/A1                              1.500000    1.582883   -0.082883 (VIOLATED)
_16160_/S                               1.500000    1.582877   -0.082877 (VIOLATED)
_15069_/A1                              1.500000    1.582861   -0.082861 (VIOLATED)
_14934_/A1                              1.500000    1.582806   -0.082806 (VIOLATED)
_16156_/S                               1.500000    1.582720   -0.082720 (VIOLATED)
_15786_/A1                              1.500000    1.582710   -0.082710 (VIOLATED)
_24304_/C1                              1.500000    1.582487   -0.082487 (VIOLATED)
_25908_/A1                              1.500000    1.582393   -0.082393 (VIOLATED)
_16163_/S                               1.500000    1.582381   -0.082381 (VIOLATED)
_19035_/A1                              1.500000    1.582352   -0.082352 (VIOLATED)
_18160_/A0                              1.500000    1.582333   -0.082333 (VIOLATED)
_26416_/A0                              1.500000    1.582328   -0.082328 (VIOLATED)
_16158_/S                               1.500000    1.582279   -0.082279 (VIOLATED)
_18401_/A1                              1.500000    1.582242   -0.082242 (VIOLATED)
_18574_/A1                              1.500000    1.582166   -0.082166 (VIOLATED)
_16149_/A1                              1.500000    1.581994   -0.081995 (VIOLATED)
_25973_/A1                              1.500000    1.581941   -0.081941 (VIOLATED)
_15864_/S                               1.500000    1.581812   -0.081812 (VIOLATED)
_25212_/A0                              1.500000    1.581773   -0.081773 (VIOLATED)
_19020_/A1                              1.500000    1.581455   -0.081455 (VIOLATED)
_17835_/A0                              1.500000    1.581330   -0.081330 (VIOLATED)
_15873_/S                               1.500000    1.581235   -0.081235 (VIOLATED)
_26284_/A0                              1.500000    1.581180   -0.081180 (VIOLATED)
_25941_/A1                              1.500000    1.581119   -0.081119 (VIOLATED)
_16368_/A0                              1.500000    1.580382   -0.080382 (VIOLATED)
_16799_/A1                              1.500000    1.580331   -0.080331 (VIOLATED)
_18052_/A0                              1.500000    1.580308   -0.080308 (VIOLATED)
_18118_/A1                              1.500000    1.580258   -0.080258 (VIOLATED)
_15852_/A1                              1.500000    1.580131   -0.080131 (VIOLATED)
_18085_/A0                              1.500000    1.580104   -0.080104 (VIOLATED)
_18217_/A0                              1.500000    1.580037   -0.080037 (VIOLATED)
_15850_/Y                               1.495733    1.575710   -0.079977 (VIOLATED)
_15885_/A1                              1.500000    1.579924   -0.079924 (VIOLATED)
_16865_/A0                              1.500000    1.579923   -0.079923 (VIOLATED)
_17030_/A0                              1.500000    1.579770   -0.079770 (VIOLATED)
_16235_/A1                              1.500000    1.579671   -0.079671 (VIOLATED)
_15918_/A1                              1.500000    1.579607   -0.079607 (VIOLATED)
_25311_/A1                              1.500000    1.579497   -0.079497 (VIOLATED)
_16017_/A1                              1.500000    1.579495   -0.079495 (VIOLATED)
_16335_/A1                              1.500000    1.579484   -0.079484 (VIOLATED)
_15872_/S                               1.500000    1.579430   -0.079430 (VIOLATED)
_15854_/S                               1.500000    1.579381   -0.079381 (VIOLATED)
_17069_/A0                              1.500000    1.579150   -0.079150 (VIOLATED)
_27783_/S                               1.500000    1.579136   -0.079136 (VIOLATED)
_27781_/S                               1.500000    1.579104   -0.079104 (VIOLATED)
_16268_/A1                              1.500000    1.579054   -0.079054 (VIOLATED)
_27782_/S                               1.500000    1.578962   -0.078962 (VIOLATED)
_15819_/A0                              1.500000    1.578801   -0.078801 (VIOLATED)
_27808_/S                               1.500000    1.578730   -0.078730 (VIOLATED)
_16050_/A1                              1.500000    1.578603   -0.078603 (VIOLATED)
_25693_/A1                              1.500000    1.578486   -0.078486 (VIOLATED)
_15865_/S                               1.500000    1.578475   -0.078475 (VIOLATED)
_27780_/S                               1.500000    1.578326   -0.078326 (VIOLATED)
_26799_/A0                              1.500000    1.578318   -0.078318 (VIOLATED)
_26865_/A1                              1.500000    1.578305   -0.078305 (VIOLATED)
_26647_/A1                              1.500000    1.578285   -0.078285 (VIOLATED)
_17591_/A0                              1.500000    1.578242   -0.078242 (VIOLATED)
_16587_/A0                              1.500000    1.578207   -0.078207 (VIOLATED)
_18292_/A0                              1.500000    1.578206   -0.078206 (VIOLATED)
_14968_/A1                              1.500000    1.578134   -0.078134 (VIOLATED)
_16501_/A0                              1.500000    1.578000   -0.078000 (VIOLATED)
_15687_/A1                              1.500000    1.577981   -0.077981 (VIOLATED)
_26548_/A0                              1.500000    1.577861   -0.077861 (VIOLATED)
_27784_/S                               1.500000    1.577849   -0.077849 (VIOLATED)
_15720_/A0                              1.500000    1.577831   -0.077831 (VIOLATED)
_27806_/S                               1.500000    1.577595   -0.077595 (VIOLATED)
_27796_/S                               1.500000    1.577561   -0.077561 (VIOLATED)
_15868_/S                               1.500000    1.577482   -0.077482 (VIOLATED)
_15855_/S                               1.500000    1.577476   -0.077476 (VIOLATED)
_15874_/S                               1.500000    1.577442   -0.077442 (VIOLATED)
_15857_/S                               1.500000    1.577386   -0.077386 (VIOLATED)
_15856_/S                               1.500000    1.577342   -0.077342 (VIOLATED)
_27798_/S                               1.500000    1.577289   -0.077289 (VIOLATED)
_15851_/S                               1.500000    1.577209   -0.077210 (VIOLATED)
_25245_/A1                              1.500000    1.577209   -0.077209 (VIOLATED)
_15876_/S                               1.500000    1.577193   -0.077194 (VIOLATED)
_15869_/S                               1.500000    1.577189   -0.077189 (VIOLATED)
_15867_/S                               1.500000    1.577160   -0.077160 (VIOLATED)
_27789_/S                               1.500000    1.577157   -0.077158 (VIOLATED)
_27801_/S                               1.500000    1.577057   -0.077057 (VIOLATED)
_15863_/S                               1.500000    1.577000   -0.077001 (VIOLATED)
_27797_/S                               1.500000    1.576950   -0.076950 (VIOLATED)
_27802_/S                               1.500000    1.576867   -0.076867 (VIOLATED)
_16116_/A1                              1.500000    1.576854   -0.076854 (VIOLATED)
_27803_/S                               1.500000    1.576836   -0.076836 (VIOLATED)
_15859_/S                               1.500000    1.576804   -0.076804 (VIOLATED)
_17624_/A1                              1.500000    1.576765   -0.076765 (VIOLATED)
_15861_/S                               1.500000    1.576752   -0.076752 (VIOLATED)
_15866_/S                               1.500000    1.576669   -0.076669 (VIOLATED)
_19776_/C1                              1.500000    1.576515   -0.076515 (VIOLATED)
_23783_/C1                              1.500000    1.576500   -0.076500 (VIOLATED)
_25660_/A1                              1.500000    1.576395   -0.076395 (VIOLATED)
_27785_/S                               1.500000    1.576081   -0.076081 (VIOLATED)
_21170_/C1                              1.500000    1.576061   -0.076061 (VIOLATED)
_25823_/A1                              1.500000    1.575892   -0.075892 (VIOLATED)
_22562_/C1                              1.500000    1.575547   -0.075547 (VIOLATED)
_26581_/A0                              1.500000    1.575544   -0.075544 (VIOLATED)
_27851_/A0                              1.500000    1.575393   -0.075393 (VIOLATED)
_27805_/S                               1.500000    1.575048   -0.075048 (VIOLATED)
_26898_/A1                              1.500000    1.574949   -0.074949 (VIOLATED)
_27787_/S                               1.500000    1.574920   -0.074920 (VIOLATED)
_27807_/S                               1.500000    1.574849   -0.074849 (VIOLATED)
_22317_/C1                              1.500000    1.574773   -0.074774 (VIOLATED)
_27804_/S                               1.500000    1.574769   -0.074769 (VIOLATED)
_16634_/A0                              1.500000    1.574640   -0.074640 (VIOLATED)
_21446_/C1                              1.500000    1.574181   -0.074181 (VIOLATED)
_16083_/A1                              1.500000    1.574116   -0.074116 (VIOLATED)
_27777_/Y                               1.495733    1.569718   -0.073985 (VIOLATED)
_26614_/A0                              1.500000    1.573371   -0.073371 (VIOLATED)
_21518_/C1                              1.500000    1.573251   -0.073251 (VIOLATED)
_25627_/A0                              1.500000    1.573085   -0.073085 (VIOLATED)
_27791_/S                               1.500000    1.572557   -0.072558 (VIOLATED)
_14900_/A0                              1.500000    1.572507   -0.072507 (VIOLATED)
_17813_/A0                              1.500000    1.572384   -0.072384 (VIOLATED)
_17789_/A0                              1.500000    1.572146   -0.072147 (VIOLATED)
_25757_/A0                              1.500000    1.571233   -0.071233 (VIOLATED)
_26832_/A1                              1.500000    1.571146   -0.071146 (VIOLATED)
_27793_/S                               1.500000    1.570873   -0.070873 (VIOLATED)
_16101_/S                               1.500000    1.570701   -0.070701 (VIOLATED)
_16109_/S                               1.500000    1.570639   -0.070639 (VIOLATED)
_16111_/S                               1.500000    1.570617   -0.070618 (VIOLATED)
_16089_/S                               1.500000    1.570562   -0.070562 (VIOLATED)
_16091_/S                               1.500000    1.570562   -0.070562 (VIOLATED)
_26977_/A1                              1.500000    1.570471   -0.070471 (VIOLATED)
_16102_/S                               1.500000    1.570463   -0.070463 (VIOLATED)
_27795_/S                               1.500000    1.570455   -0.070455 (VIOLATED)
_16106_/S                               1.500000    1.570442   -0.070442 (VIOLATED)
_16093_/S                               1.500000    1.570292   -0.070292 (VIOLATED)
_26840_/A1                              1.500000    1.570291   -0.070291 (VIOLATED)
_27788_/S                               1.500000    1.570115   -0.070115 (VIOLATED)
_16084_/S                               1.500000    1.570094   -0.070094 (VIOLATED)
_16110_/S                               1.500000    1.570079   -0.070079 (VIOLATED)
_27778_/S                               1.500000    1.570068   -0.070068 (VIOLATED)
_27792_/S                               1.500000    1.570063   -0.070063 (VIOLATED)
_27794_/S                               1.500000    1.570063   -0.070063 (VIOLATED)
_26944_/A1                              1.500000    1.570023   -0.070023 (VIOLATED)
_27800_/S                               1.500000    1.570014   -0.070014 (VIOLATED)
_27799_/S                               1.500000    1.570006   -0.070006 (VIOLATED)
_27809_/S                               1.500000    1.570000   -0.070000 (VIOLATED)
_16113_/S                               1.500000    1.569947   -0.069947 (VIOLATED)
_27779_/S                               1.500000    1.569946   -0.069946 (VIOLATED)
_27790_/S                               1.500000    1.569924   -0.069924 (VIOLATED)
_25599_/A1                              1.500000    1.569914   -0.069914 (VIOLATED)
_27786_/S                               1.500000    1.569888   -0.069888 (VIOLATED)
_25566_/A0                              1.500000    1.569753   -0.069753 (VIOLATED)
_25665_/A1                              1.500000    1.569725   -0.069725 (VIOLATED)
_25632_/A0                              1.500000    1.569678   -0.069678 (VIOLATED)
_25856_/A1                              1.500000    1.569334   -0.069334 (VIOLATED)
_27471_/S                               1.500000    1.569007   -0.069007 (VIOLATED)
_16095_/S                               1.500000    1.568988   -0.068988 (VIOLATED)
_27452_/S                               1.500000    1.568979   -0.068979 (VIOLATED)
_16104_/S                               1.500000    1.568913   -0.068913 (VIOLATED)
_16108_/S                               1.500000    1.568893   -0.068893 (VIOLATED)
_27451_/S                               1.500000    1.568861   -0.068861 (VIOLATED)
_27453_/S                               1.500000    1.568630   -0.068630 (VIOLATED)
_16081_/Y                               1.495733    1.564261   -0.068528 (VIOLATED)
_27464_/S                               1.500000    1.568420   -0.068420 (VIOLATED)
_27454_/S                               1.500000    1.568357   -0.068357 (VIOLATED)
_18462_/A1                              1.500000    1.568246   -0.068246 (VIOLATED)
_16083_/S                               1.500000    1.568221   -0.068222 (VIOLATED)
_16521_/A1                              1.500000    1.568175   -0.068175 (VIOLATED)
_15951_/A0                              1.500000    1.568117   -0.068117 (VIOLATED)
_16085_/S                               1.500000    1.568057   -0.068057 (VIOLATED)
_27466_/S                               1.500000    1.567951   -0.067952 (VIOLATED)
_26906_/A1                              1.500000    1.567803   -0.067803 (VIOLATED)
_16103_/S                               1.500000    1.567686   -0.067686 (VIOLATED)
_24651_/C1                              1.500000    1.567031   -0.067031 (VIOLATED)
_27459_/S                               1.500000    1.566985   -0.066985 (VIOLATED)
_15103_/A1                              1.500000    1.566920   -0.066920 (VIOLATED)
_16096_/S                               1.500000    1.566774   -0.066774 (VIOLATED)
_18885_/A1                              1.500000    1.566588   -0.066588 (VIOLATED)
_27941_/A1                              1.500000    1.566569   -0.066569 (VIOLATED)
_27468_/S                               1.500000    1.566525   -0.066526 (VIOLATED)
_25875_/A1                              1.500000    1.566334   -0.066334 (VIOLATED)
_23012_/C1                              1.500000    1.566211   -0.066211 (VIOLATED)
_26680_/A0                              1.500000    1.566203   -0.066203 (VIOLATED)
_16099_/S                               1.500000    1.566144   -0.066144 (VIOLATED)
_16112_/S                               1.500000    1.565751   -0.065751 (VIOLATED)
_16086_/S                               1.500000    1.565715   -0.065715 (VIOLATED)
_16105_/S                               1.500000    1.565697   -0.065697 (VIOLATED)
_16087_/S                               1.500000    1.565659   -0.065659 (VIOLATED)
_16088_/S                               1.500000    1.565588   -0.065588 (VIOLATED)
_16098_/S                               1.500000    1.565498   -0.065499 (VIOLATED)
_27884_/A1                              1.500000    1.565424   -0.065424 (VIOLATED)
_16566_/A1                              1.500000    1.565286   -0.065286 (VIOLATED)
_17516_/A0                              1.500000    1.565279   -0.065279 (VIOLATED)
_16082_/S                               1.500000    1.565274   -0.065274 (VIOLATED)
_17483_/A0                              1.500000    1.565248   -0.065249 (VIOLATED)
_18805_/A0                              1.500000    1.565181   -0.065181 (VIOLATED)
_18446_/A1                              1.500000    1.565172   -0.065172 (VIOLATED)
_27472_/S                               1.500000    1.565170   -0.065170 (VIOLATED)
_16100_/S                               1.500000    1.565104   -0.065104 (VIOLATED)
_18325_/A0                              1.500000    1.565068   -0.065068 (VIOLATED)
_16107_/S                               1.500000    1.564878   -0.064878 (VIOLATED)
_16094_/S                               1.500000    1.564849   -0.064849 (VIOLATED)
_27476_/S                               1.500000    1.564834   -0.064835 (VIOLATED)
_27450_/S                               1.500000    1.564806   -0.064806 (VIOLATED)
_16090_/S                               1.500000    1.564773   -0.064773 (VIOLATED)
_27455_/S                               1.500000    1.564742   -0.064742 (VIOLATED)
_16097_/S                               1.500000    1.564639   -0.064639 (VIOLATED)
_27478_/S                               1.500000    1.564480   -0.064480 (VIOLATED)
_27473_/S                               1.500000    1.564378   -0.064378 (VIOLATED)
_16092_/S                               1.500000    1.564340   -0.064340 (VIOLATED)
_18918_/A1                              1.500000    1.564316   -0.064316 (VIOLATED)
_27467_/S                               1.500000    1.564097   -0.064097 (VIOLATED)
_25790_/A1                              1.500000    1.563627   -0.063627 (VIOLATED)
_27457_/S                               1.500000    1.563396   -0.063396 (VIOLATED)
_27475_/S                               1.500000    1.563286   -0.063286 (VIOLATED)
_25533_/A0                              1.500000    1.563199   -0.063199 (VIOLATED)
_19025_/A1                              1.500000    1.563181   -0.063181 (VIOLATED)
_25500_/A0                              1.500000    1.563094   -0.063094 (VIOLATED)
_25698_/A1                              1.500000    1.563088   -0.063088 (VIOLATED)
_27477_/S                               1.500000    1.562834   -0.062834 (VIOLATED)
_27816_/S                               1.500000    1.562801   -0.062801 (VIOLATED)
_27974_/A1                              1.500000    1.562776   -0.062776 (VIOLATED)
_15136_/A1                              1.500000    1.562753   -0.062753 (VIOLATED)
_27814_/S                               1.500000    1.562735   -0.062735 (VIOLATED)
_27815_/S                               1.500000    1.562580   -0.062580 (VIOLATED)
_27810_/Y                               1.495733    1.558311   -0.062578 (VIOLATED)
_19842_/C1                              1.500000    1.562518   -0.062518 (VIOLATED)
_27841_/S                               1.500000    1.562489   -0.062489 (VIOLATED)
_27474_/S                               1.500000    1.562464   -0.062464 (VIOLATED)
_27586_/A0                              1.500000    1.562459   -0.062459 (VIOLATED)
_19669_/C1                              1.500000    1.562338   -0.062338 (VIOLATED)
_18768_/A1                              1.500000    1.562218   -0.062218 (VIOLATED)
_27463_/S                               1.500000    1.562186   -0.062186 (VIOLATED)
_27834_/S                               1.500000    1.562078   -0.062078 (VIOLATED)
_24022_/C1                              1.500000    1.561935   -0.061935 (VIOLATED)
_25989_/A1                              1.500000    1.561772   -0.061772 (VIOLATED)
_27458_/S                               1.500000    1.561763   -0.061763 (VIOLATED)
_27830_/S                               1.500000    1.561695   -0.061695 (VIOLATED)
_27313_/S                               1.500000    1.561661   -0.061662 (VIOLATED)
_27306_/S                               1.500000    1.561631   -0.061631 (VIOLATED)
_27287_/S                               1.500000    1.561599   -0.061599 (VIOLATED)
_27286_/S                               1.500000    1.561550   -0.061550 (VIOLATED)
_27813_/S                               1.500000    1.561484   -0.061484 (VIOLATED)
_27010_/A1                              1.500000    1.561483   -0.061483 (VIOLATED)
_27839_/S                               1.500000    1.561455   -0.061455 (VIOLATED)
_27817_/S                               1.500000    1.561453   -0.061453 (VIOLATED)
_27829_/S                               1.500000    1.561435   -0.061436 (VIOLATED)
_27288_/S                               1.500000    1.561432   -0.061432 (VIOLATED)
_27831_/S                               1.500000    1.561424   -0.061424 (VIOLATED)
_27838_/S                               1.500000    1.561410   -0.061410 (VIOLATED)
_27822_/S                               1.500000    1.561288   -0.061288 (VIOLATED)
_27299_/S                               1.500000    1.561265   -0.061265 (VIOLATED)
_20190_/C1                              1.500000    1.561264   -0.061264 (VIOLATED)
_27301_/S                               1.500000    1.561234   -0.061234 (VIOLATED)
_27835_/S                               1.500000    1.561213   -0.061213 (VIOLATED)
_27836_/S                               1.500000    1.561187   -0.061187 (VIOLATED)
_27289_/S                               1.500000    1.561148   -0.061148 (VIOLATED)
_27818_/S                               1.500000    1.561000   -0.061000 (VIOLATED)
_27820_/S                               1.500000    1.560992   -0.060993 (VIOLATED)
_27303_/S                               1.500000    1.560964   -0.060964 (VIOLATED)
_27837_/S                               1.500000    1.560782   -0.060782 (VIOLATED)
_27983_/A1                              1.500000    1.560673   -0.060673 (VIOLATED)
_26845_/A1                              1.500000    1.560660   -0.060660 (VIOLATED)
_27294_/S                               1.500000    1.560578   -0.060578 (VIOLATED)
_27840_/S                               1.500000    1.560490   -0.060490 (VIOLATED)
_27282_/Y                               1.495733    1.556179   -0.060446 (VIOLATED)
_14694_/A0                              1.500000    1.560372   -0.060372 (VIOLATED)
_27461_/S                               1.500000    1.560301   -0.060301 (VIOLATED)
_15649_/S                               1.500000    1.560238   -0.060238 (VIOLATED)
_27824_/S                               1.500000    1.560202   -0.060202 (VIOLATED)
_15631_/S                               1.500000    1.560200   -0.060200 (VIOLATED)
_15647_/S                               1.500000    1.560171   -0.060171 (VIOLATED)
_27307_/S                               1.500000    1.560161   -0.060161 (VIOLATED)
_27447_/Y                               1.495733    1.555890   -0.060157 (VIOLATED)
_26873_/A1                              1.500000    1.560138   -0.060138 (VIOLATED)
_15644_/S                               1.500000    1.560108   -0.060108 (VIOLATED)
_15629_/S                               1.500000    1.559971   -0.059971 (VIOLATED)
_23536_/C1                              1.500000    1.559847   -0.059847 (VIOLATED)
_15640_/S                               1.500000    1.559692   -0.059692 (VIOLATED)
_27832_/S                               1.500000    1.559661   -0.059662 (VIOLATED)
_25994_/A1                              1.500000    1.559648   -0.059648 (VIOLATED)
_26609_/A0                              1.500000    1.559618   -0.059618 (VIOLATED)
_26642_/A1                              1.500000    1.559592   -0.059592 (VIOLATED)
_25962_/A1                              1.500000    1.559575   -0.059575 (VIOLATED)
_24370_/C1                              1.500000    1.559511   -0.059512 (VIOLATED)
_23151_/C1                              1.500000    1.559438   -0.059438 (VIOLATED)
_26576_/A0                              1.500000    1.559403   -0.059403 (VIOLATED)
_27312_/S                               1.500000    1.559401   -0.059401 (VIOLATED)
_15639_/S                               1.500000    1.559363   -0.059363 (VIOLATED)
_19100_/A1                              1.500000    1.559303   -0.059303 (VIOLATED)
_27842_/S                               1.500000    1.559300   -0.059300 (VIOLATED)
_27798_/A1                              1.500000    1.559066   -0.059066 (VIOLATED)
_27828_/S                               1.500000    1.559031   -0.059031 (VIOLATED)
_26543_/A0                              1.500000    1.558982   -0.058983 (VIOLATED)
_22282_/C1                              1.500000    1.558965   -0.058965 (VIOLATED)
_20015_/C1                              1.500000    1.558915   -0.058915 (VIOLATED)
_15648_/S                               1.500000    1.558885   -0.058885 (VIOLATED)
_15141_/S                               1.500000    1.558785   -0.058785 (VIOLATED)
_15650_/S                               1.500000    1.558732   -0.058732 (VIOLATED)
_15131_/S                               1.500000    1.558721   -0.058721 (VIOLATED)
_15149_/S                               1.500000    1.558698   -0.058698 (VIOLATED)
_27298_/S                               1.500000    1.558672   -0.058672 (VIOLATED)
_15153_/S                               1.500000    1.558632   -0.058632 (VIOLATED)
_27821_/S                               1.500000    1.558561   -0.058561 (VIOLATED)
_15142_/S                               1.500000    1.558534   -0.058534 (VIOLATED)
_21932_/C1                              1.500000    1.558515   -0.058515 (VIOLATED)
_27827_/S                               1.500000    1.558508   -0.058508 (VIOLATED)
_27825_/S                               1.500000    1.558506   -0.058506 (VIOLATED)
_27826_/S                               1.500000    1.558503   -0.058503 (VIOLATED)
_27811_/S                               1.500000    1.558498   -0.058498 (VIOLATED)
_27908_/A1                              1.500000    1.558492   -0.058492 (VIOLATED)
_27833_/S                               1.500000    1.558426   -0.058427 (VIOLATED)
_27812_/S                               1.500000    1.558396   -0.058396 (VIOLATED)
_27823_/S                               1.500000    1.558388   -0.058388 (VIOLATED)
_15624_/S                               1.500000    1.558386   -0.058386 (VIOLATED)
_27819_/S                               1.500000    1.558382   -0.058382 (VIOLATED)
_15146_/S                               1.500000    1.558361   -0.058361 (VIOLATED)
_27311_/S                               1.500000    1.558339   -0.058339 (VIOLATED)
_27285_/S                               1.500000    1.558324   -0.058325 (VIOLATED)
_27309_/S                               1.500000    1.558069   -0.058069 (VIOLATED)
_15643_/S                               1.500000    1.558040   -0.058040 (VIOLATED)
_26779_/A1                              1.500000    1.558030   -0.058031 (VIOLATED)
_26746_/A1                              1.500000    1.557999   -0.057999 (VIOLATED)
_27290_/S                               1.500000    1.557996   -0.057996 (VIOLATED)
_15151_/S                               1.500000    1.557991   -0.057991 (VIOLATED)
_15619_/Y                               1.495733    1.553661   -0.057928 (VIOLATED)
_27875_/A0                              1.500000    1.557768   -0.057768 (VIOLATED)
_27456_/S                               1.500000    1.557748   -0.057748 (VIOLATED)
_26878_/A1                              1.500000    1.557738   -0.057738 (VIOLATED)
_27465_/S                               1.500000    1.557737   -0.057737 (VIOLATED)
_27308_/S                               1.500000    1.557722   -0.057722 (VIOLATED)
_27302_/S                               1.500000    1.557710   -0.057710 (VIOLATED)
_15129_/S                               1.500000    1.557670   -0.057670 (VIOLATED)
_15626_/S                               1.500000    1.557664   -0.057664 (VIOLATED)
_27469_/S                               1.500000    1.557639   -0.057639 (VIOLATED)
_26911_/A1                              1.500000    1.557600   -0.057600 (VIOLATED)
_26207_/A0                              1.500000    1.557599   -0.057599 (VIOLATED)
_27448_/S                               1.500000    1.557590   -0.057590 (VIOLATED)
_27462_/S                               1.500000    1.557584   -0.057584 (VIOLATED)
_26141_/A0                              1.500000    1.557566   -0.057566 (VIOLATED)
_26174_/A0                              1.500000    1.557526   -0.057526 (VIOLATED)
_27470_/S                               1.500000    1.557499   -0.057499 (VIOLATED)
_26240_/A1                              1.500000    1.557461   -0.057461 (VIOLATED)
_27310_/S                               1.500000    1.557437   -0.057437 (VIOLATED)
_19703_/C1                              1.500000    1.557413   -0.057413 (VIOLATED)
_15623_/S                               1.500000    1.557363   -0.057363 (VIOLATED)
_27296_/S                               1.500000    1.557235   -0.057235 (VIOLATED)
_15133_/S                               1.500000    1.557229   -0.057229 (VIOLATED)
_27292_/S                               1.500000    1.557227   -0.057227 (VIOLATED)
_15646_/S                               1.500000    1.557197   -0.057197 (VIOLATED)
_26108_/A1                              1.500000    1.557170   -0.057170 (VIOLATED)
_15622_/S                               1.500000    1.557167   -0.057167 (VIOLATED)
_15641_/S                               1.500000    1.557100   -0.057100 (VIOLATED)
_18607_/A0                              1.500000    1.557040   -0.057040 (VIOLATED)
_27284_/S                               1.500000    1.556917   -0.056917 (VIOLATED)
_25957_/A1                              1.500000    1.556904   -0.056904 (VIOLATED)
_19357_/C1                              1.500000    1.556870   -0.056870 (VIOLATED)
_15625_/S                               1.500000    1.556838   -0.056838 (VIOLATED)
_23258_/C1                              1.500000    1.556789   -0.056789 (VIOLATED)
_15634_/S                               1.500000    1.556766   -0.056766 (VIOLATED)
_17920_/A1                              1.500000    1.556766   -0.056766 (VIOLATED)
_25924_/A1                              1.500000    1.556738   -0.056739 (VIOLATED)
_27479_/S                               1.500000    1.556710   -0.056710 (VIOLATED)
_17261_/A1                              1.500000    1.556677   -0.056677 (VIOLATED)
_25401_/A0                              1.500000    1.556661   -0.056661 (VIOLATED)
_26009_/A0                              1.500000    1.556632   -0.056632 (VIOLATED)
_26060_/A0                              1.500000    1.556600   -0.056600 (VIOLATED)
_26390_/A1                              1.500000    1.556597   -0.056597 (VIOLATED)
_27295_/S                               1.500000    1.556564   -0.056564 (VIOLATED)
_17404_/A0                              1.500000    1.556560   -0.056560 (VIOLATED)
_20297_/C1                              1.500000    1.556551   -0.056551 (VIOLATED)
_16212_/A0                              1.500000    1.556547   -0.056547 (VIOLATED)
_28173_/Y                               1.495733    1.552276   -0.056543 (VIOLATED)
_27293_/S                               1.500000    1.556509   -0.056509 (VIOLATED)
_22039_/C1                              1.500000    1.556505   -0.056505 (VIOLATED)
_15636_/S                               1.500000    1.556501   -0.056501 (VIOLATED)
_27300_/S                               1.500000    1.556486   -0.056486 (VIOLATED)
_27291_/S                               1.500000    1.556476   -0.056476 (VIOLATED)
_15620_/S                               1.500000    1.556456   -0.056456 (VIOLATED)
_27304_/S                               1.500000    1.556449   -0.056449 (VIOLATED)
_25731_/A1                              1.500000    1.556431   -0.056432 (VIOLATED)
_27297_/S                               1.500000    1.556417   -0.056417 (VIOLATED)
_27050_/A1                              1.500000    1.556412   -0.056412 (VIOLATED)
_27283_/S                               1.500000    1.556401   -0.056401 (VIOLATED)
_27305_/S                               1.500000    1.556388   -0.056388 (VIOLATED)
_17558_/A1                              1.500000    1.556380   -0.056380 (VIOLATED)
_26720_/A1                              1.500000    1.556375   -0.056375 (VIOLATED)
_27314_/S                               1.500000    1.556299   -0.056299 (VIOLATED)
_15627_/S                               1.500000    1.556273   -0.056273 (VIOLATED)
_15651_/S                               1.500000    1.556269   -0.056269 (VIOLATED)
_26812_/A0                              1.500000    1.556258   -0.056258 (VIOLATED)
_22630_/C1                              1.500000    1.556147   -0.056148 (VIOLATED)
_28073_/A1                              1.500000    1.556093   -0.056093 (VIOLATED)
_15135_/S                               1.500000    1.556057   -0.056057 (VIOLATED)
_15633_/S                               1.500000    1.556057   -0.056057 (VIOLATED)
_27460_/S                               1.500000    1.556020   -0.056020 (VIOLATED)
_16845_/A0                              1.500000    1.555974   -0.055974 (VIOLATED)
_15642_/S                               1.500000    1.555940   -0.055940 (VIOLATED)
_27449_/S                               1.500000    1.555928   -0.055928 (VIOLATED)
_20122_/C1                              1.500000    1.555887   -0.055887 (VIOLATED)
_18032_/A0                              1.500000    1.555873   -0.055873 (VIOLATED)
_17008_/A0                              1.500000    1.555861   -0.055861 (VIOLATED)
_18098_/A1                              1.500000    1.555843   -0.055844 (VIOLATED)
_16348_/A0                              1.500000    1.555835   -0.055835 (VIOLATED)
_16779_/A1                              1.500000    1.555770   -0.055770 (VIOLATED)
_28181_/S                               1.500000    1.555765   -0.055766 (VIOLATED)
_28203_/S                               1.500000    1.555765   -0.055765 (VIOLATED)
_18974_/A0                              1.500000    1.555762   -0.055762 (VIOLATED)
_15621_/S                               1.500000    1.555747   -0.055747 (VIOLATED)
_15148_/S                               1.500000    1.555699   -0.055699 (VIOLATED)
_28185_/S                               1.500000    1.555687   -0.055687 (VIOLATED)
_28187_/S                               1.500000    1.555550   -0.055550 (VIOLATED)
_15637_/S                               1.500000    1.555538   -0.055538 (VIOLATED)
_24708_/A0                              1.500000    1.555464   -0.055464 (VIOLATED)
_17010_/A0                              1.500000    1.555429   -0.055429 (VIOLATED)
_28198_/S                               1.500000    1.555412   -0.055412 (VIOLATED)
_15121_/Y                               1.495733    1.551111   -0.055378 (VIOLATED)
_25955_/A1                              1.500000    1.555253   -0.055253 (VIOLATED)
_25987_/A1                              1.500000    1.555217   -0.055217 (VIOLATED)
_26273_/A0                              1.500000    1.555194   -0.055195 (VIOLATED)
_26972_/A1                              1.500000    1.555183   -0.055183 (VIOLATED)
_28205_/S                               1.500000    1.555145   -0.055145 (VIOLATED)
_17997_/A0                              1.500000    1.555106   -0.055106 (VIOLATED)
_18065_/A0                              1.500000    1.555100   -0.055100 (VIOLATED)
_22840_/C1                              1.500000    1.555079   -0.055079 (VIOLATED)
_18197_/A0                              1.500000    1.555055   -0.055055 (VIOLATED)
_16942_/A0                              1.500000    1.555047   -0.055047 (VIOLATED)
_28106_/A1                              1.500000    1.554984   -0.054984 (VIOLATED)
_25922_/A1                              1.500000    1.554968   -0.054968 (VIOLATED)
_17239_/A1                              1.500000    1.554958   -0.054958 (VIOLATED)
_28193_/S                               1.500000    1.554942   -0.054942 (VIOLATED)
_28183_/S                               1.500000    1.554917   -0.054917 (VIOLATED)
_20472_/C1                              1.500000    1.554891   -0.054891 (VIOLATED)
_26939_/A1                              1.500000    1.554887   -0.054887 (VIOLATED)
_28201_/S                               1.500000    1.554880   -0.054880 (VIOLATED)
_28194_/S                               1.500000    1.554824   -0.054824 (VIOLATED)
_15124_/S                               1.500000    1.554801   -0.054801 (VIOLATED)
_18941_/A1                              1.500000    1.554762   -0.054762 (VIOLATED)
_26306_/A0                              1.500000    1.554716   -0.054716 (VIOLATED)
_28202_/S                               1.500000    1.554715   -0.054715 (VIOLATED)
_26075_/A0                              1.500000    1.554715   -0.054715 (VIOLATED)
_27619_/A0                              1.500000    1.554713   -0.054713 (VIOLATED)
_26339_/A0                              1.500000    1.554592   -0.054592 (VIOLATED)
_27005_/A1                              1.500000    1.554565   -0.054565 (VIOLATED)
_18880_/A1                              1.500000    1.554559   -0.054559 (VIOLATED)
_15628_/S                               1.500000    1.554487   -0.054487 (VIOLATED)
_16315_/A1                              1.500000    1.554340   -0.054340 (VIOLATED)
_25830_/A1                              1.500000    1.554329   -0.054329 (VIOLATED)
_15143_/S                               1.500000    1.554238   -0.054238 (VIOLATED)
_15638_/S                               1.500000    1.554161   -0.054161 (VIOLATED)
_28200_/S                               1.500000    1.554156   -0.054156 (VIOLATED)
_15645_/S                               1.500000    1.554144   -0.054144 (VIOLATED)
_28196_/S                               1.500000    1.554143   -0.054143 (VIOLATED)
_28204_/S                               1.500000    1.554136   -0.054136 (VIOLATED)
_15635_/S                               1.500000    1.554106   -0.054106 (VIOLATED)
_28176_/S                               1.500000    1.554096   -0.054096 (VIOLATED)
_15632_/S                               1.500000    1.554053   -0.054053 (VIOLATED)
_16248_/A1                              1.500000    1.554024   -0.054024 (VIOLATED)
_28178_/S                               1.500000    1.553976   -0.053976 (VIOLATED)
_15630_/S                               1.500000    1.553970   -0.053970 (VIOLATED)
_16215_/A1                              1.500000    1.553942   -0.053942 (VIOLATED)
_28177_/S                               1.500000    1.553886   -0.053886 (VIOLATED)
_16533_/A1                              1.500000    1.553853   -0.053853 (VIOLATED)
_15144_/S                               1.500000    1.553801   -0.053801 (VIOLATED)
_15123_/S                               1.500000    1.553777   -0.053778 (VIOLATED)
_19949_/C1                              1.500000    1.553737   -0.053737 (VIOLATED)
_25051_/A1                              1.500000    1.553668   -0.053668 (VIOLATED)
_26807_/A0                              1.500000    1.553653   -0.053653 (VIOLATED)
_18913_/A1                              1.500000    1.553650   -0.053650 (VIOLATED)
_26504_/A1                              1.500000    1.553647   -0.053647 (VIOLATED)
_14329_/A0                              1.500000    1.553622   -0.053622 (VIOLATED)
_28197_/S                               1.500000    1.553437   -0.053437 (VIOLATED)
_26675_/A0                              1.500000    1.553372   -0.053372 (VIOLATED)
_25005_/A0                              1.500000    1.553283   -0.053283 (VIOLATED)
_15136_/S                               1.500000    1.553246   -0.053246 (VIOLATED)
_18874_/A1                              1.500000    1.553236   -0.053236 (VIOLATED)
_26999_/A1                              1.500000    1.553227   -0.053227 (VIOLATED)
_28189_/S                               1.500000    1.553207   -0.053207 (VIOLATED)
_28186_/S                               1.500000    1.553182   -0.053182 (VIOLATED)
_28182_/S                               1.500000    1.553156   -0.053156 (VIOLATED)
_28199_/S                               1.500000    1.553120   -0.053120 (VIOLATED)
_28191_/S                               1.500000    1.553084   -0.053084 (VIOLATED)
_28175_/S                               1.500000    1.553076   -0.053076 (VIOLATED)
_28195_/S                               1.500000    1.553054   -0.053054 (VIOLATED)
_28180_/S                               1.500000    1.553024   -0.053024 (VIOLATED)
_26933_/A1                              1.500000    1.553013   -0.053013 (VIOLATED)
_28188_/S                               1.500000    1.552910   -0.052910 (VIOLATED)
_25891_/A1                              1.500000    1.552812   -0.052812 (VIOLATED)
_28190_/S                               1.500000    1.552807   -0.052807 (VIOLATED)
_19603_/C1                              1.500000    1.552802   -0.052802 (VIOLATED)
_28179_/S                               1.500000    1.552798   -0.052798 (VIOLATED)
_15139_/S                               1.500000    1.552654   -0.052654 (VIOLATED)
_16481_/A0                              1.500000    1.552649   -0.052649 (VIOLATED)
_28174_/S                               1.500000    1.552625   -0.052625 (VIOLATED)
_28192_/S                               1.500000    1.552622   -0.052622 (VIOLATED)
_26966_/A1                              1.500000    1.552585   -0.052585 (VIOLATED)
_28184_/S                               1.500000    1.552495   -0.052495 (VIOLATED)
_26471_/A1                              1.500000    1.552452   -0.052452 (VIOLATED)
_15122_/S                               1.500000    1.552432   -0.052432 (VIOLATED)
_21063_/C1                              1.500000    1.552358   -0.052358 (VIOLATED)
_26405_/A0                              1.500000    1.552323   -0.052323 (VIOLATED)
_15147_/S                               1.500000    1.552250   -0.052250 (VIOLATED)
_15150_/S                               1.500000    1.551996   -0.051997 (VIOLATED)
_18360_/A0                              1.500000    1.551983   -0.051983 (VIOLATED)
_16614_/A0                              1.500000    1.551978   -0.051978 (VIOLATED)
_17604_/A1                              1.500000    1.551975   -0.051975 (VIOLATED)
_15152_/S                               1.500000    1.551965   -0.051965 (VIOLATED)
_26438_/A1                              1.500000    1.551959   -0.051959 (VIOLATED)
_15126_/S                               1.500000    1.551938   -0.051938 (VIOLATED)
_15145_/S                               1.500000    1.551909   -0.051909 (VIOLATED)
_26570_/A0                              1.500000    1.551859   -0.051859 (VIOLATED)
_15125_/S                               1.500000    1.551822   -0.051822 (VIOLATED)
_15127_/S                               1.500000    1.551766   -0.051766 (VIOLATED)
_16769_/A1                              1.500000    1.551738   -0.051738 (VIOLATED)
_17571_/A0                              1.500000    1.551637   -0.051637 (VIOLATED)
_15137_/S                               1.500000    1.551613   -0.051613 (VIOLATED)
_15134_/S                               1.500000    1.551579   -0.051579 (VIOLATED)
_17953_/A0                              1.500000    1.551579   -0.051579 (VIOLATED)
_16554_/A1                              1.500000    1.551468   -0.051468 (VIOLATED)
_15128_/S                               1.500000    1.551466   -0.051466 (VIOLATED)
_15138_/S                               1.500000    1.551448   -0.051448 (VIOLATED)
_15130_/S                               1.500000    1.551374   -0.051374 (VIOLATED)
_15132_/S                               1.500000    1.551362   -0.051362 (VIOLATED)
_15140_/S                               1.500000    1.551156   -0.051156 (VIOLATED)
_26603_/A0                              1.500000    1.551013   -0.051013 (VIOLATED)
_24477_/C1                              1.500000    1.550884   -0.050884 (VIOLATED)
_27247_/S                               1.500000    1.550157   -0.050157 (VIOLATED)
_27240_/S                               1.500000    1.550114   -0.050114 (VIOLATED)
_14729_/A1                              1.500000    1.550109   -0.050109 (VIOLATED)
_27221_/S                               1.500000    1.550064   -0.050064 (VIOLATED)
_17769_/A0                              1.500000    1.549991   -0.049991 (VIOLATED)
_27220_/S                               1.500000    1.549976   -0.049976 (VIOLATED)
_27222_/S                               1.500000    1.549860   -0.049860 (VIOLATED)
_17129_/A0                              1.500000    1.549746   -0.049746 (VIOLATED)
_27235_/S                               1.500000    1.549698   -0.049698 (VIOLATED)
_27233_/S                               1.500000    1.549674   -0.049674 (VIOLATED)
_25929_/A1                              1.500000    1.549542   -0.049542 (VIOLATED)
_27223_/S                               1.500000    1.549526   -0.049526 (VIOLATED)
_25896_/A1                              1.500000    1.549525   -0.049525 (VIOLATED)
_26774_/A1                              1.500000    1.549351   -0.049351 (VIOLATED)
_22455_/C1                              1.500000    1.549280   -0.049280 (VIOLATED)
_27216_/Y                               1.495733    1.544809   -0.049076 (VIOLATED)
_26537_/A0                              1.500000    1.548979   -0.048979 (VIOLATED)
_16302_/A1                              1.500000    1.548974   -0.048974 (VIOLATED)
_16670_/A1                              1.500000    1.548836   -0.048836 (VIOLATED)
_22737_/C1                              1.500000    1.548707   -0.048707 (VIOLATED)
_26636_/A1                              1.500000    1.548679   -0.048679 (VIOLATED)
_27237_/S                               1.500000    1.548534   -0.048534 (VIOLATED)
_26900_/A1                              1.500000    1.548433   -0.048433 (VIOLATED)
_18175_/A1                              1.500000    1.548403   -0.048403 (VIOLATED)
_25889_/A1                              1.500000    1.548349   -0.048349 (VIOLATED)
_18307_/A0                              1.500000    1.548187   -0.048187 (VIOLATED)
_27228_/S                               1.500000    1.548157   -0.048157 (VIOLATED)
_17648_/A0                              1.500000    1.547965   -0.047965 (VIOLATED)
_24129_/C1                              1.500000    1.547874   -0.047874 (VIOLATED)
_27241_/S                               1.500000    1.547788   -0.047788 (VIOLATED)
_17623_/A1                              1.500000    1.547563   -0.047563 (VIOLATED)
_17788_/A0                              1.500000    1.547529   -0.047529 (VIOLATED)
_27246_/S                               1.500000    1.547402   -0.047402 (VIOLATED)
_16633_/A0                              1.500000    1.547351   -0.047351 (VIOLATED)
_25281_/A1                              1.500000    1.547327   -0.047327 (VIOLATED)
_16500_/A0                              1.500000    1.547207   -0.047208 (VIOLATED)
_17109_/A0                              1.500000    1.547163   -0.047163 (VIOLATED)
_27232_/S                               1.500000    1.547065   -0.047065 (VIOLATED)
_17590_/A0                              1.500000    1.547055   -0.047055 (VIOLATED)
_16234_/A1                              1.500000    1.547010   -0.047011 (VIOLATED)
_26801_/A0                              1.500000    1.546980   -0.046980 (VIOLATED)
_27243_/S                               1.500000    1.546969   -0.046969 (VIOLATED)
_21270_/C1                              1.500000    1.546960   -0.046960 (VIOLATED)
_23956_/C1                              1.500000    1.546884   -0.046884 (VIOLATED)
_16334_/A1                              1.500000    1.546876   -0.046876 (VIOLATED)
_17162_/A0                              1.500000    1.546856   -0.046856 (VIOLATED)
_27227_/S                               1.500000    1.546695   -0.046695 (VIOLATED)
_19038_/A1                              1.500000    1.546647   -0.046647 (VIOLATED)
_27225_/S                               1.500000    1.546331   -0.046331 (VIOLATED)
_27245_/S                               1.500000    1.546264   -0.046264 (VIOLATED)
_27219_/S                               1.500000    1.546237   -0.046237 (VIOLATED)
_16698_/A1                              1.500000    1.546167   -0.046167 (VIOLATED)
_27234_/S                               1.500000    1.546069   -0.046069 (VIOLATED)
_16267_/A1                              1.500000    1.546013   -0.046013 (VIOLATED)
_26867_/A1                              1.500000    1.546005   -0.046005 (VIOLATED)
_27224_/S                               1.500000    1.545884   -0.045884 (VIOLATED)
_27238_/S                               1.500000    1.545802   -0.045802 (VIOLATED)
_18792_/A1                              1.500000    1.545693   -0.045693 (VIOLATED)
_27236_/S                               1.500000    1.545636   -0.045636 (VIOLATED)
_27242_/S                               1.500000    1.545636   -0.045636 (VIOLATED)
_27244_/S                               1.500000    1.545591   -0.045591 (VIOLATED)
_27231_/S                               1.500000    1.545526   -0.045526 (VIOLATED)
_27226_/S                               1.500000    1.545427   -0.045427 (VIOLATED)
_15573_/S                               1.500000    1.545416   -0.045416 (VIOLATED)
_15574_/S                               1.500000    1.545368   -0.045368 (VIOLATED)
_27217_/S                               1.500000    1.545339   -0.045339 (VIOLATED)
_15563_/S                               1.500000    1.545320   -0.045320 (VIOLATED)
_27239_/S                               1.500000    1.545279   -0.045279 (VIOLATED)
_27230_/S                               1.500000    1.545233   -0.045233 (VIOLATED)
_27218_/S                               1.500000    1.545220   -0.045220 (VIOLATED)
_15578_/S                               1.500000    1.545206   -0.045206 (VIOLATED)
_27229_/S                               1.500000    1.545168   -0.045168 (VIOLATED)
_15581_/S                               1.500000    1.545159   -0.045159 (VIOLATED)
_27248_/S                               1.500000    1.545029   -0.045029 (VIOLATED)
_26741_/A1                              1.500000    1.544931   -0.044931 (VIOLATED)
_15565_/S                               1.500000    1.544920   -0.044920 (VIOLATED)
_15583_/S                               1.500000    1.544852   -0.044852 (VIOLATED)
_15561_/S                               1.500000    1.544655   -0.044655 (VIOLATED)
_16282_/A1                              1.500000    1.544584   -0.044584 (VIOLATED)
_15585_/S                               1.500000    1.544206   -0.044206 (VIOLATED)
_17195_/A0                              1.500000    1.543952   -0.043952 (VIOLATED)
_28007_/A1                              1.500000    1.543919   -0.043919 (VIOLATED)
_26834_/A1                              1.500000    1.543664   -0.043664 (VIOLATED)
_18748_/A1                              1.500000    1.543511   -0.043511 (VIOLATED)
_15567_/S                               1.500000    1.543416   -0.043416 (VIOLATED)
_15582_/S                               1.500000    1.543370   -0.043370 (VIOLATED)
_15553_/Y                               1.495733    1.539094   -0.043361 (VIOLATED)
_15584_/S                               1.500000    1.543347   -0.043347 (VIOLATED)
_15556_/S                               1.500000    1.543203   -0.043203 (VIOLATED)
_23326_/C1                              1.500000    1.543183   -0.043183 (VIOLATED)
_26735_/A1                              1.500000    1.543179   -0.043179 (VIOLATED)
_15575_/S                               1.500000    1.543115   -0.043116 (VIOLATED)
_15580_/S                               1.500000    1.542977   -0.042977 (VIOLATED)
_20820_/C1                              1.500000    1.542942   -0.042942 (VIOLATED)
_18907_/A1                              1.500000    1.542844   -0.042844 (VIOLATED)
_20365_/C1                              1.500000    1.542673   -0.042673 (VIOLATED)
_15576_/S                               1.500000    1.542561   -0.042561 (VIOLATED)
_25825_/A1                              1.500000    1.542187   -0.042187 (VIOLATED)
_15555_/S                               1.500000    1.541902   -0.041902 (VIOLATED)
_18561_/A1                              1.500000    1.541844   -0.041844 (VIOLATED)
_25858_/A1                              1.500000    1.541718   -0.041718 (VIOLATED)
_25792_/A1                              1.500000    1.541561   -0.041561 (VIOLATED)
_20713_/C1                              1.500000    1.541502   -0.041502 (VIOLATED)
_17128_/A0                              1.500000    1.541494   -0.041495 (VIOLATED)
_17919_/A1                              1.500000    1.541463   -0.041463 (VIOLATED)
_17952_/A0                              1.500000    1.541399   -0.041399 (VIOLATED)
_15558_/S                               1.500000    1.541272   -0.041272 (VIOLATED)
_15577_/S                               1.500000    1.541247   -0.041247 (VIOLATED)
_15560_/S                               1.500000    1.541184   -0.041184 (VIOLATED)
_15557_/S                               1.500000    1.541174   -0.041174 (VIOLATED)
_15559_/S                               1.500000    1.541039   -0.041039 (VIOLATED)
_17557_/A1                              1.500000    1.540977   -0.040977 (VIOLATED)
_15568_/S                               1.500000    1.540974   -0.040974 (VIOLATED)
_25759_/A0                              1.500000    1.540923   -0.040923 (VIOLATED)
_17260_/A1                              1.500000    1.540865   -0.040865 (VIOLATED)
load_slew243/A                          1.500000    1.540767   -0.040767 (VIOLATED)
_15570_/S                               1.500000    1.540744   -0.040744 (VIOLATED)
_17161_/A0                              1.500000    1.540678   -0.040678 (VIOLATED)
_17175_/A0                              1.500000    1.540660   -0.040660 (VIOLATED)
_15571_/S                               1.500000    1.540583   -0.040583 (VIOLATED)
_16301_/A1                              1.500000    1.540577   -0.040577 (VIOLATED)
_15554_/S                               1.500000    1.540538   -0.040538 (VIOLATED)
_21618_/C1                              1.500000    1.540422   -0.040422 (VIOLATED)
_14622_/A0                              1.500000    1.540419   -0.040419 (VIOLATED)
_17142_/A0                              1.500000    1.540224   -0.040224 (VIOLATED)
_26669_/A0                              1.500000    1.540081   -0.040081 (VIOLATED)
_25863_/A1                              1.500000    1.540054   -0.040054 (VIOLATED)
_23433_/C1                              1.500000    1.539837   -0.039837 (VIOLATED)
_27718_/A0                              1.500000    1.539830   -0.039830 (VIOLATED)
_25215_/A0                              1.500000    1.539824   -0.039824 (VIOLATED)
_25248_/A1                              1.500000    1.539691   -0.039691 (VIOLATED)
_27751_/A1                              1.500000    1.539649   -0.039649 (VIOLATED)
_25314_/A1                              1.500000    1.539630   -0.039630 (VIOLATED)
_15562_/S                               1.500000    1.539590   -0.039590 (VIOLATED)
_23849_/C1                              1.500000    1.539441   -0.039441 (VIOLATED)
_15572_/S                               1.500000    1.539280   -0.039280 (VIOLATED)
_15579_/S                               1.500000    1.539265   -0.039265 (VIOLATED)
_15569_/S                               1.500000    1.539233   -0.039234 (VIOLATED)
_15566_/S                               1.500000    1.539213   -0.039213 (VIOLATED)
_15564_/S                               1.500000    1.539183   -0.039183 (VIOLATED)
_18649_/A0                              1.500000    1.539057   -0.039057 (VIOLATED)
_17194_/A0                              1.500000    1.538360   -0.038360 (VIOLATED)
_27327_/A0                              1.500000    1.538305   -0.038305 (VIOLATED)
_17538_/A1                              1.500000    1.538231   -0.038231 (VIOLATED)
_26768_/A1                              1.500000    1.537908   -0.037908 (VIOLATED)
_16835_/A1                              1.500000    1.537737   -0.037738 (VIOLATED)
_16967_/A1                              1.500000    1.537675   -0.037676 (VIOLATED)
_16901_/A0                              1.500000    1.537516   -0.037516 (VIOLATED)
_27831_/A1                              1.500000    1.537262   -0.037263 (VIOLATED)
_18705_/A1                              1.500000    1.537243   -0.037243 (VIOLATED)
_27732_/A0                              1.500000    1.537169   -0.037169 (VIOLATED)
_18759_/A1                              1.500000    1.537008   -0.037009 (VIOLATED)
_27765_/A1                              1.500000    1.536902   -0.036902 (VIOLATED)
_27600_/A0                              1.500000    1.536585   -0.036585 (VIOLATED)
_22926_/B1                              1.500000    1.536304   -0.036304 (VIOLATED)
_21357_/B1                              1.500000    1.536276   -0.036276 (VIOLATED)
_27426_/A1                              1.500000    1.536265   -0.036265 (VIOLATED)
_18373_/A0                              1.500000    1.536198   -0.036198 (VIOLATED)
_27633_/A0                              1.500000    1.536173   -0.036174 (VIOLATED)
_17900_/A1                              1.500000    1.536122   -0.036122 (VIOLATED)
_27842_/A1                              1.500000    1.535890   -0.035891 (VIOLATED)
_27666_/A0                              1.500000    1.535889   -0.035889 (VIOLATED)
_17241_/A1                              1.500000    1.535838   -0.035838 (VIOLATED)
_22228_/B1                              1.500000    1.535594   -0.035594 (VIOLATED)
_20661_/B1                              1.500000    1.535393   -0.035393 (VIOLATED)
_14316_/A0                              1.500000    1.534979   -0.034979 (VIOLATED)
_25446_/A1                              1.500000    1.534969   -0.034969 (VIOLATED)
_23622_/B1                              1.500000    1.534907   -0.034907 (VIOLATED)
_14955_/A1                              1.500000    1.534849   -0.034849 (VIOLATED)
_24992_/A0                              1.500000    1.534836   -0.034836 (VIOLATED)
_24695_/A0                              1.500000    1.534821   -0.034821 (VIOLATED)
_17294_/A1                              1.500000    1.534784   -0.034784 (VIOLATED)
_25413_/A1                              1.500000    1.534759   -0.034759 (VIOLATED)
_18347_/A0                              1.500000    1.534697   -0.034697 (VIOLATED)
_21346_/B1                              1.500000    1.534629   -0.034629 (VIOLATED)
_23611_/B1                              1.500000    1.534576   -0.034576 (VIOLATED)
_16929_/A0                              1.500000    1.534568   -0.034568 (VIOLATED)
_17226_/A1                              1.500000    1.534554   -0.034554 (VIOLATED)
_16995_/A0                              1.500000    1.534519   -0.034519 (VIOLATED)
_17984_/A0                              1.500000    1.534302   -0.034302 (VIOLATED)
_24829_/A1                              1.500000    1.534217   -0.034217 (VIOLATED)
_21869_/B1                              1.500000    1.534152   -0.034152 (VIOLATED)
_14716_/A1                              1.500000    1.533959   -0.033959 (VIOLATED)
_18248_/A1                              1.500000    1.533940   -0.033940 (VIOLATED)
_21009_/B1                              1.500000    1.533868   -0.033868 (VIOLATED)
_16199_/A0                              1.500000    1.533835   -0.033835 (VIOLATED)
_15486_/Y                               1.495733    1.529552   -0.033819 (VIOLATED)
_18413_/A1                              1.500000    1.533810   -0.033811 (VIOLATED)
_17391_/A0                              1.500000    1.533804   -0.033804 (VIOLATED)
_17933_/A0                              1.500000    1.533801   -0.033801 (VIOLATED)
_21880_/B1                              1.500000    1.533761   -0.033761 (VIOLATED)
_15022_/A1                              1.500000    1.533721   -0.033721 (VIOLATED)
_25718_/A1                              1.500000    1.533714   -0.033714 (VIOLATED)
_15056_/A1                              1.500000    1.533622   -0.033622 (VIOLATED)
_20998_/B1                              1.500000    1.533495   -0.033496 (VIOLATED)
_25388_/A0                              1.500000    1.533435   -0.033435 (VIOLATED)
_16706_/A1                              1.500000    1.533229   -0.033229 (VIOLATED)
_18256_/A1                              1.500000    1.533190   -0.033190 (VIOLATED)
_17697_/A0                              1.500000    1.533086   -0.033086 (VIOLATED)
_16475_/A1                              1.500000    1.533077   -0.033077 (VIOLATED)
_20650_/B1                              1.500000    1.532991   -0.032991 (VIOLATED)
_14921_/A1                              1.500000    1.532773   -0.032773 (VIOLATED)
_26047_/A0                              1.500000    1.532574   -0.032574 (VIOLATED)
_15496_/S                               1.500000    1.532530   -0.032530 (VIOLATED)
_15507_/S                               1.500000    1.532518   -0.032518 (VIOLATED)
_27162_/A1                              1.500000    1.532511   -0.032511 (VIOLATED)
_27096_/A0                              1.500000    1.532483   -0.032483 (VIOLATED)
_15511_/S                               1.500000    1.532454   -0.032454 (VIOLATED)
_22757_/A1                              1.500000    1.532451   -0.032451 (VIOLATED)
_15506_/S                               1.500000    1.532412   -0.032412 (VIOLATED)
_27129_/A0                              1.500000    1.532370   -0.032370 (VIOLATED)
_26707_/A1                              1.500000    1.532301   -0.032301 (VIOLATED)
_27063_/A0                              1.500000    1.532277   -0.032277 (VIOLATED)
_15515_/S                               1.500000    1.532246   -0.032247 (VIOLATED)
_15514_/S                               1.500000    1.532182   -0.032182 (VIOLATED)
_15498_/S                               1.500000    1.532164   -0.032164 (VIOLATED)
_15516_/S                               1.500000    1.532145   -0.032145 (VIOLATED)
_20575_/C1                              1.500000    1.532137   -0.032137 (VIOLATED)
_15494_/S                               1.500000    1.532042   -0.032042 (VIOLATED)
_15517_/S                               1.500000    1.531954   -0.031954 (VIOLATED)
_15518_/S                               1.500000    1.531931   -0.031931 (VIOLATED)
_22217_/B1                              1.500000    1.531892   -0.031892 (VIOLATED)
_27405_/S                               1.500000    1.531835   -0.031835 (VIOLATED)
_27386_/S                               1.500000    1.531810   -0.031810 (VIOLATED)
_15513_/S                               1.500000    1.531782   -0.031782 (VIOLATED)
_15500_/S                               1.500000    1.531754   -0.031754 (VIOLATED)
_27241_/A1                              1.500000    1.531748   -0.031748 (VIOLATED)
_27385_/S                               1.500000    1.531738   -0.031738 (VIOLATED)
_15510_/S                               1.500000    1.531726   -0.031726 (VIOLATED)
_15489_/S                               1.500000    1.531724   -0.031724 (VIOLATED)
_27644_/A0                              1.500000    1.531706   -0.031706 (VIOLATED)
_15491_/S                               1.500000    1.531671   -0.031671 (VIOLATED)
_27809_/A1                              1.500000    1.531669   -0.031669 (VIOLATED)
_27388_/S                               1.500000    1.531665   -0.031665 (VIOLATED)
_27611_/A0                              1.500000    1.531637   -0.031637 (VIOLATED)
_15509_/S                               1.500000    1.531629   -0.031629 (VIOLATED)
_27400_/S                               1.500000    1.531627   -0.031627 (VIOLATED)
_27387_/S                               1.500000    1.531624   -0.031624 (VIOLATED)
_27208_/A0                              1.500000    1.531622   -0.031622 (VIOLATED)
_27076_/A0                              1.500000    1.531613   -0.031613 (VIOLATED)
_27109_/A0                              1.500000    1.531592   -0.031592 (VIOLATED)
_15508_/S                               1.500000    1.531578   -0.031579 (VIOLATED)
_27393_/A1                              1.500000    1.531546   -0.031546 (VIOLATED)
_15490_/S                               1.500000    1.531520   -0.031520 (VIOLATED)
_27784_/A1                              1.500000    1.531479   -0.031479 (VIOLATED)
_15488_/S                               1.500000    1.531440   -0.031440 (VIOLATED)
_27743_/A0                              1.500000    1.531393   -0.031393 (VIOLATED)
_19081_/A1                              1.500000    1.531347   -0.031347 (VIOLATED)
_27175_/A1                              1.500000    1.531175   -0.031175 (VIOLATED)
_27142_/A0                              1.500000    1.531087   -0.031087 (VIOLATED)
_27398_/S                               1.500000    1.531069   -0.031069 (VIOLATED)
_15492_/S                               1.500000    1.531038   -0.031038 (VIOLATED)
_27037_/A1                              1.500000    1.530983   -0.030983 (VIOLATED)
_15503_/S                               1.500000    1.530949   -0.030949 (VIOLATED)
_15501_/S                               1.500000    1.530927   -0.030927 (VIOLATED)
_26377_/A1                              1.500000    1.530852   -0.030853 (VIOLATED)
_15504_/S                               1.500000    1.530810   -0.030810 (VIOLATED)
_15487_/S                               1.500000    1.530644   -0.030644 (VIOLATED)
_27402_/S                               1.500000    1.530271   -0.030271 (VIOLATED)
_19080_/A1                              1.500000    1.530144   -0.030144 (VIOLATED)
_14831_/A1                              1.500000    1.530004   -0.030004 (VIOLATED)
_17095_/A0                              1.500000    1.529960   -0.029960 (VIOLATED)
_15495_/S                               1.500000    1.529960   -0.029960 (VIOLATED)
_17425_/A1                              1.500000    1.529872   -0.029872 (VIOLATED)
_15493_/S                               1.500000    1.529842   -0.029842 (VIOLATED)
_18142_/A0                              1.500000    1.529837   -0.029837 (VIOLATED)
_24869_/A1                              1.500000    1.529825   -0.029825 (VIOLATED)
_15505_/S                               1.500000    1.529819   -0.029819 (VIOLATED)
_28140_/Y                               1.495733    1.525549   -0.029816 (VIOLATED)
_15512_/S                               1.500000    1.529798   -0.029798 (VIOLATED)
_17450_/A1                              1.500000    1.529776   -0.029776 (VIOLATED)
_17359_/A1                              1.500000    1.529751   -0.029751 (VIOLATED)
_15502_/S                               1.500000    1.529743   -0.029743 (VIOLATED)
_15499_/S                               1.500000    1.529695   -0.029695 (VIOLATED)
_27195_/A0                              1.500000    1.529672   -0.029672 (VIOLATED)
_14866_/A1                              1.500000    1.529603   -0.029603 (VIOLATED)
_15497_/S                               1.500000    1.529602   -0.029602 (VIOLATED)
_18421_/A1                              1.500000    1.529595   -0.029595 (VIOLATED)
_24828_/A1                              1.500000    1.529556   -0.029556 (VIOLATED)
_27393_/S                               1.500000    1.529490   -0.029490 (VIOLATED)
_19061_/A1                              1.500000    1.529469   -0.029470 (VIOLATED)
_18274_/A0                              1.500000    1.529438   -0.029438 (VIOLATED)
_27294_/A1                              1.500000    1.529316   -0.029316 (VIOLATED)
_28152_/S                               1.500000    1.529294   -0.029294 (VIOLATED)
_28148_/S                               1.500000    1.529277   -0.029277 (VIOLATED)
_28170_/S                               1.500000    1.529255   -0.029255 (VIOLATED)
_27261_/A1                              1.500000    1.529144   -0.029144 (VIOLATED)
_28167_/S                               1.500000    1.529135   -0.029135 (VIOLATED)
_28154_/S                               1.500000    1.529126   -0.029126 (VIOLATED)
_16426_/A0                              1.500000    1.529114   -0.029114 (VIOLATED)
_27228_/A1                              1.500000    1.529112   -0.029112 (VIOLATED)
_28143_/S                               1.500000    1.529101   -0.029101 (VIOLATED)
_28160_/S                               1.500000    1.529077   -0.029077 (VIOLATED)
_14887_/A0                              1.500000    1.529051   -0.029051 (VIOLATED)
_17293_/A1                              1.500000    1.529029   -0.029029 (VIOLATED)
_28172_/S                               1.500000    1.528980   -0.028980 (VIOLATED)
_28150_/S                               1.500000    1.528975   -0.028975 (VIOLATED)
_27406_/S                               1.500000    1.528938   -0.028938 (VIOLATED)
_28165_/S                               1.500000    1.528929   -0.028929 (VIOLATED)
_28168_/S                               1.500000    1.528891   -0.028892 (VIOLATED)
_28161_/S                               1.500000    1.528886   -0.028886 (VIOLATED)
_27776_/A1                              1.500000    1.528857   -0.028857 (VIOLATED)
_22915_/B1                              1.500000    1.528623   -0.028623 (VIOLATED)
_28169_/S                               1.500000    1.528618   -0.028618 (VIOLATED)
_27407_/S                               1.500000    1.528530   -0.028530 (VIOLATED)
_22142_/C1                              1.500000    1.528417   -0.028417 (VIOLATED)
_17066_/A0                              1.500000    1.528360   -0.028360 (VIOLATED)
_14797_/A1                              1.500000    1.528255   -0.028255 (VIOLATED)
_28171_/S                               1.500000    1.528076   -0.028076 (VIOLATED)
_27411_/S                               1.500000    1.527979   -0.027979 (VIOLATED)
_28095_/A1                              1.500000    1.527854   -0.027854 (VIOLATED)
_28144_/S                               1.500000    1.527440   -0.027440 (VIOLATED)
_28163_/S                               1.500000    1.527436   -0.027436 (VIOLATED)
_28142_/S                               1.500000    1.527410   -0.027410 (VIOLATED)
_28145_/S                               1.500000    1.527403   -0.027403 (VIOLATED)
_28162_/S                               1.500000    1.527364   -0.027364 (VIOLATED)
_26536_/A0                              1.500000    1.527350   -0.027350 (VIOLATED)
_28147_/S                               1.500000    1.527292   -0.027292 (VIOLATED)
_28155_/S                               1.500000    1.527289   -0.027289 (VIOLATED)
_28158_/S                               1.500000    1.527260   -0.027260 (VIOLATED)
_26635_/A1                              1.500000    1.527225   -0.027225 (VIOLATED)
_27397_/S                               1.500000    1.527213   -0.027214 (VIOLATED)
_26602_/A0                              1.500000    1.527197   -0.027197 (VIOLATED)
_28146_/S                               1.500000    1.527181   -0.027181 (VIOLATED)
_18906_/A1                              1.500000    1.527176   -0.027176 (VIOLATED)
_17076_/A0                              1.500000    1.527110   -0.027110 (VIOLATED)
_28166_/S                               1.500000    1.527089   -0.027090 (VIOLATED)
_26569_/A0                              1.500000    1.527086   -0.027086 (VIOLATED)
_27509_/S                               1.500000    1.527061   -0.027061 (VIOLATED)
_26668_/A0                              1.500000    1.527033   -0.027033 (VIOLATED)
_27504_/S                               1.500000    1.527031   -0.027031 (VIOLATED)
_26866_/A1                              1.500000    1.527016   -0.027016 (VIOLATED)
_28149_/S                               1.500000    1.527016   -0.027016 (VIOLATED)
_28164_/S                               1.500000    1.526989   -0.026989 (VIOLATED)
_27485_/S                               1.500000    1.526985   -0.026985 (VIOLATED)
_27410_/S                               1.500000    1.526959   -0.026959 (VIOLATED)
_27412_/S                               1.500000    1.526951   -0.026951 (VIOLATED)
_27484_/S                               1.500000    1.526932   -0.026932 (VIOLATED)
_27384_/S                               1.500000    1.526922   -0.026922 (VIOLATED)
_27486_/S                               1.500000    1.526844   -0.026844 (VIOLATED)
_28153_/S                               1.500000    1.526840   -0.026841 (VIOLATED)
_26767_/A1                              1.500000    1.526787   -0.026787 (VIOLATED)
_27487_/S                               1.500000    1.526772   -0.026772 (VIOLATED)
_25797_/A1                              1.500000    1.526723   -0.026723 (VIOLATED)
_27307_/A1                              1.500000    1.526693   -0.026693 (VIOLATED)
_26734_/A1                              1.500000    1.526613   -0.026613 (VIOLATED)
_27497_/S                               1.500000    1.526496   -0.026496 (VIOLATED)
_28156_/S                               1.500000    1.526466   -0.026466 (VIOLATED)
_27389_/S                               1.500000    1.526438   -0.026438 (VIOLATED)
_27677_/A0                              1.500000    1.526430   -0.026430 (VIOLATED)
_27392_/S                               1.500000    1.526415   -0.026415 (VIOLATED)
_18722_/S                               1.500000    1.526404   -0.026404 (VIOLATED)
_18696_/S                               1.500000    1.526397   -0.026397 (VIOLATED)
_18724_/S                               1.500000    1.526348   -0.026348 (VIOLATED)
_18717_/S                               1.500000    1.526311   -0.026311 (VIOLATED)
_28157_/S                               1.500000    1.526301   -0.026301 (VIOLATED)
_26899_/A1                              1.500000    1.526282   -0.026282 (VIOLATED)
_28159_/S                               1.500000    1.526230   -0.026230 (VIOLATED)
_27499_/S                               1.500000    1.526228   -0.026228 (VIOLATED)
_18697_/S                               1.500000    1.526226   -0.026226 (VIOLATED)
_18698_/S                               1.500000    1.526217   -0.026217 (VIOLATED)
_28141_/S                               1.500000    1.526147   -0.026147 (VIOLATED)
_26833_/A1                              1.500000    1.526131   -0.026131 (VIOLATED)
_27401_/S                               1.500000    1.526099   -0.026099 (VIOLATED)
_18699_/S                               1.500000    1.526057   -0.026057 (VIOLATED)
_28151_/S                               1.500000    1.526033   -0.026034 (VIOLATED)
_18700_/S                               1.500000    1.525994   -0.025994 (VIOLATED)
_16732_/A1                              1.500000    1.525986   -0.025986 (VIOLATED)
_18712_/S                               1.500000    1.525975   -0.025975 (VIOLATED)
_27381_/Y                               1.495733    1.521673   -0.025940 (VIOLATED)
_20300_/B1                              1.500000    1.525900   -0.025900 (VIOLATED)
_27391_/S                               1.500000    1.525846   -0.025846 (VIOLATED)
_18710_/S                               1.500000    1.525791   -0.025791 (VIOLATED)
_27409_/S                               1.500000    1.525727   -0.025727 (VIOLATED)
_20311_/B1                              1.500000    1.525666   -0.025666 (VIOLATED)
_26369_/S                               1.500000    1.525527   -0.025527 (VIOLATED)
_26388_/S                               1.500000    1.525520   -0.025520 (VIOLATED)
_26374_/S                               1.500000    1.525501   -0.025501 (VIOLATED)
_27501_/S                               1.500000    1.525500   -0.025500 (VIOLATED)
_27408_/S                               1.500000    1.525477   -0.025477 (VIOLATED)
_25764_/A0                              1.500000    1.525377   -0.025377 (VIOLATED)
_26383_/S                               1.500000    1.525376   -0.025376 (VIOLATED)
_27492_/S                               1.500000    1.525305   -0.025305 (VIOLATED)
_18714_/S                               1.500000    1.525289   -0.025289 (VIOLATED)
_26932_/A1                              1.500000    1.525275   -0.025275 (VIOLATED)
_26965_/A1                              1.500000    1.525223   -0.025223 (VIOLATED)
_18705_/S                               1.500000    1.525107   -0.025107 (VIOLATED)
_27395_/S                               1.500000    1.525092   -0.025093 (VIOLATED)
_18873_/A1                              1.500000    1.525086   -0.025086 (VIOLATED)
_26998_/A1                              1.500000    1.525010   -0.025010 (VIOLATED)
_26370_/S                               1.500000    1.524938   -0.024938 (VIOLATED)
_26377_/S                               1.500000    1.524913   -0.024913 (VIOLATED)
_26375_/S                               1.500000    1.524850   -0.024850 (VIOLATED)
_17096_/A0                              1.500000    1.524837   -0.024837 (VIOLATED)
_26382_/S                               1.500000    1.524812   -0.024812 (VIOLATED)
_26366_/S                               1.500000    1.524736   -0.024736 (VIOLATED)
_17340_/A1                              1.500000    1.524720   -0.024720 (VIOLATED)
_26364_/S                               1.500000    1.524713   -0.024713 (VIOLATED)
_27525_/A1                              1.500000    1.524713   -0.024713 (VIOLATED)
_18693_/Y                               1.495733    1.520352   -0.024619 (VIOLATED)
_26362_/S                               1.500000    1.524612   -0.024612 (VIOLATED)
_18718_/S                               1.500000    1.524571   -0.024571 (VIOLATED)
_26365_/S                               1.500000    1.524534   -0.024534 (VIOLATED)
_27505_/S                               1.500000    1.524440   -0.024440 (VIOLATED)
_26800_/A0                              1.500000    1.524395   -0.024395 (VIOLATED)
_27274_/A1                              1.500000    1.524284   -0.024284 (VIOLATED)
_18719_/S                               1.500000    1.524226   -0.024226 (VIOLATED)
_26363_/S                               1.500000    1.524134   -0.024134 (VIOLATED)
_27506_/S                               1.500000    1.524038   -0.024038 (VIOLATED)
_26358_/Y                               1.495733    1.519693   -0.023960 (VIOLATED)
_26378_/S                               1.500000    1.523900   -0.023900 (VIOLATED)
_15090_/A1                              1.500000    1.523785   -0.023785 (VIOLATED)
_18454_/A1                              1.500000    1.523766   -0.023766 (VIOLATED)
_22392_/B1                              1.500000    1.523761   -0.023761 (VIOLATED)
_17326_/A1                              1.500000    1.523750   -0.023750 (VIOLATED)
_27137_/A0                              1.500000    1.523690   -0.023690 (VIOLATED)
_27170_/A1                              1.500000    1.523687   -0.023687 (VIOLATED)
_18723_/S                               1.500000    1.523666   -0.023666 (VIOLATED)
_17406_/A1                              1.500000    1.523628   -0.023628 (VIOLATED)
_27104_/A0                              1.500000    1.523424   -0.023424 (VIOLATED)
_27071_/A0                              1.500000    1.523322   -0.023322 (VIOLATED)
_27439_/A1                              1.500000    1.523156   -0.023156 (VIOLATED)
_27483_/S                               1.500000    1.523074   -0.023074 (VIOLATED)
_27511_/S                               1.500000    1.522973   -0.022973 (VIOLATED)
_27500_/S                               1.500000    1.522890   -0.022890 (VIOLATED)
_27488_/S                               1.500000    1.522870   -0.022870 (VIOLATED)
_27383_/S                               1.500000    1.522686   -0.022686 (VIOLATED)
_27508_/S                               1.500000    1.522596   -0.022596 (VIOLATED)
_18781_/A1                              1.500000    1.522470   -0.022470 (VIOLATED)
_26390_/S                               1.500000    1.522469   -0.022469 (VIOLATED)
_26373_/S                               1.500000    1.522456   -0.022456 (VIOLATED)
_26371_/S                               1.500000    1.522415   -0.022415 (VIOLATED)
_15123_/A1                              1.500000    1.522360   -0.022360 (VIOLATED)
_27042_/S                               1.500000    1.522357   -0.022357 (VIOLATED)
_27035_/S                               1.500000    1.522296   -0.022296 (VIOLATED)
_18721_/S                               1.500000    1.522293   -0.022293 (VIOLATED)
_27037_/S                               1.500000    1.522251   -0.022251 (VIOLATED)
_14762_/A0                              1.500000    1.522213   -0.022213 (VIOLATED)
_18701_/S                               1.500000    1.522194   -0.022194 (VIOLATED)
_18713_/S                               1.500000    1.522187   -0.022187 (VIOLATED)
_27029_/S                               1.500000    1.522129   -0.022129 (VIOLATED)
_27048_/S                               1.500000    1.522116   -0.022116 (VIOLATED)
_27024_/S                               1.500000    1.522097   -0.022097 (VIOLATED)
_25361_/A1                              1.500000    1.522092   -0.022092 (VIOLATED)
_18703_/S                               1.500000    1.522066   -0.022066 (VIOLATED)
_19052_/A1                              1.500000    1.522041   -0.022041 (VIOLATED)
_27034_/S                               1.500000    1.522041   -0.022041 (VIOLATED)
_25163_/A1                              1.500000    1.522028   -0.022028 (VIOLATED)
_27390_/S                               1.500000    1.522007   -0.022007 (VIOLATED)
_27399_/S                               1.500000    1.521991   -0.021991 (VIOLATED)
_27025_/S                               1.500000    1.521968   -0.021968 (VIOLATED)
_27403_/S                               1.500000    1.521960   -0.021960 (VIOLATED)
_27406_/A1                              1.500000    1.521939   -0.021939 (VIOLATED)
_27396_/S                               1.500000    1.521933   -0.021933 (VIOLATED)
_26361_/S                               1.500000    1.521917   -0.021917 (VIOLATED)
_27382_/S                               1.500000    1.521892   -0.021892 (VIOLATED)
_27404_/S                               1.500000    1.521871   -0.021871 (VIOLATED)
_27413_/S                               1.500000    1.521867   -0.021867 (VIOLATED)
_25097_/A0                              1.500000    1.521847   -0.021847 (VIOLATED)
_25196_/A1                              1.500000    1.521844   -0.021844 (VIOLATED)
_25130_/A1                              1.500000    1.521837   -0.021838 (VIOLATED)
_27043_/S                               1.500000    1.521819   -0.021819 (VIOLATED)
_27490_/S                               1.500000    1.521805   -0.021805 (VIOLATED)
_27394_/S                               1.500000    1.521773   -0.021773 (VIOLATED)
_24800_/A0                              1.500000    1.521754   -0.021754 (VIOLATED)
_27022_/S                               1.500000    1.521738   -0.021738 (VIOLATED)
_27030_/S                               1.500000    1.521727   -0.021727 (VIOLATED)
_27510_/S                               1.500000    1.521672   -0.021672 (VIOLATED)
_18720_/S                               1.500000    1.521655   -0.021655 (VIOLATED)
_27026_/S                               1.500000    1.521545   -0.021545 (VIOLATED)
_27340_/A0                              1.500000    1.521499   -0.021499 (VIOLATED)
_27496_/S                               1.500000    1.521434   -0.021434 (VIOLATED)
_27023_/S                               1.500000    1.521337   -0.021337 (VIOLATED)
_24734_/A0                              1.500000    1.521280   -0.021280 (VIOLATED)
_26389_/S                               1.500000    1.521250   -0.021250 (VIOLATED)
_26386_/S                               1.500000    1.521245   -0.021245 (VIOLATED)
_26387_/S                               1.500000    1.521234   -0.021234 (VIOLATED)
_18709_/S                               1.500000    1.521226   -0.021226 (VIOLATED)
_18704_/S                               1.500000    1.521166   -0.021166 (VIOLATED)
_18854_/A1                              1.500000    1.521158   -0.021158 (VIOLATED)
_18707_/S                               1.500000    1.521051   -0.021051 (VIOLATED)
_16713_/A1                              1.500000    1.521046   -0.021046 (VIOLATED)
_28062_/A1                              1.500000    1.520996   -0.020996 (VIOLATED)
_16408_/A0                              1.500000    1.520969   -0.020969 (VIOLATED)
_27038_/S                               1.500000    1.520917   -0.020917 (VIOLATED)
_27491_/S                               1.500000    1.520804   -0.020804 (VIOLATED)
_16733_/A1                              1.500000    1.520748   -0.020748 (VIOLATED)
_25347_/A1                              1.500000    1.520728   -0.020728 (VIOLATED)
_26367_/S                               1.500000    1.520717   -0.020717 (VIOLATED)
_26384_/S                               1.500000    1.520702   -0.020702 (VIOLATED)
_26376_/S                               1.500000    1.520654   -0.020654 (VIOLATED)
_27507_/S                               1.500000    1.520651   -0.020651 (VIOLATED)
_26380_/S                               1.500000    1.520606   -0.020606 (VIOLATED)
_26379_/S                               1.500000    1.520578   -0.020578 (VIOLATED)
_18702_/S                               1.500000    1.520556   -0.020557 (VIOLATED)
_19263_/B1                              1.500000    1.520548   -0.020548 (VIOLATED)
_18695_/S                               1.500000    1.520539   -0.020539 (VIOLATED)
_18711_/S                               1.500000    1.520532   -0.020532 (VIOLATED)
_26359_/S                               1.500000    1.520531   -0.020531 (VIOLATED)
_18715_/S                               1.500000    1.520523   -0.020523 (VIOLATED)
_18708_/S                               1.500000    1.520512   -0.020512 (VIOLATED)
_18694_/S                               1.500000    1.520483   -0.020483 (VIOLATED)
_18716_/S                               1.500000    1.520461   -0.020461 (VIOLATED)
_18725_/S                               1.500000    1.520449   -0.020449 (VIOLATED)
_26381_/S                               1.500000    1.520446   -0.020447 (VIOLATED)
_18706_/S                               1.500000    1.520435   -0.020435 (VIOLATED)
_25031_/A1                              1.500000    1.520424   -0.020425 (VIOLATED)
_26360_/S                               1.500000    1.520379   -0.020379 (VIOLATED)
_27018_/Y                               1.495733    1.516033   -0.020300 (VIOLATED)
_26385_/S                               1.500000    1.520175   -0.020175 (VIOLATED)
_26372_/S                               1.500000    1.520077   -0.020077 (VIOLATED)
_27492_/A1                              1.500000    1.520070   -0.020070 (VIOLATED)
_27480_/Y                               1.495733    1.515651   -0.019918 (VIOLATED)
_26368_/S                               1.500000    1.519904   -0.019904 (VIOLATED)
_24767_/A0                              1.500000    1.519827   -0.019827 (VIOLATED)
_17878_/A1                              1.500000    1.519753   -0.019753 (VIOLATED)
_27046_/S                               1.500000    1.519715   -0.019715 (VIOLATED)
_18910_/S                               1.500000    1.519628   -0.019628 (VIOLATED)
_18912_/S                               1.500000    1.519591   -0.019591 (VIOLATED)
_27494_/S                               1.500000    1.519562   -0.019562 (VIOLATED)
_18918_/S                               1.500000    1.519547   -0.019547 (VIOLATED)
_18900_/S                               1.500000    1.519537   -0.019537 (VIOLATED)
_27459_/A1                              1.500000    1.519536   -0.019537 (VIOLATED)
_18914_/S                               1.500000    1.519532   -0.019532 (VIOLATED)
_17714_/A1                              1.500000    1.519523   -0.019523 (VIOLATED)
_18470_/S                               1.500000    1.519515   -0.019515 (VIOLATED)
_18899_/S                               1.500000    1.519511   -0.019511 (VIOLATED)
_18898_/S                               1.500000    1.519489   -0.019489 (VIOLATED)
_18488_/S                               1.500000    1.519487   -0.019487 (VIOLATED)
_18480_/S                               1.500000    1.519441   -0.019441 (VIOLATED)
_18718_/A1                              1.500000    1.519314   -0.019314 (VIOLATED)
_18489_/S                               1.500000    1.519313   -0.019313 (VIOLATED)
_27050_/S                               1.500000    1.519303   -0.019303 (VIOLATED)
_18924_/S                               1.500000    1.519254   -0.019254 (VIOLATED)
_27558_/A1                              1.500000    1.519221   -0.019221 (VIOLATED)
_17307_/A1                              1.500000    1.519163   -0.019163 (VIOLATED)
_18463_/S                               1.500000    1.519134   -0.019134 (VIOLATED)
_27033_/S                               1.500000    1.519094   -0.019094 (VIOLATED)
_27031_/S                               1.500000    1.519035   -0.019035 (VIOLATED)
_18491_/S                               1.500000    1.519014   -0.019014 (VIOLATED)
_18897_/S                               1.500000    1.518999   -0.018999 (VIOLATED)
_21794_/C1                              1.500000    1.518856   -0.018856 (VIOLATED)
_15598_/S                               1.500000    1.518806   -0.018806 (VIOLATED)
_15614_/S                               1.500000    1.518798   -0.018798 (VIOLATED)
_16653_/A1                              1.500000    1.518790   -0.018790 (VIOLATED)
_18465_/S                               1.500000    1.518769   -0.018769 (VIOLATED)
_27817_/A1                              1.500000    1.518752   -0.018752 (VIOLATED)
_15611_/S                               1.500000    1.518715   -0.018715 (VIOLATED)
_15705_/S                               1.500000    1.518693   -0.018693 (VIOLATED)
_15713_/S                               1.500000    1.518673   -0.018673 (VIOLATED)
_18922_/S                               1.500000    1.518631   -0.018631 (VIOLATED)
_15596_/S                               1.500000    1.518620   -0.018620 (VIOLATED)
_15695_/S                               1.500000    1.518619   -0.018619 (VIOLATED)
_15706_/S                               1.500000    1.518595   -0.018595 (VIOLATED)
_17327_/A1                              1.500000    1.518594   -0.018594 (VIOLATED)
_15697_/S                               1.500000    1.518547   -0.018547 (VIOLATED)
_15607_/S                               1.500000    1.518449   -0.018449 (VIOLATED)
_15715_/S                               1.500000    1.518367   -0.018367 (VIOLATED)
_18460_/Y                               1.495733    1.514090   -0.018357 (VIOLATED)
_18484_/S                               1.500000    1.518357   -0.018357 (VIOLATED)
_15710_/S                               1.500000    1.518348   -0.018348 (VIOLATED)
_15693_/S                               1.500000    1.518328   -0.018328 (VIOLATED)
_15606_/S                               1.500000    1.518281   -0.018281 (VIOLATED)
_18481_/S                               1.500000    1.518193   -0.018193 (VIOLATED)
_18472_/S                               1.500000    1.518170   -0.018170 (VIOLATED)
_16955_/A1                              1.500000    1.518160   -0.018160 (VIOLATED)
_18492_/S                               1.500000    1.518070   -0.018071 (VIOLATED)
_18010_/A0                              1.500000    1.518055   -0.018055 (VIOLATED)
_18490_/S                               1.500000    1.518054   -0.018054 (VIOLATED)
_18466_/S                               1.500000    1.518043   -0.018043 (VIOLATED)
_24919_/A1                              1.500000    1.518037   -0.018037 (VIOLATED)
_17054_/A0                              1.500000    1.518008   -0.018008 (VIOLATED)
_18468_/S                               1.500000    1.518001   -0.018001 (VIOLATED)
_15685_/Y                               1.495733    1.513720   -0.017987 (VIOLATED)
_18917_/S                               1.500000    1.517981   -0.017981 (VIOLATED)
_18637_/A0                              1.500000    1.517974   -0.017974 (VIOLATED)
_18485_/S                               1.500000    1.517956   -0.017956 (VIOLATED)
_16823_/A1                              1.500000    1.517916   -0.017916 (VIOLATED)
_16889_/A0                              1.500000    1.517859   -0.017859 (VIOLATED)
_15615_/S                               1.500000    1.517843   -0.017843 (VIOLATED)
_15717_/S                               1.500000    1.517841   -0.017841 (VIOLATED)
_15617_/S                               1.500000    1.517719   -0.017719 (VIOLATED)
_18483_/S                               1.500000    1.517655   -0.017655 (VIOLATED)
_25521_/A0                              1.500000    1.517648   -0.017648 (VIOLATED)
_27021_/S                               1.500000    1.517593   -0.017593 (VIOLATED)
_18474_/S                               1.500000    1.517534   -0.017534 (VIOLATED)
_27489_/S                               1.500000    1.517532   -0.017532 (VIOLATED)
_27498_/S                               1.500000    1.517527   -0.017527 (VIOLATED)
_18477_/S                               1.500000    1.517524   -0.017525 (VIOLATED)
_22042_/B1                              1.500000    1.517518   -0.017518 (VIOLATED)
_27502_/S                               1.500000    1.517507   -0.017507 (VIOLATED)
_18893_/Y                               1.495733    1.513237   -0.017504 (VIOLATED)
_18467_/S                               1.500000    1.517456   -0.017456 (VIOLATED)
_27269_/A1                              1.500000    1.517402   -0.017403 (VIOLATED)
_27495_/S                               1.500000    1.517398   -0.017398 (VIOLATED)
_18896_/S                               1.500000    1.517391   -0.017391 (VIOLATED)
_15610_/S                               1.500000    1.517366   -0.017366 (VIOLATED)
_15591_/S                               1.500000    1.517302   -0.017302 (VIOLATED)
_18482_/S                               1.500000    1.517149   -0.017149 (VIOLATED)
_25460_/A1                              1.500000    1.517123   -0.017123 (VIOLATED)
_15699_/S                               1.500000    1.517103   -0.017103 (VIOLATED)
_25427_/A1                              1.500000    1.517086   -0.017086 (VIOLATED)
_16757_/A1                              1.500000    1.517021   -0.017021 (VIOLATED)
_27049_/S                               1.500000    1.517018   -0.017018 (VIOLATED)
_15714_/S                               1.500000    1.517003   -0.017003 (VIOLATED)
_18919_/S                               1.500000    1.516967   -0.016967 (VIOLATED)
_27047_/S                               1.500000    1.516967   -0.016967 (VIOLATED)
_15613_/S                               1.500000    1.516948   -0.016948 (VIOLATED)
_15589_/S                               1.500000    1.516937   -0.016937 (VIOLATED)
_15712_/S                               1.500000    1.516916   -0.016916 (VIOLATED)
_15688_/S                               1.500000    1.516879   -0.016879 (VIOLATED)
_18487_/S                               1.500000    1.516879   -0.016879 (VIOLATED)
_27481_/S                               1.500000    1.516861   -0.016861 (VIOLATED)
_18462_/S                               1.500000    1.516857   -0.016857 (VIOLATED)
_16658_/A1                              1.500000    1.516820   -0.016821 (VIOLATED)
_18464_/S                               1.500000    1.516794   -0.016794 (VIOLATED)
_15687_/S                               1.500000    1.516788   -0.016788 (VIOLATED)
_16680_/A1                              1.500000    1.516694   -0.016694 (VIOLATED)
_15707_/S                               1.500000    1.516610   -0.016610 (VIOLATED)
_27039_/S                               1.500000    1.516595   -0.016595 (VIOLATED)
_27027_/S                               1.500000    1.516474   -0.016474 (VIOLATED)
_27044_/S                               1.500000    1.516463   -0.016463 (VIOLATED)
_27036_/S                               1.500000    1.516435   -0.016435 (VIOLATED)
_18461_/S                               1.500000    1.516411   -0.016411 (VIOLATED)
_15586_/Y                               1.495733    1.512141   -0.016408 (VIOLATED)
_27040_/S                               1.500000    1.516391   -0.016391 (VIOLATED)
_18475_/S                               1.500000    1.516390   -0.016390 (VIOLATED)
_27503_/S                               1.500000    1.516351   -0.016351 (VIOLATED)
_18913_/S                               1.500000    1.516347   -0.016347 (VIOLATED)
_27930_/A1                              1.500000    1.516339   -0.016339 (VIOLATED)
_27019_/S                               1.500000    1.516325   -0.016325 (VIOLATED)
_27041_/S                               1.500000    1.516286   -0.016286 (VIOLATED)
_27020_/S                               1.500000    1.516243   -0.016243 (VIOLATED)
_24809_/A1                              1.500000    1.516237   -0.016237 (VIOLATED)
_27045_/S                               1.500000    1.516234   -0.016234 (VIOLATED)
_27032_/S                               1.500000    1.516229   -0.016229 (VIOLATED)
_27028_/S                               1.500000    1.516213   -0.016213 (VIOLATED)
_18901_/S                               1.500000    1.516200   -0.016200 (VIOLATED)
_18905_/S                               1.500000    1.516199   -0.016199 (VIOLATED)
_15088_/Y                               1.495733    1.511913   -0.016180 (VIOLATED)
_18909_/S                               1.500000    1.516144   -0.016144 (VIOLATED)
_17274_/A1                              1.500000    1.516138   -0.016138 (VIOLATED)
_15608_/S                               1.500000    1.516063   -0.016063 (VIOLATED)
_18903_/S                               1.500000    1.516056   -0.016056 (VIOLATED)
_18906_/S                               1.500000    1.516045   -0.016045 (VIOLATED)
_18923_/S                               1.500000    1.516042   -0.016042 (VIOLATED)
_18907_/S                               1.500000    1.516038   -0.016038 (VIOLATED)
_18921_/S                               1.500000    1.515998   -0.015998 (VIOLATED)
_15708_/S                               1.500000    1.515939   -0.015939 (VIOLATED)
_27512_/S                               1.500000    1.515876   -0.015876 (VIOLATED)
_27493_/S                               1.500000    1.515759   -0.015760 (VIOLATED)
_27482_/S                               1.500000    1.515686   -0.015686 (VIOLATED)
_15593_/S                               1.500000    1.515638   -0.015638 (VIOLATED)
_15590_/S                               1.500000    1.515619   -0.015619 (VIOLATED)
_18920_/S                               1.500000    1.515543   -0.015543 (VIOLATED)
ANTENNA_142/DIODE                       1.500000    1.515522   -0.015522 (VIOLATED)
_15096_/S                               1.500000    1.515448   -0.015449 (VIOLATED)
_15118_/S                               1.500000    1.515444   -0.015444 (VIOLATED)
_18902_/S                               1.500000    1.515408   -0.015408 (VIOLATED)
_15716_/S                               1.500000    1.515398   -0.015398 (VIOLATED)
_15109_/S                               1.500000    1.515393   -0.015393 (VIOLATED)
_15690_/S                               1.500000    1.515363   -0.015363 (VIOLATED)
_15113_/S                               1.500000    1.515354   -0.015354 (VIOLATED)
_18915_/S                               1.500000    1.515346   -0.015347 (VIOLATED)
_18904_/S                               1.500000    1.515343   -0.015343 (VIOLATED)
_15700_/S                               1.500000    1.515342   -0.015342 (VIOLATED)
_15709_/S                               1.500000    1.515324   -0.015324 (VIOLATED)
_18478_/S                               1.500000    1.515291   -0.015291 (VIOLATED)
_15120_/S                               1.500000    1.515286   -0.015286 (VIOLATED)
_25554_/A0                              1.500000    1.515245   -0.015245 (VIOLATED)
_15692_/S                               1.500000    1.515230   -0.015230 (VIOLATED)
_15592_/S                               1.500000    1.515217   -0.015217 (VIOLATED)
_15691_/S                               1.500000    1.515204   -0.015204 (VIOLATED)
_15116_/S                               1.500000    1.515168   -0.015168 (VIOLATED)
_26008_/A0                              1.500000    1.515163   -0.015163 (VIOLATED)
_15702_/S                               1.500000    1.515116   -0.015116 (VIOLATED)
_15711_/S                               1.500000    1.515040   -0.015040 (VIOLATED)
_15704_/S                               1.500000    1.515029   -0.015029 (VIOLATED)
_15698_/S                               1.500000    1.515016   -0.015016 (VIOLATED)
_15098_/S                               1.500000    1.515011   -0.015011 (VIOLATED)
_16950_/A1                              1.500000    1.514978   -0.014978 (VIOLATED)
_15108_/S                               1.500000    1.514961   -0.014961 (VIOLATED)
_17049_/A0                              1.500000    1.514937   -0.014937 (VIOLATED)
_27472_/A1                              1.500000    1.514891   -0.014891 (VIOLATED)
_15618_/S                               1.500000    1.514832   -0.014832 (VIOLATED)
_15594_/S                               1.500000    1.514811   -0.014811 (VIOLATED)
_15616_/S                               1.500000    1.514774   -0.014775 (VIOLATED)
_15689_/S                               1.500000    1.514671   -0.014671 (VIOLATED)
_18005_/A0                              1.500000    1.514657   -0.014657 (VIOLATED)
_15686_/S                               1.500000    1.514647   -0.014647 (VIOLATED)
_15694_/S                               1.500000    1.514607   -0.014607 (VIOLATED)
_15601_/S                               1.500000    1.514562   -0.014562 (VIOLATED)
_15600_/S                               1.500000    1.514550   -0.014550 (VIOLATED)
_25229_/A0                              1.500000    1.514529   -0.014529 (VIOLATED)
_15609_/S                               1.500000    1.514512   -0.014512 (VIOLATED)
_18632_/A0                              1.500000    1.514492   -0.014492 (VIOLATED)
_25429_/A1                              1.500000    1.514456   -0.014456 (VIOLATED)
_18479_/S                               1.500000    1.514432   -0.014432 (VIOLATED)
_18486_/S                               1.500000    1.514425   -0.014425 (VIOLATED)
_18473_/S                               1.500000    1.514401   -0.014401 (VIOLATED)
_15117_/S                               1.500000    1.514391   -0.014391 (VIOLATED)
_25587_/A1                              1.500000    1.514377   -0.014377 (VIOLATED)
_18469_/S                               1.500000    1.514375   -0.014376 (VIOLATED)
_15100_/S                               1.500000    1.514363   -0.014363 (VIOLATED)
_15703_/S                               1.500000    1.514363   -0.014363 (VIOLATED)
_18476_/S                               1.500000    1.514339   -0.014339 (VIOLATED)
_17360_/A1                              1.500000    1.514310   -0.014310 (VIOLATED)
_15701_/S                               1.500000    1.514306   -0.014306 (VIOLATED)
_15115_/S                               1.500000    1.514283   -0.014283 (VIOLATED)
_18471_/S                               1.500000    1.514268   -0.014268 (VIOLATED)
_15111_/S                               1.500000    1.514251   -0.014251 (VIOLATED)
_15102_/S                               1.500000    1.514140   -0.014140 (VIOLATED)
_15588_/S                               1.500000    1.514138   -0.014138 (VIOLATED)
_15090_/S                               1.500000    1.514132   -0.014132 (VIOLATED)
_15603_/S                               1.500000    1.514101   -0.014101 (VIOLATED)
_15119_/S                               1.500000    1.514085   -0.014085 (VIOLATED)
_15091_/S                               1.500000    1.514061   -0.014061 (VIOLATED)
_18925_/S                               1.500000    1.513992   -0.013992 (VIOLATED)
_15696_/S                               1.500000    1.513957   -0.013957 (VIOLATED)
_16884_/A0                              1.500000    1.513922   -0.013922 (VIOLATED)
_16818_/A1                              1.500000    1.513834   -0.013834 (VIOLATED)
_15093_/S                               1.500000    1.513797   -0.013797 (VIOLATED)
_15110_/S                               1.500000    1.513786   -0.013786 (VIOLATED)
_15587_/S                               1.500000    1.513772   -0.013772 (VIOLATED)
_15604_/S                               1.500000    1.513754   -0.013754 (VIOLATED)
_16752_/A1                              1.500000    1.513657   -0.013657 (VIOLATED)
_18916_/S                               1.500000    1.513651   -0.013651 (VIOLATED)
_18734_/A1                              1.500000    1.513622   -0.013622 (VIOLATED)
_15112_/S                               1.500000    1.513526   -0.013526 (VIOLATED)
_16068_/S                               1.500000    1.513507   -0.013507 (VIOLATED)
_15095_/S                               1.500000    1.513490   -0.013490 (VIOLATED)
_18895_/S                               1.500000    1.513451   -0.013451 (VIOLATED)
_16076_/S                               1.500000    1.513450   -0.013450 (VIOLATED)
_16058_/S                               1.500000    1.513364   -0.013365 (VIOLATED)
_18911_/S                               1.500000    1.513363   -0.013363 (VIOLATED)
_18894_/S                               1.500000    1.513359   -0.013359 (VIOLATED)
_18908_/S                               1.500000    1.513348   -0.013348 (VIOLATED)
_15103_/S                               1.500000    1.513342   -0.013342 (VIOLATED)
_15106_/S                               1.500000    1.513179   -0.013179 (VIOLATED)
_15092_/S                               1.500000    1.513177   -0.013177 (VIOLATED)
_16069_/S                               1.500000    1.513103   -0.013103 (VIOLATED)
_27505_/A1                              1.500000    1.513072   -0.013072 (VIOLATED)
_15605_/S                               1.500000    1.513042   -0.013042 (VIOLATED)
_15612_/S                               1.500000    1.513026   -0.013026 (VIOLATED)
_15602_/S                               1.500000    1.512984   -0.012984 (VIOLATED)
_15599_/S                               1.500000    1.512926   -0.012926 (VIOLATED)
_15094_/S                               1.500000    1.512922   -0.012922 (VIOLATED)
_21694_/B1                              1.500000    1.512909   -0.012909 (VIOLATED)
_16060_/S                               1.500000    1.512851   -0.012851 (VIOLATED)
_19120_/A1                              1.500000    1.512820   -0.012820 (VIOLATED)
_15114_/S                               1.500000    1.512804   -0.012804 (VIOLATED)
_14681_/A0                              1.500000    1.512753   -0.012753 (VIOLATED)
_15597_/S                               1.500000    1.512648   -0.012648 (VIOLATED)
_15089_/S                               1.500000    1.512619   -0.012619 (VIOLATED)
_16080_/S                               1.500000    1.512566   -0.012566 (VIOLATED)
_15105_/S                               1.500000    1.512506   -0.012506 (VIOLATED)
_16078_/S                               1.500000    1.512430   -0.012430 (VIOLATED)
_24544_/C1                              1.500000    1.512418   -0.012418 (VIOLATED)
_16056_/S                               1.500000    1.512394   -0.012394 (VIOLATED)
_16073_/S                               1.500000    1.512381   -0.012381 (VIOLATED)
_15101_/S                               1.500000    1.512330   -0.012330 (VIOLATED)
_15595_/S                               1.500000    1.512296   -0.012296 (VIOLATED)
_15097_/S                               1.500000    1.512288   -0.012288 (VIOLATED)
_15104_/S                               1.500000    1.512180   -0.012180 (VIOLATED)
_15107_/S                               1.500000    1.512162   -0.012162 (VIOLATED)
_16062_/S                               1.500000    1.512119   -0.012119 (VIOLATED)
_15099_/S                               1.500000    1.512090   -0.012090 (VIOLATED)
_25328_/A1                              1.500000    1.512008   -0.012008 (VIOLATED)
_27302_/A1                              1.500000    1.511913   -0.011913 (VIOLATED)
_16071_/S                               1.500000    1.511723   -0.011723 (VIOLATED)
_16075_/S                               1.500000    1.511419   -0.011419 (VIOLATED)
_16050_/S                               1.500000    1.511389   -0.011389 (VIOLATED)
_16559_/A1                              1.500000    1.511364   -0.011364 (VIOLATED)
_16592_/A0                              1.500000    1.511347   -0.011347 (VIOLATED)
_16048_/Y                               1.495733    1.507065   -0.011332 (VIOLATED)
_18022_/A0                              1.500000    1.511144   -0.011144 (VIOLATED)
_19105_/A1                              1.500000    1.511134   -0.011134 (VIOLATED)
_18439_/A1                              1.500000    1.511054   -0.011054 (VIOLATED)
_27963_/A1                              1.500000    1.510965   -0.010965 (VIOLATED)
_25488_/A0                              1.500000    1.510937   -0.010937 (VIOLATED)
_16526_/A1                              1.500000    1.510936   -0.010936 (VIOLATED)
_23088_/B1                              1.500000    1.510909   -0.010909 (VIOLATED)
_17426_/A1                              1.500000    1.510767   -0.010767 (VIOLATED)
_16070_/S                               1.500000    1.510656   -0.010656 (VIOLATED)
_27236_/A1                              1.500000    1.510620   -0.010621 (VIOLATED)
_14517_/A1                              1.500000    1.510583   -0.010583 (VIOLATED)
_25295_/A1                              1.500000    1.510578   -0.010578 (VIOLATED)
_14584_/A1                              1.500000    1.510414   -0.010414 (VIOLATED)
_16077_/S                               1.500000    1.510409   -0.010409 (VIOLATED)
_26992_/S                               1.500000    1.510401   -0.010401 (VIOLATED)
_26074_/A0                              1.500000    1.510400   -0.010400 (VIOLATED)
_16051_/S                               1.500000    1.510389   -0.010389 (VIOLATED)
_27002_/S                               1.500000    1.510383   -0.010383 (VIOLATED)
_27004_/S                               1.500000    1.510360   -0.010360 (VIOLATED)
_16079_/S                               1.500000    1.510324   -0.010324 (VIOLATED)
_24902_/A1                              1.500000    1.510316   -0.010316 (VIOLATED)
_26991_/S                               1.500000    1.510280   -0.010280 (VIOLATED)
_26990_/S                               1.500000    1.510240   -0.010240 (VIOLATED)
_14551_/A1                              1.500000    1.510228   -0.010228 (VIOLATED)
_18406_/A1                              1.500000    1.510218   -0.010218 (VIOLATED)
_16053_/S                               1.500000    1.510217   -0.010217 (VIOLATED)
_16072_/S                               1.500000    1.510137   -0.010137 (VIOLATED)
_18205_/A0                              1.500000    1.510121   -0.010121 (VIOLATED)
_18073_/A0                              1.500000    1.510068   -0.010068 (VIOLATED)
_16035_/S                               1.500000    1.510057   -0.010057 (VIOLATED)
_16043_/S                               1.500000    1.510051   -0.010051 (VIOLATED)
_27016_/S                               1.500000    1.510015   -0.010015 (VIOLATED)
_16054_/S                               1.500000    1.510007   -0.010007 (VIOLATED)
_16036_/S                               1.500000    1.509979   -0.009980 (VIOLATED)
_16025_/S                               1.500000    1.509964   -0.009964 (VIOLATED)
_19054_/A1                              1.500000    1.509926   -0.009926 (VIOLATED)
_27494_/A1                              1.500000    1.509856   -0.009856 (VIOLATED)
_18106_/A1                              1.500000    1.509849   -0.009849 (VIOLATED)
_16055_/S                               1.500000    1.509840   -0.009840 (VIOLATED)
_25462_/A1                              1.500000    1.509830   -0.009830 (VIOLATED)
_18241_/A1                              1.500000    1.509814   -0.009814 (VIOLATED)
_15255_/Y                               1.495733    1.505531   -0.009798 (VIOLATED)
_15275_/S                               1.500000    1.509771   -0.009771 (VIOLATED)
_15276_/S                               1.500000    1.509763   -0.009763 (VIOLATED)
_16063_/S                               1.500000    1.509709   -0.009709 (VIOLATED)
_16065_/S                               1.500000    1.509703   -0.009703 (VIOLATED)
_15481_/S                               1.500000    1.509691   -0.009691 (VIOLATED)
_26985_/Y                               1.495733    1.505415   -0.009682 (VIOLATED)
_15284_/S                               1.500000    1.509677   -0.009677 (VIOLATED)
_15478_/S                               1.500000    1.509662   -0.009662 (VIOLATED)
_26989_/S                               1.500000    1.509655   -0.009655 (VIOLATED)
_15463_/S                               1.500000    1.509599   -0.009599 (VIOLATED)
_15286_/S                               1.500000    1.509567   -0.009567 (VIOLATED)
_15265_/S                               1.500000    1.509547   -0.009547 (VIOLATED)
_15280_/S                               1.500000    1.509537   -0.009537 (VIOLATED)
_16027_/S                               1.500000    1.509526   -0.009527 (VIOLATED)
_15287_/S                               1.500000    1.509503   -0.009503 (VIOLATED)
_18040_/A0                              1.500000    1.509492   -0.009492 (VIOLATED)
_15263_/S                               1.500000    1.509469   -0.009469 (VIOLATED)
_15283_/S                               1.500000    1.509465   -0.009465 (VIOLATED)
_15474_/S                               1.500000    1.509454   -0.009454 (VIOLATED)
_16067_/S                               1.500000    1.509438   -0.009438 (VIOLATED)
_27428_/A1                              1.500000    1.509428   -0.009428 (VIOLATED)
_16047_/S                               1.500000    1.509414   -0.009414 (VIOLATED)
_15260_/S                               1.500000    1.509399   -0.009399 (VIOLATED)
_27395_/A1                              1.500000    1.509395   -0.009395 (VIOLATED)
_15285_/S                               1.500000    1.509392   -0.009392 (VIOLATED)
_16040_/S                               1.500000    1.509392   -0.009392 (VIOLATED)
_26988_/S                               1.500000    1.509385   -0.009385 (VIOLATED)
_15473_/S                               1.500000    1.509338   -0.009338 (VIOLATED)
_27527_/A1                              1.500000    1.509329   -0.009329 (VIOLATED)
_27014_/S                               1.500000    1.509201   -0.009201 (VIOLATED)
_16074_/S                               1.500000    1.509192   -0.009193 (VIOLATED)
_15482_/S                               1.500000    1.509143   -0.009143 (VIOLATED)
_15269_/S                               1.500000    1.509131   -0.009131 (VIOLATED)
_16023_/S                               1.500000    1.509114   -0.009114 (VIOLATED)
_15279_/S                               1.500000    1.509103   -0.009103 (VIOLATED)
_27560_/A1                              1.500000    1.509048   -0.009048 (VIOLATED)
_16052_/S                               1.500000    1.509041   -0.009041 (VIOLATED)
_17018_/A0                              1.500000    1.509028   -0.009028 (VIOLATED)
_15267_/S                               1.500000    1.509000   -0.009000 (VIOLATED)
_16691_/A1                              1.500000    1.508983   -0.008983 (VIOLATED)
_16853_/A0                              1.500000    1.508980   -0.008980 (VIOLATED)
_16049_/S                               1.500000    1.508959   -0.008959 (VIOLATED)
_27009_/S                               1.500000    1.508931   -0.008931 (VIOLATED)
_15453_/Y                               1.495733    1.504636   -0.008903 (VIOLATED)
_16061_/S                               1.500000    1.508886   -0.008886 (VIOLATED)
_16045_/S                               1.500000    1.508877   -0.008877 (VIOLATED)
_15258_/S                               1.500000    1.508873   -0.008873 (VIOLATED)
_16787_/A1                              1.500000    1.508825   -0.008825 (VIOLATED)
_16066_/S                               1.500000    1.508752   -0.008752 (VIOLATED)
_15261_/S                               1.500000    1.508747   -0.008747 (VIOLATED)
_15282_/S                               1.500000    1.508744   -0.008745 (VIOLATED)
_16057_/S                               1.500000    1.508692   -0.008692 (VIOLATED)
_14818_/A1                              1.500000    1.508681   -0.008681 (VIOLATED)
_15484_/S                               1.500000    1.508569   -0.008569 (VIOLATED)
_15262_/S                               1.500000    1.508487   -0.008487 (VIOLATED)
_26239_/A1                              1.500000    1.508440   -0.008440 (VIOLATED)
_26206_/A0                              1.500000    1.508422   -0.008422 (VIOLATED)
_16064_/S                               1.500000    1.508396   -0.008396 (VIOLATED)
_27006_/S                               1.500000    1.508361   -0.008361 (VIOLATED)
_15458_/S                               1.500000    1.508358   -0.008358 (VIOLATED)
_26997_/S                               1.500000    1.508334   -0.008334 (VIOLATED)
_16029_/S                               1.500000    1.508300   -0.008300 (VIOLATED)
_27461_/A1                              1.500000    1.508296   -0.008296 (VIOLATED)
_27010_/S                               1.500000    1.508290   -0.008290 (VIOLATED)
_15477_/S                               1.500000    1.508271   -0.008271 (VIOLATED)
_15278_/S                               1.500000    1.508210   -0.008210 (VIOLATED)
_15274_/S                               1.500000    1.508109   -0.008109 (VIOLATED)
_27011_/S                               1.500000    1.508108   -0.008108 (VIOLATED)
_15457_/S                               1.500000    1.508002   -0.008002 (VIOLATED)
_16038_/S                               1.500000    1.507977   -0.007978 (VIOLATED)
_16356_/A0                              1.500000    1.507976   -0.007976 (VIOLATED)
_27538_/A1                              1.500000    1.507972   -0.007972 (VIOLATED)
_18842_/S                               1.500000    1.507966   -0.007966 (VIOLATED)
_15281_/S                               1.500000    1.507965   -0.007965 (VIOLATED)
_18851_/S                               1.500000    1.507944   -0.007944 (VIOLATED)
_18838_/S                               1.500000    1.507929   -0.007930 (VIOLATED)
_16015_/Y                               1.495733    1.503658   -0.007925 (VIOLATED)
_18839_/S                               1.500000    1.507921   -0.007921 (VIOLATED)
_24670_/C1                              1.500000    1.507773   -0.007773 (VIOLATED)
_18834_/S                               1.500000    1.507739   -0.007739 (VIOLATED)
_18826_/Y                               1.495733    1.503439   -0.007706 (VIOLATED)
_27005_/S                               1.500000    1.507689   -0.007689 (VIOLATED)
_18852_/S                               1.500000    1.507659   -0.007659 (VIOLATED)
_15272_/S                               1.500000    1.507592   -0.007592 (VIOLATED)
_15459_/S                               1.500000    1.507565   -0.007565 (VIOLATED)
_18856_/S                               1.500000    1.507433   -0.007433 (VIOLATED)
_15270_/S                               1.500000    1.507428   -0.007428 (VIOLATED)
_15257_/S                               1.500000    1.507427   -0.007428 (VIOLATED)
_15259_/S                               1.500000    1.507406   -0.007406 (VIOLATED)
_18858_/S                               1.500000    1.507394   -0.007394 (VIOLATED)
_15277_/S                               1.500000    1.507378   -0.007378 (VIOLATED)
_16059_/S                               1.500000    1.507373   -0.007373 (VIOLATED)
_16037_/S                               1.500000    1.507373   -0.007373 (VIOLATED)
_15470_/S                               1.500000    1.507372   -0.007372 (VIOLATED)
_15465_/S                               1.500000    1.507343   -0.007343 (VIOLATED)
_15483_/S                               1.500000    1.507316   -0.007316 (VIOLATED)
_15273_/S                               1.500000    1.507305   -0.007305 (VIOLATED)
_15460_/S                               1.500000    1.507300   -0.007300 (VIOLATED)
_15271_/S                               1.500000    1.507268   -0.007268 (VIOLATED)
_15461_/S                               1.500000    1.507265   -0.007265 (VIOLATED)
_15256_/S                               1.500000    1.507219   -0.007219 (VIOLATED)
_15485_/S                               1.500000    1.507211   -0.007211 (VIOLATED)
_16044_/S                               1.500000    1.507194   -0.007194 (VIOLATED)
_16018_/S                               1.500000    1.507179   -0.007179 (VIOLATED)
_16046_/S                               1.500000    1.507164   -0.007164 (VIOLATED)
_27001_/S                               1.500000    1.507143   -0.007143 (VIOLATED)
_18833_/S                               1.500000    1.507105   -0.007106 (VIOLATED)
_27015_/S                               1.500000    1.507090   -0.007090 (VIOLATED)
_15456_/S                               1.500000    1.507074   -0.007074 (VIOLATED)
_16020_/S                               1.500000    1.507065   -0.007065 (VIOLATED)
_15268_/S                               1.500000    1.507062   -0.007062 (VIOLATED)
_27013_/S                               1.500000    1.507053   -0.007053 (VIOLATED)
_15467_/S                               1.500000    1.507029   -0.007029 (VIOLATED)
_15480_/S                               1.500000    1.507023   -0.007023 (VIOLATED)
_18832_/S                               1.500000    1.506976   -0.006976 (VIOLATED)
_26993_/S                               1.500000    1.506963   -0.006963 (VIOLATED)
_16039_/S                               1.500000    1.506957   -0.006957 (VIOLATED)
_16489_/A0                              1.500000    1.506931   -0.006931 (VIOLATED)
_16021_/S                               1.500000    1.506833   -0.006833 (VIOLATED)
_26107_/A1                              1.500000    1.506827   -0.006828 (VIOLATED)
_15476_/S                               1.500000    1.506804   -0.006805 (VIOLATED)
_15264_/S                               1.500000    1.506771   -0.006771 (VIOLATED)
_18831_/S                               1.500000    1.506738   -0.006738 (VIOLATED)
_15472_/S                               1.500000    1.506724   -0.006724 (VIOLATED)
_16022_/S                               1.500000    1.506709   -0.006709 (VIOLATED)
_16032_/S                               1.500000    1.506523   -0.006523 (VIOLATED)
_15266_/S                               1.500000    1.506513   -0.006513 (VIOLATED)
_26995_/S                               1.500000    1.506419   -0.006419 (VIOLATED)
_26173_/A0                              1.500000    1.506380   -0.006380 (VIOLATED)
_16042_/S                               1.500000    1.506324   -0.006324 (VIOLATED)
_26140_/A0                              1.500000    1.506317   -0.006317 (VIOLATED)
_17777_/A0                              1.500000    1.506317   -0.006317 (VIOLATED)
_16017_/S                               1.500000    1.506316   -0.006316 (VIOLATED)
_15455_/S                               1.500000    1.506291   -0.006291 (VIOLATED)
_16019_/S                               1.500000    1.506227   -0.006227 (VIOLATED)
_15479_/S                               1.500000    1.506215   -0.006215 (VIOLATED)
_16622_/A0                              1.500000    1.506212   -0.006212 (VIOLATED)
_16034_/S                               1.500000    1.506209   -0.006209 (VIOLATED)
_15475_/S                               1.500000    1.506151   -0.006151 (VIOLATED)
_18850_/S                               1.500000    1.506142   -0.006142 (VIOLATED)
_16030_/S                               1.500000    1.506136   -0.006136 (VIOLATED)
_25634_/A1                              1.500000    1.506061   -0.006061 (VIOLATED)
_17612_/A1                              1.500000    1.506039   -0.006039 (VIOLATED)
_16016_/S                               1.500000    1.505981   -0.005981 (VIOLATED)
_16033_/S                               1.500000    1.505857   -0.005857 (VIOLATED)
_18973_/A0                              1.500000    1.505833   -0.005833 (VIOLATED)
_16041_/S                               1.500000    1.505800   -0.005800 (VIOLATED)
_18830_/S                               1.500000    1.505791   -0.005791 (VIOLATED)
_18846_/S                               1.500000    1.505789   -0.005789 (VIOLATED)
_15469_/S                               1.500000    1.505789   -0.005789 (VIOLATED)
_18845_/S                               1.500000    1.505764   -0.005764 (VIOLATED)
_26999_/S                               1.500000    1.505743   -0.005743 (VIOLATED)
_27012_/S                               1.500000    1.505738   -0.005738 (VIOLATED)
_15468_/S                               1.500000    1.505726   -0.005726 (VIOLATED)
_18843_/S                               1.500000    1.505723   -0.005723 (VIOLATED)
_26996_/S                               1.500000    1.505706   -0.005706 (VIOLATED)
_16028_/S                               1.500000    1.505704   -0.005704 (VIOLATED)
_26994_/S                               1.500000    1.505663   -0.005663 (VIOLATED)
_16024_/S                               1.500000    1.505628   -0.005628 (VIOLATED)
_26987_/S                               1.500000    1.505616   -0.005616 (VIOLATED)
_27003_/S                               1.500000    1.505588   -0.005588 (VIOLATED)
_26998_/S                               1.500000    1.505572   -0.005572 (VIOLATED)
_27000_/S                               1.500000    1.505560   -0.005560 (VIOLATED)
_26986_/S                               1.500000    1.505519   -0.005519 (VIOLATED)
_27017_/S                               1.500000    1.505514   -0.005514 (VIOLATED)
_27007_/S                               1.500000    1.505510   -0.005510 (VIOLATED)
_15471_/S                               1.500000    1.505458   -0.005458 (VIOLATED)
_16031_/S                               1.500000    1.505457   -0.005457 (VIOLATED)
_27008_/S                               1.500000    1.505456   -0.005456 (VIOLATED)
_15454_/S                               1.500000    1.505446   -0.005446 (VIOLATED)
_18857_/S                               1.500000    1.505397   -0.005397 (VIOLATED)
_15466_/S                               1.500000    1.505396   -0.005396 (VIOLATED)
_18854_/S                               1.500000    1.505116   -0.005116 (VIOLATED)
_15462_/S                               1.500000    1.505113   -0.005113 (VIOLATED)
_18837_/S                               1.500000    1.504966   -0.004966 (VIOLATED)
_18835_/S                               1.500000    1.504958   -0.004958 (VIOLATED)
_18841_/S                               1.500000    1.504907   -0.004907 (VIOLATED)
_15464_/S                               1.500000    1.504890   -0.004890 (VIOLATED)
_18707_/A1                              1.500000    1.504867   -0.004867 (VIOLATED)
_18844_/S                               1.500000    1.504852   -0.004852 (VIOLATED)
_25653_/A1                              1.500000    1.504833   -0.004833 (VIOLATED)
_18848_/S                               1.500000    1.504774   -0.004774 (VIOLATED)
_18849_/S                               1.500000    1.504767   -0.004768 (VIOLATED)
_18828_/S                               1.500000    1.504727   -0.004727 (VIOLATED)
_18853_/S                               1.500000    1.504721   -0.004721 (VIOLATED)
_25297_/A1                              1.500000    1.504720   -0.004720 (VIOLATED)
_16541_/A1                              1.500000    1.504706   -0.004706 (VIOLATED)
_18855_/S                               1.500000    1.504704   -0.004705 (VIOLATED)
_16223_/A1                              1.500000    1.504678   -0.004678 (VIOLATED)
_16026_/S                               1.500000    1.504647   -0.004647 (VIOLATED)
_18840_/S                               1.500000    1.504567   -0.004567 (VIOLATED)
_27652_/A0                              1.500000    1.504536   -0.004536 (VIOLATED)
_25363_/A1                              1.500000    1.504338   -0.004338 (VIOLATED)
_18827_/S                               1.500000    1.504239   -0.004239 (VIOLATED)
_18594_/A0                              1.500000    1.504169   -0.004169 (VIOLATED)
_19952_/B1                              1.500000    1.504139   -0.004139 (VIOLATED)
_18836_/S                               1.500000    1.504090   -0.004091 (VIOLATED)
_18829_/S                               1.500000    1.503936   -0.003936 (VIOLATED)
_18847_/S                               1.500000    1.503826   -0.003826 (VIOLATED)
_14449_/A1                              1.500000    1.503755   -0.003756 (VIOLATED)
_27203_/A0                              1.500000    1.503668   -0.003668 (VIOLATED)
_25620_/A0                              1.500000    1.503665   -0.003665 (VIOLATED)
_16323_/A1                              1.500000    1.503520   -0.003520 (VIOLATED)
_19013_/A1                              1.500000    1.503503   -0.003503 (VIOLATED)
_24981_/A0                              1.500000    1.503296   -0.003296 (VIOLATED)
_27571_/A1                              1.500000    1.503280   -0.003280 (VIOLATED)
_18336_/A0                              1.500000    1.503194   -0.003194 (VIOLATED)
_19496_/C1                              1.500000    1.503185   -0.003185 (VIOLATED)
_14305_/A0                              1.500000    1.503150   -0.003150 (VIOLATED)
_17215_/A1                              1.500000    1.503127   -0.003127 (VIOLATED)
_16918_/A0                              1.500000    1.503108   -0.003108 (VIOLATED)
_22403_/B1                              1.500000    1.503030   -0.003030 (VIOLATED)
_16984_/A0                              1.500000    1.502991   -0.002991 (VIOLATED)
_23272_/B1                              1.500000    1.502938   -0.002938 (VIOLATED)
_24684_/A0                              1.500000    1.502927   -0.002927 (VIOLATED)
_23501_/C1                              1.500000    1.502783   -0.002783 (VIOLATED)
_17973_/A0                              1.500000    1.502762   -0.002762 (VIOLATED)
_25601_/A0                              1.500000    1.502644   -0.002644 (VIOLATED)
_19273_/B1                              1.500000    1.502620   -0.002620 (VIOLATED)
_27996_/A1                              1.500000    1.502593   -0.002593 (VIOLATED)
_27864_/A0                              1.500000    1.502472   -0.002472 (VIOLATED)
_18230_/A1                              1.500000    1.502333   -0.002333 (VIOLATED)
_24197_/C1                              1.500000    1.502293   -0.002293 (VIOLATED)
_24307_/B1                              1.500000    1.502293   -0.002293 (VIOLATED)
_14853_/A1                              1.500000    1.502123   -0.002123 (VIOLATED)
_25262_/A1                              1.500000    1.502093   -0.002093 (VIOLATED)
_21705_/B1                              1.500000    1.502054   -0.002054 (VIOLATED)
_16256_/A1                              1.500000    1.502000   -0.002000 (VIOLATED)
_14609_/A0                              1.500000    1.501522   -0.001522 (VIOLATED)
_17512_/A0                              1.500000    1.501324   -0.001324 (VIOLATED)
_22053_/B1                              1.500000    1.501312   -0.001312 (VIOLATED)
_21759_/C1                              1.500000    1.501273   -0.001273 (VIOLATED)
_19433_/B1                              1.500000    1.500999   -0.001000 (VIOLATED)
_25588_/A1                              1.500000    1.500996   -0.000997 (VIOLATED)
_19790_/B1                              1.500000    1.500804   -0.000804 (VIOLATED)
_27164_/A1                              1.500000    1.500740   -0.000740 (VIOLATED)
_27401_/A1                              1.500000    1.500696   -0.000696 (VIOLATED)
_26959_/S                               1.500000    1.500688   -0.000688 (VIOLATED)
_26971_/S                               1.500000    1.500648   -0.000648 (VIOLATED)
_26969_/S                               1.500000    1.500619   -0.000619 (VIOLATED)
_27897_/A1                              1.500000    1.500611   -0.000611 (VIOLATED)
_16188_/A0                              1.500000    1.500606   -0.000606 (VIOLATED)
_26958_/S                               1.500000    1.500542   -0.000542 (VIOLATED)
_26957_/S                               1.500000    1.500396   -0.000396 (VIOLATED)
_26983_/S                               1.500000    1.500333   -0.000333 (VIOLATED)
_15066_/S                               1.500000    1.500284   -0.000284 (VIOLATED)
_15062_/S                               1.500000    1.500281   -0.000281 (VIOLATED)
_21411_/C1                              1.500000    1.500201   -0.000201 (VIOLATED)
_15084_/S                               1.500000    1.500187   -0.000187 (VIOLATED)
_26956_/S                               1.500000    1.500154   -0.000154 (VIOLATED)
_26366_/A1                              1.500000    1.500124   -0.000124 (VIOLATED)
_15064_/S                               1.500000    1.500097   -0.000097 (VIOLATED)
_15082_/S                               1.500000    1.500059   -0.000059 (VIOLATED)

max capacitance

Pin                                        Limit         Cap       Slack
------------------------------------------------------------------------
output70/X                              1.017161    5.001749   -3.984588 (VIOLATED)
output71/X                              1.017161    5.001195   -3.984035 (VIOLATED)
output47/X                              1.017161    5.000724   -3.983563 (VIOLATED)
output63/X                              1.017161    5.000725   -3.983563 (VIOLATED)
output61/X                              1.017161    5.000679   -3.983518 (VIOLATED)
output66/X                              1.017161    5.000679   -3.983518 (VIOLATED)
output54/X                              1.017161    5.000668   -3.983506 (VIOLATED)
output58/X                              1.017161    5.000671   -3.983510 (VIOLATED)
output59/X                              1.017161    5.000669   -3.983507 (VIOLATED)
output40/X                              1.017161    5.000658   -3.983497 (VIOLATED)
output49/X                              1.017161    5.000660   -3.983499 (VIOLATED)
output42/X                              1.017161    5.000654   -3.983493 (VIOLATED)
output52/X                              1.017161    5.000647   -3.983485 (VIOLATED)
output44/X                              1.017161    5.000637   -3.983476 (VIOLATED)
output41/X                              1.017161    5.000631   -3.983470 (VIOLATED)
output60/X                              1.017161    5.000632   -3.983471 (VIOLATED)
output67/X                              1.017161    5.000635   -3.983473 (VIOLATED)
output38/X                              1.017161    5.000620   -3.983459 (VIOLATED)
output39/X                              1.017161    5.000620   -3.983459 (VIOLATED)
output55/X                              1.017161    5.000614   -3.983453 (VIOLATED)
output46/X                              1.017161    5.000603   -3.983442 (VIOLATED)
output57/X                              1.017161    5.000594   -3.983433 (VIOLATED)
output45/X                              1.017161    5.000583   -3.983422 (VIOLATED)
output51/X                              1.017161    5.000580   -3.983419 (VIOLATED)
output69/X                              1.017161    5.000572   -3.983411 (VIOLATED)
output53/X                              1.017161    5.000534   -3.983373 (VIOLATED)
output68/X                              1.017161    5.000534   -3.983373 (VIOLATED)
output64/X                              1.017161    5.000525   -3.983365 (VIOLATED)
output50/X                              1.017161    5.000504   -3.983342 (VIOLATED)
output43/X                              1.017161    5.000472   -3.983310 (VIOLATED)
output48/X                              1.017161    5.000466   -3.983305 (VIOLATED)
output62/X                              1.017161    5.000467   -3.983306 (VIOLATED)
output65/X                              1.017161    5.000467   -3.983306 (VIOLATED)
output56/X                              1.017161    5.000459   -3.983298 (VIOLATED)
input29/X                               1.017161    1.210289   -0.193128 (VIOLATED)
_33242_/Q                               0.348826    0.445181   -0.096355 (VIOLATED)
_14606_/X                               0.326853    0.386283   -0.059430 (VIOLATED)
_14643_/X                               0.326853    0.365180   -0.038327 (VIOLATED)
_14243_/Y                               0.270090    0.302333   -0.032243 (VIOLATED)
_14295_/X                               0.326853    0.355979   -0.029126 (VIOLATED)
_16114_/Y                               0.270090    0.294362   -0.024272 (VIOLATED)
_16447_/Y                               0.270090    0.292157   -0.022067 (VIOLATED)
_18727_/Y                               0.270090    0.292015   -0.021925 (VIOLATED)
_27414_/Y                               0.270090    0.291530   -0.021440 (VIOLATED)
_14884_/X                               0.326853    0.347832   -0.020979 (VIOLATED)
_25699_/Y                               0.270090    0.290548   -0.020458 (VIOLATED)
_27744_/Y                               0.270090    0.288785   -0.018695 (VIOLATED)
_16147_/Y                               0.270090    0.287785   -0.017695 (VIOLATED)
_15850_/Y                               0.270090    0.285750   -0.015660 (VIOLATED)
_27777_/Y                               0.270090    0.284957   -0.014867 (VIOLATED)
_28173_/Y                               0.270090    0.284293   -0.014203 (VIOLATED)
_16081_/Y                               0.270090    0.284161   -0.014071 (VIOLATED)
_27810_/Y                               0.270090    0.283493   -0.013403 (VIOLATED)
_27282_/Y                               0.270090    0.282966   -0.012876 (VIOLATED)
_15619_/Y                               0.270090    0.282103   -0.012013 (VIOLATED)
_15121_/Y                               0.270090    0.282071   -0.011981 (VIOLATED)
_27447_/Y                               0.270090    0.281452   -0.011362 (VIOLATED)
_27216_/Y                               0.270090    0.280910   -0.010820 (VIOLATED)
_15486_/Y                               0.270090    0.279903   -0.009813 (VIOLATED)
_15553_/Y                               0.270090    0.279521   -0.009431 (VIOLATED)
_28140_/Y                               0.270090    0.277210   -0.007119 (VIOLATED)
_15088_/Y                               0.270090    0.276567   -0.006477 (VIOLATED)
_18693_/Y                               0.270090    0.276174   -0.006084 (VIOLATED)
_26358_/Y                               0.270090    0.275905   -0.005815 (VIOLATED)
_27381_/Y                               0.270090    0.275632   -0.005542 (VIOLATED)
_26985_/Y                               0.270090    0.275306   -0.005216 (VIOLATED)
_15685_/Y                               0.270090    0.274868   -0.004778 (VIOLATED)
_27018_/Y                               0.270090    0.274819   -0.004729 (VIOLATED)
_18460_/Y                               0.270090    0.274783   -0.004693 (VIOLATED)
_18893_/Y                               0.270090    0.274418   -0.004328 (VIOLATED)
_15586_/Y                               0.270090    0.274174   -0.004084 (VIOLATED)
_27480_/Y                               0.270090    0.273954   -0.003864 (VIOLATED)
_16048_/Y                               0.270090    0.273132   -0.003042 (VIOLATED)
_18826_/Y                               0.270090    0.273053   -0.002963 (VIOLATED)
_15453_/Y                               0.270090    0.273042   -0.002952 (VIOLATED)
_15255_/Y                               0.270090    0.272972   -0.002882 (VIOLATED)
_16015_/Y                               0.270090    0.272470   -0.002380 (VIOLATED)
_15020_/Y                               0.270090    0.271523   -0.001433 (VIOLATED)
_18493_/Y                               0.270090    0.271390   -0.001300 (VIOLATED)
_28239_/Y                               0.270090    0.271145   -0.001055 (VIOLATED)
_26952_/Y                               0.270090    0.271053   -0.000963 (VIOLATED)
_26622_/Y                               0.270090    0.270279   -0.000189 (VIOLATED)



===========================================================================
report_parasitic_annotation -report_unannotated
============================================================================
Found 524 unannotated drivers.
 clkload0/X
 clkload1/Y
 clkload10/Y
 clkload100/Y
 clkload101/Y
 clkload102/X
 clkload103/Y
 clkload104/Y
 clkload105/Y
 clkload106/Y
 clkload107/Y
 clkload108/Y
 clkload109/Y
 clkload11/X
 clkload110/Y
 clkload111/Y
 clkload112/Y
 clkload113/Y
 clkload114/Y
 clkload115/Y
 clkload116/X
 clkload117/Y
 clkload118/Y
 clkload119/Y
 clkload12/X
 clkload120/Y
 clkload121/Y
 clkload122/X
 clkload123/X
 clkload124/Y
 clkload125/Y
 clkload126/Y
 clkload127/Y
 clkload128/Y
 clkload129/X
 clkload13/Y
 clkload130/Y
 clkload131/Y
 clkload132/Y
 clkload133/Y
 clkload134/Y
 clkload135/Y
 clkload136/Y
 clkload137/Y
 clkload138/Y
 clkload139/Y
 clkload14/Y
 clkload140/Y
 clkload141/Y
 clkload142/Y
 clkload143/Y
 clkload144/X
 clkload145/Y
 clkload146/Y
 clkload147/Y
 clkload148/Y
 clkload149/Y
 clkload15/Y
 clkload150/Y
 clkload151/Y
 clkload152/Y
 clkload153/Y
 clkload154/Y
 clkload155/Y
 clkload156/Y
 clkload157/Y
 clkload158/Y
 clkload159/Y
 clkload16/X
 clkload160/X
 clkload161/Y
 clkload162/Y
 clkload163/Y
 clkload164/X
 clkload165/Y
 clkload166/Y
 clkload167/X
 clkload168/X
 clkload169/X
 clkload17/X
 clkload170/Y
 clkload171/Y
 clkload172/Y
 clkload173/Y
 clkload174/Y
 clkload175/X
 clkload176/Y
 clkload177/X
 clkload178/X
 clkload179/X
 clkload18/Y
 clkload180/Y
 clkload181/Y
 clkload182/Y
 clkload183/Y
 clkload184/Y
 clkload185/Y
 clkload186/Y
 clkload187/Y
 clkload188/Y
 clkload189/Y
 clkload19/Y
 clkload190/Y
 clkload191/Y
 clkload192/Y
 clkload193/Y
 clkload194/Y
 clkload195/Y
 clkload196/Y
 clkload197/X
 clkload198/Y
 clkload199/Y
 clkload2/X
 clkload20/Y
 clkload200/Y
 clkload201/Y
 clkload202/Y
 clkload203/Y
 clkload204/Y
 clkload205/Y
 clkload206/X
 clkload207/Y
 clkload208/Y
 clkload209/Y
 clkload21/X
 clkload210/Y
 clkload211/Y
 clkload212/Y
 clkload213/Y
 clkload214/Y
 clkload215/X
 clkload216/Y
 clkload217/Y
 clkload218/Y
 clkload219/X
 clkload22/Y
 clkload220/Y
 clkload221/Y
 clkload222/Y
 clkload223/Y
 clkload224/Y
 clkload225/X
 clkload226/Y
 clkload227/Y
 clkload228/Y
 clkload229/Y
 clkload23/Y
 clkload230/Y
 clkload231/Y
 clkload232/Y
 clkload233/Y
 clkload234/Y
 clkload235/Y
 clkload236/X
 clkload237/Y
 clkload238/X
 clkload239/Y
 clkload24/Y
 clkload240/Y
 clkload241/Y
 clkload242/Y
 clkload243/Y
 clkload244/Y
 clkload245/Y
 clkload246/Y
 clkload247/Y
 clkload248/Y
 clkload249/Y
 clkload25/Y
 clkload250/Y
 clkload251/Y
 clkload252/X
 clkload253/Y
 clkload254/Y
 clkload255/Y
 clkload256/Y
 clkload257/Y
 clkload258/Y
 clkload259/Y
 clkload26/X
 clkload260/X
 clkload261/Y
 clkload262/Y
 clkload263/Y
 clkload264/Y
 clkload265/Y
 clkload266/Y
 clkload267/Y
 clkload268/Y
 clkload269/Y
 clkload27/Y
 clkload270/Y
 clkload271/Y
 clkload272/Y
 clkload273/Y
 clkload274/Y
 clkload275/X
 clkload276/Y
 clkload277/Y
 clkload278/Y
 clkload279/Y
 clkload28/X
 clkload280/Y
 clkload281/Y
 clkload282/Y
 clkload283/Y
 clkload284/Y
 clkload285/Y
 clkload286/Y
 clkload287/X
 clkload288/Y
 clkload289/Y
 clkload29/Y
 clkload290/Y
 clkload291/Y
 clkload292/Y
 clkload293/Y
 clkload294/Y
 clkload295/Y
 clkload296/Y
 clkload297/Y
 clkload298/X
 clkload299/Y
 clkload3/Y
 clkload30/Y
 clkload300/Y
 clkload301/Y
 clkload302/Y
 clkload303/Y
 clkload304/Y
 clkload305/X
 clkload306/Y
 clkload307/Y
 clkload308/Y
 clkload309/Y
 clkload31/X
 clkload310/Y
 clkload311/Y
 clkload312/Y
 clkload313/Y
 clkload314/Y
 clkload315/Y
 clkload316/Y
 clkload317/Y
 clkload318/Y
 clkload319/Y
 clkload32/X
 clkload320/Y
 clkload321/X
 clkload322/X
 clkload323/Y
 clkload324/Y
 clkload325/Y
 clkload326/X
 clkload327/Y
 clkload328/Y
 clkload329/Y
 clkload33/Y
 clkload330/Y
 clkload331/Y
 clkload332/Y
 clkload333/X
 clkload334/Y
 clkload335/Y
 clkload336/Y
 clkload337/Y
 clkload338/Y
 clkload339/Y
 clkload34/X
 clkload340/Y
 clkload341/Y
 clkload342/Y
 clkload343/Y
 clkload344/Y
 clkload345/Y
 clkload346/Y
 clkload347/Y
 clkload348/Y
 clkload349/Y
 clkload35/X
 clkload350/Y
 clkload351/Y
 clkload352/Y
 clkload353/X
 clkload354/Y
 clkload355/Y
 clkload356/Y
 clkload357/Y
 clkload358/Y
 clkload359/Y
 clkload36/Y
 clkload360/Y
 clkload361/Y
 clkload362/Y
 clkload363/Y
 clkload364/X
 clkload365/X
 clkload366/Y
 clkload367/Y
 clkload368/X
 clkload369/Y
 clkload37/Y
 clkload370/Y
 clkload371/Y
 clkload372/X
 clkload373/Y
 clkload374/Y
 clkload375/X
 clkload376/Y
 clkload377/X
 clkload378/Y
 clkload379/X
 clkload38/Y
 clkload380/Y
 clkload381/Y
 clkload382/Y
 clkload383/Y
 clkload384/Y
 clkload385/Y
 clkload386/X
 clkload387/Y
 clkload388/Y
 clkload389/Y
 clkload39/Y
 clkload390/Y
 clkload391/Y
 clkload392/Y
 clkload393/X
 clkload394/Y
 clkload395/X
 clkload396/Y
 clkload397/Y
 clkload398/Y
 clkload399/Y
 clkload4/X
 clkload40/Y
 clkload400/Y
 clkload401/Y
 clkload402/X
 clkload403/Y
 clkload404/Y
 clkload405/Y
 clkload406/Y
 clkload407/Y
 clkload408/Y
 clkload409/Y
 clkload41/Y
 clkload410/X
 clkload411/Y
 clkload412/Y
 clkload413/Y
 clkload414/Y
 clkload415/Y
 clkload416/X
 clkload417/Y
 clkload418/Y
 clkload419/Y
 clkload42/Y
 clkload420/Y
 clkload421/Y
 clkload422/Y
 clkload423/Y
 clkload424/Y
 clkload425/Y
 clkload426/Y
 clkload427/Y
 clkload428/Y
 clkload429/X
 clkload43/Y
 clkload430/X
 clkload431/Y
 clkload432/Y
 clkload433/Y
 clkload434/Y
 clkload435/Y
 clkload436/Y
 clkload437/Y
 clkload438/X
 clkload439/Y
 clkload44/Y
 clkload440/Y
 clkload441/Y
 clkload442/Y
 clkload443/Y
 clkload444/Y
 clkload445/Y
 clkload446/Y
 clkload447/Y
 clkload448/Y
 clkload449/Y
 clkload45/Y
 clkload450/Y
 clkload451/Y
 clkload452/Y
 clkload453/Y
 clkload454/Y
 clkload455/Y
 clkload456/Y
 clkload457/Y
 clkload458/Y
 clkload459/Y
 clkload46/Y
 clkload460/Y
 clkload461/Y
 clkload462/Y
 clkload463/X
 clkload464/Y
 clkload465/Y
 clkload466/Y
 clkload467/Y
 clkload468/Y
 clkload469/Y
 clkload47/Y
 clkload470/Y
 clkload471/Y
 clkload472/X
 clkload473/Y
 clkload474/Y
 clkload475/Y
 clkload476/Y
 clkload477/Y
 clkload478/Y
 clkload479/X
 clkload48/Y
 clkload480/Y
 clkload481/Y
 clkload482/X
 clkload483/Y
 clkload484/Y
 clkload485/Y
 clkload486/Y
 clkload487/Y
 clkload488/Y
 clkload489/Y
 clkload49/Y
 clkload490/Y
 clkload491/Y
 clkload492/Y
 clkload493/Y
 clkload494/Y
 clkload495/Y
 clkload496/Y
 clkload497/Y
 clkload498/Y
 clkload499/Y
 clkload5/Y
 clkload50/Y
 clkload500/Y
 clkload501/Y
 clkload502/Y
 clkload503/Y
 clkload504/Y
 clkload505/Y
 clkload506/X
 clkload507/Y
 clkload508/Y
 clkload509/Y
 clkload51/Y
 clkload510/Y
 clkload511/Y
 clkload512/Y
 clkload513/Y
 clkload514/X
 clkload515/Y
 clkload516/Y
 clkload517/Y
 clkload518/Y
 clkload519/Y
 clkload52/X
 clkload520/Y
 clkload521/Y
 clkload522/Y
 clkload523/Y
 clkload53/Y
 clkload54/Y
 clkload55/Y
 clkload56/Y
 clkload57/Y
 clkload58/Y
 clkload59/Y
 clkload6/X
 clkload60/Y
 clkload61/Y
 clkload62/Y
 clkload63/Y
 clkload64/Y
 clkload65/Y
 clkload66/X
 clkload67/Y
 clkload68/Y
 clkload69/Y
 clkload7/X
 clkload70/Y
 clkload71/X
 clkload72/X
 clkload73/Y
 clkload74/Y
 clkload75/Y
 clkload76/Y
 clkload77/Y
 clkload78/Y
 clkload79/Y
 clkload8/Y
 clkload80/Y
 clkload81/Y
 clkload82/X
 clkload83/Y
 clkload84/Y
 clkload85/Y
 clkload86/Y
 clkload87/Y
 clkload88/Y
 clkload89/Y
 clkload9/Y
 clkload90/Y
 clkload91/Y
 clkload92/Y
 clkload93/Y
 clkload94/Y
 clkload95/Y
 clkload96/Y
 clkload97/Y
 clkload98/X
 clkload99/Y
Found 0 partially unannotated drivers.

===========================================================================
max slew violation count 3703
max fanout violation count 0
max cap violation count 82
============================================================================

===========================================================================
check_setup -verbose -unconstrained_endpoints -multiple_clock -no_clock -no_input_delay -loops -generated_clocks
===========================================================================
