Net: _08357_
  Pin:   _14644_/B (sky130_fd_sc_hd__or2_4)
    Layer: mcon
      Partial area ratio:    0.12
      Required ratio:    3.00 (Gate area) 
      Cumulative area ratio:    0.12
      Required ratio:    0.00 (Cumulative area) 

    Layer: met1
      Partial area ratio:    2.17
      Required ratio:    0.00 (Gate area) 
      Cumulative area ratio:    2.17
      Required ratio:    0.00 (Cumulative area) 
      Partial area ratio:   10.08
      Required ratio:  400.00 (Side area) 
      Cumulative area ratio:   10.08
      Required ratio:    0.00 (Cumulative side area) 

    Layer: via
      Partial area ratio:    0.18
      Required ratio:    6.00 (Gate area) 
      Cumulative area ratio:    0.30
      Required ratio:    0.00 (Cumulative area) 

    Layer: met2
      Partial area ratio:    0.75
      Required ratio:    0.00 (Gate area) 
      Cumulative area ratio:    2.92
      Required ratio:    0.00 (Cumulative area) 
      Partial area ratio:    3.48
      Required ratio:  400.00 (Side area) 
      Cumulative area ratio:   13.56
      Required ratio:    0.00 (Cumulative side area) 

    Layer: via2
      Partial area ratio:    0.16
      Required ratio:    6.00 (Gate area) 
      Cumulative area ratio:    0.46
      Required ratio:    0.00 (Cumulative area) 

    Layer: met3
      Partial area ratio:    8.86
      Required ratio:    0.00 (Gate area) 
      Cumulative area ratio:   11.78
      Required ratio:    0.00 (Cumulative area) 
      Partial area ratio:   49.16
      Required ratio:  400.00 (Side area) 
      Cumulative area ratio:   62.72
      Required ratio:    0.00 (Cumulative side area) 

    Layer: via3
      Partial area ratio:    0.16
      Required ratio:    6.00 (Gate area) 
      Cumulative area ratio:    0.62
      Required ratio:    0.00 (Cumulative area) 

    Layer: met4
      Partial area ratio:   36.25
      Required ratio:    0.00 (Gate area) 
      Cumulative area ratio:   48.03
      Required ratio:    0.00 (Cumulative area) 
      Partial area ratio:  193.64
      Required ratio: 3478.04 (Side area) 
      Cumulative area ratio:  256.36
      Required ratio:    0.00 (Cumulative side area) 


  Pin:   _14747_/B (sky130_fd_sc_hd__or2_4)
    Layer: mcon
      Partial area ratio:    0.12
      Required ratio:    3.00 (Gate area) 
      Cumulative area ratio:    0.12
      Required ratio:    0.00 (Cumulative area) 

    Layer: met1
      Partial area ratio:    2.73
      Required ratio:    0.00 (Gate area) 
      Cumulative area ratio:    2.73
      Required ratio:    0.00 (Cumulative area) 
      Partial area ratio:   12.90
      Required ratio:  400.00 (Side area) 
      Cumulative area ratio:   12.90
      Required ratio:    0.00 (Cumulative side area) 

    Layer: via
      Partial area ratio:    0.18
      Required ratio:    6.00 (Gate area) 
      Cumulative area ratio:    0.30
      Required ratio:    0.00 (Cumulative area) 

    Layer: met2
      Partial area ratio:    9.26
      Required ratio:    0.00 (Gate area) 
      Cumulative area ratio:   11.99
      Required ratio:    0.00 (Cumulative area) 
      Partial area ratio:   44.88
      Required ratio:  400.00 (Side area) 
      Cumulative area ratio:   57.79
      Required ratio:    0.00 (Cumulative side area) 

    Layer: via2
      Partial area ratio:    0.32
      Required ratio:    6.00 (Gate area) 
      Cumulative area ratio:    0.62
      Required ratio:    0.00 (Cumulative area) 

    Layer: met3
      Partial area ratio:   52.65
      Required ratio:    0.00 (Gate area) 
      Cumulative area ratio:   64.64
      Required ratio:    0.00 (Cumulative area) 
      Partial area ratio:  282.21
      Required ratio: 2956.40 (Side area) 
      Cumulative area ratio:  339.99
      Required ratio:    0.00 (Cumulative side area) 

    Layer: via3
      Partial area ratio:    0.08
      Required ratio:   38.08 (Gate area) 
      Cumulative area ratio:    0.70
      Required ratio:    0.00 (Cumulative area) 

    Layer: met4
      Partial area ratio:   36.25
      Required ratio:    0.00 (Gate area) 
      Cumulative area ratio:  100.89
      Required ratio:    0.00 (Cumulative area) 
      Partial area ratio:  193.64
      Required ratio: 3478.04 (Side area) 
      Cumulative area ratio:  533.63
      Required ratio:    0.00 (Cumulative side area) 


  Pin:   _15288_/A (sky130_fd_sc_hd__or2_4)
    Layer: mcon
      Partial area ratio:    0.12
      Required ratio:    3.00 (Gate area) 
      Cumulative area ratio:    0.12
      Required ratio:    0.00 (Cumulative area) 

    Layer: met1
      Partial area ratio:   52.58
      Required ratio:    0.00 (Gate area) 
      Cumulative area ratio:   52.58
      Required ratio:    0.00 (Cumulative area) 
      Partial area ratio:  262.17
      Required ratio:  400.00 (Side area) 
      Cumulative area ratio:  262.17
      Required ratio:    0.00 (Cumulative side area) 

    Layer: via
      Partial area ratio:    0.18
      Required ratio:    6.00 (Gate area) 
      Cumulative area ratio:    0.30
      Required ratio:    0.00 (Cumulative area) 

    Layer: met2
      Partial area ratio:   20.11
      Required ratio:    0.00 (Gate area) 
      Cumulative area ratio:   72.70
      Required ratio:    0.00 (Cumulative area) 
      Partial area ratio:  100.07
      Required ratio:  400.00 (Side area) 
      Cumulative area ratio:  362.24
      Required ratio:    0.00 (Cumulative side area) 

    Layer: via2
      Partial area ratio:    0.11
      Required ratio:    6.00 (Gate area) 
      Cumulative area ratio:    0.41
      Required ratio:    0.00 (Cumulative area) 

    Layer: met3
      Partial area ratio:   52.65
      Required ratio:    0.00 (Gate area) 
      Cumulative area ratio:  125.34
      Required ratio:    0.00 (Cumulative area) 
      Partial area ratio:  282.21
      Required ratio: 2956.40 (Side area) 
      Cumulative area ratio:  644.45
      Required ratio:    0.00 (Cumulative side area) 

    Layer: via3
      Partial area ratio:    0.08
      Required ratio:   38.08 (Gate area) 
      Cumulative area ratio:    0.49
      Required ratio:    0.00 (Cumulative area) 

    Layer: met4
      Partial area ratio:   36.25
      Required ratio:    0.00 (Gate area) 
      Cumulative area ratio:  161.59
      Required ratio:    0.00 (Cumulative area) 
      Partial area ratio:  193.64
      Required ratio: 3478.04 (Side area) 
      Cumulative area ratio:  838.09
      Required ratio:    0.00 (Cumulative side area) 


  Pin:   _16877_/A (sky130_fd_sc_hd__or2_4)
    Layer: mcon
      Partial area ratio:    0.12
      Required ratio:    3.00 (Gate area) 
      Cumulative area ratio:    0.12
      Required ratio:    0.00 (Cumulative area) 

    Layer: met1
      Partial area ratio:   36.52
      Required ratio:    0.00 (Gate area) 
      Cumulative area ratio:   36.52
      Required ratio:    0.00 (Cumulative area) 
      Partial area ratio:  181.84
      Required ratio:  400.00 (Side area) 
      Cumulative area ratio:  181.84
      Required ratio:    0.00 (Cumulative side area) 

    Layer: via
      Partial area ratio:    0.18
      Required ratio:    6.00 (Gate area) 
      Cumulative area ratio:    0.30
      Required ratio:    0.00 (Cumulative area) 

    Layer: met2
      Partial area ratio:   19.58
      Required ratio:    0.00 (Gate area) 
      Cumulative area ratio:   56.10
      Required ratio:    0.00 (Cumulative area) 
      Partial area ratio:   97.44
      Required ratio: 2773.88 (Side area) 
      Cumulative area ratio:  279.28
      Required ratio:    0.00 (Cumulative side area) 

    Layer: via2
      Partial area ratio:    0.03
      Required ratio:   21.65 (Gate area) 
      Cumulative area ratio:    0.33
      Required ratio:    0.00 (Cumulative area) 

    Layer: met3
      Partial area ratio:    0.11
      Required ratio:    0.00 (Gate area) 
      Cumulative area ratio:   56.21
      Required ratio:    0.00 (Cumulative area) 
      Partial area ratio:    0.97
      Required ratio: 2773.88 (Side area) 
      Cumulative area ratio:  280.25
      Required ratio:    0.00 (Cumulative side area) 

    Layer: via3
      Partial area ratio:    0.03
      Required ratio:   21.65 (Gate area) 
      Cumulative area ratio:    0.37
      Required ratio:    0.00 (Cumulative area) 

    Layer: met4
      Partial area ratio:   36.25
      Required ratio:    0.00 (Gate area) 
      Cumulative area ratio:   92.46
      Required ratio:    0.00 (Cumulative area) 
      Partial area ratio:  193.64
      Required ratio: 3478.04 (Side area) 
      Cumulative area ratio:  473.89
      Required ratio:    0.00 (Cumulative side area) 


  Pin:   _17009_/A (sky130_fd_sc_hd__or2_4)
    Layer: mcon
      Partial area ratio:    0.12
      Required ratio:    3.00 (Gate area) 
      Cumulative area ratio:    0.12
      Required ratio:    0.00 (Cumulative area) 

    Layer: met1
      Partial area ratio:   95.95
      Required ratio:    0.00 (Gate area) 
      Cumulative area ratio:   95.95
      Required ratio:    0.00 (Cumulative area) 
      Partial area ratio:  478.57
      Required ratio:  400.00 (Side area) (VIOLATED)
      Cumulative area ratio:  478.57
      Required ratio:    0.00 (Cumulative side area) 

    Layer: via
      Partial area ratio:    0.27
      Required ratio:    6.00 (Gate area) 
      Cumulative area ratio:    0.39
      Required ratio:    0.00 (Cumulative area) 

    Layer: met2
      Partial area ratio:    4.61
      Required ratio:    0.00 (Gate area) 
      Cumulative area ratio:  100.56
      Required ratio:    0.00 (Cumulative area) 
      Partial area ratio:   22.75
      Required ratio: 2773.88 (Side area) 
      Cumulative area ratio:  501.32
      Required ratio:    0.00 (Cumulative side area) 

    Layer: via2
      Partial area ratio:    0.03
      Required ratio:   21.65 (Gate area) 
      Cumulative area ratio:    0.42
      Required ratio:    0.00 (Cumulative area) 

    Layer: met3
      Partial area ratio:   21.22
      Required ratio:    0.00 (Gate area) 
      Cumulative area ratio:  121.78
      Required ratio:    0.00 (Cumulative area) 
      Partial area ratio:  113.43
      Required ratio: 2947.76 (Side area) 
      Cumulative area ratio:  614.75
      Required ratio:    0.00 (Cumulative side area) 

    Layer: via3
      Partial area ratio:    0.02
      Required ratio:   37.30 (Gate area) 
      Cumulative area ratio:    0.44
      Required ratio:    0.00 (Cumulative area) 

    Layer: met4
      Partial area ratio:   36.25
      Required ratio:    0.00 (Gate area) 
      Cumulative area ratio:  158.03
      Required ratio:    0.00 (Cumulative area) 
      Partial area ratio:  193.64
      Required ratio: 3478.04 (Side area) 
      Cumulative area ratio:  808.39
      Required ratio:    0.00 (Cumulative side area) 


  Pin:   _17471_/A (sky130_fd_sc_hd__or2_4)
    Layer: mcon
      Partial area ratio:    0.12
      Required ratio:    3.00 (Gate area) 
      Cumulative area ratio:    0.12
      Required ratio:    0.00 (Cumulative area) 

    Layer: met1
      Partial area ratio:    1.94
      Required ratio:    0.00 (Gate area) 
      Cumulative area ratio:    1.94
      Required ratio:    0.00 (Cumulative area) 
      Partial area ratio:    8.96
      Required ratio:  400.00 (Side area) 
      Cumulative area ratio:    8.96
      Required ratio:    0.00 (Cumulative side area) 

    Layer: via
      Partial area ratio:    0.18
      Required ratio:    6.00 (Gate area) 
      Cumulative area ratio:    0.30
      Required ratio:    0.00 (Cumulative area) 

    Layer: met2
      Partial area ratio:    0.75
      Required ratio:    0.00 (Gate area) 
      Cumulative area ratio:    2.70
      Required ratio:    0.00 (Cumulative area) 
      Partial area ratio:    3.48
      Required ratio:  400.00 (Side area) 
      Cumulative area ratio:   12.44
      Required ratio:    0.00 (Cumulative side area) 

    Layer: via2
      Partial area ratio:    0.16
      Required ratio:    6.00 (Gate area) 
      Cumulative area ratio:    0.46
      Required ratio:    0.00 (Cumulative area) 

    Layer: met3
      Partial area ratio:    0.50
      Required ratio:    0.00 (Gate area) 
      Cumulative area ratio:    3.20
      Required ratio:    0.00 (Cumulative area) 
      Partial area ratio:    4.59
      Required ratio:  400.00 (Side area) 
      Cumulative area ratio:   17.03
      Required ratio:    0.00 (Cumulative side area) 

    Layer: via3
      Partial area ratio:    0.16
      Required ratio:    6.00 (Gate area) 
      Cumulative area ratio:    0.62
      Required ratio:    0.00 (Cumulative area) 

    Layer: met4
      Partial area ratio:   36.25
      Required ratio:    0.00 (Gate area) 
      Cumulative area ratio:   39.45
      Required ratio:    0.00 (Cumulative area) 
      Partial area ratio:  193.64
      Required ratio: 3478.04 (Side area) 
      Cumulative area ratio:  210.67
      Required ratio:    0.00 (Cumulative side area) 


  Pin:   _17932_/A (sky130_fd_sc_hd__or2_4)
    Layer: mcon
      Partial area ratio:    0.12
      Required ratio:    3.00 (Gate area) 
      Cumulative area ratio:    0.12
      Required ratio:    0.00 (Cumulative area) 

    Layer: met1
      Partial area ratio:    2.29
      Required ratio:    0.00 (Gate area) 
      Cumulative area ratio:    2.29
      Required ratio:    0.00 (Cumulative area) 
      Partial area ratio:   10.50
      Required ratio:  400.00 (Side area) 
      Cumulative area ratio:   10.50
      Required ratio:    0.00 (Cumulative side area) 

    Layer: via
      Partial area ratio:    0.18
      Required ratio:    6.00 (Gate area) 
      Cumulative area ratio:    0.30
      Required ratio:    0.00 (Cumulative area) 

    Layer: met2
      Partial area ratio:    4.61
      Required ratio:    0.00 (Gate area) 
      Cumulative area ratio:    6.90
      Required ratio:    0.00 (Cumulative area) 
      Partial area ratio:   22.75
      Required ratio: 2773.88 (Side area) 
      Cumulative area ratio:   33.25
      Required ratio:    0.00 (Cumulative side area) 

    Layer: via2
      Partial area ratio:    0.03
      Required ratio:   21.65 (Gate area) 
      Cumulative area ratio:    0.33
      Required ratio:    0.00 (Cumulative area) 

    Layer: met3
      Partial area ratio:   21.22
      Required ratio:    0.00 (Gate area) 
      Cumulative area ratio:   28.12
      Required ratio:    0.00 (Cumulative area) 
      Partial area ratio:  113.43
      Required ratio: 2947.76 (Side area) 
      Cumulative area ratio:  146.68
      Required ratio:    0.00 (Cumulative side area) 

    Layer: via3
      Partial area ratio:    0.02
      Required ratio:   37.30 (Gate area) 
      Cumulative area ratio:    0.35
      Required ratio:    0.00 (Cumulative area) 

    Layer: met4
      Partial area ratio:   36.25
      Required ratio:    0.00 (Gate area) 
      Cumulative area ratio:   64.37
      Required ratio:    0.00 (Cumulative area) 
      Partial area ratio:  193.64
      Required ratio: 3478.04 (Side area) 
      Cumulative area ratio:  340.32
      Required ratio:    0.00 (Cumulative side area) 


  Pin:   _25072_/A (sky130_fd_sc_hd__or2_4)
    Layer: mcon
      Partial area ratio:    0.12
      Required ratio:    3.00 (Gate area) 
      Cumulative area ratio:    0.12
      Required ratio:    0.00 (Cumulative area) 

    Layer: met1
      Partial area ratio:    2.81
      Required ratio:    0.00 (Gate area) 
      Cumulative area ratio:    2.81
      Required ratio:    0.00 (Cumulative area) 
      Partial area ratio:   13.54
      Required ratio: 2773.88 (Side area) 
      Cumulative area ratio:   13.54
      Required ratio:    0.00 (Cumulative side area) 

    Layer: via
      Partial area ratio:    0.10
      Required ratio:   21.65 (Gate area) 
      Cumulative area ratio:    0.22
      Required ratio:    0.00 (Cumulative area) 

    Layer: met2
      Partial area ratio:    7.53
      Required ratio:    0.00 (Gate area) 
      Cumulative area ratio:   10.34
      Required ratio:    0.00 (Cumulative area) 
      Partial area ratio:   37.35
      Required ratio: 2773.88 (Side area) 
      Cumulative area ratio:   50.90
      Required ratio:    0.00 (Cumulative side area) 

    Layer: via2
      Partial area ratio:    0.06
      Required ratio:   21.65 (Gate area) 
      Cumulative area ratio:    0.27
      Required ratio:    0.00 (Cumulative area) 

    Layer: met3
      Partial area ratio:   21.22
      Required ratio:    0.00 (Gate area) 
      Cumulative area ratio:   31.56
      Required ratio:    0.00 (Cumulative area) 
      Partial area ratio:  113.43
      Required ratio: 2947.76 (Side area) 
      Cumulative area ratio:  164.33
      Required ratio:    0.00 (Cumulative side area) 

    Layer: via3
      Partial area ratio:    0.02
      Required ratio:   37.30 (Gate area) 
      Cumulative area ratio:    0.30
      Required ratio:    0.00 (Cumulative area) 

    Layer: met4
      Partial area ratio:   36.25
      Required ratio:    0.00 (Gate area) 
      Cumulative area ratio:   67.81
      Required ratio:    0.00 (Cumulative area) 
      Partial area ratio:  193.64
      Required ratio: 3478.04 (Side area) 
      Cumulative area ratio:  357.97
      Required ratio:    0.00 (Cumulative side area) 


  Pin:   _25600_/B (sky130_fd_sc_hd__or2_4)
    Layer: mcon
      Partial area ratio:    0.12
      Required ratio:    3.00 (Gate area) 
      Cumulative area ratio:    0.12
      Required ratio:    0.00 (Cumulative area) 

    Layer: met1
      Partial area ratio:    2.28
      Required ratio:    0.00 (Gate area) 
      Cumulative area ratio:    2.28
      Required ratio:    0.00 (Cumulative area) 
      Partial area ratio:   10.86
      Required ratio: 2773.88 (Side area) 
      Cumulative area ratio:   10.86
      Required ratio:    0.00 (Cumulative side area) 

    Layer: via
      Partial area ratio:    0.10
      Required ratio:   21.65 (Gate area) 
      Cumulative area ratio:    0.22
      Required ratio:    0.00 (Cumulative area) 

    Layer: met2
      Partial area ratio:    4.61
      Required ratio:    0.00 (Gate area) 
      Cumulative area ratio:    6.88
      Required ratio:    0.00 (Cumulative area) 
      Partial area ratio:   22.75
      Required ratio: 2773.88 (Side area) 
      Cumulative area ratio:   33.61
      Required ratio:    0.00 (Cumulative side area) 

    Layer: via2
      Partial area ratio:    0.03
      Required ratio:   21.65 (Gate area) 
      Cumulative area ratio:    0.25
      Required ratio:    0.00 (Cumulative area) 

    Layer: met3
      Partial area ratio:   21.22
      Required ratio:    0.00 (Gate area) 
      Cumulative area ratio:   28.11
      Required ratio:    0.00 (Cumulative area) 
      Partial area ratio:  113.43
      Required ratio: 2947.76 (Side area) 
      Cumulative area ratio:  147.04
      Required ratio:    0.00 (Cumulative side area) 

    Layer: via3
      Partial area ratio:    0.02
      Required ratio:   37.30 (Gate area) 
      Cumulative area ratio:    0.27
      Required ratio:    0.00 (Cumulative area) 

    Layer: met4
      Partial area ratio:   36.25
      Required ratio:    0.00 (Gate area) 
      Cumulative area ratio:   64.35
      Required ratio:    0.00 (Cumulative area) 
      Partial area ratio:  193.64
      Required ratio: 3478.04 (Side area) 
      Cumulative area ratio:  340.68
      Required ratio:    0.00 (Cumulative side area) 


  Pin:   _26127_/A (sky130_fd_sc_hd__or2_4)
    Layer: mcon
      Partial area ratio:    0.12
      Required ratio:    3.00 (Gate area) 
      Cumulative area ratio:    0.12
      Required ratio:    0.00 (Cumulative area) 

    Layer: met1
      Partial area ratio:    1.04
      Required ratio:    0.00 (Gate area) 
      Cumulative area ratio:    1.04
      Required ratio:    0.00 (Cumulative area) 
      Partial area ratio:    4.66
      Required ratio: 2773.88 (Side area) 
      Cumulative area ratio:    4.66
      Required ratio:    0.00 (Cumulative side area) 

    Layer: via
      Partial area ratio:    0.10
      Required ratio:   21.65 (Gate area) 
      Cumulative area ratio:    0.22
      Required ratio:    0.00 (Cumulative area) 

    Layer: met2
      Partial area ratio:   19.58
      Required ratio:    0.00 (Gate area) 
      Cumulative area ratio:   20.62
      Required ratio:    0.00 (Cumulative area) 
      Partial area ratio:   97.44
      Required ratio: 2773.88 (Side area) 
      Cumulative area ratio:  102.09
      Required ratio:    0.00 (Cumulative side area) 

    Layer: via2
      Partial area ratio:    0.03
      Required ratio:   21.65 (Gate area) 
      Cumulative area ratio:    0.25
      Required ratio:    0.00 (Cumulative area) 

    Layer: met3
      Partial area ratio:    0.11
      Required ratio:    0.00 (Gate area) 
      Cumulative area ratio:   20.73
      Required ratio:    0.00 (Cumulative area) 
      Partial area ratio:    0.97
      Required ratio: 2773.88 (Side area) 
      Cumulative area ratio:  103.06
      Required ratio:    0.00 (Cumulative side area) 

    Layer: via3
      Partial area ratio:    0.03
      Required ratio:   21.65 (Gate area) 
      Cumulative area ratio:    0.28
      Required ratio:    0.00 (Cumulative area) 

    Layer: met4
      Partial area ratio:   36.25
      Required ratio:    0.00 (Gate area) 
      Cumulative area ratio:   56.98
      Required ratio:    0.00 (Cumulative area) 
      Partial area ratio:  193.64
      Required ratio: 3478.04 (Side area) 
      Cumulative area ratio:  296.70
      Required ratio:    0.00 (Cumulative side area) 


  Pin:   _26655_/A (sky130_fd_sc_hd__or2_4)
    Layer: mcon
      Partial area ratio:    0.12
      Required ratio:    3.00 (Gate area) 
      Cumulative area ratio:    0.12
      Required ratio:    0.00 (Cumulative area) 

    Layer: met1
      Partial area ratio:    8.82
      Required ratio:    0.00 (Gate area) 
      Cumulative area ratio:    8.82
      Required ratio:    0.00 (Cumulative area) 
      Partial area ratio:   42.89
      Required ratio:  400.00 (Side area) 
      Cumulative area ratio:   42.89
      Required ratio:    0.00 (Cumulative side area) 

    Layer: via
      Partial area ratio:    0.27
      Required ratio:    6.00 (Gate area) 
      Cumulative area ratio:    0.39
      Required ratio:    0.00 (Cumulative area) 

    Layer: met2
      Partial area ratio:   19.58
      Required ratio:    0.00 (Gate area) 
      Cumulative area ratio:   28.40
      Required ratio:    0.00 (Cumulative area) 
      Partial area ratio:   97.44
      Required ratio: 2773.88 (Side area) 
      Cumulative area ratio:  140.33
      Required ratio:    0.00 (Cumulative side area) 

    Layer: via2
      Partial area ratio:    0.03
      Required ratio:   21.65 (Gate area) 
      Cumulative area ratio:    0.42
      Required ratio:    0.00 (Cumulative area) 

    Layer: met3
      Partial area ratio:    0.11
      Required ratio:    0.00 (Gate area) 
      Cumulative area ratio:   28.51
      Required ratio:    0.00 (Cumulative area) 
      Partial area ratio:    0.97
      Required ratio: 2773.88 (Side area) 
      Cumulative area ratio:  141.30
      Required ratio:    0.00 (Cumulative side area) 

    Layer: via3
      Partial area ratio:    0.03
      Required ratio:   21.65 (Gate area) 
      Cumulative area ratio:    0.46
      Required ratio:    0.00 (Cumulative area) 

    Layer: met4
      Partial area ratio:   36.25
      Required ratio:    0.00 (Gate area) 
      Cumulative area ratio:   64.75
      Required ratio:    0.00 (Cumulative area) 
      Partial area ratio:  193.64
      Required ratio: 3478.04 (Side area) 
      Cumulative area ratio:  334.94
      Required ratio:    0.00 (Cumulative side area) 


  Pin:   _27183_/A (sky130_fd_sc_hd__or2_4)
    Layer: mcon
      Partial area ratio:    0.12
      Required ratio:    3.00 (Gate area) 
      Cumulative area ratio:    0.12
      Required ratio:    0.00 (Cumulative area) 

    Layer: met1
      Partial area ratio:   44.85
      Required ratio:    0.00 (Gate area) 
      Cumulative area ratio:   44.85
      Required ratio:    0.00 (Cumulative area) 
      Partial area ratio:  223.58
      Required ratio:  400.00 (Side area) 
      Cumulative area ratio:  223.58
      Required ratio:    0.00 (Cumulative side area) 

    Layer: via
      Partial area ratio:    0.18
      Required ratio:    6.00 (Gate area) 
      Cumulative area ratio:    0.30
      Required ratio:    0.00 (Cumulative area) 

    Layer: met2
      Partial area ratio:   20.11
      Required ratio:    0.00 (Gate area) 
      Cumulative area ratio:   64.96
      Required ratio:    0.00 (Cumulative area) 
      Partial area ratio:  100.07
      Required ratio:  400.00 (Side area) 
      Cumulative area ratio:  323.66
      Required ratio:    0.00 (Cumulative side area) 

    Layer: via2
      Partial area ratio:    0.11
      Required ratio:    6.00 (Gate area) 
      Cumulative area ratio:    0.41
      Required ratio:    0.00 (Cumulative area) 

    Layer: met3
      Partial area ratio:   52.65
      Required ratio:    0.00 (Gate area) 
      Cumulative area ratio:  117.61
      Required ratio:    0.00 (Cumulative area) 
      Partial area ratio:  282.21
      Required ratio: 2956.40 (Side area) 
      Cumulative area ratio:  605.86
      Required ratio:    0.00 (Cumulative side area) 

    Layer: via3
      Partial area ratio:    0.08
      Required ratio:   38.08 (Gate area) 
      Cumulative area ratio:    0.49
      Required ratio:    0.00 (Cumulative area) 

    Layer: met4
      Partial area ratio:   36.25
      Required ratio:    0.00 (Gate area) 
      Cumulative area ratio:  153.85
      Required ratio:    0.00 (Cumulative area) 
      Partial area ratio:  193.64
      Required ratio: 3478.04 (Side area) 
      Cumulative area ratio:  799.51
      Required ratio:    0.00 (Cumulative side area) 


  Pin:   _27711_/A (sky130_fd_sc_hd__or2_4)
    Layer: mcon
      Partial area ratio:    0.12
      Required ratio:    3.00 (Gate area) 
      Cumulative area ratio:    0.12
      Required ratio:    0.00 (Cumulative area) 

    Layer: met1
      Partial area ratio:    1.53
      Required ratio:    0.00 (Gate area) 
      Cumulative area ratio:    1.53
      Required ratio:    0.00 (Cumulative area) 
      Partial area ratio:    6.92
      Required ratio:  400.00 (Side area) 
      Cumulative area ratio:    6.92
      Required ratio:    0.00 (Cumulative side area) 

    Layer: via
      Partial area ratio:    0.18
      Required ratio:    6.00 (Gate area) 
      Cumulative area ratio:    0.30
      Required ratio:    0.00 (Cumulative area) 

    Layer: met2
      Partial area ratio:   20.11
      Required ratio:    0.00 (Gate area) 
      Cumulative area ratio:   21.65
      Required ratio:    0.00 (Cumulative area) 
      Partial area ratio:  100.07
      Required ratio:  400.00 (Side area) 
      Cumulative area ratio:  107.00
      Required ratio:    0.00 (Cumulative side area) 

    Layer: via2
      Partial area ratio:    0.11
      Required ratio:    6.00 (Gate area) 
      Cumulative area ratio:    0.41
      Required ratio:    0.00 (Cumulative area) 

    Layer: met3
      Partial area ratio:   52.65
      Required ratio:    0.00 (Gate area) 
      Cumulative area ratio:   74.29
      Required ratio:    0.00 (Cumulative area) 
      Partial area ratio:  282.21
      Required ratio: 2956.40 (Side area) 
      Cumulative area ratio:  389.20
      Required ratio:    0.00 (Cumulative side area) 

    Layer: via3
      Partial area ratio:    0.08
      Required ratio:   38.08 (Gate area) 
      Cumulative area ratio:    0.49
      Required ratio:    0.00 (Cumulative area) 

    Layer: met4
      Partial area ratio:   36.25
      Required ratio:    0.00 (Gate area) 
      Cumulative area ratio:  110.54
      Required ratio:    0.00 (Cumulative area) 
      Partial area ratio:  193.64
      Required ratio: 3478.04 (Side area) 
      Cumulative area ratio:  582.84
      Required ratio:    0.00 (Cumulative side area) 


  Pin:   ANTENNA_10/DIODE (sky130_fd_sc_hd__diode_2)
    Layer: mcon
      Partial area ratio:    0.07
      Required ratio:   10.82 (Gate area) 
      Cumulative area ratio:    0.07
      Required ratio:    0.00 (Cumulative area) 

    Layer: met1
      Partial area ratio:    2.81
      Required ratio:    0.00 (Gate area) 
      Cumulative area ratio:    2.81
      Required ratio:    0.00 (Cumulative area) 
      Partial area ratio:   13.54
      Required ratio: 2773.88 (Side area) 
      Cumulative area ratio:   13.54
      Required ratio:    0.00 (Cumulative side area) 

    Layer: via
      Partial area ratio:    0.10
      Required ratio:   21.65 (Gate area) 
      Cumulative area ratio:    0.17
      Required ratio:    0.00 (Cumulative area) 

    Layer: met2
      Partial area ratio:    7.53
      Required ratio:    0.00 (Gate area) 
      Cumulative area ratio:   10.34
      Required ratio:    0.00 (Cumulative area) 
      Partial area ratio:   37.35
      Required ratio: 2773.88 (Side area) 
      Cumulative area ratio:   50.90
      Required ratio:    0.00 (Cumulative side area) 

    Layer: via2
      Partial area ratio:    0.06
      Required ratio:   21.65 (Gate area) 
      Cumulative area ratio:    0.22
      Required ratio:    0.00 (Cumulative area) 

    Layer: met3
      Partial area ratio:   21.22
      Required ratio:    0.00 (Gate area) 
      Cumulative area ratio:   31.56
      Required ratio:    0.00 (Cumulative area) 
      Partial area ratio:  113.43
      Required ratio: 2947.76 (Side area) 
      Cumulative area ratio:  164.33
      Required ratio:    0.00 (Cumulative side area) 

    Layer: via3
      Partial area ratio:    0.02
      Required ratio:   37.30 (Gate area) 
      Cumulative area ratio:    0.25
      Required ratio:    0.00 (Cumulative area) 

    Layer: met4
      Partial area ratio:   36.25
      Required ratio:    0.00 (Gate area) 
      Cumulative area ratio:   67.81
      Required ratio:    0.00 (Cumulative area) 
      Partial area ratio:  193.64
      Required ratio: 3478.04 (Side area) 
      Cumulative area ratio:  357.97
      Required ratio:    0.00 (Cumulative side area) 


  Pin:   ANTENNA_11/DIODE (sky130_fd_sc_hd__diode_2)
    Layer: mcon
      Partial area ratio:    0.07
      Required ratio:   10.82 (Gate area) 
      Cumulative area ratio:    0.07
      Required ratio:    0.00 (Cumulative area) 

    Layer: met1
      Partial area ratio:    2.28
      Required ratio:    0.00 (Gate area) 
      Cumulative area ratio:    2.28
      Required ratio:    0.00 (Cumulative area) 
      Partial area ratio:   10.86
      Required ratio: 2773.88 (Side area) 
      Cumulative area ratio:   10.86
      Required ratio:    0.00 (Cumulative side area) 

    Layer: via
      Partial area ratio:    0.10
      Required ratio:   21.65 (Gate area) 
      Cumulative area ratio:    0.17
      Required ratio:    0.00 (Cumulative area) 

    Layer: met2
      Partial area ratio:    4.61
      Required ratio:    0.00 (Gate area) 
      Cumulative area ratio:    6.88
      Required ratio:    0.00 (Cumulative area) 
      Partial area ratio:   22.75
      Required ratio: 2773.88 (Side area) 
      Cumulative area ratio:   33.61
      Required ratio:    0.00 (Cumulative side area) 

    Layer: via2
      Partial area ratio:    0.03
      Required ratio:   21.65 (Gate area) 
      Cumulative area ratio:    0.20
      Required ratio:    0.00 (Cumulative area) 

    Layer: met3
      Partial area ratio:   21.22
      Required ratio:    0.00 (Gate area) 
      Cumulative area ratio:   28.11
      Required ratio:    0.00 (Cumulative area) 
      Partial area ratio:  113.43
      Required ratio: 2947.76 (Side area) 
      Cumulative area ratio:  147.04
      Required ratio:    0.00 (Cumulative side area) 

    Layer: via3
      Partial area ratio:    0.02
      Required ratio:   37.30 (Gate area) 
      Cumulative area ratio:    0.22
      Required ratio:    0.00 (Cumulative area) 

    Layer: met4
      Partial area ratio:   36.25
      Required ratio:    0.00 (Gate area) 
      Cumulative area ratio:   64.35
      Required ratio:    0.00 (Cumulative area) 
      Partial area ratio:  193.64
      Required ratio: 3478.04 (Side area) 
      Cumulative area ratio:  340.68
      Required ratio:    0.00 (Cumulative side area) 


  Pin:   ANTENNA_191/DIODE (sky130_fd_sc_hd__diode_2)
    Layer: mcon
      Partial area ratio:    0.07
      Required ratio:   10.82 (Gate area) 
      Cumulative area ratio:    0.07
      Required ratio:    0.00 (Cumulative area) 

    Layer: met1
      Partial area ratio:    1.04
      Required ratio:    0.00 (Gate area) 
      Cumulative area ratio:    1.04
      Required ratio:    0.00 (Cumulative area) 
      Partial area ratio:    4.66
      Required ratio: 2773.88 (Side area) 
      Cumulative area ratio:    4.66
      Required ratio:    0.00 (Cumulative side area) 

    Layer: via
      Partial area ratio:    0.10
      Required ratio:   21.65 (Gate area) 
      Cumulative area ratio:    0.17
      Required ratio:    0.00 (Cumulative area) 

    Layer: met2
      Partial area ratio:   19.58
      Required ratio:    0.00 (Gate area) 
      Cumulative area ratio:   20.62
      Required ratio:    0.00 (Cumulative area) 
      Partial area ratio:   97.44
      Required ratio: 2773.88 (Side area) 
      Cumulative area ratio:  102.09
      Required ratio:    0.00 (Cumulative side area) 

    Layer: via2
      Partial area ratio:    0.03
      Required ratio:   21.65 (Gate area) 
      Cumulative area ratio:    0.20
      Required ratio:    0.00 (Cumulative area) 

    Layer: met3
      Partial area ratio:    0.11
      Required ratio:    0.00 (Gate area) 
      Cumulative area ratio:   20.73
      Required ratio:    0.00 (Cumulative area) 
      Partial area ratio:    0.97
      Required ratio: 2773.88 (Side area) 
      Cumulative area ratio:  103.06
      Required ratio:    0.00 (Cumulative side area) 

    Layer: via3
      Partial area ratio:    0.03
      Required ratio:   21.65 (Gate area) 
      Cumulative area ratio:    0.23
      Required ratio:    0.00 (Cumulative area) 

    Layer: met4
      Partial area ratio:   36.25
      Required ratio:    0.00 (Gate area) 
      Cumulative area ratio:   56.98
      Required ratio:    0.00 (Cumulative area) 
      Partial area ratio:  193.64
      Required ratio: 3478.04 (Side area) 
      Cumulative area ratio:  296.70
      Required ratio:    0.00 (Cumulative side area) 



Net: _08844_
  Pin:   _19452_/B1 (sky130_fd_sc_hd__o311a_2)
    Layer: mcon
      Partial area ratio:    0.12
      Required ratio:    3.00 (Gate area) 
      Cumulative area ratio:    0.12
      Required ratio:    0.00 (Cumulative area) 

    Layer: met1
      Partial area ratio:  107.50
      Required ratio:    0.00 (Gate area) 
      Cumulative area ratio:  107.50
      Required ratio:    0.00 (Cumulative area) 
      Partial area ratio:  536.74
      Required ratio:  400.00 (Side area) (VIOLATED)
      Cumulative area ratio:  536.74
      Required ratio:    0.00 (Cumulative side area) 

    Layer: via
      Partial area ratio:    0.18
      Required ratio:    6.00 (Gate area) 
      Cumulative area ratio:    0.30
      Required ratio:    0.00 (Cumulative area) 

    Layer: met2
      Partial area ratio:    5.07
      Required ratio:    0.00 (Gate area) 
      Cumulative area ratio:  112.56
      Required ratio:    0.00 (Cumulative area) 
      Partial area ratio:   24.78
      Required ratio: 2778.20 (Side area) 
      Cumulative area ratio:  561.51
      Required ratio:    0.00 (Cumulative side area) 



Net: _09018_
  Pin:   _19627_/A3 (sky130_fd_sc_hd__a32o_1)
    Layer: mcon
      Partial area ratio:    0.12
      Required ratio:    3.00 (Gate area) 
      Cumulative area ratio:    0.12
      Required ratio:    0.00 (Cumulative area) 

    Layer: met1
      Partial area ratio:    2.02
      Required ratio:    0.00 (Gate area) 
      Cumulative area ratio:    2.02
      Required ratio:    0.00 (Cumulative area) 
      Partial area ratio:    9.11
      Required ratio:  400.00 (Side area) 
      Cumulative area ratio:    9.11
      Required ratio:    0.00 (Cumulative side area) 

    Layer: via
      Partial area ratio:    0.18
      Required ratio:    6.00 (Gate area) 
      Cumulative area ratio:    0.30
      Required ratio:    0.00 (Cumulative area) 

    Layer: met2
      Partial area ratio:   71.15
      Required ratio:    0.00 (Gate area) 
      Cumulative area ratio:   73.17
      Required ratio:    0.00 (Cumulative area) 
      Partial area ratio:  355.02
      Required ratio:  400.00 (Side area) 
      Cumulative area ratio:  364.13
      Required ratio:    0.00 (Cumulative side area) 

    Layer: via2
      Partial area ratio:    0.16
      Required ratio:    6.00 (Gate area) 
      Cumulative area ratio:    0.46
      Required ratio:    0.00 (Cumulative area) 

    Layer: met3
      Partial area ratio:  268.14
      Required ratio:    0.00 (Gate area) 
      Cumulative area ratio:  341.31
      Required ratio:    0.00 (Cumulative area) 
      Partial area ratio: 1431.95
      Required ratio:  400.00 (Side area) (VIOLATED)
      Cumulative area ratio: 1796.08
      Required ratio:    0.00 (Cumulative side area) 

    Layer: via3
      Partial area ratio:    0.16
      Required ratio:    6.00 (Gate area) 
      Cumulative area ratio:    0.62
      Required ratio:    0.00 (Cumulative area) 

    Layer: met4
      Partial area ratio:   50.66
      Required ratio:    0.00 (Gate area) 
      Cumulative area ratio:  391.97
      Required ratio:    0.00 (Cumulative area) 
      Partial area ratio:  272.10
      Required ratio: 2956.40 (Side area) 
      Cumulative area ratio: 2068.18
      Required ratio:    0.00 (Cumulative side area) 



Net: _10055_
  Pin:   _20670_/C (sky130_fd_sc_hd__or3_2)
    Layer: mcon
      Partial area ratio:    0.23
      Required ratio:    3.00 (Gate area) 
      Cumulative area ratio:    0.23
      Required ratio:    0.00 (Cumulative area) 

    Layer: met1
      Partial area ratio:    2.27
      Required ratio:    0.00 (Gate area) 
      Cumulative area ratio:    2.27
      Required ratio:    0.00 (Cumulative area) 
      Partial area ratio:    9.86
      Required ratio:  400.00 (Side area) 
      Cumulative area ratio:    9.86
      Required ratio:    0.00 (Cumulative side area) 

    Layer: via
      Partial area ratio:    0.36
      Required ratio:    6.00 (Gate area) 
      Cumulative area ratio:    0.59
      Required ratio:    0.00 (Cumulative area) 

    Layer: met2
      Partial area ratio:    1.48
      Required ratio:    0.00 (Gate area) 
      Cumulative area ratio:    3.75
      Required ratio:    0.00 (Cumulative area) 
      Partial area ratio:    6.83
      Required ratio:  400.00 (Side area) 
      Cumulative area ratio:   16.69
      Required ratio:    0.00 (Cumulative side area) 

    Layer: via2
      Partial area ratio:    0.32
      Required ratio:    6.00 (Gate area) 
      Cumulative area ratio:    0.90
      Required ratio:    0.00 (Cumulative area) 

    Layer: met3
      Partial area ratio:   17.41
      Required ratio:    0.00 (Gate area) 
      Cumulative area ratio:   21.16
      Required ratio:    0.00 (Cumulative area) 
      Partial area ratio:   96.57
      Required ratio:  400.00 (Side area) 
      Cumulative area ratio:  113.27
      Required ratio:    0.00 (Cumulative side area) 

    Layer: via3
      Partial area ratio:    0.32
      Required ratio:    6.00 (Gate area) 
      Cumulative area ratio:    1.22
      Required ratio:    0.00 (Cumulative area) 

    Layer: met4
      Partial area ratio:  773.09
      Required ratio:    0.00 (Gate area) 
      Cumulative area ratio:  794.25
      Required ratio:    0.00 (Cumulative area) 
      Partial area ratio: 4126.86
      Required ratio: 2778.20 (Side area) (VIOLATED)
      Cumulative area ratio: 4240.12
      Required ratio:    0.00 (Cumulative side area) 



Net: _11029_
  Pin:   _21711_/A3 (sky130_fd_sc_hd__o31a_1)
    Layer: mcon
      Partial area ratio:    0.12
      Required ratio:    3.00 (Gate area) 
      Cumulative area ratio:    0.12
      Required ratio:    0.00 (Cumulative area) 

    Layer: met1
      Partial area ratio:  107.11
      Required ratio:    0.00 (Gate area) 
      Cumulative area ratio:  107.11
      Required ratio:    0.00 (Cumulative area) 
      Partial area ratio:  534.79
      Required ratio:  400.00 (Side area) (VIOLATED)
      Cumulative area ratio:  534.79
      Required ratio:    0.00 (Cumulative side area) 

    Layer: via
      Partial area ratio:    0.18
      Required ratio:    6.00 (Gate area) 
      Cumulative area ratio:    0.30
      Required ratio:    0.00 (Cumulative area) 

    Layer: met2
      Partial area ratio:    5.07
      Required ratio:    0.00 (Gate area) 
      Cumulative area ratio:  112.17
      Required ratio:    0.00 (Cumulative area) 
      Partial area ratio:   24.78
      Required ratio: 2778.20 (Side area) 
      Cumulative area ratio:  559.56
      Required ratio:    0.00 (Cumulative side area) 



Net: _11613_
  Pin:   _22237_/C (sky130_fd_sc_hd__or3_2)
    Layer: mcon
      Partial area ratio:    0.23
      Required ratio:    3.00 (Gate area) 
      Cumulative area ratio:    0.23
      Required ratio:    0.00 (Cumulative area) 

    Layer: met1
      Partial area ratio:    2.71
      Required ratio:    0.00 (Gate area) 
      Cumulative area ratio:    2.71
      Required ratio:    0.00 (Cumulative area) 
      Partial area ratio:   12.08
      Required ratio:  400.00 (Side area) 
      Cumulative area ratio:   12.08
      Required ratio:    0.00 (Cumulative side area) 

    Layer: via
      Partial area ratio:    0.36
      Required ratio:    6.00 (Gate area) 
      Cumulative area ratio:    0.59
      Required ratio:    0.00 (Cumulative area) 

    Layer: met2
      Partial area ratio:    1.48
      Required ratio:    0.00 (Gate area) 
      Cumulative area ratio:    4.19
      Required ratio:    0.00 (Cumulative area) 
      Partial area ratio:    6.83
      Required ratio:  400.00 (Side area) 
      Cumulative area ratio:   18.92
      Required ratio:    0.00 (Cumulative side area) 

    Layer: via2
      Partial area ratio:    0.32
      Required ratio:    6.00 (Gate area) 
      Cumulative area ratio:    0.90
      Required ratio:    0.00 (Cumulative area) 

    Layer: met3
      Partial area ratio:    0.99
      Required ratio:    0.00 (Gate area) 
      Cumulative area ratio:    5.18
      Required ratio:    0.00 (Cumulative area) 
      Partial area ratio:    9.02
      Required ratio:  400.00 (Side area) 
      Cumulative area ratio:   27.93
      Required ratio:    0.00 (Cumulative side area) 

    Layer: via3
      Partial area ratio:    0.32
      Required ratio:    6.00 (Gate area) 
      Cumulative area ratio:    1.22
      Required ratio:    0.00 (Cumulative area) 

    Layer: met4
      Partial area ratio:  838.80
      Required ratio:    0.00 (Gate area) 
      Cumulative area ratio:  843.98
      Required ratio:    0.00 (Cumulative area) 
      Partial area ratio: 4477.33
      Required ratio: 2778.20 (Side area) (VIOLATED)
      Cumulative area ratio: 4505.27
      Required ratio:    0.00 (Cumulative side area) 



Net: _11957_
  Pin:   _22585_/B (sky130_fd_sc_hd__or3_2)
    Layer: mcon
      Partial area ratio:    0.23
      Required ratio:    3.00 (Gate area) 
      Cumulative area ratio:    0.23
      Required ratio:    0.00 (Cumulative area) 

    Layer: met1
      Partial area ratio:    4.90
      Required ratio:    0.00 (Gate area) 
      Cumulative area ratio:    4.90
      Required ratio:    0.00 (Cumulative area) 
      Partial area ratio:   23.04
      Required ratio:  400.00 (Side area) 
      Cumulative area ratio:   23.04
      Required ratio:    0.00 (Cumulative side area) 

    Layer: via
      Partial area ratio:    0.36
      Required ratio:    6.00 (Gate area) 
      Cumulative area ratio:    0.59
      Required ratio:    0.00 (Cumulative area) 

    Layer: met2
      Partial area ratio:    1.48
      Required ratio:    0.00 (Gate area) 
      Cumulative area ratio:    6.39
      Required ratio:    0.00 (Cumulative area) 
      Partial area ratio:    6.83
      Required ratio:  400.00 (Side area) 
      Cumulative area ratio:   29.88
      Required ratio:    0.00 (Cumulative side area) 

    Layer: via2
      Partial area ratio:    0.32
      Required ratio:    6.00 (Gate area) 
      Cumulative area ratio:    0.90
      Required ratio:    0.00 (Cumulative area) 

    Layer: met3
      Partial area ratio:    0.99
      Required ratio:    0.00 (Gate area) 
      Cumulative area ratio:    7.38
      Required ratio:    0.00 (Cumulative area) 
      Partial area ratio:    9.02
      Required ratio:  400.00 (Side area) 
      Cumulative area ratio:   38.89
      Required ratio:    0.00 (Cumulative side area) 

    Layer: via3
      Partial area ratio:    0.32
      Required ratio:    6.00 (Gate area) 
      Cumulative area ratio:    1.22
      Required ratio:    0.00 (Cumulative area) 

    Layer: met4
      Partial area ratio:  674.51
      Required ratio:    0.00 (Gate area) 
      Cumulative area ratio:  681.89
      Required ratio:    0.00 (Cumulative area) 
      Partial area ratio: 3601.14
      Required ratio: 2778.20 (Side area) (VIOLATED)
      Cumulative area ratio: 3640.04
      Required ratio:    0.00 (Cumulative side area) 



Net: _11959_
  Pin:   _22585_/C (sky130_fd_sc_hd__or3_2)
    Layer: mcon
      Partial area ratio:    0.23
      Required ratio:    3.00 (Gate area) 
      Cumulative area ratio:    0.23
      Required ratio:    0.00 (Cumulative area) 

    Layer: met1
      Partial area ratio:  150.18
      Required ratio:    0.00 (Gate area) 
      Cumulative area ratio:  150.18
      Required ratio:    0.00 (Cumulative area) 
      Partial area ratio:  749.42
      Required ratio:  400.00 (Side area) (VIOLATED)
      Cumulative area ratio:  749.42
      Required ratio:    0.00 (Cumulative side area) 

    Layer: via
      Partial area ratio:    0.36
      Required ratio:    6.00 (Gate area) 
      Cumulative area ratio:    0.59
      Required ratio:    0.00 (Cumulative area) 

    Layer: met2
      Partial area ratio:    9.95
      Required ratio:    0.00 (Gate area) 
      Cumulative area ratio:  160.13
      Required ratio:    0.00 (Cumulative area) 
      Partial area ratio:   48.67
      Required ratio: 2771.60 (Side area) 
      Cumulative area ratio:  798.08
      Required ratio:    0.00 (Cumulative side area) 



Net: _13689_
  Pin:   _24327_/B (sky130_fd_sc_hd__or3_1)
    Layer: mcon
      Partial area ratio:    0.23
      Required ratio:    3.00 (Gate area) 
      Cumulative area ratio:    0.23
      Required ratio:    0.00 (Cumulative area) 

    Layer: met1
      Partial area ratio:    6.43
      Required ratio:    0.00 (Gate area) 
      Cumulative area ratio:    6.43
      Required ratio:    0.00 (Cumulative area) 
      Partial area ratio:   30.69
      Required ratio:  400.00 (Side area) 
      Cumulative area ratio:   30.69
      Required ratio:    0.00 (Cumulative side area) 

    Layer: via
      Partial area ratio:    0.36
      Required ratio:    6.00 (Gate area) 
      Cumulative area ratio:    0.59
      Required ratio:    0.00 (Cumulative area) 

    Layer: met2
      Partial area ratio:    1.48
      Required ratio:    0.00 (Gate area) 
      Cumulative area ratio:    7.92
      Required ratio:    0.00 (Cumulative area) 
      Partial area ratio:    6.83
      Required ratio:  400.00 (Side area) 
      Cumulative area ratio:   37.53
      Required ratio:    0.00 (Cumulative side area) 

    Layer: via2
      Partial area ratio:    0.32
      Required ratio:    6.00 (Gate area) 
      Cumulative area ratio:    0.90
      Required ratio:    0.00 (Cumulative area) 

    Layer: met3
      Partial area ratio:    0.99
      Required ratio:    0.00 (Gate area) 
      Cumulative area ratio:    8.91
      Required ratio:    0.00 (Cumulative area) 
      Partial area ratio:    9.02
      Required ratio:  400.00 (Side area) 
      Cumulative area ratio:   46.54
      Required ratio:    0.00 (Cumulative side area) 

    Layer: via3
      Partial area ratio:    0.32
      Required ratio:    6.00 (Gate area) 
      Cumulative area ratio:    1.22
      Required ratio:    0.00 (Cumulative area) 

    Layer: met4
      Partial area ratio:  789.51
      Required ratio:    0.00 (Gate area) 
      Cumulative area ratio:  798.42
      Required ratio:    0.00 (Cumulative area) 
      Partial area ratio: 4214.48
      Required ratio: 2778.20 (Side area) (VIOLATED)
      Cumulative area ratio: 4261.02
      Required ratio:    0.00 (Cumulative side area) 



Net: _13691_
  Pin:   _24327_/C (sky130_fd_sc_hd__or3_1)
    Layer: mcon
      Partial area ratio:    0.23
      Required ratio:    3.00 (Gate area) 
      Cumulative area ratio:    0.23
      Required ratio:    0.00 (Cumulative area) 

    Layer: met1
      Partial area ratio:  190.04
      Required ratio:    0.00 (Gate area) 
      Cumulative area ratio:  190.04
      Required ratio:    0.00 (Cumulative area) 
      Partial area ratio:  948.74
      Required ratio:  400.00 (Side area) (VIOLATED)
      Cumulative area ratio:  948.74
      Required ratio:    0.00 (Cumulative side area) 

    Layer: via
      Partial area ratio:    0.36
      Required ratio:    6.00 (Gate area) 
      Cumulative area ratio:    0.59
      Required ratio:    0.00 (Cumulative area) 

    Layer: met2
      Partial area ratio:    9.95
      Required ratio:    0.00 (Gate area) 
      Cumulative area ratio:  199.99
      Required ratio:    0.00 (Cumulative area) 
      Partial area ratio:   48.67
      Required ratio: 2771.60 (Side area) 
      Cumulative area ratio:  997.41
      Required ratio:    0.00 (Cumulative side area) 



Net: _14036_
  Pin:   _24674_/C (sky130_fd_sc_hd__or3_1)
    Layer: mcon
      Partial area ratio:    0.23
      Required ratio:    3.00 (Gate area) 
      Cumulative area ratio:    0.23
      Required ratio:    0.00 (Cumulative area) 

    Layer: met1
      Partial area ratio:    2.40
      Required ratio:    0.00 (Gate area) 
      Cumulative area ratio:    2.40
      Required ratio:    0.00 (Cumulative area) 
      Partial area ratio:    9.93
      Required ratio:  400.00 (Side area) 
      Cumulative area ratio:    9.93
      Required ratio:    0.00 (Cumulative side area) 

    Layer: via
      Partial area ratio:    0.36
      Required ratio:    6.00 (Gate area) 
      Cumulative area ratio:    0.59
      Required ratio:    0.00 (Cumulative area) 

    Layer: met2
      Partial area ratio:    1.48
      Required ratio:    0.00 (Gate area) 
      Cumulative area ratio:    3.89
      Required ratio:    0.00 (Cumulative area) 
      Partial area ratio:    6.83
      Required ratio:  400.00 (Side area) 
      Cumulative area ratio:   16.76
      Required ratio:    0.00 (Cumulative side area) 

    Layer: via2
      Partial area ratio:    0.32
      Required ratio:    6.00 (Gate area) 
      Cumulative area ratio:    0.90
      Required ratio:    0.00 (Cumulative area) 

    Layer: met3
      Partial area ratio:    0.99
      Required ratio:    0.00 (Gate area) 
      Cumulative area ratio:    4.88
      Required ratio:    0.00 (Cumulative area) 
      Partial area ratio:    9.02
      Required ratio:  400.00 (Side area) 
      Cumulative area ratio:   25.78
      Required ratio:    0.00 (Cumulative side area) 

    Layer: via3
      Partial area ratio:    0.32
      Required ratio:    6.00 (Gate area) 
      Cumulative area ratio:    1.22
      Required ratio:    0.00 (Cumulative area) 

    Layer: met4
      Partial area ratio:  592.37
      Required ratio:    0.00 (Gate area) 
      Cumulative area ratio:  597.25
      Required ratio:    0.00 (Cumulative area) 
      Partial area ratio: 3163.05
      Required ratio: 2778.20 (Side area) (VIOLATED)
      Cumulative area ratio: 3188.82
      Required ratio:    0.00 (Cumulative side area) 



Net: net16
  Pin:   _14421_/A1 (sky130_fd_sc_hd__mux2_1)
    Layer: mcon
      Partial area ratio:    0.23
      Required ratio:    3.00 (Gate area) 
      Cumulative area ratio:    0.23
      Required ratio:    0.00 (Cumulative area) 

    Layer: met1
      Partial area ratio:   35.90
      Required ratio:    0.00 (Gate area) 
      Cumulative area ratio:   35.90
      Required ratio:    0.00 (Cumulative area) 
      Partial area ratio:  177.53
      Required ratio:  400.00 (Side area) 
      Cumulative area ratio:  177.53
      Required ratio:    0.00 (Cumulative side area) 

    Layer: via
      Partial area ratio:    0.33
      Required ratio:    6.00 (Gate area) 
      Cumulative area ratio:    0.56
      Required ratio:    0.00 (Cumulative area) 

    Layer: met2
      Partial area ratio:   11.32
      Required ratio:    0.00 (Gate area) 
      Cumulative area ratio:   47.22
      Required ratio:    0.00 (Cumulative area) 
      Partial area ratio:   55.97
      Required ratio: 3872.32 (Side area) 
      Cumulative area ratio:  233.50
      Required ratio:    0.00 (Cumulative side area) 


  Pin:   _14489_/A1 (sky130_fd_sc_hd__mux2_1)
    Layer: mcon
      Partial area ratio:    0.23
      Required ratio:    3.00 (Gate area) 
      Cumulative area ratio:    0.23
      Required ratio:    0.00 (Cumulative area) 

    Layer: met1
      Partial area ratio:    1.94
      Required ratio:    0.00 (Gate area) 
      Cumulative area ratio:    1.94
      Required ratio:    0.00 (Cumulative area) 
      Partial area ratio:    8.86
      Required ratio:  400.00 (Side area) 
      Cumulative area ratio:    8.86
      Required ratio:    0.00 (Cumulative side area) 

    Layer: via
      Partial area ratio:    0.24
      Required ratio:    6.00 (Gate area) 
      Cumulative area ratio:    0.47
      Required ratio:    0.00 (Cumulative area) 

    Layer: met2
      Partial area ratio:   11.32
      Required ratio:    0.00 (Gate area) 
      Cumulative area ratio:   13.26
      Required ratio:    0.00 (Cumulative area) 
      Partial area ratio:   55.97
      Required ratio: 3872.32 (Side area) 
      Cumulative area ratio:   64.83
      Required ratio:    0.00 (Cumulative side area) 


  Pin:   _14523_/A1 (sky130_fd_sc_hd__mux2_1)
    Layer: mcon
      Partial area ratio:    0.23
      Required ratio:    3.00 (Gate area) 
      Cumulative area ratio:    0.23
      Required ratio:    0.00 (Cumulative area) 

    Layer: met1
      Partial area ratio:   35.90
      Required ratio:    0.00 (Gate area) 
      Cumulative area ratio:   35.90
      Required ratio:    0.00 (Cumulative area) 
      Partial area ratio:  177.53
      Required ratio:  400.00 (Side area) 
      Cumulative area ratio:  177.53
      Required ratio:    0.00 (Cumulative side area) 

    Layer: via
      Partial area ratio:    0.33
      Required ratio:    6.00 (Gate area) 
      Cumulative area ratio:    0.56
      Required ratio:    0.00 (Cumulative area) 

    Layer: met2
      Partial area ratio:   11.32
      Required ratio:    0.00 (Gate area) 
      Cumulative area ratio:   47.22
      Required ratio:    0.00 (Cumulative area) 
      Partial area ratio:   55.97
      Required ratio: 3872.32 (Side area) 
      Cumulative area ratio:  233.50
      Required ratio:    0.00 (Cumulative side area) 


  Pin:   _14557_/A1 (sky130_fd_sc_hd__mux2_1)
    Layer: mcon
      Partial area ratio:    0.23
      Required ratio:    3.00 (Gate area) 
      Cumulative area ratio:    0.23
      Required ratio:    0.00 (Cumulative area) 

    Layer: met1
      Partial area ratio:    6.94
      Required ratio:    0.00 (Gate area) 
      Cumulative area ratio:    6.94
      Required ratio:    0.00 (Cumulative area) 
      Partial area ratio:   32.47
      Required ratio:  400.00 (Side area) 
      Cumulative area ratio:   32.47
      Required ratio:    0.00 (Cumulative side area) 

    Layer: via
      Partial area ratio:    0.36
      Required ratio:    6.00 (Gate area) 
      Cumulative area ratio:    0.59
      Required ratio:    0.00 (Cumulative area) 

    Layer: met2
      Partial area ratio:   11.32
      Required ratio:    0.00 (Gate area) 
      Cumulative area ratio:   18.26
      Required ratio:    0.00 (Cumulative area) 
      Partial area ratio:   55.97
      Required ratio: 3872.32 (Side area) 
      Cumulative area ratio:   88.45
      Required ratio:    0.00 (Cumulative side area) 


  Pin:   _14590_/A1 (sky130_fd_sc_hd__mux2_1)
    Layer: mcon
      Partial area ratio:    0.23
      Required ratio:    3.00 (Gate area) 
      Cumulative area ratio:    0.23
      Required ratio:    0.00 (Cumulative area) 

    Layer: met1
      Partial area ratio:    6.94
      Required ratio:    0.00 (Gate area) 
      Cumulative area ratio:    6.94
      Required ratio:    0.00 (Cumulative area) 
      Partial area ratio:   32.47
      Required ratio:  400.00 (Side area) 
      Cumulative area ratio:   32.47
      Required ratio:    0.00 (Cumulative side area) 

    Layer: via
      Partial area ratio:    0.36
      Required ratio:    6.00 (Gate area) 
      Cumulative area ratio:    0.59
      Required ratio:    0.00 (Cumulative area) 

    Layer: met2
      Partial area ratio:   11.32
      Required ratio:    0.00 (Gate area) 
      Cumulative area ratio:   18.26
      Required ratio:    0.00 (Cumulative area) 
      Partial area ratio:   55.97
      Required ratio: 3872.32 (Side area) 
      Cumulative area ratio:   88.45
      Required ratio:    0.00 (Cumulative side area) 


  Pin:   _14628_/A0 (sky130_fd_sc_hd__mux2_1)
    Layer: mcon
      Partial area ratio:    0.23
      Required ratio:    3.00 (Gate area) 
      Cumulative area ratio:    0.23
      Required ratio:    0.00 (Cumulative area) 

    Layer: met1
      Partial area ratio:    4.35
      Required ratio:    0.00 (Gate area) 
      Cumulative area ratio:    4.35
      Required ratio:    0.00 (Cumulative area) 
      Partial area ratio:   20.29
      Required ratio:  400.00 (Side area) 
      Cumulative area ratio:   20.29
      Required ratio:    0.00 (Cumulative side area) 

    Layer: via
      Partial area ratio:    0.36
      Required ratio:    6.00 (Gate area) 
      Cumulative area ratio:    0.59
      Required ratio:    0.00 (Cumulative area) 

    Layer: met2
      Partial area ratio:   11.32
      Required ratio:    0.00 (Gate area) 
      Cumulative area ratio:   15.67
      Required ratio:    0.00 (Cumulative area) 
      Partial area ratio:   55.97
      Required ratio: 3872.32 (Side area) 
      Cumulative area ratio:   76.26
      Required ratio:    0.00 (Cumulative side area) 


  Pin:   _14700_/A0 (sky130_fd_sc_hd__mux2_1)
    Layer: mcon
      Partial area ratio:    0.23
      Required ratio:    3.00 (Gate area) 
      Cumulative area ratio:    0.23
      Required ratio:    0.00 (Cumulative area) 

    Layer: met1
      Partial area ratio:    8.25
      Required ratio:    0.00 (Gate area) 
      Cumulative area ratio:    8.25
      Required ratio:    0.00 (Cumulative area) 
      Partial area ratio:   39.39
      Required ratio:  400.00 (Side area) 
      Cumulative area ratio:   39.39
      Required ratio:    0.00 (Cumulative side area) 

    Layer: via
      Partial area ratio:    0.36
      Required ratio:    6.00 (Gate area) 
      Cumulative area ratio:    0.59
      Required ratio:    0.00 (Cumulative area) 

    Layer: met2
      Partial area ratio:   11.32
      Required ratio:    0.00 (Gate area) 
      Cumulative area ratio:   19.57
      Required ratio:    0.00 (Cumulative area) 
      Partial area ratio:   55.97
      Required ratio: 3872.32 (Side area) 
      Cumulative area ratio:   95.36
      Required ratio:    0.00 (Cumulative side area) 


  Pin:   _14735_/A1 (sky130_fd_sc_hd__mux2_1)
    Layer: mcon
      Partial area ratio:    0.23
      Required ratio:    3.00 (Gate area) 
      Cumulative area ratio:    0.23
      Required ratio:    0.00 (Cumulative area) 

    Layer: met1
      Partial area ratio:    2.97
      Required ratio:    0.00 (Gate area) 
      Cumulative area ratio:    2.97
      Required ratio:    0.00 (Cumulative area) 
      Partial area ratio:   13.39
      Required ratio:  400.00 (Side area) 
      Cumulative area ratio:   13.39
      Required ratio:    0.00 (Cumulative side area) 

    Layer: via
      Partial area ratio:    0.36
      Required ratio:    6.00 (Gate area) 
      Cumulative area ratio:    0.59
      Required ratio:    0.00 (Cumulative area) 

    Layer: met2
      Partial area ratio:   11.32
      Required ratio:    0.00 (Gate area) 
      Cumulative area ratio:   14.29
      Required ratio:    0.00 (Cumulative area) 
      Partial area ratio:   55.97
      Required ratio: 3872.32 (Side area) 
      Cumulative area ratio:   69.36
      Required ratio:    0.00 (Cumulative side area) 


  Pin:   _14768_/A0 (sky130_fd_sc_hd__mux2_1)
    Layer: mcon
      Partial area ratio:    0.23
      Required ratio:    3.00 (Gate area) 
      Cumulative area ratio:    0.23
      Required ratio:    0.00 (Cumulative area) 

    Layer: met1
      Partial area ratio:    7.58
      Required ratio:    0.00 (Gate area) 
      Cumulative area ratio:    7.58
      Required ratio:    0.00 (Cumulative area) 
      Partial area ratio:   36.46
      Required ratio:  400.00 (Side area) 
      Cumulative area ratio:   36.46
      Required ratio:    0.00 (Cumulative side area) 

    Layer: via
      Partial area ratio:    0.27
      Required ratio:    6.00 (Gate area) 
      Cumulative area ratio:    0.50
      Required ratio:    0.00 (Cumulative area) 

    Layer: met2
      Partial area ratio:   11.32
      Required ratio:    0.00 (Gate area) 
      Cumulative area ratio:   18.89
      Required ratio:    0.00 (Cumulative area) 
      Partial area ratio:   55.97
      Required ratio: 3872.32 (Side area) 
      Cumulative area ratio:   92.44
      Required ratio:    0.00 (Cumulative side area) 


  Pin:   _14803_/A1 (sky130_fd_sc_hd__mux2_1)
    Layer: mcon
      Partial area ratio:    0.23
      Required ratio:    3.00 (Gate area) 
      Cumulative area ratio:    0.23
      Required ratio:    0.00 (Cumulative area) 

    Layer: met1
      Partial area ratio:    7.58
      Required ratio:    0.00 (Gate area) 
      Cumulative area ratio:    7.58
      Required ratio:    0.00 (Cumulative area) 
      Partial area ratio:   36.46
      Required ratio:  400.00 (Side area) 
      Cumulative area ratio:   36.46
      Required ratio:    0.00 (Cumulative side area) 

    Layer: via
      Partial area ratio:    0.27
      Required ratio:    6.00 (Gate area) 
      Cumulative area ratio:    0.50
      Required ratio:    0.00 (Cumulative area) 

    Layer: met2
      Partial area ratio:   11.32
      Required ratio:    0.00 (Gate area) 
      Cumulative area ratio:   18.89
      Required ratio:    0.00 (Cumulative area) 
      Partial area ratio:   55.97
      Required ratio: 3872.32 (Side area) 
      Cumulative area ratio:   92.44
      Required ratio:    0.00 (Cumulative side area) 


  Pin:   _14837_/A1 (sky130_fd_sc_hd__mux2_1)
    Layer: mcon
      Partial area ratio:    0.23
      Required ratio:    3.00 (Gate area) 
      Cumulative area ratio:    0.23
      Required ratio:    0.00 (Cumulative area) 

    Layer: met1
      Partial area ratio:   13.55
      Required ratio:    0.00 (Gate area) 
      Cumulative area ratio:   13.55
      Required ratio:    0.00 (Cumulative area) 
      Partial area ratio:   65.44
      Required ratio:  400.00 (Side area) 
      Cumulative area ratio:   65.44
      Required ratio:    0.00 (Cumulative side area) 

    Layer: via
      Partial area ratio:    0.54
      Required ratio:    6.00 (Gate area) 
      Cumulative area ratio:    0.77
      Required ratio:    0.00 (Cumulative area) 

    Layer: met2
      Partial area ratio:   11.32
      Required ratio:    0.00 (Gate area) 
      Cumulative area ratio:   24.87
      Required ratio:    0.00 (Cumulative area) 
      Partial area ratio:   55.97
      Required ratio: 3872.32 (Side area) 
      Cumulative area ratio:  121.42
      Required ratio:    0.00 (Cumulative side area) 


  Pin:   _14872_/A1 (sky130_fd_sc_hd__mux2_1)
    Layer: mcon
      Partial area ratio:    0.23
      Required ratio:    3.00 (Gate area) 
      Cumulative area ratio:    0.23
      Required ratio:    0.00 (Cumulative area) 

    Layer: met1
      Partial area ratio:   13.85
      Required ratio:    0.00 (Gate area) 
      Cumulative area ratio:   13.85
      Required ratio:    0.00 (Cumulative area) 
      Partial area ratio:   67.78
      Required ratio:  400.00 (Side area) 
      Cumulative area ratio:   67.78
      Required ratio:    0.00 (Cumulative side area) 

    Layer: via
      Partial area ratio:    0.36
      Required ratio:    6.00 (Gate area) 
      Cumulative area ratio:    0.59
      Required ratio:    0.00 (Cumulative area) 

    Layer: met2
      Partial area ratio:   11.32
      Required ratio:    0.00 (Gate area) 
      Cumulative area ratio:   25.17
      Required ratio:    0.00 (Cumulative area) 
      Partial area ratio:   55.97
      Required ratio: 3872.32 (Side area) 
      Cumulative area ratio:  123.75
      Required ratio:    0.00 (Cumulative side area) 


  Pin:   _14906_/A0 (sky130_fd_sc_hd__mux2_1)
    Layer: mcon
      Partial area ratio:    0.23
      Required ratio:    3.00 (Gate area) 
      Cumulative area ratio:    0.23
      Required ratio:    0.00 (Cumulative area) 

    Layer: met1
      Partial area ratio:   35.90
      Required ratio:    0.00 (Gate area) 
      Cumulative area ratio:   35.90
      Required ratio:    0.00 (Cumulative area) 
      Partial area ratio:  177.53
      Required ratio:  400.00 (Side area) 
      Cumulative area ratio:  177.53
      Required ratio:    0.00 (Cumulative side area) 

    Layer: via
      Partial area ratio:    0.33
      Required ratio:    6.00 (Gate area) 
      Cumulative area ratio:    0.56
      Required ratio:    0.00 (Cumulative area) 

    Layer: met2
      Partial area ratio:   11.32
      Required ratio:    0.00 (Gate area) 
      Cumulative area ratio:   47.22
      Required ratio:    0.00 (Cumulative area) 
      Partial area ratio:   55.97
      Required ratio: 3872.32 (Side area) 
      Cumulative area ratio:  233.50
      Required ratio:    0.00 (Cumulative side area) 


  Pin:   _14940_/A1 (sky130_fd_sc_hd__mux2_1)
    Layer: mcon
      Partial area ratio:    0.23
      Required ratio:    3.00 (Gate area) 
      Cumulative area ratio:    0.23
      Required ratio:    0.00 (Cumulative area) 

    Layer: met1
      Partial area ratio:    7.76
      Required ratio:    0.00 (Gate area) 
      Cumulative area ratio:    7.76
      Required ratio:    0.00 (Cumulative area) 
      Partial area ratio:   37.33
      Required ratio:  400.00 (Side area) 
      Cumulative area ratio:   37.33
      Required ratio:    0.00 (Cumulative side area) 

    Layer: via
      Partial area ratio:    0.36
      Required ratio:    6.00 (Gate area) 
      Cumulative area ratio:    0.59
      Required ratio:    0.00 (Cumulative area) 

    Layer: met2
      Partial area ratio:   11.32
      Required ratio:    0.00 (Gate area) 
      Cumulative area ratio:   19.08
      Required ratio:    0.00 (Cumulative area) 
      Partial area ratio:   55.97
      Required ratio: 3872.32 (Side area) 
      Cumulative area ratio:   93.31
      Required ratio:    0.00 (Cumulative side area) 


  Pin:   _14974_/A1 (sky130_fd_sc_hd__mux2_1)
    Layer: mcon
      Partial area ratio:    0.23
      Required ratio:    3.00 (Gate area) 
      Cumulative area ratio:    0.23
      Required ratio:    0.00 (Cumulative area) 

    Layer: met1
      Partial area ratio:   35.90
      Required ratio:    0.00 (Gate area) 
      Cumulative area ratio:   35.90
      Required ratio:    0.00 (Cumulative area) 
      Partial area ratio:  177.53
      Required ratio:  400.00 (Side area) 
      Cumulative area ratio:  177.53
      Required ratio:    0.00 (Cumulative side area) 

    Layer: via
      Partial area ratio:    0.33
      Required ratio:    6.00 (Gate area) 
      Cumulative area ratio:    0.56
      Required ratio:    0.00 (Cumulative area) 

    Layer: met2
      Partial area ratio:   11.32
      Required ratio:    0.00 (Gate area) 
      Cumulative area ratio:   47.22
      Required ratio:    0.00 (Cumulative area) 
      Partial area ratio:   55.97
      Required ratio: 3872.32 (Side area) 
      Cumulative area ratio:  233.50
      Required ratio:    0.00 (Cumulative side area) 


  Pin:   _15041_/A1 (sky130_fd_sc_hd__mux2_1)
    Layer: mcon
      Partial area ratio:    0.23
      Required ratio:    3.00 (Gate area) 
      Cumulative area ratio:    0.23
      Required ratio:    0.00 (Cumulative area) 

    Layer: met1
      Partial area ratio:   35.90
      Required ratio:    0.00 (Gate area) 
      Cumulative area ratio:   35.90
      Required ratio:    0.00 (Cumulative area) 
      Partial area ratio:  177.53
      Required ratio:  400.00 (Side area) 
      Cumulative area ratio:  177.53
      Required ratio:    0.00 (Cumulative side area) 

    Layer: via
      Partial area ratio:    0.33
      Required ratio:    6.00 (Gate area) 
      Cumulative area ratio:    0.56
      Required ratio:    0.00 (Cumulative area) 

    Layer: met2
      Partial area ratio:   11.32
      Required ratio:    0.00 (Gate area) 
      Cumulative area ratio:   47.22
      Required ratio:    0.00 (Cumulative area) 
      Partial area ratio:   55.97
      Required ratio: 3872.32 (Side area) 
      Cumulative area ratio:  233.50
      Required ratio:    0.00 (Cumulative side area) 


  Pin:   _15075_/A1 (sky130_fd_sc_hd__mux2_1)
    Layer: mcon
      Partial area ratio:    0.23
      Required ratio:    3.00 (Gate area) 
      Cumulative area ratio:    0.23
      Required ratio:    0.00 (Cumulative area) 

    Layer: met1
      Partial area ratio:    7.68
      Required ratio:    0.00 (Gate area) 
      Cumulative area ratio:    7.68
      Required ratio:    0.00 (Cumulative area) 
      Partial area ratio:   36.94
      Required ratio:  400.00 (Side area) 
      Cumulative area ratio:   36.94
      Required ratio:    0.00 (Cumulative side area) 

    Layer: via
      Partial area ratio:    0.36
      Required ratio:    6.00 (Gate area) 
      Cumulative area ratio:    0.59
      Required ratio:    0.00 (Cumulative area) 

    Layer: met2
      Partial area ratio:   11.32
      Required ratio:    0.00 (Gate area) 
      Cumulative area ratio:   19.00
      Required ratio:    0.00 (Cumulative area) 
      Partial area ratio:   55.97
      Required ratio: 3872.32 (Side area) 
      Cumulative area ratio:   92.92
      Required ratio:    0.00 (Cumulative side area) 


  Pin:   _15109_/A1 (sky130_fd_sc_hd__mux2_1)
    Layer: mcon
      Partial area ratio:    0.23
      Required ratio:    3.00 (Gate area) 
      Cumulative area ratio:    0.23
      Required ratio:    0.00 (Cumulative area) 

    Layer: met1
      Partial area ratio:    8.65
      Required ratio:    0.00 (Gate area) 
      Cumulative area ratio:    8.65
      Required ratio:    0.00 (Cumulative area) 
      Partial area ratio:   41.78
      Required ratio:  400.00 (Side area) 
      Cumulative area ratio:   41.78
      Required ratio:    0.00 (Cumulative side area) 

    Layer: via
      Partial area ratio:    0.36
      Required ratio:    6.00 (Gate area) 
      Cumulative area ratio:    0.59
      Required ratio:    0.00 (Cumulative area) 

    Layer: met2
      Partial area ratio:   11.32
      Required ratio:    0.00 (Gate area) 
      Cumulative area ratio:   19.97
      Required ratio:    0.00 (Cumulative area) 
      Partial area ratio:   55.97
      Required ratio: 3872.32 (Side area) 
      Cumulative area ratio:   97.75
      Required ratio:    0.00 (Cumulative side area) 


  Pin:   _15142_/A1 (sky130_fd_sc_hd__mux2_1)
    Layer: mcon
      Partial area ratio:    0.23
      Required ratio:    3.00 (Gate area) 
      Cumulative area ratio:    0.23
      Required ratio:    0.00 (Cumulative area) 

    Layer: met1
      Partial area ratio:    7.24
      Required ratio:    0.00 (Gate area) 
      Cumulative area ratio:    7.24
      Required ratio:    0.00 (Cumulative area) 
      Partial area ratio:   34.72
      Required ratio:  400.00 (Side area) 
      Cumulative area ratio:   34.72
      Required ratio:    0.00 (Cumulative side area) 

    Layer: via
      Partial area ratio:    0.36
      Required ratio:    6.00 (Gate area) 
      Cumulative area ratio:    0.59
      Required ratio:    0.00 (Cumulative area) 

    Layer: met2
      Partial area ratio:   11.32
      Required ratio:    0.00 (Gate area) 
      Cumulative area ratio:   18.55
      Required ratio:    0.00 (Cumulative area) 
      Partial area ratio:   55.97
      Required ratio: 3872.32 (Side area) 
      Cumulative area ratio:   90.70
      Required ratio:    0.00 (Cumulative side area) 


  Pin:   _15177_/A0 (sky130_fd_sc_hd__mux2_1)
    Layer: mcon
      Partial area ratio:    0.23
      Required ratio:    3.00 (Gate area) 
      Cumulative area ratio:    0.23
      Required ratio:    0.00 (Cumulative area) 

    Layer: met1
      Partial area ratio:   11.57
      Required ratio:    0.00 (Gate area) 
      Cumulative area ratio:   11.57
      Required ratio:    0.00 (Cumulative area) 
      Partial area ratio:   56.30
      Required ratio:  400.00 (Side area) 
      Cumulative area ratio:   56.30
      Required ratio:    0.00 (Cumulative side area) 

    Layer: via
      Partial area ratio:    0.30
      Required ratio:    6.00 (Gate area) 
      Cumulative area ratio:    0.53
      Required ratio:    0.00 (Cumulative area) 

    Layer: met2
      Partial area ratio:   11.32
      Required ratio:    0.00 (Gate area) 
      Cumulative area ratio:   22.89
      Required ratio:    0.00 (Cumulative area) 
      Partial area ratio:   55.97
      Required ratio: 3872.32 (Side area) 
      Cumulative area ratio:  112.27
      Required ratio:    0.00 (Cumulative side area) 


  Pin:   _15210_/A0 (sky130_fd_sc_hd__mux2_1)
    Layer: mcon
      Partial area ratio:    0.23
      Required ratio:    3.00 (Gate area) 
      Cumulative area ratio:    0.23
      Required ratio:    0.00 (Cumulative area) 

    Layer: met1
      Partial area ratio:    4.80
      Required ratio:    0.00 (Gate area) 
      Cumulative area ratio:    4.80
      Required ratio:    0.00 (Cumulative area) 
      Partial area ratio:   22.57
      Required ratio:  400.00 (Side area) 
      Cumulative area ratio:   22.57
      Required ratio:    0.00 (Cumulative side area) 

    Layer: via
      Partial area ratio:    0.27
      Required ratio:    6.00 (Gate area) 
      Cumulative area ratio:    0.50
      Required ratio:    0.00 (Cumulative area) 

    Layer: met2
      Partial area ratio:   11.32
      Required ratio:    0.00 (Gate area) 
      Cumulative area ratio:   16.12
      Required ratio:    0.00 (Cumulative area) 
      Partial area ratio:   55.97
      Required ratio: 3872.32 (Side area) 
      Cumulative area ratio:   78.55
      Required ratio:    0.00 (Cumulative side area) 


  Pin:   _15243_/A0 (sky130_fd_sc_hd__mux2_1)
    Layer: mcon
      Partial area ratio:    0.23
      Required ratio:    3.00 (Gate area) 
      Cumulative area ratio:    0.23
      Required ratio:    0.00 (Cumulative area) 

    Layer: met1
      Partial area ratio:   11.57
      Required ratio:    0.00 (Gate area) 
      Cumulative area ratio:   11.57
      Required ratio:    0.00 (Cumulative area) 
      Partial area ratio:   56.30
      Required ratio:  400.00 (Side area) 
      Cumulative area ratio:   56.30
      Required ratio:    0.00 (Cumulative side area) 

    Layer: via
      Partial area ratio:    0.30
      Required ratio:    6.00 (Gate area) 
      Cumulative area ratio:    0.53
      Required ratio:    0.00 (Cumulative area) 

    Layer: met2
      Partial area ratio:   11.32
      Required ratio:    0.00 (Gate area) 
      Cumulative area ratio:   22.89
      Required ratio:    0.00 (Cumulative area) 
      Partial area ratio:   55.97
      Required ratio: 3872.32 (Side area) 
      Cumulative area ratio:  112.27
      Required ratio:    0.00 (Cumulative side area) 


  Pin:   _15276_/A1 (sky130_fd_sc_hd__mux2_1)
    Layer: mcon
      Partial area ratio:    0.23
      Required ratio:    3.00 (Gate area) 
      Cumulative area ratio:    0.23
      Required ratio:    0.00 (Cumulative area) 

    Layer: met1
      Partial area ratio:    4.80
      Required ratio:    0.00 (Gate area) 
      Cumulative area ratio:    4.80
      Required ratio:    0.00 (Cumulative area) 
      Partial area ratio:   22.57
      Required ratio:  400.00 (Side area) 
      Cumulative area ratio:   22.57
      Required ratio:    0.00 (Cumulative side area) 

    Layer: via
      Partial area ratio:    0.27
      Required ratio:    6.00 (Gate area) 
      Cumulative area ratio:    0.50
      Required ratio:    0.00 (Cumulative area) 

    Layer: met2
      Partial area ratio:   11.32
      Required ratio:    0.00 (Gate area) 
      Cumulative area ratio:   16.12
      Required ratio:    0.00 (Cumulative area) 
      Partial area ratio:   55.97
      Required ratio: 3872.32 (Side area) 
      Cumulative area ratio:   78.55
      Required ratio:    0.00 (Cumulative side area) 


  Pin:   _15309_/A0 (sky130_fd_sc_hd__mux2_1)
    Layer: mcon
      Partial area ratio:    0.23
      Required ratio:    3.00 (Gate area) 
      Cumulative area ratio:    0.23
      Required ratio:    0.00 (Cumulative area) 

    Layer: met1
      Partial area ratio:    8.02
      Required ratio:    0.00 (Gate area) 
      Cumulative area ratio:    8.02
      Required ratio:    0.00 (Cumulative area) 
      Partial area ratio:   39.15
      Required ratio:  400.00 (Side area) 
      Cumulative area ratio:   39.15
      Required ratio:    0.00 (Cumulative side area) 

    Layer: via
      Partial area ratio:    0.18
      Required ratio:    6.00 (Gate area) 
      Cumulative area ratio:    0.41
      Required ratio:    0.00 (Cumulative area) 

    Layer: met2
      Partial area ratio:   11.32
      Required ratio:    0.00 (Gate area) 
      Cumulative area ratio:   19.34
      Required ratio:    0.00 (Cumulative area) 
      Partial area ratio:   55.97
      Required ratio: 3872.32 (Side area) 
      Cumulative area ratio:   95.12
      Required ratio:    0.00 (Cumulative side area) 


  Pin:   _15375_/A1 (sky130_fd_sc_hd__mux2_1)
    Layer: mcon
      Partial area ratio:    0.23
      Required ratio:    3.00 (Gate area) 
      Cumulative area ratio:    0.23
      Required ratio:    0.00 (Cumulative area) 

    Layer: met1
      Partial area ratio:    8.02
      Required ratio:    0.00 (Gate area) 
      Cumulative area ratio:    8.02
      Required ratio:    0.00 (Cumulative area) 
      Partial area ratio:   39.15
      Required ratio:  400.00 (Side area) 
      Cumulative area ratio:   39.15
      Required ratio:    0.00 (Cumulative side area) 

    Layer: via
      Partial area ratio:    0.18
      Required ratio:    6.00 (Gate area) 
      Cumulative area ratio:    0.41
      Required ratio:    0.00 (Cumulative area) 

    Layer: met2
      Partial area ratio:   11.32
      Required ratio:    0.00 (Gate area) 
      Cumulative area ratio:   19.34
      Required ratio:    0.00 (Cumulative area) 
      Partial area ratio:   55.97
      Required ratio: 3872.32 (Side area) 
      Cumulative area ratio:   95.12
      Required ratio:    0.00 (Cumulative side area) 


  Pin:   _15408_/A1 (sky130_fd_sc_hd__mux2_1)
    Layer: mcon
      Partial area ratio:    0.23
      Required ratio:    3.00 (Gate area) 
      Cumulative area ratio:    0.23
      Required ratio:    0.00 (Cumulative area) 

    Layer: met1
      Partial area ratio:    8.02
      Required ratio:    0.00 (Gate area) 
      Cumulative area ratio:    8.02
      Required ratio:    0.00 (Cumulative area) 
      Partial area ratio:   39.15
      Required ratio:  400.00 (Side area) 
      Cumulative area ratio:   39.15
      Required ratio:    0.00 (Cumulative side area) 

    Layer: via
      Partial area ratio:    0.18
      Required ratio:    6.00 (Gate area) 
      Cumulative area ratio:    0.41
      Required ratio:    0.00 (Cumulative area) 

    Layer: met2
      Partial area ratio:   11.32
      Required ratio:    0.00 (Gate area) 
      Cumulative area ratio:   19.34
      Required ratio:    0.00 (Cumulative area) 
      Partial area ratio:   55.97
      Required ratio: 3872.32 (Side area) 
      Cumulative area ratio:   95.12
      Required ratio:    0.00 (Cumulative side area) 


  Pin:   _15441_/A0 (sky130_fd_sc_hd__mux2_1)
    Layer: mcon
      Partial area ratio:    0.23
      Required ratio:    3.00 (Gate area) 
      Cumulative area ratio:    0.23
      Required ratio:    0.00 (Cumulative area) 

    Layer: met1
      Partial area ratio:    8.99
      Required ratio:    0.00 (Gate area) 
      Cumulative area ratio:    8.99
      Required ratio:    0.00 (Cumulative area) 
      Partial area ratio:   42.94
      Required ratio:  400.00 (Side area) 
      Cumulative area ratio:   42.94
      Required ratio:    0.00 (Cumulative side area) 

    Layer: via
      Partial area ratio:    0.32
      Required ratio:    6.00 (Gate area) 
      Cumulative area ratio:    0.55
      Required ratio:    0.00 (Cumulative area) 

    Layer: met2
      Partial area ratio:   11.32
      Required ratio:    0.00 (Gate area) 
      Cumulative area ratio:   20.31
      Required ratio:    0.00 (Cumulative area) 
      Partial area ratio:   55.97
      Required ratio: 3872.32 (Side area) 
      Cumulative area ratio:   98.91
      Required ratio:    0.00 (Cumulative side area) 


  Pin:   _15474_/A1 (sky130_fd_sc_hd__mux2_1)
    Layer: mcon
      Partial area ratio:    0.23
      Required ratio:    3.00 (Gate area) 
      Cumulative area ratio:    0.23
      Required ratio:    0.00 (Cumulative area) 

    Layer: met1
      Partial area ratio:   58.36
      Required ratio:    0.00 (Gate area) 
      Cumulative area ratio:   58.36
      Required ratio:    0.00 (Cumulative area) 
      Partial area ratio:  290.09
      Required ratio:  400.00 (Side area) 
      Cumulative area ratio:  290.09
      Required ratio:    0.00 (Cumulative side area) 

    Layer: via
      Partial area ratio:    0.30
      Required ratio:    6.00 (Gate area) 
      Cumulative area ratio:    0.53
      Required ratio:    0.00 (Cumulative area) 

    Layer: met2
      Partial area ratio:   11.32
      Required ratio:    0.00 (Gate area) 
      Cumulative area ratio:   69.67
      Required ratio:    0.00 (Cumulative area) 
      Partial area ratio:   55.97
      Required ratio: 3872.32 (Side area) 
      Cumulative area ratio:  346.07
      Required ratio:    0.00 (Cumulative side area) 


  Pin:   _15507_/A1 (sky130_fd_sc_hd__mux2_1)
    Layer: mcon
      Partial area ratio:    0.23
      Required ratio:    3.00 (Gate area) 
      Cumulative area ratio:    0.23
      Required ratio:    0.00 (Cumulative area) 

    Layer: met1
      Partial area ratio:    8.99
      Required ratio:    0.00 (Gate area) 
      Cumulative area ratio:    8.99
      Required ratio:    0.00 (Cumulative area) 
      Partial area ratio:   42.94
      Required ratio:  400.00 (Side area) 
      Cumulative area ratio:   42.94
      Required ratio:    0.00 (Cumulative side area) 

    Layer: via
      Partial area ratio:    0.32
      Required ratio:    6.00 (Gate area) 
      Cumulative area ratio:    0.55
      Required ratio:    0.00 (Cumulative area) 

    Layer: met2
      Partial area ratio:   11.32
      Required ratio:    0.00 (Gate area) 
      Cumulative area ratio:   20.31
      Required ratio:    0.00 (Cumulative area) 
      Partial area ratio:   55.97
      Required ratio: 3872.32 (Side area) 
      Cumulative area ratio:   98.91
      Required ratio:    0.00 (Cumulative side area) 


  Pin:   _15541_/A1 (sky130_fd_sc_hd__mux2_1)
    Layer: mcon
      Partial area ratio:    0.23
      Required ratio:    3.00 (Gate area) 
      Cumulative area ratio:    0.23
      Required ratio:    0.00 (Cumulative area) 

    Layer: met1
      Partial area ratio:    5.32
      Required ratio:    0.00 (Gate area) 
      Cumulative area ratio:    5.32
      Required ratio:    0.00 (Cumulative area) 
      Partial area ratio:   25.11
      Required ratio:  400.00 (Side area) 
      Cumulative area ratio:   25.11
      Required ratio:    0.00 (Cumulative side area) 

    Layer: via
      Partial area ratio:    0.36
      Required ratio:    6.00 (Gate area) 
      Cumulative area ratio:    0.59
      Required ratio:    0.00 (Cumulative area) 

    Layer: met2
      Partial area ratio:   11.32
      Required ratio:    0.00 (Gate area) 
      Cumulative area ratio:   16.63
      Required ratio:    0.00 (Cumulative area) 
      Partial area ratio:   55.97
      Required ratio: 3872.32 (Side area) 
      Cumulative area ratio:   81.08
      Required ratio:    0.00 (Cumulative side area) 


  Pin:   _15574_/A1 (sky130_fd_sc_hd__mux2_1)
    Layer: mcon
      Partial area ratio:    0.23
      Required ratio:    3.00 (Gate area) 
      Cumulative area ratio:    0.23
      Required ratio:    0.00 (Cumulative area) 

    Layer: met1
      Partial area ratio:    3.10
      Required ratio:    0.00 (Gate area) 
      Cumulative area ratio:    3.10
      Required ratio:    0.00 (Cumulative area) 
      Partial area ratio:   13.28
      Required ratio:  400.00 (Side area) 
      Cumulative area ratio:   13.28
      Required ratio:    0.00 (Cumulative side area) 

    Layer: via
      Partial area ratio:    0.36
      Required ratio:    6.00 (Gate area) 
      Cumulative area ratio:    0.59
      Required ratio:    0.00 (Cumulative area) 

    Layer: met2
      Partial area ratio:   11.32
      Required ratio:    0.00 (Gate area) 
      Cumulative area ratio:   14.42
      Required ratio:    0.00 (Cumulative area) 
      Partial area ratio:   55.97
      Required ratio: 3872.32 (Side area) 
      Cumulative area ratio:   69.25
      Required ratio:    0.00 (Cumulative side area) 


  Pin:   _15607_/A1 (sky130_fd_sc_hd__mux2_1)
    Layer: mcon
      Partial area ratio:    0.23
      Required ratio:    3.00 (Gate area) 
      Cumulative area ratio:    0.23
      Required ratio:    0.00 (Cumulative area) 

    Layer: met1
      Partial area ratio:    8.99
      Required ratio:    0.00 (Gate area) 
      Cumulative area ratio:    8.99
      Required ratio:    0.00 (Cumulative area) 
      Partial area ratio:   42.94
      Required ratio:  400.00 (Side area) 
      Cumulative area ratio:   42.94
      Required ratio:    0.00 (Cumulative side area) 

    Layer: via
      Partial area ratio:    0.32
      Required ratio:    6.00 (Gate area) 
      Cumulative area ratio:    0.55
      Required ratio:    0.00 (Cumulative area) 

    Layer: met2
      Partial area ratio:   11.32
      Required ratio:    0.00 (Gate area) 
      Cumulative area ratio:   20.31
      Required ratio:    0.00 (Cumulative area) 
      Partial area ratio:   55.97
      Required ratio: 3872.32 (Side area) 
      Cumulative area ratio:   98.91
      Required ratio:    0.00 (Cumulative side area) 


  Pin:   _15640_/A1 (sky130_fd_sc_hd__mux2_1)
    Layer: mcon
      Partial area ratio:    0.23
      Required ratio:    3.00 (Gate area) 
      Cumulative area ratio:    0.23
      Required ratio:    0.00 (Cumulative area) 

    Layer: met1
      Partial area ratio:   10.01
      Required ratio:    0.00 (Gate area) 
      Cumulative area ratio:   10.01
      Required ratio:    0.00 (Cumulative area) 
      Partial area ratio:   48.19
      Required ratio:  400.00 (Side area) 
      Cumulative area ratio:   48.19
      Required ratio:    0.00 (Cumulative side area) 

    Layer: via
      Partial area ratio:    0.36
      Required ratio:    6.00 (Gate area) 
      Cumulative area ratio:    0.59
      Required ratio:    0.00 (Cumulative area) 

    Layer: met2
      Partial area ratio:   11.32
      Required ratio:    0.00 (Gate area) 
      Cumulative area ratio:   21.33
      Required ratio:    0.00 (Cumulative area) 
      Partial area ratio:   55.97
      Required ratio: 3872.32 (Side area) 
      Cumulative area ratio:  104.17
      Required ratio:    0.00 (Cumulative side area) 


  Pin:   _15706_/A1 (sky130_fd_sc_hd__mux2_1)
    Layer: mcon
      Partial area ratio:    0.23
      Required ratio:    3.00 (Gate area) 
      Cumulative area ratio:    0.23
      Required ratio:    0.00 (Cumulative area) 

    Layer: met1
      Partial area ratio:    0.66
      Required ratio:    0.00 (Gate area) 
      Cumulative area ratio:    0.66
      Required ratio:    0.00 (Cumulative area) 
      Partial area ratio:    3.22
      Required ratio:  400.00 (Side area) 
      Cumulative area ratio:    3.22
      Required ratio:    0.00 (Cumulative side area) 

    Layer: via
      Partial area ratio:    0.18
      Required ratio:    6.00 (Gate area) 
      Cumulative area ratio:    0.41
      Required ratio:    0.00 (Cumulative area) 

    Layer: met2
      Partial area ratio:   11.32
      Required ratio:    0.00 (Gate area) 
      Cumulative area ratio:   11.98
      Required ratio:    0.00 (Cumulative area) 
      Partial area ratio:   55.97
      Required ratio: 3872.32 (Side area) 
      Cumulative area ratio:   59.20
      Required ratio:    0.00 (Cumulative side area) 


  Pin:   _15739_/A0 (sky130_fd_sc_hd__mux2_1)
    Layer: mcon
      Partial area ratio:    0.23
      Required ratio:    3.00 (Gate area) 
      Cumulative area ratio:    0.23
      Required ratio:    0.00 (Cumulative area) 

    Layer: met1
      Partial area ratio:    3.45
      Required ratio:    0.00 (Gate area) 
      Cumulative area ratio:    3.45
      Required ratio:    0.00 (Cumulative area) 
      Partial area ratio:   15.02
      Required ratio:  400.00 (Side area) 
      Cumulative area ratio:   15.02
      Required ratio:    0.00 (Cumulative side area) 

    Layer: via
      Partial area ratio:    0.36
      Required ratio:    6.00 (Gate area) 
      Cumulative area ratio:    0.59
      Required ratio:    0.00 (Cumulative area) 

    Layer: met2
      Partial area ratio:   11.32
      Required ratio:    0.00 (Gate area) 
      Cumulative area ratio:   14.77
      Required ratio:    0.00 (Cumulative area) 
      Partial area ratio:   55.97
      Required ratio: 3872.32 (Side area) 
      Cumulative area ratio:   70.99
      Required ratio:    0.00 (Cumulative side area) 


  Pin:   _15772_/A0 (sky130_fd_sc_hd__mux2_1)
    Layer: mcon
      Partial area ratio:    0.23
      Required ratio:    3.00 (Gate area) 
      Cumulative area ratio:    0.23
      Required ratio:    0.00 (Cumulative area) 

    Layer: met1
      Partial area ratio:   10.20
      Required ratio:    0.00 (Gate area) 
      Cumulative area ratio:   10.20
      Required ratio:    0.00 (Cumulative area) 
      Partial area ratio:   49.30
      Required ratio:  400.00 (Side area) 
      Cumulative area ratio:   49.30
      Required ratio:    0.00 (Cumulative side area) 

    Layer: via
      Partial area ratio:    0.30
      Required ratio:    6.00 (Gate area) 
      Cumulative area ratio:    0.53
      Required ratio:    0.00 (Cumulative area) 

    Layer: met2
      Partial area ratio:   11.32
      Required ratio:    0.00 (Gate area) 
      Cumulative area ratio:   21.52
      Required ratio:    0.00 (Cumulative area) 
      Partial area ratio:   55.97
      Required ratio: 3872.32 (Side area) 
      Cumulative area ratio:  105.28
      Required ratio:    0.00 (Cumulative side area) 


  Pin:   _15805_/A1 (sky130_fd_sc_hd__mux2_1)
    Layer: mcon
      Partial area ratio:    0.23
      Required ratio:    3.00 (Gate area) 
      Cumulative area ratio:    0.23
      Required ratio:    0.00 (Cumulative area) 

    Layer: met1
      Partial area ratio:   10.20
      Required ratio:    0.00 (Gate area) 
      Cumulative area ratio:   10.20
      Required ratio:    0.00 (Cumulative area) 
      Partial area ratio:   49.30
      Required ratio:  400.00 (Side area) 
      Cumulative area ratio:   49.30
      Required ratio:    0.00 (Cumulative side area) 

    Layer: via
      Partial area ratio:    0.30
      Required ratio:    6.00 (Gate area) 
      Cumulative area ratio:    0.53
      Required ratio:    0.00 (Cumulative area) 

    Layer: met2
      Partial area ratio:   11.32
      Required ratio:    0.00 (Gate area) 
      Cumulative area ratio:   21.52
      Required ratio:    0.00 (Cumulative area) 
      Partial area ratio:   55.97
      Required ratio: 3872.32 (Side area) 
      Cumulative area ratio:  105.28
      Required ratio:    0.00 (Cumulative side area) 


  Pin:   _15838_/A0 (sky130_fd_sc_hd__mux2_1)
    Layer: mcon
      Partial area ratio:    0.23
      Required ratio:    3.00 (Gate area) 
      Cumulative area ratio:    0.23
      Required ratio:    0.00 (Cumulative area) 

    Layer: met1
      Partial area ratio:   11.46
      Required ratio:    0.00 (Gate area) 
      Cumulative area ratio:   11.46
      Required ratio:    0.00 (Cumulative area) 
      Partial area ratio:   55.03
      Required ratio:  400.00 (Side area) 
      Cumulative area ratio:   55.03
      Required ratio:    0.00 (Cumulative side area) 

    Layer: via
      Partial area ratio:    0.45
      Required ratio:    6.00 (Gate area) 
      Cumulative area ratio:    0.68
      Required ratio:    0.00 (Cumulative area) 

    Layer: met2
      Partial area ratio:   11.32
      Required ratio:    0.00 (Gate area) 
      Cumulative area ratio:   22.78
      Required ratio:    0.00 (Cumulative area) 
      Partial area ratio:   55.97
      Required ratio: 3872.32 (Side area) 
      Cumulative area ratio:  111.00
      Required ratio:    0.00 (Cumulative side area) 


  Pin:   _15871_/A1 (sky130_fd_sc_hd__mux2_1)
    Layer: mcon
      Partial area ratio:    0.23
      Required ratio:    3.00 (Gate area) 
      Cumulative area ratio:    0.23
      Required ratio:    0.00 (Cumulative area) 

    Layer: met1
      Partial area ratio:   88.94
      Required ratio:    0.00 (Gate area) 
      Cumulative area ratio:   88.94
      Required ratio:    0.00 (Cumulative area) 
      Partial area ratio:  442.39
      Required ratio:  400.00 (Side area) (VIOLATED)
      Cumulative area ratio:  442.39
      Required ratio:    0.00 (Cumulative side area) 

    Layer: via
      Partial area ratio:    0.54
      Required ratio:    6.00 (Gate area) 
      Cumulative area ratio:    0.77
      Required ratio:    0.00 (Cumulative area) 

    Layer: met2
      Partial area ratio:   11.32
      Required ratio:    0.00 (Gate area) 
      Cumulative area ratio:  100.26
      Required ratio:    0.00 (Cumulative area) 
      Partial area ratio:   55.97
      Required ratio: 3872.32 (Side area) 
      Cumulative area ratio:  498.36
      Required ratio:    0.00 (Cumulative side area) 


  Pin:   _15904_/A1 (sky130_fd_sc_hd__mux2_1)
    Layer: mcon
      Partial area ratio:    0.23
      Required ratio:    3.00 (Gate area) 
      Cumulative area ratio:    0.23
      Required ratio:    0.00 (Cumulative area) 

    Layer: met1
      Partial area ratio:   11.46
      Required ratio:    0.00 (Gate area) 
      Cumulative area ratio:   11.46
      Required ratio:    0.00 (Cumulative area) 
      Partial area ratio:   55.03
      Required ratio:  400.00 (Side area) 
      Cumulative area ratio:   55.03
      Required ratio:    0.00 (Cumulative side area) 

    Layer: via
      Partial area ratio:    0.45
      Required ratio:    6.00 (Gate area) 
      Cumulative area ratio:    0.68
      Required ratio:    0.00 (Cumulative area) 

    Layer: met2
      Partial area ratio:   11.32
      Required ratio:    0.00 (Gate area) 
      Cumulative area ratio:   22.78
      Required ratio:    0.00 (Cumulative area) 
      Partial area ratio:   55.97
      Required ratio: 3872.32 (Side area) 
      Cumulative area ratio:  111.00
      Required ratio:    0.00 (Cumulative side area) 


  Pin:   _15937_/A1 (sky130_fd_sc_hd__mux2_1)
    Layer: mcon
      Partial area ratio:    0.23
      Required ratio:    3.00 (Gate area) 
      Cumulative area ratio:    0.23
      Required ratio:    0.00 (Cumulative area) 

    Layer: met1
      Partial area ratio:    6.45
      Required ratio:    0.00 (Gate area) 
      Cumulative area ratio:    6.45
      Required ratio:    0.00 (Cumulative area) 
      Partial area ratio:   30.78
      Required ratio:  400.00 (Side area) 
      Cumulative area ratio:   30.78
      Required ratio:    0.00 (Cumulative side area) 

    Layer: via
      Partial area ratio:    0.36
      Required ratio:    6.00 (Gate area) 
      Cumulative area ratio:    0.59
      Required ratio:    0.00 (Cumulative area) 

    Layer: met2
      Partial area ratio:   11.32
      Required ratio:    0.00 (Gate area) 
      Cumulative area ratio:   17.77
      Required ratio:    0.00 (Cumulative area) 
      Partial area ratio:   55.97
      Required ratio: 3872.32 (Side area) 
      Cumulative area ratio:   86.75
      Required ratio:    0.00 (Cumulative side area) 


  Pin:   _15970_/A0 (sky130_fd_sc_hd__mux2_1)
    Layer: mcon
      Partial area ratio:    0.23
      Required ratio:    3.00 (Gate area) 
      Cumulative area ratio:    0.23
      Required ratio:    0.00 (Cumulative area) 

    Layer: met1
      Partial area ratio:   10.60
      Required ratio:    0.00 (Gate area) 
      Cumulative area ratio:   10.60
      Required ratio:    0.00 (Cumulative area) 
      Partial area ratio:   51.30
      Required ratio:  400.00 (Side area) 
      Cumulative area ratio:   51.30
      Required ratio:    0.00 (Cumulative side area) 

    Layer: via
      Partial area ratio:    0.30
      Required ratio:    6.00 (Gate area) 
      Cumulative area ratio:    0.53
      Required ratio:    0.00 (Cumulative area) 

    Layer: met2
      Partial area ratio:   11.32
      Required ratio:    0.00 (Gate area) 
      Cumulative area ratio:   21.92
      Required ratio:    0.00 (Cumulative area) 
      Partial area ratio:   55.97
      Required ratio: 3872.32 (Side area) 
      Cumulative area ratio:  107.27
      Required ratio:    0.00 (Cumulative side area) 


  Pin:   _16036_/A1 (sky130_fd_sc_hd__mux2_1)
    Layer: mcon
      Partial area ratio:    0.23
      Required ratio:    3.00 (Gate area) 
      Cumulative area ratio:    0.23
      Required ratio:    0.00 (Cumulative area) 

    Layer: met1
      Partial area ratio:   10.60
      Required ratio:    0.00 (Gate area) 
      Cumulative area ratio:   10.60
      Required ratio:    0.00 (Cumulative area) 
      Partial area ratio:   51.30
      Required ratio:  400.00 (Side area) 
      Cumulative area ratio:   51.30
      Required ratio:    0.00 (Cumulative side area) 

    Layer: via
      Partial area ratio:    0.30
      Required ratio:    6.00 (Gate area) 
      Cumulative area ratio:    0.53
      Required ratio:    0.00 (Cumulative area) 

    Layer: met2
      Partial area ratio:   11.32
      Required ratio:    0.00 (Gate area) 
      Cumulative area ratio:   21.92
      Required ratio:    0.00 (Cumulative area) 
      Partial area ratio:   55.97
      Required ratio: 3872.32 (Side area) 
      Cumulative area ratio:  107.27
      Required ratio:    0.00 (Cumulative side area) 


  Pin:   _16069_/A1 (sky130_fd_sc_hd__mux2_1)
    Layer: mcon
      Partial area ratio:    0.23
      Required ratio:    3.00 (Gate area) 
      Cumulative area ratio:    0.23
      Required ratio:    0.00 (Cumulative area) 

    Layer: met1
      Partial area ratio:   10.60
      Required ratio:    0.00 (Gate area) 
      Cumulative area ratio:   10.60
      Required ratio:    0.00 (Cumulative area) 
      Partial area ratio:   51.30
      Required ratio:  400.00 (Side area) 
      Cumulative area ratio:   51.30
      Required ratio:    0.00 (Cumulative side area) 

    Layer: via
      Partial area ratio:    0.30
      Required ratio:    6.00 (Gate area) 
      Cumulative area ratio:    0.53
      Required ratio:    0.00 (Cumulative area) 

    Layer: met2
      Partial area ratio:   11.32
      Required ratio:    0.00 (Gate area) 
      Cumulative area ratio:   21.92
      Required ratio:    0.00 (Cumulative area) 
      Partial area ratio:   55.97
      Required ratio: 3872.32 (Side area) 
      Cumulative area ratio:  107.27
      Required ratio:    0.00 (Cumulative side area) 


  Pin:   _16102_/A1 (sky130_fd_sc_hd__mux2_1)
    Layer: mcon
      Partial area ratio:    0.23
      Required ratio:    3.00 (Gate area) 
      Cumulative area ratio:    0.23
      Required ratio:    0.00 (Cumulative area) 

    Layer: met1
      Partial area ratio:    5.12
      Required ratio:    0.00 (Gate area) 
      Cumulative area ratio:    5.12
      Required ratio:    0.00 (Cumulative area) 
      Partial area ratio:   24.11
      Required ratio:  400.00 (Side area) 
      Cumulative area ratio:   24.11
      Required ratio:    0.00 (Cumulative side area) 

    Layer: via
      Partial area ratio:    0.36
      Required ratio:    6.00 (Gate area) 
      Cumulative area ratio:    0.59
      Required ratio:    0.00 (Cumulative area) 

    Layer: met2
      Partial area ratio:   11.32
      Required ratio:    0.00 (Gate area) 
      Cumulative area ratio:   16.43
      Required ratio:    0.00 (Cumulative area) 
      Partial area ratio:   55.97
      Required ratio: 3872.32 (Side area) 
      Cumulative area ratio:   80.08
      Required ratio:    0.00 (Cumulative side area) 


  Pin:   _16135_/A1 (sky130_fd_sc_hd__mux2_1)
    Layer: mcon
      Partial area ratio:    0.23
      Required ratio:    3.00 (Gate area) 
      Cumulative area ratio:    0.23
      Required ratio:    0.00 (Cumulative area) 

    Layer: met1
      Partial area ratio:   58.36
      Required ratio:    0.00 (Gate area) 
      Cumulative area ratio:   58.36
      Required ratio:    0.00 (Cumulative area) 
      Partial area ratio:  290.09
      Required ratio:  400.00 (Side area) 
      Cumulative area ratio:  290.09
      Required ratio:    0.00 (Cumulative side area) 

    Layer: via
      Partial area ratio:    0.30
      Required ratio:    6.00 (Gate area) 
      Cumulative area ratio:    0.53
      Required ratio:    0.00 (Cumulative area) 

    Layer: met2
      Partial area ratio:   11.32
      Required ratio:    0.00 (Gate area) 
      Cumulative area ratio:   69.67
      Required ratio:    0.00 (Cumulative area) 
      Partial area ratio:   55.97
      Required ratio: 3872.32 (Side area) 
      Cumulative area ratio:  346.07
      Required ratio:    0.00 (Cumulative side area) 


  Pin:   _16168_/A1 (sky130_fd_sc_hd__mux2_1)
    Layer: mcon
      Partial area ratio:    0.23
      Required ratio:    3.00 (Gate area) 
      Cumulative area ratio:    0.23
      Required ratio:    0.00 (Cumulative area) 

    Layer: met1
      Partial area ratio:   58.36
      Required ratio:    0.00 (Gate area) 
      Cumulative area ratio:   58.36
      Required ratio:    0.00 (Cumulative area) 
      Partial area ratio:  290.09
      Required ratio:  400.00 (Side area) 
      Cumulative area ratio:  290.09
      Required ratio:    0.00 (Cumulative side area) 

    Layer: via
      Partial area ratio:    0.30
      Required ratio:    6.00 (Gate area) 
      Cumulative area ratio:    0.53
      Required ratio:    0.00 (Cumulative area) 

    Layer: met2
      Partial area ratio:   11.32
      Required ratio:    0.00 (Gate area) 
      Cumulative area ratio:   69.67
      Required ratio:    0.00 (Cumulative area) 
      Partial area ratio:   55.97
      Required ratio: 3872.32 (Side area) 
      Cumulative area ratio:  346.07
      Required ratio:    0.00 (Cumulative side area) 


  Pin:   _17854_/A0 (sky130_fd_sc_hd__mux2_1)
    Layer: mcon
      Partial area ratio:    0.23
      Required ratio:    3.00 (Gate area) 
      Cumulative area ratio:    0.23
      Required ratio:    0.00 (Cumulative area) 

    Layer: met1
      Partial area ratio:   10.20
      Required ratio:    0.00 (Gate area) 
      Cumulative area ratio:   10.20
      Required ratio:    0.00 (Cumulative area) 
      Partial area ratio:   49.30
      Required ratio:  400.00 (Side area) 
      Cumulative area ratio:   49.30
      Required ratio:    0.00 (Cumulative side area) 

    Layer: via
      Partial area ratio:    0.30
      Required ratio:    6.00 (Gate area) 
      Cumulative area ratio:    0.53
      Required ratio:    0.00 (Cumulative area) 

    Layer: met2
      Partial area ratio:   11.32
      Required ratio:    0.00 (Gate area) 
      Cumulative area ratio:   21.52
      Required ratio:    0.00 (Cumulative area) 
      Partial area ratio:   55.97
      Required ratio: 3872.32 (Side area) 
      Cumulative area ratio:  105.28
      Required ratio:    0.00 (Cumulative side area) 


  Pin:   _18481_/A1 (sky130_fd_sc_hd__mux2_1)
    Layer: mcon
      Partial area ratio:    0.23
      Required ratio:    3.00 (Gate area) 
      Cumulative area ratio:    0.23
      Required ratio:    0.00 (Cumulative area) 

    Layer: met1
      Partial area ratio:    2.13
      Required ratio:    0.00 (Gate area) 
      Cumulative area ratio:    2.13
      Required ratio:    0.00 (Cumulative area) 
      Partial area ratio:    9.19
      Required ratio:  400.00 (Side area) 
      Cumulative area ratio:    9.19
      Required ratio:    0.00 (Cumulative side area) 

    Layer: via
      Partial area ratio:    0.36
      Required ratio:    6.00 (Gate area) 
      Cumulative area ratio:    0.59
      Required ratio:    0.00 (Cumulative area) 

    Layer: met2
      Partial area ratio:   11.32
      Required ratio:    0.00 (Gate area) 
      Cumulative area ratio:   13.45
      Required ratio:    0.00 (Cumulative area) 
      Partial area ratio:   55.97
      Required ratio: 3872.32 (Side area) 
      Cumulative area ratio:   65.17
      Required ratio:    0.00 (Cumulative side area) 


  Pin:   _18514_/A1 (sky130_fd_sc_hd__mux2_1)
    Layer: mcon
      Partial area ratio:    0.23
      Required ratio:    3.00 (Gate area) 
      Cumulative area ratio:    0.23
      Required ratio:    0.00 (Cumulative area) 

    Layer: met1
      Partial area ratio:   10.01
      Required ratio:    0.00 (Gate area) 
      Cumulative area ratio:   10.01
      Required ratio:    0.00 (Cumulative area) 
      Partial area ratio:   48.19
      Required ratio:  400.00 (Side area) 
      Cumulative area ratio:   48.19
      Required ratio:    0.00 (Cumulative side area) 

    Layer: via
      Partial area ratio:    0.36
      Required ratio:    6.00 (Gate area) 
      Cumulative area ratio:    0.59
      Required ratio:    0.00 (Cumulative area) 

    Layer: met2
      Partial area ratio:   11.32
      Required ratio:    0.00 (Gate area) 
      Cumulative area ratio:   21.33
      Required ratio:    0.00 (Cumulative area) 
      Partial area ratio:   55.97
      Required ratio: 3872.32 (Side area) 
      Cumulative area ratio:  104.17
      Required ratio:    0.00 (Cumulative side area) 


  Pin:   _18547_/A1 (sky130_fd_sc_hd__mux2_1)
    Layer: mcon
      Partial area ratio:    0.23
      Required ratio:    3.00 (Gate area) 
      Cumulative area ratio:    0.23
      Required ratio:    0.00 (Cumulative area) 

    Layer: met1
      Partial area ratio:   27.33
      Required ratio:    0.00 (Gate area) 
      Cumulative area ratio:   27.33
      Required ratio:    0.00 (Cumulative area) 
      Partial area ratio:  134.33
      Required ratio:  400.00 (Side area) 
      Cumulative area ratio:  134.33
      Required ratio:    0.00 (Cumulative side area) 

    Layer: via
      Partial area ratio:    0.54
      Required ratio:    6.00 (Gate area) 
      Cumulative area ratio:    0.77
      Required ratio:    0.00 (Cumulative area) 

    Layer: met2
      Partial area ratio:   11.32
      Required ratio:    0.00 (Gate area) 
      Cumulative area ratio:   38.65
      Required ratio:    0.00 (Cumulative area) 
      Partial area ratio:   55.97
      Required ratio: 3872.32 (Side area) 
      Cumulative area ratio:  190.31
      Required ratio:    0.00 (Cumulative side area) 


  Pin:   _18580_/A1 (sky130_fd_sc_hd__mux2_1)
    Layer: mcon
      Partial area ratio:    0.23
      Required ratio:    3.00 (Gate area) 
      Cumulative area ratio:    0.23
      Required ratio:    0.00 (Cumulative area) 

    Layer: met1
      Partial area ratio:   35.90
      Required ratio:    0.00 (Gate area) 
      Cumulative area ratio:   35.90
      Required ratio:    0.00 (Cumulative area) 
      Partial area ratio:  177.53
      Required ratio:  400.00 (Side area) 
      Cumulative area ratio:  177.53
      Required ratio:    0.00 (Cumulative side area) 

    Layer: via
      Partial area ratio:    0.33
      Required ratio:    6.00 (Gate area) 
      Cumulative area ratio:    0.56
      Required ratio:    0.00 (Cumulative area) 

    Layer: met2
      Partial area ratio:   11.32
      Required ratio:    0.00 (Gate area) 
      Cumulative area ratio:   47.22
      Required ratio:    0.00 (Cumulative area) 
      Partial area ratio:   55.97
      Required ratio: 3872.32 (Side area) 
      Cumulative area ratio:  233.50
      Required ratio:    0.00 (Cumulative side area) 


  Pin:   _18613_/A0 (sky130_fd_sc_hd__mux2_1)
    Layer: mcon
      Partial area ratio:    0.23
      Required ratio:    3.00 (Gate area) 
      Cumulative area ratio:    0.23
      Required ratio:    0.00 (Cumulative area) 

    Layer: met1
      Partial area ratio:    8.25
      Required ratio:    0.00 (Gate area) 
      Cumulative area ratio:    8.25
      Required ratio:    0.00 (Cumulative area) 
      Partial area ratio:   39.39
      Required ratio:  400.00 (Side area) 
      Cumulative area ratio:   39.39
      Required ratio:    0.00 (Cumulative side area) 

    Layer: via
      Partial area ratio:    0.36
      Required ratio:    6.00 (Gate area) 
      Cumulative area ratio:    0.59
      Required ratio:    0.00 (Cumulative area) 

    Layer: met2
      Partial area ratio:   11.32
      Required ratio:    0.00 (Gate area) 
      Cumulative area ratio:   19.57
      Required ratio:    0.00 (Cumulative area) 
      Partial area ratio:   55.97
      Required ratio: 3872.32 (Side area) 
      Cumulative area ratio:   95.36
      Required ratio:    0.00 (Cumulative side area) 


  Pin:   _18714_/A1 (sky130_fd_sc_hd__mux2_1)
    Layer: mcon
      Partial area ratio:    0.23
      Required ratio:    3.00 (Gate area) 
      Cumulative area ratio:    0.23
      Required ratio:    0.00 (Cumulative area) 

    Layer: met1
      Partial area ratio:   10.77
      Required ratio:    0.00 (Gate area) 
      Cumulative area ratio:   10.77
      Required ratio:    0.00 (Cumulative area) 
      Partial area ratio:   52.21
      Required ratio:  400.00 (Side area) 
      Cumulative area ratio:   52.21
      Required ratio:    0.00 (Cumulative side area) 

    Layer: via
      Partial area ratio:    0.27
      Required ratio:    6.00 (Gate area) 
      Cumulative area ratio:    0.50
      Required ratio:    0.00 (Cumulative area) 

    Layer: met2
      Partial area ratio:   11.32
      Required ratio:    0.00 (Gate area) 
      Cumulative area ratio:   22.08
      Required ratio:    0.00 (Cumulative area) 
      Partial area ratio:   55.97
      Required ratio: 3872.32 (Side area) 
      Cumulative area ratio:  108.18
      Required ratio:    0.00 (Cumulative side area) 


  Pin:   _18748_/A1 (sky130_fd_sc_hd__mux2_1)
    Layer: mcon
      Partial area ratio:    0.23
      Required ratio:    3.00 (Gate area) 
      Cumulative area ratio:    0.23
      Required ratio:    0.00 (Cumulative area) 

    Layer: met1
      Partial area ratio:    3.66
      Required ratio:    0.00 (Gate area) 
      Cumulative area ratio:    3.66
      Required ratio:    0.00 (Cumulative area) 
      Partial area ratio:   16.83
      Required ratio:  400.00 (Side area) 
      Cumulative area ratio:   16.83
      Required ratio:    0.00 (Cumulative side area) 

    Layer: via
      Partial area ratio:    0.36
      Required ratio:    6.00 (Gate area) 
      Cumulative area ratio:    0.59
      Required ratio:    0.00 (Cumulative area) 

    Layer: met2
      Partial area ratio:   11.32
      Required ratio:    0.00 (Gate area) 
      Cumulative area ratio:   14.98
      Required ratio:    0.00 (Cumulative area) 
      Partial area ratio:   55.97
      Required ratio: 3872.32 (Side area) 
      Cumulative area ratio:   72.81
      Required ratio:    0.00 (Cumulative side area) 


  Pin:   _18781_/A1 (sky130_fd_sc_hd__mux2_1)
    Layer: mcon
      Partial area ratio:    0.23
      Required ratio:    3.00 (Gate area) 
      Cumulative area ratio:    0.23
      Required ratio:    0.00 (Cumulative area) 

    Layer: met1
      Partial area ratio:    8.29
      Required ratio:    0.00 (Gate area) 
      Cumulative area ratio:    8.29
      Required ratio:    0.00 (Cumulative area) 
      Partial area ratio:   39.58
      Required ratio:  400.00 (Side area) 
      Cumulative area ratio:   39.58
      Required ratio:    0.00 (Cumulative side area) 

    Layer: via
      Partial area ratio:    0.36
      Required ratio:    6.00 (Gate area) 
      Cumulative area ratio:    0.59
      Required ratio:    0.00 (Cumulative area) 

    Layer: met2
      Partial area ratio:   11.32
      Required ratio:    0.00 (Gate area) 
      Cumulative area ratio:   19.60
      Required ratio:    0.00 (Cumulative area) 
      Partial area ratio:   55.97
      Required ratio: 3872.32 (Side area) 
      Cumulative area ratio:   95.56
      Required ratio:    0.00 (Cumulative side area) 


  Pin:   _18881_/A1 (sky130_fd_sc_hd__mux2_1)
    Layer: mcon
      Partial area ratio:    0.23
      Required ratio:    3.00 (Gate area) 
      Cumulative area ratio:    0.23
      Required ratio:    0.00 (Cumulative area) 

    Layer: met1
      Partial area ratio:    9.62
      Required ratio:    0.00 (Gate area) 
      Cumulative area ratio:    9.62
      Required ratio:    0.00 (Cumulative area) 
      Partial area ratio:   46.74
      Required ratio:  400.00 (Side area) 
      Cumulative area ratio:   46.74
      Required ratio:    0.00 (Cumulative side area) 

    Layer: via
      Partial area ratio:    0.27
      Required ratio:    6.00 (Gate area) 
      Cumulative area ratio:    0.50
      Required ratio:    0.00 (Cumulative area) 

    Layer: met2
      Partial area ratio:   11.32
      Required ratio:    0.00 (Gate area) 
      Cumulative area ratio:   20.94
      Required ratio:    0.00 (Cumulative area) 
      Partial area ratio:   55.97
      Required ratio: 3872.32 (Side area) 
      Cumulative area ratio:  102.71
      Required ratio:    0.00 (Cumulative side area) 


  Pin:   _18914_/A1 (sky130_fd_sc_hd__mux2_1)
    Layer: mcon
      Partial area ratio:    0.23
      Required ratio:    3.00 (Gate area) 
      Cumulative area ratio:    0.23
      Required ratio:    0.00 (Cumulative area) 

    Layer: met1
      Partial area ratio:    7.60
      Required ratio:    0.00 (Gate area) 
      Cumulative area ratio:    7.60
      Required ratio:    0.00 (Cumulative area) 
      Partial area ratio:   36.56
      Required ratio:  400.00 (Side area) 
      Cumulative area ratio:   36.56
      Required ratio:    0.00 (Cumulative side area) 

    Layer: via
      Partial area ratio:    0.27
      Required ratio:    6.00 (Gate area) 
      Cumulative area ratio:    0.50
      Required ratio:    0.00 (Cumulative area) 

    Layer: met2
      Partial area ratio:   11.32
      Required ratio:    0.00 (Gate area) 
      Cumulative area ratio:   18.91
      Required ratio:    0.00 (Cumulative area) 
      Partial area ratio:   55.97
      Required ratio: 3872.32 (Side area) 
      Cumulative area ratio:   92.53
      Required ratio:    0.00 (Cumulative side area) 


  Pin:   _18948_/A1 (sky130_fd_sc_hd__mux2_1)
    Layer: mcon
      Partial area ratio:    0.23
      Required ratio:    3.00 (Gate area) 
      Cumulative area ratio:    0.23
      Required ratio:    0.00 (Cumulative area) 

    Layer: met1
      Partial area ratio:    4.69
      Required ratio:    0.00 (Gate area) 
      Cumulative area ratio:    4.69
      Required ratio:    0.00 (Cumulative area) 
      Partial area ratio:   22.04
      Required ratio:  400.00 (Side area) 
      Cumulative area ratio:   22.04
      Required ratio:    0.00 (Cumulative side area) 

    Layer: via
      Partial area ratio:    0.27
      Required ratio:    6.00 (Gate area) 
      Cumulative area ratio:    0.50
      Required ratio:    0.00 (Cumulative area) 

    Layer: met2
      Partial area ratio:   11.32
      Required ratio:    0.00 (Gate area) 
      Cumulative area ratio:   16.01
      Required ratio:    0.00 (Cumulative area) 
      Partial area ratio:   55.97
      Required ratio: 3872.32 (Side area) 
      Cumulative area ratio:   78.01
      Required ratio:    0.00 (Cumulative side area) 


  Pin:   _18981_/A0 (sky130_fd_sc_hd__mux2_1)
    Layer: mcon
      Partial area ratio:    0.23
      Required ratio:    3.00 (Gate area) 
      Cumulative area ratio:    0.23
      Required ratio:    0.00 (Cumulative area) 

    Layer: met1
      Partial area ratio:    5.51
      Required ratio:    0.00 (Gate area) 
      Cumulative area ratio:    5.51
      Required ratio:    0.00 (Cumulative area) 
      Partial area ratio:   26.07
      Required ratio:  400.00 (Side area) 
      Cumulative area ratio:   26.07
      Required ratio:    0.00 (Cumulative side area) 

    Layer: via
      Partial area ratio:    0.36
      Required ratio:    6.00 (Gate area) 
      Cumulative area ratio:    0.59
      Required ratio:    0.00 (Cumulative area) 

    Layer: met2
      Partial area ratio:   11.32
      Required ratio:    0.00 (Gate area) 
      Cumulative area ratio:   16.82
      Required ratio:    0.00 (Cumulative area) 
      Partial area ratio:   55.97
      Required ratio: 3872.32 (Side area) 
      Cumulative area ratio:   82.04
      Required ratio:    0.00 (Cumulative side area) 


  Pin:   _26016_/A0 (sky130_fd_sc_hd__mux2_1)
    Layer: mcon
      Partial area ratio:    0.23
      Required ratio:    3.00 (Gate area) 
      Cumulative area ratio:    0.23
      Required ratio:    0.00 (Cumulative area) 

    Layer: met1
      Partial area ratio:    9.59
      Required ratio:    0.00 (Gate area) 
      Cumulative area ratio:    9.59
      Required ratio:    0.00 (Cumulative area) 
      Partial area ratio:   46.08
      Required ratio:  400.00 (Side area) 
      Cumulative area ratio:   46.08
      Required ratio:    0.00 (Cumulative side area) 

    Layer: via
      Partial area ratio:    0.36
      Required ratio:    6.00 (Gate area) 
      Cumulative area ratio:    0.59
      Required ratio:    0.00 (Cumulative area) 

    Layer: met2
      Partial area ratio:   11.32
      Required ratio:    0.00 (Gate area) 
      Cumulative area ratio:   20.90
      Required ratio:    0.00 (Cumulative area) 
      Partial area ratio:   55.97
      Required ratio: 3872.32 (Side area) 
      Cumulative area ratio:  102.06
      Required ratio:    0.00 (Cumulative side area) 


  Pin:   _26082_/A0 (sky130_fd_sc_hd__mux2_1)
    Layer: mcon
      Partial area ratio:    0.23
      Required ratio:    3.00 (Gate area) 
      Cumulative area ratio:    0.23
      Required ratio:    0.00 (Cumulative area) 

    Layer: met1
      Partial area ratio:    9.59
      Required ratio:    0.00 (Gate area) 
      Cumulative area ratio:    9.59
      Required ratio:    0.00 (Cumulative area) 
      Partial area ratio:   46.08
      Required ratio:  400.00 (Side area) 
      Cumulative area ratio:   46.08
      Required ratio:    0.00 (Cumulative side area) 

    Layer: via
      Partial area ratio:    0.36
      Required ratio:    6.00 (Gate area) 
      Cumulative area ratio:    0.59
      Required ratio:    0.00 (Cumulative area) 

    Layer: met2
      Partial area ratio:   11.32
      Required ratio:    0.00 (Gate area) 
      Cumulative area ratio:   20.90
      Required ratio:    0.00 (Cumulative area) 
      Partial area ratio:   55.97
      Required ratio: 3872.32 (Side area) 
      Cumulative area ratio:  102.06
      Required ratio:    0.00 (Cumulative side area) 


  Pin:   _26115_/A1 (sky130_fd_sc_hd__mux2_1)
    Layer: mcon
      Partial area ratio:    0.23
      Required ratio:    3.00 (Gate area) 
      Cumulative area ratio:    0.23
      Required ratio:    0.00 (Cumulative area) 

    Layer: met1
      Partial area ratio:    7.78
      Required ratio:    0.00 (Gate area) 
      Cumulative area ratio:    7.78
      Required ratio:    0.00 (Cumulative area) 
      Partial area ratio:   37.44
      Required ratio:  400.00 (Side area) 
      Cumulative area ratio:   37.44
      Required ratio:    0.00 (Cumulative side area) 

    Layer: via
      Partial area ratio:    0.36
      Required ratio:    6.00 (Gate area) 
      Cumulative area ratio:    0.59
      Required ratio:    0.00 (Cumulative area) 

    Layer: met2
      Partial area ratio:   11.32
      Required ratio:    0.00 (Gate area) 
      Cumulative area ratio:   19.10
      Required ratio:    0.00 (Cumulative area) 
      Partial area ratio:   55.97
      Required ratio: 3872.32 (Side area) 
      Cumulative area ratio:   93.42
      Required ratio:    0.00 (Cumulative side area) 


  Pin:   _26148_/A0 (sky130_fd_sc_hd__mux2_1)
    Layer: mcon
      Partial area ratio:    0.23
      Required ratio:    3.00 (Gate area) 
      Cumulative area ratio:    0.23
      Required ratio:    0.00 (Cumulative area) 

    Layer: met1
      Partial area ratio:    4.56
      Required ratio:    0.00 (Gate area) 
      Cumulative area ratio:    4.56
      Required ratio:    0.00 (Cumulative area) 
      Partial area ratio:   21.35
      Required ratio:  400.00 (Side area) 
      Cumulative area ratio:   21.35
      Required ratio:    0.00 (Cumulative side area) 

    Layer: via
      Partial area ratio:    0.36
      Required ratio:    6.00 (Gate area) 
      Cumulative area ratio:    0.59
      Required ratio:    0.00 (Cumulative area) 

    Layer: met2
      Partial area ratio:   11.32
      Required ratio:    0.00 (Gate area) 
      Cumulative area ratio:   15.88
      Required ratio:    0.00 (Cumulative area) 
      Partial area ratio:   55.97
      Required ratio: 3872.32 (Side area) 
      Cumulative area ratio:   77.32
      Required ratio:    0.00 (Cumulative side area) 


  Pin:   _26181_/A0 (sky130_fd_sc_hd__mux2_1)
    Layer: mcon
      Partial area ratio:    0.23
      Required ratio:    3.00 (Gate area) 
      Cumulative area ratio:    0.23
      Required ratio:    0.00 (Cumulative area) 

    Layer: met1
      Partial area ratio:    4.84
      Required ratio:    0.00 (Gate area) 
      Cumulative area ratio:    4.84
      Required ratio:    0.00 (Cumulative area) 
      Partial area ratio:   22.74
      Required ratio:  400.00 (Side area) 
      Cumulative area ratio:   22.74
      Required ratio:    0.00 (Cumulative side area) 

    Layer: via
      Partial area ratio:    0.36
      Required ratio:    6.00 (Gate area) 
      Cumulative area ratio:    0.59
      Required ratio:    0.00 (Cumulative area) 

    Layer: met2
      Partial area ratio:   11.32
      Required ratio:    0.00 (Gate area) 
      Cumulative area ratio:   16.16
      Required ratio:    0.00 (Cumulative area) 
      Partial area ratio:   55.97
      Required ratio: 3872.32 (Side area) 
      Cumulative area ratio:   78.71
      Required ratio:    0.00 (Cumulative side area) 


  Pin:   _26214_/A0 (sky130_fd_sc_hd__mux2_1)
    Layer: mcon
      Partial area ratio:    0.23
      Required ratio:    3.00 (Gate area) 
      Cumulative area ratio:    0.23
      Required ratio:    0.00 (Cumulative area) 

    Layer: met1
      Partial area ratio:    9.64
      Required ratio:    0.00 (Gate area) 
      Cumulative area ratio:    9.64
      Required ratio:    0.00 (Cumulative area) 
      Partial area ratio:   46.72
      Required ratio:  400.00 (Side area) 
      Cumulative area ratio:   46.72
      Required ratio:    0.00 (Cumulative side area) 

    Layer: via
      Partial area ratio:    0.36
      Required ratio:    6.00 (Gate area) 
      Cumulative area ratio:    0.59
      Required ratio:    0.00 (Cumulative area) 

    Layer: met2
      Partial area ratio:   11.32
      Required ratio:    0.00 (Gate area) 
      Cumulative area ratio:   20.95
      Required ratio:    0.00 (Cumulative area) 
      Partial area ratio:   55.97
      Required ratio: 3872.32 (Side area) 
      Cumulative area ratio:  102.70
      Required ratio:    0.00 (Cumulative side area) 


  Pin:   _26247_/A1 (sky130_fd_sc_hd__mux2_1)
    Layer: mcon
      Partial area ratio:    0.23
      Required ratio:    3.00 (Gate area) 
      Cumulative area ratio:    0.23
      Required ratio:    0.00 (Cumulative area) 

    Layer: met1
      Partial area ratio:   17.52
      Required ratio:    0.00 (Gate area) 
      Cumulative area ratio:   17.52
      Required ratio:    0.00 (Cumulative area) 
      Partial area ratio:   84.39
      Required ratio:  400.00 (Side area) 
      Cumulative area ratio:   84.39
      Required ratio:    0.00 (Cumulative side area) 

    Layer: via
      Partial area ratio:    0.71
      Required ratio:    6.00 (Gate area) 
      Cumulative area ratio:    0.94
      Required ratio:    0.00 (Cumulative area) 

    Layer: met2
      Partial area ratio:   11.32
      Required ratio:    0.00 (Gate area) 
      Cumulative area ratio:   28.83
      Required ratio:    0.00 (Cumulative area) 
      Partial area ratio:   55.97
      Required ratio: 3872.32 (Side area) 
      Cumulative area ratio:  140.36
      Required ratio:    0.00 (Cumulative side area) 


  Pin:   _26280_/A0 (sky130_fd_sc_hd__mux2_1)
    Layer: mcon
      Partial area ratio:    0.23
      Required ratio:    3.00 (Gate area) 
      Cumulative area ratio:    0.23
      Required ratio:    0.00 (Cumulative area) 

    Layer: met1
      Partial area ratio:    6.72
      Required ratio:    0.00 (Gate area) 
      Cumulative area ratio:    6.72
      Required ratio:    0.00 (Cumulative area) 
      Partial area ratio:   32.67
      Required ratio:  400.00 (Side area) 
      Cumulative area ratio:   32.67
      Required ratio:    0.00 (Cumulative side area) 

    Layer: via
      Partial area ratio:    0.21
      Required ratio:    6.00 (Gate area) 
      Cumulative area ratio:    0.44
      Required ratio:    0.00 (Cumulative area) 

    Layer: met2
      Partial area ratio:   11.32
      Required ratio:    0.00 (Gate area) 
      Cumulative area ratio:   18.03
      Required ratio:    0.00 (Cumulative area) 
      Partial area ratio:   55.97
      Required ratio: 3872.32 (Side area) 
      Cumulative area ratio:   88.64
      Required ratio:    0.00 (Cumulative side area) 


  Pin:   _26313_/A0 (sky130_fd_sc_hd__mux2_1)
    Layer: mcon
      Partial area ratio:    0.23
      Required ratio:    3.00 (Gate area) 
      Cumulative area ratio:    0.23
      Required ratio:    0.00 (Cumulative area) 

    Layer: met1
      Partial area ratio:    6.72
      Required ratio:    0.00 (Gate area) 
      Cumulative area ratio:    6.72
      Required ratio:    0.00 (Cumulative area) 
      Partial area ratio:   32.67
      Required ratio:  400.00 (Side area) 
      Cumulative area ratio:   32.67
      Required ratio:    0.00 (Cumulative side area) 

    Layer: via
      Partial area ratio:    0.21
      Required ratio:    6.00 (Gate area) 
      Cumulative area ratio:    0.44
      Required ratio:    0.00 (Cumulative area) 

    Layer: met2
      Partial area ratio:   11.32
      Required ratio:    0.00 (Gate area) 
      Cumulative area ratio:   18.03
      Required ratio:    0.00 (Cumulative area) 
      Partial area ratio:   55.97
      Required ratio: 3872.32 (Side area) 
      Cumulative area ratio:   88.64
      Required ratio:    0.00 (Cumulative side area) 


  Pin:   _26346_/A0 (sky130_fd_sc_hd__mux2_1)
    Layer: mcon
      Partial area ratio:    0.23
      Required ratio:    3.00 (Gate area) 
      Cumulative area ratio:    0.23
      Required ratio:    0.00 (Cumulative area) 

    Layer: met1
      Partial area ratio:    4.69
      Required ratio:    0.00 (Gate area) 
      Cumulative area ratio:    4.69
      Required ratio:    0.00 (Cumulative area) 
      Partial area ratio:   22.04
      Required ratio:  400.00 (Side area) 
      Cumulative area ratio:   22.04
      Required ratio:    0.00 (Cumulative side area) 

    Layer: via
      Partial area ratio:    0.27
      Required ratio:    6.00 (Gate area) 
      Cumulative area ratio:    0.50
      Required ratio:    0.00 (Cumulative area) 

    Layer: met2
      Partial area ratio:   11.32
      Required ratio:    0.00 (Gate area) 
      Cumulative area ratio:   16.01
      Required ratio:    0.00 (Cumulative area) 
      Partial area ratio:   55.97
      Required ratio: 3872.32 (Side area) 
      Cumulative area ratio:   78.01
      Required ratio:    0.00 (Cumulative side area) 


  Pin:   _26412_/A0 (sky130_fd_sc_hd__mux2_1)
    Layer: mcon
      Partial area ratio:    0.23
      Required ratio:    3.00 (Gate area) 
      Cumulative area ratio:    0.23
      Required ratio:    0.00 (Cumulative area) 

    Layer: met1
      Partial area ratio:   12.36
      Required ratio:    0.00 (Gate area) 
      Cumulative area ratio:   12.36
      Required ratio:    0.00 (Cumulative area) 
      Partial area ratio:   60.09
      Required ratio:  400.00 (Side area) 
      Cumulative area ratio:   60.09
      Required ratio:    0.00 (Cumulative side area) 

    Layer: via
      Partial area ratio:    0.30
      Required ratio:    6.00 (Gate area) 
      Cumulative area ratio:    0.53
      Required ratio:    0.00 (Cumulative area) 

    Layer: met2
      Partial area ratio:   11.32
      Required ratio:    0.00 (Gate area) 
      Cumulative area ratio:   23.67
      Required ratio:    0.00 (Cumulative area) 
      Partial area ratio:   55.97
      Required ratio: 3872.32 (Side area) 
      Cumulative area ratio:  116.06
      Required ratio:    0.00 (Cumulative side area) 


  Pin:   _26445_/A1 (sky130_fd_sc_hd__mux2_1)
    Layer: mcon
      Partial area ratio:    0.23
      Required ratio:    3.00 (Gate area) 
      Cumulative area ratio:    0.23
      Required ratio:    0.00 (Cumulative area) 

    Layer: met1
      Partial area ratio:    5.24
      Required ratio:    0.00 (Gate area) 
      Cumulative area ratio:    5.24
      Required ratio:    0.00 (Cumulative area) 
      Partial area ratio:   24.72
      Required ratio:  400.00 (Side area) 
      Cumulative area ratio:   24.72
      Required ratio:    0.00 (Cumulative side area) 

    Layer: via
      Partial area ratio:    0.36
      Required ratio:    6.00 (Gate area) 
      Cumulative area ratio:    0.59
      Required ratio:    0.00 (Cumulative area) 

    Layer: met2
      Partial area ratio:   11.32
      Required ratio:    0.00 (Gate area) 
      Cumulative area ratio:   16.55
      Required ratio:    0.00 (Cumulative area) 
      Partial area ratio:   55.97
      Required ratio: 3872.32 (Side area) 
      Cumulative area ratio:   80.70
      Required ratio:    0.00 (Cumulative side area) 


  Pin:   _26478_/A1 (sky130_fd_sc_hd__mux2_1)
    Layer: mcon
      Partial area ratio:    0.23
      Required ratio:    3.00 (Gate area) 
      Cumulative area ratio:    0.23
      Required ratio:    0.00 (Cumulative area) 

    Layer: met1
      Partial area ratio:   12.36
      Required ratio:    0.00 (Gate area) 
      Cumulative area ratio:   12.36
      Required ratio:    0.00 (Cumulative area) 
      Partial area ratio:   60.09
      Required ratio:  400.00 (Side area) 
      Cumulative area ratio:   60.09
      Required ratio:    0.00 (Cumulative side area) 

    Layer: via
      Partial area ratio:    0.30
      Required ratio:    6.00 (Gate area) 
      Cumulative area ratio:    0.53
      Required ratio:    0.00 (Cumulative area) 

    Layer: met2
      Partial area ratio:   11.32
      Required ratio:    0.00 (Gate area) 
      Cumulative area ratio:   23.67
      Required ratio:    0.00 (Cumulative area) 
      Partial area ratio:   55.97
      Required ratio: 3872.32 (Side area) 
      Cumulative area ratio:  116.06
      Required ratio:    0.00 (Cumulative side area) 


  Pin:   _26511_/A1 (sky130_fd_sc_hd__mux2_1)
    Layer: mcon
      Partial area ratio:    0.23
      Required ratio:    3.00 (Gate area) 
      Cumulative area ratio:    0.23
      Required ratio:    0.00 (Cumulative area) 

    Layer: met1
      Partial area ratio:   12.36
      Required ratio:    0.00 (Gate area) 
      Cumulative area ratio:   12.36
      Required ratio:    0.00 (Cumulative area) 
      Partial area ratio:   60.09
      Required ratio:  400.00 (Side area) 
      Cumulative area ratio:   60.09
      Required ratio:    0.00 (Cumulative side area) 

    Layer: via
      Partial area ratio:    0.30
      Required ratio:    6.00 (Gate area) 
      Cumulative area ratio:    0.53
      Required ratio:    0.00 (Cumulative area) 

    Layer: met2
      Partial area ratio:   11.32
      Required ratio:    0.00 (Gate area) 
      Cumulative area ratio:   23.67
      Required ratio:    0.00 (Cumulative area) 
      Partial area ratio:   55.97
      Required ratio: 3872.32 (Side area) 
      Cumulative area ratio:  116.06
      Required ratio:    0.00 (Cumulative side area) 


  Pin:   _26544_/A0 (sky130_fd_sc_hd__mux2_1)
    Layer: mcon
      Partial area ratio:    0.23
      Required ratio:    3.00 (Gate area) 
      Cumulative area ratio:    0.23
      Required ratio:    0.00 (Cumulative area) 

    Layer: met1
      Partial area ratio:    8.84
      Required ratio:    0.00 (Gate area) 
      Cumulative area ratio:    8.84
      Required ratio:    0.00 (Cumulative area) 
      Partial area ratio:   42.34
      Required ratio:  400.00 (Side area) 
      Cumulative area ratio:   42.34
      Required ratio:    0.00 (Cumulative side area) 

    Layer: via
      Partial area ratio:    0.36
      Required ratio:    6.00 (Gate area) 
      Cumulative area ratio:    0.59
      Required ratio:    0.00 (Cumulative area) 

    Layer: met2
      Partial area ratio:   11.32
      Required ratio:    0.00 (Gate area) 
      Cumulative area ratio:   20.16
      Required ratio:    0.00 (Cumulative area) 
      Partial area ratio:   55.97
      Required ratio: 3872.32 (Side area) 
      Cumulative area ratio:   98.31
      Required ratio:    0.00 (Cumulative side area) 


  Pin:   _26577_/A0 (sky130_fd_sc_hd__mux2_1)
    Layer: mcon
      Partial area ratio:    0.23
      Required ratio:    3.00 (Gate area) 
      Cumulative area ratio:    0.23
      Required ratio:    0.00 (Cumulative area) 

    Layer: met1
      Partial area ratio:    6.22
      Required ratio:    0.00 (Gate area) 
      Cumulative area ratio:    6.22
      Required ratio:    0.00 (Cumulative area) 
      Partial area ratio:   29.65
      Required ratio:  400.00 (Side area) 
      Cumulative area ratio:   29.65
      Required ratio:    0.00 (Cumulative side area) 

    Layer: via
      Partial area ratio:    0.36
      Required ratio:    6.00 (Gate area) 
      Cumulative area ratio:    0.59
      Required ratio:    0.00 (Cumulative area) 

    Layer: met2
      Partial area ratio:   11.32
      Required ratio:    0.00 (Gate area) 
      Cumulative area ratio:   17.54
      Required ratio:    0.00 (Cumulative area) 
      Partial area ratio:   55.97
      Required ratio: 3872.32 (Side area) 
      Cumulative area ratio:   85.62
      Required ratio:    0.00 (Cumulative side area) 


  Pin:   _26610_/A0 (sky130_fd_sc_hd__mux2_1)
    Layer: mcon
      Partial area ratio:    0.23
      Required ratio:    3.00 (Gate area) 
      Cumulative area ratio:    0.23
      Required ratio:    0.00 (Cumulative area) 

    Layer: met1
      Partial area ratio:    8.84
      Required ratio:    0.00 (Gate area) 
      Cumulative area ratio:    8.84
      Required ratio:    0.00 (Cumulative area) 
      Partial area ratio:   42.34
      Required ratio:  400.00 (Side area) 
      Cumulative area ratio:   42.34
      Required ratio:    0.00 (Cumulative side area) 

    Layer: via
      Partial area ratio:    0.36
      Required ratio:    6.00 (Gate area) 
      Cumulative area ratio:    0.59
      Required ratio:    0.00 (Cumulative area) 

    Layer: met2
      Partial area ratio:   11.32
      Required ratio:    0.00 (Gate area) 
      Cumulative area ratio:   20.16
      Required ratio:    0.00 (Cumulative area) 
      Partial area ratio:   55.97
      Required ratio: 3872.32 (Side area) 
      Cumulative area ratio:   98.31
      Required ratio:    0.00 (Cumulative side area) 


  Pin:   _26643_/A1 (sky130_fd_sc_hd__mux2_1)
    Layer: mcon
      Partial area ratio:    0.23
      Required ratio:    3.00 (Gate area) 
      Cumulative area ratio:    0.23
      Required ratio:    0.00 (Cumulative area) 

    Layer: met1
      Partial area ratio:   11.49
      Required ratio:    0.00 (Gate area) 
      Cumulative area ratio:   11.49
      Required ratio:    0.00 (Cumulative area) 
      Partial area ratio:   55.11
      Required ratio:  400.00 (Side area) 
      Cumulative area ratio:   55.11
      Required ratio:    0.00 (Cumulative side area) 

    Layer: via
      Partial area ratio:    0.54
      Required ratio:    6.00 (Gate area) 
      Cumulative area ratio:    0.77
      Required ratio:    0.00 (Cumulative area) 

    Layer: met2
      Partial area ratio:   11.32
      Required ratio:    0.00 (Gate area) 
      Cumulative area ratio:   22.80
      Required ratio:    0.00 (Cumulative area) 
      Partial area ratio:   55.97
      Required ratio: 3872.32 (Side area) 
      Cumulative area ratio:  111.08
      Required ratio:    0.00 (Cumulative side area) 


  Pin:   _26676_/A0 (sky130_fd_sc_hd__mux2_1)
    Layer: mcon
      Partial area ratio:    0.23
      Required ratio:    3.00 (Gate area) 
      Cumulative area ratio:    0.23
      Required ratio:    0.00 (Cumulative area) 

    Layer: met1
      Partial area ratio:    7.60
      Required ratio:    0.00 (Gate area) 
      Cumulative area ratio:    7.60
      Required ratio:    0.00 (Cumulative area) 
      Partial area ratio:   36.56
      Required ratio:  400.00 (Side area) 
      Cumulative area ratio:   36.56
      Required ratio:    0.00 (Cumulative side area) 

    Layer: via
      Partial area ratio:    0.27
      Required ratio:    6.00 (Gate area) 
      Cumulative area ratio:    0.50
      Required ratio:    0.00 (Cumulative area) 

    Layer: met2
      Partial area ratio:   11.32
      Required ratio:    0.00 (Gate area) 
      Cumulative area ratio:   18.91
      Required ratio:    0.00 (Cumulative area) 
      Partial area ratio:   55.97
      Required ratio: 3872.32 (Side area) 
      Cumulative area ratio:   92.53
      Required ratio:    0.00 (Cumulative side area) 


  Pin:   _26742_/A1 (sky130_fd_sc_hd__mux2_1)
    Layer: mcon
      Partial area ratio:    0.23
      Required ratio:    3.00 (Gate area) 
      Cumulative area ratio:    0.23
      Required ratio:    0.00 (Cumulative area) 

    Layer: met1
      Partial area ratio:    8.86
      Required ratio:    0.00 (Gate area) 
      Cumulative area ratio:    8.86
      Required ratio:    0.00 (Cumulative area) 
      Partial area ratio:   42.67
      Required ratio:  400.00 (Side area) 
      Cumulative area ratio:   42.67
      Required ratio:    0.00 (Cumulative side area) 

    Layer: via
      Partial area ratio:    0.32
      Required ratio:    6.00 (Gate area) 
      Cumulative area ratio:    0.55
      Required ratio:    0.00 (Cumulative area) 

    Layer: met2
      Partial area ratio:   11.32
      Required ratio:    0.00 (Gate area) 
      Cumulative area ratio:   20.18
      Required ratio:    0.00 (Cumulative area) 
      Partial area ratio:   55.97
      Required ratio: 3872.32 (Side area) 
      Cumulative area ratio:   98.64
      Required ratio:    0.00 (Cumulative side area) 


  Pin:   _26775_/A1 (sky130_fd_sc_hd__mux2_1)
    Layer: mcon
      Partial area ratio:    0.23
      Required ratio:    3.00 (Gate area) 
      Cumulative area ratio:    0.23
      Required ratio:    0.00 (Cumulative area) 

    Layer: met1
      Partial area ratio:    8.86
      Required ratio:    0.00 (Gate area) 
      Cumulative area ratio:    8.86
      Required ratio:    0.00 (Cumulative area) 
      Partial area ratio:   42.67
      Required ratio:  400.00 (Side area) 
      Cumulative area ratio:   42.67
      Required ratio:    0.00 (Cumulative side area) 

    Layer: via
      Partial area ratio:    0.32
      Required ratio:    6.00 (Gate area) 
      Cumulative area ratio:    0.55
      Required ratio:    0.00 (Cumulative area) 

    Layer: met2
      Partial area ratio:   11.32
      Required ratio:    0.00 (Gate area) 
      Cumulative area ratio:   20.18
      Required ratio:    0.00 (Cumulative area) 
      Partial area ratio:   55.97
      Required ratio: 3872.32 (Side area) 
      Cumulative area ratio:   98.64
      Required ratio:    0.00 (Cumulative side area) 


  Pin:   _26808_/A0 (sky130_fd_sc_hd__mux2_1)
    Layer: mcon
      Partial area ratio:    0.23
      Required ratio:    3.00 (Gate area) 
      Cumulative area ratio:    0.23
      Required ratio:    0.00 (Cumulative area) 

    Layer: met1
      Partial area ratio:    7.73
      Required ratio:    0.00 (Gate area) 
      Cumulative area ratio:    7.73
      Required ratio:    0.00 (Cumulative area) 
      Partial area ratio:   36.81
      Required ratio:  400.00 (Side area) 
      Cumulative area ratio:   36.81
      Required ratio:    0.00 (Cumulative side area) 

    Layer: via
      Partial area ratio:    0.36
      Required ratio:    6.00 (Gate area) 
      Cumulative area ratio:    0.59
      Required ratio:    0.00 (Cumulative area) 

    Layer: met2
      Partial area ratio:   11.32
      Required ratio:    0.00 (Gate area) 
      Cumulative area ratio:   19.05
      Required ratio:    0.00 (Cumulative area) 
      Partial area ratio:   55.97
      Required ratio: 3872.32 (Side area) 
      Cumulative area ratio:   92.78
      Required ratio:    0.00 (Cumulative side area) 


  Pin:   _26841_/A1 (sky130_fd_sc_hd__mux2_1)
    Layer: mcon
      Partial area ratio:    0.23
      Required ratio:    3.00 (Gate area) 
      Cumulative area ratio:    0.23
      Required ratio:    0.00 (Cumulative area) 

    Layer: met1
      Partial area ratio:    7.42
      Required ratio:    0.00 (Gate area) 
      Cumulative area ratio:    7.42
      Required ratio:    0.00 (Cumulative area) 
      Partial area ratio:   35.67
      Required ratio:  400.00 (Side area) 
      Cumulative area ratio:   35.67
      Required ratio:    0.00 (Cumulative side area) 

    Layer: via
      Partial area ratio:    0.27
      Required ratio:    6.00 (Gate area) 
      Cumulative area ratio:    0.50
      Required ratio:    0.00 (Cumulative area) 

    Layer: met2
      Partial area ratio:   11.32
      Required ratio:    0.00 (Gate area) 
      Cumulative area ratio:   18.74
      Required ratio:    0.00 (Cumulative area) 
      Partial area ratio:   55.97
      Required ratio: 3872.32 (Side area) 
      Cumulative area ratio:   91.64
      Required ratio:    0.00 (Cumulative side area) 


  Pin:   _26874_/A1 (sky130_fd_sc_hd__mux2_1)
    Layer: mcon
      Partial area ratio:    0.23
      Required ratio:    3.00 (Gate area) 
      Cumulative area ratio:    0.23
      Required ratio:    0.00 (Cumulative area) 

    Layer: met1
      Partial area ratio:    7.73
      Required ratio:    0.00 (Gate area) 
      Cumulative area ratio:    7.73
      Required ratio:    0.00 (Cumulative area) 
      Partial area ratio:   36.81
      Required ratio:  400.00 (Side area) 
      Cumulative area ratio:   36.81
      Required ratio:    0.00 (Cumulative side area) 

    Layer: via
      Partial area ratio:    0.36
      Required ratio:    6.00 (Gate area) 
      Cumulative area ratio:    0.59
      Required ratio:    0.00 (Cumulative area) 

    Layer: met2
      Partial area ratio:   11.32
      Required ratio:    0.00 (Gate area) 
      Cumulative area ratio:   19.05
      Required ratio:    0.00 (Cumulative area) 
      Partial area ratio:   55.97
      Required ratio: 3872.32 (Side area) 
      Cumulative area ratio:   92.78
      Required ratio:    0.00 (Cumulative side area) 


  Pin:   _26907_/A1 (sky130_fd_sc_hd__mux2_1)
    Layer: mcon
      Partial area ratio:    0.23
      Required ratio:    3.00 (Gate area) 
      Cumulative area ratio:    0.23
      Required ratio:    0.00 (Cumulative area) 

    Layer: met1
      Partial area ratio:    7.42
      Required ratio:    0.00 (Gate area) 
      Cumulative area ratio:    7.42
      Required ratio:    0.00 (Cumulative area) 
      Partial area ratio:   35.67
      Required ratio:  400.00 (Side area) 
      Cumulative area ratio:   35.67
      Required ratio:    0.00 (Cumulative side area) 

    Layer: via
      Partial area ratio:    0.27
      Required ratio:    6.00 (Gate area) 
      Cumulative area ratio:    0.50
      Required ratio:    0.00 (Cumulative area) 

    Layer: met2
      Partial area ratio:   11.32
      Required ratio:    0.00 (Gate area) 
      Cumulative area ratio:   18.74
      Required ratio:    0.00 (Cumulative area) 
      Partial area ratio:   55.97
      Required ratio: 3872.32 (Side area) 
      Cumulative area ratio:   91.64
      Required ratio:    0.00 (Cumulative side area) 


  Pin:   _26940_/A1 (sky130_fd_sc_hd__mux2_1)
    Layer: mcon
      Partial area ratio:    0.23
      Required ratio:    3.00 (Gate area) 
      Cumulative area ratio:    0.23
      Required ratio:    0.00 (Cumulative area) 

    Layer: met1
      Partial area ratio:    9.62
      Required ratio:    0.00 (Gate area) 
      Cumulative area ratio:    9.62
      Required ratio:    0.00 (Cumulative area) 
      Partial area ratio:   46.74
      Required ratio:  400.00 (Side area) 
      Cumulative area ratio:   46.74
      Required ratio:    0.00 (Cumulative side area) 

    Layer: via
      Partial area ratio:    0.27
      Required ratio:    6.00 (Gate area) 
      Cumulative area ratio:    0.50
      Required ratio:    0.00 (Cumulative area) 

    Layer: met2
      Partial area ratio:   11.32
      Required ratio:    0.00 (Gate area) 
      Cumulative area ratio:   20.94
      Required ratio:    0.00 (Cumulative area) 
      Partial area ratio:   55.97
      Required ratio: 3872.32 (Side area) 
      Cumulative area ratio:  102.71
      Required ratio:    0.00 (Cumulative side area) 


  Pin:   _26973_/A1 (sky130_fd_sc_hd__mux2_1)
    Layer: mcon
      Partial area ratio:    0.23
      Required ratio:    3.00 (Gate area) 
      Cumulative area ratio:    0.23
      Required ratio:    0.00 (Cumulative area) 

    Layer: met1
      Partial area ratio:    3.63
      Required ratio:    0.00 (Gate area) 
      Cumulative area ratio:    3.63
      Required ratio:    0.00 (Cumulative area) 
      Partial area ratio:   16.67
      Required ratio:  400.00 (Side area) 
      Cumulative area ratio:   16.67
      Required ratio:    0.00 (Cumulative side area) 

    Layer: via
      Partial area ratio:    0.36
      Required ratio:    6.00 (Gate area) 
      Cumulative area ratio:    0.59
      Required ratio:    0.00 (Cumulative area) 

    Layer: met2
      Partial area ratio:   11.32
      Required ratio:    0.00 (Gate area) 
      Cumulative area ratio:   14.94
      Required ratio:    0.00 (Cumulative area) 
      Partial area ratio:   55.97
      Required ratio: 3872.32 (Side area) 
      Cumulative area ratio:   72.64
      Required ratio:    0.00 (Cumulative side area) 


  Pin:   _27006_/A1 (sky130_fd_sc_hd__mux2_1)
    Layer: mcon
      Partial area ratio:    0.23
      Required ratio:    3.00 (Gate area) 
      Cumulative area ratio:    0.23
      Required ratio:    0.00 (Cumulative area) 

    Layer: met1
      Partial area ratio:    9.62
      Required ratio:    0.00 (Gate area) 
      Cumulative area ratio:    9.62
      Required ratio:    0.00 (Cumulative area) 
      Partial area ratio:   46.74
      Required ratio:  400.00 (Side area) 
      Cumulative area ratio:   46.74
      Required ratio:    0.00 (Cumulative side area) 

    Layer: via
      Partial area ratio:    0.27
      Required ratio:    6.00 (Gate area) 
      Cumulative area ratio:    0.50
      Required ratio:    0.00 (Cumulative area) 

    Layer: met2
      Partial area ratio:   11.32
      Required ratio:    0.00 (Gate area) 
      Cumulative area ratio:   20.94
      Required ratio:    0.00 (Cumulative area) 
      Partial area ratio:   55.97
      Required ratio: 3872.32 (Side area) 
      Cumulative area ratio:  102.71
      Required ratio:    0.00 (Cumulative side area) 


  Pin:   _27072_/A0 (sky130_fd_sc_hd__mux2_1)
    Layer: mcon
      Partial area ratio:    0.23
      Required ratio:    3.00 (Gate area) 
      Cumulative area ratio:    0.23
      Required ratio:    0.00 (Cumulative area) 

    Layer: met1
      Partial area ratio:    4.59
      Required ratio:    0.00 (Gate area) 
      Cumulative area ratio:    4.59
      Required ratio:    0.00 (Cumulative area) 
      Partial area ratio:   21.73
      Required ratio:  400.00 (Side area) 
      Cumulative area ratio:   21.73
      Required ratio:    0.00 (Cumulative side area) 

    Layer: via
      Partial area ratio:    0.24
      Required ratio:    6.00 (Gate area) 
      Cumulative area ratio:    0.47
      Required ratio:    0.00 (Cumulative area) 

    Layer: met2
      Partial area ratio:   11.32
      Required ratio:    0.00 (Gate area) 
      Cumulative area ratio:   15.91
      Required ratio:    0.00 (Cumulative area) 
      Partial area ratio:   55.97
      Required ratio: 3872.32 (Side area) 
      Cumulative area ratio:   77.70
      Required ratio:    0.00 (Cumulative side area) 


  Pin:   _27105_/A0 (sky130_fd_sc_hd__mux2_1)
    Layer: mcon
      Partial area ratio:    0.23
      Required ratio:    3.00 (Gate area) 
      Cumulative area ratio:    0.23
      Required ratio:    0.00 (Cumulative area) 

    Layer: met1
      Partial area ratio:    4.59
      Required ratio:    0.00 (Gate area) 
      Cumulative area ratio:    4.59
      Required ratio:    0.00 (Cumulative area) 
      Partial area ratio:   21.73
      Required ratio:  400.00 (Side area) 
      Cumulative area ratio:   21.73
      Required ratio:    0.00 (Cumulative side area) 

    Layer: via
      Partial area ratio:    0.24
      Required ratio:    6.00 (Gate area) 
      Cumulative area ratio:    0.47
      Required ratio:    0.00 (Cumulative area) 

    Layer: met2
      Partial area ratio:   11.32
      Required ratio:    0.00 (Gate area) 
      Cumulative area ratio:   15.91
      Required ratio:    0.00 (Cumulative area) 
      Partial area ratio:   55.97
      Required ratio: 3872.32 (Side area) 
      Cumulative area ratio:   77.70
      Required ratio:    0.00 (Cumulative side area) 


  Pin:   _27138_/A0 (sky130_fd_sc_hd__mux2_1)
    Layer: li1
      Partial area ratio:    0.01
      Required ratio:    0.00 (Gate area) 
      Cumulative area ratio:    0.01
      Required ratio:    0.00 (Cumulative area) 
      Partial area ratio:    0.28
      Required ratio:   75.00 (Side area) 
      Cumulative area ratio:    0.28
      Required ratio:    0.00 (Cumulative side area) 

    Layer: mcon
      Partial area ratio:    0.23
      Required ratio:    3.00 (Gate area) 
      Cumulative area ratio:    0.23
      Required ratio:    0.00 (Cumulative area) 

    Layer: met1
      Partial area ratio:    4.59
      Required ratio:    0.00 (Gate area) 
      Cumulative area ratio:    4.60
      Required ratio:    0.00 (Cumulative area) 
      Partial area ratio:   21.73
      Required ratio:  400.00 (Side area) 
      Cumulative area ratio:   22.00
      Required ratio:    0.00 (Cumulative side area) 

    Layer: via
      Partial area ratio:    0.24
      Required ratio:    6.00 (Gate area) 
      Cumulative area ratio:    0.47
      Required ratio:    0.00 (Cumulative area) 

    Layer: met2
      Partial area ratio:   11.32
      Required ratio:    0.00 (Gate area) 
      Cumulative area ratio:   15.92
      Required ratio:    0.00 (Cumulative area) 
      Partial area ratio:   55.97
      Required ratio: 3872.32 (Side area) 
      Cumulative area ratio:   77.98
      Required ratio:    0.00 (Cumulative side area) 


  Pin:   _27171_/A1 (sky130_fd_sc_hd__mux2_1)
    Layer: mcon
      Partial area ratio:    0.23
      Required ratio:    3.00 (Gate area) 
      Cumulative area ratio:    0.23
      Required ratio:    0.00 (Cumulative area) 

    Layer: met1
      Partial area ratio:    4.41
      Required ratio:    0.00 (Gate area) 
      Cumulative area ratio:    4.41
      Required ratio:    0.00 (Cumulative area) 
      Partial area ratio:   20.56
      Required ratio:  400.00 (Side area) 
      Cumulative area ratio:   20.56
      Required ratio:    0.00 (Cumulative side area) 

    Layer: via
      Partial area ratio:    0.36
      Required ratio:    6.00 (Gate area) 
      Cumulative area ratio:    0.59
      Required ratio:    0.00 (Cumulative area) 

    Layer: met2
      Partial area ratio:   11.32
      Required ratio:    0.00 (Gate area) 
      Cumulative area ratio:   15.72
      Required ratio:    0.00 (Cumulative area) 
      Partial area ratio:   55.97
      Required ratio: 3872.32 (Side area) 
      Cumulative area ratio:   76.53
      Required ratio:    0.00 (Cumulative side area) 


  Pin:   _27204_/A0 (sky130_fd_sc_hd__mux2_1)
    Layer: mcon
      Partial area ratio:    0.23
      Required ratio:    3.00 (Gate area) 
      Cumulative area ratio:    0.23
      Required ratio:    0.00 (Cumulative area) 

    Layer: met1
      Partial area ratio:   10.69
      Required ratio:    0.00 (Gate area) 
      Cumulative area ratio:   10.69
      Required ratio:    0.00 (Cumulative area) 
      Partial area ratio:   51.67
      Required ratio:  400.00 (Side area) 
      Cumulative area ratio:   51.67
      Required ratio:    0.00 (Cumulative side area) 

    Layer: via
      Partial area ratio:    0.30
      Required ratio:    6.00 (Gate area) 
      Cumulative area ratio:    0.53
      Required ratio:    0.00 (Cumulative area) 

    Layer: met2
      Partial area ratio:   11.32
      Required ratio:    0.00 (Gate area) 
      Cumulative area ratio:   22.01
      Required ratio:    0.00 (Cumulative area) 
      Partial area ratio:   55.97
      Required ratio: 3872.32 (Side area) 
      Cumulative area ratio:  107.64
      Required ratio:    0.00 (Cumulative side area) 


  Pin:   _27237_/A1 (sky130_fd_sc_hd__mux2_1)
    Layer: mcon
      Partial area ratio:    0.23
      Required ratio:    3.00 (Gate area) 
      Cumulative area ratio:    0.23
      Required ratio:    0.00 (Cumulative area) 

    Layer: met1
      Partial area ratio:   10.04
      Required ratio:    0.00 (Gate area) 
      Cumulative area ratio:   10.04
      Required ratio:    0.00 (Cumulative area) 
      Partial area ratio:   48.72
      Required ratio:  400.00 (Side area) 
      Cumulative area ratio:   48.72
      Required ratio:    0.00 (Cumulative side area) 

    Layer: via
      Partial area ratio:    0.36
      Required ratio:    6.00 (Gate area) 
      Cumulative area ratio:    0.59
      Required ratio:    0.00 (Cumulative area) 

    Layer: met2
      Partial area ratio:   11.32
      Required ratio:    0.00 (Gate area) 
      Cumulative area ratio:   21.35
      Required ratio:    0.00 (Cumulative area) 
      Partial area ratio:   55.97
      Required ratio: 3872.32 (Side area) 
      Cumulative area ratio:  104.70
      Required ratio:    0.00 (Cumulative side area) 


  Pin:   _27270_/A1 (sky130_fd_sc_hd__mux2_1)
    Layer: mcon
      Partial area ratio:    0.23
      Required ratio:    3.00 (Gate area) 
      Cumulative area ratio:    0.23
      Required ratio:    0.00 (Cumulative area) 

    Layer: met1
      Partial area ratio:   10.69
      Required ratio:    0.00 (Gate area) 
      Cumulative area ratio:   10.69
      Required ratio:    0.00 (Cumulative area) 
      Partial area ratio:   51.67
      Required ratio:  400.00 (Side area) 
      Cumulative area ratio:   51.67
      Required ratio:    0.00 (Cumulative side area) 

    Layer: via
      Partial area ratio:    0.30
      Required ratio:    6.00 (Gate area) 
      Cumulative area ratio:    0.53
      Required ratio:    0.00 (Cumulative area) 

    Layer: met2
      Partial area ratio:   11.32
      Required ratio:    0.00 (Gate area) 
      Cumulative area ratio:   22.01
      Required ratio:    0.00 (Cumulative area) 
      Partial area ratio:   55.97
      Required ratio: 3872.32 (Side area) 
      Cumulative area ratio:  107.64
      Required ratio:    0.00 (Cumulative side area) 


  Pin:   _27303_/A1 (sky130_fd_sc_hd__mux2_1)
    Layer: mcon
      Partial area ratio:    0.23
      Required ratio:    3.00 (Gate area) 
      Cumulative area ratio:    0.23
      Required ratio:    0.00 (Cumulative area) 

    Layer: met1
      Partial area ratio:   10.69
      Required ratio:    0.00 (Gate area) 
      Cumulative area ratio:   10.69
      Required ratio:    0.00 (Cumulative area) 
      Partial area ratio:   51.67
      Required ratio:  400.00 (Side area) 
      Cumulative area ratio:   51.67
      Required ratio:    0.00 (Cumulative side area) 

    Layer: via
      Partial area ratio:    0.30
      Required ratio:    6.00 (Gate area) 
      Cumulative area ratio:    0.53
      Required ratio:    0.00 (Cumulative area) 

    Layer: met2
      Partial area ratio:   11.32
      Required ratio:    0.00 (Gate area) 
      Cumulative area ratio:   22.01
      Required ratio:    0.00 (Cumulative area) 
      Partial area ratio:   55.97
      Required ratio: 3872.32 (Side area) 
      Cumulative area ratio:  107.64
      Required ratio:    0.00 (Cumulative side area) 


  Pin:   _27336_/A0 (sky130_fd_sc_hd__mux2_1)
    Layer: mcon
      Partial area ratio:    0.23
      Required ratio:    3.00 (Gate area) 
      Cumulative area ratio:    0.23
      Required ratio:    0.00 (Cumulative area) 

    Layer: met1
      Partial area ratio:    9.39
      Required ratio:    0.00 (Gate area) 
      Cumulative area ratio:    9.39
      Required ratio:    0.00 (Cumulative area) 
      Partial area ratio:   45.48
      Required ratio:  400.00 (Side area) 
      Cumulative area ratio:   45.48
      Required ratio:    0.00 (Cumulative side area) 

    Layer: via
      Partial area ratio:    0.22
      Required ratio:    6.00 (Gate area) 
      Cumulative area ratio:    0.45
      Required ratio:    0.00 (Cumulative area) 

    Layer: met2
      Partial area ratio:   11.32
      Required ratio:    0.00 (Gate area) 
      Cumulative area ratio:   20.71
      Required ratio:    0.00 (Cumulative area) 
      Partial area ratio:   55.97
      Required ratio: 3872.32 (Side area) 
      Cumulative area ratio:  101.45
      Required ratio:    0.00 (Cumulative side area) 


  Pin:   _27402_/A1 (sky130_fd_sc_hd__mux2_1)
    Layer: mcon
      Partial area ratio:    0.23
      Required ratio:    3.00 (Gate area) 
      Cumulative area ratio:    0.23
      Required ratio:    0.00 (Cumulative area) 

    Layer: met1
      Partial area ratio:    9.39
      Required ratio:    0.00 (Gate area) 
      Cumulative area ratio:    9.39
      Required ratio:    0.00 (Cumulative area) 
      Partial area ratio:   45.48
      Required ratio:  400.00 (Side area) 
      Cumulative area ratio:   45.48
      Required ratio:    0.00 (Cumulative side area) 

    Layer: via
      Partial area ratio:    0.22
      Required ratio:    6.00 (Gate area) 
      Cumulative area ratio:    0.45
      Required ratio:    0.00 (Cumulative area) 

    Layer: met2
      Partial area ratio:   11.32
      Required ratio:    0.00 (Gate area) 
      Cumulative area ratio:   20.71
      Required ratio:    0.00 (Cumulative area) 
      Partial area ratio:   55.97
      Required ratio: 3872.32 (Side area) 
      Cumulative area ratio:  101.45
      Required ratio:    0.00 (Cumulative side area) 


  Pin:   _27435_/A1 (sky130_fd_sc_hd__mux2_1)
    Layer: mcon
      Partial area ratio:    0.23
      Required ratio:    3.00 (Gate area) 
      Cumulative area ratio:    0.23
      Required ratio:    0.00 (Cumulative area) 

    Layer: met1
      Partial area ratio:    9.39
      Required ratio:    0.00 (Gate area) 
      Cumulative area ratio:    9.39
      Required ratio:    0.00 (Cumulative area) 
      Partial area ratio:   45.48
      Required ratio:  400.00 (Side area) 
      Cumulative area ratio:   45.48
      Required ratio:    0.00 (Cumulative side area) 

    Layer: via
      Partial area ratio:    0.22
      Required ratio:    6.00 (Gate area) 
      Cumulative area ratio:    0.45
      Required ratio:    0.00 (Cumulative area) 

    Layer: met2
      Partial area ratio:   11.32
      Required ratio:    0.00 (Gate area) 
      Cumulative area ratio:   20.71
      Required ratio:    0.00 (Cumulative area) 
      Partial area ratio:   55.97
      Required ratio: 3872.32 (Side area) 
      Cumulative area ratio:  101.45
      Required ratio:    0.00 (Cumulative side area) 


  Pin:   _27468_/A1 (sky130_fd_sc_hd__mux2_1)
    Layer: mcon
      Partial area ratio:    0.23
      Required ratio:    3.00 (Gate area) 
      Cumulative area ratio:    0.23
      Required ratio:    0.00 (Cumulative area) 

    Layer: met1
      Partial area ratio:   10.77
      Required ratio:    0.00 (Gate area) 
      Cumulative area ratio:   10.77
      Required ratio:    0.00 (Cumulative area) 
      Partial area ratio:   52.21
      Required ratio:  400.00 (Side area) 
      Cumulative area ratio:   52.21
      Required ratio:    0.00 (Cumulative side area) 

    Layer: via
      Partial area ratio:    0.27
      Required ratio:    6.00 (Gate area) 
      Cumulative area ratio:    0.50
      Required ratio:    0.00 (Cumulative area) 

    Layer: met2
      Partial area ratio:   11.32
      Required ratio:    0.00 (Gate area) 
      Cumulative area ratio:   22.08
      Required ratio:    0.00 (Cumulative area) 
      Partial area ratio:   55.97
      Required ratio: 3872.32 (Side area) 
      Cumulative area ratio:  108.18
      Required ratio:    0.00 (Cumulative side area) 


  Pin:   _27501_/A1 (sky130_fd_sc_hd__mux2_1)
    Layer: mcon
      Partial area ratio:    0.23
      Required ratio:    3.00 (Gate area) 
      Cumulative area ratio:    0.23
      Required ratio:    0.00 (Cumulative area) 

    Layer: met1
      Partial area ratio:    9.39
      Required ratio:    0.00 (Gate area) 
      Cumulative area ratio:    9.39
      Required ratio:    0.00 (Cumulative area) 
      Partial area ratio:   45.48
      Required ratio:  400.00 (Side area) 
      Cumulative area ratio:   45.48
      Required ratio:    0.00 (Cumulative side area) 

    Layer: via
      Partial area ratio:    0.22
      Required ratio:    6.00 (Gate area) 
      Cumulative area ratio:    0.45
      Required ratio:    0.00 (Cumulative area) 

    Layer: met2
      Partial area ratio:   11.32
      Required ratio:    0.00 (Gate area) 
      Cumulative area ratio:   20.71
      Required ratio:    0.00 (Cumulative area) 
      Partial area ratio:   55.97
      Required ratio: 3872.32 (Side area) 
      Cumulative area ratio:  101.45
      Required ratio:    0.00 (Cumulative side area) 


  Pin:   _27534_/A1 (sky130_fd_sc_hd__mux2_1)
    Layer: mcon
      Partial area ratio:    0.23
      Required ratio:    3.00 (Gate area) 
      Cumulative area ratio:    0.23
      Required ratio:    0.00 (Cumulative area) 

    Layer: met1
      Partial area ratio:   10.77
      Required ratio:    0.00 (Gate area) 
      Cumulative area ratio:   10.77
      Required ratio:    0.00 (Cumulative area) 
      Partial area ratio:   52.21
      Required ratio:  400.00 (Side area) 
      Cumulative area ratio:   52.21
      Required ratio:    0.00 (Cumulative side area) 

    Layer: via
      Partial area ratio:    0.27
      Required ratio:    6.00 (Gate area) 
      Cumulative area ratio:    0.50
      Required ratio:    0.00 (Cumulative area) 

    Layer: met2
      Partial area ratio:   11.32
      Required ratio:    0.00 (Gate area) 
      Cumulative area ratio:   22.08
      Required ratio:    0.00 (Cumulative area) 
      Partial area ratio:   55.97
      Required ratio: 3872.32 (Side area) 
      Cumulative area ratio:  108.18
      Required ratio:    0.00 (Cumulative side area) 


  Pin:   _27567_/A1 (sky130_fd_sc_hd__mux2_1)
    Layer: mcon
      Partial area ratio:    0.23
      Required ratio:    3.00 (Gate area) 
      Cumulative area ratio:    0.23
      Required ratio:    0.00 (Cumulative area) 

    Layer: met1
      Partial area ratio:   10.77
      Required ratio:    0.00 (Gate area) 
      Cumulative area ratio:   10.77
      Required ratio:    0.00 (Cumulative area) 
      Partial area ratio:   52.21
      Required ratio:  400.00 (Side area) 
      Cumulative area ratio:   52.21
      Required ratio:    0.00 (Cumulative side area) 

    Layer: via
      Partial area ratio:    0.27
      Required ratio:    6.00 (Gate area) 
      Cumulative area ratio:    0.50
      Required ratio:    0.00 (Cumulative area) 

    Layer: met2
      Partial area ratio:   11.32
      Required ratio:    0.00 (Gate area) 
      Cumulative area ratio:   22.08
      Required ratio:    0.00 (Cumulative area) 
      Partial area ratio:   55.97
      Required ratio: 3872.32 (Side area) 
      Cumulative area ratio:  108.18
      Required ratio:    0.00 (Cumulative side area) 


  Pin:   _27600_/A0 (sky130_fd_sc_hd__mux2_1)
    Layer: mcon
      Partial area ratio:    0.23
      Required ratio:    3.00 (Gate area) 
      Cumulative area ratio:    0.23
      Required ratio:    0.00 (Cumulative area) 

    Layer: met1
      Partial area ratio:    5.31
      Required ratio:    0.00 (Gate area) 
      Cumulative area ratio:    5.31
      Required ratio:    0.00 (Cumulative area) 
      Partial area ratio:   25.09
      Required ratio:  400.00 (Side area) 
      Cumulative area ratio:   25.09
      Required ratio:    0.00 (Cumulative side area) 

    Layer: via
      Partial area ratio:    0.36
      Required ratio:    6.00 (Gate area) 
      Cumulative area ratio:    0.59
      Required ratio:    0.00 (Cumulative area) 

    Layer: met2
      Partial area ratio:   11.32
      Required ratio:    0.00 (Gate area) 
      Cumulative area ratio:   16.63
      Required ratio:    0.00 (Cumulative area) 
      Partial area ratio:   55.97
      Required ratio: 3872.32 (Side area) 
      Cumulative area ratio:   81.07
      Required ratio:    0.00 (Cumulative side area) 


  Pin:   _27633_/A0 (sky130_fd_sc_hd__mux2_1)
    Layer: mcon
      Partial area ratio:    0.23
      Required ratio:    3.00 (Gate area) 
      Cumulative area ratio:    0.23
      Required ratio:    0.00 (Cumulative area) 

    Layer: met1
      Partial area ratio:   11.08
      Required ratio:    0.00 (Gate area) 
      Cumulative area ratio:   11.08
      Required ratio:    0.00 (Cumulative area) 
      Partial area ratio:   53.70
      Required ratio:  400.00 (Side area) 
      Cumulative area ratio:   53.70
      Required ratio:    0.00 (Cumulative side area) 

    Layer: via
      Partial area ratio:    0.30
      Required ratio:    6.00 (Gate area) 
      Cumulative area ratio:    0.53
      Required ratio:    0.00 (Cumulative area) 

    Layer: met2
      Partial area ratio:   11.32
      Required ratio:    0.00 (Gate area) 
      Cumulative area ratio:   22.40
      Required ratio:    0.00 (Cumulative area) 
      Partial area ratio:   55.97
      Required ratio: 3872.32 (Side area) 
      Cumulative area ratio:  109.68
      Required ratio:    0.00 (Cumulative side area) 


  Pin:   _27666_/A0 (sky130_fd_sc_hd__mux2_1)
    Layer: mcon
      Partial area ratio:    0.23
      Required ratio:    3.00 (Gate area) 
      Cumulative area ratio:    0.23
      Required ratio:    0.00 (Cumulative area) 

    Layer: met1
      Partial area ratio:   11.08
      Required ratio:    0.00 (Gate area) 
      Cumulative area ratio:   11.08
      Required ratio:    0.00 (Cumulative area) 
      Partial area ratio:   53.70
      Required ratio:  400.00 (Side area) 
      Cumulative area ratio:   53.70
      Required ratio:    0.00 (Cumulative side area) 

    Layer: via
      Partial area ratio:    0.30
      Required ratio:    6.00 (Gate area) 
      Cumulative area ratio:    0.53
      Required ratio:    0.00 (Cumulative area) 

    Layer: met2
      Partial area ratio:   11.32
      Required ratio:    0.00 (Gate area) 
      Cumulative area ratio:   22.40
      Required ratio:    0.00 (Cumulative area) 
      Partial area ratio:   55.97
      Required ratio: 3872.32 (Side area) 
      Cumulative area ratio:  109.68
      Required ratio:    0.00 (Cumulative side area) 


  Pin:   _27732_/A0 (sky130_fd_sc_hd__mux2_1)
    Layer: mcon
      Partial area ratio:    0.23
      Required ratio:    3.00 (Gate area) 
      Cumulative area ratio:    0.23
      Required ratio:    0.00 (Cumulative area) 

    Layer: met1
      Partial area ratio:   12.33
      Required ratio:    0.00 (Gate area) 
      Cumulative area ratio:   12.33
      Required ratio:    0.00 (Cumulative area) 
      Partial area ratio:   59.81
      Required ratio:  400.00 (Side area) 
      Cumulative area ratio:   59.81
      Required ratio:    0.00 (Cumulative side area) 

    Layer: via
      Partial area ratio:    0.36
      Required ratio:    6.00 (Gate area) 
      Cumulative area ratio:    0.59
      Required ratio:    0.00 (Cumulative area) 

    Layer: met2
      Partial area ratio:   11.32
      Required ratio:    0.00 (Gate area) 
      Cumulative area ratio:   23.65
      Required ratio:    0.00 (Cumulative area) 
      Partial area ratio:   55.97
      Required ratio: 3872.32 (Side area) 
      Cumulative area ratio:  115.78
      Required ratio:    0.00 (Cumulative side area) 


  Pin:   _27765_/A1 (sky130_fd_sc_hd__mux2_1)
    Layer: mcon
      Partial area ratio:    0.23
      Required ratio:    3.00 (Gate area) 
      Cumulative area ratio:    0.23
      Required ratio:    0.00 (Cumulative area) 

    Layer: met1
      Partial area ratio:   12.33
      Required ratio:    0.00 (Gate area) 
      Cumulative area ratio:   12.33
      Required ratio:    0.00 (Cumulative area) 
      Partial area ratio:   59.81
      Required ratio:  400.00 (Side area) 
      Cumulative area ratio:   59.81
      Required ratio:    0.00 (Cumulative side area) 

    Layer: via
      Partial area ratio:    0.36
      Required ratio:    6.00 (Gate area) 
      Cumulative area ratio:    0.59
      Required ratio:    0.00 (Cumulative area) 

    Layer: met2
      Partial area ratio:   11.32
      Required ratio:    0.00 (Gate area) 
      Cumulative area ratio:   23.65
      Required ratio:    0.00 (Cumulative area) 
      Partial area ratio:   55.97
      Required ratio: 3872.32 (Side area) 
      Cumulative area ratio:  115.78
      Required ratio:    0.00 (Cumulative side area) 


  Pin:   _27798_/A1 (sky130_fd_sc_hd__mux2_1)
    Layer: mcon
      Partial area ratio:    0.23
      Required ratio:    3.00 (Gate area) 
      Cumulative area ratio:    0.23
      Required ratio:    0.00 (Cumulative area) 

    Layer: met1
      Partial area ratio:    5.35
      Required ratio:    0.00 (Gate area) 
      Cumulative area ratio:    5.35
      Required ratio:    0.00 (Cumulative area) 
      Partial area ratio:   24.78
      Required ratio:  400.00 (Side area) 
      Cumulative area ratio:   24.78
      Required ratio:    0.00 (Cumulative side area) 

    Layer: via
      Partial area ratio:    0.36
      Required ratio:    6.00 (Gate area) 
      Cumulative area ratio:    0.59
      Required ratio:    0.00 (Cumulative area) 

    Layer: met2
      Partial area ratio:   11.32
      Required ratio:    0.00 (Gate area) 
      Cumulative area ratio:   16.66
      Required ratio:    0.00 (Cumulative area) 
      Partial area ratio:   55.97
      Required ratio: 3872.32 (Side area) 
      Cumulative area ratio:   80.75
      Required ratio:    0.00 (Cumulative side area) 


  Pin:   _27831_/A1 (sky130_fd_sc_hd__mux2_1)
    Layer: mcon
      Partial area ratio:    0.23
      Required ratio:    3.00 (Gate area) 
      Cumulative area ratio:    0.23
      Required ratio:    0.00 (Cumulative area) 

    Layer: met1
      Partial area ratio:    6.88
      Required ratio:    0.00 (Gate area) 
      Cumulative area ratio:    6.88
      Required ratio:    0.00 (Cumulative area) 
      Partial area ratio:   32.94
      Required ratio:  400.00 (Side area) 
      Cumulative area ratio:   32.94
      Required ratio:    0.00 (Cumulative side area) 

    Layer: via
      Partial area ratio:    0.36
      Required ratio:    6.00 (Gate area) 
      Cumulative area ratio:    0.59
      Required ratio:    0.00 (Cumulative area) 

    Layer: met2
      Partial area ratio:   11.32
      Required ratio:    0.00 (Gate area) 
      Cumulative area ratio:   18.20
      Required ratio:    0.00 (Cumulative area) 
      Partial area ratio:   55.97
      Required ratio: 3872.32 (Side area) 
      Cumulative area ratio:   88.92
      Required ratio:    0.00 (Cumulative side area) 


  Pin:   _27864_/A0 (sky130_fd_sc_hd__mux2_1)
    Layer: mcon
      Partial area ratio:    0.23
      Required ratio:    3.00 (Gate area) 
      Cumulative area ratio:    0.23
      Required ratio:    0.00 (Cumulative area) 

    Layer: met1
      Partial area ratio:   11.07
      Required ratio:    0.00 (Gate area) 
      Cumulative area ratio:   11.07
      Required ratio:    0.00 (Cumulative area) 
      Partial area ratio:   53.08
      Required ratio:  400.00 (Side area) 
      Cumulative area ratio:   53.08
      Required ratio:    0.00 (Cumulative side area) 

    Layer: via
      Partial area ratio:    0.45
      Required ratio:    6.00 (Gate area) 
      Cumulative area ratio:    0.68
      Required ratio:    0.00 (Cumulative area) 

    Layer: met2
      Partial area ratio:   11.32
      Required ratio:    0.00 (Gate area) 
      Cumulative area ratio:   22.39
      Required ratio:    0.00 (Cumulative area) 
      Partial area ratio:   55.97
      Required ratio: 3872.32 (Side area) 
      Cumulative area ratio:  109.06
      Required ratio:    0.00 (Cumulative side area) 


  Pin:   _27897_/A1 (sky130_fd_sc_hd__mux2_1)
    Layer: mcon
      Partial area ratio:    0.23
      Required ratio:    3.00 (Gate area) 
      Cumulative area ratio:    0.23
      Required ratio:    0.00 (Cumulative area) 

    Layer: met1
      Partial area ratio:   10.49
      Required ratio:    0.00 (Gate area) 
      Cumulative area ratio:   10.49
      Required ratio:    0.00 (Cumulative area) 
      Partial area ratio:   50.93
      Required ratio:  400.00 (Side area) 
      Cumulative area ratio:   50.93
      Required ratio:    0.00 (Cumulative side area) 

    Layer: via
      Partial area ratio:    0.27
      Required ratio:    6.00 (Gate area) 
      Cumulative area ratio:    0.50
      Required ratio:    0.00 (Cumulative area) 

    Layer: met2
      Partial area ratio:   11.32
      Required ratio:    0.00 (Gate area) 
      Cumulative area ratio:   21.80
      Required ratio:    0.00 (Cumulative area) 
      Partial area ratio:   55.97
      Required ratio: 3872.32 (Side area) 
      Cumulative area ratio:  106.90
      Required ratio:    0.00 (Cumulative side area) 


  Pin:   _27930_/A1 (sky130_fd_sc_hd__mux2_1)
    Layer: mcon
      Partial area ratio:    0.23
      Required ratio:    3.00 (Gate area) 
      Cumulative area ratio:    0.23
      Required ratio:    0.00 (Cumulative area) 

    Layer: met1
      Partial area ratio:   10.49
      Required ratio:    0.00 (Gate area) 
      Cumulative area ratio:   10.49
      Required ratio:    0.00 (Cumulative area) 
      Partial area ratio:   50.93
      Required ratio:  400.00 (Side area) 
      Cumulative area ratio:   50.93
      Required ratio:    0.00 (Cumulative side area) 

    Layer: via
      Partial area ratio:    0.27
      Required ratio:    6.00 (Gate area) 
      Cumulative area ratio:    0.50
      Required ratio:    0.00 (Cumulative area) 

    Layer: met2
      Partial area ratio:   11.32
      Required ratio:    0.00 (Gate area) 
      Cumulative area ratio:   21.80
      Required ratio:    0.00 (Cumulative area) 
      Partial area ratio:   55.97
      Required ratio: 3872.32 (Side area) 
      Cumulative area ratio:  106.90
      Required ratio:    0.00 (Cumulative side area) 


  Pin:   _27963_/A1 (sky130_fd_sc_hd__mux2_1)
    Layer: mcon
      Partial area ratio:    0.23
      Required ratio:    3.00 (Gate area) 
      Cumulative area ratio:    0.23
      Required ratio:    0.00 (Cumulative area) 

    Layer: met1
      Partial area ratio:   11.07
      Required ratio:    0.00 (Gate area) 
      Cumulative area ratio:   11.07
      Required ratio:    0.00 (Cumulative area) 
      Partial area ratio:   53.08
      Required ratio:  400.00 (Side area) 
      Cumulative area ratio:   53.08
      Required ratio:    0.00 (Cumulative side area) 

    Layer: via
      Partial area ratio:    0.45
      Required ratio:    6.00 (Gate area) 
      Cumulative area ratio:    0.68
      Required ratio:    0.00 (Cumulative area) 

    Layer: met2
      Partial area ratio:   11.32
      Required ratio:    0.00 (Gate area) 
      Cumulative area ratio:   22.39
      Required ratio:    0.00 (Cumulative area) 
      Partial area ratio:   55.97
      Required ratio: 3872.32 (Side area) 
      Cumulative area ratio:  109.06
      Required ratio:    0.00 (Cumulative side area) 


  Pin:   _27996_/A1 (sky130_fd_sc_hd__mux2_1)
    Layer: mcon
      Partial area ratio:    0.23
      Required ratio:    3.00 (Gate area) 
      Cumulative area ratio:    0.23
      Required ratio:    0.00 (Cumulative area) 

    Layer: met1
      Partial area ratio:    5.73
      Required ratio:    0.00 (Gate area) 
      Cumulative area ratio:    5.73
      Required ratio:    0.00 (Cumulative area) 
      Partial area ratio:   27.17
      Required ratio:  400.00 (Side area) 
      Cumulative area ratio:   27.17
      Required ratio:    0.00 (Cumulative side area) 

    Layer: via
      Partial area ratio:    0.36
      Required ratio:    6.00 (Gate area) 
      Cumulative area ratio:    0.59
      Required ratio:    0.00 (Cumulative area) 

    Layer: met2
      Partial area ratio:   11.32
      Required ratio:    0.00 (Gate area) 
      Cumulative area ratio:   17.04
      Required ratio:    0.00 (Cumulative area) 
      Partial area ratio:   55.97
      Required ratio: 3872.32 (Side area) 
      Cumulative area ratio:   83.14
      Required ratio:    0.00 (Cumulative side area) 


  Pin:   _28062_/A1 (sky130_fd_sc_hd__mux2_1)
    Layer: mcon
      Partial area ratio:    0.23
      Required ratio:    3.00 (Gate area) 
      Cumulative area ratio:    0.23
      Required ratio:    0.00 (Cumulative area) 

    Layer: met1
      Partial area ratio:    8.29
      Required ratio:    0.00 (Gate area) 
      Cumulative area ratio:    8.29
      Required ratio:    0.00 (Cumulative area) 
      Partial area ratio:   39.58
      Required ratio:  400.00 (Side area) 
      Cumulative area ratio:   39.58
      Required ratio:    0.00 (Cumulative side area) 

    Layer: via
      Partial area ratio:    0.36
      Required ratio:    6.00 (Gate area) 
      Cumulative area ratio:    0.59
      Required ratio:    0.00 (Cumulative area) 

    Layer: met2
      Partial area ratio:   11.32
      Required ratio:    0.00 (Gate area) 
      Cumulative area ratio:   19.60
      Required ratio:    0.00 (Cumulative area) 
      Partial area ratio:   55.97
      Required ratio: 3872.32 (Side area) 
      Cumulative area ratio:   95.56
      Required ratio:    0.00 (Cumulative side area) 


  Pin:   _28095_/A1 (sky130_fd_sc_hd__mux2_1)
    Layer: mcon
      Partial area ratio:    0.23
      Required ratio:    3.00 (Gate area) 
      Cumulative area ratio:    0.23
      Required ratio:    0.00 (Cumulative area) 

    Layer: met1
      Partial area ratio:   11.08
      Required ratio:    0.00 (Gate area) 
      Cumulative area ratio:   11.08
      Required ratio:    0.00 (Cumulative area) 
      Partial area ratio:   53.70
      Required ratio:  400.00 (Side area) 
      Cumulative area ratio:   53.70
      Required ratio:    0.00 (Cumulative side area) 

    Layer: via
      Partial area ratio:    0.30
      Required ratio:    6.00 (Gate area) 
      Cumulative area ratio:    0.53
      Required ratio:    0.00 (Cumulative area) 

    Layer: met2
      Partial area ratio:   11.32
      Required ratio:    0.00 (Gate area) 
      Cumulative area ratio:   22.40
      Required ratio:    0.00 (Cumulative area) 
      Partial area ratio:   55.97
      Required ratio: 3872.32 (Side area) 
      Cumulative area ratio:  109.68
      Required ratio:    0.00 (Cumulative side area) 


  Pin:   max_cap269/A (sky130_fd_sc_hd__clkbuf_16)
    Layer: mcon
      Partial area ratio:    0.03
      Required ratio:    3.00 (Gate area) 
      Cumulative area ratio:    0.03
      Required ratio:    0.00 (Cumulative area) 

    Layer: met1
      Partial area ratio:    0.48
      Required ratio:    0.00 (Gate area) 
      Cumulative area ratio:    0.48
      Required ratio:    0.00 (Cumulative area) 
      Partial area ratio:    2.16
      Required ratio:  400.00 (Side area) 
      Cumulative area ratio:    2.16
      Required ratio:    0.00 (Cumulative side area) 

    Layer: via
      Partial area ratio:    0.05
      Required ratio:    6.00 (Gate area) 
      Cumulative area ratio:    0.09
      Required ratio:    0.00 (Cumulative area) 

    Layer: met2
      Partial area ratio:   11.32
      Required ratio:    0.00 (Gate area) 
      Cumulative area ratio:   11.79
      Required ratio:    0.00 (Cumulative area) 
      Partial area ratio:   55.97
      Required ratio: 3872.32 (Side area) 
      Cumulative area ratio:   58.13
      Required ratio:    0.00 (Cumulative side area) 



Net: net29
  Pin:   _14301_/A0 (sky130_fd_sc_hd__mux2_1)
    Layer: mcon
      Partial area ratio:    0.23
      Required ratio:    3.00 (Gate area) 
      Cumulative area ratio:    0.23
      Required ratio:    0.00 (Cumulative area) 

    Layer: met1
      Partial area ratio:    9.47
      Required ratio:    0.00 (Gate area) 
      Cumulative area ratio:    9.47
      Required ratio:    0.00 (Cumulative area) 
      Partial area ratio:   46.11
      Required ratio:  400.00 (Side area) 
      Cumulative area ratio:   46.11
      Required ratio:    0.00 (Cumulative side area) 

    Layer: via
      Partial area ratio:    0.20
      Required ratio:    6.00 (Gate area) 
      Cumulative area ratio:    0.43
      Required ratio:    0.00 (Cumulative area) 

    Layer: met2
      Partial area ratio:    8.71
      Required ratio:    0.00 (Gate area) 
      Cumulative area ratio:   18.18
      Required ratio:    0.00 (Cumulative area) 
      Partial area ratio:   43.01
      Required ratio: 4046.20 (Side area) 
      Cumulative area ratio:   89.13
      Required ratio:    0.00 (Cumulative side area) 


  Pin:   _14336_/A1 (sky130_fd_sc_hd__mux2_1)
    Layer: mcon
      Partial area ratio:    0.23
      Required ratio:    3.00 (Gate area) 
      Cumulative area ratio:    0.23
      Required ratio:    0.00 (Cumulative area) 

    Layer: met1
      Partial area ratio:    4.24
      Required ratio:    0.00 (Gate area) 
      Cumulative area ratio:    4.24
      Required ratio:    0.00 (Cumulative area) 
      Partial area ratio:   19.72
      Required ratio:  400.00 (Side area) 
      Cumulative area ratio:   19.72
      Required ratio:    0.00 (Cumulative side area) 

    Layer: via
      Partial area ratio:    0.36
      Required ratio:    6.00 (Gate area) 
      Cumulative area ratio:    0.59
      Required ratio:    0.00 (Cumulative area) 

    Layer: met2
      Partial area ratio:    8.71
      Required ratio:    0.00 (Gate area) 
      Cumulative area ratio:   12.95
      Required ratio:    0.00 (Cumulative area) 
      Partial area ratio:   43.01
      Required ratio: 4046.20 (Side area) 
      Cumulative area ratio:   62.73
      Required ratio:    0.00 (Cumulative side area) 


  Pin:   _14370_/A1 (sky130_fd_sc_hd__mux2_1)
    Layer: mcon
      Partial area ratio:    0.23
      Required ratio:    3.00 (Gate area) 
      Cumulative area ratio:    0.23
      Required ratio:    0.00 (Cumulative area) 

    Layer: met1
      Partial area ratio:    6.43
      Required ratio:    0.00 (Gate area) 
      Cumulative area ratio:    6.43
      Required ratio:    0.00 (Cumulative area) 
      Partial area ratio:   30.72
      Required ratio:  400.00 (Side area) 
      Cumulative area ratio:   30.72
      Required ratio:    0.00 (Cumulative side area) 

    Layer: via
      Partial area ratio:    0.24
      Required ratio:    6.00 (Gate area) 
      Cumulative area ratio:    0.47
      Required ratio:    0.00 (Cumulative area) 

    Layer: met2
      Partial area ratio:    8.71
      Required ratio:    0.00 (Gate area) 
      Cumulative area ratio:   15.14
      Required ratio:    0.00 (Cumulative area) 
      Partial area ratio:   43.01
      Required ratio: 4046.20 (Side area) 
      Cumulative area ratio:   73.73
      Required ratio:    0.00 (Cumulative side area) 


  Pin:   _14404_/A1 (sky130_fd_sc_hd__mux2_1)
    Layer: mcon
      Partial area ratio:    0.23
      Required ratio:    3.00 (Gate area) 
      Cumulative area ratio:    0.23
      Required ratio:    0.00 (Cumulative area) 

    Layer: met1
      Partial area ratio:    6.43
      Required ratio:    0.00 (Gate area) 
      Cumulative area ratio:    6.43
      Required ratio:    0.00 (Cumulative area) 
      Partial area ratio:   30.72
      Required ratio:  400.00 (Side area) 
      Cumulative area ratio:   30.72
      Required ratio:    0.00 (Cumulative side area) 

    Layer: via
      Partial area ratio:    0.24
      Required ratio:    6.00 (Gate area) 
      Cumulative area ratio:    0.47
      Required ratio:    0.00 (Cumulative area) 

    Layer: met2
      Partial area ratio:    8.71
      Required ratio:    0.00 (Gate area) 
      Cumulative area ratio:   15.14
      Required ratio:    0.00 (Cumulative area) 
      Partial area ratio:   43.01
      Required ratio: 4046.20 (Side area) 
      Cumulative area ratio:   73.73
      Required ratio:    0.00 (Cumulative side area) 


  Pin:   _14438_/A1 (sky130_fd_sc_hd__mux2_1)
    Layer: mcon
      Partial area ratio:    0.23
      Required ratio:    3.00 (Gate area) 
      Cumulative area ratio:    0.23
      Required ratio:    0.00 (Cumulative area) 

    Layer: met1
      Partial area ratio:    6.43
      Required ratio:    0.00 (Gate area) 
      Cumulative area ratio:    6.43
      Required ratio:    0.00 (Cumulative area) 
      Partial area ratio:   30.72
      Required ratio:  400.00 (Side area) 
      Cumulative area ratio:   30.72
      Required ratio:    0.00 (Cumulative side area) 

    Layer: via
      Partial area ratio:    0.24
      Required ratio:    6.00 (Gate area) 
      Cumulative area ratio:    0.47
      Required ratio:    0.00 (Cumulative area) 

    Layer: met2
      Partial area ratio:    8.71
      Required ratio:    0.00 (Gate area) 
      Cumulative area ratio:   15.14
      Required ratio:    0.00 (Cumulative area) 
      Partial area ratio:   43.01
      Required ratio: 4046.20 (Side area) 
      Cumulative area ratio:   73.73
      Required ratio:    0.00 (Cumulative side area) 


  Pin:   _14472_/A1 (sky130_fd_sc_hd__mux2_1)
    Layer: mcon
      Partial area ratio:    0.23
      Required ratio:    3.00 (Gate area) 
      Cumulative area ratio:    0.23
      Required ratio:    0.00 (Cumulative area) 

    Layer: met1
      Partial area ratio:   33.22
      Required ratio:    0.00 (Gate area) 
      Cumulative area ratio:   33.22
      Required ratio:    0.00 (Cumulative area) 
      Partial area ratio:  164.38
      Required ratio:  400.00 (Side area) 
      Cumulative area ratio:  164.38
      Required ratio:    0.00 (Cumulative side area) 

    Layer: via
      Partial area ratio:    0.28
      Required ratio:    6.00 (Gate area) 
      Cumulative area ratio:    0.51
      Required ratio:    0.00 (Cumulative area) 

    Layer: met2
      Partial area ratio:    8.71
      Required ratio:    0.00 (Gate area) 
      Cumulative area ratio:   41.92
      Required ratio:    0.00 (Cumulative area) 
      Partial area ratio:   43.01
      Required ratio: 4046.20 (Side area) 
      Cumulative area ratio:  207.39
      Required ratio:    0.00 (Cumulative side area) 


  Pin:   _14506_/A1 (sky130_fd_sc_hd__mux2_1)
    Layer: mcon
      Partial area ratio:    0.23
      Required ratio:    3.00 (Gate area) 
      Cumulative area ratio:    0.23
      Required ratio:    0.00 (Cumulative area) 

    Layer: met1
      Partial area ratio:    6.34
      Required ratio:    0.00 (Gate area) 
      Cumulative area ratio:    6.34
      Required ratio:    0.00 (Cumulative area) 
      Partial area ratio:   30.22
      Required ratio:  400.00 (Side area) 
      Cumulative area ratio:   30.22
      Required ratio:    0.00 (Cumulative side area) 

    Layer: via
      Partial area ratio:    0.36
      Required ratio:    6.00 (Gate area) 
      Cumulative area ratio:    0.59
      Required ratio:    0.00 (Cumulative area) 

    Layer: met2
      Partial area ratio:    8.71
      Required ratio:    0.00 (Gate area) 
      Cumulative area ratio:   15.05
      Required ratio:    0.00 (Cumulative area) 
      Partial area ratio:   43.01
      Required ratio: 4046.20 (Side area) 
      Cumulative area ratio:   73.23
      Required ratio:    0.00 (Cumulative side area) 


  Pin:   _14540_/A1 (sky130_fd_sc_hd__mux2_1)
    Layer: mcon
      Partial area ratio:    0.23
      Required ratio:    3.00 (Gate area) 
      Cumulative area ratio:    0.23
      Required ratio:    0.00 (Cumulative area) 

    Layer: met1
      Partial area ratio:    3.69
      Required ratio:    0.00 (Gate area) 
      Cumulative area ratio:    3.69
      Required ratio:    0.00 (Cumulative area) 
      Partial area ratio:   17.00
      Required ratio:  400.00 (Side area) 
      Cumulative area ratio:   17.00
      Required ratio:    0.00 (Cumulative side area) 

    Layer: via
      Partial area ratio:    0.36
      Required ratio:    6.00 (Gate area) 
      Cumulative area ratio:    0.59
      Required ratio:    0.00 (Cumulative area) 

    Layer: met2
      Partial area ratio:    8.71
      Required ratio:    0.00 (Gate area) 
      Cumulative area ratio:   12.40
      Required ratio:    0.00 (Cumulative area) 
      Partial area ratio:   43.01
      Required ratio: 4046.20 (Side area) 
      Cumulative area ratio:   60.01
      Required ratio:    0.00 (Cumulative side area) 


  Pin:   _14573_/A1 (sky130_fd_sc_hd__mux2_1)
    Layer: mcon
      Partial area ratio:    0.23
      Required ratio:    3.00 (Gate area) 
      Cumulative area ratio:    0.23
      Required ratio:    0.00 (Cumulative area) 

    Layer: met1
      Partial area ratio:   33.22
      Required ratio:    0.00 (Gate area) 
      Cumulative area ratio:   33.22
      Required ratio:    0.00 (Cumulative area) 
      Partial area ratio:  164.38
      Required ratio:  400.00 (Side area) 
      Cumulative area ratio:  164.38
      Required ratio:    0.00 (Cumulative side area) 

    Layer: via
      Partial area ratio:    0.28
      Required ratio:    6.00 (Gate area) 
      Cumulative area ratio:    0.51
      Required ratio:    0.00 (Cumulative area) 

    Layer: met2
      Partial area ratio:    8.71
      Required ratio:    0.00 (Gate area) 
      Cumulative area ratio:   41.92
      Required ratio:    0.00 (Cumulative area) 
      Partial area ratio:   43.01
      Required ratio: 4046.20 (Side area) 
      Cumulative area ratio:  207.39
      Required ratio:    0.00 (Cumulative side area) 


  Pin:   _14611_/A0 (sky130_fd_sc_hd__mux2_1)
    Layer: mcon
      Partial area ratio:    0.23
      Required ratio:    3.00 (Gate area) 
      Cumulative area ratio:    0.23
      Required ratio:    0.00 (Cumulative area) 

    Layer: met1
      Partial area ratio:    7.42
      Required ratio:    0.00 (Gate area) 
      Cumulative area ratio:    7.42
      Required ratio:    0.00 (Cumulative area) 
      Partial area ratio:   35.40
      Required ratio:  400.00 (Side area) 
      Cumulative area ratio:   35.40
      Required ratio:    0.00 (Cumulative side area) 

    Layer: via
      Partial area ratio:    0.30
      Required ratio:    6.00 (Gate area) 
      Cumulative area ratio:    0.53
      Required ratio:    0.00 (Cumulative area) 

    Layer: met2
      Partial area ratio:    8.71
      Required ratio:    0.00 (Gate area) 
      Cumulative area ratio:   16.13
      Required ratio:    0.00 (Cumulative area) 
      Partial area ratio:   43.01
      Required ratio: 4046.20 (Side area) 
      Cumulative area ratio:   78.41
      Required ratio:    0.00 (Cumulative side area) 


  Pin:   _14648_/A0 (sky130_fd_sc_hd__mux2_1)
    Layer: mcon
      Partial area ratio:    0.23
      Required ratio:    3.00 (Gate area) 
      Cumulative area ratio:    0.23
      Required ratio:    0.00 (Cumulative area) 

    Layer: met1
      Partial area ratio:    8.61
      Required ratio:    0.00 (Gate area) 
      Cumulative area ratio:    8.61
      Required ratio:    0.00 (Cumulative area) 
      Partial area ratio:   41.26
      Required ratio:  400.00 (Side area) 
      Cumulative area ratio:   41.26
      Required ratio:    0.00 (Cumulative side area) 

    Layer: via
      Partial area ratio:    0.32
      Required ratio:    6.00 (Gate area) 
      Cumulative area ratio:    0.55
      Required ratio:    0.00 (Cumulative area) 

    Layer: met2
      Partial area ratio:    8.71
      Required ratio:    0.00 (Gate area) 
      Cumulative area ratio:   17.32
      Required ratio:    0.00 (Cumulative area) 
      Partial area ratio:   43.01
      Required ratio: 4046.20 (Side area) 
      Cumulative area ratio:   84.27
      Required ratio:    0.00 (Cumulative side area) 


  Pin:   _14683_/A0 (sky130_fd_sc_hd__mux2_1)
    Layer: mcon
      Partial area ratio:    0.23
      Required ratio:    3.00 (Gate area) 
      Cumulative area ratio:    0.23
      Required ratio:    0.00 (Cumulative area) 

    Layer: met1
      Partial area ratio:    7.42
      Required ratio:    0.00 (Gate area) 
      Cumulative area ratio:    7.42
      Required ratio:    0.00 (Cumulative area) 
      Partial area ratio:   35.40
      Required ratio:  400.00 (Side area) 
      Cumulative area ratio:   35.40
      Required ratio:    0.00 (Cumulative side area) 

    Layer: via
      Partial area ratio:    0.30
      Required ratio:    6.00 (Gate area) 
      Cumulative area ratio:    0.53
      Required ratio:    0.00 (Cumulative area) 

    Layer: met2
      Partial area ratio:    8.71
      Required ratio:    0.00 (Gate area) 
      Cumulative area ratio:   16.13
      Required ratio:    0.00 (Cumulative area) 
      Partial area ratio:   43.01
      Required ratio: 4046.20 (Side area) 
      Cumulative area ratio:   78.41
      Required ratio:    0.00 (Cumulative side area) 


  Pin:   _14718_/A1 (sky130_fd_sc_hd__mux2_1)
    Layer: mcon
      Partial area ratio:    0.23
      Required ratio:    3.00 (Gate area) 
      Cumulative area ratio:    0.23
      Required ratio:    0.00 (Cumulative area) 

    Layer: met1
      Partial area ratio:   14.41
      Required ratio:    0.00 (Gate area) 
      Cumulative area ratio:   14.41
      Required ratio:    0.00 (Cumulative area) 
      Partial area ratio:   70.17
      Required ratio:  400.00 (Side area) 
      Cumulative area ratio:   70.17
      Required ratio:    0.00 (Cumulative side area) 

    Layer: via
      Partial area ratio:    0.36
      Required ratio:    6.00 (Gate area) 
      Cumulative area ratio:    0.59
      Required ratio:    0.00 (Cumulative area) 

    Layer: met2
      Partial area ratio:    8.71
      Required ratio:    0.00 (Gate area) 
      Cumulative area ratio:   23.11
      Required ratio:    0.00 (Cumulative area) 
      Partial area ratio:   43.01
      Required ratio: 4046.20 (Side area) 
      Cumulative area ratio:  113.18
      Required ratio:    0.00 (Cumulative side area) 


  Pin:   _14751_/A0 (sky130_fd_sc_hd__mux2_1)
    Layer: mcon
      Partial area ratio:    0.23
      Required ratio:    3.00 (Gate area) 
      Cumulative area ratio:    0.23
      Required ratio:    0.00 (Cumulative area) 

    Layer: met1
      Partial area ratio:   33.22
      Required ratio:    0.00 (Gate area) 
      Cumulative area ratio:   33.22
      Required ratio:    0.00 (Cumulative area) 
      Partial area ratio:  164.38
      Required ratio:  400.00 (Side area) 
      Cumulative area ratio:  164.38
      Required ratio:    0.00 (Cumulative side area) 

    Layer: via
      Partial area ratio:    0.28
      Required ratio:    6.00 (Gate area) 
      Cumulative area ratio:    0.51
      Required ratio:    0.00 (Cumulative area) 

    Layer: met2
      Partial area ratio:    8.71
      Required ratio:    0.00 (Gate area) 
      Cumulative area ratio:   41.92
      Required ratio:    0.00 (Cumulative area) 
      Partial area ratio:   43.01
      Required ratio: 4046.20 (Side area) 
      Cumulative area ratio:  207.39
      Required ratio:    0.00 (Cumulative side area) 


  Pin:   _14786_/A1 (sky130_fd_sc_hd__mux2_1)
    Layer: mcon
      Partial area ratio:    0.23
      Required ratio:    3.00 (Gate area) 
      Cumulative area ratio:    0.23
      Required ratio:    0.00 (Cumulative area) 

    Layer: met1
      Partial area ratio:   14.41
      Required ratio:    0.00 (Gate area) 
      Cumulative area ratio:   14.41
      Required ratio:    0.00 (Cumulative area) 
      Partial area ratio:   70.17
      Required ratio:  400.00 (Side area) 
      Cumulative area ratio:   70.17
      Required ratio:    0.00 (Cumulative side area) 

    Layer: via
      Partial area ratio:    0.36
      Required ratio:    6.00 (Gate area) 
      Cumulative area ratio:    0.59
      Required ratio:    0.00 (Cumulative area) 

    Layer: met2
      Partial area ratio:    8.71
      Required ratio:    0.00 (Gate area) 
      Cumulative area ratio:   23.11
      Required ratio:    0.00 (Cumulative area) 
      Partial area ratio:   43.01
      Required ratio: 4046.20 (Side area) 
      Cumulative area ratio:  113.18
      Required ratio:    0.00 (Cumulative side area) 


  Pin:   _14820_/A1 (sky130_fd_sc_hd__mux2_1)
    Layer: mcon
      Partial area ratio:    0.23
      Required ratio:    3.00 (Gate area) 
      Cumulative area ratio:    0.23
      Required ratio:    0.00 (Cumulative area) 

    Layer: met1
      Partial area ratio:    8.90
      Required ratio:    0.00 (Gate area) 
      Cumulative area ratio:    8.90
      Required ratio:    0.00 (Cumulative area) 
      Partial area ratio:   43.08
      Required ratio:  400.00 (Side area) 
      Cumulative area ratio:   43.08
      Required ratio:    0.00 (Cumulative side area) 

    Layer: via
      Partial area ratio:    0.27
      Required ratio:    6.00 (Gate area) 
      Cumulative area ratio:    0.50
      Required ratio:    0.00 (Cumulative area) 

    Layer: met2
      Partial area ratio:    8.71
      Required ratio:    0.00 (Gate area) 
      Cumulative area ratio:   17.61
      Required ratio:    0.00 (Cumulative area) 
      Partial area ratio:   43.01
      Required ratio: 4046.20 (Side area) 
      Cumulative area ratio:   86.09
      Required ratio:    0.00 (Cumulative side area) 


  Pin:   _14855_/A1 (sky130_fd_sc_hd__mux2_1)
    Layer: mcon
      Partial area ratio:    0.23
      Required ratio:    3.00 (Gate area) 
      Cumulative area ratio:    0.23
      Required ratio:    0.00 (Cumulative area) 

    Layer: met1
      Partial area ratio:    8.90
      Required ratio:    0.00 (Gate area) 
      Cumulative area ratio:    8.90
      Required ratio:    0.00 (Cumulative area) 
      Partial area ratio:   43.08
      Required ratio:  400.00 (Side area) 
      Cumulative area ratio:   43.08
      Required ratio:    0.00 (Cumulative side area) 

    Layer: via
      Partial area ratio:    0.27
      Required ratio:    6.00 (Gate area) 
      Cumulative area ratio:    0.50
      Required ratio:    0.00 (Cumulative area) 

    Layer: met2
      Partial area ratio:    8.71
      Required ratio:    0.00 (Gate area) 
      Cumulative area ratio:   17.61
      Required ratio:    0.00 (Cumulative area) 
      Partial area ratio:   43.01
      Required ratio: 4046.20 (Side area) 
      Cumulative area ratio:   86.09
      Required ratio:    0.00 (Cumulative side area) 


  Pin:   _14889_/A0 (sky130_fd_sc_hd__mux2_1)
    Layer: mcon
      Partial area ratio:    0.23
      Required ratio:    3.00 (Gate area) 
      Cumulative area ratio:    0.23
      Required ratio:    0.00 (Cumulative area) 

    Layer: met1
      Partial area ratio:    9.57
      Required ratio:    0.00 (Gate area) 
      Cumulative area ratio:    9.57
      Required ratio:    0.00 (Cumulative area) 
      Partial area ratio:   46.15
      Required ratio:  400.00 (Side area) 
      Cumulative area ratio:   46.15
      Required ratio:    0.00 (Cumulative side area) 

    Layer: via
      Partial area ratio:    0.30
      Required ratio:    6.00 (Gate area) 
      Cumulative area ratio:    0.53
      Required ratio:    0.00 (Cumulative area) 

    Layer: met2
      Partial area ratio:    8.71
      Required ratio:    0.00 (Gate area) 
      Cumulative area ratio:   18.28
      Required ratio:    0.00 (Cumulative area) 
      Partial area ratio:   43.01
      Required ratio: 4046.20 (Side area) 
      Cumulative area ratio:   89.16
      Required ratio:    0.00 (Cumulative side area) 


  Pin:   _14923_/A1 (sky130_fd_sc_hd__mux2_1)
    Layer: mcon
      Partial area ratio:    0.23
      Required ratio:    3.00 (Gate area) 
      Cumulative area ratio:    0.23
      Required ratio:    0.00 (Cumulative area) 

    Layer: met1
      Partial area ratio:    9.57
      Required ratio:    0.00 (Gate area) 
      Cumulative area ratio:    9.57
      Required ratio:    0.00 (Cumulative area) 
      Partial area ratio:   46.15
      Required ratio:  400.00 (Side area) 
      Cumulative area ratio:   46.15
      Required ratio:    0.00 (Cumulative side area) 

    Layer: via
      Partial area ratio:    0.30
      Required ratio:    6.00 (Gate area) 
      Cumulative area ratio:    0.53
      Required ratio:    0.00 (Cumulative area) 

    Layer: met2
      Partial area ratio:    8.71
      Required ratio:    0.00 (Gate area) 
      Cumulative area ratio:   18.28
      Required ratio:    0.00 (Cumulative area) 
      Partial area ratio:   43.01
      Required ratio: 4046.20 (Side area) 
      Cumulative area ratio:   89.16
      Required ratio:    0.00 (Cumulative side area) 


  Pin:   _14957_/A1 (sky130_fd_sc_hd__mux2_1)
    Layer: mcon
      Partial area ratio:    0.23
      Required ratio:    3.00 (Gate area) 
      Cumulative area ratio:    0.23
      Required ratio:    0.00 (Cumulative area) 

    Layer: met1
      Partial area ratio:   20.54
      Required ratio:    0.00 (Gate area) 
      Cumulative area ratio:   20.54
      Required ratio:    0.00 (Cumulative area) 
      Partial area ratio:  100.96
      Required ratio:  400.00 (Side area) 
      Cumulative area ratio:  100.96
      Required ratio:    0.00 (Cumulative side area) 

    Layer: via
      Partial area ratio:    0.29
      Required ratio:    6.00 (Gate area) 
      Cumulative area ratio:    0.52
      Required ratio:    0.00 (Cumulative area) 

    Layer: met2
      Partial area ratio:    8.71
      Required ratio:    0.00 (Gate area) 
      Cumulative area ratio:   29.25
      Required ratio:    0.00 (Cumulative area) 
      Partial area ratio:   43.01
      Required ratio: 4046.20 (Side area) 
      Cumulative area ratio:  143.97
      Required ratio:    0.00 (Cumulative side area) 


  Pin:   _14990_/A0 (sky130_fd_sc_hd__mux2_1)
    Layer: li1
      Partial area ratio:    0.01
      Required ratio:    0.00 (Gate area) 
      Cumulative area ratio:    0.01
      Required ratio:    0.00 (Cumulative area) 
      Partial area ratio:    0.28
      Required ratio:   75.00 (Side area) 
      Cumulative area ratio:    0.28
      Required ratio:    0.00 (Cumulative side area) 

    Layer: mcon
      Partial area ratio:    0.23
      Required ratio:    3.00 (Gate area) 
      Cumulative area ratio:    0.23
      Required ratio:    0.00 (Cumulative area) 

    Layer: met1
      Partial area ratio:    0.66
      Required ratio:    0.00 (Gate area) 
      Cumulative area ratio:    0.67
      Required ratio:    0.00 (Cumulative area) 
      Partial area ratio:    3.22
      Required ratio:  400.00 (Side area) 
      Cumulative area ratio:    3.50
      Required ratio:    0.00 (Cumulative side area) 

    Layer: via
      Partial area ratio:    0.18
      Required ratio:    6.00 (Gate area) 
      Cumulative area ratio:    0.41
      Required ratio:    0.00 (Cumulative area) 

    Layer: met2
      Partial area ratio:    8.71
      Required ratio:    0.00 (Gate area) 
      Cumulative area ratio:    9.38
      Required ratio:    0.00 (Cumulative area) 
      Partial area ratio:   43.01
      Required ratio: 4046.20 (Side area) 
      Cumulative area ratio:   46.51
      Required ratio:    0.00 (Cumulative side area) 


  Pin:   _15024_/A1 (sky130_fd_sc_hd__mux2_1)
    Layer: mcon
      Partial area ratio:    0.23
      Required ratio:    3.00 (Gate area) 
      Cumulative area ratio:    0.23
      Required ratio:    0.00 (Cumulative area) 

    Layer: met1
      Partial area ratio:    9.57
      Required ratio:    0.00 (Gate area) 
      Cumulative area ratio:    9.57
      Required ratio:    0.00 (Cumulative area) 
      Partial area ratio:   46.15
      Required ratio:  400.00 (Side area) 
      Cumulative area ratio:   46.15
      Required ratio:    0.00 (Cumulative side area) 

    Layer: via
      Partial area ratio:    0.30
      Required ratio:    6.00 (Gate area) 
      Cumulative area ratio:    0.53
      Required ratio:    0.00 (Cumulative area) 

    Layer: met2
      Partial area ratio:    8.71
      Required ratio:    0.00 (Gate area) 
      Cumulative area ratio:   18.28
      Required ratio:    0.00 (Cumulative area) 
      Partial area ratio:   43.01
      Required ratio: 4046.20 (Side area) 
      Cumulative area ratio:   89.16
      Required ratio:    0.00 (Cumulative side area) 


  Pin:   _15058_/A1 (sky130_fd_sc_hd__mux2_1)
    Layer: mcon
      Partial area ratio:    0.23
      Required ratio:    3.00 (Gate area) 
      Cumulative area ratio:    0.23
      Required ratio:    0.00 (Cumulative area) 

    Layer: met1
      Partial area ratio:    6.71
      Required ratio:    0.00 (Gate area) 
      Cumulative area ratio:    6.71
      Required ratio:    0.00 (Cumulative area) 
      Partial area ratio:   32.06
      Required ratio:  400.00 (Side area) 
      Cumulative area ratio:   32.06
      Required ratio:    0.00 (Cumulative side area) 

    Layer: via
      Partial area ratio:    0.36
      Required ratio:    6.00 (Gate area) 
      Cumulative area ratio:    0.59
      Required ratio:    0.00 (Cumulative area) 

    Layer: met2
      Partial area ratio:    8.71
      Required ratio:    0.00 (Gate area) 
      Cumulative area ratio:   15.41
      Required ratio:    0.00 (Cumulative area) 
      Partial area ratio:   43.01
      Required ratio: 4046.20 (Side area) 
      Cumulative area ratio:   75.07
      Required ratio:    0.00 (Cumulative side area) 


  Pin:   _15092_/A1 (sky130_fd_sc_hd__mux2_1)
    Layer: mcon
      Partial area ratio:    0.23
      Required ratio:    3.00 (Gate area) 
      Cumulative area ratio:    0.23
      Required ratio:    0.00 (Cumulative area) 

    Layer: met1
      Partial area ratio:    6.96
      Required ratio:    0.00 (Gate area) 
      Cumulative area ratio:    6.96
      Required ratio:    0.00 (Cumulative area) 
      Partial area ratio:   33.36
      Required ratio:  400.00 (Side area) 
      Cumulative area ratio:   33.36
      Required ratio:    0.00 (Cumulative side area) 

    Layer: via
      Partial area ratio:    0.27
      Required ratio:    6.00 (Gate area) 
      Cumulative area ratio:    0.50
      Required ratio:    0.00 (Cumulative area) 

    Layer: met2
      Partial area ratio:    8.71
      Required ratio:    0.00 (Gate area) 
      Cumulative area ratio:   15.67
      Required ratio:    0.00 (Cumulative area) 
      Partial area ratio:   43.01
      Required ratio: 4046.20 (Side area) 
      Cumulative area ratio:   76.37
      Required ratio:    0.00 (Cumulative side area) 


  Pin:   _15125_/A1 (sky130_fd_sc_hd__mux2_1)
    Layer: mcon
      Partial area ratio:    0.23
      Required ratio:    3.00 (Gate area) 
      Cumulative area ratio:    0.23
      Required ratio:    0.00 (Cumulative area) 

    Layer: met1
      Partial area ratio:    6.96
      Required ratio:    0.00 (Gate area) 
      Cumulative area ratio:    6.96
      Required ratio:    0.00 (Cumulative area) 
      Partial area ratio:   33.36
      Required ratio:  400.00 (Side area) 
      Cumulative area ratio:   33.36
      Required ratio:    0.00 (Cumulative side area) 

    Layer: via
      Partial area ratio:    0.27
      Required ratio:    6.00 (Gate area) 
      Cumulative area ratio:    0.50
      Required ratio:    0.00 (Cumulative area) 

    Layer: met2
      Partial area ratio:    8.71
      Required ratio:    0.00 (Gate area) 
      Cumulative area ratio:   15.67
      Required ratio:    0.00 (Cumulative area) 
      Partial area ratio:   43.01
      Required ratio: 4046.20 (Side area) 
      Cumulative area ratio:   76.37
      Required ratio:    0.00 (Cumulative side area) 


  Pin:   _15160_/A0 (sky130_fd_sc_hd__mux2_1)
    Layer: mcon
      Partial area ratio:    0.23
      Required ratio:    3.00 (Gate area) 
      Cumulative area ratio:    0.23
      Required ratio:    0.00 (Cumulative area) 

    Layer: met1
      Partial area ratio:   23.33
      Required ratio:    0.00 (Gate area) 
      Cumulative area ratio:   23.33
      Required ratio:    0.00 (Cumulative area) 
      Partial area ratio:  114.57
      Required ratio:  400.00 (Side area) 
      Cumulative area ratio:  114.57
      Required ratio:    0.00 (Cumulative side area) 

    Layer: via
      Partial area ratio:    0.36
      Required ratio:    6.00 (Gate area) 
      Cumulative area ratio:    0.59
      Required ratio:    0.00 (Cumulative area) 

    Layer: met2
      Partial area ratio:    8.71
      Required ratio:    0.00 (Gate area) 
      Cumulative area ratio:   32.04
      Required ratio:    0.00 (Cumulative area) 
      Partial area ratio:   43.01
      Required ratio: 4046.20 (Side area) 
      Cumulative area ratio:  157.58
      Required ratio:    0.00 (Cumulative side area) 


  Pin:   _15193_/A0 (sky130_fd_sc_hd__mux2_1)
    Layer: mcon
      Partial area ratio:    0.23
      Required ratio:    3.00 (Gate area) 
      Cumulative area ratio:    0.23
      Required ratio:    0.00 (Cumulative area) 

    Layer: met1
      Partial area ratio:   23.33
      Required ratio:    0.00 (Gate area) 
      Cumulative area ratio:   23.33
      Required ratio:    0.00 (Cumulative area) 
      Partial area ratio:  114.57
      Required ratio:  400.00 (Side area) 
      Cumulative area ratio:  114.57
      Required ratio:    0.00 (Cumulative side area) 

    Layer: via
      Partial area ratio:    0.36
      Required ratio:    6.00 (Gate area) 
      Cumulative area ratio:    0.59
      Required ratio:    0.00 (Cumulative area) 

    Layer: met2
      Partial area ratio:    8.71
      Required ratio:    0.00 (Gate area) 
      Cumulative area ratio:   32.04
      Required ratio:    0.00 (Cumulative area) 
      Partial area ratio:   43.01
      Required ratio: 4046.20 (Side area) 
      Cumulative area ratio:  157.58
      Required ratio:    0.00 (Cumulative side area) 


  Pin:   _15226_/A0 (sky130_fd_sc_hd__mux2_1)
    Layer: mcon
      Partial area ratio:    0.23
      Required ratio:    3.00 (Gate area) 
      Cumulative area ratio:    0.23
      Required ratio:    0.00 (Cumulative area) 

    Layer: met1
      Partial area ratio:   23.33
      Required ratio:    0.00 (Gate area) 
      Cumulative area ratio:   23.33
      Required ratio:    0.00 (Cumulative area) 
      Partial area ratio:  114.57
      Required ratio:  400.00 (Side area) 
      Cumulative area ratio:  114.57
      Required ratio:    0.00 (Cumulative side area) 

    Layer: via
      Partial area ratio:    0.36
      Required ratio:    6.00 (Gate area) 
      Cumulative area ratio:    0.59
      Required ratio:    0.00 (Cumulative area) 

    Layer: met2
      Partial area ratio:    8.71
      Required ratio:    0.00 (Gate area) 
      Cumulative area ratio:   32.04
      Required ratio:    0.00 (Cumulative area) 
      Partial area ratio:   43.01
      Required ratio: 4046.20 (Side area) 
      Cumulative area ratio:  157.58
      Required ratio:    0.00 (Cumulative side area) 


  Pin:   _15259_/A1 (sky130_fd_sc_hd__mux2_1)
    Layer: mcon
      Partial area ratio:    0.23
      Required ratio:    3.00 (Gate area) 
      Cumulative area ratio:    0.23
      Required ratio:    0.00 (Cumulative area) 

    Layer: met1
      Partial area ratio:    4.48
      Required ratio:    0.00 (Gate area) 
      Cumulative area ratio:    4.48
      Required ratio:    0.00 (Cumulative area) 
      Partial area ratio:   20.94
      Required ratio:  400.00 (Side area) 
      Cumulative area ratio:   20.94
      Required ratio:    0.00 (Cumulative side area) 

    Layer: via
      Partial area ratio:    0.36
      Required ratio:    6.00 (Gate area) 
      Cumulative area ratio:    0.59
      Required ratio:    0.00 (Cumulative area) 

    Layer: met2
      Partial area ratio:    8.71
      Required ratio:    0.00 (Gate area) 
      Cumulative area ratio:   13.19
      Required ratio:    0.00 (Cumulative area) 
      Partial area ratio:   43.01
      Required ratio: 4046.20 (Side area) 
      Cumulative area ratio:   63.96
      Required ratio:    0.00 (Cumulative side area) 


  Pin:   _15292_/A0 (sky130_fd_sc_hd__mux2_1)
    Layer: mcon
      Partial area ratio:    0.23
      Required ratio:    3.00 (Gate area) 
      Cumulative area ratio:    0.23
      Required ratio:    0.00 (Cumulative area) 

    Layer: met1
      Partial area ratio:    8.05
      Required ratio:    0.00 (Gate area) 
      Cumulative area ratio:    8.05
      Required ratio:    0.00 (Cumulative area) 
      Partial area ratio:   38.97
      Required ratio:  400.00 (Side area) 
      Cumulative area ratio:   38.97
      Required ratio:    0.00 (Cumulative side area) 

    Layer: via
      Partial area ratio:    0.21
      Required ratio:    6.00 (Gate area) 
      Cumulative area ratio:    0.44
      Required ratio:    0.00 (Cumulative area) 

    Layer: met2
      Partial area ratio:    8.71
      Required ratio:    0.00 (Gate area) 
      Cumulative area ratio:   16.76
      Required ratio:    0.00 (Cumulative area) 
      Partial area ratio:   43.01
      Required ratio: 4046.20 (Side area) 
      Cumulative area ratio:   81.98
      Required ratio:    0.00 (Cumulative side area) 


  Pin:   _15325_/A0 (sky130_fd_sc_hd__mux2_1)
    Layer: mcon
      Partial area ratio:    0.23
      Required ratio:    3.00 (Gate area) 
      Cumulative area ratio:    0.23
      Required ratio:    0.00 (Cumulative area) 

    Layer: met1
      Partial area ratio:    8.61
      Required ratio:    0.00 (Gate area) 
      Cumulative area ratio:    8.61
      Required ratio:    0.00 (Cumulative area) 
      Partial area ratio:   41.26
      Required ratio:  400.00 (Side area) 
      Cumulative area ratio:   41.26
      Required ratio:    0.00 (Cumulative side area) 

    Layer: via
      Partial area ratio:    0.32
      Required ratio:    6.00 (Gate area) 
      Cumulative area ratio:    0.55
      Required ratio:    0.00 (Cumulative area) 

    Layer: met2
      Partial area ratio:    8.71
      Required ratio:    0.00 (Gate area) 
      Cumulative area ratio:   17.32
      Required ratio:    0.00 (Cumulative area) 
      Partial area ratio:   43.01
      Required ratio: 4046.20 (Side area) 
      Cumulative area ratio:   84.27
      Required ratio:    0.00 (Cumulative side area) 


  Pin:   _15358_/A1 (sky130_fd_sc_hd__mux2_1)
    Layer: mcon
      Partial area ratio:    0.23
      Required ratio:    3.00 (Gate area) 
      Cumulative area ratio:    0.23
      Required ratio:    0.00 (Cumulative area) 

    Layer: met1
      Partial area ratio:    8.05
      Required ratio:    0.00 (Gate area) 
      Cumulative area ratio:    8.05
      Required ratio:    0.00 (Cumulative area) 
      Partial area ratio:   38.97
      Required ratio:  400.00 (Side area) 
      Cumulative area ratio:   38.97
      Required ratio:    0.00 (Cumulative side area) 

    Layer: via
      Partial area ratio:    0.21
      Required ratio:    6.00 (Gate area) 
      Cumulative area ratio:    0.44
      Required ratio:    0.00 (Cumulative area) 

    Layer: met2
      Partial area ratio:    8.71
      Required ratio:    0.00 (Gate area) 
      Cumulative area ratio:   16.76
      Required ratio:    0.00 (Cumulative area) 
      Partial area ratio:   43.01
      Required ratio: 4046.20 (Side area) 
      Cumulative area ratio:   81.98
      Required ratio:    0.00 (Cumulative side area) 


  Pin:   _15391_/A1 (sky130_fd_sc_hd__mux2_1)
    Layer: mcon
      Partial area ratio:    0.23
      Required ratio:    3.00 (Gate area) 
      Cumulative area ratio:    0.23
      Required ratio:    0.00 (Cumulative area) 

    Layer: met1
      Partial area ratio:   23.33
      Required ratio:    0.00 (Gate area) 
      Cumulative area ratio:   23.33
      Required ratio:    0.00 (Cumulative area) 
      Partial area ratio:  114.57
      Required ratio:  400.00 (Side area) 
      Cumulative area ratio:  114.57
      Required ratio:    0.00 (Cumulative side area) 

    Layer: via
      Partial area ratio:    0.36
      Required ratio:    6.00 (Gate area) 
      Cumulative area ratio:    0.59
      Required ratio:    0.00 (Cumulative area) 

    Layer: met2
      Partial area ratio:    8.71
      Required ratio:    0.00 (Gate area) 
      Cumulative area ratio:   32.04
      Required ratio:    0.00 (Cumulative area) 
      Partial area ratio:   43.01
      Required ratio: 4046.20 (Side area) 
      Cumulative area ratio:  157.58
      Required ratio:    0.00 (Cumulative side area) 


  Pin:   _15424_/A0 (sky130_fd_sc_hd__mux2_1)
    Layer: mcon
      Partial area ratio:    0.23
      Required ratio:    3.00 (Gate area) 
      Cumulative area ratio:    0.23
      Required ratio:    0.00 (Cumulative area) 

    Layer: met1
      Partial area ratio:   46.06
      Required ratio:    0.00 (Gate area) 
      Cumulative area ratio:   46.06
      Required ratio:    0.00 (Cumulative area) 
      Partial area ratio:  228.61
      Required ratio:  400.00 (Side area) 
      Cumulative area ratio:  228.61
      Required ratio:    0.00 (Cumulative side area) 

    Layer: via
      Partial area ratio:    0.28
      Required ratio:    6.00 (Gate area) 
      Cumulative area ratio:    0.51
      Required ratio:    0.00 (Cumulative area) 

    Layer: met2
      Partial area ratio:    8.71
      Required ratio:    0.00 (Gate area) 
      Cumulative area ratio:   54.77
      Required ratio:    0.00 (Cumulative area) 
      Partial area ratio:   43.01
      Required ratio: 4046.20 (Side area) 
      Cumulative area ratio:  271.62
      Required ratio:    0.00 (Cumulative side area) 


  Pin:   _15457_/A1 (sky130_fd_sc_hd__mux2_1)
    Layer: mcon
      Partial area ratio:    0.23
      Required ratio:    3.00 (Gate area) 
      Cumulative area ratio:    0.23
      Required ratio:    0.00 (Cumulative area) 

    Layer: met1
      Partial area ratio:    8.89
      Required ratio:    0.00 (Gate area) 
      Cumulative area ratio:    8.89
      Required ratio:    0.00 (Cumulative area) 
      Partial area ratio:   43.00
      Required ratio:  400.00 (Side area) 
      Cumulative area ratio:   43.00
      Required ratio:    0.00 (Cumulative side area) 

    Layer: via
      Partial area ratio:    0.27
      Required ratio:    6.00 (Gate area) 
      Cumulative area ratio:    0.50
      Required ratio:    0.00 (Cumulative area) 

    Layer: met2
      Partial area ratio:    8.71
      Required ratio:    0.00 (Gate area) 
      Cumulative area ratio:   17.60
      Required ratio:    0.00 (Cumulative area) 
      Partial area ratio:   43.01
      Required ratio: 4046.20 (Side area) 
      Cumulative area ratio:   86.01
      Required ratio:    0.00 (Cumulative side area) 


  Pin:   _15490_/A1 (sky130_fd_sc_hd__mux2_1)
    Layer: mcon
      Partial area ratio:    0.23
      Required ratio:    3.00 (Gate area) 
      Cumulative area ratio:    0.23
      Required ratio:    0.00 (Cumulative area) 

    Layer: met1
      Partial area ratio:    8.89
      Required ratio:    0.00 (Gate area) 
      Cumulative area ratio:    8.89
      Required ratio:    0.00 (Cumulative area) 
      Partial area ratio:   43.00
      Required ratio:  400.00 (Side area) 
      Cumulative area ratio:   43.00
      Required ratio:    0.00 (Cumulative side area) 

    Layer: via
      Partial area ratio:    0.27
      Required ratio:    6.00 (Gate area) 
      Cumulative area ratio:    0.50
      Required ratio:    0.00 (Cumulative area) 

    Layer: met2
      Partial area ratio:    8.71
      Required ratio:    0.00 (Gate area) 
      Cumulative area ratio:   17.60
      Required ratio:    0.00 (Cumulative area) 
      Partial area ratio:   43.01
      Required ratio: 4046.20 (Side area) 
      Cumulative area ratio:   86.01
      Required ratio:    0.00 (Cumulative side area) 


  Pin:   _15524_/A1 (sky130_fd_sc_hd__mux2_1)
    Layer: mcon
      Partial area ratio:    0.23
      Required ratio:    3.00 (Gate area) 
      Cumulative area ratio:    0.23
      Required ratio:    0.00 (Cumulative area) 

    Layer: met1
      Partial area ratio:   46.06
      Required ratio:    0.00 (Gate area) 
      Cumulative area ratio:   46.06
      Required ratio:    0.00 (Cumulative area) 
      Partial area ratio:  228.61
      Required ratio:  400.00 (Side area) 
      Cumulative area ratio:  228.61
      Required ratio:    0.00 (Cumulative side area) 

    Layer: via
      Partial area ratio:    0.28
      Required ratio:    6.00 (Gate area) 
      Cumulative area ratio:    0.51
      Required ratio:    0.00 (Cumulative area) 

    Layer: met2
      Partial area ratio:    8.71
      Required ratio:    0.00 (Gate area) 
      Cumulative area ratio:   54.77
      Required ratio:    0.00 (Cumulative area) 
      Partial area ratio:   43.01
      Required ratio: 4046.20 (Side area) 
      Cumulative area ratio:  271.62
      Required ratio:    0.00 (Cumulative side area) 


  Pin:   _15557_/A1 (sky130_fd_sc_hd__mux2_1)
    Layer: mcon
      Partial area ratio:    0.23
      Required ratio:    3.00 (Gate area) 
      Cumulative area ratio:    0.23
      Required ratio:    0.00 (Cumulative area) 

    Layer: met1
      Partial area ratio:    4.59
      Required ratio:    0.00 (Gate area) 
      Cumulative area ratio:    4.59
      Required ratio:    0.00 (Cumulative area) 
      Partial area ratio:   21.50
      Required ratio:  400.00 (Side area) 
      Cumulative area ratio:   21.50
      Required ratio:    0.00 (Cumulative side area) 

    Layer: via
      Partial area ratio:    0.36
      Required ratio:    6.00 (Gate area) 
      Cumulative area ratio:    0.59
      Required ratio:    0.00 (Cumulative area) 

    Layer: met2
      Partial area ratio:    8.71
      Required ratio:    0.00 (Gate area) 
      Cumulative area ratio:   13.30
      Required ratio:    0.00 (Cumulative area) 
      Partial area ratio:   43.01
      Required ratio: 4046.20 (Side area) 
      Cumulative area ratio:   64.51
      Required ratio:    0.00 (Cumulative side area) 


  Pin:   _15590_/A1 (sky130_fd_sc_hd__mux2_1)
    Layer: mcon
      Partial area ratio:    0.23
      Required ratio:    3.00 (Gate area) 
      Cumulative area ratio:    0.23
      Required ratio:    0.00 (Cumulative area) 

    Layer: met1
      Partial area ratio:    9.18
      Required ratio:    0.00 (Gate area) 
      Cumulative area ratio:    9.18
      Required ratio:    0.00 (Cumulative area) 
      Partial area ratio:   44.44
      Required ratio:  400.00 (Side area) 
      Cumulative area ratio:   44.44
      Required ratio:    0.00 (Cumulative side area) 

    Layer: via
      Partial area ratio:    0.36
      Required ratio:    6.00 (Gate area) 
      Cumulative area ratio:    0.59
      Required ratio:    0.00 (Cumulative area) 

    Layer: met2
      Partial area ratio:    8.71
      Required ratio:    0.00 (Gate area) 
      Cumulative area ratio:   17.89
      Required ratio:    0.00 (Cumulative area) 
      Partial area ratio:   43.01
      Required ratio: 4046.20 (Side area) 
      Cumulative area ratio:   87.46
      Required ratio:    0.00 (Cumulative side area) 


  Pin:   _15623_/A1 (sky130_fd_sc_hd__mux2_1)
    Layer: mcon
      Partial area ratio:    0.23
      Required ratio:    3.00 (Gate area) 
      Cumulative area ratio:    0.23
      Required ratio:    0.00 (Cumulative area) 

    Layer: met1
      Partial area ratio:   23.33
      Required ratio:    0.00 (Gate area) 
      Cumulative area ratio:   23.33
      Required ratio:    0.00 (Cumulative area) 
      Partial area ratio:  114.57
      Required ratio:  400.00 (Side area) 
      Cumulative area ratio:  114.57
      Required ratio:    0.00 (Cumulative side area) 

    Layer: via
      Partial area ratio:    0.36
      Required ratio:    6.00 (Gate area) 
      Cumulative area ratio:    0.59
      Required ratio:    0.00 (Cumulative area) 

    Layer: met2
      Partial area ratio:    8.71
      Required ratio:    0.00 (Gate area) 
      Cumulative area ratio:   32.04
      Required ratio:    0.00 (Cumulative area) 
      Partial area ratio:   43.01
      Required ratio: 4046.20 (Side area) 
      Cumulative area ratio:  157.58
      Required ratio:    0.00 (Cumulative side area) 


  Pin:   _15656_/A1 (sky130_fd_sc_hd__mux2_1)
    Layer: mcon
      Partial area ratio:    0.23
      Required ratio:    3.00 (Gate area) 
      Cumulative area ratio:    0.23
      Required ratio:    0.00 (Cumulative area) 

    Layer: met1
      Partial area ratio:   11.32
      Required ratio:    0.00 (Gate area) 
      Cumulative area ratio:   11.32
      Required ratio:    0.00 (Cumulative area) 
      Partial area ratio:   55.11
      Required ratio:  400.00 (Side area) 
      Cumulative area ratio:   55.11
      Required ratio:    0.00 (Cumulative side area) 

    Layer: via
      Partial area ratio:    0.36
      Required ratio:    6.00 (Gate area) 
      Cumulative area ratio:    0.59
      Required ratio:    0.00 (Cumulative area) 

    Layer: met2
      Partial area ratio:    8.71
      Required ratio:    0.00 (Gate area) 
      Cumulative area ratio:   20.03
      Required ratio:    0.00 (Cumulative area) 
      Partial area ratio:   43.01
      Required ratio: 4046.20 (Side area) 
      Cumulative area ratio:   98.12
      Required ratio:    0.00 (Cumulative side area) 


  Pin:   _15689_/A1 (sky130_fd_sc_hd__mux2_1)
    Layer: mcon
      Partial area ratio:    0.23
      Required ratio:    3.00 (Gate area) 
      Cumulative area ratio:    0.23
      Required ratio:    0.00 (Cumulative area) 

    Layer: met1
      Partial area ratio:   10.18
      Required ratio:    0.00 (Gate area) 
      Cumulative area ratio:   10.18
      Required ratio:    0.00 (Cumulative area) 
      Partial area ratio:   49.48
      Required ratio:  400.00 (Side area) 
      Cumulative area ratio:   49.48
      Required ratio:    0.00 (Cumulative side area) 

    Layer: via
      Partial area ratio:    0.24
      Required ratio:    6.00 (Gate area) 
      Cumulative area ratio:    0.47
      Required ratio:    0.00 (Cumulative area) 

    Layer: met2
      Partial area ratio:    8.71
      Required ratio:    0.00 (Gate area) 
      Cumulative area ratio:   18.89
      Required ratio:    0.00 (Cumulative area) 
      Partial area ratio:   43.01
      Required ratio: 4046.20 (Side area) 
      Cumulative area ratio:   92.49
      Required ratio:    0.00 (Cumulative side area) 


  Pin:   _15722_/A0 (sky130_fd_sc_hd__mux2_1)
    Layer: mcon
      Partial area ratio:    0.23
      Required ratio:    3.00 (Gate area) 
      Cumulative area ratio:    0.23
      Required ratio:    0.00 (Cumulative area) 

    Layer: met1
      Partial area ratio:   10.18
      Required ratio:    0.00 (Gate area) 
      Cumulative area ratio:   10.18
      Required ratio:    0.00 (Cumulative area) 
      Partial area ratio:   49.48
      Required ratio:  400.00 (Side area) 
      Cumulative area ratio:   49.48
      Required ratio:    0.00 (Cumulative side area) 

    Layer: via
      Partial area ratio:    0.24
      Required ratio:    6.00 (Gate area) 
      Cumulative area ratio:    0.47
      Required ratio:    0.00 (Cumulative area) 

    Layer: met2
      Partial area ratio:    8.71
      Required ratio:    0.00 (Gate area) 
      Cumulative area ratio:   18.89
      Required ratio:    0.00 (Cumulative area) 
      Partial area ratio:   43.01
      Required ratio: 4046.20 (Side area) 
      Cumulative area ratio:   92.49
      Required ratio:    0.00 (Cumulative side area) 


  Pin:   _15755_/A0 (sky130_fd_sc_hd__mux2_1)
    Layer: mcon
      Partial area ratio:    0.23
      Required ratio:    3.00 (Gate area) 
      Cumulative area ratio:    0.23
      Required ratio:    0.00 (Cumulative area) 

    Layer: met1
      Partial area ratio:   10.18
      Required ratio:    0.00 (Gate area) 
      Cumulative area ratio:   10.18
      Required ratio:    0.00 (Cumulative area) 
      Partial area ratio:   49.48
      Required ratio:  400.00 (Side area) 
      Cumulative area ratio:   49.48
      Required ratio:    0.00 (Cumulative side area) 

    Layer: via
      Partial area ratio:    0.24
      Required ratio:    6.00 (Gate area) 
      Cumulative area ratio:    0.47
      Required ratio:    0.00 (Cumulative area) 

    Layer: met2
      Partial area ratio:    8.71
      Required ratio:    0.00 (Gate area) 
      Cumulative area ratio:   18.89
      Required ratio:    0.00 (Cumulative area) 
      Partial area ratio:   43.01
      Required ratio: 4046.20 (Side area) 
      Cumulative area ratio:   92.49
      Required ratio:    0.00 (Cumulative side area) 


  Pin:   _15788_/A1 (sky130_fd_sc_hd__mux2_1)
    Layer: mcon
      Partial area ratio:    0.23
      Required ratio:    3.00 (Gate area) 
      Cumulative area ratio:    0.23
      Required ratio:    0.00 (Cumulative area) 

    Layer: met1
      Partial area ratio:    8.85
      Required ratio:    0.00 (Gate area) 
      Cumulative area ratio:    8.85
      Required ratio:    0.00 (Cumulative area) 
      Partial area ratio:   42.39
      Required ratio:  400.00 (Side area) 
      Cumulative area ratio:   42.39
      Required ratio:    0.00 (Cumulative side area) 

    Layer: via
      Partial area ratio:    0.36
      Required ratio:    6.00 (Gate area) 
      Cumulative area ratio:    0.59
      Required ratio:    0.00 (Cumulative area) 

    Layer: met2
      Partial area ratio:    8.71
      Required ratio:    0.00 (Gate area) 
      Cumulative area ratio:   17.56
      Required ratio:    0.00 (Cumulative area) 
      Partial area ratio:   43.01
      Required ratio: 4046.20 (Side area) 
      Cumulative area ratio:   85.40
      Required ratio:    0.00 (Cumulative side area) 


  Pin:   _15821_/A0 (sky130_fd_sc_hd__mux2_1)
    Layer: mcon
      Partial area ratio:    0.23
      Required ratio:    3.00 (Gate area) 
      Cumulative area ratio:    0.23
      Required ratio:    0.00 (Cumulative area) 

    Layer: met1
      Partial area ratio:   10.82
      Required ratio:    0.00 (Gate area) 
      Cumulative area ratio:   10.82
      Required ratio:    0.00 (Cumulative area) 
      Partial area ratio:   52.25
      Required ratio:  400.00 (Side area) 
      Cumulative area ratio:   52.25
      Required ratio:    0.00 (Cumulative side area) 

    Layer: via
      Partial area ratio:    0.36
      Required ratio:    6.00 (Gate area) 
      Cumulative area ratio:    0.59
      Required ratio:    0.00 (Cumulative area) 

    Layer: met2
      Partial area ratio:    8.71
      Required ratio:    0.00 (Gate area) 
      Cumulative area ratio:   19.53
      Required ratio:    0.00 (Cumulative area) 
      Partial area ratio:   43.01
      Required ratio: 4046.20 (Side area) 
      Cumulative area ratio:   95.26
      Required ratio:    0.00 (Cumulative side area) 


  Pin:   _15854_/A1 (sky130_fd_sc_hd__mux2_1)
    Layer: mcon
      Partial area ratio:    0.23
      Required ratio:    3.00 (Gate area) 
      Cumulative area ratio:    0.23
      Required ratio:    0.00 (Cumulative area) 

    Layer: met1
      Partial area ratio:    4.04
      Required ratio:    0.00 (Gate area) 
      Cumulative area ratio:    4.04
      Required ratio:    0.00 (Cumulative area) 
      Partial area ratio:   18.72
      Required ratio:  400.00 (Side area) 
      Cumulative area ratio:   18.72
      Required ratio:    0.00 (Cumulative side area) 

    Layer: via
      Partial area ratio:    0.36
      Required ratio:    6.00 (Gate area) 
      Cumulative area ratio:    0.59
      Required ratio:    0.00 (Cumulative area) 

    Layer: met2
      Partial area ratio:    8.71
      Required ratio:    0.00 (Gate area) 
      Cumulative area ratio:   12.75
      Required ratio:    0.00 (Cumulative area) 
      Partial area ratio:   43.01
      Required ratio: 4046.20 (Side area) 
      Cumulative area ratio:   61.73
      Required ratio:    0.00 (Cumulative side area) 


  Pin:   _15887_/A1 (sky130_fd_sc_hd__mux2_1)
    Layer: mcon
      Partial area ratio:    0.23
      Required ratio:    3.00 (Gate area) 
      Cumulative area ratio:    0.23
      Required ratio:    0.00 (Cumulative area) 

    Layer: met1
      Partial area ratio:   20.54
      Required ratio:    0.00 (Gate area) 
      Cumulative area ratio:   20.54
      Required ratio:    0.00 (Cumulative area) 
      Partial area ratio:  100.96
      Required ratio:  400.00 (Side area) 
      Cumulative area ratio:  100.96
      Required ratio:    0.00 (Cumulative side area) 

    Layer: via
      Partial area ratio:    0.29
      Required ratio:    6.00 (Gate area) 
      Cumulative area ratio:    0.52
      Required ratio:    0.00 (Cumulative area) 

    Layer: met2
      Partial area ratio:    8.71
      Required ratio:    0.00 (Gate area) 
      Cumulative area ratio:   29.25
      Required ratio:    0.00 (Cumulative area) 
      Partial area ratio:   43.01
      Required ratio: 4046.20 (Side area) 
      Cumulative area ratio:  143.97
      Required ratio:    0.00 (Cumulative side area) 


  Pin:   _15920_/A1 (sky130_fd_sc_hd__mux2_1)
    Layer: mcon
      Partial area ratio:    0.23
      Required ratio:    3.00 (Gate area) 
      Cumulative area ratio:    0.23
      Required ratio:    0.00 (Cumulative area) 

    Layer: met1
      Partial area ratio:   10.82
      Required ratio:    0.00 (Gate area) 
      Cumulative area ratio:   10.82
      Required ratio:    0.00 (Cumulative area) 
      Partial area ratio:   52.25
      Required ratio:  400.00 (Side area) 
      Cumulative area ratio:   52.25
      Required ratio:    0.00 (Cumulative side area) 

    Layer: via
      Partial area ratio:    0.36
      Required ratio:    6.00 (Gate area) 
      Cumulative area ratio:    0.59
      Required ratio:    0.00 (Cumulative area) 

    Layer: met2
      Partial area ratio:    8.71
      Required ratio:    0.00 (Gate area) 
      Cumulative area ratio:   19.53
      Required ratio:    0.00 (Cumulative area) 
      Partial area ratio:   43.01
      Required ratio: 4046.20 (Side area) 
      Cumulative area ratio:   95.26
      Required ratio:    0.00 (Cumulative side area) 


  Pin:   _15953_/A0 (sky130_fd_sc_hd__mux2_1)
    Layer: mcon
      Partial area ratio:    0.23
      Required ratio:    3.00 (Gate area) 
      Cumulative area ratio:    0.23
      Required ratio:    0.00 (Cumulative area) 

    Layer: met1
      Partial area ratio:   20.54
      Required ratio:    0.00 (Gate area) 
      Cumulative area ratio:   20.54
      Required ratio:    0.00 (Cumulative area) 
      Partial area ratio:  100.96
      Required ratio:  400.00 (Side area) 
      Cumulative area ratio:  100.96
      Required ratio:    0.00 (Cumulative side area) 

    Layer: via
      Partial area ratio:    0.29
      Required ratio:    6.00 (Gate area) 
      Cumulative area ratio:    0.52
      Required ratio:    0.00 (Cumulative area) 

    Layer: met2
      Partial area ratio:    8.71
      Required ratio:    0.00 (Gate area) 
      Cumulative area ratio:   29.25
      Required ratio:    0.00 (Cumulative area) 
      Partial area ratio:   43.01
      Required ratio: 4046.20 (Side area) 
      Cumulative area ratio:  143.97
      Required ratio:    0.00 (Cumulative side area) 


  Pin:   _15986_/A0 (sky130_fd_sc_hd__mux2_1)
    Layer: mcon
      Partial area ratio:    0.23
      Required ratio:    3.00 (Gate area) 
      Cumulative area ratio:    0.23
      Required ratio:    0.00 (Cumulative area) 

    Layer: met1
      Partial area ratio:    9.65
      Required ratio:    0.00 (Gate area) 
      Cumulative area ratio:    9.65
      Required ratio:    0.00 (Cumulative area) 
      Partial area ratio:   46.56
      Required ratio:  400.00 (Side area) 
      Cumulative area ratio:   46.56
      Required ratio:    0.00 (Cumulative side area) 

    Layer: via
      Partial area ratio:    0.30
      Required ratio:    6.00 (Gate area) 
      Cumulative area ratio:    0.53
      Required ratio:    0.00 (Cumulative area) 

    Layer: met2
      Partial area ratio:    8.71
      Required ratio:    0.00 (Gate area) 
      Cumulative area ratio:   18.36
      Required ratio:    0.00 (Cumulative area) 
      Partial area ratio:   43.01
      Required ratio: 4046.20 (Side area) 
      Cumulative area ratio:   89.57
      Required ratio:    0.00 (Cumulative side area) 


  Pin:   _16019_/A1 (sky130_fd_sc_hd__mux2_1)
    Layer: mcon
      Partial area ratio:    0.23
      Required ratio:    3.00 (Gate area) 
      Cumulative area ratio:    0.23
      Required ratio:    0.00 (Cumulative area) 

    Layer: met1
      Partial area ratio:    0.66
      Required ratio:    0.00 (Gate area) 
      Cumulative area ratio:    0.66
      Required ratio:    0.00 (Cumulative area) 
      Partial area ratio:    3.22
      Required ratio:  400.00 (Side area) 
      Cumulative area ratio:    3.22
      Required ratio:    0.00 (Cumulative side area) 

    Layer: via
      Partial area ratio:    0.18
      Required ratio:    6.00 (Gate area) 
      Cumulative area ratio:    0.41
      Required ratio:    0.00 (Cumulative area) 

    Layer: met2
      Partial area ratio:    8.71
      Required ratio:    0.00 (Gate area) 
      Cumulative area ratio:    9.37
      Required ratio:    0.00 (Cumulative area) 
      Partial area ratio:   43.01
      Required ratio: 4046.20 (Side area) 
      Cumulative area ratio:   46.23
      Required ratio:    0.00 (Cumulative side area) 


  Pin:   _16052_/A1 (sky130_fd_sc_hd__mux2_1)
    Layer: mcon
      Partial area ratio:    0.23
      Required ratio:    3.00 (Gate area) 
      Cumulative area ratio:    0.23
      Required ratio:    0.00 (Cumulative area) 

    Layer: met1
      Partial area ratio:   20.54
      Required ratio:    0.00 (Gate area) 
      Cumulative area ratio:   20.54
      Required ratio:    0.00 (Cumulative area) 
      Partial area ratio:  100.96
      Required ratio:  400.00 (Side area) 
      Cumulative area ratio:  100.96
      Required ratio:    0.00 (Cumulative side area) 

    Layer: via
      Partial area ratio:    0.29
      Required ratio:    6.00 (Gate area) 
      Cumulative area ratio:    0.52
      Required ratio:    0.00 (Cumulative area) 

    Layer: met2
      Partial area ratio:    8.71
      Required ratio:    0.00 (Gate area) 
      Cumulative area ratio:   29.25
      Required ratio:    0.00 (Cumulative area) 
      Partial area ratio:   43.01
      Required ratio: 4046.20 (Side area) 
      Cumulative area ratio:  143.97
      Required ratio:    0.00 (Cumulative side area) 


  Pin:   _16085_/A1 (sky130_fd_sc_hd__mux2_1)
    Layer: mcon
      Partial area ratio:    0.23
      Required ratio:    3.00 (Gate area) 
      Cumulative area ratio:    0.23
      Required ratio:    0.00 (Cumulative area) 

    Layer: met1
      Partial area ratio:    7.83
      Required ratio:    0.00 (Gate area) 
      Cumulative area ratio:    7.83
      Required ratio:    0.00 (Cumulative area) 
      Partial area ratio:   37.67
      Required ratio:  400.00 (Side area) 
      Cumulative area ratio:   37.67
      Required ratio:    0.00 (Cumulative side area) 

    Layer: via
      Partial area ratio:    0.36
      Required ratio:    6.00 (Gate area) 
      Cumulative area ratio:    0.59
      Required ratio:    0.00 (Cumulative area) 

    Layer: met2
      Partial area ratio:    8.71
      Required ratio:    0.00 (Gate area) 
      Cumulative area ratio:   16.54
      Required ratio:    0.00 (Cumulative area) 
      Partial area ratio:   43.01
      Required ratio: 4046.20 (Side area) 
      Cumulative area ratio:   80.68
      Required ratio:    0.00 (Cumulative side area) 


  Pin:   _16118_/A1 (sky130_fd_sc_hd__mux2_1)
    Layer: mcon
      Partial area ratio:    0.23
      Required ratio:    3.00 (Gate area) 
      Cumulative area ratio:    0.23
      Required ratio:    0.00 (Cumulative area) 

    Layer: met1
      Partial area ratio:    8.85
      Required ratio:    0.00 (Gate area) 
      Cumulative area ratio:    8.85
      Required ratio:    0.00 (Cumulative area) 
      Partial area ratio:   42.39
      Required ratio:  400.00 (Side area) 
      Cumulative area ratio:   42.39
      Required ratio:    0.00 (Cumulative side area) 

    Layer: via
      Partial area ratio:    0.36
      Required ratio:    6.00 (Gate area) 
      Cumulative area ratio:    0.59
      Required ratio:    0.00 (Cumulative area) 

    Layer: met2
      Partial area ratio:    8.71
      Required ratio:    0.00 (Gate area) 
      Cumulative area ratio:   17.56
      Required ratio:    0.00 (Cumulative area) 
      Partial area ratio:   43.01
      Required ratio: 4046.20 (Side area) 
      Cumulative area ratio:   85.40
      Required ratio:    0.00 (Cumulative side area) 


  Pin:   _16151_/A1 (sky130_fd_sc_hd__mux2_1)
    Layer: mcon
      Partial area ratio:    0.23
      Required ratio:    3.00 (Gate area) 
      Cumulative area ratio:    0.23
      Required ratio:    0.00 (Cumulative area) 

    Layer: met1
      Partial area ratio:   46.06
      Required ratio:    0.00 (Gate area) 
      Cumulative area ratio:   46.06
      Required ratio:    0.00 (Cumulative area) 
      Partial area ratio:  228.61
      Required ratio:  400.00 (Side area) 
      Cumulative area ratio:  228.61
      Required ratio:    0.00 (Cumulative side area) 

    Layer: via
      Partial area ratio:    0.28
      Required ratio:    6.00 (Gate area) 
      Cumulative area ratio:    0.51
      Required ratio:    0.00 (Cumulative area) 

    Layer: met2
      Partial area ratio:    8.71
      Required ratio:    0.00 (Gate area) 
      Cumulative area ratio:   54.77
      Required ratio:    0.00 (Cumulative area) 
      Partial area ratio:   43.01
      Required ratio: 4046.20 (Side area) 
      Cumulative area ratio:  271.62
      Required ratio:    0.00 (Cumulative side area) 


  Pin:   _16184_/A0 (sky130_fd_sc_hd__mux2_1)
    Layer: mcon
      Partial area ratio:    0.23
      Required ratio:    3.00 (Gate area) 
      Cumulative area ratio:    0.23
      Required ratio:    0.00 (Cumulative area) 

    Layer: met1
      Partial area ratio:   11.20
      Required ratio:    0.00 (Gate area) 
      Cumulative area ratio:   11.20
      Required ratio:    0.00 (Cumulative area) 
      Partial area ratio:   54.56
      Required ratio:  400.00 (Side area) 
      Cumulative area ratio:   54.56
      Required ratio:    0.00 (Cumulative side area) 

    Layer: via
      Partial area ratio:    0.27
      Required ratio:    6.00 (Gate area) 
      Cumulative area ratio:    0.50
      Required ratio:    0.00 (Cumulative area) 

    Layer: met2
      Partial area ratio:    8.71
      Required ratio:    0.00 (Gate area) 
      Cumulative area ratio:   19.91
      Required ratio:    0.00 (Cumulative area) 
      Partial area ratio:   43.01
      Required ratio: 4046.20 (Side area) 
      Cumulative area ratio:   97.57
      Required ratio:    0.00 (Cumulative side area) 


  Pin:   _16218_/A1 (sky130_fd_sc_hd__mux2_1)
    Layer: mcon
      Partial area ratio:    0.23
      Required ratio:    3.00 (Gate area) 
      Cumulative area ratio:    0.23
      Required ratio:    0.00 (Cumulative area) 

    Layer: met1
      Partial area ratio:   14.28
      Required ratio:    0.00 (Gate area) 
      Cumulative area ratio:   14.28
      Required ratio:    0.00 (Cumulative area) 
      Partial area ratio:   69.64
      Required ratio:  400.00 (Side area) 
      Cumulative area ratio:   69.64
      Required ratio:    0.00 (Cumulative side area) 

    Layer: via
      Partial area ratio:    0.29
      Required ratio:    6.00 (Gate area) 
      Cumulative area ratio:    0.52
      Required ratio:    0.00 (Cumulative area) 

    Layer: met2
      Partial area ratio:    8.71
      Required ratio:    0.00 (Gate area) 
      Cumulative area ratio:   22.99
      Required ratio:    0.00 (Cumulative area) 
      Partial area ratio:   43.01
      Required ratio: 4046.20 (Side area) 
      Cumulative area ratio:  112.66
      Required ratio:    0.00 (Cumulative side area) 


  Pin:   _16251_/A1 (sky130_fd_sc_hd__mux2_1)
    Layer: mcon
      Partial area ratio:    0.23
      Required ratio:    3.00 (Gate area) 
      Cumulative area ratio:    0.23
      Required ratio:    0.00 (Cumulative area) 

    Layer: met1
      Partial area ratio:    3.01
      Required ratio:    0.00 (Gate area) 
      Cumulative area ratio:    3.01
      Required ratio:    0.00 (Cumulative area) 
      Partial area ratio:   13.56
      Required ratio:  400.00 (Side area) 
      Cumulative area ratio:   13.56
      Required ratio:    0.00 (Cumulative side area) 

    Layer: via
      Partial area ratio:    0.36
      Required ratio:    6.00 (Gate area) 
      Cumulative area ratio:    0.59
      Required ratio:    0.00 (Cumulative area) 

    Layer: met2
      Partial area ratio:    8.71
      Required ratio:    0.00 (Gate area) 
      Cumulative area ratio:   11.71
      Required ratio:    0.00 (Cumulative area) 
      Partial area ratio:   43.01
      Required ratio: 4046.20 (Side area) 
      Cumulative area ratio:   56.57
      Required ratio:    0.00 (Cumulative side area) 


  Pin:   _16285_/A1 (sky130_fd_sc_hd__mux2_1)
    Layer: mcon
      Partial area ratio:    0.23
      Required ratio:    3.00 (Gate area) 
      Cumulative area ratio:    0.23
      Required ratio:    0.00 (Cumulative area) 

    Layer: met1
      Partial area ratio:   11.58
      Required ratio:    0.00 (Gate area) 
      Cumulative area ratio:   11.58
      Required ratio:    0.00 (Cumulative area) 
      Partial area ratio:   56.20
      Required ratio:  400.00 (Side area) 
      Cumulative area ratio:   56.20
      Required ratio:    0.00 (Cumulative side area) 

    Layer: via
      Partial area ratio:    0.30
      Required ratio:    6.00 (Gate area) 
      Cumulative area ratio:    0.53
      Required ratio:    0.00 (Cumulative area) 

    Layer: met2
      Partial area ratio:    8.71
      Required ratio:    0.00 (Gate area) 
      Cumulative area ratio:   20.29
      Required ratio:    0.00 (Cumulative area) 
      Partial area ratio:   43.01
      Required ratio: 4046.20 (Side area) 
      Cumulative area ratio:   99.22
      Required ratio:    0.00 (Cumulative side area) 


  Pin:   _16318_/A1 (sky130_fd_sc_hd__mux2_1)
    Layer: mcon
      Partial area ratio:    0.23
      Required ratio:    3.00 (Gate area) 
      Cumulative area ratio:    0.23
      Required ratio:    0.00 (Cumulative area) 

    Layer: met1
      Partial area ratio:   14.28
      Required ratio:    0.00 (Gate area) 
      Cumulative area ratio:   14.28
      Required ratio:    0.00 (Cumulative area) 
      Partial area ratio:   69.64
      Required ratio:  400.00 (Side area) 
      Cumulative area ratio:   69.64
      Required ratio:    0.00 (Cumulative side area) 

    Layer: via
      Partial area ratio:    0.29
      Required ratio:    6.00 (Gate area) 
      Cumulative area ratio:    0.52
      Required ratio:    0.00 (Cumulative area) 

    Layer: met2
      Partial area ratio:    8.71
      Required ratio:    0.00 (Gate area) 
      Cumulative area ratio:   22.99
      Required ratio:    0.00 (Cumulative area) 
      Partial area ratio:   43.01
      Required ratio: 4046.20 (Side area) 
      Cumulative area ratio:  112.66
      Required ratio:    0.00 (Cumulative side area) 


  Pin:   _16351_/A0 (sky130_fd_sc_hd__mux2_1)
    Layer: mcon
      Partial area ratio:    0.23
      Required ratio:    3.00 (Gate area) 
      Cumulative area ratio:    0.23
      Required ratio:    0.00 (Cumulative area) 

    Layer: met1
      Partial area ratio:   14.28
      Required ratio:    0.00 (Gate area) 
      Cumulative area ratio:   14.28
      Required ratio:    0.00 (Cumulative area) 
      Partial area ratio:   69.64
      Required ratio:  400.00 (Side area) 
      Cumulative area ratio:   69.64
      Required ratio:    0.00 (Cumulative side area) 

    Layer: via
      Partial area ratio:    0.29
      Required ratio:    6.00 (Gate area) 
      Cumulative area ratio:    0.52
      Required ratio:    0.00 (Cumulative area) 

    Layer: met2
      Partial area ratio:    8.71
      Required ratio:    0.00 (Gate area) 
      Cumulative area ratio:   22.99
      Required ratio:    0.00 (Cumulative area) 
      Partial area ratio:   43.01
      Required ratio: 4046.20 (Side area) 
      Cumulative area ratio:  112.66
      Required ratio:    0.00 (Cumulative side area) 


  Pin:   _16384_/A0 (sky130_fd_sc_hd__mux2_1)
    Layer: mcon
      Partial area ratio:    0.23
      Required ratio:    3.00 (Gate area) 
      Cumulative area ratio:    0.23
      Required ratio:    0.00 (Cumulative area) 

    Layer: met1
      Partial area ratio:   11.04
      Required ratio:    0.00 (Gate area) 
      Cumulative area ratio:   11.04
      Required ratio:    0.00 (Cumulative area) 
      Partial area ratio:   53.73
      Required ratio:  400.00 (Side area) 
      Cumulative area ratio:   53.73
      Required ratio:    0.00 (Cumulative side area) 

    Layer: via
      Partial area ratio:    0.36
      Required ratio:    6.00 (Gate area) 
      Cumulative area ratio:    0.59
      Required ratio:    0.00 (Cumulative area) 

    Layer: met2
      Partial area ratio:    8.71
      Required ratio:    0.00 (Gate area) 
      Cumulative area ratio:   19.75
      Required ratio:    0.00 (Cumulative area) 
      Partial area ratio:   43.01
      Required ratio: 4046.20 (Side area) 
      Cumulative area ratio:   96.74
      Required ratio:    0.00 (Cumulative side area) 


  Pin:   _16418_/A0 (sky130_fd_sc_hd__mux2_1)
    Layer: mcon
      Partial area ratio:    0.23
      Required ratio:    3.00 (Gate area) 
      Cumulative area ratio:    0.23
      Required ratio:    0.00 (Cumulative area) 

    Layer: met1
      Partial area ratio:    8.18
      Required ratio:    0.00 (Gate area) 
      Cumulative area ratio:    8.18
      Required ratio:    0.00 (Cumulative area) 
      Partial area ratio:   39.29
      Required ratio:  400.00 (Side area) 
      Cumulative area ratio:   39.29
      Required ratio:    0.00 (Cumulative side area) 

    Layer: via
      Partial area ratio:    0.27
      Required ratio:    6.00 (Gate area) 
      Cumulative area ratio:    0.50
      Required ratio:    0.00 (Cumulative area) 

    Layer: met2
      Partial area ratio:    8.71
      Required ratio:    0.00 (Gate area) 
      Cumulative area ratio:   16.89
      Required ratio:    0.00 (Cumulative area) 
      Partial area ratio:   43.01
      Required ratio: 4046.20 (Side area) 
      Cumulative area ratio:   82.30
      Required ratio:    0.00 (Cumulative side area) 


  Pin:   _16451_/A1 (sky130_fd_sc_hd__mux2_1)
    Layer: mcon
      Partial area ratio:    0.23
      Required ratio:    3.00 (Gate area) 
      Cumulative area ratio:    0.23
      Required ratio:    0.00 (Cumulative area) 

    Layer: met1
      Partial area ratio:    7.63
      Required ratio:    0.00 (Gate area) 
      Cumulative area ratio:    7.63
      Required ratio:    0.00 (Cumulative area) 
      Partial area ratio:   36.72
      Required ratio:  400.00 (Side area) 
      Cumulative area ratio:   36.72
      Required ratio:    0.00 (Cumulative side area) 

    Layer: via
      Partial area ratio:    0.27
      Required ratio:    6.00 (Gate area) 
      Cumulative area ratio:    0.50
      Required ratio:    0.00 (Cumulative area) 

    Layer: met2
      Partial area ratio:    8.71
      Required ratio:    0.00 (Gate area) 
      Cumulative area ratio:   16.34
      Required ratio:    0.00 (Cumulative area) 
      Partial area ratio:   43.01
      Required ratio: 4046.20 (Side area) 
      Cumulative area ratio:   79.73
      Required ratio:    0.00 (Cumulative side area) 


  Pin:   _16484_/A0 (sky130_fd_sc_hd__mux2_1)
    Layer: mcon
      Partial area ratio:    0.23
      Required ratio:    3.00 (Gate area) 
      Cumulative area ratio:    0.23
      Required ratio:    0.00 (Cumulative area) 

    Layer: met1
      Partial area ratio:   28.50
      Required ratio:    0.00 (Gate area) 
      Cumulative area ratio:   28.50
      Required ratio:    0.00 (Cumulative area) 
      Partial area ratio:  140.49
      Required ratio:  400.00 (Side area) 
      Cumulative area ratio:  140.49
      Required ratio:    0.00 (Cumulative side area) 

    Layer: via
      Partial area ratio:    0.36
      Required ratio:    6.00 (Gate area) 
      Cumulative area ratio:    0.59
      Required ratio:    0.00 (Cumulative area) 

    Layer: met2
      Partial area ratio:    8.71
      Required ratio:    0.00 (Gate area) 
      Cumulative area ratio:   37.20
      Required ratio:    0.00 (Cumulative area) 
      Partial area ratio:   43.01
      Required ratio: 4046.20 (Side area) 
      Cumulative area ratio:  183.50
      Required ratio:    0.00 (Cumulative side area) 


  Pin:   _16518_/A1 (sky130_fd_sc_hd__mux2_1)
    Layer: mcon
      Partial area ratio:    0.23
      Required ratio:    3.00 (Gate area) 
      Cumulative area ratio:    0.23
      Required ratio:    0.00 (Cumulative area) 

    Layer: met1
      Partial area ratio:    7.40
      Required ratio:    0.00 (Gate area) 
      Cumulative area ratio:    7.40
      Required ratio:    0.00 (Cumulative area) 
      Partial area ratio:   35.58
      Required ratio:  400.00 (Side area) 
      Cumulative area ratio:   35.58
      Required ratio:    0.00 (Cumulative side area) 

    Layer: via
      Partial area ratio:    0.24
      Required ratio:    6.00 (Gate area) 
      Cumulative area ratio:    0.47
      Required ratio:    0.00 (Cumulative area) 

    Layer: met2
      Partial area ratio:    8.71
      Required ratio:    0.00 (Gate area) 
      Cumulative area ratio:   16.11
      Required ratio:    0.00 (Cumulative area) 
      Partial area ratio:   43.01
      Required ratio: 4046.20 (Side area) 
      Cumulative area ratio:   78.59
      Required ratio:    0.00 (Cumulative side area) 


  Pin:   _16551_/A1 (sky130_fd_sc_hd__mux2_1)
    Layer: mcon
      Partial area ratio:    0.23
      Required ratio:    3.00 (Gate area) 
      Cumulative area ratio:    0.23
      Required ratio:    0.00 (Cumulative area) 

    Layer: met1
      Partial area ratio:    7.40
      Required ratio:    0.00 (Gate area) 
      Cumulative area ratio:    7.40
      Required ratio:    0.00 (Cumulative area) 
      Partial area ratio:   35.58
      Required ratio:  400.00 (Side area) 
      Cumulative area ratio:   35.58
      Required ratio:    0.00 (Cumulative side area) 

    Layer: via
      Partial area ratio:    0.24
      Required ratio:    6.00 (Gate area) 
      Cumulative area ratio:    0.47
      Required ratio:    0.00 (Cumulative area) 

    Layer: met2
      Partial area ratio:    8.71
      Required ratio:    0.00 (Gate area) 
      Cumulative area ratio:   16.11
      Required ratio:    0.00 (Cumulative area) 
      Partial area ratio:   43.01
      Required ratio: 4046.20 (Side area) 
      Cumulative area ratio:   78.59
      Required ratio:    0.00 (Cumulative side area) 


  Pin:   _16584_/A0 (sky130_fd_sc_hd__mux2_1)
    Layer: mcon
      Partial area ratio:    0.23
      Required ratio:    3.00 (Gate area) 
      Cumulative area ratio:    0.23
      Required ratio:    0.00 (Cumulative area) 

    Layer: met1
      Partial area ratio:    7.40
      Required ratio:    0.00 (Gate area) 
      Cumulative area ratio:    7.40
      Required ratio:    0.00 (Cumulative area) 
      Partial area ratio:   35.58
      Required ratio:  400.00 (Side area) 
      Cumulative area ratio:   35.58
      Required ratio:    0.00 (Cumulative side area) 

    Layer: via
      Partial area ratio:    0.24
      Required ratio:    6.00 (Gate area) 
      Cumulative area ratio:    0.47
      Required ratio:    0.00 (Cumulative area) 

    Layer: met2
      Partial area ratio:    8.71
      Required ratio:    0.00 (Gate area) 
      Cumulative area ratio:   16.11
      Required ratio:    0.00 (Cumulative area) 
      Partial area ratio:   43.01
      Required ratio: 4046.20 (Side area) 
      Cumulative area ratio:   78.59
      Required ratio:    0.00 (Cumulative side area) 


  Pin:   _16617_/A0 (sky130_fd_sc_hd__mux2_1)
    Layer: mcon
      Partial area ratio:    0.23
      Required ratio:    3.00 (Gate area) 
      Cumulative area ratio:    0.23
      Required ratio:    0.00 (Cumulative area) 

    Layer: met1
      Partial area ratio:    6.79
      Required ratio:    0.00 (Gate area) 
      Cumulative area ratio:    6.79
      Required ratio:    0.00 (Cumulative area) 
      Partial area ratio:   32.52
      Required ratio:  400.00 (Side area) 
      Cumulative area ratio:   32.52
      Required ratio:    0.00 (Cumulative side area) 

    Layer: via
      Partial area ratio:    0.27
      Required ratio:    6.00 (Gate area) 
      Cumulative area ratio:    0.50
      Required ratio:    0.00 (Cumulative area) 

    Layer: met2
      Partial area ratio:    8.71
      Required ratio:    0.00 (Gate area) 
      Cumulative area ratio:   15.50
      Required ratio:    0.00 (Cumulative area) 
      Partial area ratio:   43.01
      Required ratio: 4046.20 (Side area) 
      Cumulative area ratio:   75.53
      Required ratio:    0.00 (Cumulative side area) 


  Pin:   _16650_/A1 (sky130_fd_sc_hd__mux2_1)
    Layer: mcon
      Partial area ratio:    0.23
      Required ratio:    3.00 (Gate area) 
      Cumulative area ratio:    0.23
      Required ratio:    0.00 (Cumulative area) 

    Layer: met1
      Partial area ratio:   28.41
      Required ratio:    0.00 (Gate area) 
      Cumulative area ratio:   28.41
      Required ratio:    0.00 (Cumulative area) 
      Partial area ratio:  140.08
      Required ratio:  400.00 (Side area) 
      Cumulative area ratio:  140.08
      Required ratio:    0.00 (Cumulative side area) 

    Layer: via
      Partial area ratio:    0.34
      Required ratio:    6.00 (Gate area) 
      Cumulative area ratio:    0.57
      Required ratio:    0.00 (Cumulative area) 

    Layer: met2
      Partial area ratio:    8.71
      Required ratio:    0.00 (Gate area) 
      Cumulative area ratio:   37.12
      Required ratio:    0.00 (Cumulative area) 
      Partial area ratio:   43.01
      Required ratio: 4046.20 (Side area) 
      Cumulative area ratio:  183.09
      Required ratio:    0.00 (Cumulative side area) 


  Pin:   _16683_/A1 (sky130_fd_sc_hd__mux2_1)
    Layer: mcon
      Partial area ratio:    0.23
      Required ratio:    3.00 (Gate area) 
      Cumulative area ratio:    0.23
      Required ratio:    0.00 (Cumulative area) 

    Layer: met1
      Partial area ratio:   28.41
      Required ratio:    0.00 (Gate area) 
      Cumulative area ratio:   28.41
      Required ratio:    0.00 (Cumulative area) 
      Partial area ratio:  140.08
      Required ratio:  400.00 (Side area) 
      Cumulative area ratio:  140.08
      Required ratio:    0.00 (Cumulative side area) 

    Layer: via
      Partial area ratio:    0.34
      Required ratio:    6.00 (Gate area) 
      Cumulative area ratio:    0.57
      Required ratio:    0.00 (Cumulative area) 

    Layer: met2
      Partial area ratio:    8.71
      Required ratio:    0.00 (Gate area) 
      Cumulative area ratio:   37.12
      Required ratio:    0.00 (Cumulative area) 
      Partial area ratio:   43.01
      Required ratio: 4046.20 (Side area) 
      Cumulative area ratio:  183.09
      Required ratio:    0.00 (Cumulative side area) 


  Pin:   _16716_/A1 (sky130_fd_sc_hd__mux2_1)
    Layer: mcon
      Partial area ratio:    0.23
      Required ratio:    3.00 (Gate area) 
      Cumulative area ratio:    0.23
      Required ratio:    0.00 (Cumulative area) 

    Layer: met1
      Partial area ratio:   27.88
      Required ratio:    0.00 (Gate area) 
      Cumulative area ratio:   27.88
      Required ratio:    0.00 (Cumulative area) 
      Partial area ratio:  137.11
      Required ratio:  400.00 (Side area) 
      Cumulative area ratio:  137.11
      Required ratio:    0.00 (Cumulative side area) 

    Layer: via
      Partial area ratio:    0.42
      Required ratio:    6.00 (Gate area) 
      Cumulative area ratio:    0.65
      Required ratio:    0.00 (Cumulative area) 

    Layer: met2
      Partial area ratio:    8.71
      Required ratio:    0.00 (Gate area) 
      Cumulative area ratio:   36.59
      Required ratio:    0.00 (Cumulative area) 
      Partial area ratio:   43.01
      Required ratio: 4046.20 (Side area) 
      Cumulative area ratio:  180.12
      Required ratio:    0.00 (Cumulative side area) 


  Pin:   _16749_/A1 (sky130_fd_sc_hd__mux2_1)
    Layer: mcon
      Partial area ratio:    0.23
      Required ratio:    3.00 (Gate area) 
      Cumulative area ratio:    0.23
      Required ratio:    0.00 (Cumulative area) 

    Layer: met1
      Partial area ratio:   28.41
      Required ratio:    0.00 (Gate area) 
      Cumulative area ratio:   28.41
      Required ratio:    0.00 (Cumulative area) 
      Partial area ratio:  140.08
      Required ratio:  400.00 (Side area) 
      Cumulative area ratio:  140.08
      Required ratio:    0.00 (Cumulative side area) 

    Layer: via
      Partial area ratio:    0.34
      Required ratio:    6.00 (Gate area) 
      Cumulative area ratio:    0.57
      Required ratio:    0.00 (Cumulative area) 

    Layer: met2
      Partial area ratio:    8.71
      Required ratio:    0.00 (Gate area) 
      Cumulative area ratio:   37.12
      Required ratio:    0.00 (Cumulative area) 
      Partial area ratio:   43.01
      Required ratio: 4046.20 (Side area) 
      Cumulative area ratio:  183.09
      Required ratio:    0.00 (Cumulative side area) 


  Pin:   _16782_/A1 (sky130_fd_sc_hd__mux2_1)
    Layer: mcon
      Partial area ratio:    0.23
      Required ratio:    3.00 (Gate area) 
      Cumulative area ratio:    0.23
      Required ratio:    0.00 (Cumulative area) 

    Layer: met1
      Partial area ratio:    5.65
      Required ratio:    0.00 (Gate area) 
      Cumulative area ratio:    5.65
      Required ratio:    0.00 (Cumulative area) 
      Partial area ratio:   26.78
      Required ratio:  400.00 (Side area) 
      Cumulative area ratio:   26.78
      Required ratio:    0.00 (Cumulative side area) 

    Layer: via
      Partial area ratio:    0.36
      Required ratio:    6.00 (Gate area) 
      Cumulative area ratio:    0.59
      Required ratio:    0.00 (Cumulative area) 

    Layer: met2
      Partial area ratio:    8.71
      Required ratio:    0.00 (Gate area) 
      Cumulative area ratio:   14.36
      Required ratio:    0.00 (Cumulative area) 
      Partial area ratio:   43.01
      Required ratio: 4046.20 (Side area) 
      Cumulative area ratio:   69.79
      Required ratio:    0.00 (Cumulative side area) 


  Pin:   _16815_/A1 (sky130_fd_sc_hd__mux2_1)
    Layer: mcon
      Partial area ratio:    0.23
      Required ratio:    3.00 (Gate area) 
      Cumulative area ratio:    0.23
      Required ratio:    0.00 (Cumulative area) 

    Layer: met1
      Partial area ratio:    3.23
      Required ratio:    0.00 (Gate area) 
      Cumulative area ratio:    3.23
      Required ratio:    0.00 (Cumulative area) 
      Partial area ratio:   15.11
      Required ratio:  400.00 (Side area) 
      Cumulative area ratio:   15.11
      Required ratio:    0.00 (Cumulative side area) 

    Layer: via
      Partial area ratio:    0.29
      Required ratio:    6.00 (Gate area) 
      Cumulative area ratio:    0.52
      Required ratio:    0.00 (Cumulative area) 

    Layer: met2
      Partial area ratio:    8.71
      Required ratio:    0.00 (Gate area) 
      Cumulative area ratio:   11.94
      Required ratio:    0.00 (Cumulative area) 
      Partial area ratio:   43.01
      Required ratio: 4046.20 (Side area) 
      Cumulative area ratio:   58.12
      Required ratio:    0.00 (Cumulative side area) 


  Pin:   _16848_/A0 (sky130_fd_sc_hd__mux2_1)
    Layer: mcon
      Partial area ratio:    0.23
      Required ratio:    3.00 (Gate area) 
      Cumulative area ratio:    0.23
      Required ratio:    0.00 (Cumulative area) 

    Layer: met1
      Partial area ratio:   14.28
      Required ratio:    0.00 (Gate area) 
      Cumulative area ratio:   14.28
      Required ratio:    0.00 (Cumulative area) 
      Partial area ratio:   69.64
      Required ratio:  400.00 (Side area) 
      Cumulative area ratio:   69.64
      Required ratio:    0.00 (Cumulative side area) 

    Layer: via
      Partial area ratio:    0.29
      Required ratio:    6.00 (Gate area) 
      Cumulative area ratio:    0.52
      Required ratio:    0.00 (Cumulative area) 

    Layer: met2
      Partial area ratio:    8.71
      Required ratio:    0.00 (Gate area) 
      Cumulative area ratio:   22.99
      Required ratio:    0.00 (Cumulative area) 
      Partial area ratio:   43.01
      Required ratio: 4046.20 (Side area) 
      Cumulative area ratio:  112.66
      Required ratio:    0.00 (Cumulative side area) 


  Pin:   _16881_/A0 (sky130_fd_sc_hd__mux2_1)
    Layer: li1
      Partial area ratio:    0.01
      Required ratio:    0.00 (Gate area) 
      Cumulative area ratio:    0.01
      Required ratio:    0.00 (Cumulative area) 
      Partial area ratio:    0.28
      Required ratio:   75.00 (Side area) 
      Cumulative area ratio:    0.28
      Required ratio:    0.00 (Cumulative side area) 

    Layer: mcon
      Partial area ratio:    0.23
      Required ratio:    3.00 (Gate area) 
      Cumulative area ratio:    0.23
      Required ratio:    0.00 (Cumulative area) 

    Layer: met1
      Partial area ratio:   10.25
      Required ratio:    0.00 (Gate area) 
      Cumulative area ratio:   10.26
      Required ratio:    0.00 (Cumulative area) 
      Partial area ratio:   49.78
      Required ratio:  400.00 (Side area) 
      Cumulative area ratio:   50.06
      Required ratio:    0.00 (Cumulative side area) 

    Layer: via
      Partial area ratio:    0.27
      Required ratio:    6.00 (Gate area) 
      Cumulative area ratio:    0.50
      Required ratio:    0.00 (Cumulative area) 

    Layer: met2
      Partial area ratio:    8.71
      Required ratio:    0.00 (Gate area) 
      Cumulative area ratio:   18.97
      Required ratio:    0.00 (Cumulative area) 
      Partial area ratio:   43.01
      Required ratio: 4046.20 (Side area) 
      Cumulative area ratio:   93.07
      Required ratio:    0.00 (Cumulative side area) 


  Pin:   _16914_/A0 (sky130_fd_sc_hd__mux2_1)
    Layer: mcon
      Partial area ratio:    0.23
      Required ratio:    3.00 (Gate area) 
      Cumulative area ratio:    0.23
      Required ratio:    0.00 (Cumulative area) 

    Layer: met1
      Partial area ratio:    3.04
      Required ratio:    0.00 (Gate area) 
      Cumulative area ratio:    3.04
      Required ratio:    0.00 (Cumulative area) 
      Partial area ratio:   14.32
      Required ratio:  400.00 (Side area) 
      Cumulative area ratio:   14.32
      Required ratio:    0.00 (Cumulative side area) 

    Layer: via
      Partial area ratio:    0.25
      Required ratio:    6.00 (Gate area) 
      Cumulative area ratio:    0.48
      Required ratio:    0.00 (Cumulative area) 

    Layer: met2
      Partial area ratio:    8.71
      Required ratio:    0.00 (Gate area) 
      Cumulative area ratio:   11.75
      Required ratio:    0.00 (Cumulative area) 
      Partial area ratio:   43.01
      Required ratio: 4046.20 (Side area) 
      Cumulative area ratio:   57.33
      Required ratio:    0.00 (Cumulative side area) 


  Pin:   _16947_/A1 (sky130_fd_sc_hd__mux2_1)
    Layer: mcon
      Partial area ratio:    0.23
      Required ratio:    3.00 (Gate area) 
      Cumulative area ratio:    0.23
      Required ratio:    0.00 (Cumulative area) 

    Layer: met1
      Partial area ratio:   10.25
      Required ratio:    0.00 (Gate area) 
      Cumulative area ratio:   10.25
      Required ratio:    0.00 (Cumulative area) 
      Partial area ratio:   49.78
      Required ratio:  400.00 (Side area) 
      Cumulative area ratio:   49.78
      Required ratio:    0.00 (Cumulative side area) 

    Layer: via
      Partial area ratio:    0.27
      Required ratio:    6.00 (Gate area) 
      Cumulative area ratio:    0.50
      Required ratio:    0.00 (Cumulative area) 

    Layer: met2
      Partial area ratio:    8.71
      Required ratio:    0.00 (Gate area) 
      Cumulative area ratio:   18.96
      Required ratio:    0.00 (Cumulative area) 
      Partial area ratio:   43.01
      Required ratio: 4046.20 (Side area) 
      Cumulative area ratio:   92.79
      Required ratio:    0.00 (Cumulative side area) 


  Pin:   _16980_/A0 (sky130_fd_sc_hd__mux2_1)
    Layer: mcon
      Partial area ratio:    0.23
      Required ratio:    3.00 (Gate area) 
      Cumulative area ratio:    0.23
      Required ratio:    0.00 (Cumulative area) 

    Layer: met1
      Partial area ratio:   10.90
      Required ratio:    0.00 (Gate area) 
      Cumulative area ratio:   10.90
      Required ratio:    0.00 (Cumulative area) 
      Partial area ratio:   52.65
      Required ratio:  400.00 (Side area) 
      Cumulative area ratio:   52.65
      Required ratio:    0.00 (Cumulative side area) 

    Layer: via
      Partial area ratio:    0.36
      Required ratio:    6.00 (Gate area) 
      Cumulative area ratio:    0.59
      Required ratio:    0.00 (Cumulative area) 

    Layer: met2
      Partial area ratio:    8.71
      Required ratio:    0.00 (Gate area) 
      Cumulative area ratio:   19.61
      Required ratio:    0.00 (Cumulative area) 
      Partial area ratio:   43.01
      Required ratio: 4046.20 (Side area) 
      Cumulative area ratio:   95.66
      Required ratio:    0.00 (Cumulative side area) 


  Pin:   _17013_/A0 (sky130_fd_sc_hd__mux2_1)
    Layer: mcon
      Partial area ratio:    0.23
      Required ratio:    3.00 (Gate area) 
      Cumulative area ratio:    0.23
      Required ratio:    0.00 (Cumulative area) 

    Layer: met1
      Partial area ratio:   14.28
      Required ratio:    0.00 (Gate area) 
      Cumulative area ratio:   14.28
      Required ratio:    0.00 (Cumulative area) 
      Partial area ratio:   69.64
      Required ratio:  400.00 (Side area) 
      Cumulative area ratio:   69.64
      Required ratio:    0.00 (Cumulative side area) 

    Layer: via
      Partial area ratio:    0.29
      Required ratio:    6.00 (Gate area) 
      Cumulative area ratio:    0.52
      Required ratio:    0.00 (Cumulative area) 

    Layer: met2
      Partial area ratio:    8.71
      Required ratio:    0.00 (Gate area) 
      Cumulative area ratio:   22.99
      Required ratio:    0.00 (Cumulative area) 
      Partial area ratio:   43.01
      Required ratio: 4046.20 (Side area) 
      Cumulative area ratio:  112.66
      Required ratio:    0.00 (Cumulative side area) 


  Pin:   _17046_/A0 (sky130_fd_sc_hd__mux2_1)
    Layer: mcon
      Partial area ratio:    0.23
      Required ratio:    3.00 (Gate area) 
      Cumulative area ratio:    0.23
      Required ratio:    0.00 (Cumulative area) 

    Layer: met1
      Partial area ratio:   10.25
      Required ratio:    0.00 (Gate area) 
      Cumulative area ratio:   10.25
      Required ratio:    0.00 (Cumulative area) 
      Partial area ratio:   49.78
      Required ratio:  400.00 (Side area) 
      Cumulative area ratio:   49.78
      Required ratio:    0.00 (Cumulative side area) 

    Layer: via
      Partial area ratio:    0.27
      Required ratio:    6.00 (Gate area) 
      Cumulative area ratio:    0.50
      Required ratio:    0.00 (Cumulative area) 

    Layer: met2
      Partial area ratio:    8.71
      Required ratio:    0.00 (Gate area) 
      Cumulative area ratio:   18.96
      Required ratio:    0.00 (Cumulative area) 
      Partial area ratio:   43.01
      Required ratio: 4046.20 (Side area) 
      Cumulative area ratio:   92.79
      Required ratio:    0.00 (Cumulative side area) 


  Pin:   _17079_/A0 (sky130_fd_sc_hd__mux2_1)
    Layer: mcon
      Partial area ratio:    0.23
      Required ratio:    3.00 (Gate area) 
      Cumulative area ratio:    0.23
      Required ratio:    0.00 (Cumulative area) 

    Layer: met1
      Partial area ratio:   27.88
      Required ratio:    0.00 (Gate area) 
      Cumulative area ratio:   27.88
      Required ratio:    0.00 (Cumulative area) 
      Partial area ratio:  137.11
      Required ratio:  400.00 (Side area) 
      Cumulative area ratio:  137.11
      Required ratio:    0.00 (Cumulative side area) 

    Layer: via
      Partial area ratio:    0.42
      Required ratio:    6.00 (Gate area) 
      Cumulative area ratio:    0.65
      Required ratio:    0.00 (Cumulative area) 

    Layer: met2
      Partial area ratio:    8.71
      Required ratio:    0.00 (Gate area) 
      Cumulative area ratio:   36.59
      Required ratio:    0.00 (Cumulative area) 
      Partial area ratio:   43.01
      Required ratio: 4046.20 (Side area) 
      Cumulative area ratio:  180.12
      Required ratio:    0.00 (Cumulative side area) 


  Pin:   _17112_/A0 (sky130_fd_sc_hd__mux2_1)
    Layer: mcon
      Partial area ratio:    0.23
      Required ratio:    3.00 (Gate area) 
      Cumulative area ratio:    0.23
      Required ratio:    0.00 (Cumulative area) 

    Layer: met1
      Partial area ratio:   11.58
      Required ratio:    0.00 (Gate area) 
      Cumulative area ratio:   11.58
      Required ratio:    0.00 (Cumulative area) 
      Partial area ratio:   56.20
      Required ratio:  400.00 (Side area) 
      Cumulative area ratio:   56.20
      Required ratio:    0.00 (Cumulative side area) 

    Layer: via
      Partial area ratio:    0.30
      Required ratio:    6.00 (Gate area) 
      Cumulative area ratio:    0.53
      Required ratio:    0.00 (Cumulative area) 

    Layer: met2
      Partial area ratio:    8.71
      Required ratio:    0.00 (Gate area) 
      Cumulative area ratio:   20.29
      Required ratio:    0.00 (Cumulative area) 
      Partial area ratio:   43.01
      Required ratio: 4046.20 (Side area) 
      Cumulative area ratio:   99.22
      Required ratio:    0.00 (Cumulative side area) 


  Pin:   _17145_/A0 (sky130_fd_sc_hd__mux2_1)
    Layer: mcon
      Partial area ratio:    0.23
      Required ratio:    3.00 (Gate area) 
      Cumulative area ratio:    0.23
      Required ratio:    0.00 (Cumulative area) 

    Layer: met1
      Partial area ratio:   11.58
      Required ratio:    0.00 (Gate area) 
      Cumulative area ratio:   11.58
      Required ratio:    0.00 (Cumulative area) 
      Partial area ratio:   56.20
      Required ratio:  400.00 (Side area) 
      Cumulative area ratio:   56.20
      Required ratio:    0.00 (Cumulative side area) 

    Layer: via
      Partial area ratio:    0.30
      Required ratio:    6.00 (Gate area) 
      Cumulative area ratio:    0.53
      Required ratio:    0.00 (Cumulative area) 

    Layer: met2
      Partial area ratio:    8.71
      Required ratio:    0.00 (Gate area) 
      Cumulative area ratio:   20.29
      Required ratio:    0.00 (Cumulative area) 
      Partial area ratio:   43.01
      Required ratio: 4046.20 (Side area) 
      Cumulative area ratio:   99.22
      Required ratio:    0.00 (Cumulative side area) 


  Pin:   _17178_/A0 (sky130_fd_sc_hd__mux2_1)
    Layer: mcon
      Partial area ratio:    0.23
      Required ratio:    3.00 (Gate area) 
      Cumulative area ratio:    0.23
      Required ratio:    0.00 (Cumulative area) 

    Layer: met1
      Partial area ratio:    7.26
      Required ratio:    0.00 (Gate area) 
      Cumulative area ratio:    7.26
      Required ratio:    0.00 (Cumulative area) 
      Partial area ratio:   34.82
      Required ratio:  400.00 (Side area) 
      Cumulative area ratio:   34.82
      Required ratio:    0.00 (Cumulative side area) 

    Layer: via
      Partial area ratio:    0.36
      Required ratio:    6.00 (Gate area) 
      Cumulative area ratio:    0.59
      Required ratio:    0.00 (Cumulative area) 

    Layer: met2
      Partial area ratio:    8.71
      Required ratio:    0.00 (Gate area) 
      Cumulative area ratio:   15.97
      Required ratio:    0.00 (Cumulative area) 
      Partial area ratio:   43.01
      Required ratio: 4046.20 (Side area) 
      Cumulative area ratio:   77.83
      Required ratio:    0.00 (Cumulative side area) 


  Pin:   _17211_/A1 (sky130_fd_sc_hd__mux2_1)
    Layer: mcon
      Partial area ratio:    0.23
      Required ratio:    3.00 (Gate area) 
      Cumulative area ratio:    0.23
      Required ratio:    0.00 (Cumulative area) 

    Layer: met1
      Partial area ratio:   10.90
      Required ratio:    0.00 (Gate area) 
      Cumulative area ratio:   10.90
      Required ratio:    0.00 (Cumulative area) 
      Partial area ratio:   52.65
      Required ratio:  400.00 (Side area) 
      Cumulative area ratio:   52.65
      Required ratio:    0.00 (Cumulative side area) 

    Layer: via
      Partial area ratio:    0.36
      Required ratio:    6.00 (Gate area) 
      Cumulative area ratio:    0.59
      Required ratio:    0.00 (Cumulative area) 

    Layer: met2
      Partial area ratio:    8.71
      Required ratio:    0.00 (Gate area) 
      Cumulative area ratio:   19.61
      Required ratio:    0.00 (Cumulative area) 
      Partial area ratio:   43.01
      Required ratio: 4046.20 (Side area) 
      Cumulative area ratio:   95.66
      Required ratio:    0.00 (Cumulative side area) 


  Pin:   _17244_/A1 (sky130_fd_sc_hd__mux2_1)
    Layer: mcon
      Partial area ratio:    0.23
      Required ratio:    3.00 (Gate area) 
      Cumulative area ratio:    0.23
      Required ratio:    0.00 (Cumulative area) 

    Layer: met1
      Partial area ratio:    8.11
      Required ratio:    0.00 (Gate area) 
      Cumulative area ratio:    8.11
      Required ratio:    0.00 (Cumulative area) 
      Partial area ratio:   38.44
      Required ratio:  400.00 (Side area) 
      Cumulative area ratio:   38.44
      Required ratio:    0.00 (Cumulative side area) 

    Layer: via
      Partial area ratio:    0.36
      Required ratio:    6.00 (Gate area) 
      Cumulative area ratio:    0.59
      Required ratio:    0.00 (Cumulative area) 

    Layer: met2
      Partial area ratio:    8.71
      Required ratio:    0.00 (Gate area) 
      Cumulative area ratio:   16.82
      Required ratio:    0.00 (Cumulative area) 
      Partial area ratio:   43.01
      Required ratio: 4046.20 (Side area) 
      Cumulative area ratio:   81.45
      Required ratio:    0.00 (Cumulative side area) 


  Pin:   _17277_/A1 (sky130_fd_sc_hd__mux2_1)
    Layer: mcon
      Partial area ratio:    0.23
      Required ratio:    3.00 (Gate area) 
      Cumulative area ratio:    0.23
      Required ratio:    0.00 (Cumulative area) 

    Layer: met1
      Partial area ratio:    5.56
      Required ratio:    0.00 (Gate area) 
      Cumulative area ratio:    5.56
      Required ratio:    0.00 (Cumulative area) 
      Partial area ratio:   26.33
      Required ratio:  400.00 (Side area) 
      Cumulative area ratio:   26.33
      Required ratio:    0.00 (Cumulative side area) 

    Layer: via
      Partial area ratio:    0.36
      Required ratio:    6.00 (Gate area) 
      Cumulative area ratio:    0.59
      Required ratio:    0.00 (Cumulative area) 

    Layer: met2
      Partial area ratio:    8.71
      Required ratio:    0.00 (Gate area) 
      Cumulative area ratio:   14.27
      Required ratio:    0.00 (Cumulative area) 
      Partial area ratio:   43.01
      Required ratio: 4046.20 (Side area) 
      Cumulative area ratio:   69.34
      Required ratio:    0.00 (Cumulative side area) 


  Pin:   _17310_/A1 (sky130_fd_sc_hd__mux2_1)
    Layer: mcon
      Partial area ratio:    0.23
      Required ratio:    3.00 (Gate area) 
      Cumulative area ratio:    0.23
      Required ratio:    0.00 (Cumulative area) 

    Layer: met1
      Partial area ratio:    3.99
      Required ratio:    0.00 (Gate area) 
      Cumulative area ratio:    3.99
      Required ratio:    0.00 (Cumulative area) 
      Partial area ratio:   18.06
      Required ratio:  400.00 (Side area) 
      Cumulative area ratio:   18.06
      Required ratio:    0.00 (Cumulative side area) 

    Layer: via
      Partial area ratio:    0.36
      Required ratio:    6.00 (Gate area) 
      Cumulative area ratio:    0.59
      Required ratio:    0.00 (Cumulative area) 

    Layer: met2
      Partial area ratio:    8.71
      Required ratio:    0.00 (Gate area) 
      Cumulative area ratio:   12.70
      Required ratio:    0.00 (Cumulative area) 
      Partial area ratio:   43.01
      Required ratio: 4046.20 (Side area) 
      Cumulative area ratio:   61.07
      Required ratio:    0.00 (Cumulative side area) 


  Pin:   _17343_/A1 (sky130_fd_sc_hd__mux2_1)
    Layer: mcon
      Partial area ratio:    0.23
      Required ratio:    3.00 (Gate area) 
      Cumulative area ratio:    0.23
      Required ratio:    0.00 (Cumulative area) 

    Layer: met1
      Partial area ratio:   20.77
      Required ratio:    0.00 (Gate area) 
      Cumulative area ratio:   20.77
      Required ratio:    0.00 (Cumulative area) 
      Partial area ratio:  102.11
      Required ratio:  400.00 (Side area) 
      Cumulative area ratio:  102.11
      Required ratio:    0.00 (Cumulative side area) 

    Layer: via
      Partial area ratio:    0.29
      Required ratio:    6.00 (Gate area) 
      Cumulative area ratio:    0.52
      Required ratio:    0.00 (Cumulative area) 

    Layer: met2
      Partial area ratio:    8.71
      Required ratio:    0.00 (Gate area) 
      Cumulative area ratio:   29.48
      Required ratio:    0.00 (Cumulative area) 
      Partial area ratio:   43.01
      Required ratio: 4046.20 (Side area) 
      Cumulative area ratio:  145.12
      Required ratio:    0.00 (Cumulative side area) 


  Pin:   _17376_/A0 (sky130_fd_sc_hd__mux2_1)
    Layer: mcon
      Partial area ratio:    0.23
      Required ratio:    3.00 (Gate area) 
      Cumulative area ratio:    0.23
      Required ratio:    0.00 (Cumulative area) 

    Layer: met1
      Partial area ratio:    8.65
      Required ratio:    0.00 (Gate area) 
      Cumulative area ratio:    8.65
      Required ratio:    0.00 (Cumulative area) 
      Partial area ratio:   41.57
      Required ratio:  400.00 (Side area) 
      Cumulative area ratio:   41.57
      Required ratio:    0.00 (Cumulative side area) 

    Layer: via
      Partial area ratio:    0.30
      Required ratio:    6.00 (Gate area) 
      Cumulative area ratio:    0.53
      Required ratio:    0.00 (Cumulative area) 

    Layer: met2
      Partial area ratio:    8.71
      Required ratio:    0.00 (Gate area) 
      Cumulative area ratio:   17.36
      Required ratio:    0.00 (Cumulative area) 
      Partial area ratio:   43.01
      Required ratio: 4046.20 (Side area) 
      Cumulative area ratio:   84.58
      Required ratio:    0.00 (Cumulative side area) 


  Pin:   _17409_/A1 (sky130_fd_sc_hd__mux2_1)
    Layer: mcon
      Partial area ratio:    0.23
      Required ratio:    3.00 (Gate area) 
      Cumulative area ratio:    0.23
      Required ratio:    0.00 (Cumulative area) 

    Layer: met1
      Partial area ratio:    7.73
      Required ratio:    0.00 (Gate area) 
      Cumulative area ratio:    7.73
      Required ratio:    0.00 (Cumulative area) 
      Partial area ratio:   37.19
      Required ratio:  400.00 (Side area) 
      Cumulative area ratio:   37.19
      Required ratio:    0.00 (Cumulative side area) 

    Layer: via
      Partial area ratio:    0.27
      Required ratio:    6.00 (Gate area) 
      Cumulative area ratio:    0.50
      Required ratio:    0.00 (Cumulative area) 

    Layer: met2
      Partial area ratio:    8.71
      Required ratio:    0.00 (Gate area) 
      Cumulative area ratio:   16.43
      Required ratio:    0.00 (Cumulative area) 
      Partial area ratio:   43.01
      Required ratio: 4046.20 (Side area) 
      Cumulative area ratio:   80.21
      Required ratio:    0.00 (Cumulative side area) 


  Pin:   _17442_/A1 (sky130_fd_sc_hd__mux2_1)
    Layer: mcon
      Partial area ratio:    0.23
      Required ratio:    3.00 (Gate area) 
      Cumulative area ratio:    0.23
      Required ratio:    0.00 (Cumulative area) 

    Layer: met1
      Partial area ratio:    7.27
      Required ratio:    0.00 (Gate area) 
      Cumulative area ratio:    7.27
      Required ratio:    0.00 (Cumulative area) 
      Partial area ratio:   34.89
      Required ratio:  400.00 (Side area) 
      Cumulative area ratio:   34.89
      Required ratio:    0.00 (Cumulative side area) 

    Layer: via
      Partial area ratio:    0.36
      Required ratio:    6.00 (Gate area) 
      Cumulative area ratio:    0.59
      Required ratio:    0.00 (Cumulative area) 

    Layer: met2
      Partial area ratio:    8.71
      Required ratio:    0.00 (Gate area) 
      Cumulative area ratio:   15.98
      Required ratio:    0.00 (Cumulative area) 
      Partial area ratio:   43.01
      Required ratio: 4046.20 (Side area) 
      Cumulative area ratio:   77.90
      Required ratio:    0.00 (Cumulative side area) 


  Pin:   _17475_/A0 (sky130_fd_sc_hd__mux2_1)
    Layer: mcon
      Partial area ratio:    0.23
      Required ratio:    3.00 (Gate area) 
      Cumulative area ratio:    0.23
      Required ratio:    0.00 (Cumulative area) 

    Layer: met1
      Partial area ratio:   11.89
      Required ratio:    0.00 (Gate area) 
      Cumulative area ratio:   11.89
      Required ratio:    0.00 (Cumulative area) 
      Partial area ratio:   57.14
      Required ratio:  400.00 (Side area) 
      Cumulative area ratio:   57.14
      Required ratio:    0.00 (Cumulative side area) 

    Layer: via
      Partial area ratio:    0.45
      Required ratio:    6.00 (Gate area) 
      Cumulative area ratio:    0.68
      Required ratio:    0.00 (Cumulative area) 

    Layer: met2
      Partial area ratio:    8.71
      Required ratio:    0.00 (Gate area) 
      Cumulative area ratio:   20.59
      Required ratio:    0.00 (Cumulative area) 
      Partial area ratio:   43.01
      Required ratio: 4046.20 (Side area) 
      Cumulative area ratio:  100.15
      Required ratio:    0.00 (Cumulative side area) 


  Pin:   _17508_/A0 (sky130_fd_sc_hd__mux2_1)
    Layer: mcon
      Partial area ratio:    0.23
      Required ratio:    3.00 (Gate area) 
      Cumulative area ratio:    0.23
      Required ratio:    0.00 (Cumulative area) 

    Layer: met1
      Partial area ratio:    8.80
      Required ratio:    0.00 (Gate area) 
      Cumulative area ratio:    8.80
      Required ratio:    0.00 (Cumulative area) 
      Partial area ratio:   42.57
      Required ratio:  400.00 (Side area) 
      Cumulative area ratio:   42.57
      Required ratio:    0.00 (Cumulative side area) 

    Layer: via
      Partial area ratio:    0.27
      Required ratio:    6.00 (Gate area) 
      Cumulative area ratio:    0.50
      Required ratio:    0.00 (Cumulative area) 

    Layer: met2
      Partial area ratio:    8.71
      Required ratio:    0.00 (Gate area) 
      Cumulative area ratio:   17.51
      Required ratio:    0.00 (Cumulative area) 
      Partial area ratio:   43.01
      Required ratio: 4046.20 (Side area) 
      Cumulative area ratio:   85.58
      Required ratio:    0.00 (Cumulative side area) 


  Pin:   _17541_/A1 (sky130_fd_sc_hd__mux2_1)
    Layer: mcon
      Partial area ratio:    0.23
      Required ratio:    3.00 (Gate area) 
      Cumulative area ratio:    0.23
      Required ratio:    0.00 (Cumulative area) 

    Layer: met1
      Partial area ratio:    8.11
      Required ratio:    0.00 (Gate area) 
      Cumulative area ratio:    8.11
      Required ratio:    0.00 (Cumulative area) 
      Partial area ratio:   38.44
      Required ratio:  400.00 (Side area) 
      Cumulative area ratio:   38.44
      Required ratio:    0.00 (Cumulative side area) 

    Layer: via
      Partial area ratio:    0.36
      Required ratio:    6.00 (Gate area) 
      Cumulative area ratio:    0.59
      Required ratio:    0.00 (Cumulative area) 

    Layer: met2
      Partial area ratio:    8.71
      Required ratio:    0.00 (Gate area) 
      Cumulative area ratio:   16.82
      Required ratio:    0.00 (Cumulative area) 
      Partial area ratio:   43.01
      Required ratio: 4046.20 (Side area) 
      Cumulative area ratio:   81.45
      Required ratio:    0.00 (Cumulative side area) 


  Pin:   _17574_/A0 (sky130_fd_sc_hd__mux2_1)
    Layer: mcon
      Partial area ratio:    0.23
      Required ratio:    3.00 (Gate area) 
      Cumulative area ratio:    0.23
      Required ratio:    0.00 (Cumulative area) 

    Layer: met1
      Partial area ratio:   28.50
      Required ratio:    0.00 (Gate area) 
      Cumulative area ratio:   28.50
      Required ratio:    0.00 (Cumulative area) 
      Partial area ratio:  140.49
      Required ratio:  400.00 (Side area) 
      Cumulative area ratio:  140.49
      Required ratio:    0.00 (Cumulative side area) 

    Layer: via
      Partial area ratio:    0.36
      Required ratio:    6.00 (Gate area) 
      Cumulative area ratio:    0.59
      Required ratio:    0.00 (Cumulative area) 

    Layer: met2
      Partial area ratio:    8.71
      Required ratio:    0.00 (Gate area) 
      Cumulative area ratio:   37.20
      Required ratio:    0.00 (Cumulative area) 
      Partial area ratio:   43.01
      Required ratio: 4046.20 (Side area) 
      Cumulative area ratio:  183.50
      Required ratio:    0.00 (Cumulative side area) 


  Pin:   _17607_/A1 (sky130_fd_sc_hd__mux2_1)
    Layer: mcon
      Partial area ratio:    0.23
      Required ratio:    3.00 (Gate area) 
      Cumulative area ratio:    0.23
      Required ratio:    0.00 (Cumulative area) 

    Layer: met1
      Partial area ratio:    6.79
      Required ratio:    0.00 (Gate area) 
      Cumulative area ratio:    6.79
      Required ratio:    0.00 (Cumulative area) 
      Partial area ratio:   32.52
      Required ratio:  400.00 (Side area) 
      Cumulative area ratio:   32.52
      Required ratio:    0.00 (Cumulative side area) 

    Layer: via
      Partial area ratio:    0.27
      Required ratio:    6.00 (Gate area) 
      Cumulative area ratio:    0.50
      Required ratio:    0.00 (Cumulative area) 

    Layer: met2
      Partial area ratio:    8.71
      Required ratio:    0.00 (Gate area) 
      Cumulative area ratio:   15.50
      Required ratio:    0.00 (Cumulative area) 
      Partial area ratio:   43.01
      Required ratio: 4046.20 (Side area) 
      Cumulative area ratio:   75.53
      Required ratio:    0.00 (Cumulative side area) 


  Pin:   _17640_/A0 (sky130_fd_sc_hd__mux2_1)
    Layer: mcon
      Partial area ratio:    0.23
      Required ratio:    3.00 (Gate area) 
      Cumulative area ratio:    0.23
      Required ratio:    0.00 (Cumulative area) 

    Layer: met1
      Partial area ratio:   26.10
      Required ratio:    0.00 (Gate area) 
      Cumulative area ratio:   26.10
      Required ratio:    0.00 (Cumulative area) 
      Partial area ratio:  128.22
      Required ratio:  400.00 (Side area) 
      Cumulative area ratio:  128.22
      Required ratio:    0.00 (Cumulative side area) 

    Layer: via
      Partial area ratio:    0.42
      Required ratio:    6.00 (Gate area) 
      Cumulative area ratio:    0.65
      Required ratio:    0.00 (Cumulative area) 

    Layer: met2
      Partial area ratio:    8.71
      Required ratio:    0.00 (Gate area) 
      Cumulative area ratio:   34.81
      Required ratio:    0.00 (Cumulative area) 
      Partial area ratio:   43.01
      Required ratio: 4046.20 (Side area) 
      Cumulative area ratio:  171.23
      Required ratio:    0.00 (Cumulative side area) 


  Pin:   _17673_/A0 (sky130_fd_sc_hd__mux2_1)
    Layer: mcon
      Partial area ratio:    0.23
      Required ratio:    3.00 (Gate area) 
      Cumulative area ratio:    0.23
      Required ratio:    0.00 (Cumulative area) 

    Layer: met1
      Partial area ratio:    7.63
      Required ratio:    0.00 (Gate area) 
      Cumulative area ratio:    7.63
      Required ratio:    0.00 (Cumulative area) 
      Partial area ratio:   36.72
      Required ratio:  400.00 (Side area) 
      Cumulative area ratio:   36.72
      Required ratio:    0.00 (Cumulative side area) 

    Layer: via
      Partial area ratio:    0.27
      Required ratio:    6.00 (Gate area) 
      Cumulative area ratio:    0.50
      Required ratio:    0.00 (Cumulative area) 

    Layer: met2
      Partial area ratio:    8.71
      Required ratio:    0.00 (Gate area) 
      Cumulative area ratio:   16.34
      Required ratio:    0.00 (Cumulative area) 
      Partial area ratio:   43.01
      Required ratio: 4046.20 (Side area) 
      Cumulative area ratio:   79.73
      Required ratio:    0.00 (Cumulative side area) 


  Pin:   _17706_/A1 (sky130_fd_sc_hd__mux2_1)
    Layer: mcon
      Partial area ratio:    0.23
      Required ratio:    3.00 (Gate area) 
      Cumulative area ratio:    0.23
      Required ratio:    0.00 (Cumulative area) 

    Layer: met1
      Partial area ratio:    8.18
      Required ratio:    0.00 (Gate area) 
      Cumulative area ratio:    8.18
      Required ratio:    0.00 (Cumulative area) 
      Partial area ratio:   39.29
      Required ratio:  400.00 (Side area) 
      Cumulative area ratio:   39.29
      Required ratio:    0.00 (Cumulative side area) 

    Layer: via
      Partial area ratio:    0.27
      Required ratio:    6.00 (Gate area) 
      Cumulative area ratio:    0.50
      Required ratio:    0.00 (Cumulative area) 

    Layer: met2
      Partial area ratio:    8.71
      Required ratio:    0.00 (Gate area) 
      Cumulative area ratio:   16.89
      Required ratio:    0.00 (Cumulative area) 
      Partial area ratio:   43.01
      Required ratio: 4046.20 (Side area) 
      Cumulative area ratio:   82.30
      Required ratio:    0.00 (Cumulative side area) 


  Pin:   _17739_/A0 (sky130_fd_sc_hd__mux2_1)
    Layer: mcon
      Partial area ratio:    0.23
      Required ratio:    3.00 (Gate area) 
      Cumulative area ratio:    0.23
      Required ratio:    0.00 (Cumulative area) 

    Layer: met1
      Partial area ratio:    9.65
      Required ratio:    0.00 (Gate area) 
      Cumulative area ratio:    9.65
      Required ratio:    0.00 (Cumulative area) 
      Partial area ratio:   46.56
      Required ratio:  400.00 (Side area) 
      Cumulative area ratio:   46.56
      Required ratio:    0.00 (Cumulative side area) 

    Layer: via
      Partial area ratio:    0.30
      Required ratio:    6.00 (Gate area) 
      Cumulative area ratio:    0.53
      Required ratio:    0.00 (Cumulative area) 

    Layer: met2
      Partial area ratio:    8.71
      Required ratio:    0.00 (Gate area) 
      Cumulative area ratio:   18.36
      Required ratio:    0.00 (Cumulative area) 
      Partial area ratio:   43.01
      Required ratio: 4046.20 (Side area) 
      Cumulative area ratio:   89.57
      Required ratio:    0.00 (Cumulative side area) 


  Pin:   _17772_/A0 (sky130_fd_sc_hd__mux2_1)
    Layer: mcon
      Partial area ratio:    0.23
      Required ratio:    3.00 (Gate area) 
      Cumulative area ratio:    0.23
      Required ratio:    0.00 (Cumulative area) 

    Layer: met1
      Partial area ratio:   28.50
      Required ratio:    0.00 (Gate area) 
      Cumulative area ratio:   28.50
      Required ratio:    0.00 (Cumulative area) 
      Partial area ratio:  140.49
      Required ratio:  400.00 (Side area) 
      Cumulative area ratio:  140.49
      Required ratio:    0.00 (Cumulative side area) 

    Layer: via
      Partial area ratio:    0.36
      Required ratio:    6.00 (Gate area) 
      Cumulative area ratio:    0.59
      Required ratio:    0.00 (Cumulative area) 

    Layer: met2
      Partial area ratio:    8.71
      Required ratio:    0.00 (Gate area) 
      Cumulative area ratio:   37.20
      Required ratio:    0.00 (Cumulative area) 
      Partial area ratio:   43.01
      Required ratio: 4046.20 (Side area) 
      Cumulative area ratio:  183.50
      Required ratio:    0.00 (Cumulative side area) 


  Pin:   _17805_/A0 (sky130_fd_sc_hd__mux2_1)
    Layer: mcon
      Partial area ratio:    0.23
      Required ratio:    3.00 (Gate area) 
      Cumulative area ratio:    0.23
      Required ratio:    0.00 (Cumulative area) 

    Layer: met1
      Partial area ratio:    8.18
      Required ratio:    0.00 (Gate area) 
      Cumulative area ratio:    8.18
      Required ratio:    0.00 (Cumulative area) 
      Partial area ratio:   39.29
      Required ratio:  400.00 (Side area) 
      Cumulative area ratio:   39.29
      Required ratio:    0.00 (Cumulative side area) 

    Layer: via
      Partial area ratio:    0.27
      Required ratio:    6.00 (Gate area) 
      Cumulative area ratio:    0.50
      Required ratio:    0.00 (Cumulative area) 

    Layer: met2
      Partial area ratio:    8.71
      Required ratio:    0.00 (Gate area) 
      Cumulative area ratio:   16.89
      Required ratio:    0.00 (Cumulative area) 
      Partial area ratio:   43.01
      Required ratio: 4046.20 (Side area) 
      Cumulative area ratio:   82.30
      Required ratio:    0.00 (Cumulative side area) 


  Pin:   _17837_/A0 (sky130_fd_sc_hd__mux2_1)
    Layer: mcon
      Partial area ratio:    0.23
      Required ratio:    3.00 (Gate area) 
      Cumulative area ratio:    0.23
      Required ratio:    0.00 (Cumulative area) 

    Layer: met1
      Partial area ratio:   46.06
      Required ratio:    0.00 (Gate area) 
      Cumulative area ratio:   46.06
      Required ratio:    0.00 (Cumulative area) 
      Partial area ratio:  228.61
      Required ratio:  400.00 (Side area) 
      Cumulative area ratio:  228.61
      Required ratio:    0.00 (Cumulative side area) 

    Layer: via
      Partial area ratio:    0.28
      Required ratio:    6.00 (Gate area) 
      Cumulative area ratio:    0.51
      Required ratio:    0.00 (Cumulative area) 

    Layer: met2
      Partial area ratio:    8.71
      Required ratio:    0.00 (Gate area) 
      Cumulative area ratio:   54.77
      Required ratio:    0.00 (Cumulative area) 
      Partial area ratio:   43.01
      Required ratio: 4046.20 (Side area) 
      Cumulative area ratio:  271.62
      Required ratio:    0.00 (Cumulative side area) 


  Pin:   _17870_/A1 (sky130_fd_sc_hd__mux2_1)
    Layer: mcon
      Partial area ratio:    0.23
      Required ratio:    3.00 (Gate area) 
      Cumulative area ratio:    0.23
      Required ratio:    0.00 (Cumulative area) 

    Layer: met1
      Partial area ratio:    8.18
      Required ratio:    0.00 (Gate area) 
      Cumulative area ratio:    8.18
      Required ratio:    0.00 (Cumulative area) 
      Partial area ratio:   39.29
      Required ratio:  400.00 (Side area) 
      Cumulative area ratio:   39.29
      Required ratio:    0.00 (Cumulative side area) 

    Layer: via
      Partial area ratio:    0.27
      Required ratio:    6.00 (Gate area) 
      Cumulative area ratio:    0.50
      Required ratio:    0.00 (Cumulative area) 

    Layer: met2
      Partial area ratio:    8.71
      Required ratio:    0.00 (Gate area) 
      Cumulative area ratio:   16.89
      Required ratio:    0.00 (Cumulative area) 
      Partial area ratio:   43.01
      Required ratio: 4046.20 (Side area) 
      Cumulative area ratio:   82.30
      Required ratio:    0.00 (Cumulative side area) 


  Pin:   _17903_/A1 (sky130_fd_sc_hd__mux2_1)
    Layer: mcon
      Partial area ratio:    0.23
      Required ratio:    3.00 (Gate area) 
      Cumulative area ratio:    0.23
      Required ratio:    0.00 (Cumulative area) 

    Layer: met1
      Partial area ratio:    4.38
      Required ratio:    0.00 (Gate area) 
      Cumulative area ratio:    4.38
      Required ratio:    0.00 (Cumulative area) 
      Partial area ratio:   20.44
      Required ratio:  400.00 (Side area) 
      Cumulative area ratio:   20.44
      Required ratio:    0.00 (Cumulative side area) 

    Layer: via
      Partial area ratio:    0.36
      Required ratio:    6.00 (Gate area) 
      Cumulative area ratio:    0.59
      Required ratio:    0.00 (Cumulative area) 

    Layer: met2
      Partial area ratio:    8.71
      Required ratio:    0.00 (Gate area) 
      Cumulative area ratio:   13.09
      Required ratio:    0.00 (Cumulative area) 
      Partial area ratio:   43.01
      Required ratio: 4046.20 (Side area) 
      Cumulative area ratio:   63.46
      Required ratio:    0.00 (Cumulative side area) 


  Pin:   _17936_/A0 (sky130_fd_sc_hd__mux2_1)
    Layer: mcon
      Partial area ratio:    0.23
      Required ratio:    3.00 (Gate area) 
      Cumulative area ratio:    0.23
      Required ratio:    0.00 (Cumulative area) 

    Layer: met1
      Partial area ratio:    8.11
      Required ratio:    0.00 (Gate area) 
      Cumulative area ratio:    8.11
      Required ratio:    0.00 (Cumulative area) 
      Partial area ratio:   38.44
      Required ratio:  400.00 (Side area) 
      Cumulative area ratio:   38.44
      Required ratio:    0.00 (Cumulative side area) 

    Layer: via
      Partial area ratio:    0.36
      Required ratio:    6.00 (Gate area) 
      Cumulative area ratio:    0.59
      Required ratio:    0.00 (Cumulative area) 

    Layer: met2
      Partial area ratio:    8.71
      Required ratio:    0.00 (Gate area) 
      Cumulative area ratio:   16.82
      Required ratio:    0.00 (Cumulative area) 
      Partial area ratio:   43.01
      Required ratio: 4046.20 (Side area) 
      Cumulative area ratio:   81.45
      Required ratio:    0.00 (Cumulative side area) 


  Pin:   _17969_/A0 (sky130_fd_sc_hd__mux2_1)
    Layer: mcon
      Partial area ratio:    0.23
      Required ratio:    3.00 (Gate area) 
      Cumulative area ratio:    0.23
      Required ratio:    0.00 (Cumulative area) 

    Layer: met1
      Partial area ratio:    5.34
      Required ratio:    0.00 (Gate area) 
      Cumulative area ratio:    5.34
      Required ratio:    0.00 (Cumulative area) 
      Partial area ratio:   25.21
      Required ratio:  400.00 (Side area) 
      Cumulative area ratio:   25.21
      Required ratio:    0.00 (Cumulative side area) 

    Layer: via
      Partial area ratio:    0.36
      Required ratio:    6.00 (Gate area) 
      Cumulative area ratio:    0.59
      Required ratio:    0.00 (Cumulative area) 

    Layer: met2
      Partial area ratio:    8.71
      Required ratio:    0.00 (Gate area) 
      Cumulative area ratio:   14.05
      Required ratio:    0.00 (Cumulative area) 
      Partial area ratio:   43.01
      Required ratio: 4046.20 (Side area) 
      Cumulative area ratio:   68.22
      Required ratio:    0.00 (Cumulative side area) 


  Pin:   _18002_/A0 (sky130_fd_sc_hd__mux2_1)
    Layer: mcon
      Partial area ratio:    0.23
      Required ratio:    3.00 (Gate area) 
      Cumulative area ratio:    0.23
      Required ratio:    0.00 (Cumulative area) 

    Layer: met1
      Partial area ratio:   10.25
      Required ratio:    0.00 (Gate area) 
      Cumulative area ratio:   10.25
      Required ratio:    0.00 (Cumulative area) 
      Partial area ratio:   49.78
      Required ratio:  400.00 (Side area) 
      Cumulative area ratio:   49.78
      Required ratio:    0.00 (Cumulative side area) 

    Layer: via
      Partial area ratio:    0.27
      Required ratio:    6.00 (Gate area) 
      Cumulative area ratio:    0.50
      Required ratio:    0.00 (Cumulative area) 

    Layer: met2
      Partial area ratio:    8.71
      Required ratio:    0.00 (Gate area) 
      Cumulative area ratio:   18.96
      Required ratio:    0.00 (Cumulative area) 
      Partial area ratio:   43.01
      Required ratio: 4046.20 (Side area) 
      Cumulative area ratio:   92.79
      Required ratio:    0.00 (Cumulative side area) 


  Pin:   _18035_/A0 (sky130_fd_sc_hd__mux2_1)
    Layer: mcon
      Partial area ratio:    0.23
      Required ratio:    3.00 (Gate area) 
      Cumulative area ratio:    0.23
      Required ratio:    0.00 (Cumulative area) 

    Layer: met1
      Partial area ratio:   11.67
      Required ratio:    0.00 (Gate area) 
      Cumulative area ratio:   11.67
      Required ratio:    0.00 (Cumulative area) 
      Partial area ratio:   56.00
      Required ratio:  400.00 (Side area) 
      Cumulative area ratio:   56.00
      Required ratio:    0.00 (Cumulative side area) 

    Layer: via
      Partial area ratio:    0.54
      Required ratio:    6.00 (Gate area) 
      Cumulative area ratio:    0.77
      Required ratio:    0.00 (Cumulative area) 

    Layer: met2
      Partial area ratio:    8.71
      Required ratio:    0.00 (Gate area) 
      Cumulative area ratio:   20.37
      Required ratio:    0.00 (Cumulative area) 
      Partial area ratio:   43.01
      Required ratio: 4046.20 (Side area) 
      Cumulative area ratio:   99.01
      Required ratio:    0.00 (Cumulative side area) 


  Pin:   _18068_/A0 (sky130_fd_sc_hd__mux2_1)
    Layer: mcon
      Partial area ratio:    0.23
      Required ratio:    3.00 (Gate area) 
      Cumulative area ratio:    0.23
      Required ratio:    0.00 (Cumulative area) 

    Layer: met1
      Partial area ratio:    4.97
      Required ratio:    0.00 (Gate area) 
      Cumulative area ratio:    4.97
      Required ratio:    0.00 (Cumulative area) 
      Partial area ratio:   23.38
      Required ratio:  400.00 (Side area) 
      Cumulative area ratio:   23.38
      Required ratio:    0.00 (Cumulative side area) 

    Layer: via
      Partial area ratio:    0.36
      Required ratio:    6.00 (Gate area) 
      Cumulative area ratio:    0.59
      Required ratio:    0.00 (Cumulative area) 

    Layer: met2
      Partial area ratio:    8.71
      Required ratio:    0.00 (Gate area) 
      Cumulative area ratio:   13.68
      Required ratio:    0.00 (Cumulative area) 
      Partial area ratio:   43.01
      Required ratio: 4046.20 (Side area) 
      Cumulative area ratio:   66.39
      Required ratio:    0.00 (Cumulative side area) 


  Pin:   _18101_/A1 (sky130_fd_sc_hd__mux2_1)
    Layer: mcon
      Partial area ratio:    0.23
      Required ratio:    3.00 (Gate area) 
      Cumulative area ratio:    0.23
      Required ratio:    0.00 (Cumulative area) 

    Layer: met1
      Partial area ratio:    7.84
      Required ratio:    0.00 (Gate area) 
      Cumulative area ratio:    7.84
      Required ratio:    0.00 (Cumulative area) 
      Partial area ratio:   37.32
      Required ratio:  400.00 (Side area) 
      Cumulative area ratio:   37.32
      Required ratio:    0.00 (Cumulative side area) 

    Layer: via
      Partial area ratio:    0.36
      Required ratio:    6.00 (Gate area) 
      Cumulative area ratio:    0.59
      Required ratio:    0.00 (Cumulative area) 

    Layer: met2
      Partial area ratio:    8.71
      Required ratio:    0.00 (Gate area) 
      Cumulative area ratio:   16.55
      Required ratio:    0.00 (Cumulative area) 
      Partial area ratio:   43.01
      Required ratio: 4046.20 (Side area) 
      Cumulative area ratio:   80.34
      Required ratio:    0.00 (Cumulative side area) 


  Pin:   _18134_/A0 (sky130_fd_sc_hd__mux2_1)
    Layer: mcon
      Partial area ratio:    0.23
      Required ratio:    3.00 (Gate area) 
      Cumulative area ratio:    0.23
      Required ratio:    0.00 (Cumulative area) 

    Layer: met1
      Partial area ratio:   11.89
      Required ratio:    0.00 (Gate area) 
      Cumulative area ratio:   11.89
      Required ratio:    0.00 (Cumulative area) 
      Partial area ratio:   57.14
      Required ratio:  400.00 (Side area) 
      Cumulative area ratio:   57.14
      Required ratio:    0.00 (Cumulative side area) 

    Layer: via
      Partial area ratio:    0.45
      Required ratio:    6.00 (Gate area) 
      Cumulative area ratio:    0.68
      Required ratio:    0.00 (Cumulative area) 

    Layer: met2
      Partial area ratio:    8.71
      Required ratio:    0.00 (Gate area) 
      Cumulative area ratio:   20.59
      Required ratio:    0.00 (Cumulative area) 
      Partial area ratio:   43.01
      Required ratio: 4046.20 (Side area) 
      Cumulative area ratio:  100.15
      Required ratio:    0.00 (Cumulative side area) 


  Pin:   _18167_/A1 (sky130_fd_sc_hd__mux2_1)
    Layer: mcon
      Partial area ratio:    0.23
      Required ratio:    3.00 (Gate area) 
      Cumulative area ratio:    0.23
      Required ratio:    0.00 (Cumulative area) 

    Layer: met1
      Partial area ratio:   11.45
      Required ratio:    0.00 (Gate area) 
      Cumulative area ratio:   11.45
      Required ratio:    0.00 (Cumulative area) 
      Partial area ratio:   56.03
      Required ratio:  400.00 (Side area) 
      Cumulative area ratio:   56.03
      Required ratio:    0.00 (Cumulative side area) 

    Layer: via
      Partial area ratio:    0.23
      Required ratio:    6.00 (Gate area) 
      Cumulative area ratio:    0.46
      Required ratio:    0.00 (Cumulative area) 

    Layer: met2
      Partial area ratio:    8.71
      Required ratio:    0.00 (Gate area) 
      Cumulative area ratio:   20.16
      Required ratio:    0.00 (Cumulative area) 
      Partial area ratio:   43.01
      Required ratio: 4046.20 (Side area) 
      Cumulative area ratio:   99.04
      Required ratio:    0.00 (Cumulative side area) 


  Pin:   _18200_/A0 (sky130_fd_sc_hd__mux2_1)
    Layer: mcon
      Partial area ratio:    0.23
      Required ratio:    3.00 (Gate area) 
      Cumulative area ratio:    0.23
      Required ratio:    0.00 (Cumulative area) 

    Layer: met1
      Partial area ratio:    7.84
      Required ratio:    0.00 (Gate area) 
      Cumulative area ratio:    7.84
      Required ratio:    0.00 (Cumulative area) 
      Partial area ratio:   37.32
      Required ratio:  400.00 (Side area) 
      Cumulative area ratio:   37.32
      Required ratio:    0.00 (Cumulative side area) 

    Layer: via
      Partial area ratio:    0.36
      Required ratio:    6.00 (Gate area) 
      Cumulative area ratio:    0.59
      Required ratio:    0.00 (Cumulative area) 

    Layer: met2
      Partial area ratio:    8.71
      Required ratio:    0.00 (Gate area) 
      Cumulative area ratio:   16.55
      Required ratio:    0.00 (Cumulative area) 
      Partial area ratio:   43.01
      Required ratio: 4046.20 (Side area) 
      Cumulative area ratio:   80.34
      Required ratio:    0.00 (Cumulative side area) 


  Pin:   _18233_/A1 (sky130_fd_sc_hd__mux2_1)
    Layer: mcon
      Partial area ratio:    0.23
      Required ratio:    3.00 (Gate area) 
      Cumulative area ratio:    0.23
      Required ratio:    0.00 (Cumulative area) 

    Layer: met1
      Partial area ratio:    7.63
      Required ratio:    0.00 (Gate area) 
      Cumulative area ratio:    7.63
      Required ratio:    0.00 (Cumulative area) 
      Partial area ratio:   36.69
      Required ratio:  400.00 (Side area) 
      Cumulative area ratio:   36.69
      Required ratio:    0.00 (Cumulative side area) 

    Layer: via
      Partial area ratio:    0.27
      Required ratio:    6.00 (Gate area) 
      Cumulative area ratio:    0.50
      Required ratio:    0.00 (Cumulative area) 

    Layer: met2
      Partial area ratio:    8.71
      Required ratio:    0.00 (Gate area) 
      Cumulative area ratio:   16.33
      Required ratio:    0.00 (Cumulative area) 
      Partial area ratio:   43.01
      Required ratio: 4046.20 (Side area) 
      Cumulative area ratio:   79.71
      Required ratio:    0.00 (Cumulative side area) 


  Pin:   _18266_/A0 (sky130_fd_sc_hd__mux2_1)
    Layer: mcon
      Partial area ratio:    0.23
      Required ratio:    3.00 (Gate area) 
      Cumulative area ratio:    0.23
      Required ratio:    0.00 (Cumulative area) 

    Layer: met1
      Partial area ratio:    1.92
      Required ratio:    0.00 (Gate area) 
      Cumulative area ratio:    1.92
      Required ratio:    0.00 (Cumulative area) 
      Partial area ratio:    8.68
      Required ratio:  400.00 (Side area) 
      Cumulative area ratio:    8.68
      Required ratio:    0.00 (Cumulative side area) 

    Layer: via
      Partial area ratio:    0.36
      Required ratio:    6.00 (Gate area) 
      Cumulative area ratio:    0.59
      Required ratio:    0.00 (Cumulative area) 

    Layer: met2
      Partial area ratio:    8.71
      Required ratio:    0.00 (Gate area) 
      Cumulative area ratio:   10.63
      Required ratio:    0.00 (Cumulative area) 
      Partial area ratio:   43.01
      Required ratio: 4046.20 (Side area) 
      Cumulative area ratio:   51.69
      Required ratio:    0.00 (Cumulative side area) 


  Pin:   _18299_/A0 (sky130_fd_sc_hd__mux2_1)
    Layer: mcon
      Partial area ratio:    0.23
      Required ratio:    3.00 (Gate area) 
      Cumulative area ratio:    0.23
      Required ratio:    0.00 (Cumulative area) 

    Layer: met1
      Partial area ratio:   11.45
      Required ratio:    0.00 (Gate area) 
      Cumulative area ratio:   11.45
      Required ratio:    0.00 (Cumulative area) 
      Partial area ratio:   56.03
      Required ratio:  400.00 (Side area) 
      Cumulative area ratio:   56.03
      Required ratio:    0.00 (Cumulative side area) 

    Layer: via
      Partial area ratio:    0.23
      Required ratio:    6.00 (Gate area) 
      Cumulative area ratio:    0.46
      Required ratio:    0.00 (Cumulative area) 

    Layer: met2
      Partial area ratio:    8.71
      Required ratio:    0.00 (Gate area) 
      Cumulative area ratio:   20.16
      Required ratio:    0.00 (Cumulative area) 
      Partial area ratio:   43.01
      Required ratio: 4046.20 (Side area) 
      Cumulative area ratio:   99.04
      Required ratio:    0.00 (Cumulative side area) 


  Pin:   _18332_/A0 (sky130_fd_sc_hd__mux2_1)
    Layer: mcon
      Partial area ratio:    0.23
      Required ratio:    3.00 (Gate area) 
      Cumulative area ratio:    0.23
      Required ratio:    0.00 (Cumulative area) 

    Layer: met1
      Partial area ratio:    5.82
      Required ratio:    0.00 (Gate area) 
      Cumulative area ratio:    5.82
      Required ratio:    0.00 (Cumulative area) 
      Partial area ratio:   27.65
      Required ratio:  400.00 (Side area) 
      Cumulative area ratio:   27.65
      Required ratio:    0.00 (Cumulative side area) 

    Layer: via
      Partial area ratio:    0.36
      Required ratio:    6.00 (Gate area) 
      Cumulative area ratio:    0.59
      Required ratio:    0.00 (Cumulative area) 

    Layer: met2
      Partial area ratio:    8.71
      Required ratio:    0.00 (Gate area) 
      Cumulative area ratio:   14.53
      Required ratio:    0.00 (Cumulative area) 
      Partial area ratio:   43.01
      Required ratio: 4046.20 (Side area) 
      Cumulative area ratio:   70.66
      Required ratio:    0.00 (Cumulative side area) 


  Pin:   _18365_/A0 (sky130_fd_sc_hd__mux2_1)
    Layer: mcon
      Partial area ratio:    0.23
      Required ratio:    3.00 (Gate area) 
      Cumulative area ratio:    0.23
      Required ratio:    0.00 (Cumulative area) 

    Layer: met1
      Partial area ratio:    8.80
      Required ratio:    0.00 (Gate area) 
      Cumulative area ratio:    8.80
      Required ratio:    0.00 (Cumulative area) 
      Partial area ratio:   42.57
      Required ratio:  400.00 (Side area) 
      Cumulative area ratio:   42.57
      Required ratio:    0.00 (Cumulative side area) 

    Layer: via
      Partial area ratio:    0.27
      Required ratio:    6.00 (Gate area) 
      Cumulative area ratio:    0.50
      Required ratio:    0.00 (Cumulative area) 

    Layer: met2
      Partial area ratio:    8.71
      Required ratio:    0.00 (Gate area) 
      Cumulative area ratio:   17.51
      Required ratio:    0.00 (Cumulative area) 
      Partial area ratio:   43.01
      Required ratio: 4046.20 (Side area) 
      Cumulative area ratio:   85.58
      Required ratio:    0.00 (Cumulative side area) 


  Pin:   _18398_/A1 (sky130_fd_sc_hd__mux2_1)
    Layer: mcon
      Partial area ratio:    0.23
      Required ratio:    3.00 (Gate area) 
      Cumulative area ratio:    0.23
      Required ratio:    0.00 (Cumulative area) 

    Layer: met1
      Partial area ratio:    7.63
      Required ratio:    0.00 (Gate area) 
      Cumulative area ratio:    7.63
      Required ratio:    0.00 (Cumulative area) 
      Partial area ratio:   36.69
      Required ratio:  400.00 (Side area) 
      Cumulative area ratio:   36.69
      Required ratio:    0.00 (Cumulative side area) 

    Layer: via
      Partial area ratio:    0.27
      Required ratio:    6.00 (Gate area) 
      Cumulative area ratio:    0.50
      Required ratio:    0.00 (Cumulative area) 

    Layer: met2
      Partial area ratio:    8.71
      Required ratio:    0.00 (Gate area) 
      Cumulative area ratio:   16.33
      Required ratio:    0.00 (Cumulative area) 
      Partial area ratio:   43.01
      Required ratio: 4046.20 (Side area) 
      Cumulative area ratio:   79.71
      Required ratio:    0.00 (Cumulative side area) 


  Pin:   _18431_/A1 (sky130_fd_sc_hd__mux2_1)
    Layer: mcon
      Partial area ratio:    0.23
      Required ratio:    3.00 (Gate area) 
      Cumulative area ratio:    0.23
      Required ratio:    0.00 (Cumulative area) 

    Layer: met1
      Partial area ratio:   28.41
      Required ratio:    0.00 (Gate area) 
      Cumulative area ratio:   28.41
      Required ratio:    0.00 (Cumulative area) 
      Partial area ratio:  140.08
      Required ratio:  400.00 (Side area) 
      Cumulative area ratio:  140.08
      Required ratio:    0.00 (Cumulative side area) 

    Layer: via
      Partial area ratio:    0.34
      Required ratio:    6.00 (Gate area) 
      Cumulative area ratio:    0.57
      Required ratio:    0.00 (Cumulative area) 

    Layer: met2
      Partial area ratio:    8.71
      Required ratio:    0.00 (Gate area) 
      Cumulative area ratio:   37.12
      Required ratio:    0.00 (Cumulative area) 
      Partial area ratio:   43.01
      Required ratio: 4046.20 (Side area) 
      Cumulative area ratio:  183.09
      Required ratio:    0.00 (Cumulative side area) 


  Pin:   _18464_/A1 (sky130_fd_sc_hd__mux2_1)
    Layer: mcon
      Partial area ratio:    0.23
      Required ratio:    3.00 (Gate area) 
      Cumulative area ratio:    0.23
      Required ratio:    0.00 (Cumulative area) 

    Layer: met1
      Partial area ratio:   20.54
      Required ratio:    0.00 (Gate area) 
      Cumulative area ratio:   20.54
      Required ratio:    0.00 (Cumulative area) 
      Partial area ratio:  100.96
      Required ratio:  400.00 (Side area) 
      Cumulative area ratio:  100.96
      Required ratio:    0.00 (Cumulative side area) 

    Layer: via
      Partial area ratio:    0.29
      Required ratio:    6.00 (Gate area) 
      Cumulative area ratio:    0.52
      Required ratio:    0.00 (Cumulative area) 

    Layer: met2
      Partial area ratio:    8.71
      Required ratio:    0.00 (Gate area) 
      Cumulative area ratio:   29.25
      Required ratio:    0.00 (Cumulative area) 
      Partial area ratio:   43.01
      Required ratio: 4046.20 (Side area) 
      Cumulative area ratio:  143.97
      Required ratio:    0.00 (Cumulative side area) 


  Pin:   _18497_/A1 (sky130_fd_sc_hd__mux2_1)
    Layer: mcon
      Partial area ratio:    0.23
      Required ratio:    3.00 (Gate area) 
      Cumulative area ratio:    0.23
      Required ratio:    0.00 (Cumulative area) 

    Layer: met1
      Partial area ratio:    7.28
      Required ratio:    0.00 (Gate area) 
      Cumulative area ratio:    7.28
      Required ratio:    0.00 (Cumulative area) 
      Partial area ratio:   34.94
      Required ratio:  400.00 (Side area) 
      Cumulative area ratio:   34.94
      Required ratio:    0.00 (Cumulative side area) 

    Layer: via
      Partial area ratio:    0.36
      Required ratio:    6.00 (Gate area) 
      Cumulative area ratio:    0.59
      Required ratio:    0.00 (Cumulative area) 

    Layer: met2
      Partial area ratio:    8.71
      Required ratio:    0.00 (Gate area) 
      Cumulative area ratio:   15.99
      Required ratio:    0.00 (Cumulative area) 
      Partial area ratio:   43.01
      Required ratio: 4046.20 (Side area) 
      Cumulative area ratio:   77.96
      Required ratio:    0.00 (Cumulative side area) 


  Pin:   _18530_/A1 (sky130_fd_sc_hd__mux2_1)
    Layer: mcon
      Partial area ratio:    0.23
      Required ratio:    3.00 (Gate area) 
      Cumulative area ratio:    0.23
      Required ratio:    0.00 (Cumulative area) 

    Layer: met1
      Partial area ratio:    8.05
      Required ratio:    0.00 (Gate area) 
      Cumulative area ratio:    8.05
      Required ratio:    0.00 (Cumulative area) 
      Partial area ratio:   38.97
      Required ratio:  400.00 (Side area) 
      Cumulative area ratio:   38.97
      Required ratio:    0.00 (Cumulative side area) 

    Layer: via
      Partial area ratio:    0.21
      Required ratio:    6.00 (Gate area) 
      Cumulative area ratio:    0.44
      Required ratio:    0.00 (Cumulative area) 

    Layer: met2
      Partial area ratio:    8.71
      Required ratio:    0.00 (Gate area) 
      Cumulative area ratio:   16.76
      Required ratio:    0.00 (Cumulative area) 
      Partial area ratio:   43.01
      Required ratio: 4046.20 (Side area) 
      Cumulative area ratio:   81.98
      Required ratio:    0.00 (Cumulative side area) 


  Pin:   _18563_/A1 (sky130_fd_sc_hd__mux2_1)
    Layer: mcon
      Partial area ratio:    0.23
      Required ratio:    3.00 (Gate area) 
      Cumulative area ratio:    0.23
      Required ratio:    0.00 (Cumulative area) 

    Layer: met1
      Partial area ratio:    5.47
      Required ratio:    0.00 (Gate area) 
      Cumulative area ratio:    5.47
      Required ratio:    0.00 (Cumulative area) 
      Partial area ratio:   25.89
      Required ratio:  400.00 (Side area) 
      Cumulative area ratio:   25.89
      Required ratio:    0.00 (Cumulative side area) 

    Layer: via
      Partial area ratio:    0.36
      Required ratio:    6.00 (Gate area) 
      Cumulative area ratio:    0.59
      Required ratio:    0.00 (Cumulative area) 

    Layer: met2
      Partial area ratio:    8.71
      Required ratio:    0.00 (Gate area) 
      Cumulative area ratio:   14.18
      Required ratio:    0.00 (Cumulative area) 
      Partial area ratio:   43.01
      Required ratio: 4046.20 (Side area) 
      Cumulative area ratio:   68.90
      Required ratio:    0.00 (Cumulative side area) 


  Pin:   _18596_/A0 (sky130_fd_sc_hd__mux2_1)
    Layer: mcon
      Partial area ratio:    0.23
      Required ratio:    3.00 (Gate area) 
      Cumulative area ratio:    0.23
      Required ratio:    0.00 (Cumulative area) 

    Layer: met1
      Partial area ratio:    7.42
      Required ratio:    0.00 (Gate area) 
      Cumulative area ratio:    7.42
      Required ratio:    0.00 (Cumulative area) 
      Partial area ratio:   35.40
      Required ratio:  400.00 (Side area) 
      Cumulative area ratio:   35.40
      Required ratio:    0.00 (Cumulative side area) 

    Layer: via
      Partial area ratio:    0.30
      Required ratio:    6.00 (Gate area) 
      Cumulative area ratio:    0.53
      Required ratio:    0.00 (Cumulative area) 

    Layer: met2
      Partial area ratio:    8.71
      Required ratio:    0.00 (Gate area) 
      Cumulative area ratio:   16.13
      Required ratio:    0.00 (Cumulative area) 
      Partial area ratio:   43.01
      Required ratio: 4046.20 (Side area) 
      Cumulative area ratio:   78.41
      Required ratio:    0.00 (Cumulative side area) 


  Pin:   _18629_/A0 (sky130_fd_sc_hd__mux2_1)
    Layer: mcon
      Partial area ratio:    0.23
      Required ratio:    3.00 (Gate area) 
      Cumulative area ratio:    0.23
      Required ratio:    0.00 (Cumulative area) 

    Layer: met1
      Partial area ratio:    1.65
      Required ratio:    0.00 (Gate area) 
      Cumulative area ratio:    1.65
      Required ratio:    0.00 (Cumulative area) 
      Partial area ratio:    7.62
      Required ratio: 2773.88 (Side area) 
      Cumulative area ratio:    7.62
      Required ratio:    0.00 (Cumulative side area) 

    Layer: via
      Partial area ratio:    0.12
      Required ratio:   21.65 (Gate area) 
      Cumulative area ratio:    0.35
      Required ratio:    0.00 (Cumulative area) 

    Layer: met2
      Partial area ratio:    8.71
      Required ratio:    0.00 (Gate area) 
      Cumulative area ratio:   10.36
      Required ratio:    0.00 (Cumulative area) 
      Partial area ratio:   43.01
      Required ratio: 4046.20 (Side area) 
      Cumulative area ratio:   50.63
      Required ratio:    0.00 (Cumulative side area) 


  Pin:   _18662_/A1 (sky130_fd_sc_hd__mux2_1)
    Layer: mcon
      Partial area ratio:    0.23
      Required ratio:    3.00 (Gate area) 
      Cumulative area ratio:    0.23
      Required ratio:    0.00 (Cumulative area) 

    Layer: met1
      Partial area ratio:    5.27
      Required ratio:    0.00 (Gate area) 
      Cumulative area ratio:    5.27
      Required ratio:    0.00 (Cumulative area) 
      Partial area ratio:   24.89
      Required ratio:  400.00 (Side area) 
      Cumulative area ratio:   24.89
      Required ratio:    0.00 (Cumulative side area) 

    Layer: via
      Partial area ratio:    0.36
      Required ratio:    6.00 (Gate area) 
      Cumulative area ratio:    0.59
      Required ratio:    0.00 (Cumulative area) 

    Layer: met2
      Partial area ratio:    8.71
      Required ratio:    0.00 (Gate area) 
      Cumulative area ratio:   13.98
      Required ratio:    0.00 (Cumulative area) 
      Partial area ratio:   43.01
      Required ratio: 4046.20 (Side area) 
      Cumulative area ratio:   67.90
      Required ratio:    0.00 (Cumulative side area) 


  Pin:   _18697_/A1 (sky130_fd_sc_hd__mux2_1)
    Layer: mcon
      Partial area ratio:    0.23
      Required ratio:    3.00 (Gate area) 
      Cumulative area ratio:    0.23
      Required ratio:    0.00 (Cumulative area) 

    Layer: met1
      Partial area ratio:   11.79
      Required ratio:    0.00 (Gate area) 
      Cumulative area ratio:   11.79
      Required ratio:    0.00 (Cumulative area) 
      Partial area ratio:   56.98
      Required ratio:  400.00 (Side area) 
      Cumulative area ratio:   56.98
      Required ratio:    0.00 (Cumulative side area) 

    Layer: via
      Partial area ratio:    0.33
      Required ratio:    6.00 (Gate area) 
      Cumulative area ratio:    0.56
      Required ratio:    0.00 (Cumulative area) 

    Layer: met2
      Partial area ratio:    8.71
      Required ratio:    0.00 (Gate area) 
      Cumulative area ratio:   20.50
      Required ratio:    0.00 (Cumulative area) 
      Partial area ratio:   43.01
      Required ratio: 4046.20 (Side area) 
      Cumulative area ratio:   99.99
      Required ratio:    0.00 (Cumulative side area) 


  Pin:   _18731_/A1 (sky130_fd_sc_hd__mux2_1)
    Layer: mcon
      Partial area ratio:    0.23
      Required ratio:    3.00 (Gate area) 
      Cumulative area ratio:    0.23
      Required ratio:    0.00 (Cumulative area) 

    Layer: met1
      Partial area ratio:    9.21
      Required ratio:    0.00 (Gate area) 
      Cumulative area ratio:    9.21
      Required ratio:    0.00 (Cumulative area) 
      Partial area ratio:   44.61
      Required ratio:  400.00 (Side area) 
      Cumulative area ratio:   44.61
      Required ratio:    0.00 (Cumulative side area) 

    Layer: via
      Partial area ratio:    0.27
      Required ratio:    6.00 (Gate area) 
      Cumulative area ratio:    0.50
      Required ratio:    0.00 (Cumulative area) 

    Layer: met2
      Partial area ratio:    8.71
      Required ratio:    0.00 (Gate area) 
      Cumulative area ratio:   17.92
      Required ratio:    0.00 (Cumulative area) 
      Partial area ratio:   43.01
      Required ratio: 4046.20 (Side area) 
      Cumulative area ratio:   87.62
      Required ratio:    0.00 (Cumulative side area) 


  Pin:   _18764_/A1 (sky130_fd_sc_hd__mux2_1)
    Layer: mcon
      Partial area ratio:    0.23
      Required ratio:    3.00 (Gate area) 
      Cumulative area ratio:    0.23
      Required ratio:    0.00 (Cumulative area) 

    Layer: met1
      Partial area ratio:    6.85
      Required ratio:    0.00 (Gate area) 
      Cumulative area ratio:    6.85
      Required ratio:    0.00 (Cumulative area) 
      Partial area ratio:   32.78
      Required ratio:  400.00 (Side area) 
      Cumulative area ratio:   32.78
      Required ratio:    0.00 (Cumulative side area) 

    Layer: via
      Partial area ratio:    0.36
      Required ratio:    6.00 (Gate area) 
      Cumulative area ratio:    0.59
      Required ratio:    0.00 (Cumulative area) 

    Layer: met2
      Partial area ratio:    8.71
      Required ratio:    0.00 (Gate area) 
      Cumulative area ratio:   15.56
      Required ratio:    0.00 (Cumulative area) 
      Partial area ratio:   43.01
      Required ratio: 4046.20 (Side area) 
      Cumulative area ratio:   75.79
      Required ratio:    0.00 (Cumulative side area) 


  Pin:   _18797_/A0 (sky130_fd_sc_hd__mux2_1)
    Layer: mcon
      Partial area ratio:    0.23
      Required ratio:    3.00 (Gate area) 
      Cumulative area ratio:    0.23
      Required ratio:    0.00 (Cumulative area) 

    Layer: met1
      Partial area ratio:   26.10
      Required ratio:    0.00 (Gate area) 
      Cumulative area ratio:   26.10
      Required ratio:    0.00 (Cumulative area) 
      Partial area ratio:  128.22
      Required ratio:  400.00 (Side area) 
      Cumulative area ratio:  128.22
      Required ratio:    0.00 (Cumulative side area) 

    Layer: via
      Partial area ratio:    0.42
      Required ratio:    6.00 (Gate area) 
      Cumulative area ratio:    0.65
      Required ratio:    0.00 (Cumulative area) 

    Layer: met2
      Partial area ratio:    8.71
      Required ratio:    0.00 (Gate area) 
      Cumulative area ratio:   34.81
      Required ratio:    0.00 (Cumulative area) 
      Partial area ratio:   43.01
      Required ratio: 4046.20 (Side area) 
      Cumulative area ratio:  171.23
      Required ratio:    0.00 (Cumulative side area) 


  Pin:   _18830_/A1 (sky130_fd_sc_hd__mux2_1)
    Layer: mcon
      Partial area ratio:    0.23
      Required ratio:    3.00 (Gate area) 
      Cumulative area ratio:    0.23
      Required ratio:    0.00 (Cumulative area) 

    Layer: met1
      Partial area ratio:    5.05
      Required ratio:    0.00 (Gate area) 
      Cumulative area ratio:    5.05
      Required ratio:    0.00 (Cumulative area) 
      Partial area ratio:   23.78
      Required ratio:  400.00 (Side area) 
      Cumulative area ratio:   23.78
      Required ratio:    0.00 (Cumulative side area) 

    Layer: via
      Partial area ratio:    0.36
      Required ratio:    6.00 (Gate area) 
      Cumulative area ratio:    0.59
      Required ratio:    0.00 (Cumulative area) 

    Layer: met2
      Partial area ratio:    8.71
      Required ratio:    0.00 (Gate area) 
      Cumulative area ratio:   13.76
      Required ratio:    0.00 (Cumulative area) 
      Partial area ratio:   43.01
      Required ratio: 4046.20 (Side area) 
      Cumulative area ratio:   66.79
      Required ratio:    0.00 (Cumulative side area) 


  Pin:   _18864_/A1 (sky130_fd_sc_hd__mux2_1)
    Layer: mcon
      Partial area ratio:    0.23
      Required ratio:    3.00 (Gate area) 
      Cumulative area ratio:    0.23
      Required ratio:    0.00 (Cumulative area) 

    Layer: met1
      Partial area ratio:   11.00
      Required ratio:    0.00 (Gate area) 
      Cumulative area ratio:   11.00
      Required ratio:    0.00 (Cumulative area) 
      Partial area ratio:   53.35
      Required ratio:  400.00 (Side area) 
      Cumulative area ratio:   53.35
      Required ratio:    0.00 (Cumulative side area) 

    Layer: via
      Partial area ratio:    0.26
      Required ratio:    6.00 (Gate area) 
      Cumulative area ratio:    0.48
      Required ratio:    0.00 (Cumulative area) 

    Layer: met2
      Partial area ratio:    8.71
      Required ratio:    0.00 (Gate area) 
      Cumulative area ratio:   19.71
      Required ratio:    0.00 (Cumulative area) 
      Partial area ratio:   43.01
      Required ratio: 4046.20 (Side area) 
      Cumulative area ratio:   96.36
      Required ratio:    0.00 (Cumulative side area) 


  Pin:   _18897_/A1 (sky130_fd_sc_hd__mux2_1)
    Layer: mcon
      Partial area ratio:    0.23
      Required ratio:    3.00 (Gate area) 
      Cumulative area ratio:    0.23
      Required ratio:    0.00 (Cumulative area) 

    Layer: met1
      Partial area ratio:   11.00
      Required ratio:    0.00 (Gate area) 
      Cumulative area ratio:   11.00
      Required ratio:    0.00 (Cumulative area) 
      Partial area ratio:   53.35
      Required ratio:  400.00 (Side area) 
      Cumulative area ratio:   53.35
      Required ratio:    0.00 (Cumulative side area) 

    Layer: via
      Partial area ratio:    0.26
      Required ratio:    6.00 (Gate area) 
      Cumulative area ratio:    0.48
      Required ratio:    0.00 (Cumulative area) 

    Layer: met2
      Partial area ratio:    8.71
      Required ratio:    0.00 (Gate area) 
      Cumulative area ratio:   19.71
      Required ratio:    0.00 (Cumulative area) 
      Partial area ratio:   43.01
      Required ratio: 4046.20 (Side area) 
      Cumulative area ratio:   96.36
      Required ratio:    0.00 (Cumulative side area) 


  Pin:   _18931_/A1 (sky130_fd_sc_hd__mux2_1)
    Layer: mcon
      Partial area ratio:    0.23
      Required ratio:    3.00 (Gate area) 
      Cumulative area ratio:    0.23
      Required ratio:    0.00 (Cumulative area) 

    Layer: met1
      Partial area ratio:   10.18
      Required ratio:    0.00 (Gate area) 
      Cumulative area ratio:   10.18
      Required ratio:    0.00 (Cumulative area) 
      Partial area ratio:   49.03
      Required ratio:  400.00 (Side area) 
      Cumulative area ratio:   49.03
      Required ratio:    0.00 (Cumulative side area) 

    Layer: via
      Partial area ratio:    0.36
      Required ratio:    6.00 (Gate area) 
      Cumulative area ratio:    0.59
      Required ratio:    0.00 (Cumulative area) 

    Layer: met2
      Partial area ratio:    8.71
      Required ratio:    0.00 (Gate area) 
      Cumulative area ratio:   18.89
      Required ratio:    0.00 (Cumulative area) 
      Partial area ratio:   43.01
      Required ratio: 4046.20 (Side area) 
      Cumulative area ratio:   92.04
      Required ratio:    0.00 (Cumulative side area) 


  Pin:   _18964_/A0 (sky130_fd_sc_hd__mux2_1)
    Layer: mcon
      Partial area ratio:    0.23
      Required ratio:    3.00 (Gate area) 
      Cumulative area ratio:    0.23
      Required ratio:    0.00 (Cumulative area) 

    Layer: met1
      Partial area ratio:    7.36
      Required ratio:    0.00 (Gate area) 
      Cumulative area ratio:    7.36
      Required ratio:    0.00 (Cumulative area) 
      Partial area ratio:   35.35
      Required ratio:  400.00 (Side area) 
      Cumulative area ratio:   35.35
      Required ratio:    0.00 (Cumulative side area) 

    Layer: via
      Partial area ratio:    0.27
      Required ratio:    6.00 (Gate area) 
      Cumulative area ratio:    0.50
      Required ratio:    0.00 (Cumulative area) 

    Layer: met2
      Partial area ratio:    8.71
      Required ratio:    0.00 (Gate area) 
      Cumulative area ratio:   16.07
      Required ratio:    0.00 (Cumulative area) 
      Partial area ratio:   43.01
      Required ratio: 4046.20 (Side area) 
      Cumulative area ratio:   78.36
      Required ratio:    0.00 (Cumulative side area) 


  Pin:   _18997_/A1 (sky130_fd_sc_hd__mux2_1)
    Layer: mcon
      Partial area ratio:    0.23
      Required ratio:    3.00 (Gate area) 
      Cumulative area ratio:    0.23
      Required ratio:    0.00 (Cumulative area) 

    Layer: met1
      Partial area ratio:   10.15
      Required ratio:    0.00 (Gate area) 
      Cumulative area ratio:   10.15
      Required ratio:    0.00 (Cumulative area) 
      Partial area ratio:   48.90
      Required ratio:  400.00 (Side area) 
      Cumulative area ratio:   48.90
      Required ratio:    0.00 (Cumulative side area) 

    Layer: via
      Partial area ratio:    0.36
      Required ratio:    6.00 (Gate area) 
      Cumulative area ratio:    0.59
      Required ratio:    0.00 (Cumulative area) 

    Layer: met2
      Partial area ratio:    8.71
      Required ratio:    0.00 (Gate area) 
      Cumulative area ratio:   18.86
      Required ratio:    0.00 (Cumulative area) 
      Partial area ratio:   43.01
      Required ratio: 4046.20 (Side area) 
      Cumulative area ratio:   91.91
      Required ratio:    0.00 (Cumulative side area) 


  Pin:   _19031_/A1 (sky130_fd_sc_hd__mux2_1)
    Layer: mcon
      Partial area ratio:    0.23
      Required ratio:    3.00 (Gate area) 
      Cumulative area ratio:    0.23
      Required ratio:    0.00 (Cumulative area) 

    Layer: met1
      Partial area ratio:   46.07
      Required ratio:    0.00 (Gate area) 
      Cumulative area ratio:   46.07
      Required ratio:    0.00 (Cumulative area) 
      Partial area ratio:  228.80
      Required ratio:  400.00 (Side area) 
      Cumulative area ratio:  228.80
      Required ratio:    0.00 (Cumulative side area) 

    Layer: via
      Partial area ratio:    0.30
      Required ratio:    6.00 (Gate area) 
      Cumulative area ratio:    0.53
      Required ratio:    0.00 (Cumulative area) 

    Layer: met2
      Partial area ratio:    8.71
      Required ratio:    0.00 (Gate area) 
      Cumulative area ratio:   54.77
      Required ratio:    0.00 (Cumulative area) 
      Partial area ratio:   43.01
      Required ratio: 4046.20 (Side area) 
      Cumulative area ratio:  271.81
      Required ratio:    0.00 (Cumulative side area) 


  Pin:   _19064_/A1 (sky130_fd_sc_hd__mux2_1)
    Layer: mcon
      Partial area ratio:    0.23
      Required ratio:    3.00 (Gate area) 
      Cumulative area ratio:    0.23
      Required ratio:    0.00 (Cumulative area) 

    Layer: met1
      Partial area ratio:   27.88
      Required ratio:    0.00 (Gate area) 
      Cumulative area ratio:   27.88
      Required ratio:    0.00 (Cumulative area) 
      Partial area ratio:  137.11
      Required ratio:  400.00 (Side area) 
      Cumulative area ratio:  137.11
      Required ratio:    0.00 (Cumulative side area) 

    Layer: via
      Partial area ratio:    0.42
      Required ratio:    6.00 (Gate area) 
      Cumulative area ratio:    0.65
      Required ratio:    0.00 (Cumulative area) 

    Layer: met2
      Partial area ratio:    8.71
      Required ratio:    0.00 (Gate area) 
      Cumulative area ratio:   36.59
      Required ratio:    0.00 (Cumulative area) 
      Partial area ratio:   43.01
      Required ratio: 4046.20 (Side area) 
      Cumulative area ratio:  180.12
      Required ratio:    0.00 (Cumulative side area) 


  Pin:   _19097_/A1 (sky130_fd_sc_hd__mux2_1)
    Layer: mcon
      Partial area ratio:    0.23
      Required ratio:    3.00 (Gate area) 
      Cumulative area ratio:    0.23
      Required ratio:    0.00 (Cumulative area) 

    Layer: met1
      Partial area ratio:    5.62
      Required ratio:    0.00 (Gate area) 
      Cumulative area ratio:    5.62
      Required ratio:    0.00 (Cumulative area) 
      Partial area ratio:   26.61
      Required ratio:  400.00 (Side area) 
      Cumulative area ratio:   26.61
      Required ratio:    0.00 (Cumulative side area) 

    Layer: via
      Partial area ratio:    0.36
      Required ratio:    6.00 (Gate area) 
      Cumulative area ratio:    0.59
      Required ratio:    0.00 (Cumulative area) 

    Layer: met2
      Partial area ratio:    8.71
      Required ratio:    0.00 (Gate area) 
      Cumulative area ratio:   14.33
      Required ratio:    0.00 (Cumulative area) 
      Partial area ratio:   43.01
      Required ratio: 4046.20 (Side area) 
      Cumulative area ratio:   69.62
      Required ratio:    0.00 (Cumulative side area) 


  Pin:   _24680_/A0 (sky130_fd_sc_hd__mux2_1)
    Layer: mcon
      Partial area ratio:    0.23
      Required ratio:    3.00 (Gate area) 
      Cumulative area ratio:    0.23
      Required ratio:    0.00 (Cumulative area) 

    Layer: met1
      Partial area ratio:    9.47
      Required ratio:    0.00 (Gate area) 
      Cumulative area ratio:    9.47
      Required ratio:    0.00 (Cumulative area) 
      Partial area ratio:   46.11
      Required ratio:  400.00 (Side area) 
      Cumulative area ratio:   46.11
      Required ratio:    0.00 (Cumulative side area) 

    Layer: via
      Partial area ratio:    0.20
      Required ratio:    6.00 (Gate area) 
      Cumulative area ratio:    0.43
      Required ratio:    0.00 (Cumulative area) 

    Layer: met2
      Partial area ratio:    8.71
      Required ratio:    0.00 (Gate area) 
      Cumulative area ratio:   18.18
      Required ratio:    0.00 (Cumulative area) 
      Partial area ratio:   43.01
      Required ratio: 4046.20 (Side area) 
      Cumulative area ratio:   89.13
      Required ratio:    0.00 (Cumulative side area) 


  Pin:   _24713_/A0 (sky130_fd_sc_hd__mux2_1)
    Layer: mcon
      Partial area ratio:    0.23
      Required ratio:    3.00 (Gate area) 
      Cumulative area ratio:    0.23
      Required ratio:    0.00 (Cumulative area) 

    Layer: met1
      Partial area ratio:    6.72
      Required ratio:    0.00 (Gate area) 
      Cumulative area ratio:    6.72
      Required ratio:    0.00 (Cumulative area) 
      Partial area ratio:   32.25
      Required ratio:  400.00 (Side area) 
      Cumulative area ratio:   32.25
      Required ratio:    0.00 (Cumulative side area) 

    Layer: via
      Partial area ratio:    0.19
      Required ratio:    6.00 (Gate area) 
      Cumulative area ratio:    0.42
      Required ratio:    0.00 (Cumulative area) 

    Layer: met2
      Partial area ratio:    8.71
      Required ratio:    0.00 (Gate area) 
      Cumulative area ratio:   15.43
      Required ratio:    0.00 (Cumulative area) 
      Partial area ratio:   43.01
      Required ratio: 4046.20 (Side area) 
      Cumulative area ratio:   75.26
      Required ratio:    0.00 (Cumulative side area) 


  Pin:   _24746_/A0 (sky130_fd_sc_hd__mux2_1)
    Layer: mcon
      Partial area ratio:    0.23
      Required ratio:    3.00 (Gate area) 
      Cumulative area ratio:    0.23
      Required ratio:    0.00 (Cumulative area) 

    Layer: met1
      Partial area ratio:    5.16
      Required ratio:    0.00 (Gate area) 
      Cumulative area ratio:    5.16
      Required ratio:    0.00 (Cumulative area) 
      Partial area ratio:   24.34
      Required ratio:  400.00 (Side area) 
      Cumulative area ratio:   24.34
      Required ratio:    0.00 (Cumulative side area) 

    Layer: via
      Partial area ratio:    0.36
      Required ratio:    6.00 (Gate area) 
      Cumulative area ratio:    0.59
      Required ratio:    0.00 (Cumulative area) 

    Layer: met2
      Partial area ratio:    8.71
      Required ratio:    0.00 (Gate area) 
      Cumulative area ratio:   13.87
      Required ratio:    0.00 (Cumulative area) 
      Partial area ratio:   43.01
      Required ratio: 4046.20 (Side area) 
      Cumulative area ratio:   67.36
      Required ratio:    0.00 (Cumulative side area) 


  Pin:   _24779_/A0 (sky130_fd_sc_hd__mux2_1)
    Layer: mcon
      Partial area ratio:    0.23
      Required ratio:    3.00 (Gate area) 
      Cumulative area ratio:    0.23
      Required ratio:    0.00 (Cumulative area) 

    Layer: met1
      Partial area ratio:    6.72
      Required ratio:    0.00 (Gate area) 
      Cumulative area ratio:    6.72
      Required ratio:    0.00 (Cumulative area) 
      Partial area ratio:   32.25
      Required ratio:  400.00 (Side area) 
      Cumulative area ratio:   32.25
      Required ratio:    0.00 (Cumulative side area) 

    Layer: via
      Partial area ratio:    0.19
      Required ratio:    6.00 (Gate area) 
      Cumulative area ratio:    0.42
      Required ratio:    0.00 (Cumulative area) 

    Layer: met2
      Partial area ratio:    8.71
      Required ratio:    0.00 (Gate area) 
      Cumulative area ratio:   15.43
      Required ratio:    0.00 (Cumulative area) 
      Partial area ratio:   43.01
      Required ratio: 4046.20 (Side area) 
      Cumulative area ratio:   75.26
      Required ratio:    0.00 (Cumulative side area) 


  Pin:   _24812_/A1 (sky130_fd_sc_hd__mux2_1)
    Layer: mcon
      Partial area ratio:    0.23
      Required ratio:    3.00 (Gate area) 
      Cumulative area ratio:    0.23
      Required ratio:    0.00 (Cumulative area) 

    Layer: met1
      Partial area ratio:    7.73
      Required ratio:    0.00 (Gate area) 
      Cumulative area ratio:    7.73
      Required ratio:    0.00 (Cumulative area) 
      Partial area ratio:   37.19
      Required ratio:  400.00 (Side area) 
      Cumulative area ratio:   37.19
      Required ratio:    0.00 (Cumulative side area) 

    Layer: via
      Partial area ratio:    0.27
      Required ratio:    6.00 (Gate area) 
      Cumulative area ratio:    0.50
      Required ratio:    0.00 (Cumulative area) 

    Layer: met2
      Partial area ratio:    8.71
      Required ratio:    0.00 (Gate area) 
      Cumulative area ratio:   16.43
      Required ratio:    0.00 (Cumulative area) 
      Partial area ratio:   43.01
      Required ratio: 4046.20 (Side area) 
      Cumulative area ratio:   80.21
      Required ratio:    0.00 (Cumulative side area) 


  Pin:   _24845_/A1 (sky130_fd_sc_hd__mux2_1)
    Layer: mcon
      Partial area ratio:    0.23
      Required ratio:    3.00 (Gate area) 
      Cumulative area ratio:    0.23
      Required ratio:    0.00 (Cumulative area) 

    Layer: met1
      Partial area ratio:   13.55
      Required ratio:    0.00 (Gate area) 
      Cumulative area ratio:   13.55
      Required ratio:    0.00 (Cumulative area) 
      Partial area ratio:   65.44
      Required ratio:  400.00 (Side area) 
      Cumulative area ratio:   65.44
      Required ratio:    0.00 (Cumulative side area) 

    Layer: via
      Partial area ratio:    0.54
      Required ratio:    6.00 (Gate area) 
      Cumulative area ratio:    0.77
      Required ratio:    0.00 (Cumulative area) 

    Layer: met2
      Partial area ratio:    8.71
      Required ratio:    0.00 (Gate area) 
      Cumulative area ratio:   22.26
      Required ratio:    0.00 (Cumulative area) 
      Partial area ratio:   43.01
      Required ratio: 4046.20 (Side area) 
      Cumulative area ratio:  108.46
      Required ratio:    0.00 (Cumulative side area) 


  Pin:   _24878_/A1 (sky130_fd_sc_hd__mux2_1)
    Layer: mcon
      Partial area ratio:    0.23
      Required ratio:    3.00 (Gate area) 
      Cumulative area ratio:    0.23
      Required ratio:    0.00 (Cumulative area) 

    Layer: met1
      Partial area ratio:    9.65
      Required ratio:    0.00 (Gate area) 
      Cumulative area ratio:    9.65
      Required ratio:    0.00 (Cumulative area) 
      Partial area ratio:   46.56
      Required ratio:  400.00 (Side area) 
      Cumulative area ratio:   46.56
      Required ratio:    0.00 (Cumulative side area) 

    Layer: via
      Partial area ratio:    0.30
      Required ratio:    6.00 (Gate area) 
      Cumulative area ratio:    0.53
      Required ratio:    0.00 (Cumulative area) 

    Layer: met2
      Partial area ratio:    8.71
      Required ratio:    0.00 (Gate area) 
      Cumulative area ratio:   18.36
      Required ratio:    0.00 (Cumulative area) 
      Partial area ratio:   43.01
      Required ratio: 4046.20 (Side area) 
      Cumulative area ratio:   89.57
      Required ratio:    0.00 (Cumulative side area) 


  Pin:   _24911_/A1 (sky130_fd_sc_hd__mux2_1)
    Layer: mcon
      Partial area ratio:    0.23
      Required ratio:    3.00 (Gate area) 
      Cumulative area ratio:    0.23
      Required ratio:    0.00 (Cumulative area) 

    Layer: met1
      Partial area ratio:    3.76
      Required ratio:    0.00 (Gate area) 
      Cumulative area ratio:    3.76
      Required ratio:    0.00 (Cumulative area) 
      Partial area ratio:   17.33
      Required ratio:  400.00 (Side area) 
      Cumulative area ratio:   17.33
      Required ratio:    0.00 (Cumulative side area) 

    Layer: via
      Partial area ratio:    0.36
      Required ratio:    6.00 (Gate area) 
      Cumulative area ratio:    0.59
      Required ratio:    0.00 (Cumulative area) 

    Layer: met2
      Partial area ratio:    8.71
      Required ratio:    0.00 (Gate area) 
      Cumulative area ratio:   12.47
      Required ratio:    0.00 (Cumulative area) 
      Partial area ratio:   43.01
      Required ratio: 4046.20 (Side area) 
      Cumulative area ratio:   60.34
      Required ratio:    0.00 (Cumulative side area) 


  Pin:   _24944_/A1 (sky130_fd_sc_hd__mux2_1)
    Layer: mcon
      Partial area ratio:    0.23
      Required ratio:    3.00 (Gate area) 
      Cumulative area ratio:    0.23
      Required ratio:    0.00 (Cumulative area) 

    Layer: met1
      Partial area ratio:    8.61
      Required ratio:    0.00 (Gate area) 
      Cumulative area ratio:    8.61
      Required ratio:    0.00 (Cumulative area) 
      Partial area ratio:   41.26
      Required ratio:  400.00 (Side area) 
      Cumulative area ratio:   41.26
      Required ratio:    0.00 (Cumulative side area) 

    Layer: via
      Partial area ratio:    0.32
      Required ratio:    6.00 (Gate area) 
      Cumulative area ratio:    0.55
      Required ratio:    0.00 (Cumulative area) 

    Layer: met2
      Partial area ratio:    8.71
      Required ratio:    0.00 (Gate area) 
      Cumulative area ratio:   17.32
      Required ratio:    0.00 (Cumulative area) 
      Partial area ratio:   43.01
      Required ratio: 4046.20 (Side area) 
      Cumulative area ratio:   84.27
      Required ratio:    0.00 (Cumulative side area) 


  Pin:   _24977_/A0 (sky130_fd_sc_hd__mux2_1)
    Layer: mcon
      Partial area ratio:    0.23
      Required ratio:    3.00 (Gate area) 
      Cumulative area ratio:    0.23
      Required ratio:    0.00 (Cumulative area) 

    Layer: met1
      Partial area ratio:    9.47
      Required ratio:    0.00 (Gate area) 
      Cumulative area ratio:    9.47
      Required ratio:    0.00 (Cumulative area) 
      Partial area ratio:   46.11
      Required ratio:  400.00 (Side area) 
      Cumulative area ratio:   46.11
      Required ratio:    0.00 (Cumulative side area) 

    Layer: via
      Partial area ratio:    0.20
      Required ratio:    6.00 (Gate area) 
      Cumulative area ratio:    0.43
      Required ratio:    0.00 (Cumulative area) 

    Layer: met2
      Partial area ratio:    8.71
      Required ratio:    0.00 (Gate area) 
      Cumulative area ratio:   18.18
      Required ratio:    0.00 (Cumulative area) 
      Partial area ratio:   43.01
      Required ratio: 4046.20 (Side area) 
      Cumulative area ratio:   89.13
      Required ratio:    0.00 (Cumulative side area) 


  Pin:   _25010_/A1 (sky130_fd_sc_hd__mux2_1)
    Layer: mcon
      Partial area ratio:    0.23
      Required ratio:    3.00 (Gate area) 
      Cumulative area ratio:    0.23
      Required ratio:    0.00 (Cumulative area) 

    Layer: met1
      Partial area ratio:   26.60
      Required ratio:    0.00 (Gate area) 
      Cumulative area ratio:   26.60
      Required ratio:    0.00 (Cumulative area) 
      Partial area ratio:  130.69
      Required ratio:  400.00 (Side area) 
      Cumulative area ratio:  130.69
      Required ratio:    0.00 (Cumulative side area) 

    Layer: via
      Partial area ratio:    0.45
      Required ratio:    6.00 (Gate area) 
      Cumulative area ratio:    0.68
      Required ratio:    0.00 (Cumulative area) 

    Layer: met2
      Partial area ratio:    8.71
      Required ratio:    0.00 (Gate area) 
      Cumulative area ratio:   35.31
      Required ratio:    0.00 (Cumulative area) 
      Partial area ratio:   43.01
      Required ratio: 4046.20 (Side area) 
      Cumulative area ratio:  173.71
      Required ratio:    0.00 (Cumulative side area) 


  Pin:   _25043_/A1 (sky130_fd_sc_hd__mux2_1)
    Layer: mcon
      Partial area ratio:    0.23
      Required ratio:    3.00 (Gate area) 
      Cumulative area ratio:    0.23
      Required ratio:    0.00 (Cumulative area) 

    Layer: met1
      Partial area ratio:   26.10
      Required ratio:    0.00 (Gate area) 
      Cumulative area ratio:   26.10
      Required ratio:    0.00 (Cumulative area) 
      Partial area ratio:  128.22
      Required ratio:  400.00 (Side area) 
      Cumulative area ratio:  128.22
      Required ratio:    0.00 (Cumulative side area) 

    Layer: via
      Partial area ratio:    0.42
      Required ratio:    6.00 (Gate area) 
      Cumulative area ratio:    0.65
      Required ratio:    0.00 (Cumulative area) 

    Layer: met2
      Partial area ratio:    8.71
      Required ratio:    0.00 (Gate area) 
      Cumulative area ratio:   34.81
      Required ratio:    0.00 (Cumulative area) 
      Partial area ratio:   43.01
      Required ratio: 4046.20 (Side area) 
      Cumulative area ratio:  171.23
      Required ratio:    0.00 (Cumulative side area) 


  Pin:   _25076_/A0 (sky130_fd_sc_hd__mux2_1)
    Layer: mcon
      Partial area ratio:    0.23
      Required ratio:    3.00 (Gate area) 
      Cumulative area ratio:    0.23
      Required ratio:    0.00 (Cumulative area) 

    Layer: met1
      Partial area ratio:    6.72
      Required ratio:    0.00 (Gate area) 
      Cumulative area ratio:    6.72
      Required ratio:    0.00 (Cumulative area) 
      Partial area ratio:   32.25
      Required ratio:  400.00 (Side area) 
      Cumulative area ratio:   32.25
      Required ratio:    0.00 (Cumulative side area) 

    Layer: via
      Partial area ratio:    0.19
      Required ratio:    6.00 (Gate area) 
      Cumulative area ratio:    0.42
      Required ratio:    0.00 (Cumulative area) 

    Layer: met2
      Partial area ratio:    8.71
      Required ratio:    0.00 (Gate area) 
      Cumulative area ratio:   15.43
      Required ratio:    0.00 (Cumulative area) 
      Partial area ratio:   43.01
      Required ratio: 4046.20 (Side area) 
      Cumulative area ratio:   75.26
      Required ratio:    0.00 (Cumulative side area) 


  Pin:   _25109_/A1 (sky130_fd_sc_hd__mux2_1)
    Layer: mcon
      Partial area ratio:    0.23
      Required ratio:    3.00 (Gate area) 
      Cumulative area ratio:    0.23
      Required ratio:    0.00 (Cumulative area) 

    Layer: met1
      Partial area ratio:    9.65
      Required ratio:    0.00 (Gate area) 
      Cumulative area ratio:    9.65
      Required ratio:    0.00 (Cumulative area) 
      Partial area ratio:   46.81
      Required ratio:  400.00 (Side area) 
      Cumulative area ratio:   46.81
      Required ratio:    0.00 (Cumulative side area) 

    Layer: via
      Partial area ratio:    0.27
      Required ratio:    6.00 (Gate area) 
      Cumulative area ratio:    0.50
      Required ratio:    0.00 (Cumulative area) 

    Layer: met2
      Partial area ratio:    8.71
      Required ratio:    0.00 (Gate area) 
      Cumulative area ratio:   18.36
      Required ratio:    0.00 (Cumulative area) 
      Partial area ratio:   43.01
      Required ratio: 4046.20 (Side area) 
      Cumulative area ratio:   89.82
      Required ratio:    0.00 (Cumulative side area) 


  Pin:   _25142_/A1 (sky130_fd_sc_hd__mux2_1)
    Layer: mcon
      Partial area ratio:    0.23
      Required ratio:    3.00 (Gate area) 
      Cumulative area ratio:    0.23
      Required ratio:    0.00 (Cumulative area) 

    Layer: met1
      Partial area ratio:    6.72
      Required ratio:    0.00 (Gate area) 
      Cumulative area ratio:    6.72
      Required ratio:    0.00 (Cumulative area) 
      Partial area ratio:   32.25
      Required ratio:  400.00 (Side area) 
      Cumulative area ratio:   32.25
      Required ratio:    0.00 (Cumulative side area) 

    Layer: via
      Partial area ratio:    0.19
      Required ratio:    6.00 (Gate area) 
      Cumulative area ratio:    0.42
      Required ratio:    0.00 (Cumulative area) 

    Layer: met2
      Partial area ratio:    8.71
      Required ratio:    0.00 (Gate area) 
      Cumulative area ratio:   15.43
      Required ratio:    0.00 (Cumulative area) 
      Partial area ratio:   43.01
      Required ratio: 4046.20 (Side area) 
      Cumulative area ratio:   75.26
      Required ratio:    0.00 (Cumulative side area) 


  Pin:   _25175_/A1 (sky130_fd_sc_hd__mux2_1)
    Layer: mcon
      Partial area ratio:    0.23
      Required ratio:    3.00 (Gate area) 
      Cumulative area ratio:    0.23
      Required ratio:    0.00 (Cumulative area) 

    Layer: met1
      Partial area ratio:    9.65
      Required ratio:    0.00 (Gate area) 
      Cumulative area ratio:    9.65
      Required ratio:    0.00 (Cumulative area) 
      Partial area ratio:   46.81
      Required ratio:  400.00 (Side area) 
      Cumulative area ratio:   46.81
      Required ratio:    0.00 (Cumulative side area) 

    Layer: via
      Partial area ratio:    0.27
      Required ratio:    6.00 (Gate area) 
      Cumulative area ratio:    0.50
      Required ratio:    0.00 (Cumulative area) 

    Layer: met2
      Partial area ratio:    8.71
      Required ratio:    0.00 (Gate area) 
      Cumulative area ratio:   18.36
      Required ratio:    0.00 (Cumulative area) 
      Partial area ratio:   43.01
      Required ratio: 4046.20 (Side area) 
      Cumulative area ratio:   89.82
      Required ratio:    0.00 (Cumulative side area) 


  Pin:   _25208_/A0 (sky130_fd_sc_hd__mux2_1)
    Layer: mcon
      Partial area ratio:    0.23
      Required ratio:    3.00 (Gate area) 
      Cumulative area ratio:    0.23
      Required ratio:    0.00 (Cumulative area) 

    Layer: met1
      Partial area ratio:    5.90
      Required ratio:    0.00 (Gate area) 
      Cumulative area ratio:    5.90
      Required ratio:    0.00 (Cumulative area) 
      Partial area ratio:   28.00
      Required ratio:  400.00 (Side area) 
      Cumulative area ratio:   28.00
      Required ratio:    0.00 (Cumulative side area) 

    Layer: via
      Partial area ratio:    0.26
      Required ratio:    6.00 (Gate area) 
      Cumulative area ratio:    0.49
      Required ratio:    0.00 (Cumulative area) 

    Layer: met2
      Partial area ratio:    8.71
      Required ratio:    0.00 (Gate area) 
      Cumulative area ratio:   14.61
      Required ratio:    0.00 (Cumulative area) 
      Partial area ratio:   43.01
      Required ratio: 4046.20 (Side area) 
      Cumulative area ratio:   71.02
      Required ratio:    0.00 (Cumulative side area) 


  Pin:   _25241_/A1 (sky130_fd_sc_hd__mux2_1)
    Layer: mcon
      Partial area ratio:    0.23
      Required ratio:    3.00 (Gate area) 
      Cumulative area ratio:    0.23
      Required ratio:    0.00 (Cumulative area) 

    Layer: met1
      Partial area ratio:   26.60
      Required ratio:    0.00 (Gate area) 
      Cumulative area ratio:   26.60
      Required ratio:    0.00 (Cumulative area) 
      Partial area ratio:  130.69
      Required ratio:  400.00 (Side area) 
      Cumulative area ratio:  130.69
      Required ratio:    0.00 (Cumulative side area) 

    Layer: via
      Partial area ratio:    0.45
      Required ratio:    6.00 (Gate area) 
      Cumulative area ratio:    0.68
      Required ratio:    0.00 (Cumulative area) 

    Layer: met2
      Partial area ratio:    8.71
      Required ratio:    0.00 (Gate area) 
      Cumulative area ratio:   35.31
      Required ratio:    0.00 (Cumulative area) 
      Partial area ratio:   43.01
      Required ratio: 4046.20 (Side area) 
      Cumulative area ratio:  173.71
      Required ratio:    0.00 (Cumulative side area) 


  Pin:   _25274_/A1 (sky130_fd_sc_hd__mux2_1)
    Layer: mcon
      Partial area ratio:    0.23
      Required ratio:    3.00 (Gate area) 
      Cumulative area ratio:    0.23
      Required ratio:    0.00 (Cumulative area) 

    Layer: met1
      Partial area ratio:    5.90
      Required ratio:    0.00 (Gate area) 
      Cumulative area ratio:    5.90
      Required ratio:    0.00 (Cumulative area) 
      Partial area ratio:   28.00
      Required ratio:  400.00 (Side area) 
      Cumulative area ratio:   28.00
      Required ratio:    0.00 (Cumulative side area) 

    Layer: via
      Partial area ratio:    0.26
      Required ratio:    6.00 (Gate area) 
      Cumulative area ratio:    0.49
      Required ratio:    0.00 (Cumulative area) 

    Layer: met2
      Partial area ratio:    8.71
      Required ratio:    0.00 (Gate area) 
      Cumulative area ratio:   14.61
      Required ratio:    0.00 (Cumulative area) 
      Partial area ratio:   43.01
      Required ratio: 4046.20 (Side area) 
      Cumulative area ratio:   71.02
      Required ratio:    0.00 (Cumulative side area) 


  Pin:   _25307_/A1 (sky130_fd_sc_hd__mux2_1)
    Layer: mcon
      Partial area ratio:    0.23
      Required ratio:    3.00 (Gate area) 
      Cumulative area ratio:    0.23
      Required ratio:    0.00 (Cumulative area) 

    Layer: met1
      Partial area ratio:    5.90
      Required ratio:    0.00 (Gate area) 
      Cumulative area ratio:    5.90
      Required ratio:    0.00 (Cumulative area) 
      Partial area ratio:   28.00
      Required ratio:  400.00 (Side area) 
      Cumulative area ratio:   28.00
      Required ratio:    0.00 (Cumulative side area) 

    Layer: via
      Partial area ratio:    0.26
      Required ratio:    6.00 (Gate area) 
      Cumulative area ratio:    0.49
      Required ratio:    0.00 (Cumulative area) 

    Layer: met2
      Partial area ratio:    8.71
      Required ratio:    0.00 (Gate area) 
      Cumulative area ratio:   14.61
      Required ratio:    0.00 (Cumulative area) 
      Partial area ratio:   43.01
      Required ratio: 4046.20 (Side area) 
      Cumulative area ratio:   71.02
      Required ratio:    0.00 (Cumulative side area) 


  Pin:   _25340_/A1 (sky130_fd_sc_hd__mux2_1)
    Layer: mcon
      Partial area ratio:    0.23
      Required ratio:    3.00 (Gate area) 
      Cumulative area ratio:    0.23
      Required ratio:    0.00 (Cumulative area) 

    Layer: met1
      Partial area ratio:   14.10
      Required ratio:    0.00 (Gate area) 
      Cumulative area ratio:   14.10
      Required ratio:    0.00 (Cumulative area) 
      Partial area ratio:   68.17
      Required ratio:  400.00 (Side area) 
      Cumulative area ratio:   68.17
      Required ratio:    0.00 (Cumulative side area) 

    Layer: via
      Partial area ratio:    0.54
      Required ratio:    6.00 (Gate area) 
      Cumulative area ratio:    0.77
      Required ratio:    0.00 (Cumulative area) 

    Layer: met2
      Partial area ratio:    8.71
      Required ratio:    0.00 (Gate area) 
      Cumulative area ratio:   22.81
      Required ratio:    0.00 (Cumulative area) 
      Partial area ratio:   43.01
      Required ratio: 4046.20 (Side area) 
      Cumulative area ratio:  111.18
      Required ratio:    0.00 (Cumulative side area) 


  Pin:   _25373_/A0 (sky130_fd_sc_hd__mux2_1)
    Layer: mcon
      Partial area ratio:    0.23
      Required ratio:    3.00 (Gate area) 
      Cumulative area ratio:    0.23
      Required ratio:    0.00 (Cumulative area) 

    Layer: met1
      Partial area ratio:    8.65
      Required ratio:    0.00 (Gate area) 
      Cumulative area ratio:    8.65
      Required ratio:    0.00 (Cumulative area) 
      Partial area ratio:   41.57
      Required ratio:  400.00 (Side area) 
      Cumulative area ratio:   41.57
      Required ratio:    0.00 (Cumulative side area) 

    Layer: via
      Partial area ratio:    0.30
      Required ratio:    6.00 (Gate area) 
      Cumulative area ratio:    0.53
      Required ratio:    0.00 (Cumulative area) 

    Layer: met2
      Partial area ratio:    8.71
      Required ratio:    0.00 (Gate area) 
      Cumulative area ratio:   17.36
      Required ratio:    0.00 (Cumulative area) 
      Partial area ratio:   43.01
      Required ratio: 4046.20 (Side area) 
      Cumulative area ratio:   84.58
      Required ratio:    0.00 (Cumulative side area) 


  Pin:   _25406_/A1 (sky130_fd_sc_hd__mux2_1)
    Layer: mcon
      Partial area ratio:    0.23
      Required ratio:    3.00 (Gate area) 
      Cumulative area ratio:    0.23
      Required ratio:    0.00 (Cumulative area) 

    Layer: met1
      Partial area ratio:    3.06
      Required ratio:    0.00 (Gate area) 
      Cumulative area ratio:    3.06
      Required ratio:    0.00 (Cumulative area) 
      Partial area ratio:   13.83
      Required ratio:  400.00 (Side area) 
      Cumulative area ratio:   13.83
      Required ratio:    0.00 (Cumulative side area) 

    Layer: via
      Partial area ratio:    0.36
      Required ratio:    6.00 (Gate area) 
      Cumulative area ratio:    0.59
      Required ratio:    0.00 (Cumulative area) 

    Layer: met2
      Partial area ratio:    8.71
      Required ratio:    0.00 (Gate area) 
      Cumulative area ratio:   11.77
      Required ratio:    0.00 (Cumulative area) 
      Partial area ratio:   43.01
      Required ratio: 4046.20 (Side area) 
      Cumulative area ratio:   56.84
      Required ratio:    0.00 (Cumulative side area) 


  Pin:   _25439_/A1 (sky130_fd_sc_hd__mux2_1)
    Layer: mcon
      Partial area ratio:    0.23
      Required ratio:    3.00 (Gate area) 
      Cumulative area ratio:    0.23
      Required ratio:    0.00 (Cumulative area) 

    Layer: met1
      Partial area ratio:   46.07
      Required ratio:    0.00 (Gate area) 
      Cumulative area ratio:   46.07
      Required ratio:    0.00 (Cumulative area) 
      Partial area ratio:  228.80
      Required ratio:  400.00 (Side area) 
      Cumulative area ratio:  228.80
      Required ratio:    0.00 (Cumulative side area) 

    Layer: via
      Partial area ratio:    0.30
      Required ratio:    6.00 (Gate area) 
      Cumulative area ratio:    0.53
      Required ratio:    0.00 (Cumulative area) 

    Layer: met2
      Partial area ratio:    8.71
      Required ratio:    0.00 (Gate area) 
      Cumulative area ratio:   54.77
      Required ratio:    0.00 (Cumulative area) 
      Partial area ratio:   43.01
      Required ratio: 4046.20 (Side area) 
      Cumulative area ratio:  271.81
      Required ratio:    0.00 (Cumulative side area) 


  Pin:   _25472_/A0 (sky130_fd_sc_hd__mux2_1)
    Layer: mcon
      Partial area ratio:    0.23
      Required ratio:    3.00 (Gate area) 
      Cumulative area ratio:    0.23
      Required ratio:    0.00 (Cumulative area) 

    Layer: met1
      Partial area ratio:   20.77
      Required ratio:    0.00 (Gate area) 
      Cumulative area ratio:   20.77
      Required ratio:    0.00 (Cumulative area) 
      Partial area ratio:  102.11
      Required ratio:  400.00 (Side area) 
      Cumulative area ratio:  102.11
      Required ratio:    0.00 (Cumulative side area) 

    Layer: via
      Partial area ratio:    0.29
      Required ratio:    6.00 (Gate area) 
      Cumulative area ratio:    0.52
      Required ratio:    0.00 (Cumulative area) 

    Layer: met2
      Partial area ratio:    8.71
      Required ratio:    0.00 (Gate area) 
      Cumulative area ratio:   29.48
      Required ratio:    0.00 (Cumulative area) 
      Partial area ratio:   43.01
      Required ratio: 4046.20 (Side area) 
      Cumulative area ratio:  145.12
      Required ratio:    0.00 (Cumulative side area) 


  Pin:   _25505_/A0 (sky130_fd_sc_hd__mux2_1)
    Layer: mcon
      Partial area ratio:    0.23
      Required ratio:    3.00 (Gate area) 
      Cumulative area ratio:    0.23
      Required ratio:    0.00 (Cumulative area) 

    Layer: met1
      Partial area ratio:   10.15
      Required ratio:    0.00 (Gate area) 
      Cumulative area ratio:   10.15
      Required ratio:    0.00 (Cumulative area) 
      Partial area ratio:   48.90
      Required ratio:  400.00 (Side area) 
      Cumulative area ratio:   48.90
      Required ratio:    0.00 (Cumulative side area) 

    Layer: via
      Partial area ratio:    0.36
      Required ratio:    6.00 (Gate area) 
      Cumulative area ratio:    0.59
      Required ratio:    0.00 (Cumulative area) 

    Layer: met2
      Partial area ratio:    8.71
      Required ratio:    0.00 (Gate area) 
      Cumulative area ratio:   18.86
      Required ratio:    0.00 (Cumulative area) 
      Partial area ratio:   43.01
      Required ratio: 4046.20 (Side area) 
      Cumulative area ratio:   91.91
      Required ratio:    0.00 (Cumulative side area) 


  Pin:   _25538_/A0 (sky130_fd_sc_hd__mux2_1)
    Layer: mcon
      Partial area ratio:    0.23
      Required ratio:    3.00 (Gate area) 
      Cumulative area ratio:    0.23
      Required ratio:    0.00 (Cumulative area) 

    Layer: met1
      Partial area ratio:   20.77
      Required ratio:    0.00 (Gate area) 
      Cumulative area ratio:   20.77
      Required ratio:    0.00 (Cumulative area) 
      Partial area ratio:  102.11
      Required ratio:  400.00 (Side area) 
      Cumulative area ratio:  102.11
      Required ratio:    0.00 (Cumulative side area) 

    Layer: via
      Partial area ratio:    0.29
      Required ratio:    6.00 (Gate area) 
      Cumulative area ratio:    0.52
      Required ratio:    0.00 (Cumulative area) 

    Layer: met2
      Partial area ratio:    8.71
      Required ratio:    0.00 (Gate area) 
      Cumulative area ratio:   29.48
      Required ratio:    0.00 (Cumulative area) 
      Partial area ratio:   43.01
      Required ratio: 4046.20 (Side area) 
      Cumulative area ratio:  145.12
      Required ratio:    0.00 (Cumulative side area) 


  Pin:   _25571_/A1 (sky130_fd_sc_hd__mux2_1)
    Layer: mcon
      Partial area ratio:    0.23
      Required ratio:    3.00 (Gate area) 
      Cumulative area ratio:    0.23
      Required ratio:    0.00 (Cumulative area) 

    Layer: met1
      Partial area ratio:   20.77
      Required ratio:    0.00 (Gate area) 
      Cumulative area ratio:   20.77
      Required ratio:    0.00 (Cumulative area) 
      Partial area ratio:  102.11
      Required ratio:  400.00 (Side area) 
      Cumulative area ratio:  102.11
      Required ratio:    0.00 (Cumulative side area) 

    Layer: via
      Partial area ratio:    0.29
      Required ratio:    6.00 (Gate area) 
      Cumulative area ratio:    0.52
      Required ratio:    0.00 (Cumulative area) 

    Layer: met2
      Partial area ratio:    8.71
      Required ratio:    0.00 (Gate area) 
      Cumulative area ratio:   29.48
      Required ratio:    0.00 (Cumulative area) 
      Partial area ratio:   43.01
      Required ratio: 4046.20 (Side area) 
      Cumulative area ratio:  145.12
      Required ratio:    0.00 (Cumulative side area) 


  Pin:   _25604_/A0 (sky130_fd_sc_hd__mux2_1)
    Layer: mcon
      Partial area ratio:    0.23
      Required ratio:    3.00 (Gate area) 
      Cumulative area ratio:    0.23
      Required ratio:    0.00 (Cumulative area) 

    Layer: met1
      Partial area ratio:   20.77
      Required ratio:    0.00 (Gate area) 
      Cumulative area ratio:   20.77
      Required ratio:    0.00 (Cumulative area) 
      Partial area ratio:  102.11
      Required ratio:  400.00 (Side area) 
      Cumulative area ratio:  102.11
      Required ratio:    0.00 (Cumulative side area) 

    Layer: via
      Partial area ratio:    0.29
      Required ratio:    6.00 (Gate area) 
      Cumulative area ratio:    0.52
      Required ratio:    0.00 (Cumulative area) 

    Layer: met2
      Partial area ratio:    8.71
      Required ratio:    0.00 (Gate area) 
      Cumulative area ratio:   29.48
      Required ratio:    0.00 (Cumulative area) 
      Partial area ratio:   43.01
      Required ratio: 4046.20 (Side area) 
      Cumulative area ratio:  145.12
      Required ratio:    0.00 (Cumulative side area) 


  Pin:   _25637_/A1 (sky130_fd_sc_hd__mux2_1)
    Layer: mcon
      Partial area ratio:    0.23
      Required ratio:    3.00 (Gate area) 
      Cumulative area ratio:    0.23
      Required ratio:    0.00 (Cumulative area) 

    Layer: met1
      Partial area ratio:    6.07
      Required ratio:    0.00 (Gate area) 
      Cumulative area ratio:    6.07
      Required ratio:    0.00 (Cumulative area) 
      Partial area ratio:   28.89
      Required ratio:  400.00 (Side area) 
      Cumulative area ratio:   28.89
      Required ratio:    0.00 (Cumulative side area) 

    Layer: via
      Partial area ratio:    0.36
      Required ratio:    6.00 (Gate area) 
      Cumulative area ratio:    0.59
      Required ratio:    0.00 (Cumulative area) 

    Layer: met2
      Partial area ratio:    8.71
      Required ratio:    0.00 (Gate area) 
      Cumulative area ratio:   14.78
      Required ratio:    0.00 (Cumulative area) 
      Partial area ratio:   43.01
      Required ratio: 4046.20 (Side area) 
      Cumulative area ratio:   71.90
      Required ratio:    0.00 (Cumulative side area) 


  Pin:   _25670_/A1 (sky130_fd_sc_hd__mux2_1)
    Layer: mcon
      Partial area ratio:    0.23
      Required ratio:    3.00 (Gate area) 
      Cumulative area ratio:    0.23
      Required ratio:    0.00 (Cumulative area) 

    Layer: met1
      Partial area ratio:    9.54
      Required ratio:    0.00 (Gate area) 
      Cumulative area ratio:    9.54
      Required ratio:    0.00 (Cumulative area) 
      Partial area ratio:   45.91
      Required ratio:  400.00 (Side area) 
      Cumulative area ratio:   45.91
      Required ratio:    0.00 (Cumulative side area) 

    Layer: via
      Partial area ratio:    0.28
      Required ratio:    6.00 (Gate area) 
      Cumulative area ratio:    0.51
      Required ratio:    0.00 (Cumulative area) 

    Layer: met2
      Partial area ratio:    8.71
      Required ratio:    0.00 (Gate area) 
      Cumulative area ratio:   18.25
      Required ratio:    0.00 (Cumulative area) 
      Partial area ratio:   43.01
      Required ratio: 4046.20 (Side area) 
      Cumulative area ratio:   88.92
      Required ratio:    0.00 (Cumulative side area) 


  Pin:   _25703_/A1 (sky130_fd_sc_hd__mux2_1)
    Layer: mcon
      Partial area ratio:    0.23
      Required ratio:    3.00 (Gate area) 
      Cumulative area ratio:    0.23
      Required ratio:    0.00 (Cumulative area) 

    Layer: met1
      Partial area ratio:   11.20
      Required ratio:    0.00 (Gate area) 
      Cumulative area ratio:   11.20
      Required ratio:    0.00 (Cumulative area) 
      Partial area ratio:   54.56
      Required ratio:  400.00 (Side area) 
      Cumulative area ratio:   54.56
      Required ratio:    0.00 (Cumulative side area) 

    Layer: via
      Partial area ratio:    0.27
      Required ratio:    6.00 (Gate area) 
      Cumulative area ratio:    0.50
      Required ratio:    0.00 (Cumulative area) 

    Layer: met2
      Partial area ratio:    8.71
      Required ratio:    0.00 (Gate area) 
      Cumulative area ratio:   19.91
      Required ratio:    0.00 (Cumulative area) 
      Partial area ratio:   43.01
      Required ratio: 4046.20 (Side area) 
      Cumulative area ratio:   97.57
      Required ratio:    0.00 (Cumulative side area) 


  Pin:   _25736_/A0 (sky130_fd_sc_hd__mux2_1)
    Layer: mcon
      Partial area ratio:    0.23
      Required ratio:    3.00 (Gate area) 
      Cumulative area ratio:    0.23
      Required ratio:    0.00 (Cumulative area) 

    Layer: met1
      Partial area ratio:   46.07
      Required ratio:    0.00 (Gate area) 
      Cumulative area ratio:   46.07
      Required ratio:    0.00 (Cumulative area) 
      Partial area ratio:  228.80
      Required ratio:  400.00 (Side area) 
      Cumulative area ratio:  228.80
      Required ratio:    0.00 (Cumulative side area) 

    Layer: via
      Partial area ratio:    0.30
      Required ratio:    6.00 (Gate area) 
      Cumulative area ratio:    0.53
      Required ratio:    0.00 (Cumulative area) 

    Layer: met2
      Partial area ratio:    8.71
      Required ratio:    0.00 (Gate area) 
      Cumulative area ratio:   54.77
      Required ratio:    0.00 (Cumulative area) 
      Partial area ratio:   43.01
      Required ratio: 4046.20 (Side area) 
      Cumulative area ratio:  271.81
      Required ratio:    0.00 (Cumulative side area) 


  Pin:   _25769_/A1 (sky130_fd_sc_hd__mux2_1)
    Layer: mcon
      Partial area ratio:    0.23
      Required ratio:    3.00 (Gate area) 
      Cumulative area ratio:    0.23
      Required ratio:    0.00 (Cumulative area) 

    Layer: met1
      Partial area ratio:    9.54
      Required ratio:    0.00 (Gate area) 
      Cumulative area ratio:    9.54
      Required ratio:    0.00 (Cumulative area) 
      Partial area ratio:   45.91
      Required ratio:  400.00 (Side area) 
      Cumulative area ratio:   45.91
      Required ratio:    0.00 (Cumulative side area) 

    Layer: via
      Partial area ratio:    0.28
      Required ratio:    6.00 (Gate area) 
      Cumulative area ratio:    0.51
      Required ratio:    0.00 (Cumulative area) 

    Layer: met2
      Partial area ratio:    8.71
      Required ratio:    0.00 (Gate area) 
      Cumulative area ratio:   18.25
      Required ratio:    0.00 (Cumulative area) 
      Partial area ratio:   43.01
      Required ratio: 4046.20 (Side area) 
      Cumulative area ratio:   88.92
      Required ratio:    0.00 (Cumulative side area) 


  Pin:   _25802_/A1 (sky130_fd_sc_hd__mux2_1)
    Layer: mcon
      Partial area ratio:    0.23
      Required ratio:    3.00 (Gate area) 
      Cumulative area ratio:    0.23
      Required ratio:    0.00 (Cumulative area) 

    Layer: met1
      Partial area ratio:    9.54
      Required ratio:    0.00 (Gate area) 
      Cumulative area ratio:    9.54
      Required ratio:    0.00 (Cumulative area) 
      Partial area ratio:   45.91
      Required ratio:  400.00 (Side area) 
      Cumulative area ratio:   45.91
      Required ratio:    0.00 (Cumulative side area) 

    Layer: via
      Partial area ratio:    0.28
      Required ratio:    6.00 (Gate area) 
      Cumulative area ratio:    0.51
      Required ratio:    0.00 (Cumulative area) 

    Layer: met2
      Partial area ratio:    8.71
      Required ratio:    0.00 (Gate area) 
      Cumulative area ratio:   18.25
      Required ratio:    0.00 (Cumulative area) 
      Partial area ratio:   43.01
      Required ratio: 4046.20 (Side area) 
      Cumulative area ratio:   88.92
      Required ratio:    0.00 (Cumulative side area) 


  Pin:   _25835_/A1 (sky130_fd_sc_hd__mux2_1)
    Layer: mcon
      Partial area ratio:    0.23
      Required ratio:    3.00 (Gate area) 
      Cumulative area ratio:    0.23
      Required ratio:    0.00 (Cumulative area) 

    Layer: met1
      Partial area ratio:    4.64
      Required ratio:    0.00 (Gate area) 
      Cumulative area ratio:    4.64
      Required ratio:    0.00 (Cumulative area) 
      Partial area ratio:   21.72
      Required ratio:  400.00 (Side area) 
      Cumulative area ratio:   21.72
      Required ratio:    0.00 (Cumulative side area) 

    Layer: via
      Partial area ratio:    0.36
      Required ratio:    6.00 (Gate area) 
      Cumulative area ratio:    0.59
      Required ratio:    0.00 (Cumulative area) 

    Layer: met2
      Partial area ratio:    8.71
      Required ratio:    0.00 (Gate area) 
      Cumulative area ratio:   13.35
      Required ratio:    0.00 (Cumulative area) 
      Partial area ratio:   43.01
      Required ratio: 4046.20 (Side area) 
      Cumulative area ratio:   64.73
      Required ratio:    0.00 (Cumulative side area) 


  Pin:   _25868_/A1 (sky130_fd_sc_hd__mux2_1)
    Layer: mcon
      Partial area ratio:    0.23
      Required ratio:    3.00 (Gate area) 
      Cumulative area ratio:    0.23
      Required ratio:    0.00 (Cumulative area) 

    Layer: met1
      Partial area ratio:    9.54
      Required ratio:    0.00 (Gate area) 
      Cumulative area ratio:    9.54
      Required ratio:    0.00 (Cumulative area) 
      Partial area ratio:   45.91
      Required ratio:  400.00 (Side area) 
      Cumulative area ratio:   45.91
      Required ratio:    0.00 (Cumulative side area) 

    Layer: via
      Partial area ratio:    0.28
      Required ratio:    6.00 (Gate area) 
      Cumulative area ratio:    0.51
      Required ratio:    0.00 (Cumulative area) 

    Layer: met2
      Partial area ratio:    8.71
      Required ratio:    0.00 (Gate area) 
      Cumulative area ratio:   18.25
      Required ratio:    0.00 (Cumulative area) 
      Partial area ratio:   43.01
      Required ratio: 4046.20 (Side area) 
      Cumulative area ratio:   88.92
      Required ratio:    0.00 (Cumulative side area) 


  Pin:   _25901_/A1 (sky130_fd_sc_hd__mux2_1)
    Layer: mcon
      Partial area ratio:    0.23
      Required ratio:    3.00 (Gate area) 
      Cumulative area ratio:    0.23
      Required ratio:    0.00 (Cumulative area) 

    Layer: met1
      Partial area ratio:    9.54
      Required ratio:    0.00 (Gate area) 
      Cumulative area ratio:    9.54
      Required ratio:    0.00 (Cumulative area) 
      Partial area ratio:   45.91
      Required ratio:  400.00 (Side area) 
      Cumulative area ratio:   45.91
      Required ratio:    0.00 (Cumulative side area) 

    Layer: via
      Partial area ratio:    0.28
      Required ratio:    6.00 (Gate area) 
      Cumulative area ratio:    0.51
      Required ratio:    0.00 (Cumulative area) 

    Layer: met2
      Partial area ratio:    8.71
      Required ratio:    0.00 (Gate area) 
      Cumulative area ratio:   18.25
      Required ratio:    0.00 (Cumulative area) 
      Partial area ratio:   43.01
      Required ratio: 4046.20 (Side area) 
      Cumulative area ratio:   88.92
      Required ratio:    0.00 (Cumulative side area) 


  Pin:   _25934_/A1 (sky130_fd_sc_hd__mux2_1)
    Layer: mcon
      Partial area ratio:    0.23
      Required ratio:    3.00 (Gate area) 
      Cumulative area ratio:    0.23
      Required ratio:    0.00 (Cumulative area) 

    Layer: met1
      Partial area ratio:    9.54
      Required ratio:    0.00 (Gate area) 
      Cumulative area ratio:    9.54
      Required ratio:    0.00 (Cumulative area) 
      Partial area ratio:   45.91
      Required ratio:  400.00 (Side area) 
      Cumulative area ratio:   45.91
      Required ratio:    0.00 (Cumulative side area) 

    Layer: via
      Partial area ratio:    0.28
      Required ratio:    6.00 (Gate area) 
      Cumulative area ratio:    0.51
      Required ratio:    0.00 (Cumulative area) 

    Layer: met2
      Partial area ratio:    8.71
      Required ratio:    0.00 (Gate area) 
      Cumulative area ratio:   18.25
      Required ratio:    0.00 (Cumulative area) 
      Partial area ratio:   43.01
      Required ratio: 4046.20 (Side area) 
      Cumulative area ratio:   88.92
      Required ratio:    0.00 (Cumulative side area) 


  Pin:   _25966_/A1 (sky130_fd_sc_hd__mux2_1)
    Layer: mcon
      Partial area ratio:    0.23
      Required ratio:    3.00 (Gate area) 
      Cumulative area ratio:    0.23
      Required ratio:    0.00 (Cumulative area) 

    Layer: met1
      Partial area ratio:    4.38
      Required ratio:    0.00 (Gate area) 
      Cumulative area ratio:    4.38
      Required ratio:    0.00 (Cumulative area) 
      Partial area ratio:   20.44
      Required ratio:  400.00 (Side area) 
      Cumulative area ratio:   20.44
      Required ratio:    0.00 (Cumulative side area) 

    Layer: via
      Partial area ratio:    0.36
      Required ratio:    6.00 (Gate area) 
      Cumulative area ratio:    0.59
      Required ratio:    0.00 (Cumulative area) 

    Layer: met2
      Partial area ratio:    8.71
      Required ratio:    0.00 (Gate area) 
      Cumulative area ratio:   13.09
      Required ratio:    0.00 (Cumulative area) 
      Partial area ratio:   43.01
      Required ratio: 4046.20 (Side area) 
      Cumulative area ratio:   63.46
      Required ratio:    0.00 (Cumulative side area) 


  Pin:   _25999_/A0 (sky130_fd_sc_hd__mux2_1)
    Layer: mcon
      Partial area ratio:    0.23
      Required ratio:    3.00 (Gate area) 
      Cumulative area ratio:    0.23
      Required ratio:    0.00 (Cumulative area) 

    Layer: met1
      Partial area ratio:   11.88
      Required ratio:    0.00 (Gate area) 
      Cumulative area ratio:   11.88
      Required ratio:    0.00 (Cumulative area) 
      Partial area ratio:   57.90
      Required ratio:  400.00 (Side area) 
      Cumulative area ratio:   57.90
      Required ratio:    0.00 (Cumulative side area) 

    Layer: via
      Partial area ratio:    0.30
      Required ratio:    6.00 (Gate area) 
      Cumulative area ratio:    0.53
      Required ratio:    0.00 (Cumulative area) 

    Layer: met2
      Partial area ratio:    8.71
      Required ratio:    0.00 (Gate area) 
      Cumulative area ratio:   20.59
      Required ratio:    0.00 (Cumulative area) 
      Partial area ratio:   43.01
      Required ratio: 4046.20 (Side area) 
      Cumulative area ratio:  100.91
      Required ratio:    0.00 (Cumulative side area) 


  Pin:   _26032_/A0 (sky130_fd_sc_hd__mux2_1)
    Layer: mcon
      Partial area ratio:    0.23
      Required ratio:    3.00 (Gate area) 
      Cumulative area ratio:    0.23
      Required ratio:    0.00 (Cumulative area) 

    Layer: met1
      Partial area ratio:    5.89
      Required ratio:    0.00 (Gate area) 
      Cumulative area ratio:    5.89
      Required ratio:    0.00 (Cumulative area) 
      Partial area ratio:   27.98
      Required ratio:  400.00 (Side area) 
      Cumulative area ratio:   27.98
      Required ratio:    0.00 (Cumulative side area) 

    Layer: via
      Partial area ratio:    0.36
      Required ratio:    6.00 (Gate area) 
      Cumulative area ratio:    0.59
      Required ratio:    0.00 (Cumulative area) 

    Layer: met2
      Partial area ratio:    8.71
      Required ratio:    0.00 (Gate area) 
      Cumulative area ratio:   14.60
      Required ratio:    0.00 (Cumulative area) 
      Partial area ratio:   43.01
      Required ratio: 4046.20 (Side area) 
      Cumulative area ratio:   70.99
      Required ratio:    0.00 (Cumulative side area) 


  Pin:   _26065_/A0 (sky130_fd_sc_hd__mux2_1)
    Layer: mcon
      Partial area ratio:    0.23
      Required ratio:    3.00 (Gate area) 
      Cumulative area ratio:    0.23
      Required ratio:    0.00 (Cumulative area) 

    Layer: met1
      Partial area ratio:    4.11
      Required ratio:    0.00 (Gate area) 
      Cumulative area ratio:    4.11
      Required ratio:    0.00 (Cumulative area) 
      Partial area ratio:   19.09
      Required ratio:  400.00 (Side area) 
      Cumulative area ratio:   19.09
      Required ratio:    0.00 (Cumulative side area) 

    Layer: via
      Partial area ratio:    0.36
      Required ratio:    6.00 (Gate area) 
      Cumulative area ratio:    0.59
      Required ratio:    0.00 (Cumulative area) 

    Layer: met2
      Partial area ratio:    8.71
      Required ratio:    0.00 (Gate area) 
      Cumulative area ratio:   12.82
      Required ratio:    0.00 (Cumulative area) 
      Partial area ratio:   43.01
      Required ratio: 4046.20 (Side area) 
      Cumulative area ratio:   62.11
      Required ratio:    0.00 (Cumulative side area) 


  Pin:   _26098_/A1 (sky130_fd_sc_hd__mux2_1)
    Layer: mcon
      Partial area ratio:    0.23
      Required ratio:    3.00 (Gate area) 
      Cumulative area ratio:    0.23
      Required ratio:    0.00 (Cumulative area) 

    Layer: met1
      Partial area ratio:    7.36
      Required ratio:    0.00 (Gate area) 
      Cumulative area ratio:    7.36
      Required ratio:    0.00 (Cumulative area) 
      Partial area ratio:   35.35
      Required ratio:  400.00 (Side area) 
      Cumulative area ratio:   35.35
      Required ratio:    0.00 (Cumulative side area) 

    Layer: via
      Partial area ratio:    0.27
      Required ratio:    6.00 (Gate area) 
      Cumulative area ratio:    0.50
      Required ratio:    0.00 (Cumulative area) 

    Layer: met2
      Partial area ratio:    8.71
      Required ratio:    0.00 (Gate area) 
      Cumulative area ratio:   16.07
      Required ratio:    0.00 (Cumulative area) 
      Partial area ratio:   43.01
      Required ratio: 4046.20 (Side area) 
      Cumulative area ratio:   78.36
      Required ratio:    0.00 (Cumulative side area) 


  Pin:   _26131_/A0 (sky130_fd_sc_hd__mux2_1)
    Layer: mcon
      Partial area ratio:    0.23
      Required ratio:    3.00 (Gate area) 
      Cumulative area ratio:    0.23
      Required ratio:    0.00 (Cumulative area) 

    Layer: met1
      Partial area ratio:   11.88
      Required ratio:    0.00 (Gate area) 
      Cumulative area ratio:   11.88
      Required ratio:    0.00 (Cumulative area) 
      Partial area ratio:   57.90
      Required ratio:  400.00 (Side area) 
      Cumulative area ratio:   57.90
      Required ratio:    0.00 (Cumulative side area) 

    Layer: via
      Partial area ratio:    0.30
      Required ratio:    6.00 (Gate area) 
      Cumulative area ratio:    0.53
      Required ratio:    0.00 (Cumulative area) 

    Layer: met2
      Partial area ratio:    8.71
      Required ratio:    0.00 (Gate area) 
      Cumulative area ratio:   20.59
      Required ratio:    0.00 (Cumulative area) 
      Partial area ratio:   43.01
      Required ratio: 4046.20 (Side area) 
      Cumulative area ratio:  100.91
      Required ratio:    0.00 (Cumulative side area) 


  Pin:   _26164_/A0 (sky130_fd_sc_hd__mux2_1)
    Layer: mcon
      Partial area ratio:    0.23
      Required ratio:    3.00 (Gate area) 
      Cumulative area ratio:    0.23
      Required ratio:    0.00 (Cumulative area) 

    Layer: met1
      Partial area ratio:   10.18
      Required ratio:    0.00 (Gate area) 
      Cumulative area ratio:   10.18
      Required ratio:    0.00 (Cumulative area) 
      Partial area ratio:   49.03
      Required ratio:  400.00 (Side area) 
      Cumulative area ratio:   49.03
      Required ratio:    0.00 (Cumulative side area) 

    Layer: via
      Partial area ratio:    0.36
      Required ratio:    6.00 (Gate area) 
      Cumulative area ratio:    0.59
      Required ratio:    0.00 (Cumulative area) 

    Layer: met2
      Partial area ratio:    8.71
      Required ratio:    0.00 (Gate area) 
      Cumulative area ratio:   18.89
      Required ratio:    0.00 (Cumulative area) 
      Partial area ratio:   43.01
      Required ratio: 4046.20 (Side area) 
      Cumulative area ratio:   92.04
      Required ratio:    0.00 (Cumulative side area) 


  Pin:   _26197_/A0 (sky130_fd_sc_hd__mux2_1)
    Layer: mcon
      Partial area ratio:    0.23
      Required ratio:    3.00 (Gate area) 
      Cumulative area ratio:    0.23
      Required ratio:    0.00 (Cumulative area) 

    Layer: met1
      Partial area ratio:    4.49
      Required ratio:    0.00 (Gate area) 
      Cumulative area ratio:    4.49
      Required ratio:    0.00 (Cumulative area) 
      Partial area ratio:   20.98
      Required ratio:  400.00 (Side area) 
      Cumulative area ratio:   20.98
      Required ratio:    0.00 (Cumulative side area) 

    Layer: via
      Partial area ratio:    0.36
      Required ratio:    6.00 (Gate area) 
      Cumulative area ratio:    0.59
      Required ratio:    0.00 (Cumulative area) 

    Layer: met2
      Partial area ratio:    8.71
      Required ratio:    0.00 (Gate area) 
      Cumulative area ratio:   13.20
      Required ratio:    0.00 (Cumulative area) 
      Partial area ratio:   43.01
      Required ratio: 4046.20 (Side area) 
      Cumulative area ratio:   63.99
      Required ratio:    0.00 (Cumulative side area) 


  Pin:   _26230_/A1 (sky130_fd_sc_hd__mux2_1)
    Layer: mcon
      Partial area ratio:    0.23
      Required ratio:    3.00 (Gate area) 
      Cumulative area ratio:    0.23
      Required ratio:    0.00 (Cumulative area) 

    Layer: met1
      Partial area ratio:   11.88
      Required ratio:    0.00 (Gate area) 
      Cumulative area ratio:   11.88
      Required ratio:    0.00 (Cumulative area) 
      Partial area ratio:   57.90
      Required ratio:  400.00 (Side area) 
      Cumulative area ratio:   57.90
      Required ratio:    0.00 (Cumulative side area) 

    Layer: via
      Partial area ratio:    0.30
      Required ratio:    6.00 (Gate area) 
      Cumulative area ratio:    0.53
      Required ratio:    0.00 (Cumulative area) 

    Layer: met2
      Partial area ratio:    8.71
      Required ratio:    0.00 (Gate area) 
      Cumulative area ratio:   20.59
      Required ratio:    0.00 (Cumulative area) 
      Partial area ratio:   43.01
      Required ratio: 4046.20 (Side area) 
      Cumulative area ratio:  100.91
      Required ratio:    0.00 (Cumulative side area) 


  Pin:   _26263_/A0 (sky130_fd_sc_hd__mux2_1)
    Layer: mcon
      Partial area ratio:    0.23
      Required ratio:    3.00 (Gate area) 
      Cumulative area ratio:    0.23
      Required ratio:    0.00 (Cumulative area) 

    Layer: met1
      Partial area ratio:  125.58
      Required ratio:    0.00 (Gate area) 
      Cumulative area ratio:  125.58
      Required ratio:    0.00 (Cumulative area) 
      Partial area ratio:  625.91
      Required ratio:  400.00 (Side area) (VIOLATED)
      Cumulative area ratio:  625.91
      Required ratio:    0.00 (Cumulative side area) 

    Layer: via
      Partial area ratio:    0.36
      Required ratio:    6.00 (Gate area) 
      Cumulative area ratio:    0.59
      Required ratio:    0.00 (Cumulative area) 

    Layer: met2
      Partial area ratio:    8.71
      Required ratio:    0.00 (Gate area) 
      Cumulative area ratio:  134.29
      Required ratio:    0.00 (Cumulative area) 
      Partial area ratio:   43.01
      Required ratio: 4046.20 (Side area) 
      Cumulative area ratio:  668.92
      Required ratio:    0.00 (Cumulative side area) 


  Pin:   _26296_/A0 (sky130_fd_sc_hd__mux2_1)
    Layer: mcon
      Partial area ratio:    0.23
      Required ratio:    3.00 (Gate area) 
      Cumulative area ratio:    0.23
      Required ratio:    0.00 (Cumulative area) 

    Layer: met1
      Partial area ratio:  125.58
      Required ratio:    0.00 (Gate area) 
      Cumulative area ratio:  125.58
      Required ratio:    0.00 (Cumulative area) 
      Partial area ratio:  625.91
      Required ratio:  400.00 (Side area) (VIOLATED)
      Cumulative area ratio:  625.91
      Required ratio:    0.00 (Cumulative side area) 

    Layer: via
      Partial area ratio:    0.36
      Required ratio:    6.00 (Gate area) 
      Cumulative area ratio:    0.59
      Required ratio:    0.00 (Cumulative area) 

    Layer: met2
      Partial area ratio:    8.71
      Required ratio:    0.00 (Gate area) 
      Cumulative area ratio:  134.29
      Required ratio:    0.00 (Cumulative area) 
      Partial area ratio:   43.01
      Required ratio: 4046.20 (Side area) 
      Cumulative area ratio:  668.92
      Required ratio:    0.00 (Cumulative side area) 


  Pin:   _26329_/A0 (sky130_fd_sc_hd__mux2_1)
    Layer: mcon
      Partial area ratio:    0.23
      Required ratio:    3.00 (Gate area) 
      Cumulative area ratio:    0.23
      Required ratio:    0.00 (Cumulative area) 

    Layer: met1
      Partial area ratio:  125.58
      Required ratio:    0.00 (Gate area) 
      Cumulative area ratio:  125.58
      Required ratio:    0.00 (Cumulative area) 
      Partial area ratio:  625.91
      Required ratio:  400.00 (Side area) (VIOLATED)
      Cumulative area ratio:  625.91
      Required ratio:    0.00 (Cumulative side area) 

    Layer: via
      Partial area ratio:    0.36
      Required ratio:    6.00 (Gate area) 
      Cumulative area ratio:    0.59
      Required ratio:    0.00 (Cumulative area) 

    Layer: met2
      Partial area ratio:    8.71
      Required ratio:    0.00 (Gate area) 
      Cumulative area ratio:  134.29
      Required ratio:    0.00 (Cumulative area) 
      Partial area ratio:   43.01
      Required ratio: 4046.20 (Side area) 
      Cumulative area ratio:  668.92
      Required ratio:    0.00 (Cumulative side area) 


  Pin:   _26362_/A1 (sky130_fd_sc_hd__mux2_1)
    Layer: mcon
      Partial area ratio:    0.23
      Required ratio:    3.00 (Gate area) 
      Cumulative area ratio:    0.23
      Required ratio:    0.00 (Cumulative area) 

    Layer: met1
      Partial area ratio:   10.43
      Required ratio:    0.00 (Gate area) 
      Cumulative area ratio:   10.43
      Required ratio:    0.00 (Cumulative area) 
      Partial area ratio:   50.31
      Required ratio:  400.00 (Side area) 
      Cumulative area ratio:   50.31
      Required ratio:    0.00 (Cumulative side area) 

    Layer: via
      Partial area ratio:    0.36
      Required ratio:    6.00 (Gate area) 
      Cumulative area ratio:    0.59
      Required ratio:    0.00 (Cumulative area) 

    Layer: met2
      Partial area ratio:    8.71
      Required ratio:    0.00 (Gate area) 
      Cumulative area ratio:   19.14
      Required ratio:    0.00 (Cumulative area) 
      Partial area ratio:   43.01
      Required ratio: 4046.20 (Side area) 
      Cumulative area ratio:   93.32
      Required ratio:    0.00 (Cumulative side area) 


  Pin:   _26395_/A0 (sky130_fd_sc_hd__mux2_1)
    Layer: mcon
      Partial area ratio:    0.23
      Required ratio:    3.00 (Gate area) 
      Cumulative area ratio:    0.23
      Required ratio:    0.00 (Cumulative area) 

    Layer: met1
      Partial area ratio:   14.43
      Required ratio:    0.00 (Gate area) 
      Cumulative area ratio:   14.43
      Required ratio:    0.00 (Cumulative area) 
      Partial area ratio:   70.28
      Required ratio:  400.00 (Side area) 
      Cumulative area ratio:   70.28
      Required ratio:    0.00 (Cumulative side area) 

    Layer: via
      Partial area ratio:    0.36
      Required ratio:    6.00 (Gate area) 
      Cumulative area ratio:    0.59
      Required ratio:    0.00 (Cumulative area) 

    Layer: met2
      Partial area ratio:    8.71
      Required ratio:    0.00 (Gate area) 
      Cumulative area ratio:   23.14
      Required ratio:    0.00 (Cumulative area) 
      Partial area ratio:   43.01
      Required ratio: 4046.20 (Side area) 
      Cumulative area ratio:  113.29
      Required ratio:    0.00 (Cumulative side area) 


  Pin:   _26428_/A1 (sky130_fd_sc_hd__mux2_1)
    Layer: mcon
      Partial area ratio:    0.23
      Required ratio:    3.00 (Gate area) 
      Cumulative area ratio:    0.23
      Required ratio:    0.00 (Cumulative area) 

    Layer: met1
      Partial area ratio:   14.43
      Required ratio:    0.00 (Gate area) 
      Cumulative area ratio:   14.43
      Required ratio:    0.00 (Cumulative area) 
      Partial area ratio:   70.28
      Required ratio:  400.00 (Side area) 
      Cumulative area ratio:   70.28
      Required ratio:    0.00 (Cumulative side area) 

    Layer: via
      Partial area ratio:    0.36
      Required ratio:    6.00 (Gate area) 
      Cumulative area ratio:    0.59
      Required ratio:    0.00 (Cumulative area) 

    Layer: met2
      Partial area ratio:    8.71
      Required ratio:    0.00 (Gate area) 
      Cumulative area ratio:   23.14
      Required ratio:    0.00 (Cumulative area) 
      Partial area ratio:   43.01
      Required ratio: 4046.20 (Side area) 
      Cumulative area ratio:  113.29
      Required ratio:    0.00 (Cumulative side area) 


  Pin:   _26461_/A1 (sky130_fd_sc_hd__mux2_1)
    Layer: mcon
      Partial area ratio:    0.23
      Required ratio:    3.00 (Gate area) 
      Cumulative area ratio:    0.23
      Required ratio:    0.00 (Cumulative area) 

    Layer: met1
      Partial area ratio:    6.94
      Required ratio:    0.00 (Gate area) 
      Cumulative area ratio:    6.94
      Required ratio:    0.00 (Cumulative area) 
      Partial area ratio:   33.28
      Required ratio:  400.00 (Side area) 
      Cumulative area ratio:   33.28
      Required ratio:    0.00 (Cumulative side area) 

    Layer: via
      Partial area ratio:    0.27
      Required ratio:    6.00 (Gate area) 
      Cumulative area ratio:    0.50
      Required ratio:    0.00 (Cumulative area) 

    Layer: met2
      Partial area ratio:    8.71
      Required ratio:    0.00 (Gate area) 
      Cumulative area ratio:   15.65
      Required ratio:    0.00 (Cumulative area) 
      Partial area ratio:   43.01
      Required ratio: 4046.20 (Side area) 
      Cumulative area ratio:   76.29
      Required ratio:    0.00 (Cumulative side area) 


  Pin:   _26494_/A1 (sky130_fd_sc_hd__mux2_1)
    Layer: mcon
      Partial area ratio:    0.23
      Required ratio:    3.00 (Gate area) 
      Cumulative area ratio:    0.23
      Required ratio:    0.00 (Cumulative area) 

    Layer: met1
      Partial area ratio:    6.94
      Required ratio:    0.00 (Gate area) 
      Cumulative area ratio:    6.94
      Required ratio:    0.00 (Cumulative area) 
      Partial area ratio:   33.28
      Required ratio:  400.00 (Side area) 
      Cumulative area ratio:   33.28
      Required ratio:    0.00 (Cumulative side area) 

    Layer: via
      Partial area ratio:    0.27
      Required ratio:    6.00 (Gate area) 
      Cumulative area ratio:    0.50
      Required ratio:    0.00 (Cumulative area) 

    Layer: met2
      Partial area ratio:    8.71
      Required ratio:    0.00 (Gate area) 
      Cumulative area ratio:   15.65
      Required ratio:    0.00 (Cumulative area) 
      Partial area ratio:   43.01
      Required ratio: 4046.20 (Side area) 
      Cumulative area ratio:   76.29
      Required ratio:    0.00 (Cumulative side area) 


  Pin:   _26527_/A0 (sky130_fd_sc_hd__mux2_1)
    Layer: mcon
      Partial area ratio:    0.23
      Required ratio:    3.00 (Gate area) 
      Cumulative area ratio:    0.23
      Required ratio:    0.00 (Cumulative area) 

    Layer: met1
      Partial area ratio:   11.00
      Required ratio:    0.00 (Gate area) 
      Cumulative area ratio:   11.00
      Required ratio:    0.00 (Cumulative area) 
      Partial area ratio:   53.35
      Required ratio:  400.00 (Side area) 
      Cumulative area ratio:   53.35
      Required ratio:    0.00 (Cumulative side area) 

    Layer: via
      Partial area ratio:    0.26
      Required ratio:    6.00 (Gate area) 
      Cumulative area ratio:    0.48
      Required ratio:    0.00 (Cumulative area) 

    Layer: met2
      Partial area ratio:    8.71
      Required ratio:    0.00 (Gate area) 
      Cumulative area ratio:   19.71
      Required ratio:    0.00 (Cumulative area) 
      Partial area ratio:   43.01
      Required ratio: 4046.20 (Side area) 
      Cumulative area ratio:   96.36
      Required ratio:    0.00 (Cumulative side area) 


  Pin:   _26560_/A0 (sky130_fd_sc_hd__mux2_1)
    Layer: mcon
      Partial area ratio:    0.23
      Required ratio:    3.00 (Gate area) 
      Cumulative area ratio:    0.23
      Required ratio:    0.00 (Cumulative area) 

    Layer: met1
      Partial area ratio:    2.21
      Required ratio:    0.00 (Gate area) 
      Cumulative area ratio:    2.21
      Required ratio:    0.00 (Cumulative area) 
      Partial area ratio:    9.57
      Required ratio:  400.00 (Side area) 
      Cumulative area ratio:    9.57
      Required ratio:    0.00 (Cumulative side area) 

    Layer: via
      Partial area ratio:    0.36
      Required ratio:    6.00 (Gate area) 
      Cumulative area ratio:    0.59
      Required ratio:    0.00 (Cumulative area) 

    Layer: met2
      Partial area ratio:    8.71
      Required ratio:    0.00 (Gate area) 
      Cumulative area ratio:   10.92
      Required ratio:    0.00 (Cumulative area) 
      Partial area ratio:   43.01
      Required ratio: 4046.20 (Side area) 
      Cumulative area ratio:   52.58
      Required ratio:    0.00 (Cumulative side area) 


  Pin:   _26593_/A0 (sky130_fd_sc_hd__mux2_1)
    Layer: mcon
      Partial area ratio:    0.23
      Required ratio:    3.00 (Gate area) 
      Cumulative area ratio:    0.23
      Required ratio:    0.00 (Cumulative area) 

    Layer: met1
      Partial area ratio:   11.00
      Required ratio:    0.00 (Gate area) 
      Cumulative area ratio:   11.00
      Required ratio:    0.00 (Cumulative area) 
      Partial area ratio:   53.35
      Required ratio:  400.00 (Side area) 
      Cumulative area ratio:   53.35
      Required ratio:    0.00 (Cumulative side area) 

    Layer: via
      Partial area ratio:    0.26
      Required ratio:    6.00 (Gate area) 
      Cumulative area ratio:    0.48
      Required ratio:    0.00 (Cumulative area) 

    Layer: met2
      Partial area ratio:    8.71
      Required ratio:    0.00 (Gate area) 
      Cumulative area ratio:   19.71
      Required ratio:    0.00 (Cumulative area) 
      Partial area ratio:   43.01
      Required ratio: 4046.20 (Side area) 
      Cumulative area ratio:   96.36
      Required ratio:    0.00 (Cumulative side area) 


  Pin:   _26626_/A1 (sky130_fd_sc_hd__mux2_1)
    Layer: mcon
      Partial area ratio:    0.23
      Required ratio:    3.00 (Gate area) 
      Cumulative area ratio:    0.23
      Required ratio:    0.00 (Cumulative area) 

    Layer: met1
      Partial area ratio:   11.00
      Required ratio:    0.00 (Gate area) 
      Cumulative area ratio:   11.00
      Required ratio:    0.00 (Cumulative area) 
      Partial area ratio:   53.35
      Required ratio:  400.00 (Side area) 
      Cumulative area ratio:   53.35
      Required ratio:    0.00 (Cumulative side area) 

    Layer: via
      Partial area ratio:    0.26
      Required ratio:    6.00 (Gate area) 
      Cumulative area ratio:    0.48
      Required ratio:    0.00 (Cumulative area) 

    Layer: met2
      Partial area ratio:    8.71
      Required ratio:    0.00 (Gate area) 
      Cumulative area ratio:   19.71
      Required ratio:    0.00 (Cumulative area) 
      Partial area ratio:   43.01
      Required ratio: 4046.20 (Side area) 
      Cumulative area ratio:   96.36
      Required ratio:    0.00 (Cumulative side area) 


  Pin:   _26659_/A0 (sky130_fd_sc_hd__mux2_1)
    Layer: mcon
      Partial area ratio:    0.23
      Required ratio:    3.00 (Gate area) 
      Cumulative area ratio:    0.23
      Required ratio:    0.00 (Cumulative area) 

    Layer: met1
      Partial area ratio:   11.00
      Required ratio:    0.00 (Gate area) 
      Cumulative area ratio:   11.00
      Required ratio:    0.00 (Cumulative area) 
      Partial area ratio:   53.35
      Required ratio:  400.00 (Side area) 
      Cumulative area ratio:   53.35
      Required ratio:    0.00 (Cumulative side area) 

    Layer: via
      Partial area ratio:    0.26
      Required ratio:    6.00 (Gate area) 
      Cumulative area ratio:    0.48
      Required ratio:    0.00 (Cumulative area) 

    Layer: met2
      Partial area ratio:    8.71
      Required ratio:    0.00 (Gate area) 
      Cumulative area ratio:   19.71
      Required ratio:    0.00 (Cumulative area) 
      Partial area ratio:   43.01
      Required ratio: 4046.20 (Side area) 
      Cumulative area ratio:   96.36
      Required ratio:    0.00 (Cumulative side area) 


  Pin:   _26692_/A1 (sky130_fd_sc_hd__mux2_1)
    Layer: mcon
      Partial area ratio:    0.23
      Required ratio:    3.00 (Gate area) 
      Cumulative area ratio:    0.23
      Required ratio:    0.00 (Cumulative area) 

    Layer: met1
      Partial area ratio:   10.43
      Required ratio:    0.00 (Gate area) 
      Cumulative area ratio:   10.43
      Required ratio:    0.00 (Cumulative area) 
      Partial area ratio:   50.31
      Required ratio:  400.00 (Side area) 
      Cumulative area ratio:   50.31
      Required ratio:    0.00 (Cumulative side area) 

    Layer: via
      Partial area ratio:    0.36
      Required ratio:    6.00 (Gate area) 
      Cumulative area ratio:    0.59
      Required ratio:    0.00 (Cumulative area) 

    Layer: met2
      Partial area ratio:    8.71
      Required ratio:    0.00 (Gate area) 
      Cumulative area ratio:   19.14
      Required ratio:    0.00 (Cumulative area) 
      Partial area ratio:   43.01
      Required ratio: 4046.20 (Side area) 
      Cumulative area ratio:   93.32
      Required ratio:    0.00 (Cumulative side area) 


  Pin:   _26725_/A1 (sky130_fd_sc_hd__mux2_1)
    Layer: mcon
      Partial area ratio:    0.23
      Required ratio:    3.00 (Gate area) 
      Cumulative area ratio:    0.23
      Required ratio:    0.00 (Cumulative area) 

    Layer: met1
      Partial area ratio:    8.29
      Required ratio:    0.00 (Gate area) 
      Cumulative area ratio:    8.29
      Required ratio:    0.00 (Cumulative area) 
      Partial area ratio:   40.00
      Required ratio:  400.00 (Side area) 
      Cumulative area ratio:   40.00
      Required ratio:    0.00 (Cumulative side area) 

    Layer: via
      Partial area ratio:    0.36
      Required ratio:    6.00 (Gate area) 
      Cumulative area ratio:    0.59
      Required ratio:    0.00 (Cumulative area) 

    Layer: met2
      Partial area ratio:    8.71
      Required ratio:    0.00 (Gate area) 
      Cumulative area ratio:   17.00
      Required ratio:    0.00 (Cumulative area) 
      Partial area ratio:   43.01
      Required ratio: 4046.20 (Side area) 
      Cumulative area ratio:   83.01
      Required ratio:    0.00 (Cumulative side area) 


  Pin:   _26758_/A1 (sky130_fd_sc_hd__mux2_1)
    Layer: mcon
      Partial area ratio:    0.23
      Required ratio:    3.00 (Gate area) 
      Cumulative area ratio:    0.23
      Required ratio:    0.00 (Cumulative area) 

    Layer: met1
      Partial area ratio:   11.00
      Required ratio:    0.00 (Gate area) 
      Cumulative area ratio:   11.00
      Required ratio:    0.00 (Cumulative area) 
      Partial area ratio:   53.35
      Required ratio:  400.00 (Side area) 
      Cumulative area ratio:   53.35
      Required ratio:    0.00 (Cumulative side area) 

    Layer: via
      Partial area ratio:    0.26
      Required ratio:    6.00 (Gate area) 
      Cumulative area ratio:    0.48
      Required ratio:    0.00 (Cumulative area) 

    Layer: met2
      Partial area ratio:    8.71
      Required ratio:    0.00 (Gate area) 
      Cumulative area ratio:   19.71
      Required ratio:    0.00 (Cumulative area) 
      Partial area ratio:   43.01
      Required ratio: 4046.20 (Side area) 
      Cumulative area ratio:   96.36
      Required ratio:    0.00 (Cumulative side area) 


  Pin:   _26791_/A0 (sky130_fd_sc_hd__mux2_1)
    Layer: mcon
      Partial area ratio:    0.23
      Required ratio:    3.00 (Gate area) 
      Cumulative area ratio:    0.23
      Required ratio:    0.00 (Cumulative area) 

    Layer: met1
      Partial area ratio:    7.97
      Required ratio:    0.00 (Gate area) 
      Cumulative area ratio:    7.97
      Required ratio:    0.00 (Cumulative area) 
      Partial area ratio:   38.41
      Required ratio:  400.00 (Side area) 
      Cumulative area ratio:   38.41
      Required ratio:    0.00 (Cumulative side area) 

    Layer: via
      Partial area ratio:    0.27
      Required ratio:    6.00 (Gate area) 
      Cumulative area ratio:    0.50
      Required ratio:    0.00 (Cumulative area) 

    Layer: met2
      Partial area ratio:    8.71
      Required ratio:    0.00 (Gate area) 
      Cumulative area ratio:   16.68
      Required ratio:    0.00 (Cumulative area) 
      Partial area ratio:   43.01
      Required ratio: 4046.20 (Side area) 
      Cumulative area ratio:   81.42
      Required ratio:    0.00 (Cumulative side area) 


  Pin:   _26824_/A1 (sky130_fd_sc_hd__mux2_1)
    Layer: mcon
      Partial area ratio:    0.23
      Required ratio:    3.00 (Gate area) 
      Cumulative area ratio:    0.23
      Required ratio:    0.00 (Cumulative area) 

    Layer: met1
      Partial area ratio:   13.22
      Required ratio:    0.00 (Gate area) 
      Cumulative area ratio:   13.22
      Required ratio:    0.00 (Cumulative area) 
      Partial area ratio:   64.28
      Required ratio:  400.00 (Side area) 
      Cumulative area ratio:   64.28
      Required ratio:    0.00 (Cumulative side area) 

    Layer: via
      Partial area ratio:    0.31
      Required ratio:    6.00 (Gate area) 
      Cumulative area ratio:    0.54
      Required ratio:    0.00 (Cumulative area) 

    Layer: met2
      Partial area ratio:    8.71
      Required ratio:    0.00 (Gate area) 
      Cumulative area ratio:   21.93
      Required ratio:    0.00 (Cumulative area) 
      Partial area ratio:   43.01
      Required ratio: 4046.20 (Side area) 
      Cumulative area ratio:  107.29
      Required ratio:    0.00 (Cumulative side area) 


  Pin:   _26857_/A1 (sky130_fd_sc_hd__mux2_1)
    Layer: mcon
      Partial area ratio:    0.23
      Required ratio:    3.00 (Gate area) 
      Cumulative area ratio:    0.23
      Required ratio:    0.00 (Cumulative area) 

    Layer: met1
      Partial area ratio:   13.22
      Required ratio:    0.00 (Gate area) 
      Cumulative area ratio:   13.22
      Required ratio:    0.00 (Cumulative area) 
      Partial area ratio:   64.28
      Required ratio:  400.00 (Side area) 
      Cumulative area ratio:   64.28
      Required ratio:    0.00 (Cumulative side area) 

    Layer: via
      Partial area ratio:    0.31
      Required ratio:    6.00 (Gate area) 
      Cumulative area ratio:    0.54
      Required ratio:    0.00 (Cumulative area) 

    Layer: met2
      Partial area ratio:    8.71
      Required ratio:    0.00 (Gate area) 
      Cumulative area ratio:   21.93
      Required ratio:    0.00 (Cumulative area) 
      Partial area ratio:   43.01
      Required ratio: 4046.20 (Side area) 
      Cumulative area ratio:  107.29
      Required ratio:    0.00 (Cumulative side area) 


  Pin:   _26890_/A1 (sky130_fd_sc_hd__mux2_1)
    Layer: mcon
      Partial area ratio:    0.23
      Required ratio:    3.00 (Gate area) 
      Cumulative area ratio:    0.23
      Required ratio:    0.00 (Cumulative area) 

    Layer: met1
      Partial area ratio:   13.22
      Required ratio:    0.00 (Gate area) 
      Cumulative area ratio:   13.22
      Required ratio:    0.00 (Cumulative area) 
      Partial area ratio:   64.28
      Required ratio:  400.00 (Side area) 
      Cumulative area ratio:   64.28
      Required ratio:    0.00 (Cumulative side area) 

    Layer: via
      Partial area ratio:    0.31
      Required ratio:    6.00 (Gate area) 
      Cumulative area ratio:    0.54
      Required ratio:    0.00 (Cumulative area) 

    Layer: met2
      Partial area ratio:    8.71
      Required ratio:    0.00 (Gate area) 
      Cumulative area ratio:   21.93
      Required ratio:    0.00 (Cumulative area) 
      Partial area ratio:   43.01
      Required ratio: 4046.20 (Side area) 
      Cumulative area ratio:  107.29
      Required ratio:    0.00 (Cumulative side area) 


  Pin:   _26923_/A1 (sky130_fd_sc_hd__mux2_1)
    Layer: mcon
      Partial area ratio:    0.23
      Required ratio:    3.00 (Gate area) 
      Cumulative area ratio:    0.23
      Required ratio:    0.00 (Cumulative area) 

    Layer: met1
      Partial area ratio:   13.22
      Required ratio:    0.00 (Gate area) 
      Cumulative area ratio:   13.22
      Required ratio:    0.00 (Cumulative area) 
      Partial area ratio:   64.28
      Required ratio:  400.00 (Side area) 
      Cumulative area ratio:   64.28
      Required ratio:    0.00 (Cumulative side area) 

    Layer: via
      Partial area ratio:    0.31
      Required ratio:    6.00 (Gate area) 
      Cumulative area ratio:    0.54
      Required ratio:    0.00 (Cumulative area) 

    Layer: met2
      Partial area ratio:    8.71
      Required ratio:    0.00 (Gate area) 
      Cumulative area ratio:   21.93
      Required ratio:    0.00 (Cumulative area) 
      Partial area ratio:   43.01
      Required ratio: 4046.20 (Side area) 
      Cumulative area ratio:  107.29
      Required ratio:    0.00 (Cumulative side area) 


  Pin:   _26956_/A1 (sky130_fd_sc_hd__mux2_1)
    Layer: mcon
      Partial area ratio:    0.23
      Required ratio:    3.00 (Gate area) 
      Cumulative area ratio:    0.23
      Required ratio:    0.00 (Cumulative area) 

    Layer: met1
      Partial area ratio:    7.97
      Required ratio:    0.00 (Gate area) 
      Cumulative area ratio:    7.97
      Required ratio:    0.00 (Cumulative area) 
      Partial area ratio:   38.41
      Required ratio:  400.00 (Side area) 
      Cumulative area ratio:   38.41
      Required ratio:    0.00 (Cumulative side area) 

    Layer: via
      Partial area ratio:    0.27
      Required ratio:    6.00 (Gate area) 
      Cumulative area ratio:    0.50
      Required ratio:    0.00 (Cumulative area) 

    Layer: met2
      Partial area ratio:    8.71
      Required ratio:    0.00 (Gate area) 
      Cumulative area ratio:   16.68
      Required ratio:    0.00 (Cumulative area) 
      Partial area ratio:   43.01
      Required ratio: 4046.20 (Side area) 
      Cumulative area ratio:   81.42
      Required ratio:    0.00 (Cumulative side area) 


  Pin:   _26989_/A1 (sky130_fd_sc_hd__mux2_1)
    Layer: mcon
      Partial area ratio:    0.23
      Required ratio:    3.00 (Gate area) 
      Cumulative area ratio:    0.23
      Required ratio:    0.00 (Cumulative area) 

    Layer: met1
      Partial area ratio:   13.22
      Required ratio:    0.00 (Gate area) 
      Cumulative area ratio:   13.22
      Required ratio:    0.00 (Cumulative area) 
      Partial area ratio:   64.28
      Required ratio:  400.00 (Side area) 
      Cumulative area ratio:   64.28
      Required ratio:    0.00 (Cumulative side area) 

    Layer: via
      Partial area ratio:    0.31
      Required ratio:    6.00 (Gate area) 
      Cumulative area ratio:    0.54
      Required ratio:    0.00 (Cumulative area) 

    Layer: met2
      Partial area ratio:    8.71
      Required ratio:    0.00 (Gate area) 
      Cumulative area ratio:   21.93
      Required ratio:    0.00 (Cumulative area) 
      Partial area ratio:   43.01
      Required ratio: 4046.20 (Side area) 
      Cumulative area ratio:  107.29
      Required ratio:    0.00 (Cumulative side area) 


  Pin:   _27022_/A1 (sky130_fd_sc_hd__mux2_1)
    Layer: mcon
      Partial area ratio:    0.23
      Required ratio:    3.00 (Gate area) 
      Cumulative area ratio:    0.23
      Required ratio:    0.00 (Cumulative area) 

    Layer: met1
      Partial area ratio:    8.65
      Required ratio:    0.00 (Gate area) 
      Cumulative area ratio:    8.65
      Required ratio:    0.00 (Cumulative area) 
      Partial area ratio:   41.57
      Required ratio:  400.00 (Side area) 
      Cumulative area ratio:   41.57
      Required ratio:    0.00 (Cumulative side area) 

    Layer: via
      Partial area ratio:    0.30
      Required ratio:    6.00 (Gate area) 
      Cumulative area ratio:    0.53
      Required ratio:    0.00 (Cumulative area) 

    Layer: met2
      Partial area ratio:    8.71
      Required ratio:    0.00 (Gate area) 
      Cumulative area ratio:   17.36
      Required ratio:    0.00 (Cumulative area) 
      Partial area ratio:   43.01
      Required ratio: 4046.20 (Side area) 
      Cumulative area ratio:   84.58
      Required ratio:    0.00 (Cumulative side area) 


  Pin:   _27055_/A0 (sky130_fd_sc_hd__mux2_1)
    Layer: mcon
      Partial area ratio:    0.23
      Required ratio:    3.00 (Gate area) 
      Cumulative area ratio:    0.23
      Required ratio:    0.00 (Cumulative area) 

    Layer: met1
      Partial area ratio:   11.00
      Required ratio:    0.00 (Gate area) 
      Cumulative area ratio:   11.00
      Required ratio:    0.00 (Cumulative area) 
      Partial area ratio:   53.35
      Required ratio:  400.00 (Side area) 
      Cumulative area ratio:   53.35
      Required ratio:    0.00 (Cumulative side area) 

    Layer: via
      Partial area ratio:    0.26
      Required ratio:    6.00 (Gate area) 
      Cumulative area ratio:    0.48
      Required ratio:    0.00 (Cumulative area) 

    Layer: met2
      Partial area ratio:    8.71
      Required ratio:    0.00 (Gate area) 
      Cumulative area ratio:   19.71
      Required ratio:    0.00 (Cumulative area) 
      Partial area ratio:   43.01
      Required ratio: 4046.20 (Side area) 
      Cumulative area ratio:   96.36
      Required ratio:    0.00 (Cumulative side area) 


  Pin:   _27088_/A0 (sky130_fd_sc_hd__mux2_1)
    Layer: mcon
      Partial area ratio:    0.23
      Required ratio:    3.00 (Gate area) 
      Cumulative area ratio:    0.23
      Required ratio:    0.00 (Cumulative area) 

    Layer: met1
      Partial area ratio:    9.77
      Required ratio:    0.00 (Gate area) 
      Cumulative area ratio:    9.77
      Required ratio:    0.00 (Cumulative area) 
      Partial area ratio:   47.40
      Required ratio:  400.00 (Side area) 
      Cumulative area ratio:   47.40
      Required ratio:    0.00 (Cumulative side area) 

    Layer: via
      Partial area ratio:    0.27
      Required ratio:    6.00 (Gate area) 
      Cumulative area ratio:    0.50
      Required ratio:    0.00 (Cumulative area) 

    Layer: met2
      Partial area ratio:    8.71
      Required ratio:    0.00 (Gate area) 
      Cumulative area ratio:   18.48
      Required ratio:    0.00 (Cumulative area) 
      Partial area ratio:   43.01
      Required ratio: 4046.20 (Side area) 
      Cumulative area ratio:   90.41
      Required ratio:    0.00 (Cumulative side area) 


  Pin:   _27121_/A0 (sky130_fd_sc_hd__mux2_1)
    Layer: mcon
      Partial area ratio:    0.23
      Required ratio:    3.00 (Gate area) 
      Cumulative area ratio:    0.23
      Required ratio:    0.00 (Cumulative area) 

    Layer: met1
      Partial area ratio:    8.10
      Required ratio:    0.00 (Gate area) 
      Cumulative area ratio:    8.10
      Required ratio:    0.00 (Cumulative area) 
      Partial area ratio:   39.06
      Required ratio:  400.00 (Side area) 
      Cumulative area ratio:   39.06
      Required ratio:    0.00 (Cumulative side area) 

    Layer: via
      Partial area ratio:    0.27
      Required ratio:    6.00 (Gate area) 
      Cumulative area ratio:    0.50
      Required ratio:    0.00 (Cumulative area) 

    Layer: met2
      Partial area ratio:    8.71
      Required ratio:    0.00 (Gate area) 
      Cumulative area ratio:   16.81
      Required ratio:    0.00 (Cumulative area) 
      Partial area ratio:   43.01
      Required ratio: 4046.20 (Side area) 
      Cumulative area ratio:   82.07
      Required ratio:    0.00 (Cumulative side area) 


  Pin:   _27154_/A1 (sky130_fd_sc_hd__mux2_1)
    Layer: mcon
      Partial area ratio:    0.23
      Required ratio:    3.00 (Gate area) 
      Cumulative area ratio:    0.23
      Required ratio:    0.00 (Cumulative area) 

    Layer: met1
      Partial area ratio:    3.66
      Required ratio:    0.00 (Gate area) 
      Cumulative area ratio:    3.66
      Required ratio:    0.00 (Cumulative area) 
      Partial area ratio:   16.83
      Required ratio:  400.00 (Side area) 
      Cumulative area ratio:   16.83
      Required ratio:    0.00 (Cumulative side area) 

    Layer: via
      Partial area ratio:    0.36
      Required ratio:    6.00 (Gate area) 
      Cumulative area ratio:    0.59
      Required ratio:    0.00 (Cumulative area) 

    Layer: met2
      Partial area ratio:    8.71
      Required ratio:    0.00 (Gate area) 
      Cumulative area ratio:   12.37
      Required ratio:    0.00 (Cumulative area) 
      Partial area ratio:   43.01
      Required ratio: 4046.20 (Side area) 
      Cumulative area ratio:   59.84
      Required ratio:    0.00 (Cumulative side area) 


  Pin:   _27187_/A0 (sky130_fd_sc_hd__mux2_1)
    Layer: mcon
      Partial area ratio:    0.23
      Required ratio:    3.00 (Gate area) 
      Cumulative area ratio:    0.23
      Required ratio:    0.00 (Cumulative area) 

    Layer: met1
      Partial area ratio:    8.10
      Required ratio:    0.00 (Gate area) 
      Cumulative area ratio:    8.10
      Required ratio:    0.00 (Cumulative area) 
      Partial area ratio:   39.06
      Required ratio:  400.00 (Side area) 
      Cumulative area ratio:   39.06
      Required ratio:    0.00 (Cumulative side area) 

    Layer: via
      Partial area ratio:    0.27
      Required ratio:    6.00 (Gate area) 
      Cumulative area ratio:    0.50
      Required ratio:    0.00 (Cumulative area) 

    Layer: met2
      Partial area ratio:    8.71
      Required ratio:    0.00 (Gate area) 
      Cumulative area ratio:   16.81
      Required ratio:    0.00 (Cumulative area) 
      Partial area ratio:   43.01
      Required ratio: 4046.20 (Side area) 
      Cumulative area ratio:   82.07
      Required ratio:    0.00 (Cumulative side area) 


  Pin:   _27220_/A1 (sky130_fd_sc_hd__mux2_1)
    Layer: mcon
      Partial area ratio:    0.23
      Required ratio:    3.00 (Gate area) 
      Cumulative area ratio:    0.23
      Required ratio:    0.00 (Cumulative area) 

    Layer: met1
      Partial area ratio:   11.00
      Required ratio:    0.00 (Gate area) 
      Cumulative area ratio:   11.00
      Required ratio:    0.00 (Cumulative area) 
      Partial area ratio:   53.35
      Required ratio:  400.00 (Side area) 
      Cumulative area ratio:   53.35
      Required ratio:    0.00 (Cumulative side area) 

    Layer: via
      Partial area ratio:    0.26
      Required ratio:    6.00 (Gate area) 
      Cumulative area ratio:    0.48
      Required ratio:    0.00 (Cumulative area) 

    Layer: met2
      Partial area ratio:    8.71
      Required ratio:    0.00 (Gate area) 
      Cumulative area ratio:   19.71
      Required ratio:    0.00 (Cumulative area) 
      Partial area ratio:   43.01
      Required ratio: 4046.20 (Side area) 
      Cumulative area ratio:   96.36
      Required ratio:    0.00 (Cumulative side area) 


  Pin:   _27253_/A1 (sky130_fd_sc_hd__mux2_1)
    Layer: mcon
      Partial area ratio:    0.23
      Required ratio:    3.00 (Gate area) 
      Cumulative area ratio:    0.23
      Required ratio:    0.00 (Cumulative area) 

    Layer: met1
      Partial area ratio:   11.00
      Required ratio:    0.00 (Gate area) 
      Cumulative area ratio:   11.00
      Required ratio:    0.00 (Cumulative area) 
      Partial area ratio:   53.35
      Required ratio:  400.00 (Side area) 
      Cumulative area ratio:   53.35
      Required ratio:    0.00 (Cumulative side area) 

    Layer: via
      Partial area ratio:    0.26
      Required ratio:    6.00 (Gate area) 
      Cumulative area ratio:    0.48
      Required ratio:    0.00 (Cumulative area) 

    Layer: met2
      Partial area ratio:    8.71
      Required ratio:    0.00 (Gate area) 
      Cumulative area ratio:   19.71
      Required ratio:    0.00 (Cumulative area) 
      Partial area ratio:   43.01
      Required ratio: 4046.20 (Side area) 
      Cumulative area ratio:   96.36
      Required ratio:    0.00 (Cumulative side area) 


  Pin:   _27286_/A1 (sky130_fd_sc_hd__mux2_1)
    Layer: mcon
      Partial area ratio:    0.23
      Required ratio:    3.00 (Gate area) 
      Cumulative area ratio:    0.23
      Required ratio:    0.00 (Cumulative area) 

    Layer: met1
      Partial area ratio:   11.00
      Required ratio:    0.00 (Gate area) 
      Cumulative area ratio:   11.00
      Required ratio:    0.00 (Cumulative area) 
      Partial area ratio:   53.35
      Required ratio:  400.00 (Side area) 
      Cumulative area ratio:   53.35
      Required ratio:    0.00 (Cumulative side area) 

    Layer: via
      Partial area ratio:    0.26
      Required ratio:    6.00 (Gate area) 
      Cumulative area ratio:    0.48
      Required ratio:    0.00 (Cumulative area) 

    Layer: met2
      Partial area ratio:    8.71
      Required ratio:    0.00 (Gate area) 
      Cumulative area ratio:   19.71
      Required ratio:    0.00 (Cumulative area) 
      Partial area ratio:   43.01
      Required ratio: 4046.20 (Side area) 
      Cumulative area ratio:   96.36
      Required ratio:    0.00 (Cumulative side area) 


  Pin:   _27319_/A0 (sky130_fd_sc_hd__mux2_1)
    Layer: mcon
      Partial area ratio:    0.23
      Required ratio:    3.00 (Gate area) 
      Cumulative area ratio:    0.23
      Required ratio:    0.00 (Cumulative area) 

    Layer: met1
      Partial area ratio:    5.13
      Required ratio:    0.00 (Gate area) 
      Cumulative area ratio:    5.13
      Required ratio:    0.00 (Cumulative area) 
      Partial area ratio:   24.18
      Required ratio:  400.00 (Side area) 
      Cumulative area ratio:   24.18
      Required ratio:    0.00 (Cumulative side area) 

    Layer: via
      Partial area ratio:    0.36
      Required ratio:    6.00 (Gate area) 
      Cumulative area ratio:    0.59
      Required ratio:    0.00 (Cumulative area) 

    Layer: met2
      Partial area ratio:    8.71
      Required ratio:    0.00 (Gate area) 
      Cumulative area ratio:   13.84
      Required ratio:    0.00 (Cumulative area) 
      Partial area ratio:   43.01
      Required ratio: 4046.20 (Side area) 
      Cumulative area ratio:   67.19
      Required ratio:    0.00 (Cumulative side area) 


  Pin:   _27352_/A0 (sky130_fd_sc_hd__mux2_1)
    Layer: mcon
      Partial area ratio:    0.23
      Required ratio:    3.00 (Gate area) 
      Cumulative area ratio:    0.23
      Required ratio:    0.00 (Cumulative area) 

    Layer: met1
      Partial area ratio:    2.60
      Required ratio:    0.00 (Gate area) 
      Cumulative area ratio:    2.60
      Required ratio:    0.00 (Cumulative area) 
      Partial area ratio:   11.54
      Required ratio:  400.00 (Side area) 
      Cumulative area ratio:   11.54
      Required ratio:    0.00 (Cumulative side area) 

    Layer: via
      Partial area ratio:    0.36
      Required ratio:    6.00 (Gate area) 
      Cumulative area ratio:    0.59
      Required ratio:    0.00 (Cumulative area) 

    Layer: met2
      Partial area ratio:    8.71
      Required ratio:    0.00 (Gate area) 
      Cumulative area ratio:   11.31
      Required ratio:    0.00 (Cumulative area) 
      Partial area ratio:   43.01
      Required ratio: 4046.20 (Side area) 
      Cumulative area ratio:   54.55
      Required ratio:    0.00 (Cumulative side area) 


  Pin:   _27385_/A1 (sky130_fd_sc_hd__mux2_1)
    Layer: mcon
      Partial area ratio:    0.23
      Required ratio:    3.00 (Gate area) 
      Cumulative area ratio:    0.23
      Required ratio:    0.00 (Cumulative area) 

    Layer: met1
      Partial area ratio:   11.79
      Required ratio:    0.00 (Gate area) 
      Cumulative area ratio:   11.79
      Required ratio:    0.00 (Cumulative area) 
      Partial area ratio:   56.98
      Required ratio:  400.00 (Side area) 
      Cumulative area ratio:   56.98
      Required ratio:    0.00 (Cumulative side area) 

    Layer: via
      Partial area ratio:    0.33
      Required ratio:    6.00 (Gate area) 
      Cumulative area ratio:    0.56
      Required ratio:    0.00 (Cumulative area) 

    Layer: met2
      Partial area ratio:    8.71
      Required ratio:    0.00 (Gate area) 
      Cumulative area ratio:   20.50
      Required ratio:    0.00 (Cumulative area) 
      Partial area ratio:   43.01
      Required ratio: 4046.20 (Side area) 
      Cumulative area ratio:   99.99
      Required ratio:    0.00 (Cumulative side area) 


  Pin:   _27418_/A1 (sky130_fd_sc_hd__mux2_1)
    Layer: mcon
      Partial area ratio:    0.23
      Required ratio:    3.00 (Gate area) 
      Cumulative area ratio:    0.23
      Required ratio:    0.00 (Cumulative area) 

    Layer: met1
      Partial area ratio:   11.79
      Required ratio:    0.00 (Gate area) 
      Cumulative area ratio:   11.79
      Required ratio:    0.00 (Cumulative area) 
      Partial area ratio:   56.98
      Required ratio:  400.00 (Side area) 
      Cumulative area ratio:   56.98
      Required ratio:    0.00 (Cumulative side area) 

    Layer: via
      Partial area ratio:    0.33
      Required ratio:    6.00 (Gate area) 
      Cumulative area ratio:    0.56
      Required ratio:    0.00 (Cumulative area) 

    Layer: met2
      Partial area ratio:    8.71
      Required ratio:    0.00 (Gate area) 
      Cumulative area ratio:   20.50
      Required ratio:    0.00 (Cumulative area) 
      Partial area ratio:   43.01
      Required ratio: 4046.20 (Side area) 
      Cumulative area ratio:   99.99
      Required ratio:    0.00 (Cumulative side area) 


  Pin:   _27451_/A1 (sky130_fd_sc_hd__mux2_1)
    Layer: mcon
      Partial area ratio:    0.23
      Required ratio:    3.00 (Gate area) 
      Cumulative area ratio:    0.23
      Required ratio:    0.00 (Cumulative area) 

    Layer: met1
      Partial area ratio:   11.00
      Required ratio:    0.00 (Gate area) 
      Cumulative area ratio:   11.00
      Required ratio:    0.00 (Cumulative area) 
      Partial area ratio:   53.35
      Required ratio:  400.00 (Side area) 
      Cumulative area ratio:   53.35
      Required ratio:    0.00 (Cumulative side area) 

    Layer: via
      Partial area ratio:    0.26
      Required ratio:    6.00 (Gate area) 
      Cumulative area ratio:    0.48
      Required ratio:    0.00 (Cumulative area) 

    Layer: met2
      Partial area ratio:    8.71
      Required ratio:    0.00 (Gate area) 
      Cumulative area ratio:   19.71
      Required ratio:    0.00 (Cumulative area) 
      Partial area ratio:   43.01
      Required ratio: 4046.20 (Side area) 
      Cumulative area ratio:   96.36
      Required ratio:    0.00 (Cumulative side area) 


  Pin:   _27484_/A1 (sky130_fd_sc_hd__mux2_1)
    Layer: mcon
      Partial area ratio:    0.23
      Required ratio:    3.00 (Gate area) 
      Cumulative area ratio:    0.23
      Required ratio:    0.00 (Cumulative area) 

    Layer: met1
      Partial area ratio:   11.00
      Required ratio:    0.00 (Gate area) 
      Cumulative area ratio:   11.00
      Required ratio:    0.00 (Cumulative area) 
      Partial area ratio:   53.35
      Required ratio:  400.00 (Side area) 
      Cumulative area ratio:   53.35
      Required ratio:    0.00 (Cumulative side area) 

    Layer: via
      Partial area ratio:    0.26
      Required ratio:    6.00 (Gate area) 
      Cumulative area ratio:    0.48
      Required ratio:    0.00 (Cumulative area) 

    Layer: met2
      Partial area ratio:    8.71
      Required ratio:    0.00 (Gate area) 
      Cumulative area ratio:   19.71
      Required ratio:    0.00 (Cumulative area) 
      Partial area ratio:   43.01
      Required ratio: 4046.20 (Side area) 
      Cumulative area ratio:   96.36
      Required ratio:    0.00 (Cumulative side area) 


  Pin:   _27517_/A1 (sky130_fd_sc_hd__mux2_1)
    Layer: mcon
      Partial area ratio:    0.23
      Required ratio:    3.00 (Gate area) 
      Cumulative area ratio:    0.23
      Required ratio:    0.00 (Cumulative area) 

    Layer: met1
      Partial area ratio:    9.77
      Required ratio:    0.00 (Gate area) 
      Cumulative area ratio:    9.77
      Required ratio:    0.00 (Cumulative area) 
      Partial area ratio:   47.40
      Required ratio:  400.00 (Side area) 
      Cumulative area ratio:   47.40
      Required ratio:    0.00 (Cumulative side area) 

    Layer: via
      Partial area ratio:    0.27
      Required ratio:    6.00 (Gate area) 
      Cumulative area ratio:    0.50
      Required ratio:    0.00 (Cumulative area) 

    Layer: met2
      Partial area ratio:    8.71
      Required ratio:    0.00 (Gate area) 
      Cumulative area ratio:   18.48
      Required ratio:    0.00 (Cumulative area) 
      Partial area ratio:   43.01
      Required ratio: 4046.20 (Side area) 
      Cumulative area ratio:   90.41
      Required ratio:    0.00 (Cumulative side area) 


  Pin:   _27550_/A1 (sky130_fd_sc_hd__mux2_1)
    Layer: mcon
      Partial area ratio:    0.23
      Required ratio:    3.00 (Gate area) 
      Cumulative area ratio:    0.23
      Required ratio:    0.00 (Cumulative area) 

    Layer: met1
      Partial area ratio:   11.00
      Required ratio:    0.00 (Gate area) 
      Cumulative area ratio:   11.00
      Required ratio:    0.00 (Cumulative area) 
      Partial area ratio:   53.35
      Required ratio:  400.00 (Side area) 
      Cumulative area ratio:   53.35
      Required ratio:    0.00 (Cumulative side area) 

    Layer: via
      Partial area ratio:    0.26
      Required ratio:    6.00 (Gate area) 
      Cumulative area ratio:    0.48
      Required ratio:    0.00 (Cumulative area) 

    Layer: met2
      Partial area ratio:    8.71
      Required ratio:    0.00 (Gate area) 
      Cumulative area ratio:   19.71
      Required ratio:    0.00 (Cumulative area) 
      Partial area ratio:   43.01
      Required ratio: 4046.20 (Side area) 
      Cumulative area ratio:   96.36
      Required ratio:    0.00 (Cumulative side area) 


  Pin:   _27583_/A0 (sky130_fd_sc_hd__mux2_1)
    Layer: mcon
      Partial area ratio:    0.23
      Required ratio:    3.00 (Gate area) 
      Cumulative area ratio:    0.23
      Required ratio:    0.00 (Cumulative area) 

    Layer: met1
      Partial area ratio:    2.05
      Required ratio:    0.00 (Gate area) 
      Cumulative area ratio:    2.05
      Required ratio:    0.00 (Cumulative area) 
      Partial area ratio:    8.79
      Required ratio:  400.00 (Side area) 
      Cumulative area ratio:    8.79
      Required ratio:    0.00 (Cumulative side area) 

    Layer: via
      Partial area ratio:    0.36
      Required ratio:    6.00 (Gate area) 
      Cumulative area ratio:    0.59
      Required ratio:    0.00 (Cumulative area) 

    Layer: met2
      Partial area ratio:    8.71
      Required ratio:    0.00 (Gate area) 
      Cumulative area ratio:   10.76
      Required ratio:    0.00 (Cumulative area) 
      Partial area ratio:   43.01
      Required ratio: 4046.20 (Side area) 
      Cumulative area ratio:   51.81
      Required ratio:    0.00 (Cumulative side area) 


  Pin:   _27616_/A0 (sky130_fd_sc_hd__mux2_1)
    Layer: mcon
      Partial area ratio:    0.23
      Required ratio:    3.00 (Gate area) 
      Cumulative area ratio:    0.23
      Required ratio:    0.00 (Cumulative area) 

    Layer: met1
      Partial area ratio:    5.34
      Required ratio:    0.00 (Gate area) 
      Cumulative area ratio:    5.34
      Required ratio:    0.00 (Cumulative area) 
      Partial area ratio:   25.21
      Required ratio:  400.00 (Side area) 
      Cumulative area ratio:   25.21
      Required ratio:    0.00 (Cumulative side area) 

    Layer: via
      Partial area ratio:    0.36
      Required ratio:    6.00 (Gate area) 
      Cumulative area ratio:    0.59
      Required ratio:    0.00 (Cumulative area) 

    Layer: met2
      Partial area ratio:    8.71
      Required ratio:    0.00 (Gate area) 
      Cumulative area ratio:   14.04
      Required ratio:    0.00 (Cumulative area) 
      Partial area ratio:   43.01
      Required ratio: 4046.20 (Side area) 
      Cumulative area ratio:   68.22
      Required ratio:    0.00 (Cumulative side area) 


  Pin:   _27649_/A0 (sky130_fd_sc_hd__mux2_1)
    Layer: mcon
      Partial area ratio:    0.23
      Required ratio:    3.00 (Gate area) 
      Cumulative area ratio:    0.23
      Required ratio:    0.00 (Cumulative area) 

    Layer: met1
      Partial area ratio:   11.79
      Required ratio:    0.00 (Gate area) 
      Cumulative area ratio:   11.79
      Required ratio:    0.00 (Cumulative area) 
      Partial area ratio:   56.98
      Required ratio:  400.00 (Side area) 
      Cumulative area ratio:   56.98
      Required ratio:    0.00 (Cumulative side area) 

    Layer: via
      Partial area ratio:    0.33
      Required ratio:    6.00 (Gate area) 
      Cumulative area ratio:    0.56
      Required ratio:    0.00 (Cumulative area) 

    Layer: met2
      Partial area ratio:    8.71
      Required ratio:    0.00 (Gate area) 
      Cumulative area ratio:   20.50
      Required ratio:    0.00 (Cumulative area) 
      Partial area ratio:   43.01
      Required ratio: 4046.20 (Side area) 
      Cumulative area ratio:   99.99
      Required ratio:    0.00 (Cumulative side area) 


  Pin:   _27682_/A0 (sky130_fd_sc_hd__mux2_1)
    Layer: mcon
      Partial area ratio:    0.23
      Required ratio:    3.00 (Gate area) 
      Cumulative area ratio:    0.23
      Required ratio:    0.00 (Cumulative area) 

    Layer: met1
      Partial area ratio:    2.72
      Required ratio:    0.00 (Gate area) 
      Cumulative area ratio:    2.72
      Required ratio:    0.00 (Cumulative area) 
      Partial area ratio:   12.71
      Required ratio:  400.00 (Side area) 
      Cumulative area ratio:   12.71
      Required ratio:    0.00 (Cumulative side area) 

    Layer: via
      Partial area ratio:    0.25
      Required ratio:    6.00 (Gate area) 
      Cumulative area ratio:    0.48
      Required ratio:    0.00 (Cumulative area) 

    Layer: met2
      Partial area ratio:    8.71
      Required ratio:    0.00 (Gate area) 
      Cumulative area ratio:   11.43
      Required ratio:    0.00 (Cumulative area) 
      Partial area ratio:   43.01
      Required ratio: 4046.20 (Side area) 
      Cumulative area ratio:   55.72
      Required ratio:    0.00 (Cumulative side area) 


  Pin:   _27715_/A0 (sky130_fd_sc_hd__mux2_1)
    Layer: mcon
      Partial area ratio:    0.23
      Required ratio:    3.00 (Gate area) 
      Cumulative area ratio:    0.23
      Required ratio:    0.00 (Cumulative area) 

    Layer: met1
      Partial area ratio:   11.79
      Required ratio:    0.00 (Gate area) 
      Cumulative area ratio:   11.79
      Required ratio:    0.00 (Cumulative area) 
      Partial area ratio:   56.98
      Required ratio:  400.00 (Side area) 
      Cumulative area ratio:   56.98
      Required ratio:    0.00 (Cumulative side area) 

    Layer: via
      Partial area ratio:    0.33
      Required ratio:    6.00 (Gate area) 
      Cumulative area ratio:    0.56
      Required ratio:    0.00 (Cumulative area) 

    Layer: met2
      Partial area ratio:    8.71
      Required ratio:    0.00 (Gate area) 
      Cumulative area ratio:   20.50
      Required ratio:    0.00 (Cumulative area) 
      Partial area ratio:   43.01
      Required ratio: 4046.20 (Side area) 
      Cumulative area ratio:   99.99
      Required ratio:    0.00 (Cumulative side area) 


  Pin:   _27748_/A1 (sky130_fd_sc_hd__mux2_1)
    Layer: mcon
      Partial area ratio:    0.23
      Required ratio:    3.00 (Gate area) 
      Cumulative area ratio:    0.23
      Required ratio:    0.00 (Cumulative area) 

    Layer: met1
      Partial area ratio:   11.79
      Required ratio:    0.00 (Gate area) 
      Cumulative area ratio:   11.79
      Required ratio:    0.00 (Cumulative area) 
      Partial area ratio:   56.98
      Required ratio:  400.00 (Side area) 
      Cumulative area ratio:   56.98
      Required ratio:    0.00 (Cumulative side area) 

    Layer: via
      Partial area ratio:    0.33
      Required ratio:    6.00 (Gate area) 
      Cumulative area ratio:    0.56
      Required ratio:    0.00 (Cumulative area) 

    Layer: met2
      Partial area ratio:    8.71
      Required ratio:    0.00 (Gate area) 
      Cumulative area ratio:   20.50
      Required ratio:    0.00 (Cumulative area) 
      Partial area ratio:   43.01
      Required ratio: 4046.20 (Side area) 
      Cumulative area ratio:   99.99
      Required ratio:    0.00 (Cumulative side area) 


  Pin:   _27781_/A1 (sky130_fd_sc_hd__mux2_1)
    Layer: mcon
      Partial area ratio:    0.23
      Required ratio:    3.00 (Gate area) 
      Cumulative area ratio:    0.23
      Required ratio:    0.00 (Cumulative area) 

    Layer: met1
      Partial area ratio:    2.64
      Required ratio:    0.00 (Gate area) 
      Cumulative area ratio:    2.64
      Required ratio:    0.00 (Cumulative area) 
      Partial area ratio:   11.72
      Required ratio:  400.00 (Side area) 
      Cumulative area ratio:   11.72
      Required ratio:    0.00 (Cumulative side area) 

    Layer: via
      Partial area ratio:    0.36
      Required ratio:    6.00 (Gate area) 
      Cumulative area ratio:    0.59
      Required ratio:    0.00 (Cumulative area) 

    Layer: met2
      Partial area ratio:    8.71
      Required ratio:    0.00 (Gate area) 
      Cumulative area ratio:   11.35
      Required ratio:    0.00 (Cumulative area) 
      Partial area ratio:   43.01
      Required ratio: 4046.20 (Side area) 
      Cumulative area ratio:   54.73
      Required ratio:    0.00 (Cumulative side area) 


  Pin:   _27814_/A1 (sky130_fd_sc_hd__mux2_1)
    Layer: mcon
      Partial area ratio:    0.23
      Required ratio:    3.00 (Gate area) 
      Cumulative area ratio:    0.23
      Required ratio:    0.00 (Cumulative area) 

    Layer: met1
      Partial area ratio:    9.21
      Required ratio:    0.00 (Gate area) 
      Cumulative area ratio:    9.21
      Required ratio:    0.00 (Cumulative area) 
      Partial area ratio:   44.61
      Required ratio:  400.00 (Side area) 
      Cumulative area ratio:   44.61
      Required ratio:    0.00 (Cumulative side area) 

    Layer: via
      Partial area ratio:    0.27
      Required ratio:    6.00 (Gate area) 
      Cumulative area ratio:    0.50
      Required ratio:    0.00 (Cumulative area) 

    Layer: met2
      Partial area ratio:    8.71
      Required ratio:    0.00 (Gate area) 
      Cumulative area ratio:   17.92
      Required ratio:    0.00 (Cumulative area) 
      Partial area ratio:   43.01
      Required ratio: 4046.20 (Side area) 
      Cumulative area ratio:   87.62
      Required ratio:    0.00 (Cumulative side area) 


  Pin:   _27847_/A0 (sky130_fd_sc_hd__mux2_1)
    Layer: mcon
      Partial area ratio:    0.23
      Required ratio:    3.00 (Gate area) 
      Cumulative area ratio:    0.23
      Required ratio:    0.00 (Cumulative area) 

    Layer: met1
      Partial area ratio:    3.94
      Required ratio:    0.00 (Gate area) 
      Cumulative area ratio:    3.94
      Required ratio:    0.00 (Cumulative area) 
      Partial area ratio:   18.21
      Required ratio:  400.00 (Side area) 
      Cumulative area ratio:   18.21
      Required ratio:    0.00 (Cumulative side area) 

    Layer: via
      Partial area ratio:    0.36
      Required ratio:    6.00 (Gate area) 
      Cumulative area ratio:    0.59
      Required ratio:    0.00 (Cumulative area) 

    Layer: met2
      Partial area ratio:    8.71
      Required ratio:    0.00 (Gate area) 
      Cumulative area ratio:   12.64
      Required ratio:    0.00 (Cumulative area) 
      Partial area ratio:   43.01
      Required ratio: 4046.20 (Side area) 
      Cumulative area ratio:   61.22
      Required ratio:    0.00 (Cumulative side area) 


  Pin:   _27880_/A1 (sky130_fd_sc_hd__mux2_1)
    Layer: mcon
      Partial area ratio:    0.23
      Required ratio:    3.00 (Gate area) 
      Cumulative area ratio:    0.23
      Required ratio:    0.00 (Cumulative area) 

    Layer: met1
      Partial area ratio:    9.44
      Required ratio:    0.00 (Gate area) 
      Cumulative area ratio:    9.44
      Required ratio:    0.00 (Cumulative area) 
      Partial area ratio:   45.75
      Required ratio:  400.00 (Side area) 
      Cumulative area ratio:   45.75
      Required ratio:    0.00 (Cumulative side area) 

    Layer: via
      Partial area ratio:    0.27
      Required ratio:    6.00 (Gate area) 
      Cumulative area ratio:    0.50
      Required ratio:    0.00 (Cumulative area) 

    Layer: met2
      Partial area ratio:    8.71
      Required ratio:    0.00 (Gate area) 
      Cumulative area ratio:   18.15
      Required ratio:    0.00 (Cumulative area) 
      Partial area ratio:   43.01
      Required ratio: 4046.20 (Side area) 
      Cumulative area ratio:   88.76
      Required ratio:    0.00 (Cumulative side area) 


  Pin:   _27913_/A1 (sky130_fd_sc_hd__mux2_1)
    Layer: mcon
      Partial area ratio:    0.23
      Required ratio:    3.00 (Gate area) 
      Cumulative area ratio:    0.23
      Required ratio:    0.00 (Cumulative area) 

    Layer: met1
      Partial area ratio:    9.44
      Required ratio:    0.00 (Gate area) 
      Cumulative area ratio:    9.44
      Required ratio:    0.00 (Cumulative area) 
      Partial area ratio:   45.75
      Required ratio:  400.00 (Side area) 
      Cumulative area ratio:   45.75
      Required ratio:    0.00 (Cumulative side area) 

    Layer: via
      Partial area ratio:    0.27
      Required ratio:    6.00 (Gate area) 
      Cumulative area ratio:    0.50
      Required ratio:    0.00 (Cumulative area) 

    Layer: met2
      Partial area ratio:    8.71
      Required ratio:    0.00 (Gate area) 
      Cumulative area ratio:   18.15
      Required ratio:    0.00 (Cumulative area) 
      Partial area ratio:   43.01
      Required ratio: 4046.20 (Side area) 
      Cumulative area ratio:   88.76
      Required ratio:    0.00 (Cumulative side area) 


  Pin:   _27946_/A1 (sky130_fd_sc_hd__mux2_1)
    Layer: mcon
      Partial area ratio:    0.23
      Required ratio:    3.00 (Gate area) 
      Cumulative area ratio:    0.23
      Required ratio:    0.00 (Cumulative area) 

    Layer: met1
      Partial area ratio:   28.10
      Required ratio:    0.00 (Gate area) 
      Cumulative area ratio:   28.10
      Required ratio:    0.00 (Cumulative area) 
      Partial area ratio:  138.17
      Required ratio:  400.00 (Side area) 
      Cumulative area ratio:  138.17
      Required ratio:    0.00 (Cumulative side area) 

    Layer: via
      Partial area ratio:    0.54
      Required ratio:    6.00 (Gate area) 
      Cumulative area ratio:    0.77
      Required ratio:    0.00 (Cumulative area) 

    Layer: met2
      Partial area ratio:    8.71
      Required ratio:    0.00 (Gate area) 
      Cumulative area ratio:   36.81
      Required ratio:    0.00 (Cumulative area) 
      Partial area ratio:   43.01
      Required ratio: 4046.20 (Side area) 
      Cumulative area ratio:  181.18
      Required ratio:    0.00 (Cumulative side area) 


  Pin:   _27979_/A1 (sky130_fd_sc_hd__mux2_1)
    Layer: mcon
      Partial area ratio:    0.23
      Required ratio:    3.00 (Gate area) 
      Cumulative area ratio:    0.23
      Required ratio:    0.00 (Cumulative area) 

    Layer: met1
      Partial area ratio:    7.39
      Required ratio:    0.00 (Gate area) 
      Cumulative area ratio:    7.39
      Required ratio:    0.00 (Cumulative area) 
      Partial area ratio:   35.24
      Required ratio:  400.00 (Side area) 
      Cumulative area ratio:   35.24
      Required ratio:    0.00 (Cumulative side area) 

    Layer: via
      Partial area ratio:    0.30
      Required ratio:    6.00 (Gate area) 
      Cumulative area ratio:    0.53
      Required ratio:    0.00 (Cumulative area) 

    Layer: met2
      Partial area ratio:    8.71
      Required ratio:    0.00 (Gate area) 
      Cumulative area ratio:   16.10
      Required ratio:    0.00 (Cumulative area) 
      Partial area ratio:   43.01
      Required ratio: 4046.20 (Side area) 
      Cumulative area ratio:   78.25
      Required ratio:    0.00 (Cumulative side area) 


  Pin:   _28012_/A0 (sky130_fd_sc_hd__mux2_1)
    Layer: mcon
      Partial area ratio:    0.23
      Required ratio:    3.00 (Gate area) 
      Cumulative area ratio:    0.23
      Required ratio:    0.00 (Cumulative area) 

    Layer: met1
      Partial area ratio:   11.11
      Required ratio:    0.00 (Gate area) 
      Cumulative area ratio:   11.11
      Required ratio:    0.00 (Cumulative area) 
      Partial area ratio:   53.22
      Required ratio:  400.00 (Side area) 
      Cumulative area ratio:   53.22
      Required ratio:    0.00 (Cumulative side area) 

    Layer: via
      Partial area ratio:    0.54
      Required ratio:    6.00 (Gate area) 
      Cumulative area ratio:    0.77
      Required ratio:    0.00 (Cumulative area) 

    Layer: met2
      Partial area ratio:    8.71
      Required ratio:    0.00 (Gate area) 
      Cumulative area ratio:   19.82
      Required ratio:    0.00 (Cumulative area) 
      Partial area ratio:   43.01
      Required ratio: 4046.20 (Side area) 
      Cumulative area ratio:   96.23
      Required ratio:    0.00 (Cumulative side area) 


  Pin:   _28045_/A1 (sky130_fd_sc_hd__mux2_1)
    Layer: mcon
      Partial area ratio:    0.23
      Required ratio:    3.00 (Gate area) 
      Cumulative area ratio:    0.23
      Required ratio:    0.00 (Cumulative area) 

    Layer: met1
      Partial area ratio:    7.39
      Required ratio:    0.00 (Gate area) 
      Cumulative area ratio:    7.39
      Required ratio:    0.00 (Cumulative area) 
      Partial area ratio:   35.24
      Required ratio:  400.00 (Side area) 
      Cumulative area ratio:   35.24
      Required ratio:    0.00 (Cumulative side area) 

    Layer: via
      Partial area ratio:    0.30
      Required ratio:    6.00 (Gate area) 
      Cumulative area ratio:    0.53
      Required ratio:    0.00 (Cumulative area) 

    Layer: met2
      Partial area ratio:    8.71
      Required ratio:    0.00 (Gate area) 
      Cumulative area ratio:   16.10
      Required ratio:    0.00 (Cumulative area) 
      Partial area ratio:   43.01
      Required ratio: 4046.20 (Side area) 
      Cumulative area ratio:   78.25
      Required ratio:    0.00 (Cumulative side area) 


  Pin:   _28078_/A1 (sky130_fd_sc_hd__mux2_1)
    Layer: mcon
      Partial area ratio:    0.23
      Required ratio:    3.00 (Gate area) 
      Cumulative area ratio:    0.23
      Required ratio:    0.00 (Cumulative area) 

    Layer: met1
      Partial area ratio:    7.39
      Required ratio:    0.00 (Gate area) 
      Cumulative area ratio:    7.39
      Required ratio:    0.00 (Cumulative area) 
      Partial area ratio:   35.24
      Required ratio:  400.00 (Side area) 
      Cumulative area ratio:   35.24
      Required ratio:    0.00 (Cumulative side area) 

    Layer: via
      Partial area ratio:    0.30
      Required ratio:    6.00 (Gate area) 
      Cumulative area ratio:    0.53
      Required ratio:    0.00 (Cumulative area) 

    Layer: met2
      Partial area ratio:    8.71
      Required ratio:    0.00 (Gate area) 
      Cumulative area ratio:   16.10
      Required ratio:    0.00 (Cumulative area) 
      Partial area ratio:   43.01
      Required ratio: 4046.20 (Side area) 
      Cumulative area ratio:   78.25
      Required ratio:    0.00 (Cumulative side area) 


  Pin:   _28111_/A1 (sky130_fd_sc_hd__mux2_1)
    Layer: mcon
      Partial area ratio:    0.23
      Required ratio:    3.00 (Gate area) 
      Cumulative area ratio:    0.23
      Required ratio:    0.00 (Cumulative area) 

    Layer: met1
      Partial area ratio:    1.98
      Required ratio:    0.00 (Gate area) 
      Cumulative area ratio:    1.98
      Required ratio:    0.00 (Cumulative area) 
      Partial area ratio:    8.42
      Required ratio:  400.00 (Side area) 
      Cumulative area ratio:    8.42
      Required ratio:    0.00 (Cumulative side area) 

    Layer: via
      Partial area ratio:    0.36
      Required ratio:    6.00 (Gate area) 
      Cumulative area ratio:    0.59
      Required ratio:    0.00 (Cumulative area) 

    Layer: met2
      Partial area ratio:    8.71
      Required ratio:    0.00 (Gate area) 
      Cumulative area ratio:   10.69
      Required ratio:    0.00 (Cumulative area) 
      Partial area ratio:   43.01
      Required ratio: 4046.20 (Side area) 
      Cumulative area ratio:   51.43
      Required ratio:    0.00 (Cumulative side area) 


  Pin:   _28144_/A1 (sky130_fd_sc_hd__mux2_1)
    Layer: mcon
      Partial area ratio:    0.23
      Required ratio:    3.00 (Gate area) 
      Cumulative area ratio:    0.23
      Required ratio:    0.00 (Cumulative area) 

    Layer: met1
      Partial area ratio:   13.81
      Required ratio:    0.00 (Gate area) 
      Cumulative area ratio:   13.81
      Required ratio:    0.00 (Cumulative area) 
      Partial area ratio:   67.56
      Required ratio:  400.00 (Side area) 
      Cumulative area ratio:   67.56
      Required ratio:    0.00 (Cumulative side area) 

    Layer: via
      Partial area ratio:    0.36
      Required ratio:    6.00 (Gate area) 
      Cumulative area ratio:    0.59
      Required ratio:    0.00 (Cumulative area) 

    Layer: met2
      Partial area ratio:    8.71
      Required ratio:    0.00 (Gate area) 
      Cumulative area ratio:   22.51
      Required ratio:    0.00 (Cumulative area) 
      Partial area ratio:   43.01
      Required ratio: 4046.20 (Side area) 
      Cumulative area ratio:  110.57
      Required ratio:    0.00 (Cumulative side area) 


  Pin:   _28177_/A1 (sky130_fd_sc_hd__mux2_1)
    Layer: mcon
      Partial area ratio:    0.23
      Required ratio:    3.00 (Gate area) 
      Cumulative area ratio:    0.23
      Required ratio:    0.00 (Cumulative area) 

    Layer: met1
      Partial area ratio:   33.22
      Required ratio:    0.00 (Gate area) 
      Cumulative area ratio:   33.22
      Required ratio:    0.00 (Cumulative area) 
      Partial area ratio:  164.38
      Required ratio:  400.00 (Side area) 
      Cumulative area ratio:  164.38
      Required ratio:    0.00 (Cumulative side area) 

    Layer: via
      Partial area ratio:    0.28
      Required ratio:    6.00 (Gate area) 
      Cumulative area ratio:    0.51
      Required ratio:    0.00 (Cumulative area) 

    Layer: met2
      Partial area ratio:    8.71
      Required ratio:    0.00 (Gate area) 
      Cumulative area ratio:   41.92
      Required ratio:    0.00 (Cumulative area) 
      Partial area ratio:   43.01
      Required ratio: 4046.20 (Side area) 
      Cumulative area ratio:  207.39
      Required ratio:    0.00 (Cumulative side area) 


  Pin:   _28210_/A1 (sky130_fd_sc_hd__mux2_1)
    Layer: mcon
      Partial area ratio:    0.23
      Required ratio:    3.00 (Gate area) 
      Cumulative area ratio:    0.23
      Required ratio:    0.00 (Cumulative area) 

    Layer: met1
      Partial area ratio:   33.22
      Required ratio:    0.00 (Gate area) 
      Cumulative area ratio:   33.22
      Required ratio:    0.00 (Cumulative area) 
      Partial area ratio:  164.38
      Required ratio:  400.00 (Side area) 
      Cumulative area ratio:  164.38
      Required ratio:    0.00 (Cumulative side area) 

    Layer: via
      Partial area ratio:    0.28
      Required ratio:    6.00 (Gate area) 
      Cumulative area ratio:    0.51
      Required ratio:    0.00 (Cumulative area) 

    Layer: met2
      Partial area ratio:    8.71
      Required ratio:    0.00 (Gate area) 
      Cumulative area ratio:   41.92
      Required ratio:    0.00 (Cumulative area) 
      Partial area ratio:   43.01
      Required ratio: 4046.20 (Side area) 
      Cumulative area ratio:  207.39
      Required ratio:    0.00 (Cumulative side area) 


  Pin:   _28243_/A1 (sky130_fd_sc_hd__mux2_1)
    Layer: mcon
      Partial area ratio:    0.23
      Required ratio:    3.00 (Gate area) 
      Cumulative area ratio:    0.23
      Required ratio:    0.00 (Cumulative area) 

    Layer: met1
      Partial area ratio:   33.22
      Required ratio:    0.00 (Gate area) 
      Cumulative area ratio:   33.22
      Required ratio:    0.00 (Cumulative area) 
      Partial area ratio:  164.38
      Required ratio:  400.00 (Side area) 
      Cumulative area ratio:  164.38
      Required ratio:    0.00 (Cumulative side area) 

    Layer: via
      Partial area ratio:    0.28
      Required ratio:    6.00 (Gate area) 
      Cumulative area ratio:    0.51
      Required ratio:    0.00 (Cumulative area) 

    Layer: met2
      Partial area ratio:    8.71
      Required ratio:    0.00 (Gate area) 
      Cumulative area ratio:   41.92
      Required ratio:    0.00 (Cumulative area) 
      Partial area ratio:   43.01
      Required ratio: 4046.20 (Side area) 
      Cumulative area ratio:  207.39
      Required ratio:    0.00 (Cumulative side area) 


  Pin:   _28276_/A1 (sky130_fd_sc_hd__mux2_1)
    Layer: mcon
      Partial area ratio:    0.23
      Required ratio:    3.00 (Gate area) 
      Cumulative area ratio:    0.23
      Required ratio:    0.00 (Cumulative area) 

    Layer: met1
      Partial area ratio:    1.40
      Required ratio:    0.00 (Gate area) 
      Cumulative area ratio:    1.40
      Required ratio:    0.00 (Cumulative area) 
      Partial area ratio:    5.94
      Required ratio:  400.00 (Side area) 
      Cumulative area ratio:    5.94
      Required ratio:    0.00 (Cumulative side area) 

    Layer: via
      Partial area ratio:    0.29
      Required ratio:    6.00 (Gate area) 
      Cumulative area ratio:    0.52
      Required ratio:    0.00 (Cumulative area) 

    Layer: met2
      Partial area ratio:    8.71
      Required ratio:    0.00 (Gate area) 
      Cumulative area ratio:   10.11
      Required ratio:    0.00 (Cumulative area) 
      Partial area ratio:   43.01
      Required ratio: 4046.20 (Side area) 
      Cumulative area ratio:   48.96
      Required ratio:    0.00 (Cumulative side area) 


  Pin:   _28308_/A1 (sky130_fd_sc_hd__mux2_1)
    Layer: mcon
      Partial area ratio:    0.23
      Required ratio:    3.00 (Gate area) 
      Cumulative area ratio:    0.23
      Required ratio:    0.00 (Cumulative area) 

    Layer: met1
      Partial area ratio:   33.22
      Required ratio:    0.00 (Gate area) 
      Cumulative area ratio:   33.22
      Required ratio:    0.00 (Cumulative area) 
      Partial area ratio:  164.38
      Required ratio:  400.00 (Side area) 
      Cumulative area ratio:  164.38
      Required ratio:    0.00 (Cumulative side area) 

    Layer: via
      Partial area ratio:    0.28
      Required ratio:    6.00 (Gate area) 
      Cumulative area ratio:    0.51
      Required ratio:    0.00 (Cumulative area) 

    Layer: met2
      Partial area ratio:    8.71
      Required ratio:    0.00 (Gate area) 
      Cumulative area ratio:   41.92
      Required ratio:    0.00 (Cumulative area) 
      Partial area ratio:   43.01
      Required ratio: 4046.20 (Side area) 
      Cumulative area ratio:  207.39
      Required ratio:    0.00 (Cumulative side area) 


  Pin:   ANTENNA_120/DIODE (sky130_fd_sc_hd__diode_2)
    Layer: mcon
      Partial area ratio:    0.07
      Required ratio:   10.82 (Gate area) 
      Cumulative area ratio:    0.07
      Required ratio:    0.00 (Cumulative area) 

    Layer: met1
      Partial area ratio:    1.65
      Required ratio:    0.00 (Gate area) 
      Cumulative area ratio:    1.65
      Required ratio:    0.00 (Cumulative area) 
      Partial area ratio:    7.62
      Required ratio: 2773.88 (Side area) 
      Cumulative area ratio:    7.62
      Required ratio:    0.00 (Cumulative side area) 

    Layer: via
      Partial area ratio:    0.12
      Required ratio:   21.65 (Gate area) 
      Cumulative area ratio:    0.19
      Required ratio:    0.00 (Cumulative area) 

    Layer: met2
      Partial area ratio:    8.71
      Required ratio:    0.00 (Gate area) 
      Cumulative area ratio:   10.36
      Required ratio:    0.00 (Cumulative area) 
      Partial area ratio:   43.01
      Required ratio: 4046.20 (Side area) 
      Cumulative area ratio:   50.63
      Required ratio:    0.00 (Cumulative side area) 



Net: net263
  Pin:   _14322_/A0 (sky130_fd_sc_hd__mux2_1)
    Layer: mcon
      Partial area ratio:    0.23
      Required ratio:    3.00 (Gate area) 
      Cumulative area ratio:    0.23
      Required ratio:    0.00 (Cumulative area) 

    Layer: met1
      Partial area ratio:  119.39
      Required ratio:    0.00 (Gate area) 
      Cumulative area ratio:  119.39
      Required ratio:    0.00 (Cumulative area) 
      Partial area ratio:  594.61
      Required ratio:  400.00 (Side area) (VIOLATED)
      Cumulative area ratio:  594.61
      Required ratio:    0.00 (Cumulative side area) 

    Layer: via
      Partial area ratio:    0.54
      Required ratio:    6.00 (Gate area) 
      Cumulative area ratio:    0.77
      Required ratio:    0.00 (Cumulative area) 

    Layer: met2
      Partial area ratio:   11.45
      Required ratio:    0.00 (Gate area) 
      Cumulative area ratio:  130.84
      Required ratio:    0.00 (Cumulative area) 
      Partial area ratio:   56.63
      Required ratio: 3872.32 (Side area) 
      Cumulative area ratio:  651.24
      Required ratio:    0.00 (Cumulative side area) 


  Pin:   _14357_/A1 (sky130_fd_sc_hd__mux2_1)
    Layer: mcon
      Partial area ratio:    0.23
      Required ratio:    3.00 (Gate area) 
      Cumulative area ratio:    0.23
      Required ratio:    0.00 (Cumulative area) 

    Layer: met1
      Partial area ratio:    9.69
      Required ratio:    0.00 (Gate area) 
      Cumulative area ratio:    9.69
      Required ratio:    0.00 (Cumulative area) 
      Partial area ratio:   47.03
      Required ratio:  400.00 (Side area) 
      Cumulative area ratio:   47.03
      Required ratio:    0.00 (Cumulative side area) 

    Layer: via
      Partial area ratio:    0.27
      Required ratio:    6.00 (Gate area) 
      Cumulative area ratio:    0.50
      Required ratio:    0.00 (Cumulative area) 

    Layer: met2
      Partial area ratio:   11.45
      Required ratio:    0.00 (Gate area) 
      Cumulative area ratio:   21.15
      Required ratio:    0.00 (Cumulative area) 
      Partial area ratio:   56.63
      Required ratio: 3872.32 (Side area) 
      Cumulative area ratio:  103.66
      Required ratio:    0.00 (Cumulative side area) 


  Pin:   _14391_/A1 (sky130_fd_sc_hd__mux2_1)
    Layer: mcon
      Partial area ratio:    0.23
      Required ratio:    3.00 (Gate area) 
      Cumulative area ratio:    0.23
      Required ratio:    0.00 (Cumulative area) 

    Layer: met1
      Partial area ratio:    3.38
      Required ratio:    0.00 (Gate area) 
      Cumulative area ratio:    3.38
      Required ratio:    0.00 (Cumulative area) 
      Partial area ratio:   15.44
      Required ratio:  400.00 (Side area) 
      Cumulative area ratio:   15.44
      Required ratio:    0.00 (Cumulative side area) 

    Layer: via
      Partial area ratio:    0.36
      Required ratio:    6.00 (Gate area) 
      Cumulative area ratio:    0.59
      Required ratio:    0.00 (Cumulative area) 

    Layer: met2
      Partial area ratio:   11.45
      Required ratio:    0.00 (Gate area) 
      Cumulative area ratio:   14.84
      Required ratio:    0.00 (Cumulative area) 
      Partial area ratio:   56.63
      Required ratio: 3872.32 (Side area) 
      Cumulative area ratio:   72.07
      Required ratio:    0.00 (Cumulative side area) 


  Pin:   _14425_/A1 (sky130_fd_sc_hd__mux2_1)
    Layer: mcon
      Partial area ratio:    0.23
      Required ratio:    3.00 (Gate area) 
      Cumulative area ratio:    0.23
      Required ratio:    0.00 (Cumulative area) 

    Layer: met1
      Partial area ratio:    9.69
      Required ratio:    0.00 (Gate area) 
      Cumulative area ratio:    9.69
      Required ratio:    0.00 (Cumulative area) 
      Partial area ratio:   47.03
      Required ratio:  400.00 (Side area) 
      Cumulative area ratio:   47.03
      Required ratio:    0.00 (Cumulative side area) 

    Layer: via
      Partial area ratio:    0.27
      Required ratio:    6.00 (Gate area) 
      Cumulative area ratio:    0.50
      Required ratio:    0.00 (Cumulative area) 

    Layer: met2
      Partial area ratio:   11.45
      Required ratio:    0.00 (Gate area) 
      Cumulative area ratio:   21.15
      Required ratio:    0.00 (Cumulative area) 
      Partial area ratio:   56.63
      Required ratio: 3872.32 (Side area) 
      Cumulative area ratio:  103.66
      Required ratio:    0.00 (Cumulative side area) 


  Pin:   _14459_/A1 (sky130_fd_sc_hd__mux2_1)
    Layer: mcon
      Partial area ratio:    0.23
      Required ratio:    3.00 (Gate area) 
      Cumulative area ratio:    0.23
      Required ratio:    0.00 (Cumulative area) 

    Layer: met1
      Partial area ratio:   10.09
      Required ratio:    0.00 (Gate area) 
      Cumulative area ratio:   10.09
      Required ratio:    0.00 (Cumulative area) 
      Partial area ratio:   48.11
      Required ratio:  400.00 (Side area) 
      Cumulative area ratio:   48.11
      Required ratio:    0.00 (Cumulative side area) 

    Layer: via
      Partial area ratio:    0.54
      Required ratio:    6.00 (Gate area) 
      Cumulative area ratio:    0.77
      Required ratio:    0.00 (Cumulative area) 

    Layer: met2
      Partial area ratio:   11.45
      Required ratio:    0.00 (Gate area) 
      Cumulative area ratio:   21.54
      Required ratio:    0.00 (Cumulative area) 
      Partial area ratio:   56.63
      Required ratio: 3872.32 (Side area) 
      Cumulative area ratio:  104.74
      Required ratio:    0.00 (Cumulative side area) 


  Pin:   _14493_/A1 (sky130_fd_sc_hd__mux2_1)
    Layer: mcon
      Partial area ratio:    0.23
      Required ratio:    3.00 (Gate area) 
      Cumulative area ratio:    0.23
      Required ratio:    0.00 (Cumulative area) 

    Layer: met1
      Partial area ratio:   20.21
      Required ratio:    0.00 (Gate area) 
      Cumulative area ratio:   20.21
      Required ratio:    0.00 (Cumulative area) 
      Partial area ratio:   97.32
      Required ratio: 3872.32 (Side area) 
      Cumulative area ratio:   97.32
      Required ratio:    0.00 (Cumulative side area) 

    Layer: via
      Partial area ratio:    0.71
      Required ratio:  120.51 (Gate area) 
      Cumulative area ratio:    0.94
      Required ratio:    0.00 (Cumulative area) 

    Layer: met2
      Partial area ratio:   11.45
      Required ratio:    0.00 (Gate area) 
      Cumulative area ratio:   31.66
      Required ratio:    0.00 (Cumulative area) 
      Partial area ratio:   56.63
      Required ratio: 3872.32 (Side area) 
      Cumulative area ratio:  153.95
      Required ratio:    0.00 (Cumulative side area) 


  Pin:   _14527_/A1 (sky130_fd_sc_hd__mux2_1)
    Layer: mcon
      Partial area ratio:    0.23
      Required ratio:    3.00 (Gate area) 
      Cumulative area ratio:    0.23
      Required ratio:    0.00 (Cumulative area) 

    Layer: met1
      Partial area ratio:    2.08
      Required ratio:    0.00 (Gate area) 
      Cumulative area ratio:    2.08
      Required ratio:    0.00 (Cumulative area) 
      Partial area ratio:    8.17
      Required ratio:  400.00 (Side area) 
      Cumulative area ratio:    8.17
      Required ratio:    0.00 (Cumulative side area) 

    Layer: via
      Partial area ratio:    0.36
      Required ratio:    6.00 (Gate area) 
      Cumulative area ratio:    0.59
      Required ratio:    0.00 (Cumulative area) 

    Layer: met2
      Partial area ratio:   11.45
      Required ratio:    0.00 (Gate area) 
      Cumulative area ratio:   13.54
      Required ratio:    0.00 (Cumulative area) 
      Partial area ratio:   56.63
      Required ratio: 3872.32 (Side area) 
      Cumulative area ratio:   64.80
      Required ratio:    0.00 (Cumulative side area) 


  Pin:   _14669_/A0 (sky130_fd_sc_hd__mux2_1)
    Layer: mcon
      Partial area ratio:    0.23
      Required ratio:    3.00 (Gate area) 
      Cumulative area ratio:    0.23
      Required ratio:    0.00 (Cumulative area) 

    Layer: met1
      Partial area ratio:    6.27
      Required ratio:    0.00 (Gate area) 
      Cumulative area ratio:    6.27
      Required ratio:    0.00 (Cumulative area) 
      Partial area ratio:   29.88
      Required ratio:  400.00 (Side area) 
      Cumulative area ratio:   29.88
      Required ratio:    0.00 (Cumulative side area) 

    Layer: via
      Partial area ratio:    0.36
      Required ratio:    6.00 (Gate area) 
      Cumulative area ratio:    0.59
      Required ratio:    0.00 (Cumulative area) 

    Layer: met2
      Partial area ratio:   11.45
      Required ratio:    0.00 (Gate area) 
      Cumulative area ratio:   17.72
      Required ratio:    0.00 (Cumulative area) 
      Partial area ratio:   56.63
      Required ratio: 3872.32 (Side area) 
      Cumulative area ratio:   86.51
      Required ratio:    0.00 (Cumulative side area) 


  Pin:   _15011_/A0 (sky130_fd_sc_hd__mux2_1)
    Layer: mcon
      Partial area ratio:    0.23
      Required ratio:    3.00 (Gate area) 
      Cumulative area ratio:    0.23
      Required ratio:    0.00 (Cumulative area) 

    Layer: met1
      Partial area ratio:    3.51
      Required ratio:    0.00 (Gate area) 
      Cumulative area ratio:    3.51
      Required ratio:    0.00 (Cumulative area) 
      Partial area ratio:   16.07
      Required ratio:  400.00 (Side area) 
      Cumulative area ratio:   16.07
      Required ratio:    0.00 (Cumulative side area) 

    Layer: via
      Partial area ratio:    0.36
      Required ratio:    6.00 (Gate area) 
      Cumulative area ratio:    0.59
      Required ratio:    0.00 (Cumulative area) 

    Layer: met2
      Partial area ratio:   11.45
      Required ratio:    0.00 (Gate area) 
      Cumulative area ratio:   14.96
      Required ratio:    0.00 (Cumulative area) 
      Partial area ratio:   56.63
      Required ratio: 3872.32 (Side area) 
      Cumulative area ratio:   72.70
      Required ratio:    0.00 (Cumulative side area) 


  Pin:   _15346_/A0 (sky130_fd_sc_hd__mux2_1)
    Layer: mcon
      Partial area ratio:    0.23
      Required ratio:    3.00 (Gate area) 
      Cumulative area ratio:    0.23
      Required ratio:    0.00 (Cumulative area) 

    Layer: met1
      Partial area ratio:   25.34
      Required ratio:    0.00 (Gate area) 
      Cumulative area ratio:   25.34
      Required ratio:    0.00 (Cumulative area) 
      Partial area ratio:  124.39
      Required ratio:  400.00 (Side area) 
      Cumulative area ratio:  124.39
      Required ratio:    0.00 (Cumulative side area) 

    Layer: via
      Partial area ratio:    0.45
      Required ratio:    6.00 (Gate area) 
      Cumulative area ratio:    0.68
      Required ratio:    0.00 (Cumulative area) 

    Layer: met2
      Partial area ratio:   11.45
      Required ratio:    0.00 (Gate area) 
      Cumulative area ratio:   36.79
      Required ratio:    0.00 (Cumulative area) 
      Partial area ratio:   56.63
      Required ratio: 3872.32 (Side area) 
      Cumulative area ratio:  181.02
      Required ratio:    0.00 (Cumulative side area) 


  Pin:   _15677_/A1 (sky130_fd_sc_hd__mux2_1)
    Layer: mcon
      Partial area ratio:    0.23
      Required ratio:    3.00 (Gate area) 
      Cumulative area ratio:    0.23
      Required ratio:    0.00 (Cumulative area) 

    Layer: met1
      Partial area ratio:   25.34
      Required ratio:    0.00 (Gate area) 
      Cumulative area ratio:   25.34
      Required ratio:    0.00 (Cumulative area) 
      Partial area ratio:  124.39
      Required ratio:  400.00 (Side area) 
      Cumulative area ratio:  124.39
      Required ratio:    0.00 (Cumulative side area) 

    Layer: via
      Partial area ratio:    0.45
      Required ratio:    6.00 (Gate area) 
      Cumulative area ratio:    0.68
      Required ratio:    0.00 (Cumulative area) 

    Layer: met2
      Partial area ratio:   11.45
      Required ratio:    0.00 (Gate area) 
      Cumulative area ratio:   36.79
      Required ratio:    0.00 (Cumulative area) 
      Partial area ratio:   56.63
      Required ratio: 3872.32 (Side area) 
      Cumulative area ratio:  181.02
      Required ratio:    0.00 (Cumulative side area) 


  Pin:   _16007_/A0 (sky130_fd_sc_hd__mux2_1)
    Layer: mcon
      Partial area ratio:    0.23
      Required ratio:    3.00 (Gate area) 
      Cumulative area ratio:    0.23
      Required ratio:    0.00 (Cumulative area) 

    Layer: met1
      Partial area ratio:    8.12
      Required ratio:    0.00 (Gate area) 
      Cumulative area ratio:    8.12
      Required ratio:    0.00 (Cumulative area) 
      Partial area ratio:   39.17
      Required ratio:  400.00 (Side area) 
      Cumulative area ratio:   39.17
      Required ratio:    0.00 (Cumulative side area) 

    Layer: via
      Partial area ratio:    0.22
      Required ratio:    6.00 (Gate area) 
      Cumulative area ratio:    0.45
      Required ratio:    0.00 (Cumulative area) 

    Layer: met2
      Partial area ratio:   11.45
      Required ratio:    0.00 (Gate area) 
      Cumulative area ratio:   19.57
      Required ratio:    0.00 (Cumulative area) 
      Partial area ratio:   56.63
      Required ratio: 3872.32 (Side area) 
      Cumulative area ratio:   95.80
      Required ratio:    0.00 (Cumulative side area) 


  Pin:   _16205_/A0 (sky130_fd_sc_hd__mux2_1)
    Layer: mcon
      Partial area ratio:    0.23
      Required ratio:    3.00 (Gate area) 
      Cumulative area ratio:    0.23
      Required ratio:    0.00 (Cumulative area) 

    Layer: met1
      Partial area ratio:   11.34
      Required ratio:    0.00 (Gate area) 
      Cumulative area ratio:   11.34
      Required ratio:    0.00 (Cumulative area) 
      Partial area ratio:   55.28
      Required ratio:  400.00 (Side area) 
      Cumulative area ratio:   55.28
      Required ratio:    0.00 (Cumulative side area) 

    Layer: via
      Partial area ratio:    0.24
      Required ratio:    6.00 (Gate area) 
      Cumulative area ratio:    0.47
      Required ratio:    0.00 (Cumulative area) 

    Layer: met2
      Partial area ratio:   11.45
      Required ratio:    0.00 (Gate area) 
      Cumulative area ratio:   22.79
      Required ratio:    0.00 (Cumulative area) 
      Partial area ratio:   56.63
      Required ratio: 3872.32 (Side area) 
      Cumulative area ratio:  111.91
      Required ratio:    0.00 (Cumulative side area) 


  Pin:   _16239_/A1 (sky130_fd_sc_hd__mux2_1)
    Layer: mcon
      Partial area ratio:    0.23
      Required ratio:    3.00 (Gate area) 
      Cumulative area ratio:    0.23
      Required ratio:    0.00 (Cumulative area) 

    Layer: met1
      Partial area ratio:    1.26
      Required ratio:    0.00 (Gate area) 
      Cumulative area ratio:    1.26
      Required ratio:    0.00 (Cumulative area) 
      Partial area ratio:    4.69
      Required ratio:  400.00 (Side area) 
      Cumulative area ratio:    4.69
      Required ratio:    0.00 (Cumulative side area) 

    Layer: via
      Partial area ratio:    0.24
      Required ratio:    6.00 (Gate area) 
      Cumulative area ratio:    0.47
      Required ratio:    0.00 (Cumulative area) 

    Layer: met2
      Partial area ratio:   11.45
      Required ratio:    0.00 (Gate area) 
      Cumulative area ratio:   12.71
      Required ratio:    0.00 (Cumulative area) 
      Partial area ratio:   56.63
      Required ratio: 3872.32 (Side area) 
      Cumulative area ratio:   61.32
      Required ratio:    0.00 (Cumulative side area) 


  Pin:   _16272_/A1 (sky130_fd_sc_hd__mux2_1)
    Layer: mcon
      Partial area ratio:    0.23
      Required ratio:    3.00 (Gate area) 
      Cumulative area ratio:    0.23
      Required ratio:    0.00 (Cumulative area) 

    Layer: met1
      Partial area ratio:   29.85
      Required ratio:    0.00 (Gate area) 
      Cumulative area ratio:   29.85
      Required ratio:    0.00 (Cumulative area) 
      Partial area ratio:  146.97
      Required ratio:  400.00 (Side area) 
      Cumulative area ratio:  146.97
      Required ratio:    0.00 (Cumulative side area) 

    Layer: via
      Partial area ratio:    0.38
      Required ratio:    6.00 (Gate area) 
      Cumulative area ratio:    0.61
      Required ratio:    0.00 (Cumulative area) 

    Layer: met2
      Partial area ratio:   11.45
      Required ratio:    0.00 (Gate area) 
      Cumulative area ratio:   41.30
      Required ratio:    0.00 (Cumulative area) 
      Partial area ratio:   56.63
      Required ratio: 3872.32 (Side area) 
      Cumulative area ratio:  203.60
      Required ratio:    0.00 (Cumulative side area) 


  Pin:   _16306_/A1 (sky130_fd_sc_hd__mux2_1)
    Layer: mcon
      Partial area ratio:    0.23
      Required ratio:    3.00 (Gate area) 
      Cumulative area ratio:    0.23
      Required ratio:    0.00 (Cumulative area) 

    Layer: met1
      Partial area ratio:   29.85
      Required ratio:    0.00 (Gate area) 
      Cumulative area ratio:   29.85
      Required ratio:    0.00 (Cumulative area) 
      Partial area ratio:  146.97
      Required ratio:  400.00 (Side area) 
      Cumulative area ratio:  146.97
      Required ratio:    0.00 (Cumulative side area) 

    Layer: via
      Partial area ratio:    0.38
      Required ratio:    6.00 (Gate area) 
      Cumulative area ratio:    0.61
      Required ratio:    0.00 (Cumulative area) 

    Layer: met2
      Partial area ratio:   11.45
      Required ratio:    0.00 (Gate area) 
      Cumulative area ratio:   41.30
      Required ratio:    0.00 (Cumulative area) 
      Partial area ratio:   56.63
      Required ratio: 3872.32 (Side area) 
      Cumulative area ratio:  203.60
      Required ratio:    0.00 (Cumulative side area) 


  Pin:   _16339_/A1 (sky130_fd_sc_hd__mux2_1)
    Layer: mcon
      Partial area ratio:    0.23
      Required ratio:    3.00 (Gate area) 
      Cumulative area ratio:    0.23
      Required ratio:    0.00 (Cumulative area) 

    Layer: met1
      Partial area ratio:   29.85
      Required ratio:    0.00 (Gate area) 
      Cumulative area ratio:   29.85
      Required ratio:    0.00 (Cumulative area) 
      Partial area ratio:  146.97
      Required ratio:  400.00 (Side area) 
      Cumulative area ratio:  146.97
      Required ratio:    0.00 (Cumulative side area) 

    Layer: via
      Partial area ratio:    0.38
      Required ratio:    6.00 (Gate area) 
      Cumulative area ratio:    0.61
      Required ratio:    0.00 (Cumulative area) 

    Layer: met2
      Partial area ratio:   11.45
      Required ratio:    0.00 (Gate area) 
      Cumulative area ratio:   41.30
      Required ratio:    0.00 (Cumulative area) 
      Partial area ratio:   56.63
      Required ratio: 3872.32 (Side area) 
      Cumulative area ratio:  203.60
      Required ratio:    0.00 (Cumulative side area) 


  Pin:   _16372_/A0 (sky130_fd_sc_hd__mux2_1)
    Layer: mcon
      Partial area ratio:    0.23
      Required ratio:    3.00 (Gate area) 
      Cumulative area ratio:    0.23
      Required ratio:    0.00 (Cumulative area) 

    Layer: met1
      Partial area ratio:    1.86
      Required ratio:    0.00 (Gate area) 
      Cumulative area ratio:    1.86
      Required ratio:    0.00 (Cumulative area) 
      Partial area ratio:    7.54
      Required ratio:  400.00 (Side area) 
      Cumulative area ratio:    7.54
      Required ratio:    0.00 (Cumulative side area) 

    Layer: via
      Partial area ratio:    0.36
      Required ratio:    6.00 (Gate area) 
      Cumulative area ratio:    0.59
      Required ratio:    0.00 (Cumulative area) 

    Layer: met2
      Partial area ratio:   11.45
      Required ratio:    0.00 (Gate area) 
      Cumulative area ratio:   13.32
      Required ratio:    0.00 (Cumulative area) 
      Partial area ratio:   56.63
      Required ratio: 3872.32 (Side area) 
      Cumulative area ratio:   64.17
      Required ratio:    0.00 (Cumulative side area) 


  Pin:   _16405_/A0 (sky130_fd_sc_hd__mux2_1)
    Layer: mcon
      Partial area ratio:    0.23
      Required ratio:    3.00 (Gate area) 
      Cumulative area ratio:    0.23
      Required ratio:    0.00 (Cumulative area) 

    Layer: met1
      Partial area ratio:   15.45
      Required ratio:    0.00 (Gate area) 
      Cumulative area ratio:   15.45
      Required ratio:    0.00 (Cumulative area) 
      Partial area ratio:   75.28
      Required ratio:  400.00 (Side area) 
      Cumulative area ratio:   75.28
      Required ratio:    0.00 (Cumulative side area) 

    Layer: via
      Partial area ratio:    0.36
      Required ratio:    6.00 (Gate area) 
      Cumulative area ratio:    0.59
      Required ratio:    0.00 (Cumulative area) 

    Layer: met2
      Partial area ratio:   11.45
      Required ratio:    0.00 (Gate area) 
      Cumulative area ratio:   26.91
      Required ratio:    0.00 (Cumulative area) 
      Partial area ratio:   56.63
      Required ratio: 3872.32 (Side area) 
      Cumulative area ratio:  131.91
      Required ratio:    0.00 (Cumulative side area) 


  Pin:   _16439_/A0 (sky130_fd_sc_hd__mux2_1)
    Layer: mcon
      Partial area ratio:    0.23
      Required ratio:    3.00 (Gate area) 
      Cumulative area ratio:    0.23
      Required ratio:    0.00 (Cumulative area) 

    Layer: met1
      Partial area ratio:   12.89
      Required ratio:    0.00 (Gate area) 
      Cumulative area ratio:   12.89
      Required ratio:    0.00 (Cumulative area) 
      Partial area ratio:   63.01
      Required ratio:  400.00 (Side area) 
      Cumulative area ratio:   63.01
      Required ratio:    0.00 (Cumulative side area) 

    Layer: via
      Partial area ratio:    0.27
      Required ratio:    6.00 (Gate area) 
      Cumulative area ratio:    0.50
      Required ratio:    0.00 (Cumulative area) 

    Layer: met2
      Partial area ratio:   11.45
      Required ratio:    0.00 (Gate area) 
      Cumulative area ratio:   24.34
      Required ratio:    0.00 (Cumulative area) 
      Partial area ratio:   56.63
      Required ratio: 3872.32 (Side area) 
      Cumulative area ratio:  119.64
      Required ratio:    0.00 (Cumulative side area) 


  Pin:   _16472_/A1 (sky130_fd_sc_hd__mux2_1)
    Layer: mcon
      Partial area ratio:    0.23
      Required ratio:    3.00 (Gate area) 
      Cumulative area ratio:    0.23
      Required ratio:    0.00 (Cumulative area) 

    Layer: met1
      Partial area ratio:    8.12
      Required ratio:    0.00 (Gate area) 
      Cumulative area ratio:    8.12
      Required ratio:    0.00 (Cumulative area) 
      Partial area ratio:   39.17
      Required ratio:  400.00 (Side area) 
      Cumulative area ratio:   39.17
      Required ratio:    0.00 (Cumulative side area) 

    Layer: via
      Partial area ratio:    0.22
      Required ratio:    6.00 (Gate area) 
      Cumulative area ratio:    0.45
      Required ratio:    0.00 (Cumulative area) 

    Layer: met2
      Partial area ratio:   11.45
      Required ratio:    0.00 (Gate area) 
      Cumulative area ratio:   19.57
      Required ratio:    0.00 (Cumulative area) 
      Partial area ratio:   56.63
      Required ratio: 3872.32 (Side area) 
      Cumulative area ratio:   95.80
      Required ratio:    0.00 (Cumulative side area) 


  Pin:   _16505_/A0 (sky130_fd_sc_hd__mux2_1)
    Layer: mcon
      Partial area ratio:    0.23
      Required ratio:    3.00 (Gate area) 
      Cumulative area ratio:    0.23
      Required ratio:    0.00 (Cumulative area) 

    Layer: met1
      Partial area ratio:    4.81
      Required ratio:    0.00 (Gate area) 
      Cumulative area ratio:    4.81
      Required ratio:    0.00 (Cumulative area) 
      Partial area ratio:   22.57
      Required ratio:  400.00 (Side area) 
      Cumulative area ratio:   22.57
      Required ratio:    0.00 (Cumulative side area) 

    Layer: via
      Partial area ratio:    0.36
      Required ratio:    6.00 (Gate area) 
      Cumulative area ratio:    0.59
      Required ratio:    0.00 (Cumulative area) 

    Layer: met2
      Partial area ratio:   11.45
      Required ratio:    0.00 (Gate area) 
      Cumulative area ratio:   16.26
      Required ratio:    0.00 (Cumulative area) 
      Partial area ratio:   56.63
      Required ratio: 3872.32 (Side area) 
      Cumulative area ratio:   79.20
      Required ratio:    0.00 (Cumulative side area) 


  Pin:   _16539_/A1 (sky130_fd_sc_hd__mux2_1)
    Layer: mcon
      Partial area ratio:    0.23
      Required ratio:    3.00 (Gate area) 
      Cumulative area ratio:    0.23
      Required ratio:    0.00 (Cumulative area) 

    Layer: met1
      Partial area ratio:   11.59
      Required ratio:    0.00 (Gate area) 
      Cumulative area ratio:   11.59
      Required ratio:    0.00 (Cumulative area) 
      Partial area ratio:   56.70
      Required ratio:  400.00 (Side area) 
      Cumulative area ratio:   56.70
      Required ratio:    0.00 (Cumulative side area) 

    Layer: via
      Partial area ratio:    0.24
      Required ratio:    6.00 (Gate area) 
      Cumulative area ratio:    0.47
      Required ratio:    0.00 (Cumulative area) 

    Layer: met2
      Partial area ratio:   11.45
      Required ratio:    0.00 (Gate area) 
      Cumulative area ratio:   23.04
      Required ratio:    0.00 (Cumulative area) 
      Partial area ratio:   56.63
      Required ratio: 3872.32 (Side area) 
      Cumulative area ratio:  113.33
      Required ratio:    0.00 (Cumulative side area) 


  Pin:   _16572_/A1 (sky130_fd_sc_hd__mux2_1)
    Layer: mcon
      Partial area ratio:    0.23
      Required ratio:    3.00 (Gate area) 
      Cumulative area ratio:    0.23
      Required ratio:    0.00 (Cumulative area) 

    Layer: met1
      Partial area ratio:    4.39
      Required ratio:    0.00 (Gate area) 
      Cumulative area ratio:    4.39
      Required ratio:    0.00 (Cumulative area) 
      Partial area ratio:   20.50
      Required ratio:  400.00 (Side area) 
      Cumulative area ratio:   20.50
      Required ratio:    0.00 (Cumulative side area) 

    Layer: via
      Partial area ratio:    0.36
      Required ratio:    6.00 (Gate area) 
      Cumulative area ratio:    0.59
      Required ratio:    0.00 (Cumulative area) 

    Layer: met2
      Partial area ratio:   11.45
      Required ratio:    0.00 (Gate area) 
      Cumulative area ratio:   15.85
      Required ratio:    0.00 (Cumulative area) 
      Partial area ratio:   56.63
      Required ratio: 3872.32 (Side area) 
      Cumulative area ratio:   77.13
      Required ratio:    0.00 (Cumulative side area) 


  Pin:   _16605_/A0 (sky130_fd_sc_hd__mux2_1)
    Layer: mcon
      Partial area ratio:    0.23
      Required ratio:    3.00 (Gate area) 
      Cumulative area ratio:    0.23
      Required ratio:    0.00 (Cumulative area) 

    Layer: met1
      Partial area ratio:   11.59
      Required ratio:    0.00 (Gate area) 
      Cumulative area ratio:   11.59
      Required ratio:    0.00 (Cumulative area) 
      Partial area ratio:   56.70
      Required ratio:  400.00 (Side area) 
      Cumulative area ratio:   56.70
      Required ratio:    0.00 (Cumulative side area) 

    Layer: via
      Partial area ratio:    0.24
      Required ratio:    6.00 (Gate area) 
      Cumulative area ratio:    0.47
      Required ratio:    0.00 (Cumulative area) 

    Layer: met2
      Partial area ratio:   11.45
      Required ratio:    0.00 (Gate area) 
      Cumulative area ratio:   23.04
      Required ratio:    0.00 (Cumulative area) 
      Partial area ratio:   56.63
      Required ratio: 3872.32 (Side area) 
      Cumulative area ratio:  113.33
      Required ratio:    0.00 (Cumulative side area) 


  Pin:   _16638_/A0 (sky130_fd_sc_hd__mux2_1)
    Layer: mcon
      Partial area ratio:    0.23
      Required ratio:    3.00 (Gate area) 
      Cumulative area ratio:    0.23
      Required ratio:    0.00 (Cumulative area) 

    Layer: met1
      Partial area ratio:    6.92
      Required ratio:    0.00 (Gate area) 
      Cumulative area ratio:    6.92
      Required ratio:    0.00 (Cumulative area) 
      Partial area ratio:   33.19
      Required ratio:  400.00 (Side area) 
      Cumulative area ratio:   33.19
      Required ratio:    0.00 (Cumulative side area) 

    Layer: via
      Partial area ratio:    0.24
      Required ratio:    6.00 (Gate area) 
      Cumulative area ratio:    0.47
      Required ratio:    0.00 (Cumulative area) 

    Layer: met2
      Partial area ratio:   11.45
      Required ratio:    0.00 (Gate area) 
      Cumulative area ratio:   18.38
      Required ratio:    0.00 (Cumulative area) 
      Partial area ratio:   56.63
      Required ratio: 3872.32 (Side area) 
      Cumulative area ratio:   89.81
      Required ratio:    0.00 (Cumulative side area) 


  Pin:   _16671_/A1 (sky130_fd_sc_hd__mux2_1)
    Layer: mcon
      Partial area ratio:    0.23
      Required ratio:    3.00 (Gate area) 
      Cumulative area ratio:    0.23
      Required ratio:    0.00 (Cumulative area) 

    Layer: met1
      Partial area ratio:    0.98
      Required ratio:    0.00 (Gate area) 
      Cumulative area ratio:    0.98
      Required ratio:    0.00 (Cumulative area) 
      Partial area ratio:    4.03
      Required ratio:  400.00 (Side area) 
      Cumulative area ratio:    4.03
      Required ratio:    0.00 (Cumulative side area) 

    Layer: via
      Partial area ratio:    0.24
      Required ratio:    6.00 (Gate area) 
      Cumulative area ratio:    0.47
      Required ratio:    0.00 (Cumulative area) 

    Layer: met2
      Partial area ratio:   11.45
      Required ratio:    0.00 (Gate area) 
      Cumulative area ratio:   12.44
      Required ratio:    0.00 (Cumulative area) 
      Partial area ratio:   56.63
      Required ratio: 3872.32 (Side area) 
      Cumulative area ratio:   60.66
      Required ratio:    0.00 (Cumulative side area) 


  Pin:   _16704_/A1 (sky130_fd_sc_hd__mux2_1)
    Layer: mcon
      Partial area ratio:    0.23
      Required ratio:    3.00 (Gate area) 
      Cumulative area ratio:    0.23
      Required ratio:    0.00 (Cumulative area) 

    Layer: met1
      Partial area ratio:   26.68
      Required ratio:    0.00 (Gate area) 
      Cumulative area ratio:   26.68
      Required ratio:    0.00 (Cumulative area) 
      Partial area ratio:  131.20
      Required ratio:  400.00 (Side area) 
      Cumulative area ratio:  131.20
      Required ratio:    0.00 (Cumulative side area) 

    Layer: via
      Partial area ratio:    0.38
      Required ratio:    6.00 (Gate area) 
      Cumulative area ratio:    0.61
      Required ratio:    0.00 (Cumulative area) 

    Layer: met2
      Partial area ratio:   11.45
      Required ratio:    0.00 (Gate area) 
      Cumulative area ratio:   38.13
      Required ratio:    0.00 (Cumulative area) 
      Partial area ratio:   56.63
      Required ratio: 3872.32 (Side area) 
      Cumulative area ratio:  187.83
      Required ratio:    0.00 (Cumulative side area) 


  Pin:   _16737_/A1 (sky130_fd_sc_hd__mux2_1)
    Layer: mcon
      Partial area ratio:    0.23
      Required ratio:    3.00 (Gate area) 
      Cumulative area ratio:    0.23
      Required ratio:    0.00 (Cumulative area) 

    Layer: met1
      Partial area ratio:   10.18
      Required ratio:    0.00 (Gate area) 
      Cumulative area ratio:   10.18
      Required ratio:    0.00 (Cumulative area) 
      Partial area ratio:   49.47
      Required ratio:  400.00 (Side area) 
      Cumulative area ratio:   49.47
      Required ratio:    0.00 (Cumulative side area) 

    Layer: via
      Partial area ratio:    0.27
      Required ratio:    6.00 (Gate area) 
      Cumulative area ratio:    0.50
      Required ratio:    0.00 (Cumulative area) 

    Layer: met2
      Partial area ratio:   11.45
      Required ratio:    0.00 (Gate area) 
      Cumulative area ratio:   21.64
      Required ratio:    0.00 (Cumulative area) 
      Partial area ratio:   56.63
      Required ratio: 3872.32 (Side area) 
      Cumulative area ratio:  106.10
      Required ratio:    0.00 (Cumulative side area) 


  Pin:   _16770_/A1 (sky130_fd_sc_hd__mux2_1)
    Layer: mcon
      Partial area ratio:    0.23
      Required ratio:    3.00 (Gate area) 
      Cumulative area ratio:    0.23
      Required ratio:    0.00 (Cumulative area) 

    Layer: met1
      Partial area ratio:   26.68
      Required ratio:    0.00 (Gate area) 
      Cumulative area ratio:   26.68
      Required ratio:    0.00 (Cumulative area) 
      Partial area ratio:  131.20
      Required ratio:  400.00 (Side area) 
      Cumulative area ratio:  131.20
      Required ratio:    0.00 (Cumulative side area) 

    Layer: via
      Partial area ratio:    0.38
      Required ratio:    6.00 (Gate area) 
      Cumulative area ratio:    0.61
      Required ratio:    0.00 (Cumulative area) 

    Layer: met2
      Partial area ratio:   11.45
      Required ratio:    0.00 (Gate area) 
      Cumulative area ratio:   38.13
      Required ratio:    0.00 (Cumulative area) 
      Partial area ratio:   56.63
      Required ratio: 3872.32 (Side area) 
      Cumulative area ratio:  187.83
      Required ratio:    0.00 (Cumulative side area) 


  Pin:   _16803_/A1 (sky130_fd_sc_hd__mux2_1)
    Layer: mcon
      Partial area ratio:    0.23
      Required ratio:    3.00 (Gate area) 
      Cumulative area ratio:    0.23
      Required ratio:    0.00 (Cumulative area) 

    Layer: met1
      Partial area ratio:   11.58
      Required ratio:    0.00 (Gate area) 
      Cumulative area ratio:   11.58
      Required ratio:    0.00 (Cumulative area) 
      Partial area ratio:   55.56
      Required ratio:  400.00 (Side area) 
      Cumulative area ratio:   55.56
      Required ratio:    0.00 (Cumulative side area) 

    Layer: via
      Partial area ratio:    0.54
      Required ratio:    6.00 (Gate area) 
      Cumulative area ratio:    0.77
      Required ratio:    0.00 (Cumulative area) 

    Layer: met2
      Partial area ratio:   11.45
      Required ratio:    0.00 (Gate area) 
      Cumulative area ratio:   23.03
      Required ratio:    0.00 (Cumulative area) 
      Partial area ratio:   56.63
      Required ratio: 3872.32 (Side area) 
      Cumulative area ratio:  112.19
      Required ratio:    0.00 (Cumulative side area) 


  Pin:   _16836_/A1 (sky130_fd_sc_hd__mux2_1)
    Layer: mcon
      Partial area ratio:    0.23
      Required ratio:    3.00 (Gate area) 
      Cumulative area ratio:    0.23
      Required ratio:    0.00 (Cumulative area) 

    Layer: met1
      Partial area ratio:   10.23
      Required ratio:    0.00 (Gate area) 
      Cumulative area ratio:   10.23
      Required ratio:    0.00 (Cumulative area) 
      Partial area ratio:   49.69
      Required ratio:  400.00 (Side area) 
      Cumulative area ratio:   49.69
      Required ratio:    0.00 (Cumulative side area) 

    Layer: via
      Partial area ratio:    0.27
      Required ratio:    6.00 (Gate area) 
      Cumulative area ratio:    0.50
      Required ratio:    0.00 (Cumulative area) 

    Layer: met2
      Partial area ratio:   11.45
      Required ratio:    0.00 (Gate area) 
      Cumulative area ratio:   21.68
      Required ratio:    0.00 (Cumulative area) 
      Partial area ratio:   56.63
      Required ratio: 3872.32 (Side area) 
      Cumulative area ratio:  106.32
      Required ratio:    0.00 (Cumulative side area) 


  Pin:   _16869_/A0 (sky130_fd_sc_hd__mux2_1)
    Layer: mcon
      Partial area ratio:    0.23
      Required ratio:    3.00 (Gate area) 
      Cumulative area ratio:    0.23
      Required ratio:    0.00 (Cumulative area) 

    Layer: met1
      Partial area ratio:   12.21
      Required ratio:    0.00 (Gate area) 
      Cumulative area ratio:   12.21
      Required ratio:    0.00 (Cumulative area) 
      Partial area ratio:   59.56
      Required ratio:  400.00 (Side area) 
      Cumulative area ratio:   59.56
      Required ratio:    0.00 (Cumulative side area) 

    Layer: via
      Partial area ratio:    0.36
      Required ratio:    6.00 (Gate area) 
      Cumulative area ratio:    0.59
      Required ratio:    0.00 (Cumulative area) 

    Layer: met2
      Partial area ratio:   11.45
      Required ratio:    0.00 (Gate area) 
      Cumulative area ratio:   23.66
      Required ratio:    0.00 (Cumulative area) 
      Partial area ratio:   56.63
      Required ratio: 3872.32 (Side area) 
      Cumulative area ratio:  116.19
      Required ratio:    0.00 (Cumulative side area) 


  Pin:   _16902_/A0 (sky130_fd_sc_hd__mux2_1)
    Layer: mcon
      Partial area ratio:    0.23
      Required ratio:    3.00 (Gate area) 
      Cumulative area ratio:    0.23
      Required ratio:    0.00 (Cumulative area) 

    Layer: met1
      Partial area ratio:    6.00
      Required ratio:    0.00 (Gate area) 
      Cumulative area ratio:    6.00
      Required ratio:    0.00 (Cumulative area) 
      Partial area ratio:   28.54
      Required ratio:  400.00 (Side area) 
      Cumulative area ratio:   28.54
      Required ratio:    0.00 (Cumulative side area) 

    Layer: via
      Partial area ratio:    0.36
      Required ratio:    6.00 (Gate area) 
      Cumulative area ratio:    0.59
      Required ratio:    0.00 (Cumulative area) 

    Layer: met2
      Partial area ratio:   11.45
      Required ratio:    0.00 (Gate area) 
      Cumulative area ratio:   17.46
      Required ratio:    0.00 (Cumulative area) 
      Partial area ratio:   56.63
      Required ratio: 3872.32 (Side area) 
      Cumulative area ratio:   85.17
      Required ratio:    0.00 (Cumulative side area) 


  Pin:   _16935_/A0 (sky130_fd_sc_hd__mux2_1)
    Layer: mcon
      Partial area ratio:    0.23
      Required ratio:    3.00 (Gate area) 
      Cumulative area ratio:    0.23
      Required ratio:    0.00 (Cumulative area) 

    Layer: met1
      Partial area ratio:    7.23
      Required ratio:    0.00 (Gate area) 
      Cumulative area ratio:    7.23
      Required ratio:    0.00 (Cumulative area) 
      Partial area ratio:   34.58
      Required ratio:  400.00 (Side area) 
      Cumulative area ratio:   34.58
      Required ratio:    0.00 (Cumulative side area) 

    Layer: via
      Partial area ratio:    0.26
      Required ratio:    6.00 (Gate area) 
      Cumulative area ratio:    0.49
      Required ratio:    0.00 (Cumulative area) 

    Layer: met2
      Partial area ratio:   11.45
      Required ratio:    0.00 (Gate area) 
      Cumulative area ratio:   18.69
      Required ratio:    0.00 (Cumulative area) 
      Partial area ratio:   56.63
      Required ratio: 3872.32 (Side area) 
      Cumulative area ratio:   91.21
      Required ratio:    0.00 (Cumulative side area) 


  Pin:   _16968_/A1 (sky130_fd_sc_hd__mux2_1)
    Layer: mcon
      Partial area ratio:    0.23
      Required ratio:    3.00 (Gate area) 
      Cumulative area ratio:    0.23
      Required ratio:    0.00 (Cumulative area) 

    Layer: met1
      Partial area ratio:   26.68
      Required ratio:    0.00 (Gate area) 
      Cumulative area ratio:   26.68
      Required ratio:    0.00 (Cumulative area) 
      Partial area ratio:  131.20
      Required ratio:  400.00 (Side area) 
      Cumulative area ratio:  131.20
      Required ratio:    0.00 (Cumulative side area) 

    Layer: via
      Partial area ratio:    0.38
      Required ratio:    6.00 (Gate area) 
      Cumulative area ratio:    0.61
      Required ratio:    0.00 (Cumulative area) 

    Layer: met2
      Partial area ratio:   11.45
      Required ratio:    0.00 (Gate area) 
      Cumulative area ratio:   38.13
      Required ratio:    0.00 (Cumulative area) 
      Partial area ratio:   56.63
      Required ratio: 3872.32 (Side area) 
      Cumulative area ratio:  187.83
      Required ratio:    0.00 (Cumulative side area) 


  Pin:   _17001_/A0 (sky130_fd_sc_hd__mux2_1)
    Layer: mcon
      Partial area ratio:    0.23
      Required ratio:    3.00 (Gate area) 
      Cumulative area ratio:    0.23
      Required ratio:    0.00 (Cumulative area) 

    Layer: met1
      Partial area ratio:    7.23
      Required ratio:    0.00 (Gate area) 
      Cumulative area ratio:    7.23
      Required ratio:    0.00 (Cumulative area) 
      Partial area ratio:   34.58
      Required ratio:  400.00 (Side area) 
      Cumulative area ratio:   34.58
      Required ratio:    0.00 (Cumulative side area) 

    Layer: via
      Partial area ratio:    0.26
      Required ratio:    6.00 (Gate area) 
      Cumulative area ratio:    0.49
      Required ratio:    0.00 (Cumulative area) 

    Layer: met2
      Partial area ratio:   11.45
      Required ratio:    0.00 (Gate area) 
      Cumulative area ratio:   18.69
      Required ratio:    0.00 (Cumulative area) 
      Partial area ratio:   56.63
      Required ratio: 3872.32 (Side area) 
      Cumulative area ratio:   91.21
      Required ratio:    0.00 (Cumulative side area) 


  Pin:   _17034_/A0 (sky130_fd_sc_hd__mux2_1)
    Layer: mcon
      Partial area ratio:    0.23
      Required ratio:    3.00 (Gate area) 
      Cumulative area ratio:    0.23
      Required ratio:    0.00 (Cumulative area) 

    Layer: met1
      Partial area ratio:    7.64
      Required ratio:    0.00 (Gate area) 
      Cumulative area ratio:    7.64
      Required ratio:    0.00 (Cumulative area) 
      Partial area ratio:   36.74
      Required ratio:  400.00 (Side area) 
      Cumulative area ratio:   36.74
      Required ratio:    0.00 (Cumulative side area) 

    Layer: via
      Partial area ratio:    0.36
      Required ratio:    6.00 (Gate area) 
      Cumulative area ratio:    0.59
      Required ratio:    0.00 (Cumulative area) 

    Layer: met2
      Partial area ratio:   11.45
      Required ratio:    0.00 (Gate area) 
      Cumulative area ratio:   19.10
      Required ratio:    0.00 (Cumulative area) 
      Partial area ratio:   56.63
      Required ratio: 3872.32 (Side area) 
      Cumulative area ratio:   93.37
      Required ratio:    0.00 (Cumulative side area) 


  Pin:   _17067_/A0 (sky130_fd_sc_hd__mux2_1)
    Layer: mcon
      Partial area ratio:    0.23
      Required ratio:    3.00 (Gate area) 
      Cumulative area ratio:    0.23
      Required ratio:    0.00 (Cumulative area) 

    Layer: met1
      Partial area ratio:    4.98
      Required ratio:    0.00 (Gate area) 
      Cumulative area ratio:    4.98
      Required ratio:    0.00 (Cumulative area) 
      Partial area ratio:   23.43
      Required ratio:  400.00 (Side area) 
      Cumulative area ratio:   23.43
      Required ratio:    0.00 (Cumulative side area) 

    Layer: via
      Partial area ratio:    0.36
      Required ratio:    6.00 (Gate area) 
      Cumulative area ratio:    0.59
      Required ratio:    0.00 (Cumulative area) 

    Layer: met2
      Partial area ratio:   11.45
      Required ratio:    0.00 (Gate area) 
      Cumulative area ratio:   16.43
      Required ratio:    0.00 (Cumulative area) 
      Partial area ratio:   56.63
      Required ratio: 3872.32 (Side area) 
      Cumulative area ratio:   80.06
      Required ratio:    0.00 (Cumulative side area) 


  Pin:   _17100_/A0 (sky130_fd_sc_hd__mux2_1)
    Layer: mcon
      Partial area ratio:    0.23
      Required ratio:    3.00 (Gate area) 
      Cumulative area ratio:    0.23
      Required ratio:    0.00 (Cumulative area) 

    Layer: met1
      Partial area ratio:    3.88
      Required ratio:    0.00 (Gate area) 
      Cumulative area ratio:    3.88
      Required ratio:    0.00 (Cumulative area) 
      Partial area ratio:   18.28
      Required ratio:  400.00 (Side area) 
      Cumulative area ratio:   18.28
      Required ratio:    0.00 (Cumulative side area) 

    Layer: via
      Partial area ratio:    0.21
      Required ratio:    6.00 (Gate area) 
      Cumulative area ratio:    0.44
      Required ratio:    0.00 (Cumulative area) 

    Layer: met2
      Partial area ratio:   11.45
      Required ratio:    0.00 (Gate area) 
      Cumulative area ratio:   15.34
      Required ratio:    0.00 (Cumulative area) 
      Partial area ratio:   56.63
      Required ratio: 3872.32 (Side area) 
      Cumulative area ratio:   74.91
      Required ratio:    0.00 (Cumulative side area) 


  Pin:   _17133_/A0 (sky130_fd_sc_hd__mux2_1)
    Layer: mcon
      Partial area ratio:    0.23
      Required ratio:    3.00 (Gate area) 
      Cumulative area ratio:    0.23
      Required ratio:    0.00 (Cumulative area) 

    Layer: met1
      Partial area ratio:    5.15
      Required ratio:    0.00 (Gate area) 
      Cumulative area ratio:    5.15
      Required ratio:    0.00 (Cumulative area) 
      Partial area ratio:   24.29
      Required ratio:  400.00 (Side area) 
      Cumulative area ratio:   24.29
      Required ratio:    0.00 (Cumulative side area) 

    Layer: via
      Partial area ratio:    0.36
      Required ratio:    6.00 (Gate area) 
      Cumulative area ratio:    0.59
      Required ratio:    0.00 (Cumulative area) 

    Layer: met2
      Partial area ratio:   11.45
      Required ratio:    0.00 (Gate area) 
      Cumulative area ratio:   16.61
      Required ratio:    0.00 (Cumulative area) 
      Partial area ratio:   56.63
      Required ratio: 3872.32 (Side area) 
      Cumulative area ratio:   80.92
      Required ratio:    0.00 (Cumulative side area) 


  Pin:   _17166_/A0 (sky130_fd_sc_hd__mux2_1)
    Layer: mcon
      Partial area ratio:    0.23
      Required ratio:    3.00 (Gate area) 
      Cumulative area ratio:    0.23
      Required ratio:    0.00 (Cumulative area) 

    Layer: met1
      Partial area ratio:   29.85
      Required ratio:    0.00 (Gate area) 
      Cumulative area ratio:   29.85
      Required ratio:    0.00 (Cumulative area) 
      Partial area ratio:  146.97
      Required ratio:  400.00 (Side area) 
      Cumulative area ratio:  146.97
      Required ratio:    0.00 (Cumulative side area) 

    Layer: via
      Partial area ratio:    0.38
      Required ratio:    6.00 (Gate area) 
      Cumulative area ratio:    0.61
      Required ratio:    0.00 (Cumulative area) 

    Layer: met2
      Partial area ratio:   11.45
      Required ratio:    0.00 (Gate area) 
      Cumulative area ratio:   41.30
      Required ratio:    0.00 (Cumulative area) 
      Partial area ratio:   56.63
      Required ratio: 3872.32 (Side area) 
      Cumulative area ratio:  203.60
      Required ratio:    0.00 (Cumulative side area) 


  Pin:   _17199_/A0 (sky130_fd_sc_hd__mux2_1)
    Layer: mcon
      Partial area ratio:    0.23
      Required ratio:    3.00 (Gate area) 
      Cumulative area ratio:    0.23
      Required ratio:    0.00 (Cumulative area) 

    Layer: met1
      Partial area ratio:    4.64
      Required ratio:    0.00 (Gate area) 
      Cumulative area ratio:    4.64
      Required ratio:    0.00 (Cumulative area) 
      Partial area ratio:   21.71
      Required ratio:  400.00 (Side area) 
      Cumulative area ratio:   21.71
      Required ratio:    0.00 (Cumulative side area) 

    Layer: via
      Partial area ratio:    0.36
      Required ratio:    6.00 (Gate area) 
      Cumulative area ratio:    0.59
      Required ratio:    0.00 (Cumulative area) 

    Layer: met2
      Partial area ratio:   11.45
      Required ratio:    0.00 (Gate area) 
      Cumulative area ratio:   16.09
      Required ratio:    0.00 (Cumulative area) 
      Partial area ratio:   56.63
      Required ratio: 3872.32 (Side area) 
      Cumulative area ratio:   78.34
      Required ratio:    0.00 (Cumulative side area) 


  Pin:   _17232_/A1 (sky130_fd_sc_hd__mux2_1)
    Layer: mcon
      Partial area ratio:    0.23
      Required ratio:    3.00 (Gate area) 
      Cumulative area ratio:    0.23
      Required ratio:    0.00 (Cumulative area) 

    Layer: met1
      Partial area ratio:    7.23
      Required ratio:    0.00 (Gate area) 
      Cumulative area ratio:    7.23
      Required ratio:    0.00 (Cumulative area) 
      Partial area ratio:   34.58
      Required ratio:  400.00 (Side area) 
      Cumulative area ratio:   34.58
      Required ratio:    0.00 (Cumulative side area) 

    Layer: via
      Partial area ratio:    0.26
      Required ratio:    6.00 (Gate area) 
      Cumulative area ratio:    0.49
      Required ratio:    0.00 (Cumulative area) 

    Layer: met2
      Partial area ratio:   11.45
      Required ratio:    0.00 (Gate area) 
      Cumulative area ratio:   18.69
      Required ratio:    0.00 (Cumulative area) 
      Partial area ratio:   56.63
      Required ratio: 3872.32 (Side area) 
      Cumulative area ratio:   91.21
      Required ratio:    0.00 (Cumulative side area) 


  Pin:   _17265_/A1 (sky130_fd_sc_hd__mux2_1)
    Layer: mcon
      Partial area ratio:    0.23
      Required ratio:    3.00 (Gate area) 
      Cumulative area ratio:    0.23
      Required ratio:    0.00 (Cumulative area) 

    Layer: met1
      Partial area ratio:    4.12
      Required ratio:    0.00 (Gate area) 
      Cumulative area ratio:    4.12
      Required ratio:    0.00 (Cumulative area) 
      Partial area ratio:   19.11
      Required ratio:  400.00 (Side area) 
      Cumulative area ratio:   19.11
      Required ratio:    0.00 (Cumulative side area) 

    Layer: via
      Partial area ratio:    0.36
      Required ratio:    6.00 (Gate area) 
      Cumulative area ratio:    0.59
      Required ratio:    0.00 (Cumulative area) 

    Layer: met2
      Partial area ratio:   11.45
      Required ratio:    0.00 (Gate area) 
      Cumulative area ratio:   15.57
      Required ratio:    0.00 (Cumulative area) 
      Partial area ratio:   56.63
      Required ratio: 3872.32 (Side area) 
      Cumulative area ratio:   75.74
      Required ratio:    0.00 (Cumulative side area) 


  Pin:   _17298_/A1 (sky130_fd_sc_hd__mux2_1)
    Layer: mcon
      Partial area ratio:    0.23
      Required ratio:    3.00 (Gate area) 
      Cumulative area ratio:    0.23
      Required ratio:    0.00 (Cumulative area) 

    Layer: met1
      Partial area ratio:   29.85
      Required ratio:    0.00 (Gate area) 
      Cumulative area ratio:   29.85
      Required ratio:    0.00 (Cumulative area) 
      Partial area ratio:  146.97
      Required ratio:  400.00 (Side area) 
      Cumulative area ratio:  146.97
      Required ratio:    0.00 (Cumulative side area) 

    Layer: via
      Partial area ratio:    0.38
      Required ratio:    6.00 (Gate area) 
      Cumulative area ratio:    0.61
      Required ratio:    0.00 (Cumulative area) 

    Layer: met2
      Partial area ratio:   11.45
      Required ratio:    0.00 (Gate area) 
      Cumulative area ratio:   41.30
      Required ratio:    0.00 (Cumulative area) 
      Partial area ratio:   56.63
      Required ratio: 3872.32 (Side area) 
      Cumulative area ratio:  203.60
      Required ratio:    0.00 (Cumulative side area) 


  Pin:   _17331_/A1 (sky130_fd_sc_hd__mux2_1)
    Layer: mcon
      Partial area ratio:    0.23
      Required ratio:    3.00 (Gate area) 
      Cumulative area ratio:    0.23
      Required ratio:    0.00 (Cumulative area) 

    Layer: met1
      Partial area ratio:   10.18
      Required ratio:    0.00 (Gate area) 
      Cumulative area ratio:   10.18
      Required ratio:    0.00 (Cumulative area) 
      Partial area ratio:   49.47
      Required ratio:  400.00 (Side area) 
      Cumulative area ratio:   49.47
      Required ratio:    0.00 (Cumulative side area) 

    Layer: via
      Partial area ratio:    0.27
      Required ratio:    6.00 (Gate area) 
      Cumulative area ratio:    0.50
      Required ratio:    0.00 (Cumulative area) 

    Layer: met2
      Partial area ratio:   11.45
      Required ratio:    0.00 (Gate area) 
      Cumulative area ratio:   21.64
      Required ratio:    0.00 (Cumulative area) 
      Partial area ratio:   56.63
      Required ratio: 3872.32 (Side area) 
      Cumulative area ratio:  106.10
      Required ratio:    0.00 (Cumulative side area) 


  Pin:   _17364_/A1 (sky130_fd_sc_hd__mux2_1)
    Layer: mcon
      Partial area ratio:    0.23
      Required ratio:    3.00 (Gate area) 
      Cumulative area ratio:    0.23
      Required ratio:    0.00 (Cumulative area) 

    Layer: met1
      Partial area ratio:    1.81
      Required ratio:    0.00 (Gate area) 
      Cumulative area ratio:    1.81
      Required ratio:    0.00 (Cumulative area) 
      Partial area ratio:    8.19
      Required ratio:  400.00 (Side area) 
      Cumulative area ratio:    8.19
      Required ratio:    0.00 (Cumulative side area) 

    Layer: via
      Partial area ratio:    0.24
      Required ratio:    6.00 (Gate area) 
      Cumulative area ratio:    0.47
      Required ratio:    0.00 (Cumulative area) 

    Layer: met2
      Partial area ratio:   11.45
      Required ratio:    0.00 (Gate area) 
      Cumulative area ratio:   13.26
      Required ratio:    0.00 (Cumulative area) 
      Partial area ratio:   56.63
      Required ratio: 3872.32 (Side area) 
      Cumulative area ratio:   64.82
      Required ratio:    0.00 (Cumulative side area) 


  Pin:   _17397_/A0 (sky130_fd_sc_hd__mux2_1)
    Layer: mcon
      Partial area ratio:    0.23
      Required ratio:    3.00 (Gate area) 
      Cumulative area ratio:    0.23
      Required ratio:    0.00 (Cumulative area) 

    Layer: met1
      Partial area ratio:   11.34
      Required ratio:    0.00 (Gate area) 
      Cumulative area ratio:   11.34
      Required ratio:    0.00 (Cumulative area) 
      Partial area ratio:   55.28
      Required ratio:  400.00 (Side area) 
      Cumulative area ratio:   55.28
      Required ratio:    0.00 (Cumulative side area) 

    Layer: via
      Partial area ratio:    0.24
      Required ratio:    6.00 (Gate area) 
      Cumulative area ratio:    0.47
      Required ratio:    0.00 (Cumulative area) 

    Layer: met2
      Partial area ratio:   11.45
      Required ratio:    0.00 (Gate area) 
      Cumulative area ratio:   22.79
      Required ratio:    0.00 (Cumulative area) 
      Partial area ratio:   56.63
      Required ratio: 3872.32 (Side area) 
      Cumulative area ratio:  111.91
      Required ratio:    0.00 (Cumulative side area) 


  Pin:   _17430_/A1 (sky130_fd_sc_hd__mux2_1)
    Layer: mcon
      Partial area ratio:    0.23
      Required ratio:    3.00 (Gate area) 
      Cumulative area ratio:    0.23
      Required ratio:    0.00 (Cumulative area) 

    Layer: met1
      Partial area ratio:   29.85
      Required ratio:    0.00 (Gate area) 
      Cumulative area ratio:   29.85
      Required ratio:    0.00 (Cumulative area) 
      Partial area ratio:  146.97
      Required ratio:  400.00 (Side area) 
      Cumulative area ratio:  146.97
      Required ratio:    0.00 (Cumulative side area) 

    Layer: via
      Partial area ratio:    0.38
      Required ratio:    6.00 (Gate area) 
      Cumulative area ratio:    0.61
      Required ratio:    0.00 (Cumulative area) 

    Layer: met2
      Partial area ratio:   11.45
      Required ratio:    0.00 (Gate area) 
      Cumulative area ratio:   41.30
      Required ratio:    0.00 (Cumulative area) 
      Partial area ratio:   56.63
      Required ratio: 3872.32 (Side area) 
      Cumulative area ratio:  203.60
      Required ratio:    0.00 (Cumulative side area) 


  Pin:   _17463_/A1 (sky130_fd_sc_hd__mux2_1)
    Layer: mcon
      Partial area ratio:    0.23
      Required ratio:    3.00 (Gate area) 
      Cumulative area ratio:    0.23
      Required ratio:    0.00 (Cumulative area) 

    Layer: met1
      Partial area ratio:   10.76
      Required ratio:    0.00 (Gate area) 
      Cumulative area ratio:   10.76
      Required ratio:    0.00 (Cumulative area) 
      Partial area ratio:   51.75
      Required ratio:  400.00 (Side area) 
      Cumulative area ratio:   51.75
      Required ratio:    0.00 (Cumulative side area) 

    Layer: via
      Partial area ratio:    0.36
      Required ratio:    6.00 (Gate area) 
      Cumulative area ratio:    0.59
      Required ratio:    0.00 (Cumulative area) 

    Layer: met2
      Partial area ratio:   11.45
      Required ratio:    0.00 (Gate area) 
      Cumulative area ratio:   22.22
      Required ratio:    0.00 (Cumulative area) 
      Partial area ratio:   56.63
      Required ratio: 3872.32 (Side area) 
      Cumulative area ratio:  108.38
      Required ratio:    0.00 (Cumulative side area) 


  Pin:   _17496_/A0 (sky130_fd_sc_hd__mux2_1)
    Layer: mcon
      Partial area ratio:    0.23
      Required ratio:    3.00 (Gate area) 
      Cumulative area ratio:    0.23
      Required ratio:    0.00 (Cumulative area) 

    Layer: met1
      Partial area ratio:   10.76
      Required ratio:    0.00 (Gate area) 
      Cumulative area ratio:   10.76
      Required ratio:    0.00 (Cumulative area) 
      Partial area ratio:   51.75
      Required ratio:  400.00 (Side area) 
      Cumulative area ratio:   51.75
      Required ratio:    0.00 (Cumulative side area) 

    Layer: via
      Partial area ratio:    0.36
      Required ratio:    6.00 (Gate area) 
      Cumulative area ratio:    0.59
      Required ratio:    0.00 (Cumulative area) 

    Layer: met2
      Partial area ratio:   11.45
      Required ratio:    0.00 (Gate area) 
      Cumulative area ratio:   22.22
      Required ratio:    0.00 (Cumulative area) 
      Partial area ratio:   56.63
      Required ratio: 3872.32 (Side area) 
      Cumulative area ratio:  108.38
      Required ratio:    0.00 (Cumulative side area) 


  Pin:   _17529_/A0 (sky130_fd_sc_hd__mux2_1)
    Layer: mcon
      Partial area ratio:    0.23
      Required ratio:    3.00 (Gate area) 
      Cumulative area ratio:    0.23
      Required ratio:    0.00 (Cumulative area) 

    Layer: met1
      Partial area ratio:    5.61
      Required ratio:    0.00 (Gate area) 
      Cumulative area ratio:    5.61
      Required ratio:    0.00 (Cumulative area) 
      Partial area ratio:   26.59
      Required ratio:  400.00 (Side area) 
      Cumulative area ratio:   26.59
      Required ratio:    0.00 (Cumulative side area) 

    Layer: via
      Partial area ratio:    0.36
      Required ratio:    6.00 (Gate area) 
      Cumulative area ratio:    0.59
      Required ratio:    0.00 (Cumulative area) 

    Layer: met2
      Partial area ratio:   11.45
      Required ratio:    0.00 (Gate area) 
      Cumulative area ratio:   17.07
      Required ratio:    0.00 (Cumulative area) 
      Partial area ratio:   56.63
      Required ratio: 3872.32 (Side area) 
      Cumulative area ratio:   83.22
      Required ratio:    0.00 (Cumulative side area) 


  Pin:   _17562_/A1 (sky130_fd_sc_hd__mux2_1)
    Layer: mcon
      Partial area ratio:    0.23
      Required ratio:    3.00 (Gate area) 
      Cumulative area ratio:    0.23
      Required ratio:    0.00 (Cumulative area) 

    Layer: met1
      Partial area ratio:   12.32
      Required ratio:    0.00 (Gate area) 
      Cumulative area ratio:   12.32
      Required ratio:    0.00 (Cumulative area) 
      Partial area ratio:   60.17
      Required ratio:  400.00 (Side area) 
      Cumulative area ratio:   60.17
      Required ratio:    0.00 (Cumulative side area) 

    Layer: via
      Partial area ratio:    0.27
      Required ratio:    6.00 (Gate area) 
      Cumulative area ratio:    0.50
      Required ratio:    0.00 (Cumulative area) 

    Layer: met2
      Partial area ratio:   11.45
      Required ratio:    0.00 (Gate area) 
      Cumulative area ratio:   23.77
      Required ratio:    0.00 (Cumulative area) 
      Partial area ratio:   56.63
      Required ratio: 3872.32 (Side area) 
      Cumulative area ratio:  116.80
      Required ratio:    0.00 (Cumulative side area) 


  Pin:   _17595_/A0 (sky130_fd_sc_hd__mux2_1)
    Layer: mcon
      Partial area ratio:    0.23
      Required ratio:    3.00 (Gate area) 
      Cumulative area ratio:    0.23
      Required ratio:    0.00 (Cumulative area) 

    Layer: met1
      Partial area ratio:   29.85
      Required ratio:    0.00 (Gate area) 
      Cumulative area ratio:   29.85
      Required ratio:    0.00 (Cumulative area) 
      Partial area ratio:  146.97
      Required ratio:  400.00 (Side area) 
      Cumulative area ratio:  146.97
      Required ratio:    0.00 (Cumulative side area) 

    Layer: via
      Partial area ratio:    0.38
      Required ratio:    6.00 (Gate area) 
      Cumulative area ratio:    0.61
      Required ratio:    0.00 (Cumulative area) 

    Layer: met2
      Partial area ratio:   11.45
      Required ratio:    0.00 (Gate area) 
      Cumulative area ratio:   41.30
      Required ratio:    0.00 (Cumulative area) 
      Partial area ratio:   56.63
      Required ratio: 3872.32 (Side area) 
      Cumulative area ratio:  203.60
      Required ratio:    0.00 (Cumulative side area) 


  Pin:   _17628_/A1 (sky130_fd_sc_hd__mux2_1)
    Layer: mcon
      Partial area ratio:    0.23
      Required ratio:    3.00 (Gate area) 
      Cumulative area ratio:    0.23
      Required ratio:    0.00 (Cumulative area) 

    Layer: met1
      Partial area ratio:    6.92
      Required ratio:    0.00 (Gate area) 
      Cumulative area ratio:    6.92
      Required ratio:    0.00 (Cumulative area) 
      Partial area ratio:   33.19
      Required ratio:  400.00 (Side area) 
      Cumulative area ratio:   33.19
      Required ratio:    0.00 (Cumulative side area) 

    Layer: via
      Partial area ratio:    0.24
      Required ratio:    6.00 (Gate area) 
      Cumulative area ratio:    0.47
      Required ratio:    0.00 (Cumulative area) 

    Layer: met2
      Partial area ratio:   11.45
      Required ratio:    0.00 (Gate area) 
      Cumulative area ratio:   18.38
      Required ratio:    0.00 (Cumulative area) 
      Partial area ratio:   56.63
      Required ratio: 3872.32 (Side area) 
      Cumulative area ratio:   89.81
      Required ratio:    0.00 (Cumulative side area) 


  Pin:   _17661_/A0 (sky130_fd_sc_hd__mux2_1)
    Layer: mcon
      Partial area ratio:    0.23
      Required ratio:    3.00 (Gate area) 
      Cumulative area ratio:    0.23
      Required ratio:    0.00 (Cumulative area) 

    Layer: met1
      Partial area ratio:    6.25
      Required ratio:    0.00 (Gate area) 
      Cumulative area ratio:    6.25
      Required ratio:    0.00 (Cumulative area) 
      Partial area ratio:   29.63
      Required ratio:  400.00 (Side area) 
      Cumulative area ratio:   29.63
      Required ratio:    0.00 (Cumulative side area) 

    Layer: via
      Partial area ratio:    0.27
      Required ratio:    6.00 (Gate area) 
      Cumulative area ratio:    0.50
      Required ratio:    0.00 (Cumulative area) 

    Layer: met2
      Partial area ratio:   11.45
      Required ratio:    0.00 (Gate area) 
      Cumulative area ratio:   17.71
      Required ratio:    0.00 (Cumulative area) 
      Partial area ratio:   56.63
      Required ratio: 3872.32 (Side area) 
      Cumulative area ratio:   86.26
      Required ratio:    0.00 (Cumulative side area) 


  Pin:   _17694_/A0 (sky130_fd_sc_hd__mux2_1)
    Layer: mcon
      Partial area ratio:    0.23
      Required ratio:    3.00 (Gate area) 
      Cumulative area ratio:    0.23
      Required ratio:    0.00 (Cumulative area) 

    Layer: met1
      Partial area ratio:    8.12
      Required ratio:    0.00 (Gate area) 
      Cumulative area ratio:    8.12
      Required ratio:    0.00 (Cumulative area) 
      Partial area ratio:   39.17
      Required ratio:  400.00 (Side area) 
      Cumulative area ratio:   39.17
      Required ratio:    0.00 (Cumulative side area) 

    Layer: via
      Partial area ratio:    0.22
      Required ratio:    6.00 (Gate area) 
      Cumulative area ratio:    0.45
      Required ratio:    0.00 (Cumulative area) 

    Layer: met2
      Partial area ratio:   11.45
      Required ratio:    0.00 (Gate area) 
      Cumulative area ratio:   19.57
      Required ratio:    0.00 (Cumulative area) 
      Partial area ratio:   56.63
      Required ratio: 3872.32 (Side area) 
      Cumulative area ratio:   95.80
      Required ratio:    0.00 (Cumulative side area) 


  Pin:   _17727_/A1 (sky130_fd_sc_hd__mux2_1)
    Layer: mcon
      Partial area ratio:    0.23
      Required ratio:    3.00 (Gate area) 
      Cumulative area ratio:    0.23
      Required ratio:    0.00 (Cumulative area) 

    Layer: met1
      Partial area ratio:   10.76
      Required ratio:    0.00 (Gate area) 
      Cumulative area ratio:   10.76
      Required ratio:    0.00 (Cumulative area) 
      Partial area ratio:   51.75
      Required ratio:  400.00 (Side area) 
      Cumulative area ratio:   51.75
      Required ratio:    0.00 (Cumulative side area) 

    Layer: via
      Partial area ratio:    0.36
      Required ratio:    6.00 (Gate area) 
      Cumulative area ratio:    0.59
      Required ratio:    0.00 (Cumulative area) 

    Layer: met2
      Partial area ratio:   11.45
      Required ratio:    0.00 (Gate area) 
      Cumulative area ratio:   22.22
      Required ratio:    0.00 (Cumulative area) 
      Partial area ratio:   56.63
      Required ratio: 3872.32 (Side area) 
      Cumulative area ratio:  108.38
      Required ratio:    0.00 (Cumulative side area) 


  Pin:   _17760_/A0 (sky130_fd_sc_hd__mux2_1)
    Layer: mcon
      Partial area ratio:    0.23
      Required ratio:    3.00 (Gate area) 
      Cumulative area ratio:    0.23
      Required ratio:    0.00 (Cumulative area) 

    Layer: met1
      Partial area ratio:    8.12
      Required ratio:    0.00 (Gate area) 
      Cumulative area ratio:    8.12
      Required ratio:    0.00 (Cumulative area) 
      Partial area ratio:   39.17
      Required ratio:  400.00 (Side area) 
      Cumulative area ratio:   39.17
      Required ratio:    0.00 (Cumulative side area) 

    Layer: via
      Partial area ratio:    0.22
      Required ratio:    6.00 (Gate area) 
      Cumulative area ratio:    0.45
      Required ratio:    0.00 (Cumulative area) 

    Layer: met2
      Partial area ratio:   11.45
      Required ratio:    0.00 (Gate area) 
      Cumulative area ratio:   19.57
      Required ratio:    0.00 (Cumulative area) 
      Partial area ratio:   56.63
      Required ratio: 3872.32 (Side area) 
      Cumulative area ratio:   95.80
      Required ratio:    0.00 (Cumulative side area) 


  Pin:   _17793_/A0 (sky130_fd_sc_hd__mux2_1)
    Layer: mcon
      Partial area ratio:    0.23
      Required ratio:    3.00 (Gate area) 
      Cumulative area ratio:    0.23
      Required ratio:    0.00 (Cumulative area) 

    Layer: met1
      Partial area ratio:    6.92
      Required ratio:    0.00 (Gate area) 
      Cumulative area ratio:    6.92
      Required ratio:    0.00 (Cumulative area) 
      Partial area ratio:   33.19
      Required ratio:  400.00 (Side area) 
      Cumulative area ratio:   33.19
      Required ratio:    0.00 (Cumulative side area) 

    Layer: via
      Partial area ratio:    0.24
      Required ratio:    6.00 (Gate area) 
      Cumulative area ratio:    0.47
      Required ratio:    0.00 (Cumulative area) 

    Layer: met2
      Partial area ratio:   11.45
      Required ratio:    0.00 (Gate area) 
      Cumulative area ratio:   18.38
      Required ratio:    0.00 (Cumulative area) 
      Partial area ratio:   56.63
      Required ratio: 3872.32 (Side area) 
      Cumulative area ratio:   89.81
      Required ratio:    0.00 (Cumulative side area) 


  Pin:   _17826_/A0 (sky130_fd_sc_hd__mux2_1)
    Layer: mcon
      Partial area ratio:    0.23
      Required ratio:    3.00 (Gate area) 
      Cumulative area ratio:    0.23
      Required ratio:    0.00 (Cumulative area) 

    Layer: met1
      Partial area ratio:    6.28
      Required ratio:    0.00 (Gate area) 
      Cumulative area ratio:    6.28
      Required ratio:    0.00 (Cumulative area) 
      Partial area ratio:   29.91
      Required ratio:  400.00 (Side area) 
      Cumulative area ratio:   29.91
      Required ratio:    0.00 (Cumulative side area) 

    Layer: via
      Partial area ratio:    0.36
      Required ratio:    6.00 (Gate area) 
      Cumulative area ratio:    0.59
      Required ratio:    0.00 (Cumulative area) 

    Layer: met2
      Partial area ratio:   11.45
      Required ratio:    0.00 (Gate area) 
      Cumulative area ratio:   17.73
      Required ratio:    0.00 (Cumulative area) 
      Partial area ratio:   56.63
      Required ratio: 3872.32 (Side area) 
      Cumulative area ratio:   86.54
      Required ratio:    0.00 (Cumulative side area) 


  Pin:   _17891_/A1 (sky130_fd_sc_hd__mux2_1)
    Layer: mcon
      Partial area ratio:    0.23
      Required ratio:    3.00 (Gate area) 
      Cumulative area ratio:    0.23
      Required ratio:    0.00 (Cumulative area) 

    Layer: met1
      Partial area ratio:    1.34
      Required ratio:    0.00 (Gate area) 
      Cumulative area ratio:    1.34
      Required ratio:    0.00 (Cumulative area) 
      Partial area ratio:    5.86
      Required ratio:  400.00 (Side area) 
      Cumulative area ratio:    5.86
      Required ratio:    0.00 (Cumulative side area) 

    Layer: via
      Partial area ratio:    0.24
      Required ratio:    6.00 (Gate area) 
      Cumulative area ratio:    0.47
      Required ratio:    0.00 (Cumulative area) 

    Layer: met2
      Partial area ratio:   11.45
      Required ratio:    0.00 (Gate area) 
      Cumulative area ratio:   12.80
      Required ratio:    0.00 (Cumulative area) 
      Partial area ratio:   56.63
      Required ratio: 3872.32 (Side area) 
      Cumulative area ratio:   62.49
      Required ratio:    0.00 (Cumulative side area) 


  Pin:   _17924_/A1 (sky130_fd_sc_hd__mux2_1)
    Layer: mcon
      Partial area ratio:    0.23
      Required ratio:    3.00 (Gate area) 
      Cumulative area ratio:    0.23
      Required ratio:    0.00 (Cumulative area) 

    Layer: met1
      Partial area ratio:    6.13
      Required ratio:    0.00 (Gate area) 
      Cumulative area ratio:    6.13
      Required ratio:    0.00 (Cumulative area) 
      Partial area ratio:   29.17
      Required ratio:  400.00 (Side area) 
      Cumulative area ratio:   29.17
      Required ratio:    0.00 (Cumulative side area) 

    Layer: via
      Partial area ratio:    0.36
      Required ratio:    6.00 (Gate area) 
      Cumulative area ratio:    0.59
      Required ratio:    0.00 (Cumulative area) 

    Layer: met2
      Partial area ratio:   11.45
      Required ratio:    0.00 (Gate area) 
      Cumulative area ratio:   17.58
      Required ratio:    0.00 (Cumulative area) 
      Partial area ratio:   56.63
      Required ratio: 3872.32 (Side area) 
      Cumulative area ratio:   85.80
      Required ratio:    0.00 (Cumulative side area) 


  Pin:   _17957_/A0 (sky130_fd_sc_hd__mux2_1)
    Layer: mcon
      Partial area ratio:    0.23
      Required ratio:    3.00 (Gate area) 
      Cumulative area ratio:    0.23
      Required ratio:    0.00 (Cumulative area) 

    Layer: met1
      Partial area ratio:   12.32
      Required ratio:    0.00 (Gate area) 
      Cumulative area ratio:   12.32
      Required ratio:    0.00 (Cumulative area) 
      Partial area ratio:   60.17
      Required ratio:  400.00 (Side area) 
      Cumulative area ratio:   60.17
      Required ratio:    0.00 (Cumulative side area) 

    Layer: via
      Partial area ratio:    0.27
      Required ratio:    6.00 (Gate area) 
      Cumulative area ratio:    0.50
      Required ratio:    0.00 (Cumulative area) 

    Layer: met2
      Partial area ratio:   11.45
      Required ratio:    0.00 (Gate area) 
      Cumulative area ratio:   23.77
      Required ratio:    0.00 (Cumulative area) 
      Partial area ratio:   56.63
      Required ratio: 3872.32 (Side area) 
      Cumulative area ratio:  116.80
      Required ratio:    0.00 (Cumulative side area) 


  Pin:   _17990_/A0 (sky130_fd_sc_hd__mux2_1)
    Layer: mcon
      Partial area ratio:    0.23
      Required ratio:    3.00 (Gate area) 
      Cumulative area ratio:    0.23
      Required ratio:    0.00 (Cumulative area) 

    Layer: met1
      Partial area ratio:    4.76
      Required ratio:    0.00 (Gate area) 
      Cumulative area ratio:    4.76
      Required ratio:    0.00 (Cumulative area) 
      Partial area ratio:   22.13
      Required ratio:  400.00 (Side area) 
      Cumulative area ratio:   22.13
      Required ratio:    0.00 (Cumulative side area) 

    Layer: via
      Partial area ratio:    0.36
      Required ratio:    6.00 (Gate area) 
      Cumulative area ratio:    0.59
      Required ratio:    0.00 (Cumulative area) 

    Layer: met2
      Partial area ratio:   11.45
      Required ratio:    0.00 (Gate area) 
      Cumulative area ratio:   16.21
      Required ratio:    0.00 (Cumulative area) 
      Partial area ratio:   56.63
      Required ratio: 3872.32 (Side area) 
      Cumulative area ratio:   78.76
      Required ratio:    0.00 (Cumulative side area) 


  Pin:   _18023_/A0 (sky130_fd_sc_hd__mux2_1)
    Layer: mcon
      Partial area ratio:    0.23
      Required ratio:    3.00 (Gate area) 
      Cumulative area ratio:    0.23
      Required ratio:    0.00 (Cumulative area) 

    Layer: met1
      Partial area ratio:   26.68
      Required ratio:    0.00 (Gate area) 
      Cumulative area ratio:   26.68
      Required ratio:    0.00 (Cumulative area) 
      Partial area ratio:  131.20
      Required ratio:  400.00 (Side area) 
      Cumulative area ratio:  131.20
      Required ratio:    0.00 (Cumulative side area) 

    Layer: via
      Partial area ratio:    0.38
      Required ratio:    6.00 (Gate area) 
      Cumulative area ratio:    0.61
      Required ratio:    0.00 (Cumulative area) 

    Layer: met2
      Partial area ratio:   11.45
      Required ratio:    0.00 (Gate area) 
      Cumulative area ratio:   38.13
      Required ratio:    0.00 (Cumulative area) 
      Partial area ratio:   56.63
      Required ratio: 3872.32 (Side area) 
      Cumulative area ratio:  187.83
      Required ratio:    0.00 (Cumulative side area) 


  Pin:   _18056_/A0 (sky130_fd_sc_hd__mux2_1)
    Layer: mcon
      Partial area ratio:    0.23
      Required ratio:    3.00 (Gate area) 
      Cumulative area ratio:    0.23
      Required ratio:    0.00 (Cumulative area) 

    Layer: met1
      Partial area ratio:   29.85
      Required ratio:    0.00 (Gate area) 
      Cumulative area ratio:   29.85
      Required ratio:    0.00 (Cumulative area) 
      Partial area ratio:  146.97
      Required ratio:  400.00 (Side area) 
      Cumulative area ratio:  146.97
      Required ratio:    0.00 (Cumulative side area) 

    Layer: via
      Partial area ratio:    0.38
      Required ratio:    6.00 (Gate area) 
      Cumulative area ratio:    0.61
      Required ratio:    0.00 (Cumulative area) 

    Layer: met2
      Partial area ratio:   11.45
      Required ratio:    0.00 (Gate area) 
      Cumulative area ratio:   41.30
      Required ratio:    0.00 (Cumulative area) 
      Partial area ratio:   56.63
      Required ratio: 3872.32 (Side area) 
      Cumulative area ratio:  203.60
      Required ratio:    0.00 (Cumulative side area) 


  Pin:   _18089_/A0 (sky130_fd_sc_hd__mux2_1)
    Layer: mcon
      Partial area ratio:    0.23
      Required ratio:    3.00 (Gate area) 
      Cumulative area ratio:    0.23
      Required ratio:    0.00 (Cumulative area) 

    Layer: met1
      Partial area ratio:    7.42
      Required ratio:    0.00 (Gate area) 
      Cumulative area ratio:    7.42
      Required ratio:    0.00 (Cumulative area) 
      Partial area ratio:   35.65
      Required ratio:  400.00 (Side area) 
      Cumulative area ratio:   35.65
      Required ratio:    0.00 (Cumulative side area) 

    Layer: via
      Partial area ratio:    0.36
      Required ratio:    6.00 (Gate area) 
      Cumulative area ratio:    0.59
      Required ratio:    0.00 (Cumulative area) 

    Layer: met2
      Partial area ratio:   11.45
      Required ratio:    0.00 (Gate area) 
      Cumulative area ratio:   18.88
      Required ratio:    0.00 (Cumulative area) 
      Partial area ratio:   56.63
      Required ratio: 3872.32 (Side area) 
      Cumulative area ratio:   92.28
      Required ratio:    0.00 (Cumulative side area) 


  Pin:   _18122_/A1 (sky130_fd_sc_hd__mux2_1)
    Layer: mcon
      Partial area ratio:    0.23
      Required ratio:    3.00 (Gate area) 
      Cumulative area ratio:    0.23
      Required ratio:    0.00 (Cumulative area) 

    Layer: met1
      Partial area ratio:   29.85
      Required ratio:    0.00 (Gate area) 
      Cumulative area ratio:   29.85
      Required ratio:    0.00 (Cumulative area) 
      Partial area ratio:  146.97
      Required ratio:  400.00 (Side area) 
      Cumulative area ratio:  146.97
      Required ratio:    0.00 (Cumulative side area) 

    Layer: via
      Partial area ratio:    0.38
      Required ratio:    6.00 (Gate area) 
      Cumulative area ratio:    0.61
      Required ratio:    0.00 (Cumulative area) 

    Layer: met2
      Partial area ratio:   11.45
      Required ratio:    0.00 (Gate area) 
      Cumulative area ratio:   41.30
      Required ratio:    0.00 (Cumulative area) 
      Partial area ratio:   56.63
      Required ratio: 3872.32 (Side area) 
      Cumulative area ratio:  203.60
      Required ratio:    0.00 (Cumulative side area) 


  Pin:   _18155_/A0 (sky130_fd_sc_hd__mux2_1)
    Layer: mcon
      Partial area ratio:    0.23
      Required ratio:    3.00 (Gate area) 
      Cumulative area ratio:    0.23
      Required ratio:    0.00 (Cumulative area) 

    Layer: met1
      Partial area ratio:   14.11
      Required ratio:    0.00 (Gate area) 
      Cumulative area ratio:   14.11
      Required ratio:    0.00 (Cumulative area) 
      Partial area ratio:   68.69
      Required ratio:  400.00 (Side area) 
      Cumulative area ratio:   68.69
      Required ratio:    0.00 (Cumulative side area) 

    Layer: via
      Partial area ratio:    0.36
      Required ratio:    6.00 (Gate area) 
      Cumulative area ratio:    0.59
      Required ratio:    0.00 (Cumulative area) 

    Layer: met2
      Partial area ratio:   11.45
      Required ratio:    0.00 (Gate area) 
      Cumulative area ratio:   25.57
      Required ratio:    0.00 (Cumulative area) 
      Partial area ratio:   56.63
      Required ratio: 3872.32 (Side area) 
      Cumulative area ratio:  125.32
      Required ratio:    0.00 (Cumulative side area) 


  Pin:   _18188_/A1 (sky130_fd_sc_hd__mux2_1)
    Layer: mcon
      Partial area ratio:    0.23
      Required ratio:    3.00 (Gate area) 
      Cumulative area ratio:    0.23
      Required ratio:    0.00 (Cumulative area) 

    Layer: met1
      Partial area ratio:   10.76
      Required ratio:    0.00 (Gate area) 
      Cumulative area ratio:   10.76
      Required ratio:    0.00 (Cumulative area) 
      Partial area ratio:   51.75
      Required ratio:  400.00 (Side area) 
      Cumulative area ratio:   51.75
      Required ratio:    0.00 (Cumulative side area) 

    Layer: via
      Partial area ratio:    0.36
      Required ratio:    6.00 (Gate area) 
      Cumulative area ratio:    0.59
      Required ratio:    0.00 (Cumulative area) 

    Layer: met2
      Partial area ratio:   11.45
      Required ratio:    0.00 (Gate area) 
      Cumulative area ratio:   22.22
      Required ratio:    0.00 (Cumulative area) 
      Partial area ratio:   56.63
      Required ratio: 3872.32 (Side area) 
      Cumulative area ratio:  108.38
      Required ratio:    0.00 (Cumulative side area) 


  Pin:   _18221_/A0 (sky130_fd_sc_hd__mux2_1)
    Layer: mcon
      Partial area ratio:    0.23
      Required ratio:    3.00 (Gate area) 
      Cumulative area ratio:    0.23
      Required ratio:    0.00 (Cumulative area) 

    Layer: met1
      Partial area ratio:   29.85
      Required ratio:    0.00 (Gate area) 
      Cumulative area ratio:   29.85
      Required ratio:    0.00 (Cumulative area) 
      Partial area ratio:  146.97
      Required ratio:  400.00 (Side area) 
      Cumulative area ratio:  146.97
      Required ratio:    0.00 (Cumulative side area) 

    Layer: via
      Partial area ratio:    0.38
      Required ratio:    6.00 (Gate area) 
      Cumulative area ratio:    0.61
      Required ratio:    0.00 (Cumulative area) 

    Layer: met2
      Partial area ratio:   11.45
      Required ratio:    0.00 (Gate area) 
      Cumulative area ratio:   41.30
      Required ratio:    0.00 (Cumulative area) 
      Partial area ratio:   56.63
      Required ratio: 3872.32 (Side area) 
      Cumulative area ratio:  203.60
      Required ratio:    0.00 (Cumulative side area) 


  Pin:   _18254_/A1 (sky130_fd_sc_hd__mux2_1)
    Layer: mcon
      Partial area ratio:    0.23
      Required ratio:    3.00 (Gate area) 
      Cumulative area ratio:    0.23
      Required ratio:    0.00 (Cumulative area) 

    Layer: met1
      Partial area ratio:    4.67
      Required ratio:    0.00 (Gate area) 
      Cumulative area ratio:    4.67
      Required ratio:    0.00 (Cumulative area) 
      Partial area ratio:   21.89
      Required ratio:  400.00 (Side area) 
      Cumulative area ratio:   21.89
      Required ratio:    0.00 (Cumulative side area) 

    Layer: via
      Partial area ratio:    0.36
      Required ratio:    6.00 (Gate area) 
      Cumulative area ratio:    0.59
      Required ratio:    0.00 (Cumulative area) 

    Layer: met2
      Partial area ratio:   11.45
      Required ratio:    0.00 (Gate area) 
      Cumulative area ratio:   16.13
      Required ratio:    0.00 (Cumulative area) 
      Partial area ratio:   56.63
      Required ratio: 3872.32 (Side area) 
      Cumulative area ratio:   78.52
      Required ratio:    0.00 (Cumulative side area) 


  Pin:   _18287_/A0 (sky130_fd_sc_hd__mux2_1)
    Layer: mcon
      Partial area ratio:    0.23
      Required ratio:    3.00 (Gate area) 
      Cumulative area ratio:    0.23
      Required ratio:    0.00 (Cumulative area) 

    Layer: met1
      Partial area ratio:   12.89
      Required ratio:    0.00 (Gate area) 
      Cumulative area ratio:   12.89
      Required ratio:    0.00 (Cumulative area) 
      Partial area ratio:   63.01
      Required ratio:  400.00 (Side area) 
      Cumulative area ratio:   63.01
      Required ratio:    0.00 (Cumulative side area) 

    Layer: via
      Partial area ratio:    0.27
      Required ratio:    6.00 (Gate area) 
      Cumulative area ratio:    0.50
      Required ratio:    0.00 (Cumulative area) 

    Layer: met2
      Partial area ratio:   11.45
      Required ratio:    0.00 (Gate area) 
      Cumulative area ratio:   24.34
      Required ratio:    0.00 (Cumulative area) 
      Partial area ratio:   56.63
      Required ratio: 3872.32 (Side area) 
      Cumulative area ratio:  119.64
      Required ratio:    0.00 (Cumulative side area) 


  Pin:   _18320_/A0 (sky130_fd_sc_hd__mux2_1)
    Layer: mcon
      Partial area ratio:    0.23
      Required ratio:    3.00 (Gate area) 
      Cumulative area ratio:    0.23
      Required ratio:    0.00 (Cumulative area) 

    Layer: met1
      Partial area ratio:   14.11
      Required ratio:    0.00 (Gate area) 
      Cumulative area ratio:   14.11
      Required ratio:    0.00 (Cumulative area) 
      Partial area ratio:   68.69
      Required ratio:  400.00 (Side area) 
      Cumulative area ratio:   68.69
      Required ratio:    0.00 (Cumulative side area) 

    Layer: via
      Partial area ratio:    0.36
      Required ratio:    6.00 (Gate area) 
      Cumulative area ratio:    0.59
      Required ratio:    0.00 (Cumulative area) 

    Layer: met2
      Partial area ratio:   11.45
      Required ratio:    0.00 (Gate area) 
      Cumulative area ratio:   25.57
      Required ratio:    0.00 (Cumulative area) 
      Partial area ratio:   56.63
      Required ratio: 3872.32 (Side area) 
      Cumulative area ratio:  125.32
      Required ratio:    0.00 (Cumulative side area) 


  Pin:   _18353_/A0 (sky130_fd_sc_hd__mux2_1)
    Layer: mcon
      Partial area ratio:    0.23
      Required ratio:    3.00 (Gate area) 
      Cumulative area ratio:    0.23
      Required ratio:    0.00 (Cumulative area) 

    Layer: met1
      Partial area ratio:    7.70
      Required ratio:    0.00 (Gate area) 
      Cumulative area ratio:    7.70
      Required ratio:    0.00 (Cumulative area) 
      Partial area ratio:   37.06
      Required ratio:  400.00 (Side area) 
      Cumulative area ratio:   37.06
      Required ratio:    0.00 (Cumulative side area) 

    Layer: via
      Partial area ratio:    0.27
      Required ratio:    6.00 (Gate area) 
      Cumulative area ratio:    0.50
      Required ratio:    0.00 (Cumulative area) 

    Layer: met2
      Partial area ratio:   11.45
      Required ratio:    0.00 (Gate area) 
      Cumulative area ratio:   19.15
      Required ratio:    0.00 (Cumulative area) 
      Partial area ratio:   56.63
      Required ratio: 3872.32 (Side area) 
      Cumulative area ratio:   93.69
      Required ratio:    0.00 (Cumulative side area) 


  Pin:   _18386_/A0 (sky130_fd_sc_hd__mux2_1)
    Layer: mcon
      Partial area ratio:    0.23
      Required ratio:    3.00 (Gate area) 
      Cumulative area ratio:    0.23
      Required ratio:    0.00 (Cumulative area) 

    Layer: met1
      Partial area ratio:    6.09
      Required ratio:    0.00 (Gate area) 
      Cumulative area ratio:    6.09
      Required ratio:    0.00 (Cumulative area) 
      Partial area ratio:   28.96
      Required ratio:  400.00 (Side area) 
      Cumulative area ratio:   28.96
      Required ratio:    0.00 (Cumulative side area) 

    Layer: via
      Partial area ratio:    0.36
      Required ratio:    6.00 (Gate area) 
      Cumulative area ratio:    0.59
      Required ratio:    0.00 (Cumulative area) 

    Layer: met2
      Partial area ratio:   11.45
      Required ratio:    0.00 (Gate area) 
      Cumulative area ratio:   17.54
      Required ratio:    0.00 (Cumulative area) 
      Partial area ratio:   56.63
      Required ratio: 3872.32 (Side area) 
      Cumulative area ratio:   85.59
      Required ratio:    0.00 (Cumulative side area) 


  Pin:   _18419_/A1 (sky130_fd_sc_hd__mux2_1)
    Layer: mcon
      Partial area ratio:    0.23
      Required ratio:    3.00 (Gate area) 
      Cumulative area ratio:    0.23
      Required ratio:    0.00 (Cumulative area) 

    Layer: met1
      Partial area ratio:   26.68
      Required ratio:    0.00 (Gate area) 
      Cumulative area ratio:   26.68
      Required ratio:    0.00 (Cumulative area) 
      Partial area ratio:  131.20
      Required ratio:  400.00 (Side area) 
      Cumulative area ratio:  131.20
      Required ratio:    0.00 (Cumulative side area) 

    Layer: via
      Partial area ratio:    0.38
      Required ratio:    6.00 (Gate area) 
      Cumulative area ratio:    0.61
      Required ratio:    0.00 (Cumulative area) 

    Layer: met2
      Partial area ratio:   11.45
      Required ratio:    0.00 (Gate area) 
      Cumulative area ratio:   38.13
      Required ratio:    0.00 (Cumulative area) 
      Partial area ratio:   56.63
      Required ratio: 3872.32 (Side area) 
      Cumulative area ratio:  187.83
      Required ratio:    0.00 (Cumulative side area) 


  Pin:   _18452_/A1 (sky130_fd_sc_hd__mux2_1)
    Layer: mcon
      Partial area ratio:    0.23
      Required ratio:    3.00 (Gate area) 
      Cumulative area ratio:    0.23
      Required ratio:    0.00 (Cumulative area) 

    Layer: met1
      Partial area ratio:   11.59
      Required ratio:    0.00 (Gate area) 
      Cumulative area ratio:   11.59
      Required ratio:    0.00 (Cumulative area) 
      Partial area ratio:   56.70
      Required ratio:  400.00 (Side area) 
      Cumulative area ratio:   56.70
      Required ratio:    0.00 (Cumulative side area) 

    Layer: via
      Partial area ratio:    0.24
      Required ratio:    6.00 (Gate area) 
      Cumulative area ratio:    0.47
      Required ratio:    0.00 (Cumulative area) 

    Layer: met2
      Partial area ratio:   11.45
      Required ratio:    0.00 (Gate area) 
      Cumulative area ratio:   23.04
      Required ratio:    0.00 (Cumulative area) 
      Partial area ratio:   56.63
      Required ratio: 3872.32 (Side area) 
      Cumulative area ratio:  113.33
      Required ratio:    0.00 (Cumulative side area) 


  Pin:   _18650_/A0 (sky130_fd_sc_hd__mux2_1)
    Layer: mcon
      Partial area ratio:    0.23
      Required ratio:    3.00 (Gate area) 
      Cumulative area ratio:    0.23
      Required ratio:    0.00 (Cumulative area) 

    Layer: met1
      Partial area ratio:   10.23
      Required ratio:    0.00 (Gate area) 
      Cumulative area ratio:   10.23
      Required ratio:    0.00 (Cumulative area) 
      Partial area ratio:   49.69
      Required ratio:  400.00 (Side area) 
      Cumulative area ratio:   49.69
      Required ratio:    0.00 (Cumulative side area) 

    Layer: via
      Partial area ratio:    0.27
      Required ratio:    6.00 (Gate area) 
      Cumulative area ratio:    0.50
      Required ratio:    0.00 (Cumulative area) 

    Layer: met2
      Partial area ratio:   11.45
      Required ratio:    0.00 (Gate area) 
      Cumulative area ratio:   21.68
      Required ratio:    0.00 (Cumulative area) 
      Partial area ratio:   56.63
      Required ratio: 3872.32 (Side area) 
      Cumulative area ratio:  106.32
      Required ratio:    0.00 (Cumulative side area) 


  Pin:   _18683_/A1 (sky130_fd_sc_hd__mux2_1)
    Layer: mcon
      Partial area ratio:    0.23
      Required ratio:    3.00 (Gate area) 
      Cumulative area ratio:    0.23
      Required ratio:    0.00 (Cumulative area) 

    Layer: met1
      Partial area ratio:    7.90
      Required ratio:    0.00 (Gate area) 
      Cumulative area ratio:    7.90
      Required ratio:    0.00 (Cumulative area) 
      Partial area ratio:   37.64
      Required ratio:  400.00 (Side area) 
      Cumulative area ratio:   37.64
      Required ratio:    0.00 (Cumulative side area) 

    Layer: via
      Partial area ratio:    0.36
      Required ratio:    6.00 (Gate area) 
      Cumulative area ratio:    0.59
      Required ratio:    0.00 (Cumulative area) 

    Layer: met2
      Partial area ratio:   11.45
      Required ratio:    0.00 (Gate area) 
      Cumulative area ratio:   19.35
      Required ratio:    0.00 (Cumulative area) 
      Partial area ratio:   56.63
      Required ratio: 3872.32 (Side area) 
      Cumulative area ratio:   94.27
      Required ratio:    0.00 (Cumulative side area) 


  Pin:   _18818_/A0 (sky130_fd_sc_hd__mux2_1)
    Layer: mcon
      Partial area ratio:    0.23
      Required ratio:    3.00 (Gate area) 
      Cumulative area ratio:    0.23
      Required ratio:    0.00 (Cumulative area) 

    Layer: met1
      Partial area ratio:    5.53
      Required ratio:    0.00 (Gate area) 
      Cumulative area ratio:    5.53
      Required ratio:    0.00 (Cumulative area) 
      Partial area ratio:   26.18
      Required ratio:  400.00 (Side area) 
      Cumulative area ratio:   26.18
      Required ratio:    0.00 (Cumulative side area) 

    Layer: via
      Partial area ratio:    0.36
      Required ratio:    6.00 (Gate area) 
      Cumulative area ratio:    0.59
      Required ratio:    0.00 (Cumulative area) 

    Layer: met2
      Partial area ratio:   11.45
      Required ratio:    0.00 (Gate area) 
      Cumulative area ratio:   16.99
      Required ratio:    0.00 (Cumulative area) 
      Partial area ratio:   56.63
      Required ratio: 3872.32 (Side area) 
      Cumulative area ratio:   82.81
      Required ratio:    0.00 (Cumulative side area) 


  Pin:   _18851_/A1 (sky130_fd_sc_hd__mux2_1)
    Layer: mcon
      Partial area ratio:    0.23
      Required ratio:    3.00 (Gate area) 
      Cumulative area ratio:    0.23
      Required ratio:    0.00 (Cumulative area) 

    Layer: met1
      Partial area ratio:    2.71
      Required ratio:    0.00 (Gate area) 
      Cumulative area ratio:    2.71
      Required ratio:    0.00 (Cumulative area) 
      Partial area ratio:   12.33
      Required ratio:  400.00 (Side area) 
      Cumulative area ratio:   12.33
      Required ratio:    0.00 (Cumulative side area) 

    Layer: via
      Partial area ratio:    0.36
      Required ratio:    6.00 (Gate area) 
      Cumulative area ratio:    0.59
      Required ratio:    0.00 (Cumulative area) 

    Layer: met2
      Partial area ratio:   11.45
      Required ratio:    0.00 (Gate area) 
      Cumulative area ratio:   14.17
      Required ratio:    0.00 (Cumulative area) 
      Partial area ratio:   56.63
      Required ratio: 3872.32 (Side area) 
      Cumulative area ratio:   68.96
      Required ratio:    0.00 (Cumulative side area) 


  Pin:   _19018_/A1 (sky130_fd_sc_hd__mux2_1)
    Layer: mcon
      Partial area ratio:    0.23
      Required ratio:    3.00 (Gate area) 
      Cumulative area ratio:    0.23
      Required ratio:    0.00 (Cumulative area) 

    Layer: met1
      Partial area ratio:    9.92
      Required ratio:    0.00 (Gate area) 
      Cumulative area ratio:    9.92
      Required ratio:    0.00 (Cumulative area) 
      Partial area ratio:   47.78
      Required ratio:  400.00 (Side area) 
      Cumulative area ratio:   47.78
      Required ratio:    0.00 (Cumulative side area) 

    Layer: via
      Partial area ratio:    0.31
      Required ratio:    6.00 (Gate area) 
      Cumulative area ratio:    0.54
      Required ratio:    0.00 (Cumulative area) 

    Layer: met2
      Partial area ratio:   11.45
      Required ratio:    0.00 (Gate area) 
      Cumulative area ratio:   21.38
      Required ratio:    0.00 (Cumulative area) 
      Partial area ratio:   56.63
      Required ratio: 3872.32 (Side area) 
      Cumulative area ratio:  104.41
      Required ratio:    0.00 (Cumulative side area) 


  Pin:   _19052_/A1 (sky130_fd_sc_hd__mux2_1)
    Layer: mcon
      Partial area ratio:    0.23
      Required ratio:    3.00 (Gate area) 
      Cumulative area ratio:    0.23
      Required ratio:    0.00 (Cumulative area) 

    Layer: met1
      Partial area ratio:   10.97
      Required ratio:    0.00 (Gate area) 
      Cumulative area ratio:   10.97
      Required ratio:    0.00 (Cumulative area) 
      Partial area ratio:   52.85
      Required ratio:  400.00 (Side area) 
      Cumulative area ratio:   52.85
      Required ratio:    0.00 (Cumulative side area) 

    Layer: via
      Partial area ratio:    0.36
      Required ratio:    6.00 (Gate area) 
      Cumulative area ratio:    0.59
      Required ratio:    0.00 (Cumulative area) 

    Layer: met2
      Partial area ratio:   11.45
      Required ratio:    0.00 (Gate area) 
      Cumulative area ratio:   22.42
      Required ratio:    0.00 (Cumulative area) 
      Partial area ratio:   56.63
      Required ratio: 3872.32 (Side area) 
      Cumulative area ratio:  109.48
      Required ratio:    0.00 (Cumulative side area) 


  Pin:   _19085_/A1 (sky130_fd_sc_hd__mux2_1)
    Layer: mcon
      Partial area ratio:    0.23
      Required ratio:    3.00 (Gate area) 
      Cumulative area ratio:    0.23
      Required ratio:    0.00 (Cumulative area) 

    Layer: met1
      Partial area ratio:    3.88
      Required ratio:    0.00 (Gate area) 
      Cumulative area ratio:    3.88
      Required ratio:    0.00 (Cumulative area) 
      Partial area ratio:   18.28
      Required ratio:  400.00 (Side area) 
      Cumulative area ratio:   18.28
      Required ratio:    0.00 (Cumulative side area) 

    Layer: via
      Partial area ratio:    0.21
      Required ratio:    6.00 (Gate area) 
      Cumulative area ratio:    0.44
      Required ratio:    0.00 (Cumulative area) 

    Layer: met2
      Partial area ratio:   11.45
      Required ratio:    0.00 (Gate area) 
      Cumulative area ratio:   15.34
      Required ratio:    0.00 (Cumulative area) 
      Partial area ratio:   56.63
      Required ratio: 3872.32 (Side area) 
      Cumulative area ratio:   74.91
      Required ratio:    0.00 (Cumulative side area) 


  Pin:   _19118_/A1 (sky130_fd_sc_hd__mux2_1)
    Layer: mcon
      Partial area ratio:    0.23
      Required ratio:    3.00 (Gate area) 
      Cumulative area ratio:    0.23
      Required ratio:    0.00 (Cumulative area) 

    Layer: met1
      Partial area ratio:    5.01
      Required ratio:    0.00 (Gate area) 
      Cumulative area ratio:    5.01
      Required ratio:    0.00 (Cumulative area) 
      Partial area ratio:   23.56
      Required ratio:  400.00 (Side area) 
      Cumulative area ratio:   23.56
      Required ratio:    0.00 (Cumulative side area) 

    Layer: via
      Partial area ratio:    0.36
      Required ratio:    6.00 (Gate area) 
      Cumulative area ratio:    0.59
      Required ratio:    0.00 (Cumulative area) 

    Layer: met2
      Partial area ratio:   11.45
      Required ratio:    0.00 (Gate area) 
      Cumulative area ratio:   16.46
      Required ratio:    0.00 (Cumulative area) 
      Partial area ratio:   56.63
      Required ratio: 3872.32 (Side area) 
      Cumulative area ratio:   80.19
      Required ratio:    0.00 (Cumulative side area) 


  Pin:   _24701_/A0 (sky130_fd_sc_hd__mux2_1)
    Layer: mcon
      Partial area ratio:    0.23
      Required ratio:    3.00 (Gate area) 
      Cumulative area ratio:    0.23
      Required ratio:    0.00 (Cumulative area) 

    Layer: met1
      Partial area ratio:   11.96
      Required ratio:    0.00 (Gate area) 
      Cumulative area ratio:   11.96
      Required ratio:    0.00 (Cumulative area) 
      Partial area ratio:   58.32
      Required ratio:  400.00 (Side area) 
      Cumulative area ratio:   58.32
      Required ratio:    0.00 (Cumulative side area) 

    Layer: via
      Partial area ratio:    0.36
      Required ratio:    6.00 (Gate area) 
      Cumulative area ratio:    0.59
      Required ratio:    0.00 (Cumulative area) 

    Layer: met2
      Partial area ratio:   11.45
      Required ratio:    0.00 (Gate area) 
      Cumulative area ratio:   23.41
      Required ratio:    0.00 (Cumulative area) 
      Partial area ratio:   56.63
      Required ratio: 3872.32 (Side area) 
      Cumulative area ratio:  114.95
      Required ratio:    0.00 (Cumulative side area) 


  Pin:   _24734_/A0 (sky130_fd_sc_hd__mux2_1)
    Layer: mcon
      Partial area ratio:    0.23
      Required ratio:    3.00 (Gate area) 
      Cumulative area ratio:    0.23
      Required ratio:    0.00 (Cumulative area) 

    Layer: met1
      Partial area ratio:    2.76
      Required ratio:    0.00 (Gate area) 
      Cumulative area ratio:    2.76
      Required ratio:    0.00 (Cumulative area) 
      Partial area ratio:   12.02
      Required ratio:  400.00 (Side area) 
      Cumulative area ratio:   12.02
      Required ratio:    0.00 (Cumulative side area) 

    Layer: via
      Partial area ratio:    0.36
      Required ratio:    6.00 (Gate area) 
      Cumulative area ratio:    0.59
      Required ratio:    0.00 (Cumulative area) 

    Layer: met2
      Partial area ratio:   11.45
      Required ratio:    0.00 (Gate area) 
      Cumulative area ratio:   14.21
      Required ratio:    0.00 (Cumulative area) 
      Partial area ratio:   56.63
      Required ratio: 3872.32 (Side area) 
      Cumulative area ratio:   68.65
      Required ratio:    0.00 (Cumulative side area) 


  Pin:   _24767_/A0 (sky130_fd_sc_hd__mux2_1)
    Layer: mcon
      Partial area ratio:    0.23
      Required ratio:    3.00 (Gate area) 
      Cumulative area ratio:    0.23
      Required ratio:    0.00 (Cumulative area) 

    Layer: met1
      Partial area ratio:   18.27
      Required ratio:    0.00 (Gate area) 
      Cumulative area ratio:   18.27
      Required ratio:    0.00 (Cumulative area) 
      Partial area ratio:   89.92
      Required ratio:  400.00 (Side area) 
      Cumulative area ratio:   89.92
      Required ratio:    0.00 (Cumulative side area) 

    Layer: via
      Partial area ratio:    0.27
      Required ratio:    6.00 (Gate area) 
      Cumulative area ratio:    0.50
      Required ratio:    0.00 (Cumulative area) 

    Layer: met2
      Partial area ratio:   11.45
      Required ratio:    0.00 (Gate area) 
      Cumulative area ratio:   29.72
      Required ratio:    0.00 (Cumulative area) 
      Partial area ratio:   56.63
      Required ratio: 3872.32 (Side area) 
      Cumulative area ratio:  146.55
      Required ratio:    0.00 (Cumulative side area) 


  Pin:   _24800_/A0 (sky130_fd_sc_hd__mux2_1)
    Layer: mcon
      Partial area ratio:    0.23
      Required ratio:    3.00 (Gate area) 
      Cumulative area ratio:    0.23
      Required ratio:    0.00 (Cumulative area) 

    Layer: met1
      Partial area ratio:    8.51
      Required ratio:    0.00 (Gate area) 
      Cumulative area ratio:    8.51
      Required ratio:    0.00 (Cumulative area) 
      Partial area ratio:   41.09
      Required ratio:  400.00 (Side area) 
      Cumulative area ratio:   41.09
      Required ratio:    0.00 (Cumulative side area) 

    Layer: via
      Partial area ratio:    0.36
      Required ratio:    6.00 (Gate area) 
      Cumulative area ratio:    0.59
      Required ratio:    0.00 (Cumulative area) 

    Layer: met2
      Partial area ratio:   11.45
      Required ratio:    0.00 (Gate area) 
      Cumulative area ratio:   19.97
      Required ratio:    0.00 (Cumulative area) 
      Partial area ratio:   56.63
      Required ratio: 3872.32 (Side area) 
      Cumulative area ratio:   97.72
      Required ratio:    0.00 (Cumulative side area) 


  Pin:   _24833_/A1 (sky130_fd_sc_hd__mux2_1)
    Layer: mcon
      Partial area ratio:    0.23
      Required ratio:    3.00 (Gate area) 
      Cumulative area ratio:    0.23
      Required ratio:    0.00 (Cumulative area) 

    Layer: met1
      Partial area ratio:    3.65
      Required ratio:    0.00 (Gate area) 
      Cumulative area ratio:    3.65
      Required ratio:    0.00 (Cumulative area) 
      Partial area ratio:   16.78
      Required ratio:  400.00 (Side area) 
      Cumulative area ratio:   16.78
      Required ratio:    0.00 (Cumulative side area) 

    Layer: via
      Partial area ratio:    0.36
      Required ratio:    6.00 (Gate area) 
      Cumulative area ratio:    0.59
      Required ratio:    0.00 (Cumulative area) 

    Layer: met2
      Partial area ratio:   11.45
      Required ratio:    0.00 (Gate area) 
      Cumulative area ratio:   15.10
      Required ratio:    0.00 (Cumulative area) 
      Partial area ratio:   56.63
      Required ratio: 3872.32 (Side area) 
      Cumulative area ratio:   73.41
      Required ratio:    0.00 (Cumulative side area) 


  Pin:   _24866_/A1 (sky130_fd_sc_hd__mux2_1)
    Layer: mcon
      Partial area ratio:    0.23
      Required ratio:    3.00 (Gate area) 
      Cumulative area ratio:    0.23
      Required ratio:    0.00 (Cumulative area) 

    Layer: met1
      Partial area ratio:   15.45
      Required ratio:    0.00 (Gate area) 
      Cumulative area ratio:   15.45
      Required ratio:    0.00 (Cumulative area) 
      Partial area ratio:   75.28
      Required ratio:  400.00 (Side area) 
      Cumulative area ratio:   75.28
      Required ratio:    0.00 (Cumulative side area) 

    Layer: via
      Partial area ratio:    0.36
      Required ratio:    6.00 (Gate area) 
      Cumulative area ratio:    0.59
      Required ratio:    0.00 (Cumulative area) 

    Layer: met2
      Partial area ratio:   11.45
      Required ratio:    0.00 (Gate area) 
      Cumulative area ratio:   26.91
      Required ratio:    0.00 (Cumulative area) 
      Partial area ratio:   56.63
      Required ratio: 3872.32 (Side area) 
      Cumulative area ratio:  131.91
      Required ratio:    0.00 (Cumulative side area) 


  Pin:   _24899_/A1 (sky130_fd_sc_hd__mux2_1)
    Layer: mcon
      Partial area ratio:    0.23
      Required ratio:    3.00 (Gate area) 
      Cumulative area ratio:    0.23
      Required ratio:    0.00 (Cumulative area) 

    Layer: met1
      Partial area ratio:   15.45
      Required ratio:    0.00 (Gate area) 
      Cumulative area ratio:   15.45
      Required ratio:    0.00 (Cumulative area) 
      Partial area ratio:   75.28
      Required ratio:  400.00 (Side area) 
      Cumulative area ratio:   75.28
      Required ratio:    0.00 (Cumulative side area) 

    Layer: via
      Partial area ratio:    0.36
      Required ratio:    6.00 (Gate area) 
      Cumulative area ratio:    0.59
      Required ratio:    0.00 (Cumulative area) 

    Layer: met2
      Partial area ratio:   11.45
      Required ratio:    0.00 (Gate area) 
      Cumulative area ratio:   26.91
      Required ratio:    0.00 (Cumulative area) 
      Partial area ratio:   56.63
      Required ratio: 3872.32 (Side area) 
      Cumulative area ratio:  131.91
      Required ratio:    0.00 (Cumulative side area) 


  Pin:   _24932_/A1 (sky130_fd_sc_hd__mux2_1)
    Layer: mcon
      Partial area ratio:    0.23
      Required ratio:    3.00 (Gate area) 
      Cumulative area ratio:    0.23
      Required ratio:    0.00 (Cumulative area) 

    Layer: met1
      Partial area ratio:    3.69
      Required ratio:    0.00 (Gate area) 
      Cumulative area ratio:    3.69
      Required ratio:    0.00 (Cumulative area) 
      Partial area ratio:   17.00
      Required ratio:  400.00 (Side area) 
      Cumulative area ratio:   17.00
      Required ratio:    0.00 (Cumulative side area) 

    Layer: via
      Partial area ratio:    0.36
      Required ratio:    6.00 (Gate area) 
      Cumulative area ratio:    0.59
      Required ratio:    0.00 (Cumulative area) 

    Layer: met2
      Partial area ratio:   11.45
      Required ratio:    0.00 (Gate area) 
      Cumulative area ratio:   15.15
      Required ratio:    0.00 (Cumulative area) 
      Partial area ratio:   56.63
      Required ratio: 3872.32 (Side area) 
      Cumulative area ratio:   73.63
      Required ratio:    0.00 (Cumulative side area) 


  Pin:   _24965_/A1 (sky130_fd_sc_hd__mux2_1)
    Layer: mcon
      Partial area ratio:    0.23
      Required ratio:    3.00 (Gate area) 
      Cumulative area ratio:    0.23
      Required ratio:    0.00 (Cumulative area) 

    Layer: met1
      Partial area ratio:   11.63
      Required ratio:    0.00 (Gate area) 
      Cumulative area ratio:   11.63
      Required ratio:    0.00 (Cumulative area) 
      Partial area ratio:   56.43
      Required ratio:  400.00 (Side area) 
      Cumulative area ratio:   56.43
      Required ratio:    0.00 (Cumulative side area) 

    Layer: via
      Partial area ratio:    0.30
      Required ratio:    6.00 (Gate area) 
      Cumulative area ratio:    0.53
      Required ratio:    0.00 (Cumulative area) 

    Layer: met2
      Partial area ratio:   11.45
      Required ratio:    0.00 (Gate area) 
      Cumulative area ratio:   23.08
      Required ratio:    0.00 (Cumulative area) 
      Partial area ratio:   56.63
      Required ratio: 3872.32 (Side area) 
      Cumulative area ratio:  113.06
      Required ratio:    0.00 (Cumulative side area) 


  Pin:   _24998_/A0 (sky130_fd_sc_hd__mux2_1)
    Layer: mcon
      Partial area ratio:    0.23
      Required ratio:    3.00 (Gate area) 
      Cumulative area ratio:    0.23
      Required ratio:    0.00 (Cumulative area) 

    Layer: met1
      Partial area ratio:    7.70
      Required ratio:    0.00 (Gate area) 
      Cumulative area ratio:    7.70
      Required ratio:    0.00 (Cumulative area) 
      Partial area ratio:   37.06
      Required ratio:  400.00 (Side area) 
      Cumulative area ratio:   37.06
      Required ratio:    0.00 (Cumulative side area) 

    Layer: via
      Partial area ratio:    0.27
      Required ratio:    6.00 (Gate area) 
      Cumulative area ratio:    0.50
      Required ratio:    0.00 (Cumulative area) 

    Layer: met2
      Partial area ratio:   11.45
      Required ratio:    0.00 (Gate area) 
      Cumulative area ratio:   19.15
      Required ratio:    0.00 (Cumulative area) 
      Partial area ratio:   56.63
      Required ratio: 3872.32 (Side area) 
      Cumulative area ratio:   93.69
      Required ratio:    0.00 (Cumulative side area) 


  Pin:   _25031_/A1 (sky130_fd_sc_hd__mux2_1)
    Layer: mcon
      Partial area ratio:    0.23
      Required ratio:    3.00 (Gate area) 
      Cumulative area ratio:    0.23
      Required ratio:    0.00 (Cumulative area) 

    Layer: met1
      Partial area ratio:    5.22
      Required ratio:    0.00 (Gate area) 
      Cumulative area ratio:    5.22
      Required ratio:    0.00 (Cumulative area) 
      Partial area ratio:   24.61
      Required ratio:  400.00 (Side area) 
      Cumulative area ratio:   24.61
      Required ratio:    0.00 (Cumulative side area) 

    Layer: via
      Partial area ratio:    0.36
      Required ratio:    6.00 (Gate area) 
      Cumulative area ratio:    0.59
      Required ratio:    0.00 (Cumulative area) 

    Layer: met2
      Partial area ratio:   11.45
      Required ratio:    0.00 (Gate area) 
      Cumulative area ratio:   16.67
      Required ratio:    0.00 (Cumulative area) 
      Partial area ratio:   56.63
      Required ratio: 3872.32 (Side area) 
      Cumulative area ratio:   81.24
      Required ratio:    0.00 (Cumulative side area) 


  Pin:   _25064_/A1 (sky130_fd_sc_hd__mux2_1)
    Layer: mcon
      Partial area ratio:    0.23
      Required ratio:    3.00 (Gate area) 
      Cumulative area ratio:    0.23
      Required ratio:    0.00 (Cumulative area) 

    Layer: met1
      Partial area ratio:    6.25
      Required ratio:    0.00 (Gate area) 
      Cumulative area ratio:    6.25
      Required ratio:    0.00 (Cumulative area) 
      Partial area ratio:   29.63
      Required ratio:  400.00 (Side area) 
      Cumulative area ratio:   29.63
      Required ratio:    0.00 (Cumulative side area) 

    Layer: via
      Partial area ratio:    0.27
      Required ratio:    6.00 (Gate area) 
      Cumulative area ratio:    0.50
      Required ratio:    0.00 (Cumulative area) 

    Layer: met2
      Partial area ratio:   11.45
      Required ratio:    0.00 (Gate area) 
      Cumulative area ratio:   17.71
      Required ratio:    0.00 (Cumulative area) 
      Partial area ratio:   56.63
      Required ratio: 3872.32 (Side area) 
      Cumulative area ratio:   86.26
      Required ratio:    0.00 (Cumulative side area) 


  Pin:   _25097_/A0 (sky130_fd_sc_hd__mux2_1)
    Layer: mcon
      Partial area ratio:    0.23
      Required ratio:    3.00 (Gate area) 
      Cumulative area ratio:    0.23
      Required ratio:    0.00 (Cumulative area) 

    Layer: met1
      Partial area ratio:    8.43
      Required ratio:    0.00 (Gate area) 
      Cumulative area ratio:    8.43
      Required ratio:    0.00 (Cumulative area) 
      Partial area ratio:   40.46
      Required ratio:  400.00 (Side area) 
      Cumulative area ratio:   40.46
      Required ratio:    0.00 (Cumulative side area) 

    Layer: via
      Partial area ratio:    0.30
      Required ratio:    6.00 (Gate area) 
      Cumulative area ratio:    0.53
      Required ratio:    0.00 (Cumulative area) 

    Layer: met2
      Partial area ratio:   11.45
      Required ratio:    0.00 (Gate area) 
      Cumulative area ratio:   19.89
      Required ratio:    0.00 (Cumulative area) 
      Partial area ratio:   56.63
      Required ratio: 3872.32 (Side area) 
      Cumulative area ratio:   97.09
      Required ratio:    0.00 (Cumulative side area) 


  Pin:   _25130_/A1 (sky130_fd_sc_hd__mux2_1)
    Layer: mcon
      Partial area ratio:    0.23
      Required ratio:    3.00 (Gate area) 
      Cumulative area ratio:    0.23
      Required ratio:    0.00 (Cumulative area) 

    Layer: met1
      Partial area ratio:    8.43
      Required ratio:    0.00 (Gate area) 
      Cumulative area ratio:    8.43
      Required ratio:    0.00 (Cumulative area) 
      Partial area ratio:   40.46
      Required ratio:  400.00 (Side area) 
      Cumulative area ratio:   40.46
      Required ratio:    0.00 (Cumulative side area) 

    Layer: via
      Partial area ratio:    0.30
      Required ratio:    6.00 (Gate area) 
      Cumulative area ratio:    0.53
      Required ratio:    0.00 (Cumulative area) 

    Layer: met2
      Partial area ratio:   11.45
      Required ratio:    0.00 (Gate area) 
      Cumulative area ratio:   19.89
      Required ratio:    0.00 (Cumulative area) 
      Partial area ratio:   56.63
      Required ratio: 3872.32 (Side area) 
      Cumulative area ratio:   97.09
      Required ratio:    0.00 (Cumulative side area) 


  Pin:   _25163_/A1 (sky130_fd_sc_hd__mux2_1)
    Layer: mcon
      Partial area ratio:    0.23
      Required ratio:    3.00 (Gate area) 
      Cumulative area ratio:    0.23
      Required ratio:    0.00 (Cumulative area) 

    Layer: met1
      Partial area ratio:    8.43
      Required ratio:    0.00 (Gate area) 
      Cumulative area ratio:    8.43
      Required ratio:    0.00 (Cumulative area) 
      Partial area ratio:   40.46
      Required ratio:  400.00 (Side area) 
      Cumulative area ratio:   40.46
      Required ratio:    0.00 (Cumulative side area) 

    Layer: via
      Partial area ratio:    0.30
      Required ratio:    6.00 (Gate area) 
      Cumulative area ratio:    0.53
      Required ratio:    0.00 (Cumulative area) 

    Layer: met2
      Partial area ratio:   11.45
      Required ratio:    0.00 (Gate area) 
      Cumulative area ratio:   19.89
      Required ratio:    0.00 (Cumulative area) 
      Partial area ratio:   56.63
      Required ratio: 3872.32 (Side area) 
      Cumulative area ratio:   97.09
      Required ratio:    0.00 (Cumulative side area) 


  Pin:   _25196_/A1 (sky130_fd_sc_hd__mux2_1)
    Layer: mcon
      Partial area ratio:    0.23
      Required ratio:    3.00 (Gate area) 
      Cumulative area ratio:    0.23
      Required ratio:    0.00 (Cumulative area) 

    Layer: met1
      Partial area ratio:   10.97
      Required ratio:    0.00 (Gate area) 
      Cumulative area ratio:   10.97
      Required ratio:    0.00 (Cumulative area) 
      Partial area ratio:   52.85
      Required ratio:  400.00 (Side area) 
      Cumulative area ratio:   52.85
      Required ratio:    0.00 (Cumulative side area) 

    Layer: via
      Partial area ratio:    0.36
      Required ratio:    6.00 (Gate area) 
      Cumulative area ratio:    0.59
      Required ratio:    0.00 (Cumulative area) 

    Layer: met2
      Partial area ratio:   11.45
      Required ratio:    0.00 (Gate area) 
      Cumulative area ratio:   22.42
      Required ratio:    0.00 (Cumulative area) 
      Partial area ratio:   56.63
      Required ratio: 3872.32 (Side area) 
      Cumulative area ratio:  109.48
      Required ratio:    0.00 (Cumulative side area) 


  Pin:   _25229_/A0 (sky130_fd_sc_hd__mux2_1)
    Layer: mcon
      Partial area ratio:    0.23
      Required ratio:    3.00 (Gate area) 
      Cumulative area ratio:    0.23
      Required ratio:    0.00 (Cumulative area) 

    Layer: met1
      Partial area ratio:   18.27
      Required ratio:    0.00 (Gate area) 
      Cumulative area ratio:   18.27
      Required ratio:    0.00 (Cumulative area) 
      Partial area ratio:   89.92
      Required ratio:  400.00 (Side area) 
      Cumulative area ratio:   89.92
      Required ratio:    0.00 (Cumulative side area) 

    Layer: via
      Partial area ratio:    0.27
      Required ratio:    6.00 (Gate area) 
      Cumulative area ratio:    0.50
      Required ratio:    0.00 (Cumulative area) 

    Layer: met2
      Partial area ratio:   11.45
      Required ratio:    0.00 (Gate area) 
      Cumulative area ratio:   29.72
      Required ratio:    0.00 (Cumulative area) 
      Partial area ratio:   56.63
      Required ratio: 3872.32 (Side area) 
      Cumulative area ratio:  146.55
      Required ratio:    0.00 (Cumulative side area) 


  Pin:   _25262_/A1 (sky130_fd_sc_hd__mux2_1)
    Layer: mcon
      Partial area ratio:    0.23
      Required ratio:    3.00 (Gate area) 
      Cumulative area ratio:    0.23
      Required ratio:    0.00 (Cumulative area) 

    Layer: met1
      Partial area ratio:   41.64
      Required ratio:    0.00 (Gate area) 
      Cumulative area ratio:   41.64
      Required ratio:    0.00 (Cumulative area) 
      Partial area ratio:  205.91
      Required ratio:  400.00 (Side area) 
      Cumulative area ratio:  205.91
      Required ratio:    0.00 (Cumulative side area) 

    Layer: via
      Partial area ratio:    0.42
      Required ratio:    6.00 (Gate area) 
      Cumulative area ratio:    0.65
      Required ratio:    0.00 (Cumulative area) 

    Layer: met2
      Partial area ratio:   11.45
      Required ratio:    0.00 (Gate area) 
      Cumulative area ratio:   53.09
      Required ratio:    0.00 (Cumulative area) 
      Partial area ratio:   56.63
      Required ratio: 3872.32 (Side area) 
      Cumulative area ratio:  262.54
      Required ratio:    0.00 (Cumulative side area) 


  Pin:   _25295_/A1 (sky130_fd_sc_hd__mux2_1)
    Layer: mcon
      Partial area ratio:    0.23
      Required ratio:    3.00 (Gate area) 
      Cumulative area ratio:    0.23
      Required ratio:    0.00 (Cumulative area) 

    Layer: met1
      Partial area ratio:    5.14
      Required ratio:    0.00 (Gate area) 
      Cumulative area ratio:    5.14
      Required ratio:    0.00 (Cumulative area) 
      Partial area ratio:   24.28
      Required ratio:  400.00 (Side area) 
      Cumulative area ratio:   24.28
      Required ratio:    0.00 (Cumulative side area) 

    Layer: via
      Partial area ratio:    0.27
      Required ratio:    6.00 (Gate area) 
      Cumulative area ratio:    0.50
      Required ratio:    0.00 (Cumulative area) 

    Layer: met2
      Partial area ratio:   11.45
      Required ratio:    0.00 (Gate area) 
      Cumulative area ratio:   16.60
      Required ratio:    0.00 (Cumulative area) 
      Partial area ratio:   56.63
      Required ratio: 3872.32 (Side area) 
      Cumulative area ratio:   80.91
      Required ratio:    0.00 (Cumulative side area) 


  Pin:   _25328_/A1 (sky130_fd_sc_hd__mux2_1)
    Layer: mcon
      Partial area ratio:    0.23
      Required ratio:    3.00 (Gate area) 
      Cumulative area ratio:    0.23
      Required ratio:    0.00 (Cumulative area) 

    Layer: met1
      Partial area ratio:    5.14
      Required ratio:    0.00 (Gate area) 
      Cumulative area ratio:    5.14
      Required ratio:    0.00 (Cumulative area) 
      Partial area ratio:   24.28
      Required ratio:  400.00 (Side area) 
      Cumulative area ratio:   24.28
      Required ratio:    0.00 (Cumulative side area) 

    Layer: via
      Partial area ratio:    0.27
      Required ratio:    6.00 (Gate area) 
      Cumulative area ratio:    0.50
      Required ratio:    0.00 (Cumulative area) 

    Layer: met2
      Partial area ratio:   11.45
      Required ratio:    0.00 (Gate area) 
      Cumulative area ratio:   16.60
      Required ratio:    0.00 (Cumulative area) 
      Partial area ratio:   56.63
      Required ratio: 3872.32 (Side area) 
      Cumulative area ratio:   80.91
      Required ratio:    0.00 (Cumulative side area) 


  Pin:   _25361_/A1 (sky130_fd_sc_hd__mux2_1)
    Layer: mcon
      Partial area ratio:    0.23
      Required ratio:    3.00 (Gate area) 
      Cumulative area ratio:    0.23
      Required ratio:    0.00 (Cumulative area) 

    Layer: met1
      Partial area ratio:   10.97
      Required ratio:    0.00 (Gate area) 
      Cumulative area ratio:   10.97
      Required ratio:    0.00 (Cumulative area) 
      Partial area ratio:   52.85
      Required ratio:  400.00 (Side area) 
      Cumulative area ratio:   52.85
      Required ratio:    0.00 (Cumulative side area) 

    Layer: via
      Partial area ratio:    0.36
      Required ratio:    6.00 (Gate area) 
      Cumulative area ratio:    0.59
      Required ratio:    0.00 (Cumulative area) 

    Layer: met2
      Partial area ratio:   11.45
      Required ratio:    0.00 (Gate area) 
      Cumulative area ratio:   22.42
      Required ratio:    0.00 (Cumulative area) 
      Partial area ratio:   56.63
      Required ratio: 3872.32 (Side area) 
      Cumulative area ratio:  109.48
      Required ratio:    0.00 (Cumulative side area) 


  Pin:   _25394_/A0 (sky130_fd_sc_hd__mux2_1)
    Layer: mcon
      Partial area ratio:    0.23
      Required ratio:    3.00 (Gate area) 
      Cumulative area ratio:    0.23
      Required ratio:    0.00 (Cumulative area) 

    Layer: met1
      Partial area ratio:    2.89
      Required ratio:    0.00 (Gate area) 
      Cumulative area ratio:    2.89
      Required ratio:    0.00 (Cumulative area) 
      Partial area ratio:   12.99
      Required ratio:  400.00 (Side area) 
      Cumulative area ratio:   12.99
      Required ratio:    0.00 (Cumulative side area) 

    Layer: via
      Partial area ratio:    0.36
      Required ratio:    6.00 (Gate area) 
      Cumulative area ratio:    0.59
      Required ratio:    0.00 (Cumulative area) 

    Layer: met2
      Partial area ratio:   11.45
      Required ratio:    0.00 (Gate area) 
      Cumulative area ratio:   14.35
      Required ratio:    0.00 (Cumulative area) 
      Partial area ratio:   56.63
      Required ratio: 3872.32 (Side area) 
      Cumulative area ratio:   69.62
      Required ratio:    0.00 (Cumulative side area) 


  Pin:   _25427_/A1 (sky130_fd_sc_hd__mux2_1)
    Layer: mcon
      Partial area ratio:    0.23
      Required ratio:    3.00 (Gate area) 
      Cumulative area ratio:    0.23
      Required ratio:    0.00 (Cumulative area) 

    Layer: met1
      Partial area ratio:    8.73
      Required ratio:    0.00 (Gate area) 
      Cumulative area ratio:    8.73
      Required ratio:    0.00 (Cumulative area) 
      Partial area ratio:   41.53
      Required ratio:  400.00 (Side area) 
      Cumulative area ratio:   41.53
      Required ratio:    0.00 (Cumulative side area) 

    Layer: via
      Partial area ratio:    0.27
      Required ratio:    6.00 (Gate area) 
      Cumulative area ratio:    0.50
      Required ratio:    0.00 (Cumulative area) 

    Layer: met2
      Partial area ratio:   11.45
      Required ratio:    0.00 (Gate area) 
      Cumulative area ratio:   20.19
      Required ratio:    0.00 (Cumulative area) 
      Partial area ratio:   56.63
      Required ratio: 3872.32 (Side area) 
      Cumulative area ratio:   98.16
      Required ratio:    0.00 (Cumulative side area) 


  Pin:   _25460_/A1 (sky130_fd_sc_hd__mux2_1)
    Layer: mcon
      Partial area ratio:    0.23
      Required ratio:    3.00 (Gate area) 
      Cumulative area ratio:    0.23
      Required ratio:    0.00 (Cumulative area) 

    Layer: met1
      Partial area ratio:    8.73
      Required ratio:    0.00 (Gate area) 
      Cumulative area ratio:    8.73
      Required ratio:    0.00 (Cumulative area) 
      Partial area ratio:   41.53
      Required ratio:  400.00 (Side area) 
      Cumulative area ratio:   41.53
      Required ratio:    0.00 (Cumulative side area) 

    Layer: via
      Partial area ratio:    0.27
      Required ratio:    6.00 (Gate area) 
      Cumulative area ratio:    0.50
      Required ratio:    0.00 (Cumulative area) 

    Layer: met2
      Partial area ratio:   11.45
      Required ratio:    0.00 (Gate area) 
      Cumulative area ratio:   20.19
      Required ratio:    0.00 (Cumulative area) 
      Partial area ratio:   56.63
      Required ratio: 3872.32 (Side area) 
      Cumulative area ratio:   98.16
      Required ratio:    0.00 (Cumulative side area) 


  Pin:   _25493_/A0 (sky130_fd_sc_hd__mux2_1)
    Layer: mcon
      Partial area ratio:    0.23
      Required ratio:    3.00 (Gate area) 
      Cumulative area ratio:    0.23
      Required ratio:    0.00 (Cumulative area) 

    Layer: met1
      Partial area ratio:    9.92
      Required ratio:    0.00 (Gate area) 
      Cumulative area ratio:    9.92
      Required ratio:    0.00 (Cumulative area) 
      Partial area ratio:   47.78
      Required ratio:  400.00 (Side area) 
      Cumulative area ratio:   47.78
      Required ratio:    0.00 (Cumulative side area) 

    Layer: via
      Partial area ratio:    0.31
      Required ratio:    6.00 (Gate area) 
      Cumulative area ratio:    0.54
      Required ratio:    0.00 (Cumulative area) 

    Layer: met2
      Partial area ratio:   11.45
      Required ratio:    0.00 (Gate area) 
      Cumulative area ratio:   21.38
      Required ratio:    0.00 (Cumulative area) 
      Partial area ratio:   56.63
      Required ratio: 3872.32 (Side area) 
      Cumulative area ratio:  104.41
      Required ratio:    0.00 (Cumulative side area) 


  Pin:   _25526_/A0 (sky130_fd_sc_hd__mux2_1)
    Layer: mcon
      Partial area ratio:    0.23
      Required ratio:    3.00 (Gate area) 
      Cumulative area ratio:    0.23
      Required ratio:    0.00 (Cumulative area) 

    Layer: met1
      Partial area ratio:    6.19
      Required ratio:    0.00 (Gate area) 
      Cumulative area ratio:    6.19
      Required ratio:    0.00 (Cumulative area) 
      Partial area ratio:   29.46
      Required ratio:  400.00 (Side area) 
      Cumulative area ratio:   29.46
      Required ratio:    0.00 (Cumulative side area) 

    Layer: via
      Partial area ratio:    0.36
      Required ratio:    6.00 (Gate area) 
      Cumulative area ratio:    0.59
      Required ratio:    0.00 (Cumulative area) 

    Layer: met2
      Partial area ratio:   11.45
      Required ratio:    0.00 (Gate area) 
      Cumulative area ratio:   17.64
      Required ratio:    0.00 (Cumulative area) 
      Partial area ratio:   56.63
      Required ratio: 3872.32 (Side area) 
      Cumulative area ratio:   86.09
      Required ratio:    0.00 (Cumulative side area) 


  Pin:   _25559_/A0 (sky130_fd_sc_hd__mux2_1)
    Layer: mcon
      Partial area ratio:    0.23
      Required ratio:    3.00 (Gate area) 
      Cumulative area ratio:    0.23
      Required ratio:    0.00 (Cumulative area) 

    Layer: met1
      Partial area ratio:    9.92
      Required ratio:    0.00 (Gate area) 
      Cumulative area ratio:    9.92
      Required ratio:    0.00 (Cumulative area) 
      Partial area ratio:   47.78
      Required ratio:  400.00 (Side area) 
      Cumulative area ratio:   47.78
      Required ratio:    0.00 (Cumulative side area) 

    Layer: via
      Partial area ratio:    0.31
      Required ratio:    6.00 (Gate area) 
      Cumulative area ratio:    0.54
      Required ratio:    0.00 (Cumulative area) 

    Layer: met2
      Partial area ratio:   11.45
      Required ratio:    0.00 (Gate area) 
      Cumulative area ratio:   21.38
      Required ratio:    0.00 (Cumulative area) 
      Partial area ratio:   56.63
      Required ratio: 3872.32 (Side area) 
      Cumulative area ratio:  104.41
      Required ratio:    0.00 (Cumulative side area) 


  Pin:   _25592_/A1 (sky130_fd_sc_hd__mux2_1)
    Layer: mcon
      Partial area ratio:    0.23
      Required ratio:    3.00 (Gate area) 
      Cumulative area ratio:    0.23
      Required ratio:    0.00 (Cumulative area) 

    Layer: met1
      Partial area ratio:    9.92
      Required ratio:    0.00 (Gate area) 
      Cumulative area ratio:    9.92
      Required ratio:    0.00 (Cumulative area) 
      Partial area ratio:   47.78
      Required ratio:  400.00 (Side area) 
      Cumulative area ratio:   47.78
      Required ratio:    0.00 (Cumulative side area) 

    Layer: via
      Partial area ratio:    0.31
      Required ratio:    6.00 (Gate area) 
      Cumulative area ratio:    0.54
      Required ratio:    0.00 (Cumulative area) 

    Layer: met2
      Partial area ratio:   11.45
      Required ratio:    0.00 (Gate area) 
      Cumulative area ratio:   21.38
      Required ratio:    0.00 (Cumulative area) 
      Partial area ratio:   56.63
      Required ratio: 3872.32 (Side area) 
      Cumulative area ratio:  104.41
      Required ratio:    0.00 (Cumulative side area) 


  Pin:   _25625_/A0 (sky130_fd_sc_hd__mux2_1)
    Layer: mcon
      Partial area ratio:    0.23
      Required ratio:    3.00 (Gate area) 
      Cumulative area ratio:    0.23
      Required ratio:    0.00 (Cumulative area) 

    Layer: met1
      Partial area ratio:    3.98
      Required ratio:    0.00 (Gate area) 
      Cumulative area ratio:    3.98
      Required ratio:    0.00 (Cumulative area) 
      Partial area ratio:   18.41
      Required ratio:  400.00 (Side area) 
      Cumulative area ratio:   18.41
      Required ratio:    0.00 (Cumulative side area) 

    Layer: via
      Partial area ratio:    0.36
      Required ratio:    6.00 (Gate area) 
      Cumulative area ratio:    0.59
      Required ratio:    0.00 (Cumulative area) 

    Layer: met2
      Partial area ratio:   11.45
      Required ratio:    0.00 (Gate area) 
      Cumulative area ratio:   15.43
      Required ratio:    0.00 (Cumulative area) 
      Partial area ratio:   56.63
      Required ratio: 3872.32 (Side area) 
      Cumulative area ratio:   75.04
      Required ratio:    0.00 (Cumulative side area) 


  Pin:   _25658_/A1 (sky130_fd_sc_hd__mux2_1)
    Layer: mcon
      Partial area ratio:    0.23
      Required ratio:    3.00 (Gate area) 
      Cumulative area ratio:    0.23
      Required ratio:    0.00 (Cumulative area) 

    Layer: met1
      Partial area ratio:   64.20
      Required ratio:    0.00 (Gate area) 
      Cumulative area ratio:   64.20
      Required ratio:    0.00 (Cumulative area) 
      Partial area ratio:  318.72
      Required ratio:  400.00 (Side area) 
      Cumulative area ratio:  318.72
      Required ratio:    0.00 (Cumulative side area) 

    Layer: via
      Partial area ratio:    0.45
      Required ratio:    6.00 (Gate area) 
      Cumulative area ratio:    0.68
      Required ratio:    0.00 (Cumulative area) 

    Layer: met2
      Partial area ratio:   11.45
      Required ratio:    0.00 (Gate area) 
      Cumulative area ratio:   75.66
      Required ratio:    0.00 (Cumulative area) 
      Partial area ratio:   56.63
      Required ratio: 3872.32 (Side area) 
      Cumulative area ratio:  375.35
      Required ratio:    0.00 (Cumulative side area) 


  Pin:   _25691_/A1 (sky130_fd_sc_hd__mux2_1)
    Layer: mcon
      Partial area ratio:    0.23
      Required ratio:    3.00 (Gate area) 
      Cumulative area ratio:    0.23
      Required ratio:    0.00 (Cumulative area) 

    Layer: met1
      Partial area ratio:    6.77
      Required ratio:    0.00 (Gate area) 
      Cumulative area ratio:    6.77
      Required ratio:    0.00 (Cumulative area) 
      Partial area ratio:   32.39
      Required ratio:  400.00 (Side area) 
      Cumulative area ratio:   32.39
      Required ratio:    0.00 (Cumulative side area) 

    Layer: via
      Partial area ratio:    0.36
      Required ratio:    6.00 (Gate area) 
      Cumulative area ratio:    0.59
      Required ratio:    0.00 (Cumulative area) 

    Layer: met2
      Partial area ratio:   11.45
      Required ratio:    0.00 (Gate area) 
      Cumulative area ratio:   18.23
      Required ratio:    0.00 (Cumulative area) 
      Partial area ratio:   56.63
      Required ratio: 3872.32 (Side area) 
      Cumulative area ratio:   89.02
      Required ratio:    0.00 (Cumulative side area) 


  Pin:   _25724_/A1 (sky130_fd_sc_hd__mux2_1)
    Layer: mcon
      Partial area ratio:    0.23
      Required ratio:    3.00 (Gate area) 
      Cumulative area ratio:    0.23
      Required ratio:    0.00 (Cumulative area) 

    Layer: met1
      Partial area ratio:   11.34
      Required ratio:    0.00 (Gate area) 
      Cumulative area ratio:   11.34
      Required ratio:    0.00 (Cumulative area) 
      Partial area ratio:   55.28
      Required ratio:  400.00 (Side area) 
      Cumulative area ratio:   55.28
      Required ratio:    0.00 (Cumulative side area) 

    Layer: via
      Partial area ratio:    0.24
      Required ratio:    6.00 (Gate area) 
      Cumulative area ratio:    0.47
      Required ratio:    0.00 (Cumulative area) 

    Layer: met2
      Partial area ratio:   11.45
      Required ratio:    0.00 (Gate area) 
      Cumulative area ratio:   22.79
      Required ratio:    0.00 (Cumulative area) 
      Partial area ratio:   56.63
      Required ratio: 3872.32 (Side area) 
      Cumulative area ratio:  111.91
      Required ratio:    0.00 (Cumulative side area) 


  Pin:   _25757_/A0 (sky130_fd_sc_hd__mux2_1)
    Layer: mcon
      Partial area ratio:    0.23
      Required ratio:    3.00 (Gate area) 
      Cumulative area ratio:    0.23
      Required ratio:    0.00 (Cumulative area) 

    Layer: met1
      Partial area ratio:    4.19
      Required ratio:    0.00 (Gate area) 
      Cumulative area ratio:    4.19
      Required ratio:    0.00 (Cumulative area) 
      Partial area ratio:   19.48
      Required ratio:  400.00 (Side area) 
      Cumulative area ratio:   19.48
      Required ratio:    0.00 (Cumulative side area) 

    Layer: via
      Partial area ratio:    0.36
      Required ratio:    6.00 (Gate area) 
      Cumulative area ratio:    0.59
      Required ratio:    0.00 (Cumulative area) 

    Layer: met2
      Partial area ratio:   11.45
      Required ratio:    0.00 (Gate area) 
      Cumulative area ratio:   15.65
      Required ratio:    0.00 (Cumulative area) 
      Partial area ratio:   56.63
      Required ratio: 3872.32 (Side area) 
      Cumulative area ratio:   76.11
      Required ratio:    0.00 (Cumulative side area) 


  Pin:   _25790_/A1 (sky130_fd_sc_hd__mux2_1)
    Layer: mcon
      Partial area ratio:    0.23
      Required ratio:    3.00 (Gate area) 
      Cumulative area ratio:    0.23
      Required ratio:    0.00 (Cumulative area) 

    Layer: met1
      Partial area ratio:    8.26
      Required ratio:    0.00 (Gate area) 
      Cumulative area ratio:    8.26
      Required ratio:    0.00 (Cumulative area) 
      Partial area ratio:   39.08
      Required ratio:  400.00 (Side area) 
      Cumulative area ratio:   39.08
      Required ratio:    0.00 (Cumulative side area) 

    Layer: via
      Partial area ratio:    0.36
      Required ratio:    6.00 (Gate area) 
      Cumulative area ratio:    0.59
      Required ratio:    0.00 (Cumulative area) 

    Layer: met2
      Partial area ratio:   11.45
      Required ratio:    0.00 (Gate area) 
      Cumulative area ratio:   19.71
      Required ratio:    0.00 (Cumulative area) 
      Partial area ratio:   56.63
      Required ratio: 3872.32 (Side area) 
      Cumulative area ratio:   95.71
      Required ratio:    0.00 (Cumulative side area) 


  Pin:   _25823_/A1 (sky130_fd_sc_hd__mux2_1)
    Layer: mcon
      Partial area ratio:    0.23
      Required ratio:    3.00 (Gate area) 
      Cumulative area ratio:    0.23
      Required ratio:    0.00 (Cumulative area) 

    Layer: met1
      Partial area ratio:   64.20
      Required ratio:    0.00 (Gate area) 
      Cumulative area ratio:   64.20
      Required ratio:    0.00 (Cumulative area) 
      Partial area ratio:  318.72
      Required ratio:  400.00 (Side area) 
      Cumulative area ratio:  318.72
      Required ratio:    0.00 (Cumulative side area) 

    Layer: via
      Partial area ratio:    0.45
      Required ratio:    6.00 (Gate area) 
      Cumulative area ratio:    0.68
      Required ratio:    0.00 (Cumulative area) 

    Layer: met2
      Partial area ratio:   11.45
      Required ratio:    0.00 (Gate area) 
      Cumulative area ratio:   75.66
      Required ratio:    0.00 (Cumulative area) 
      Partial area ratio:   56.63
      Required ratio: 3872.32 (Side area) 
      Cumulative area ratio:  375.35
      Required ratio:    0.00 (Cumulative side area) 


  Pin:   _25856_/A1 (sky130_fd_sc_hd__mux2_1)
    Layer: mcon
      Partial area ratio:    0.23
      Required ratio:    3.00 (Gate area) 
      Cumulative area ratio:    0.23
      Required ratio:    0.00 (Cumulative area) 

    Layer: met1
      Partial area ratio:    8.26
      Required ratio:    0.00 (Gate area) 
      Cumulative area ratio:    8.26
      Required ratio:    0.00 (Cumulative area) 
      Partial area ratio:   39.08
      Required ratio:  400.00 (Side area) 
      Cumulative area ratio:   39.08
      Required ratio:    0.00 (Cumulative side area) 

    Layer: via
      Partial area ratio:    0.36
      Required ratio:    6.00 (Gate area) 
      Cumulative area ratio:    0.59
      Required ratio:    0.00 (Cumulative area) 

    Layer: met2
      Partial area ratio:   11.45
      Required ratio:    0.00 (Gate area) 
      Cumulative area ratio:   19.71
      Required ratio:    0.00 (Cumulative area) 
      Partial area ratio:   56.63
      Required ratio: 3872.32 (Side area) 
      Cumulative area ratio:   95.71
      Required ratio:    0.00 (Cumulative side area) 


  Pin:   _25889_/A1 (sky130_fd_sc_hd__mux2_1)
    Layer: mcon
      Partial area ratio:    0.23
      Required ratio:    3.00 (Gate area) 
      Cumulative area ratio:    0.23
      Required ratio:    0.00 (Cumulative area) 

    Layer: met1
      Partial area ratio:   41.64
      Required ratio:    0.00 (Gate area) 
      Cumulative area ratio:   41.64
      Required ratio:    0.00 (Cumulative area) 
      Partial area ratio:  205.91
      Required ratio:  400.00 (Side area) 
      Cumulative area ratio:  205.91
      Required ratio:    0.00 (Cumulative side area) 

    Layer: via
      Partial area ratio:    0.42
      Required ratio:    6.00 (Gate area) 
      Cumulative area ratio:    0.65
      Required ratio:    0.00 (Cumulative area) 

    Layer: met2
      Partial area ratio:   11.45
      Required ratio:    0.00 (Gate area) 
      Cumulative area ratio:   53.09
      Required ratio:    0.00 (Cumulative area) 
      Partial area ratio:   56.63
      Required ratio: 3872.32 (Side area) 
      Cumulative area ratio:  262.54
      Required ratio:    0.00 (Cumulative side area) 


  Pin:   _25922_/A1 (sky130_fd_sc_hd__mux2_1)
    Layer: mcon
      Partial area ratio:    0.23
      Required ratio:    3.00 (Gate area) 
      Cumulative area ratio:    0.23
      Required ratio:    0.00 (Cumulative area) 

    Layer: met1
      Partial area ratio:    7.32
      Required ratio:    0.00 (Gate area) 
      Cumulative area ratio:    7.32
      Required ratio:    0.00 (Cumulative area) 
      Partial area ratio:   35.17
      Required ratio:  400.00 (Side area) 
      Cumulative area ratio:   35.17
      Required ratio:    0.00 (Cumulative side area) 

    Layer: via
      Partial area ratio:    0.27
      Required ratio:    6.00 (Gate area) 
      Cumulative area ratio:    0.50
      Required ratio:    0.00 (Cumulative area) 

    Layer: met2
      Partial area ratio:   11.45
      Required ratio:    0.00 (Gate area) 
      Cumulative area ratio:   18.77
      Required ratio:    0.00 (Cumulative area) 
      Partial area ratio:   56.63
      Required ratio: 3872.32 (Side area) 
      Cumulative area ratio:   91.80
      Required ratio:    0.00 (Cumulative side area) 


  Pin:   _25955_/A1 (sky130_fd_sc_hd__mux2_1)
    Layer: mcon
      Partial area ratio:    0.23
      Required ratio:    3.00 (Gate area) 
      Cumulative area ratio:    0.23
      Required ratio:    0.00 (Cumulative area) 

    Layer: met1
      Partial area ratio:   41.64
      Required ratio:    0.00 (Gate area) 
      Cumulative area ratio:   41.64
      Required ratio:    0.00 (Cumulative area) 
      Partial area ratio:  205.91
      Required ratio:  400.00 (Side area) 
      Cumulative area ratio:  205.91
      Required ratio:    0.00 (Cumulative side area) 

    Layer: via
      Partial area ratio:    0.42
      Required ratio:    6.00 (Gate area) 
      Cumulative area ratio:    0.65
      Required ratio:    0.00 (Cumulative area) 

    Layer: met2
      Partial area ratio:   11.45
      Required ratio:    0.00 (Gate area) 
      Cumulative area ratio:   53.09
      Required ratio:    0.00 (Cumulative area) 
      Partial area ratio:   56.63
      Required ratio: 3872.32 (Side area) 
      Cumulative area ratio:  262.54
      Required ratio:    0.00 (Cumulative side area) 


  Pin:   _25987_/A1 (sky130_fd_sc_hd__mux2_1)
    Layer: mcon
      Partial area ratio:    0.23
      Required ratio:    3.00 (Gate area) 
      Cumulative area ratio:    0.23
      Required ratio:    0.00 (Cumulative area) 

    Layer: met1
      Partial area ratio:    7.32
      Required ratio:    0.00 (Gate area) 
      Cumulative area ratio:    7.32
      Required ratio:    0.00 (Cumulative area) 
      Partial area ratio:   35.17
      Required ratio:  400.00 (Side area) 
      Cumulative area ratio:   35.17
      Required ratio:    0.00 (Cumulative side area) 

    Layer: via
      Partial area ratio:    0.27
      Required ratio:    6.00 (Gate area) 
      Cumulative area ratio:    0.50
      Required ratio:    0.00 (Cumulative area) 

    Layer: met2
      Partial area ratio:   11.45
      Required ratio:    0.00 (Gate area) 
      Cumulative area ratio:   18.77
      Required ratio:    0.00 (Cumulative area) 
      Partial area ratio:   56.63
      Required ratio: 3872.32 (Side area) 
      Cumulative area ratio:   91.80
      Required ratio:    0.00 (Cumulative side area) 


  Pin:   _26053_/A0 (sky130_fd_sc_hd__mux2_1)
    Layer: mcon
      Partial area ratio:    0.23
      Required ratio:    3.00 (Gate area) 
      Cumulative area ratio:    0.23
      Required ratio:    0.00 (Cumulative area) 

    Layer: met1
      Partial area ratio:   10.91
      Required ratio:    0.00 (Gate area) 
      Cumulative area ratio:   10.91
      Required ratio:    0.00 (Cumulative area) 
      Partial area ratio:   52.27
      Required ratio:  400.00 (Side area) 
      Cumulative area ratio:   52.27
      Required ratio:    0.00 (Cumulative side area) 

    Layer: via
      Partial area ratio:    0.45
      Required ratio:    6.00 (Gate area) 
      Cumulative area ratio:    0.68
      Required ratio:    0.00 (Cumulative area) 

    Layer: met2
      Partial area ratio:   11.45
      Required ratio:    0.00 (Gate area) 
      Cumulative area ratio:   22.37
      Required ratio:    0.00 (Cumulative area) 
      Partial area ratio:   56.63
      Required ratio: 3872.32 (Side area) 
      Cumulative area ratio:  108.90
      Required ratio:    0.00 (Cumulative side area) 


  Pin:   _26383_/A1 (sky130_fd_sc_hd__mux2_1)
    Layer: mcon
      Partial area ratio:    0.23
      Required ratio:    3.00 (Gate area) 
      Cumulative area ratio:    0.23
      Required ratio:    0.00 (Cumulative area) 

    Layer: met1
      Partial area ratio:   12.21
      Required ratio:    0.00 (Gate area) 
      Cumulative area ratio:   12.21
      Required ratio:    0.00 (Cumulative area) 
      Partial area ratio:   59.56
      Required ratio:  400.00 (Side area) 
      Cumulative area ratio:   59.56
      Required ratio:    0.00 (Cumulative side area) 

    Layer: via
      Partial area ratio:    0.36
      Required ratio:    6.00 (Gate area) 
      Cumulative area ratio:    0.59
      Required ratio:    0.00 (Cumulative area) 

    Layer: met2
      Partial area ratio:   11.45
      Required ratio:    0.00 (Gate area) 
      Cumulative area ratio:   23.66
      Required ratio:    0.00 (Cumulative area) 
      Partial area ratio:   56.63
      Required ratio: 3872.32 (Side area) 
      Cumulative area ratio:  116.19
      Required ratio:    0.00 (Cumulative side area) 


  Pin:   _26713_/A1 (sky130_fd_sc_hd__mux2_1)
    Layer: mcon
      Partial area ratio:    0.23
      Required ratio:    3.00 (Gate area) 
      Cumulative area ratio:    0.23
      Required ratio:    0.00 (Cumulative area) 

    Layer: met1
      Partial area ratio:   10.91
      Required ratio:    0.00 (Gate area) 
      Cumulative area ratio:   10.91
      Required ratio:    0.00 (Cumulative area) 
      Partial area ratio:   52.27
      Required ratio:  400.00 (Side area) 
      Cumulative area ratio:   52.27
      Required ratio:    0.00 (Cumulative side area) 

    Layer: via
      Partial area ratio:    0.45
      Required ratio:    6.00 (Gate area) 
      Cumulative area ratio:    0.68
      Required ratio:    0.00 (Cumulative area) 

    Layer: met2
      Partial area ratio:   11.45
      Required ratio:    0.00 (Gate area) 
      Cumulative area ratio:   22.37
      Required ratio:    0.00 (Cumulative area) 
      Partial area ratio:   56.63
      Required ratio: 3872.32 (Side area) 
      Cumulative area ratio:  108.90
      Required ratio:    0.00 (Cumulative side area) 


  Pin:   _27043_/A1 (sky130_fd_sc_hd__mux2_1)
    Layer: mcon
      Partial area ratio:    0.23
      Required ratio:    3.00 (Gate area) 
      Cumulative area ratio:    0.23
      Required ratio:    0.00 (Cumulative area) 

    Layer: met1
      Partial area ratio:    2.51
      Required ratio:    0.00 (Gate area) 
      Cumulative area ratio:    2.51
      Required ratio:    0.00 (Cumulative area) 
      Partial area ratio:   11.33
      Required ratio:  400.00 (Side area) 
      Cumulative area ratio:   11.33
      Required ratio:    0.00 (Cumulative side area) 

    Layer: via
      Partial area ratio:    0.36
      Required ratio:    6.00 (Gate area) 
      Cumulative area ratio:    0.59
      Required ratio:    0.00 (Cumulative area) 

    Layer: met2
      Partial area ratio:   11.45
      Required ratio:    0.00 (Gate area) 
      Cumulative area ratio:   13.97
      Required ratio:    0.00 (Cumulative area) 
      Partial area ratio:   56.63
      Required ratio: 3872.32 (Side area) 
      Cumulative area ratio:   67.96
      Required ratio:    0.00 (Cumulative side area) 


  Pin:   _27373_/A0 (sky130_fd_sc_hd__mux2_1)
    Layer: mcon
      Partial area ratio:    0.23
      Required ratio:    3.00 (Gate area) 
      Cumulative area ratio:    0.23
      Required ratio:    0.00 (Cumulative area) 

    Layer: met1
      Partial area ratio:   11.63
      Required ratio:    0.00 (Gate area) 
      Cumulative area ratio:   11.63
      Required ratio:    0.00 (Cumulative area) 
      Partial area ratio:   56.43
      Required ratio:  400.00 (Side area) 
      Cumulative area ratio:   56.43
      Required ratio:    0.00 (Cumulative side area) 

    Layer: via
      Partial area ratio:    0.30
      Required ratio:    6.00 (Gate area) 
      Cumulative area ratio:    0.53
      Required ratio:    0.00 (Cumulative area) 

    Layer: met2
      Partial area ratio:   11.45
      Required ratio:    0.00 (Gate area) 
      Cumulative area ratio:   23.08
      Required ratio:    0.00 (Cumulative area) 
      Partial area ratio:   56.63
      Required ratio: 3872.32 (Side area) 
      Cumulative area ratio:  113.06
      Required ratio:    0.00 (Cumulative side area) 


  Pin:   _27703_/A0 (sky130_fd_sc_hd__mux2_1)
    Layer: mcon
      Partial area ratio:    0.23
      Required ratio:    3.00 (Gate area) 
      Cumulative area ratio:    0.23
      Required ratio:    0.00 (Cumulative area) 

    Layer: met1
      Partial area ratio:    7.02
      Required ratio:    0.00 (Gate area) 
      Cumulative area ratio:    7.02
      Required ratio:    0.00 (Cumulative area) 
      Partial area ratio:   33.63
      Required ratio:  400.00 (Side area) 
      Cumulative area ratio:   33.63
      Required ratio:    0.00 (Cumulative side area) 

    Layer: via
      Partial area ratio:    0.36
      Required ratio:    6.00 (Gate area) 
      Cumulative area ratio:    0.59
      Required ratio:    0.00 (Cumulative area) 

    Layer: met2
      Partial area ratio:   11.45
      Required ratio:    0.00 (Gate area) 
      Cumulative area ratio:   18.47
      Required ratio:    0.00 (Cumulative area) 
      Partial area ratio:   56.63
      Required ratio: 3872.32 (Side area) 
      Cumulative area ratio:   90.26
      Required ratio:    0.00 (Cumulative side area) 


  Pin:   _28033_/A0 (sky130_fd_sc_hd__mux2_1)
    Layer: mcon
      Partial area ratio:    0.23
      Required ratio:    3.00 (Gate area) 
      Cumulative area ratio:    0.23
      Required ratio:    0.00 (Cumulative area) 

    Layer: met1
      Partial area ratio:   11.63
      Required ratio:    0.00 (Gate area) 
      Cumulative area ratio:   11.63
      Required ratio:    0.00 (Cumulative area) 
      Partial area ratio:   56.43
      Required ratio:  400.00 (Side area) 
      Cumulative area ratio:   56.43
      Required ratio:    0.00 (Cumulative side area) 

    Layer: via
      Partial area ratio:    0.30
      Required ratio:    6.00 (Gate area) 
      Cumulative area ratio:    0.53
      Required ratio:    0.00 (Cumulative area) 

    Layer: met2
      Partial area ratio:   11.45
      Required ratio:    0.00 (Gate area) 
      Cumulative area ratio:   23.08
      Required ratio:    0.00 (Cumulative area) 
      Partial area ratio:   56.63
      Required ratio: 3872.32 (Side area) 
      Cumulative area ratio:  113.06
      Required ratio:    0.00 (Cumulative side area) 


  Pin:   _28132_/A1 (sky130_fd_sc_hd__mux2_1)
    Layer: mcon
      Partial area ratio:    0.23
      Required ratio:    3.00 (Gate area) 
      Cumulative area ratio:    0.23
      Required ratio:    0.00 (Cumulative area) 

    Layer: met1
      Partial area ratio:    5.93
      Required ratio:    0.00 (Gate area) 
      Cumulative area ratio:    5.93
      Required ratio:    0.00 (Cumulative area) 
      Partial area ratio:   28.17
      Required ratio:  400.00 (Side area) 
      Cumulative area ratio:   28.17
      Required ratio:    0.00 (Cumulative side area) 

    Layer: via
      Partial area ratio:    0.36
      Required ratio:    6.00 (Gate area) 
      Cumulative area ratio:    0.59
      Required ratio:    0.00 (Cumulative area) 

    Layer: met2
      Partial area ratio:   11.45
      Required ratio:    0.00 (Gate area) 
      Cumulative area ratio:   17.38
      Required ratio:    0.00 (Cumulative area) 
      Partial area ratio:   56.63
      Required ratio: 3872.32 (Side area) 
      Cumulative area ratio:   84.80
      Required ratio:    0.00 (Cumulative side area) 


  Pin:   _28165_/A1 (sky130_fd_sc_hd__mux2_1)
    Layer: mcon
      Partial area ratio:    0.23
      Required ratio:    3.00 (Gate area) 
      Cumulative area ratio:    0.23
      Required ratio:    0.00 (Cumulative area) 

    Layer: met1
      Partial area ratio:    9.96
      Required ratio:    0.00 (Gate area) 
      Cumulative area ratio:    9.96
      Required ratio:    0.00 (Cumulative area) 
      Partial area ratio:   48.33
      Required ratio:  400.00 (Side area) 
      Cumulative area ratio:   48.33
      Required ratio:    0.00 (Cumulative side area) 

    Layer: via
      Partial area ratio:    0.36
      Required ratio:    6.00 (Gate area) 
      Cumulative area ratio:    0.59
      Required ratio:    0.00 (Cumulative area) 

    Layer: met2
      Partial area ratio:   11.45
      Required ratio:    0.00 (Gate area) 
      Cumulative area ratio:   21.42
      Required ratio:    0.00 (Cumulative area) 
      Partial area ratio:   56.63
      Required ratio: 3872.32 (Side area) 
      Cumulative area ratio:  104.96
      Required ratio:    0.00 (Cumulative side area) 


  Pin:   _28198_/A1 (sky130_fd_sc_hd__mux2_1)
    Layer: mcon
      Partial area ratio:    0.23
      Required ratio:    3.00 (Gate area) 
      Cumulative area ratio:    0.23
      Required ratio:    0.00 (Cumulative area) 

    Layer: met1
      Partial area ratio:    3.97
      Required ratio:    0.00 (Gate area) 
      Cumulative area ratio:    3.97
      Required ratio:    0.00 (Cumulative area) 
      Partial area ratio:   18.83
      Required ratio:  400.00 (Side area) 
      Cumulative area ratio:   18.83
      Required ratio:    0.00 (Cumulative side area) 

    Layer: via
      Partial area ratio:    0.18
      Required ratio:    6.00 (Gate area) 
      Cumulative area ratio:    0.41
      Required ratio:    0.00 (Cumulative area) 

    Layer: met2
      Partial area ratio:   11.45
      Required ratio:    0.00 (Gate area) 
      Cumulative area ratio:   15.42
      Required ratio:    0.00 (Cumulative area) 
      Partial area ratio:   56.63
      Required ratio: 3872.32 (Side area) 
      Cumulative area ratio:   75.46
      Required ratio:    0.00 (Cumulative side area) 


  Pin:   _28231_/A1 (sky130_fd_sc_hd__mux2_1)
    Layer: mcon
      Partial area ratio:    0.23
      Required ratio:    3.00 (Gate area) 
      Cumulative area ratio:    0.23
      Required ratio:    0.00 (Cumulative area) 

    Layer: met1
      Partial area ratio:    3.97
      Required ratio:    0.00 (Gate area) 
      Cumulative area ratio:    3.97
      Required ratio:    0.00 (Cumulative area) 
      Partial area ratio:   18.83
      Required ratio:  400.00 (Side area) 
      Cumulative area ratio:   18.83
      Required ratio:    0.00 (Cumulative side area) 

    Layer: via
      Partial area ratio:    0.18
      Required ratio:    6.00 (Gate area) 
      Cumulative area ratio:    0.41
      Required ratio:    0.00 (Cumulative area) 

    Layer: met2
      Partial area ratio:   11.45
      Required ratio:    0.00 (Gate area) 
      Cumulative area ratio:   15.42
      Required ratio:    0.00 (Cumulative area) 
      Partial area ratio:   56.63
      Required ratio: 3872.32 (Side area) 
      Cumulative area ratio:   75.46
      Required ratio:    0.00 (Cumulative side area) 


  Pin:   _28264_/A1 (sky130_fd_sc_hd__mux2_1)
    Layer: mcon
      Partial area ratio:    0.23
      Required ratio:    3.00 (Gate area) 
      Cumulative area ratio:    0.23
      Required ratio:    0.00 (Cumulative area) 

    Layer: met1
      Partial area ratio:   12.48
      Required ratio:    0.00 (Gate area) 
      Cumulative area ratio:   12.48
      Required ratio:    0.00 (Cumulative area) 
      Partial area ratio:   60.94
      Required ratio:  400.00 (Side area) 
      Cumulative area ratio:   60.94
      Required ratio:    0.00 (Cumulative side area) 

    Layer: via
      Partial area ratio:    0.36
      Required ratio:    6.00 (Gate area) 
      Cumulative area ratio:    0.59
      Required ratio:    0.00 (Cumulative area) 

    Layer: met2
      Partial area ratio:   11.45
      Required ratio:    0.00 (Gate area) 
      Cumulative area ratio:   23.94
      Required ratio:    0.00 (Cumulative area) 
      Partial area ratio:   56.63
      Required ratio: 3872.32 (Side area) 
      Cumulative area ratio:  117.57
      Required ratio:    0.00 (Cumulative side area) 


  Pin:   _28297_/A1 (sky130_fd_sc_hd__mux2_1)
    Layer: mcon
      Partial area ratio:    0.23
      Required ratio:    3.00 (Gate area) 
      Cumulative area ratio:    0.23
      Required ratio:    0.00 (Cumulative area) 

    Layer: met1
      Partial area ratio:    5.84
      Required ratio:    0.00 (Gate area) 
      Cumulative area ratio:    5.84
      Required ratio:    0.00 (Cumulative area) 
      Partial area ratio:   27.72
      Required ratio:  400.00 (Side area) 
      Cumulative area ratio:   27.72
      Required ratio:    0.00 (Cumulative side area) 

    Layer: via
      Partial area ratio:    0.36
      Required ratio:    6.00 (Gate area) 
      Cumulative area ratio:    0.59
      Required ratio:    0.00 (Cumulative area) 

    Layer: met2
      Partial area ratio:   11.45
      Required ratio:    0.00 (Gate area) 
      Cumulative area ratio:   17.29
      Required ratio:    0.00 (Cumulative area) 
      Partial area ratio:   56.63
      Required ratio: 3872.32 (Side area) 
      Cumulative area ratio:   84.35
      Required ratio:    0.00 (Cumulative side area) 


  Pin:   _28329_/A1 (sky130_fd_sc_hd__mux2_1)
    Layer: mcon
      Partial area ratio:    0.23
      Required ratio:    3.00 (Gate area) 
      Cumulative area ratio:    0.23
      Required ratio:    0.00 (Cumulative area) 

    Layer: met1
      Partial area ratio:    7.90
      Required ratio:    0.00 (Gate area) 
      Cumulative area ratio:    7.90
      Required ratio:    0.00 (Cumulative area) 
      Partial area ratio:   37.64
      Required ratio:  400.00 (Side area) 
      Cumulative area ratio:   37.64
      Required ratio:    0.00 (Cumulative side area) 

    Layer: via
      Partial area ratio:    0.36
      Required ratio:    6.00 (Gate area) 
      Cumulative area ratio:    0.59
      Required ratio:    0.00 (Cumulative area) 

    Layer: met2
      Partial area ratio:   11.45
      Required ratio:    0.00 (Gate area) 
      Cumulative area ratio:   19.35
      Required ratio:    0.00 (Cumulative area) 
      Partial area ratio:   56.63
      Required ratio: 3872.32 (Side area) 
      Cumulative area ratio:   94.27
      Required ratio:    0.00 (Cumulative side area) 



[INFO ANT-0002] Found 14 net violations.
[INFO ANT-0001] Found 16 pin violations.
