net,length_um
net29,4.398175mm
net86,3.23151mm
net89,3.14607mm
net85,3.13098mm
net96,3.04788mm
net87,3.044975mm
net5,3.016555mm
net84,3.005115mm
net244,2.92671mm
net240,2.870245mm
net260,2.8639mm
net19,2.82419mm
net235,2.8005mm
net88,2.79484mm
net237,2.749335mm
net254,2.74267mm
net93,2.71916mm
net272,2.70813mm
net23,2.70463mm
net263,2.679245mm
net233,2.67848mm
net7,2.652345mm
net277,2.635035mm
net90,2.589315mm
net255,2.57048mm
net270,2.561855mm
net92,2.539175mm
net32,2.526585mm
net245,2.520255mm
net266,2.514865mm
net94,2.51092mm
_08227_,2.48582mm
net275,2.40325mm
net246,2.40112mm
net271,2.391405mm
net269,2.38916mm
net15,2.3839mm
net11,2.34671mm
net9,2.344485mm
net28,2.32444mm
net251,2.320545mm
net91,2.29766mm
net236,2.24527mm
net14,2.23727mm
net238,2.21857mm
net97,2.17578mm
net33,2.17329mm
net16,2.155245mm
net6,2.14167mm
net276,2.136705mm
net243,2.09998mm
net20,2.08485mm
net25,2.02623mm
net268,2.00096mm
net13,1.977025mm
net100,1.97321mm
net26,1.96721mm
net98,1.96332mm
net95,1.91047mm
net101,1.9028mm
net102,1.8946mm
net242,1.8861mm
net262,1.87857mm
net234,1.871mm
net274,1.85875mm
net259,1.83036mm
net273,1.81747mm
net264,1.79087mm
_08352_,1.77458mm
_08357_,1.76174mm
_08229_,1.75801mm
_08226_,1.744555mm
net261,1.734915mm
net267,1.720845mm
net247,1.720575mm
_08329_,1.719315mm
net265,1.71315mm
net250,1.690615mm
net241,1.68172mm
_08374_,1.68133mm
net252,1.680945mm
r_addr\[5\],1.64874mm
net256,1.640535mm
net99,1.63425mm
net31,1.610245mm
net113,1.60538mm
net12,1.59311mm
_08224_,1.58679mm
net17,1.585595mm
net249,1.58367mm
net114,1.58053mm
net257,1.56998mm
net248,1.56509mm
net118,1.55556mm
net258,1.549235mm
net253,1.54433mm
_08360_,1.49718mm
net30,1.492495mm
net239,1.48977mm
net111,1.47866mm
net112,1.4703mm
net117,1.469025mm
net109,1.467155mm
net134,1.45094mm
net108,1.441995mm
net124,1.4241mm
net104,1.393665mm
_08225_,1.386405mm
net106,1.374575mm
net27,1.35514mm
net125,1.34638mm
net135,1.33472mm
net144,1.31591mm
net21,1.30859mm
net127,1.29726mm
net128,1.291585mm
net122,1.27971mm
net119,1.277545mm
net24,1.26184mm
net163,1.21377mm
net78,1.20409mm
net143,1.192885mm
_08305_,1.17972mm
net3,1.17918mm
_14127_,1.17535mm
net130,1.17439mm
net151,1.172535mm
net162,1.161535mm
net161,1.1609mm
net142,1.15901mm
net123,1.155015mm
_08309_,1.152645mm
r_addr\[3\],1.14494mm
net156,1.14299mm
net81,1.14141mm
net140,1.12929mm
net164,1.123695mm
net129,1.11692mm
net146,1.114805mm
net159,1.11366mm
net168,1.11339mm
net166,1.11269mm
net160,1.11036mm
_08433_,1.10268mm
net131,1.10123mm
_14125_,1.09771mm
r_addr\[6\],1.09514mm
net115,1.09484mm
net147,1.09445mm
_08228_,1.09294mm
net120,1.089415mm
net133,1.0864mm
net150,1.0826mm
net145,1.08051mm
_14143_,1.06543mm
_08405_,1.05929mm
net35,1.056605mm
_08471_,1.05213mm
_08505_,1.049135mm
_14142_,1.04827mm
net132,1.04728mm
_08412_,1.04685mm
net173,1.04274mm
_08422_,1.04108mm
_08421_,1.040035mm
_14059_,1.03912mm
net171,1.03589mm
_14069_,1.033355mm
net141,1.03329mm
_14130_,1.03153mm
_14141_,1.03111mm
_08386_,1.02877mm
_08400_,1.02683mm
_08411_,1.02587mm
_14116_,1.0241mm
_08420_,1.02358mm
net121,1.02347mm
_08462_,1.02342mm
net80,1.0205mm
_08403_,1.01808mm
_08419_,1.01564mm
_08407_,1.01533mm
net110,1.01483mm
net76,1.00918mm
_08393_,1.00667mm
net172,1.005515mm
_08387_,1.00459mm
net116,1.00447mm
_08398_,1.00416mm
_14113_,1.00308mm
_08404_,1.00076mm
net107,998.54µm
_08390_,997.98µm
net37,996.36µm
_14126_,996.055µm
_08382_,995.95µm
_14114_,994.33µm
_08391_,991.56µm
_14132_,991.48µm
_14120_,990.65µm
_14131_,988.75µm
r_addr\[4\],987.57µm
_08392_,982.69µm
net75,980.94µm
_14144_,979.335µm
_14050_,976.32µm
net136,974.46µm
_08408_,973.32µm
_14145_,972.53µm
_08347_,967.42µm
_08430_,966.8µm
_08511_,965.985µm
_08495_,965.68µm
net126,964.59µm
_08489_,963.84µm
_08494_,963.84µm
net138,963.51µm
_14109_,961.6µm
_08508_,960.14µm
net153,959.03µm
_08417_,958.26µm
_14108_,958.19µm
_08473_,958.13µm
_14088_,958.07µm
_08384_,956.64µm
_14129_,955.74µm
_08379_,955.54µm
_08397_,955.375µm
_08503_,954.46µm
_14121_,952.82µm
_08373_,949.86µm
_08399_,949.56µm
_08410_,947.96µm
_14054_,946.19µm
_08402_,944.63µm
net170,944.575µm
_08488_,942.23µm
net103,941.505µm
_08370_,941.38µm
_08486_,940.4µm
_14096_,939.44µm
_14078_,938.755µm
_08415_,937.59µm
_14051_,934.96µm
_08418_,934.61µm
_14106_,934.49µm
_08365_,934.44µm
_08361_,933.375µm
_08364_,930.76µm
_14115_,930.32µm
net105,929.39µm
_08481_,928.73µm
_14107_,926.75µm
net148,925.565µm
net208,924.375µm
_08367_,924.02µm
_08484_,923.9µm
net137,922.59µm
_08432_,922.39µm
_14098_,922.22µm
_14119_,920.38µm
_14044_,919.755µm
_08414_,918.68µm
_14124_,918.22µm
_08375_,918.03µm
_08468_,916.8µm
_08510_,916.33µm
_08325_,915.84µm
_14117_,915.785µm
_08416_,915.62µm
_14105_,914.975µm
_14043_,914.365µm
_08396_,913.125µm
_14123_,912.84µm
_14122_,912.82µm
_14102_,909.02µm
_08413_,908.79µm
_14053_,908.68µm
_08368_,907.92µm
_08464_,905.68µm
_14052_,905.64µm
_08496_,904.59µm
net152,904.49µm
_08450_,903.53µm
_14095_,903.21µm
net74,900.24µm
_14074_,900µm
_08472_,898.79µm
_08485_,898.72µm
wclk,898.45µm
_08353_,896.385µm
_08483_,892.96µm
_08425_,891.99µm
_08234_,891.855µm
_08497_,889.89µm
_08428_,889.46µm
_08479_,889.14µm
_14091_,887.37µm
_08482_,886.125µm
net190,885.18µm
net180,883.595µm
_14104_,883.14µm
_08409_,882.5µm
_14047_,881.365µm
_14093_,879.965µm
net139,879.635µm
_14101_,879.32µm
_08491_,877.02µm
r_addr\[2\],876.855µm
_08377_,875.875µm
_14048_,875.65µm
_08444_,873.8µm
net206,873.5µm
_08500_,871.82µm
_08457_,871.23µm
net191,869.26µm
_08394_,869.07µm
_14097_,867.57µm
net154,867.44µm
_08346_,867.27µm
_08342_,864.8µm
net232,863.405µm
_08507_,863.11µm
_14110_,862.98µm
_08440_,862.6µm
_14055_,862.6µm
_08476_,862.53µm
_08465_,862.46µm
_08498_,862.38µm
_08340_,862.01µm
_14040_,861.4µm
_08424_,858.27µm
_14058_,856.055µm
_14061_,854.535µm
_14094_,853.86µm
_08443_,851.87µm
_14136_,851.04µm
_08344_,848.66µm
_14103_,847.52µm
_14100_,846.2µm
net227,844.49µm
_08369_,843.92µm
_14057_,843.675µm
net188,841.27µm
_14056_,841.01µm
_08451_,834.565µm
_08448_,834.12µm
_14038_,833.695µm
_08358_,833.36µm
net174,832.65µm
_14137_,832.22µm
_14070_,831.88µm
_08490_,831.6µm
_08429_,831.56µm
_14073_,831.07µm
_14082_,830.915µm
_14111_,829.155µm
_14090_,828.79µm
_14112_,828.73µm
_14146_,827.06µm
_14045_,826.34µm
net195,825.3µm
_14076_,824.1µm
net181,823.45µm
_08446_,822.43µm
_14081_,821.84µm
_08447_,821.07µm
_08466_,819.18µm
net169,819.12µm
_14046_,819µm
_08336_,816.62µm
net182,815.95µm
_14134_,815.6µm
net231,815.48µm
_08334_,815.45µm
_08470_,814.41µm
_14089_,813.06µm
_14049_,811.66µm
_14079_,810.86µm
net178,810.39µm
net215,809.4µm
_14041_,808.46µm
_14084_,807.845µm
_08445_,806.88µm
_14086_,806.24µm
_08331_,803.48µm
_08230_,802.72µm
_08469_,802.13µm
_08380_,801.86µm
net216,800.51µm
_08395_,799.905µm
_08475_,799.58µm
_14139_,799.41µm
_08517_,794.27µm
_14128_,793.79µm
net217,793.62µm
_14067_,793.1µm
net221,793.08µm
_08439_,790.22µm
net72,789.05µm
_14099_,788.8µm
_08515_,788.78µm
_14075_,786.7µm
_14087_,785.82µm
_14138_,785.82µm
_14083_,785.5µm
net226,781.94µm
_08513_,781.76µm
_14039_,781.62µm
_08463_,781.51µm
_08338_,781.16µm
net177,780.885µm
net196,779.14µm
net205,778.93µm
_14135_,778.14µm
_14060_,773.375µm
_14066_,773.28µm
_08519_,771.83µm
_14080_,771.695µm
_08474_,771.45µm
_14140_,769.83µm
_14085_,769.72µm
_08506_,768.555µm
_08434_,763.12µm
net73,762.47µm
_14071_,761.725µm
_08406_,761.605µm
_08455_,760.07µm
_14072_,758.04µm
_14133_,757.22µm
net218,756.43µm
net176,754.585µm
net167,754.54µm
_08383_,753.99µm
net189,753.76µm
_14077_,751.84µm
net149,751.53µm
net213,751.48µm
_14118_,748.69µm
net83,748.26µm
_14063_,746.58µm
net214,746.29µm
_08436_,746.17µm
_08477_,745.06µm
net202,744.02µm
net198,743.64µm
_14062_,743.41µm
_08381_,742.71µm
_14065_,742.27µm
_08514_,740.89µm
_08480_,739.715µm
_14092_,736.78µm
_08385_,733.72µm
net79,732.37µm
_14064_,731.62µm
_14042_,727.835µm
net197,727.11µm
_08453_,724.9µm
_08458_,724.03µm
net224,721.17µm
net207,719.81µm
net210,719.5µm
_08492_,711.6µm
_08427_,708.2µm
net71,707.68µm
_08493_,707.56µm
_14068_,704.99µm
net204,702.82µm
_08456_,701.65µm
net193,701.55µm
_08518_,699.62µm
_08437_,699.28µm
net70,698.56µm
_08438_,697.92µm
_08461_,697.84µm
_08478_,697.175µm
net229,695.86µm
net230,694.67µm
net155,694.28µm
net77,693.97µm
net36,692.25µm
net2,692.11µm
_08499_,690.255µm
net228,687.68µm
net187,686.88µm
net183,684.57µm
_08378_,682.64µm
_08454_,681.685µm
net165,681.24µm
net157,681.15µm
net185,679.05µm
net209,677.24µm
net199,673.075µm
net175,668.59µm
_08449_,668.485µm
net194,667.13µm
_08459_,666.29µm
_08441_,664.62µm
_08467_,664.53µm
_08293_,657.98µm
net184,657.58µm
net220,654.28µm
net211,652.21µm
_08676_,651.46µm
_08460_,647.89µm
net18,647.62µm
_08442_,646.02µm
net212,642.62µm
_08487_,638.04µm
net158,624.2µm
net203,622.6µm
r_addr\[7\],621.31µm
net223,614.94µm
_08452_,596.56µm
net192,586.165µm
net225,585.635µm
net222,577.765µm
_08516_,574.3µm
net201,574.095µm
net179,570.89µm
r_addr\[0\],566.46µm
_10492_,554.98µm
clknet_0_rclk,553.95µm
net219,551.105µm
clknet_0_wclk,545.22µm
_08423_,542.195µm
_12050_,540.52µm
_12742_,523.24µm
_08376_,522.53µm
_08304_,510.08µm
net200,509.58µm
_11876_,500.54µm
_13608_,498.08µm
net186,496.96µm
_11265_,496.7µm
_08426_,488.17µm
_13434_,474.68µm
clknet_2_2_0_wclk,473.79µm
_10144_,473.28µm
_08512_,471.54µm
clknet_2_0_0_wclk,468.86µm
_12649_,468.11µm
clknet_2_1_0_wclk,464.06µm
_08934_,459.12µm
clknet_2_3_0_wclk,457.76µm
_09705_,445.62µm
_13262_,441.46µm
_11785_,440.29µm
_09018_,435.98µm
net39,428.46µm
_09106_,424.32µm
net44,423.6µm
rclk,421.25µm
_13952_,416.88µm
net59,416.51µm
_09798_,416.33µm
net38,410.97µm
_10747_,410.04µm
_13000_,409.8µm
_11356_,406.9µm
_09624_,405.14µm
_08673_,404.92µm
_09187_,402.58µm
_08431_,402.36µm
_09278_,401.96µm
_11437_,399.39µm
net8,398.56µm
net67,398.02µm
_08372_,395.42µm
_09359_,394.5µm
_09531_,390.5µm
_09450_,390.37µm
_12307_,389.76µm
net62,389.22µm
_12396_,387.86µm
_13780_,387.34µm
_12568_,387.14µm
_12915_,386.78µm
_08762_,378.68µm
r_addr\[1\],377.72µm
net68,374.72µm
net4,372.3µm
_10838_,371.5µm
net42,371.3µm
net51,370.02µm
net56,368.54µm
clknet_6_32__leaf_wclk,364.98µm
_13090_,359.49µm
net52,356.8µm
net46,350.1µm
_11613_,349.54µm
_08509_,348.8µm
_13953_,348.06µm
clknet_6_6__leaf_wclk,346.16µm
net43,345.58µm
clknet_6_61__leaf_wclk,344.78µm
_11530_,343µm
clknet_6_54__leaf_wclk,342.56µm
clknet_6_48__leaf_wclk,337.94µm
_13861_,337.73µm
_10573_,335.8µm
_08845_,335.58µm
net41,333.42µm
_08401_,332.72µm
_10055_,330.94µm
clknet_6_44__leaf_wclk,330.23µm
_13689_,329.76µm
clknet_6_49__leaf_wclk,328.08µm
_13515_,327.01µm
net49,325.35µm
_12224_,324.51µm
clknet_6_26__leaf_wclk,320.19µm
clknet_6_63__leaf_wclk,318.01µm
_11010_,316.89µm
clknet_4_7_0_wclk,312.81µm
clknet_6_39__leaf_wclk,311.76µm
_09623_,308.84µm
net22,308.5µm
clknet_6_19__leaf_wclk,308.18µm
clknet_6_37__leaf_wclk,308.06µm
clknet_6_57__leaf_wclk,308.04µm
clknet_4_9_0_wclk,307.11µm
clknet_4_6_0_wclk,306.88µm
_11440_,306.78µm
clknet_6_62__leaf_wclk,306.44µm
_12999_,305.94µm
clknet_6_18__leaf_wclk,305.94µm
_12479_,305.42µm
clknet_6_52__leaf_wclk,305.24µm
_08273_,305.06µm
clknet_6_23__leaf_wclk,304.96µm
_10401_,304.24µm
clknet_4_13_0_wclk,303.72µm
clknet_4_4_0_wclk,303.18µm
clknet_6_9__leaf_wclk,302.94µm
clknet_6_34__leaf_wclk,302.89µm
clknet_6_58__leaf_wclk,301.72µm
clknet_4_2_0_wclk,300.44µm
_11093_,299.47µm
_09362_,298.3µm
clknet_6_16__leaf_wclk,297.52µm
clknet_4_15_0_wclk,295.5µm
clknet_6_56__leaf_wclk,295.2µm
clknet_4_3_0_wclk,294.75µm
clknet_6_46__leaf_wclk,294.58µm
clknet_6_7__leaf_wclk,294.35µm
clknet_6_60__leaf_wclk,293.77µm
_09534_,293.76µm
clknet_4_14_0_wclk,292.7µm
_13864_,292.52µm
clknet_6_53__leaf_wclk,291.74µm
clknet_4_8_0_wclk,291.34µm
_09190_,290.805µm
clknet_6_11__leaf_wclk,290.36µm
clknet_6_27__leaf_wclk,289.66µm
clknet_6_31__leaf_wclk,289.65µm
clknet_4_12_0_wclk,289.4µm
clknet_6_28__leaf_wclk,289.315µm
clknet_6_17__leaf_wclk,287.78µm
_12049_,287.44µm
_10491_,287.38µm
clknet_4_0_0_wclk,287.09µm
clknet_6_15__leaf_wclk,285.23µm
clknet_6_59__leaf_wclk,284.94µm
clknet_6_21__leaf_wclk,284.14µm
_11957_,283.47µm
clknet_4_5_0_wclk,280.75µm
clknet_6_20__leaf_wclk,280.51µm
clknet_6_47__leaf_wclk,279.68µm
_12134_,278.425µm
_13518_,277.98µm
clknet_6_35__leaf_wclk,277.86µm
_11281_,277.14µm
clknet_6_14__leaf_wclk,275.92µm
clknet_4_1_0_wclk,273.14µm
_10318_,272.88µm
clknet_6_55__leaf_wclk,272.86µm
clknet_6_5__leaf_wclk,272.72µm
_09708_,271.16µm
clknet_4_11_0_wclk,270.56µm
_11355_,270.24µm
_13173_,269.2µm
clknet_6_10__leaf_wclk,268.46µm
_12741_,267.56µm
clknet_6_22__leaf_wclk,266.86µm
_08933_,265.02µm
_12567_,264.48µm
clknet_6_25__leaf_wclk,262.96µm
clknet_6_12__leaf_wclk,262.94µm
_09972_,260.47µm
_08435_,258.4µm
_12652_,258.18µm
clknet_6_45__leaf_wclk,257.76µm
_11703_,257.48µm
net57,257.3µm
_10921_,255.04µm
clknet_6_43__leaf_wclk,254.4µm
_11704_,254.14µm
_12133_,253.82µm
_14036_,253.46µm
_08371_,252.93µm
_09277_,252.64µm
_09014_,252.58µm
clknet_4_10_0_wclk,252.12µm
_13779_,251.06µm
_13433_,250.9µm
_08363_,250.86µm
clknet_6_8__leaf_wclk,250.78µm
_10052_,250.46µm
clknet_6_30__leaf_wclk,249.63µm
clknet_6_38__leaf_wclk,249.44µm
_08389_,248.88µm
net69,248.7µm
clknet_6_29__leaf_wclk,248.66µm
_10224_,247.38µm
clknet_6_0__leaf_wclk,246.96µm
_11610_,245.58µm
clknet_6_3__leaf_wclk,245.04µm
_11875_,244.78µm
net47,243.37µm
clknet_6_33__leaf_wclk,242.855µm
clknet_6_1__leaf_wclk,241.94µm
_09879_,241.74µm
_08614_,241.58µm
_08595_,240.72µm
_12916_,240.66µm
_12304_,238.38µm
clknet_6_24__leaf_wclk,238µm
_08324_,236.9µm
_10748_,234.12µm
_08341_,233.77µm
_08359_,233.725µm
_10744_,233.71µm
_12996_,233.69µm
_12823_,232.26µm
_08362_,231.58µm
_13343_,230.88µm
_10576_,228.38µm
_08502_,228.32µm
_11184_,227.8µm
_12476_,227.58µm
net48,226.68µm
_09105_,226.06µm
_13170_,225.28µm
_13261_,225.28µm
clknet_6_51__leaf_wclk,224.58µm
net54,223.68µm
_08339_,222.03µm
_10398_,220.88µm
_09449_,220.42µm
clknet_6_13__leaf_wclk,219.49µm
_08291_,219.48µm
net40,217.61µm
_08355_,216.76µm
_10857_,216.54µm
clknet_6_4__leaf_wclk,215.84µm
_10143_,215.48µm
clknet_leaf_247_wclk,215.18µm
_10918_,215.06µm
_09310_,213.96µm
_09017_,213.9µm
clknet_6_40__leaf_wclk,213.58µm
_08842_,212.14µm
_11029_,211.28µm
_08354_,210.78µm
_13109_,210.42µm
_08761_,208µm
_11009_,207.64µm
clknet_6_36__leaf_wclk,207.55µm
_12130_,206.38µm
_08366_,205.16µm
clknet_6_41__leaf_wclk,204.9µm
_11788_,204.66µm
_12395_,202.3µm
_10743_,202.18µm
_08844_,200.56µm
_08672_,199.6µm
clknet_leaf_101_wclk,199.56µm
_10696_,199.46µm
_13122_,199.4µm
_12650_,199.35µm
clknet_leaf_355_wclk,199.25µm
_11438_,198.42µm
_08674_,197.98µm
_08843_,197.9µm
_08335_,197.89µm
_08333_,197.33µm
_10638_,196.72µm
_10793_,196.06µm
clknet_leaf_106_wclk,195.41µm
clknet_leaf_209_wclk,195.225µm
_11960_,194.82µm
_08594_,194.8µm
_10683_,194.6µm
_13972_,194.42µm
_10228_,194.22µm
net55,194.14µm
_13985_,194.08µm
_12826_,193.14µm
_09529_,192.04µm
_08675_,191.12µm
clknet_leaf_299_wclk,190.42µm
clknet_leaf_300_wclk,190.4µm
_09706_,190.26µm
_11042_,190.26µm
clknet_leaf_276_wclk,190.18µm
clknet_leaf_426_wclk,190.08µm
_11090_,189.76µm
_10416_,188.2µm
clknet_leaf_272_wclk,188.02µm
_11266_,186.7µm
clknet_leaf_229_wclk,186.42µm
_12822_,185.8µm
_13907_,185.34µm
_09188_,185.22µm
_09482_,184.88µm
clknet_leaf_122_wclk,184.755µm
_10664_,184.5µm
clknet_6_50__leaf_wclk,184.32µm
_13691_,184.1µm
clknet_leaf_142_wclk,183.9µm
clknet_leaf_344_wclk,183.87µm
net10,183.86µm
_11898_,183.56µm
_09796_,182.98µm
clknet_leaf_260_wclk,182.46µm
clknet_leaf_508_wclk,182.32µm
clknet_leaf_189_wclk,182.02µm
_08605_,181.96µm
_09656_,181.2µm
clknet_leaf_128_wclk,181.03µm
_11830_,180.89µm
clknet_leaf_420_wclk,180.76µm
clknet_leaf_335_wclk,180.12µm
_09991_,179.28µm
_11388_,178.64µm
_08323_,178.55µm
_10524_,178.12µm
clknet_leaf_115_wclk,178.1µm
_13089_,177.96µm
_09080_,177.92µm
_11529_,177.91µm
clknet_leaf_5_wclk,177.5µm
_12600_,177.32µm
_10399_,176.82µm
clknet_leaf_350_wclk,176.76µm
clknet_leaf_315_wclk,176.5µm
clknet_leaf_135_wclk,176.4µm
_12477_,176.38µm
clknet_leaf_220_wclk,176.32µm
clknet_leaf_431_wclk,176.22µm
_09532_,175.94µm
clknet_leaf_493_wclk,175.7µm
_12587_,175.26µm
_08337_,175.24µm
clknet_leaf_210_wclk,175.04µm
_11611_,174.94µm
_11974_,174.94µm
clknet_leaf_346_wclk,174.925µm
clknet_3_2__leaf_rclk,174.82µm
clknet_leaf_380_wclk,174.68µm
_13860_,173.86µm
clknet_leaf_331_wclk,173.56µm
clknet_leaf_529_wclk,173.52µm
clknet_leaf_341_wclk,173.34µm
_10920_,173.3µm
_13346_,173.26µm
clknet_leaf_231_wclk,173.12µm
clknet_leaf_74_wclk,172.54µm
_12306_,172.04µm
clknet_leaf_145_wclk,171.54µm
_10402_,171.38µm
_08343_,171.32µm
clknet_leaf_38_wclk,171.28µm
clknet_leaf_37_wclk,171.22µm
clknet_leaf_444_wclk,171.11µm
_13975_,171.1µm
clknet_leaf_111_wclk,170.92µm
clknet_leaf_381_wclk,170.76µm
_13294_,170.74µm
_10053_,170.44µm
_09971_,170.34µm
clknet_leaf_507_wclk,170.32µm
clknet_leaf_394_wclk,170.29µm
_11736_,170µm
_11612_,169.72µm
clknet_leaf_277_wclk,169.54µm
_12997_,169.5µm
clknet_leaf_33_wclk,169.4µm
clknet_leaf_94_wclk,169.4µm
_13812_,169.2µm
clknet_leaf_336_wclk,169.09µm
_11784_,169.02µm
clknet_leaf_78_wclk,168.775µm
clknet_leaf_83_wclk,168.6µm
_10054_,168.58µm
clknet_leaf_32_wclk,168.54µm
_10328_,168.52µm
clknet_leaf_467_wclk,168.18µm
_12069_,168.14µm
_09252_,168.02µm
_08504_,167.86µm
_08781_,167.86µm
_10337_,167.78µm
clknet_leaf_407_wclk,167.56µm
clknet_leaf_518_wclk,167.54µm
_10870_,167.32µm
_10400_,167.3µm
clknet_leaf_89_wclk,167.3µm
clknet_leaf_481_wclk,167.2µm
clknet_leaf_0_wclk,167.16µm
clknet_leaf_466_wclk,167.14µm
clknet_leaf_241_wclk,167.12µm
clknet_leaf_483_wclk,167.12µm
_09830_,167.06µm
clknet_leaf_242_wclk,167.04µm
_10572_,167.02µm
_09704_,166.86µm
clknet_leaf_389_wclk,166.8µm
_12825_,166.74µm
_08345_,166.4µm
clknet_leaf_188_wclk,166.16µm
_13323_,166µm
_09013_,165.56µm
clknet_leaf_127_wclk,165.52µm
clknet_leaf_177_wclk,165.235µm
clknet_leaf_488_wclk,164.98µm
clknet_leaf_183_wclk,164.9µm
clknet_leaf_550_wclk,164.71µm
clknet_leaf_538_wclk,164.66µm
_13688_,164.24µm
_11628_,164.02µm
clknet_leaf_230_wclk,163.94µm
clknet_leaf_136_wclk,163.8µm
_12305_,163.7µm
clknet_leaf_200_wclk,163.24µm
_13466_,163.14µm
clknet_leaf_360_wclk,162.98µm
_11436_,162.9µm
clknet_leaf_79_wclk,162.68µm
clknet_leaf_482_wclk,162.66µm
_12234_,162.64µm
_11614_,162.62µm
clknet_leaf_103_wclk,162.42µm
clknet_leaf_157_wclk,162.3µm
clknet_leaf_378_wclk,162.28µm
_08953_,161.94µm
_11216_,161.42µm
_10350_,161.28µm
_09424_,161.08µm
clknet_leaf_289_wclk,161.01µm
clknet_leaf_261_wclk,160.78µm
_10004_,160.64µm
_12926_,160.64µm
_13172_,160.6µm
clknet_leaf_63_wclk,160.415µm
_11092_,160.1µm
clknet_leaf_503_wclk,160.08µm
_13606_,160.06µm
clknet_6_42__leaf_wclk,160µm
_12415_,159.82µm
_11549_,159.74µm
clknet_leaf_478_wclk,159.66µm
clknet_leaf_524_wclk,159.6µm
clknet_leaf_539_wclk,159.075µm
_11562_,159.06µm
clknet_leaf_234_wclk,159.06µm
clknet_leaf_320_wclk,159.05µm
clknet_leaf_436_wclk,158.84µm
_12243_,158.74µm
clknet_leaf_147_wclk,158.74µm
_08794_,158.5µm
_08966_,158.44µm
clknet_leaf_498_wclk,158.3µm
_10056_,158.2µm
clknet_leaf_184_wclk,158.18µm
_11267_,158.1µm
_13778_,158.04µm
clknet_leaf_330_wclk,157.85µm
clknet_leaf_179_wclk,157.76µm
_09358_,157.38µm
_12039_,157.1µm
clknet_leaf_361_wclk,157µm
_11786_,156.9µm
clknet_leaf_288_wclk,156.86µm
_09752_,156.6µm
_09138_,156.22µm
_12731_,156.22µm
clknet_leaf_259_wclk,155.96µm
_12478_,155.94µm
clknet_3_5__leaf_rclk,155.88µm
net53,155.64µm
clknet_leaf_45_wclk,155.64µm
clknet_leaf_281_wclk,155.52µm
clknet_leaf_356_wclk,155.46µm
_11679_,155.44µm
clknet_leaf_158_wclk,155.4µm
clknet_leaf_10_wclk,155.02µm
_11139_,154.96µm
_10163_,154.94µm
_11454_,154.93µm
clknet_leaf_246_wclk,154.74µm
clknet_leaf_445_wclk,154.74µm
clknet_leaf_319_wclk,154.25µm
_11956_,154.22µm
_11203_,154.12µm
clknet_leaf_93_wclk,154.115µm
_08348_,153.99µm
clknet_leaf_102_wclk,153.92µm
clknet_leaf_84_wclk,153.66µm
clknet_leaf_340_wclk,153.42µm
_09881_,153.2µm
_12522_,153.14µm
clknet_leaf_178_wclk,153.12µm
clknet_leaf_197_wclk,153.12µm
_13690_,153.1µm
_09820_,152.77µm
_09643_,152.48µm
clknet_leaf_123_wclk,152.3µm
clknet_leaf_543_wclk,152.055µm
clknet_leaf_446_wclk,151.98µm
_08328_,151.78µm
_10227_,151.76µm
clknet_leaf_530_wclk,151.4µm
clknet_leaf_502_wclk,151.32µm
clknet_leaf_59_wclk,151.28µm
clknet_leaf_137_wclk,151.25µm
clknet_leaf_462_wclk,150.8µm
clknet_leaf_124_wclk,150.725µm
clknet_leaf_52_wclk,150.52µm
clknet_leaf_302_wclk,150.48µm
clknet_leaf_393_wclk,150.44µm
_12223_,150.36µm
_09276_,150µm
_12256_,149.88µm
clknet_leaf_44_wclk,149.76µm
clknet_leaf_219_wclk,149.62µm
_12148_,149.59µm
clknet_leaf_205_wclk,149.535µm
_10098_,149.5µm
clknet_leaf_99_wclk,149.24µm
clknet_leaf_311_wclk,149.22µm
_09185_,148.92µm
net50,148.5µm
_13532_,148.16µm
_14032_,148.08µm
clknet_leaf_421_wclk,148.08µm
_12977_,148µm
_09094_,147.765µm
clknet_leaf_519_wclk,147.66µm
_10511_,147.58µm
_10154_,147.46µm
clknet_leaf_432_wclk,147.3µm
_12666_,147.28µm
clknet_leaf_257_wclk,147.125µm
_11723_,147.09µm
_09599_,146.96µm
_09685_,146.82µm
_12082_,146.66µm
_09448_,146.53µm
_09548_,146.31µm
clknet_leaf_406_wclk,146.24µm
clknet_leaf_435_wclk,146.13µm
clknet_leaf_146_wclk,146.115µm
_12111_,146.08µm
_11091_,146.04µm
clknet_leaf_362_wclk,145.92µm
clknet_leaf_204_wclk,145.88µm
clknet_leaf_461_wclk,145.82µm
clknet_leaf_11_wclk,145.72µm
_11375_,145.7µm
clknet_leaf_416_wclk,145.67µm
clknet_leaf_208_wclk,145.65µm
clknet_leaf_544_wclk,145.16µm
clknet_leaf_398_wclk,145.04µm
_10663_,145µm
_09511_,144.94µm
_09339_,144.86µm
_09797_,144.76µm
clknet_leaf_73_wclk,144.72µm
clknet_leaf_533_wclk,144.42µm
_13950_,144.34µm
clknet_leaf_62_wclk,144.24µm
clknet_3_4__leaf_rclk,144.16µm
_10964_,143.95µm
clknet_leaf_492_wclk,143.935µm
clknet_leaf_506_wclk,143.92µm
_09469_,143.86µm
_13841_,143.86µm
clknet_leaf_4_wclk,143.835µm
_12221_,143.62µm
clknet_leaf_51_wclk,143.62µm
clknet_leaf_495_wclk,143.6µm
clknet_leaf_306_wclk,143.42µm
clknet_leaf_214_wclk,143.3µm
_10226_,143.26µm
_12647_,143.2µm
clknet_leaf_457_wclk,143.19µm
_11417_,143.18µm
clknet_leaf_372_wclk,143.15µm
clknet_leaf_96_wclk,143.1µm
clknet_leaf_50_wclk,143.04µm
clknet_leaf_365_wclk,142.86µm
_12179_,142.42µm
_08772_,142.36µm
clknet_leaf_441_wclk,142.12µm
clknet_leaf_290_wclk,141.98µm
_12132_,141.82µm
clknet_leaf_31_wclk,141.82µm
_11020_,141.48µm
_11540_,141.48µm
_12774_,141.46µm
clknet_leaf_168_wclk,141.36µm
clknet_leaf_521_wclk,141.36µm
clknet_leaf_323_wclk,140.64µm
clknet_leaf_169_wclk,140.58µm
_10225_,140.06µm
clknet_leaf_264_wclk,139.78µm
clknet_leaf_164_wclk,139.76µm
_14035_,139.64µm
clknet_leaf_296_wclk,139.6µm
clknet_leaf_163_wclk,139.535µm
clknet_leaf_409_wclk,139.2µm
clknet_leaf_253_wclk,139.195µm
clknet_6_2__leaf_wclk,139.14µm
clknet_leaf_410_wclk,138.84µm
_08908_,138.7µm
_12308_,138.52µm
_09925_,138.5µm
_13605_,138.42µm
clknet_leaf_86_wclk,138.4µm
_11181_,138.3µm
clknet_leaf_22_wclk,138.26µm
clknet_leaf_271_wclk,137.88µm
_09877_,137.86µm
clknet_leaf_221_wclk,137.78µm
clknet_leaf_477_wclk,137.7µm
clknet_leaf_316_wclk,137.48µm
_13216_,137.38µm
clknet_leaf_456_wclk,137.28µm
clknet_leaf_468_wclk,137.06µm
_11873_,136.82µm
_10575_,136.58µm
_10118_,136.52µm
_11159_,136.38µm
clknet_leaf_40_wclk,136.06µm
net45,135.94µm
clknet_leaf_308_wclk,135.91µm
_11094_,135.84µm
_12761_,135.66µm
_13799_,135.59µm
clknet_leaf_375_wclk,135.58µm
_10205_,135.52µm
_12475_,135.18µm
_12629_,134.74µm
clknet_leaf_107_wclk,134.74µm
_11895_,134.66µm
clknet_leaf_413_wclk,134.66µm
clknet_leaf_239_wclk,134.58µm
_11959_,134.52µm
_08350_,134.46µm
clknet_3_0__leaf_rclk,134.38µm
_11245_,134.2µm
clknet_leaf_152_wclk,133.98µm
_10176_,133.78µm
clknet_leaf_433_wclk,133.6µm
_10674_,133.42µm
clknet_leaf_110_wclk,133.36µm
clknet_leaf_328_wclk,133µm
clknet_leaf_23_wclk,132.8µm
clknet_leaf_454_wclk,132.8µm
clknet_leaf_34_wclk,132.74µm
_11182_,132.7µm
_13100_,132.7µm
_09753_,132.68µm
_09878_,132.52µm
_13388_,132.52µm
_13169_,132.5µm
net63,132.2µm
clknet_leaf_41_wclk,132.18µm
clknet_leaf_165_wclk,132.04µm
clknet_leaf_325_wclk,131.88µm
clknet_leaf_411_wclk,131.78µm
clknet_leaf_522_wclk,131.63µm
_10223_,131.6µm
clknet_leaf_532_wclk,131.56µm
clknet_leaf_310_wclk,131.32µm
clknet_leaf_357_wclk,131.32µm
clknet_leaf_223_wclk,131.22µm
_13236_,131.12µm
_10317_,131.06µm
clknet_leaf_458_wclk,130.94µm
_10242_,130.92µm
_10745_,130.9µm
_11908_,130.72µm
_09016_,130.62µm
_10618_,130.55µm
clknet_leaf_1_wclk,130.5µm
clknet_leaf_193_wclk,130.46µm
_09167_,130.32µm
clknet_leaf_497_wclk,130.2µm
clknet_leaf_46_wclk,130.18µm
_08308_,130.1µm
clknet_leaf_309_wclk,130.1µm
clknet_leaf_417_wclk,130.06µm
clknet_leaf_511_wclk,130.04µm
_13583_,129.94µm
clknet_leaf_182_wclk,129.84µm
clknet_leaf_434_wclk,129.84µm
clknet_leaf_339_wclk,129.78µm
clknet_leaf_138_wclk,129.58µm
clknet_leaf_258_wclk,129.32µm
_10725_,129.3µm
clknet_leaf_345_wclk,129.2µm
_13088_,129.05µm
clknet_leaf_463_wclk,128.96µm
clknet_leaf_354_wclk,128.8µm
_13640_,128.66µm
_13734_,128.58µm
clknet_leaf_167_wclk,128.38µm
_13422_,128.28µm
clknet_leaf_113_wclk,128.13µm
clknet_leaf_161_wclk,128.1µm
clknet_3_1__leaf_rclk,128.02µm
clknet_leaf_515_wclk,127.52µm
clknet_leaf_162_wclk,127.34µm
clknet_leaf_373_wclk,127.34µm
clknet_leaf_129_wclk,127.31µm
_09795_,127.22µm
clknet_leaf_225_wclk,127.22µm
clknet_leaf_180_wclk,126.93µm
clknet_leaf_392_wclk,126.91µm
_11183_,126.72µm
clknet_leaf_186_wclk,126.535µm
clknet_leaf_27_wclk,126.5µm
clknet_leaf_71_wclk,126.24µm
clknet_leaf_540_wclk,126.08µm
_13431_,126.06µm
_09927_,125.98µm
clknet_leaf_159_wclk,125.855µm
clknet_leaf_141_wclk,125.78µm
_13453_,125.5µm
clknet_leaf_536_wclk,125.48µm
clknet_leaf_47_wclk,125.3µm
_11850_,125.22µm
_09300_,125.1µm
clknet_leaf_450_wclk,125.04µm
_12129_,125.02µm
clknet_leaf_424_wclk,124.88µm
_11330_,124.86µm
clknet_leaf_387_wclk,124.66µm
_09896_,124.64µm
clknet_leaf_201_wclk,124.24µm
_11354_,124.14µm
clknet_leaf_196_wclk,124.12µm
_12717_,124.08µm
_12935_,124.08µm
_12995_,124.08µm
clknet_leaf_391_wclk,123.98µm
net66,123.86µm
clknet_leaf_451_wclk,123.86µm
clknet_leaf_61_wclk,123.84µm
clknet_leaf_149_wclk,123.72µm
_09360_,123.58µm
clknet_leaf_65_wclk,123.5µm
clknet_leaf_15_wclk,123.46µm
clknet_leaf_76_wclk,123.34µm
_12428_,123.32µm
clknet_leaf_427_wclk,123.32µm
_13754_,123.24µm
clknet_leaf_250_wclk,123.24µm
clknet_leaf_173_wclk,123.12µm
net58,122.72µm
clknet_leaf_19_wclk,122.52µm
clknet_leaf_43_wclk,122.52µm
clknet_leaf_505_wclk,122.295µm
_13607_,122.24µm
clknet_leaf_194_wclk,122.08µm
_11107_,121.96µm
clknet_leaf_370_wclk,121.88µm
_09404_,121.83µm
_10315_,121.78µm
_13260_,121.76µm
_13513_,121.66µm
clknet_leaf_198_wclk,121.495µm
clknet_leaf_485_wclk,121.46µm
_11726_,121.38µm
net65,121.22µm
_10141_,121.21µm
clknet_leaf_203_wclk,121.2µm
_10553_,121.04µm
_12303_,120.94µm
clknet_leaf_20_wclk,120.9µm
_09982_,120.38µm
_10481_,120.38µm
clknet_leaf_282_wclk,120.34µm
clknet_leaf_148_wclk,120.3µm
clknet_leaf_278_wclk,120.275µm
clknet_leaf_131_wclk,120.16µm
_12871_,120.12µm
clknet_leaf_252_wclk,120.1µm
_12998_,120.06µm
_12025_,120.02µm
clknet_leaf_248_wclk,119.93µm
clknet_leaf_291_wclk,119.84µm
clknet_leaf_13_wclk,119.82µm
clknet_leaf_269_wclk,119.78µm
clknet_leaf_395_wclk,119.67µm
clknet_leaf_66_wclk,119.54µm
clknet_leaf_254_wclk,119.295µm
clknet_leaf_541_wclk,119.115µm
_08555_,119.08µm
_13087_,118.82µm
clknet_leaf_471_wclk,118.8µm
clknet_leaf_56_wclk,118.68µm
_11108_,118.65µm
_12350_,118.21µm
clknet_leaf_85_wclk,118.18µm
_13045_,118µm
clknet_leaf_181_wclk,117.98µm
_11659_,117.92µm
_13495_,117.92µm
clknet_leaf_423_wclk,117.88µm
_13065_,117.8µm
_12905_,117.6µm
clknet_leaf_371_wclk,117.58µm
clknet_leaf_348_wclk,117.48µm
clknet_leaf_25_wclk,117.42µm
_13171_,117.4µm
_08995_,117.36µm
_08624_,117.26µm
clknet_leaf_243_wclk,117.22µm
_10848_,117.14µm
clknet_leaf_429_wclk,117.14µm
_10837_,117.1µm
clknet_leaf_367_wclk,116.92µm
_08523_,116.76µm
clknet_leaf_174_wclk,116.715µm
_09773_,116.7µm
_10917_,116.7µm
_13345_,116.44µm
clknet_leaf_301_wclk,116.31µm
clknet_leaf_2_wclk,116.09µm
_08617_,116.06µm
clknet_leaf_443_wclk,115.98µm
_12005_,115.9µm
clknet_leaf_438_wclk,115.88µm
clknet_leaf_236_wclk,115.84µm
_09817_,115.8µm
_13341_,115.6µm
_08922_,115.48µm
net60,115.38µm
clknet_leaf_187_wclk,115.38µm
clknet_leaf_385_wclk,115.3µm
_10919_,115.16µm
_09317_,114.96µm
clknet_leaf_333_wclk,114.96µm
clknet_leaf_133_wclk,114.92µm
_08593_,114.69µm
_08716_,114.64µm
_08888_,114.52µm
clknet_leaf_294_wclk,114.48µm
_11088_,114.44µm
clknet_leaf_3_wclk,114.4µm
clknet_leaf_75_wclk,114.32µm
_13627_,114.2µm
clknet_leaf_527_wclk,114.16µm
_08736_,113.96µm
_09125_,113.88µm
clknet_leaf_87_wclk,113.88µm
clknet_leaf_72_wclk,113.86µm
_11263_,113.84µm
clknet_leaf_447_wclk,113.56µm
clknet_leaf_273_wclk,113.4µm
clknet_leaf_545_wclk,113.165µm
clknet_leaf_69_wclk,113.12µm
_13619_,112.94µm
_13514_,112.9µm
_12480_,112.86µm
clknet_leaf_233_wclk,112.79µm
clknet_leaf_412_wclk,112.68µm
clknet_leaf_437_wclk,112.6µm
_12803_,112.56µm
clknet_leaf_91_wclk,112.54µm
clknet_leaf_549_wclk,112.48µm
clknet_leaf_313_wclk,112.36µm
_13768_,112.32µm
clknet_leaf_249_wclk,112.14µm
_13862_,111.96µm
_12312_,111.86µm
_13302_,111.64µm
clknet_leaf_30_wclk,111.54µm
clknet_leaf_364_wclk,111.52µm
clknet_leaf_353_wclk,111.4µm
clknet_leaf_166_wclk,111.38µm
clknet_leaf_255_wclk,111.22µm
clknet_leaf_212_wclk,111.12µm
clknet_leaf_337_wclk,111.12µm
clknet_leaf_415_wclk,111.06µm
clknet_leaf_57_wclk,111.02µm
clknet_leaf_358_wclk,110.84µm
_12199_,110.74µm
clknet_leaf_304_wclk,110.74µm
clknet_leaf_476_wclk,110.54µm
clknet_leaf_548_wclk,110.5µm
clknet_leaf_303_wclk,110.48µm
clknet_leaf_244_wclk,110.44µm
clknet_leaf_322_wclk,110.42µm
_12542_,110.2µm
clknet_leaf_487_wclk,110.2µm
clknet_leaf_153_wclk,110.18µm
clknet_leaf_263_wclk,110.18µm
_09015_,109.78µm
clknet_leaf_60_wclk,109.78µm
_10762_,109.66µm
clknet_leaf_280_wclk,109.66µm
clknet_leaf_307_wclk,109.6µm
clknet_3_3__leaf_rclk,109.5µm
clknet_3_6__leaf_rclk,109.46µm
_10836_,109.42µm
clknet_leaf_97_wclk,109.34µm
clknet_leaf_422_wclk,109.215µm
clknet_leaf_206_wclk,109.2µm
clknet_leaf_414_wclk,109.2µm
_13456_,109.08µm
_11272_,109µm
clknet_leaf_39_wclk,109µm
clknet_leaf_275_wclk,108.98µm
_13408_,108.88µm
clknet_leaf_332_wclk,108.6µm
clknet_leaf_439_wclk,108.52µm
_09722_,108.4µm
clknet_leaf_121_wclk,108.36µm
_10379_,108.3µm
_11444_,108.12µm
clknet_leaf_455_wclk,108.08µm
clknet_leaf_449_wclk,108.035µm
clknet_leaf_513_wclk,107.94µm
_10574_,107.82µm
_12840_,107.82µm
net61,107.78µm
clknet_leaf_499_wclk,107.74µm
clknet_leaf_81_wclk,107.705µm
clknet_leaf_238_wclk,107.585µm
clknet_leaf_448_wclk,107.38µm
clknet_leaf_526_wclk,107.32µm
_14014_,107.15µm
_11195_,107.02µm
clknet_leaf_155_wclk,106.96µm
clknet_leaf_368_wclk,106.955µm
net64,106.92µm
_10447_,106.9µm
clknet_leaf_211_wclk,106.8µm
_09060_,106.62µm
clknet_leaf_156_wclk,106.46µm
clknet_leaf_486_wclk,106.36µm
clknet_leaf_425_wclk,106.28µm
_12406_,106.2µm
_13687_,106.14µm
clknet_leaf_528_wclk,106.1µm
clknet_leaf_283_wclk,106.08µm
clknet_leaf_195_wclk,106.06µm
clknet_leaf_190_wclk,106.02µm
_13281_,105.935µm
clknet_leaf_54_wclk,105.8µm
_09366_,105.76µm
clknet_leaf_92_wclk,105.71µm
_09297_,105.64µm
clknet_leaf_314_wclk,105.59µm
clknet_leaf_512_wclk,105.28µm
clknet_leaf_144_wclk,105.24µm
clknet_leaf_459_wclk,105.22µm
_11527_,105.08µm
clknet_leaf_317_wclk,104.96µm
clknet_leaf_224_wclk,104.9µm
clknet_leaf_21_wclk,104.8µm
clknet_leaf_100_wclk,104.795µm
clknet_leaf_351_wclk,104.76µm
clknet_leaf_170_wclk,104.66µm
_12697_,104.6µm
clknet_leaf_442_wclk,104.56µm
clknet_leaf_279_wclk,104.54µm
clknet_leaf_24_wclk,104.24µm
clknet_leaf_349_wclk,104.24µm
clknet_leaf_245_wclk,104.22µm
_11702_,104µm
clknet_leaf_171_wclk,103.91µm
_12821_,103.82µm
_09579_,103.7µm
clknet_leaf_418_wclk,103.28µm
clknet_leaf_295_wclk,103.08µm
_11693_,102.9µm
clknet_leaf_369_wclk,102.6µm
_12370_,102.54µm
clknet_leaf_77_wclk,102.54µm
clknet_leaf_534_wclk,102.52µm
clknet_leaf_270_wclk,102.48µm
clknet_leaf_474_wclk,102.18µm
_08759_,102µm
_09707_,101.96µm
clknet_leaf_267_wclk,101.9µm
_13630_,101.84µm
_08670_,101.82µm
clknet_leaf_126_wclk,101.8µm
clknet_leaf_537_wclk,101.8µm
clknet_leaf_465_wclk,101.7µm
_08931_,101.44µm
clknet_leaf_334_wclk,101.395µm
clknet_leaf_176_wclk,101.28µm
clknet_leaf_400_wclk,101.08µm
clknet_leaf_140_wclk,100.9µm
clknet_leaf_520_wclk,100.84µm
clknet_leaf_125_wclk,100.8µm
clknet_leaf_496_wclk,100.8µm
_09186_,100.5µm
clknet_leaf_321_wclk,100.42µm
clknet_leaf_6_wclk,100.36µm
clknet_leaf_292_wclk,100.32µm
clknet_leaf_405_wclk,100.2µm
clknet_leaf_227_wclk,100.12µm
clknet_leaf_359_wclk,100.08µm
_10132_,99.9µm
_09530_,99.88µm
clknet_leaf_64_wclk,99.7µm
clknet_leaf_226_wclk,99.66µm
clknet_leaf_514_wclk,99.64µm
_11485_,99.58µm
clknet_leaf_213_wclk,99.32µm
clknet_leaf_535_wclk,99.2µm
clknet_leaf_251_wclk,99.18µm
_13517_,99.12µm
_10813_,98.94µm
clknet_leaf_28_wclk,98.92µm
_11955_,98.84µm
clknet_leaf_490_wclk,98.8µm
clknet_leaf_14_wclk,98.6µm
clknet_leaf_202_wclk,98.28µm
_11484_,97.9µm
clknet_leaf_108_wclk,97.86µm
clknet_leaf_297_wclk,97.84µm
_09472_,97.8µm
clknet_leaf_95_wclk,97.66µm
_12753_,97.46µm
clknet_leaf_9_wclk,97.435µm
clknet_leaf_464_wclk,97.4µm
clknet_leaf_460_wclk,97.3µm
net1,97.24µm
clknet_leaf_68_wclk,97.22µm
clknet_leaf_397_wclk,97.2µm
clknet_leaf_29_wclk,97.1µm
_11264_,97.06µm
_13927_,96.94µm
_13273_,96.9µm
u_bram.w_addr\[4\],96.835µm
clknet_leaf_390_wclk,96.82µm
clknet_leaf_338_wclk,96.72µm
clknet_leaf_217_wclk,96.69µm
_13919_,96.57µm
clknet_leaf_342_wclk,96.38µm
_10570_,96.28µm
clknet_leaf_268_wclk,96.12µm
_13342_,96.1µm
clknet_leaf_235_wclk,95.96µm
_12891_,95.94µm
clknet_leaf_326_wclk,95.84µm
_10746_,95.74µm
clknet_leaf_347_wclk,95.74µm
clknet_leaf_26_wclk,95.68µm
clknet_leaf_516_wclk,95.62µm
_13954_,95.56µm
_08840_,95.54µm
_10835_,95.52µm
clknet_leaf_491_wclk,95.46µm
clknet_leaf_305_wclk,95.34µm
clknet_leaf_318_wclk,95.22µm
clknet_leaf_58_wclk,95.2µm
clknet_leaf_484_wclk,95.18µm
clknet_leaf_525_wclk,95.1µm
clknet_leaf_172_wclk,94.92µm
_09194_,94.88µm
clknet_leaf_109_wclk,94.86µm
clknet_leaf_82_wclk,94.8µm
clknet_leaf_132_wclk,94.8µm
clknet_leaf_112_wclk,94.72µm
clknet_leaf_160_wclk,94.72µm
clknet_leaf_531_wclk,94.68µm
_13432_,94.38µm
clknet_leaf_265_wclk,94.29µm
_11609_,94.18µm
_12285_,94.04µm
_10660_,93.78µm
clknet_leaf_274_wclk,93.76µm
_11864_,93.24µm
_12556_,93.12µm
clknet_leaf_80_wclk,92.92µm
clknet_leaf_388_wclk,92.92µm
_09266_,92.9µm
_10051_,92.88µm
_09533_,92.82µm
clknet_leaf_16_wclk,92.7µm
clknet_leaf_379_wclk,92.66µm
clknet_leaf_207_wclk,92.58µm
clknet_leaf_510_wclk,92.48µm
_12696_,92.46µm
clknet_leaf_428_wclk,92.38µm
_10446_,92.3µm
_09809_,92.02µm
clknet_leaf_185_wclk,92µm
_08846_,91.9µm
_09947_,91.82µm
_12566_,91.74µm
clknet_leaf_509_wclk,91.7µm
clknet_leaf_119_wclk,91.64µm
clknet_leaf_48_wclk,91.6µm
_13284_,91.46µm
_10662_,91.38µm
_12870_,91.38µm
clknet_leaf_312_wclk,91.04µm
_11764_,91µm
clknet_leaf_343_wclk,90.96µm
_13367_,90.74µm
clknet_leaf_199_wclk,90.74µm
_12648_,90.72µm
clknet_leaf_480_wclk,90.66µm
_08591_,90.56µm
clknet_leaf_17_wclk,90.38µm
clknet_leaf_192_wclk,90.36µm
clknet_leaf_285_wclk,90.28µm
_10899_,90.16µm
_12501_,90.14µm
_10273_,90.12µm
clknet_leaf_352_wclk,90.1µm
_13014_,90.08µm
clknet_leaf_98_wclk,89.98µm
clknet_leaf_175_wclk,89.78µm
_09613_,89.68µm
clknet_leaf_470_wclk,89.53µm
_13174_,89.52µm
_11958_,89.5µm
clknet_leaf_374_wclk,89.4µm
_11591_,89.2µm
_11954_,89.16µm
_13563_,89.1µm
clknet_leaf_504_wclk,88.98µm
net34,88.96µm
clknet_leaf_42_wclk,88.86µm
clknet_leaf_216_wclk,88.82µm
clknet_leaf_53_wclk,88.7µm
clknet_leaf_329_wclk,88.6µm
clknet_leaf_376_wclk,88.58µm
clknet_leaf_523_wclk,88.57µm
clknet_leaf_49_wclk,88.06µm
_10467_,87.92µm
clknet_leaf_134_wclk,87.6µm
_10926_,87.21µm
clknet_leaf_151_wclk,87.2µm
clknet_leaf_67_wclk,87.14µm
_10610_,87.1µm
_09189_,86.96µm
_13250_,86.92µm
clknet_leaf_500_wclk,86.76µm
_11937_,86.64µm
clknet_leaf_452_wclk,86.58µm
_11608_,86.32µm
_13474_,86.28µm
_13668_,86.02µm
clknet_leaf_191_wclk,85.98µm
clknet_leaf_104_wclk,85.82µm
clknet_leaf_232_wclk,85.795µm
_13561_,85.76µm
_09663_,85.72µm
_09876_,85.66µm
clknet_leaf_366_wclk,85.54µm
_11310_,85.48µm
clknet_leaf_453_wclk,85.48µm
_13993_,85.36µm
clknet_leaf_494_wclk,85.3µm
_13851_,85.14µm
_09799_,84.98µm
_10682_,84.965µm
clknet_leaf_154_wclk,84.87µm
clknet_leaf_18_wclk,84.72µm
_12695_,84.68µm
u_bram.w_addr\[2\],84.65µm
clknet_leaf_12_wclk,84.52µm
_09361_,84.4µm
_13878_,84.34µm
_12004_,84.3µm
clknet_leaf_218_wclk,84.28µm
clknet_leaf_36_wclk,84.2µm
clknet_leaf_286_wclk,84.02µm
clknet_leaf_517_wclk,83.92µm
clknet_leaf_399_wclk,83.82µm
_13696_,83.76µm
clknet_leaf_475_wclk,83.58µm
clknet_leaf_240_wclk,83.46µm
_09104_,83.38µm
clknet_leaf_440_wclk,83.36µm
_13669_,83.22µm
_14034_,83.1µm
clknet_leaf_35_wclk,82.98µm
clknet_leaf_120_wclk,82.64µm
_12521_,82.58µm
u_bram.w_addr\[5\],82.5µm
_09438_,82.46µm
clknet_leaf_287_wclk,82.14µm
clknet_leaf_114_wclk,82µm
clknet_leaf_237_wclk,81.8µm
_11658_,81.72µm
clknet_leaf_55_wclk,81.54µm
_11378_,81.46µm
clknet_leaf_363_wclk,81.32µm
_10503_,80.98µm
u_bram.w_addr\[3\],80.89µm
_09022_,80.84µm
_12948_,80.68µm
clknet_leaf_293_wclk,80.62µm
_12131_,80.34µm
_13949_,80.24µm
_10316_,80.02µm
_11089_,79.78µm
clknet_leaf_546_wclk,79.74µm
_12590_,79.71µm
_11505_,79.52µm
_13151_,79.36µm
_11435_,79.3µm
_13562_,79.28µm
_08887_,79.24µm
_13178_,79.02µm
_09646_,78.78µm
clknet_leaf_139_wclk,78.61µm
clknet_leaf_222_wclk,78.08µm
clknet_leaf_215_wclk,77.7µm
clknet_leaf_386_wclk,77.7µm
_08879_,77.6µm
clknet_leaf_396_wclk,77.5µm
clknet_leaf_130_wclk,77.49µm
clknet_leaf_262_wclk,77.3µm
_11936_,77.22µm
_09859_,77.16µm
_08758_,77.12µm
_12393_,77.1µm
_13802_,76.95µm
clknet_leaf_150_wclk,76.82µm
clknet_3_7__leaf_rclk,76.76µm
_10983_,76.54µm
_13820_,76.48µm
_11006_,76.18µm
clknet_leaf_501_wclk,76.14µm
_11783_,75.58µm
_09578_,75.1µm
_10571_,74.96µm
_11344_,74.7µm
_10241_,74.46µm
_09969_,74.26µm
_12565_,73.96µm
_08662_,73.92µm
_08932_,73.72µm
_09232_,73.6µm
_08841_,73.46µm
_08596_,73.3µm
clknet_leaf_324_wclk,73.26µm
_12994_,73.12µm
_09357_,72.88µm
_12869_,72.88µm
_11062_,72.7µm
_09886_,72.64µm
_13781_,72.2µm
clknet_leaf_70_wclk,72µm
_10909_,71.66µm
clknet_leaf_228_wclk,71.52µm
_13516_,71.42µm
_10812_,70.98µm
_12392_,70.82µm
_13499_,70.36µm
clknet_leaf_489_wclk,70.34µm
_11765_,70.18µm
_11071_,69.98µm
_11782_,69.76µm
_08388_,69.66µm
clknet_leaf_377_wclk,69.48µm
_13387_,69.32µm
_10695_,68.78µm
_12579_,68.5µm
_10050_,68.44µm
_12764_,68.36µm
_08267_,68.06µm
_08850_,67.78µm
_10033_,67.66µm
_08294_,67.46µm
_12824_,67.44µm
clknet_leaf_298_wclk,67.38µm
_12794_,67.08µm
_10272_,66.74µm
clknet_leaf_473_wclk,66.46µm
clknet_leaf_419_wclk,66.44µm
clknet_leaf_469_wclk,66.36µm
clknet_leaf_256_wclk,66.2µm
_09850_,65.96µm
_12457_,65.64µm
u_bram.w_addr\[7\],65.57µm
_08330_,65.46µm
_09279_,65.46µm
_13044_,65.26µm
_12178_,65.18µm
clknet_leaf_327_wclk,65.18µm
_11098_,64.96µm
_12060_,64.94µm
_13445_,64.94µm
clknet_leaf_542_wclk,64.8µm
clknet_leaf_88_wclk,64.62µm
_09356_,64.6µm
clknet_leaf_116_wclk,64.4µm
_08833_,64.16µm
_13326_,64.12µm
_10998_,63.9µm
_11408_,63.62µm
_10922_,63.54µm
_10661_,63.38µm
_09289_,63.32µm
_08349_,62.98µm
_08606_,62.96µm
_11504_,62.78µm
_10024_,62.72µm
_10924_,62.6µm
_10397_,61.94µm
_10293_,61.92µm
_12102_,61.7µm
_13712_,61.69µm
_12474_,61.54µm
clknet_leaf_8_wclk,61.28µm
_12651_,61.22µm
clknet_leaf_479_wclk,61.2µm
_12061_,61.12µm
_11678_,60.615µm
_11582_,60.38µm
_09445_,60.12µm
_09577_,60.12µm
_10292_,60.12µm
_10617_,60.02µm
_09946_,59.98µm
_11635_,59.82µm
_12830_,59.7µm
clknet_leaf_143_wclk,59.54µm
_11206_,59.06µm
_11461_,58.88µm
clknet_leaf_552_wclk,58.86µm
_11249_,58.8µm
clknet_leaf_472_wclk,58.8µm
clknet_leaf_90_wclk,58.77µm
_09128_,58.7µm
clknet_leaf_117_wclk,58.6µm
_11008_,58.38µm
_08671_,58.12µm
_13043_,57.92µm
_11007_,57.88µm
_13733_,57.82µm
_11916_,57.58µm
_09917_,57.5µm
_12242_,57.26µm
_09403_,57.06µm
_13863_,57µm
_09451_,56.7µm
_08877_,56.46µm
clknet_leaf_551_wclk,56.44µm
u_bram.w_addr\[0\],55.94µm
_13725_,55.18µm
clknet_leaf_383_wclk,55.14µm
_12628_,54.895µm
_09251_,54.85µm
_11657_,54.77µm
clknet_leaf_382_wclk,54.68µm
_09330_,54.66µm
_12266_,54.64µm
_09538_,54.54µm
_11158_,54.5µm
_10596_,54.36µm
_09862_,54.02µm
_09703_,53.98µm
_13142_,53.98µm
_13305_,53.68µm
net82,53.64µm
_09837_,53.46µm
_13728_,53.32µm
_08644_,53.28µm
_09117_,53.22µm
_10204_,53.02µm
_08310_,52.88µm
_13263_,52.88µm
u_bram.w_addr\[1\],52.73µm
_10842_,52.66µm
_13582_,52.66µm
_08823_,52.62µm
_08690_,52.54µm
_11618_,52.34µm
clknet_leaf_402_wclk,52.34µm
_08237_,52.32µm
_09569_,52.26µm
u_bram.w_addr\[6\],51.74µm
_10488_,51.62µm
_12222_,51.58µm
_12927_,51.56µm
_12198_,51.5µm
_14033_,51.5µm
_08697_,51.24µm
_11928_,51.24µm
_11756_,51.22µm
_10544_,50.9µm
_12276_,50.74µm
_11887_,50.7µm
_08613_,50.305µm
_09751_,50.24µm
_13859_,50.12µm
_10954_,49.86µm
_11227_,49.84µm
_08994_,49.74µm
_12349_,49.48µm
_08356_,49.04µm
_13228_,49.04µm
_10984_,48.98µm
_08244_,48.88µm
_09375_,48.82µm
_11304_,48.38µm
clknet_leaf_404_wclk,48.3µm
_10935_,48.28µm
_10184_,48.26µm
_12279_,47.98µm
clknet_leaf_284_wclk,47.86µm
_13660_,47.82µm
_11483_,47.66µm
_09695_,47.64µm
_08547_,47.58µm
_12730_,47.4µm
_08735_,47.24µm
_13926_,47.08µm
_10370_,47µm
_09184_,46.88µm
_10466_,46.62µm
_12607_,46.6µm
_12781_,46.58µm
_08680_,46.48µm
_10271_,46.48µm
_13964_,46.44µm
_12656_,46.42µm
_08653_,46.34µm
_08986_,46.2µm
_12427_,46.2µm
_12813_,46.12µm
_09880_,45.98µm
_09572_,45.74µm
_10406_,45.68µm
_09750_,45.62µm
_08351_,45.4µm
_11343_,45.4µm
_13494_,45.28µm
_09349_,45.22µm
clknet_leaf_430_wclk,45.22µm
_10196_,44.8µm
_11715_,44.8µm
_12956_,44.8µm
_08573_,44.72µm
_13486_,44.7µm
_13942_,44.68µm
_12646_,44.58µm
_12513_,44.48µm
_10531_,44.4µm
_09488_,44.38µm
_09437_,44.34µm
_13791_,44.34µm
_10396_,44.14µm
_08907_,44.12µm
_09423_,44.095µm
_11309_,43.88µm
_11395_,43.76µm
_12003_,43.76µm
_12976_,43.64µm
clknet_leaf_7_wclk,43.48µm
_08708_,43.46µm
_10552_,43.46µm
_13951_,43.4µm
_12883_,43.355µm
_08232_,43.26µm
_13407_,43.22µm
_10839_,43.08µm
_10523_,43µm
_11050_,43µm
_12802_,43µm
_08814_,42.98µm
_09079_,42.965µm
_09149_,42.52µm
clknet_leaf_408_wclk,42.5µm
_12435_,42.48µm
_11787_,42.4µm
_08326_,42.34µm
_10514_,42.28µm
_09103_,42.2µm
_09772_,42.18µm
_09765_,41.98µm
_09895_,41.9µm
_10963_,41.88µm
_09338_,41.875µm
_08944_,41.84µm
_12273_,41.84µm
_11439_,41.68µm
_10890_,41.36µm
_10215_,41.32µm
_10222_,41.26µm
_10707_,41.12µm
_09493_,41.02µm
_11361_,40.88µm
_12284_,40.84µm
_09702_,40.8µm
_10131_,40.74µm
_11301_,40.74µm
_13686_,40.7µm
_09461_,40.68µm
_11288_,40.68µm
_09635_,40.54µm
_08554_,40.46µm
_13168_,40.46µm
_10357_,40.38µm
_12912_,40.16µm
_10257_,39.98µm
_13596_,39.9µm
_08314_,39.88µm
_12448_,39.78µm
_12394_,39.74µm
_11743_,39.68µm
_09166_,39.62µm
u_fifo_ctrl.u_w_b2g.binary_in\[0\],39.62µm
_11572_,39.6µm
_12115_,39.52µm
_10792_,39.36µm
_12302_,39.28µm
_10480_,39.24µm
_12709_,39.24µm
clknet_leaf_403_wclk,39.24µm
_12773_,39.06µm
_12369_,38.96µm
_09556_,38.94µm
_09598_,38.845µm
_12255_,38.8µm
_13877_,38.62µm
_13023_,38.58µm
_10444_,38.52µm
_13885_,38.36µm
_11964_,38.32µm
_09771_,38.18µm
_13379_,38.14µm
_11268_,38.06µm
_08249_,37.96µm
_09515_,37.68µm
_09215_,37.66µm
_13940_,37.44µm
_08681_,37.4µm
_10360_,37.28µm
_09223_,37.14µm
_13823_,37.14µm
_08278_,37.08µm
_11041_,37.02µm
_11863_,36.98µm
_09970_,36.86µm
_12611_,36.72µm
_12340_,36.68µm
_10580_,36.54µm
_13840_,36.42µm
_10140_,36.4µm
_08701_,36.38µm
_12046_,36.34µm
_09885_,36.3µm
_09510_,36.225µm
_10110_,36.22µm
_11114_,36.2µm
_08760_,36.14µm
_11701_,36.06µm
_10445_,35.72µm
_13692_,35.44µm
_11353_,35.38µm
_08268_,35.3µm
_11808_,35.26µm
_09690_,35.185µm
_09489_,35.18µm
_08240_,35.14µm
_11075_,35.02µm
_11474_,34.72µm
_11482_,34.6µm
_10791_,34.34µm
_08247_,34.32µm
_12890_,34.22µm
_11548_,34.175µm
_12675_,33.84µm
_10142_,33.72µm
_11293_,33.72µm
_09395_,33.66µm
_12290_,33.625µm
_08307_,33.54µm
_11983_,33.34µm
_09000_,33.255µm
_11829_,33.225µm
_13905_,33.18µm
_13150_,33.04µm
_09858_,32.88µm
_13626_,32.88µm
_08553_,32.74µm
_11416_,32.725µm
_13340_,32.58µm
_11215_,32.52µm
u_fifo_ctrl.u_r_g2b.gray_in\[0\],32.48µm
_13578_,32.42µm
_12414_,32.405µm
_11497_,32.4µm
_09992_,32.12µm
_14000_,32.12µm
_11579_,32µm
_09273_,31.98µm
_13161_,31.94µm
_13541_,31.88µm
_12384_,31.84µm
_12299_,31.8µm
_12235_,31.72µm
_10010_,31.7µm
_13645_,31.62µm
_09039_,31.48µm
_10306_,31.44µm
_10651_,31.42µm
_09051_,31.36µm
_10250_,31.36µm
_12968_,31.36µm
_13064_,31.24µm
_11845_,31.2µm
clknet_leaf_401_wclk,31.08µm
_09038_,30.98µm
_12407_,30.98µm
_09230_,30.82µm
_09487_,30.72µm
_09344_,30.705µm
_10356_,30.66µm
_10941_,30.56µm
_12959_,30.54µm
_10038_,30.535µm
_09320_,30.36µm
_09145_,30.28µm
_13280_,30.26µm
_12434_,29.98µm
_12177_,29.82µm
_13130_,29.82µm
_12712_,29.58µm
_12573_,29.54µm
_10011_,29.5µm
_13858_,29.42µm
_09380_,29.4µm
_12176_,29.4µm
_11221_,29.36µm
_08251_,29.32µm
_10074_,29.3µm
_08261_,29.28µm
_12038_,29.24µm
_09460_,29.155µm
_10740_,29.1µm
_09575_,29.08µm
u_bram.bram\[197\]\[12\],29.02µm
_12609_,28.94µm
_09786_,28.9µm
_13575_,28.82µm
_13647_,28.8µm
_13603_,28.74µm
u_bram.bram\[197\]\[13\],28.66µm
_13366_,28.62µm
_09211_,28.6µm
_13581_,28.56µm
_11434_,28.5µm
_10686_,28.48µm
_13231_,28.42µm
_12947_,28.3µm
_09056_,28.16µm
_10367_,28.14µm
clknet_leaf_118_wclk,27.94µm
_12533_,27.9µm
_10436_,27.88µm
_11226_,27.88µm
_14037_,27.8µm
_10730_,27.705µm
_09621_,27.64µm
u_bram.bram\[164\]\[31\],27.64µm
_09665_,27.58µm
_11095_,27.58µm
_12010_,27.56µm
_12072_,27.56µm
_09683_,27.5µm
_08975_,27.48µm
_11709_,27.48µm
_09402_,27.46µm
_10030_,27.44µm
_10659_,27.44µm
u_fifo_ctrl.r_bin_next\[1\],27.44µm
_12328_,27.36µm
_13116_,27.35µm
_09455_,27.34µm
u_bram.bram\[105\]\[26\],27.28µm
_11244_,27.225µm
_13267_,27.1µm
_08295_,27.08µm
_09343_,26.96µm
_12067_,26.88µm
u_bram.bram\[1\]\[1\],26.8µm
_09622_,26.76µm
_12555_,26.76µm
_08292_,26.74µm
_09902_,26.72µm
_10736_,26.72µm
_11070_,26.64µm
u_bram.bram\[142\]\[4\],26.565µm
_13973_,26.56µm
_11641_,26.54µm
_13304_,26.54µm
_11256_,26.5µm
_13393_,26.46µm
_12633_,26.44µm
_08822_,26.42µm
u_bram.bram\[6\]\[0\],26.405µm
_12263_,26.4µm
u_bram.bram\[207\]\[27\],26.4µm
_13127_,26.36µm
_13838_,26.32µm
_08529_,26.3µm
_11111_,26.3µm
_11588_,26.3µm
_12437_,26.3µm
_13818_,26.3µm
_08564_,26.24µm
_08281_,26.22µm
_10720_,26.22µm
_12681_,26.22µm
_09882_,26.2µm
_08849_,26.12µm
u_fifo_ctrl.u_r_g2b.binary_out\[8\],26.1µm
_08322_,26.04µm
_13108_,25.99µm
_11742_,25.98µm
u_bram.bram\[10\]\[20\],25.97µm
_12436_,25.88µm
_10916_,25.86µm
_12563_,25.86µm
_10716_,25.84µm
_10279_,25.7µm
u_bram.bram\[130\]\[25\],25.65µm
_09949_,25.64µm
_10705_,25.62µm
u_bram.bram\[226\]\[28\],25.53µm
_09382_,25.52µm
_10186_,25.52µm
_11376_,25.5µm
_13695_,25.5µm
_09620_,25.48µm
_09840_,25.46µm
_08866_,25.4µm
_13821_,25.4µm
_14031_,25.4µm
u_bram.bram\[222\]\[10\],25.4µm
u_bram.bram\[38\]\[6\],25.345µm
_10856_,25.305µm
_12484_,25.3µm
_08828_,25.25µm
u_bram.bram\[110\]\[31\],25.245µm
_11836_,25.22µm
_13033_,25.22µm
_13350_,25.22µm
u_bram.bram\[205\]\[10\],25.22µm
_08318_,25.18µm
_10251_,25.18µm
_11138_,25.18µm
_11649_,25.16µm
_08795_,25.08µm
u_bram.bram\[61\]\[5\],25.08µm
_12740_,25.06µm
_08750_,25.04µm
_10713_,25µm
u_bram.bram\[142\]\[1\],24.935µm
_08583_,24.92µm
_08773_,24.92µm
_10207_,24.92µm
u_bram.bram\[193\]\[2\],24.92µm
_10037_,24.9µm
_10202_,24.78µm
u_bram.bram\[20\]\[2\],24.78µm
_09468_,24.76µm
_10340_,24.72µm
_11838_,24.72µm
_12734_,24.72µm
_13246_,24.72µm
_13492_,24.72µm
_11233_,24.68µm
u_bram.bram\[120\]\[6\],24.68µm
_09563_,24.64µm
_12514_,24.64µm
_10338_,24.58µm
_12820_,24.58µm
_08665_,24.56µm
_13629_,24.54µm
u_bram.bram\[46\]\[28\],24.54µm
u_bram.bram\[14\]\[9\],24.53µm
_13364_,24.52µm
_12002_,24.5µm
_10019_,24.485µm
_13800_,24.48µm
_13819_,24.46µm
u_bram.bram\[111\]\[24\],24.4µm
_13452_,24.37µm
_08677_,24.36µm
_12213_,24.36µm
_13625_,24.36µm
_12849_,24.34µm
_13440_,24.335µm
u_bram.bram\[166\]\[28\],24.29µm
u_bram.bram\[224\]\[22\],24.28µm
_10557_,24.26µm
_09644_,24.24µm
_12110_,24.14µm
_12500_,24.14µm
_09210_,24.12µm
_10942_,24.12µm
u_bram.bram\[7\]\[19\],24.12µm
_13727_,24.06µm
u_bram.bram\[252\]\[29\],24.06µm
u_bram.bram\[106\]\[6\],24.03µm
_11807_,24µm
u_bram.bram\[168\]\[18\],24µm
_11596_,23.965µm
_13773_,23.96µm
_13468_,23.94µm
_13597_,23.88µm
u_bram.bram\[152\]\[16\],23.84µm
_12934_,23.8µm
_13190_,23.8µm
u_bram.bram\[34\]\[23\],23.79µm
_11178_,23.78µm
_09684_,23.755µm
u_bram.bram\[18\]\[17\],23.75µm
_13614_,23.705µm
u_bram.bram\[46\]\[14\],23.705µm
_10376_,23.7µm
_09667_,23.68µm
_11941_,23.68µm
u_bram.bram\[249\]\[10\],23.64µm
_10729_,23.62µm
u_bram.bram\[218\]\[11\],23.605µm
_09990_,23.59µm
_09641_,23.58µm
_12185_,23.56µm
_12804_,23.54µm
_13556_,23.54µm
_11173_,23.52µm
_13775_,23.52µm
_11240_,23.5µm
u_bram.bram\[60\]\[20\],23.5µm
_10336_,23.47µm
_10359_,23.46µm
_10874_,23.46µm
u_bram.bram\[102\]\[19\],23.45µm
_10706_,23.4µm
_13673_,23.4µm
_12020_,23.38µm
u_bram.bram\[254\]\[4\],23.365µm
_11721_,23.36µm
u_bram.bram\[211\]\[1\],23.32µm
u_bram.bram\[190\]\[12\],23.305µm
_13259_,23.3µm
u_bram.bram\[113\]\[9\],23.26µm
u_bram.bram\[174\]\[4\],23.245µm
u_bram.bram\[250\]\[2\],23.245µm
_10512_,23.24µm
_09265_,23.22µm
_09661_,23.22µm
_08864_,23.18µm
_09973_,23.18µm
_08332_,23.17µm
_10858_,23.16µm
_12965_,23.16µm
_13572_,23.16µm
u_bram.bram\[17\]\[21\],23.16µm
_13209_,23.14µm
u_bram.bram\[171\]\[12\],23.14µm
u_bram.bram\[142\]\[3\],23.13µm
_11656_,23.12µm
u_bram.bram\[224\]\[10\],23.12µm
_13371_,23.08µm
u_bram.bram\[118\]\[19\],23.08µm
_09924_,23.06µm
_10097_,23.04µm
_12154_,23.04µm
u_bram.bram\[37\]\[13\],22.94µm
_10166_,22.92µm
_10484_,22.92µm
_13383_,22.88µm
_13723_,22.88µm
_09676_,22.86µm
_11700_,22.86µm
u_bram.bram\[1\]\[28\],22.84µm
_13112_,22.8µm
_10164_,22.78µm
u_bram.bram\[10\]\[21\],22.775µm
_09066_,22.74µm
u_bram.bram\[13\]\[31\],22.74µm
u_bram.bram\[97\]\[3\],22.74µm
u_bram.bram\[172\]\[22\],22.72µm
_08714_,22.7µm
_09467_,22.7µm
u_bram.bram\[213\]\[18\],22.7µm
u_bram.bram\[75\]\[21\],22.7µm
u_bram.bram\[203\]\[14\],22.64µm
u_bram.bram\[79\]\[20\],22.6µm
_11590_,22.58µm
_09857_,22.56µm
_11081_,22.52µm
_11934_,22.52µm
u_bram.bram\[142\]\[15\],22.505µm
_12644_,22.5µm
_13385_,22.5µm
u_bram.bram\[201\]\[26\],22.48µm
u_bram.bram\[228\]\[9\],22.48µm
u_bram.bram\[154\]\[30\],22.465µm
_10018_,22.46µm
_11137_,22.46µm
_11223_,22.46µm
_11814_,22.46µm
_12520_,22.46µm
u_bram.bram\[216\]\[26\],22.42µm
u_bram.bram\[5\]\[4\],22.42µm
u_bram.bram\[84\]\[14\],22.34µm
_10465_,22.32µm
u_bram.bram\[187\]\[21\],22.32µm
_08239_,22.3µm
_12070_,22.3µm
_12456_,22.3µm
u_bram.bram\[228\]\[0\],22.3µm
u_bram.bram\[44\]\[20\],22.25µm
_13107_,22.24µm
u_bram.bram\[108\]\[2\],22.22µm
u_bram.bram\[152\]\[6\],22.2µm
u_bram.bram\[174\]\[23\],22.185µm
u_bram.bram\[164\]\[19\],22.16µm
_10635_,22.14µm
_08802_,22.12µm
_12738_,22.12µm
u_bram.bram\[145\]\[31\],22.12µm
u_bram.bram\[226\]\[29\],22.085µm
u_bram.bram\[163\]\[26\],22.08µm
_09933_,22.06µm
r_ptr_gray\[8\],22.06µm
_10637_,22.055µm
_09612_,22.04µm
_10060_,22µm
_10139_,22µm
_11308_,22µm
_12760_,22µm
_08780_,21.995µm
_08951_,21.98µm
_10389_,21.94µm
u_bram.bram\[17\]\[26\],21.92µm
u_bram.bram\[200\]\[6\],21.92µm
_14030_,21.9µm
u_bram.bram\[37\]\[25\],21.9µm
u_bram.bram\[238\]\[2\],21.885µm
u_bram.bram\[97\]\[24\],21.88µm
u_bram.bram\[131\]\[3\],21.84µm
u_bram.bram\[22\]\[31\],21.825µm
_08259_,21.82µm
_08859_,21.82µm
u_bram.bram\[217\]\[16\],21.82µm
u_bram.bram\[187\]\[3\],21.8µm
u_bram.bram\[82\]\[20\],21.765µm
u_bram.bram\[183\]\[0\],21.76µm
u_bram.bram\[238\]\[0\],21.745µm
u_bram.bram\[50\]\[18\],21.745µm
_12979_,21.74µm
_10589_,21.72µm
u_bram.bram\[82\]\[19\],21.705µm
_11947_,21.7µm
u_bram.bram\[12\]\[4\],21.7µm
u_bram.bram\[193\]\[27\],21.68µm
_09848_,21.66µm
_10135_,21.66µm
_10453_,21.66µm
_13324_,21.66µm
_12586_,21.655µm
u_bram.bram\[120\]\[9\],21.62µm
u_bram.bram\[1\]\[4\],21.58µm
_11523_,21.56µm
u_bram.bram\[201\]\[7\],21.56µm
u_bram.bram\[209\]\[29\],21.56µm
u_bram.bram\[47\]\[23\],21.56µm
_12634_,21.55µm
u_bram.bram\[248\]\[2\],21.55µm
_09444_,21.54µm
_11692_,21.54µm
_10048_,21.52µm
_13256_,21.48µm
u_bram.bram\[10\]\[29\],21.47µm
u_bram.bram\[144\]\[4\],21.46µm
u_bram.bram\[255\]\[11\],21.46µm
u_bram.bram\[126\]\[5\],21.445µm
_08321_,21.42µm
u_bram.bram\[136\]\[19\],21.42µm
u_bram.bram\[234\]\[15\],21.405µm
u_bram.bram\[108\]\[23\],21.4µm
_11792_,21.38µm
_13610_,21.38µm
_09227_,21.36µm
_12739_,21.36µm
_13430_,21.36µm
u_bram.bram\[25\]\[0\],21.36µm
u_bram.bram\[255\]\[4\],21.34µm
_11422_,21.325µm
_08571_,21.32µm
_11274_,21.32µm
u_bram.bram\[238\]\[12\],21.31µm
u_bram.bram\[50\]\[6\],21.285µm
u_bram.bram\[234\]\[0\],21.27µm
_12846_,21.26µm
u_bram.bram\[161\]\[25\],21.24µm
u_bram.bram\[233\]\[15\],21.24µm
u_bram.bram\[54\]\[31\],21.24µm
u_bram.bram\[18\]\[18\],21.225µm
_11871_,21.2µm
u_bram.bram\[7\]\[29\],21.2µm
_12024_,21.195µm
_12068_,21.195µm
u_bram.bram\[130\]\[30\],21.185µm
_11893_,21.18µm
u_bram.bram\[13\]\[27\],21.18µm
u_bram.bram\[50\]\[11\],21.165µm
_11262_,21.16µm
u_bram.bram\[131\]\[1\],21.16µm
u_bram.bram\[153\]\[23\],21.16µm
_08274_,21.12µm
_09944_,21.1µm
u_bram.bram\[82\]\[21\],21.09µm
_12416_,21.08µm
_00487_,21.065µm
u_bram.bram\[186\]\[30\],21.065µm
u_bram.bram\[198\]\[9\],21.045µm
_08651_,21.04µm
_09208_,21.04µm
_11541_,21.04µm
_12992_,21.04µm
_10327_,21.02µm
_12150_,21.02µm
_13421_,21.02µm
u_bram.bram\[66\]\[28\],21.01µm
_08528_,21.005µm
u_bram.bram\[142\]\[18\],21.005µm
u_bram.bram\[230\]\[23\],21.005µm
u_bram.bram\[238\]\[25\],20.985µm
u_bram.bram\[67\]\[4\],20.98µm
u_bram.bram\[70\]\[13\],20.965µm
_13234_,20.96µm
u_bram.bram\[107\]\[23\],20.94µm
u_bram.bram\[131\]\[4\],20.94µm
u_bram.bram\[195\]\[1\],20.94µm
u_bram.bram\[43\]\[25\],20.94µm
_09012_,20.925µm
_09203_,20.92µm
_12047_,20.92µm
_09728_,20.9µm
u_bram.bram\[21\]\[17\],20.9µm
u_bram.bram\[37\]\[3\],20.9µm
u_bram.bram\[18\]\[25\],20.885µm
u_bram.bram\[142\]\[19\],20.87µm
u_bram.bram\[66\]\[22\],20.865µm
u_bram.bram\[17\]\[3\],20.86µm
u_bram.bram\[166\]\[5\],20.83µm
_12017_,20.82µm
u_bram.bram\[161\]\[13\],20.82µm
u_bram.bram\[5\]\[1\],20.82µm
_08956_,20.78µm
_10584_,20.765µm
_10320_,20.76µm
_11569_,20.76µm
u_bram.bram\[247\]\[25\],20.76µm
u_bram.bram\[186\]\[8\],20.745µm
u_bram.bram\[2\]\[11\],20.745µm
u_bram.bram\[106\]\[7\],20.73µm
u_bram.bram\[52\]\[0\],20.72µm
u_bram.bram\[232\]\[12\],20.7µm
_09875_,20.68µm
u_bram.bram\[37\]\[10\],20.68µm
_11224_,20.66µm
u_bram.bram\[154\]\[18\],20.65µm
u_bram.bram\[130\]\[11\],20.645µm
u_bram.bram\[22\]\[7\],20.645µm
_09835_,20.64µm
u_bram.bram\[81\]\[16\],20.62µm
_09818_,20.6µm
_08501_,20.58µm
u_bram.bram\[111\]\[11\],20.58µm
_10930_,20.565µm
_08534_,20.56µm
_08803_,20.56µm
u_bram.bram\[209\]\[6\],20.56µm
u_bram.bram\[64\]\[7\],20.56µm
_09497_,20.545µm
_10003_,20.52µm
u_bram.bram\[146\]\[5\],20.505µm
u_bram.bram\[57\]\[5\],20.5µm
u_bram.bram\[60\]\[15\],20.5µm
u_bram.bram\[131\]\[20\],20.46µm
u_fifo_ctrl.u_w_b2g.gray_out\[0\],20.46µm
_09383_,20.44µm
u_bram.bram\[139\]\[14\],20.44µm
u_bram.bram\[165\]\[16\],20.44µm
u_bram.bram\[201\]\[24\],20.44µm
u_bram.bram\[236\]\[22\],20.44µm
u_bram.bram\[253\]\[9\],20.44µm
u_bram.bram\[41\]\[24\],20.44µm
u_bram.bram\[60\]\[4\],20.44µm
u_bram.bram\[185\]\[23\],20.42µm
u_bram.bram\[73\]\[15\],20.42µm
u_bram.bram\[12\]\[17\],20.41µm
_10861_,20.4µm
_12014_,20.4µm
_12045_,20.4µm
_12137_,20.4µm
u_bram.bram\[231\]\[16\],20.4µm
u_bram.bram\[23\]\[1\],20.4µm
u_bram.bram\[5\]\[19\],20.4µm
u_bram.bram\[139\]\[27\],20.38µm
u_bram.bram\[70\]\[16\],20.37µm
u_bram.bram\[143\]\[22\],20.34µm
_13746_,20.32µm
u_bram.bram\[174\]\[25\],20.305µm
u_bram.bram\[201\]\[31\],20.28µm
_11373_,20.26µm
u_bram.bram\[204\]\[29\],20.26µm
u_bram.bram\[160\]\[26\],20.24µm
u_bram.bram\[76\]\[14\],20.24µm
_09794_,20.2µm
_10113_,20.2µm
_10374_,20.2µm
_11809_,20.2µm
u_bram.bram\[48\]\[23\],20.2µm
_12300_,20.16µm
u_bram.bram\[195\]\[18\],20.16µm
u_bram.bram\[114\]\[20\],20.145µm
_12714_,20.14µm
_13330_,20.14µm
u_bram.bram\[231\]\[11\],20.14µm
_11190_,20.125µm
_12981_,20.12µm
u_bram.bram\[171\]\[17\],20.12µm
u_bram.bram\[48\]\[7\],20.12µm
u_bram.bram\[230\]\[5\],20.105µm
_12362_,20.1µm
u_bram.bram\[192\]\[7\],20.08µm
u_bram.bram\[45\]\[20\],20.08µm
u_bram.bram\[63\]\[2\],20.08µm
u_bram.bram\[94\]\[22\],20.08µm
_11473_,20.06µm
u_bram.bram\[124\]\[4\],20.06µm
u_bram.bram\[130\]\[2\],20.045µm
u_bram.bram\[170\]\[3\],20.045µm
u_bram.bram\[48\]\[13\],20.04µm
u_bram.bram\[166\]\[20\],20.03µm
u_bram.bram\[230\]\[28\],20.03µm
_11770_,20.025µm
u_bram.bram\[174\]\[17\],20.025µm
u_bram.bram\[45\]\[28\],20.02µm
u_bram.bram\[98\]\[10\],20.01µm
_11849_,20µm
_13798_,20µm
u_bram.bram\[181\]\[30\],20µm
_08616_,19.98µm
u_bram.bram\[21\]\[3\],19.98µm
u_bram.bram\[210\]\[4\],19.965µm
_09393_,19.96µm
u_bram.bram\[66\]\[0\],19.945µm
_10601_,19.94µm
_13454_,19.94µm
u_bram.bram\[253\]\[30\],19.94µm
u_bram.bram\[146\]\[16\],19.93µm
u_bram.bram\[218\]\[20\],19.925µm
u_bram.bram\[6\]\[15\],19.91µm
u_bram.bram\[20\]\[21\],19.875µm
u_bram.bram\[239\]\[1\],19.875µm
_08315_,19.86µm
_09101_,19.86µm
_10630_,19.86µm
u_bram.bram\[201\]\[29\],19.86µm
_08536_,19.84µm
u_bram.bram\[199\]\[16\],19.84µm
u_bram.bram\[254\]\[2\],19.83µm
u_bram.bram\[234\]\[31\],19.825µm
u_bram.bram\[140\]\[5\],19.82µm
u_bram.bram\[17\]\[7\],19.82µm
u_bram.bram\[86\]\[16\],19.81µm
u_bram.bram\[78\]\[4\],19.805µm
u_bram.bram\[197\]\[28\],19.8µm
u_bram.bram\[22\]\[11\],19.785µm
u_bram.bram\[195\]\[22\],19.76µm
_09639_,19.74µm
_11026_,19.74µm
_11874_,19.74µm
_13148_,19.74µm
u_bram.bram\[1\]\[5\],19.74µm
u_bram.bram\[249\]\[29\],19.74µm
u_bram.bram\[210\]\[3\],19.725µm
_09036_,19.72µm
_11030_,19.72µm
u_bram.bram\[143\]\[0\],19.7µm
u_bram.bram\[36\]\[21\],19.7µm
u_bram.bram\[250\]\[24\],19.69µm
u_bram.bram\[14\]\[0\],19.685µm
u_bram.bram\[6\]\[31\],19.685µm
u_bram.bram\[43\]\[17\],19.66µm
u_bram.bram\[47\]\[4\],19.66µm
_09557_,19.64µm
_10032_,19.64µm
u_bram.bram\[70\]\[29\],19.625µm
_09689_,19.62µm
_10043_,19.62µm
u_bram.bram\[129\]\[13\],19.62µm
u_bram.bram\[56\]\[15\],19.62µm
u_bram.bram\[175\]\[12\],19.61µm
u_bram.bram\[198\]\[22\],19.61µm
u_bram.bram\[169\]\[4\],19.58µm
_08838_,19.56µm
u_bram.bram\[131\]\[14\],19.56µm
u_bram.bram\[189\]\[18\],19.56µm
u_bram.bram\[219\]\[22\],19.56µm
u_bram.bram\[43\]\[12\],19.56µm
u_bram.bram\[114\]\[26\],19.545µm
_10846_,19.54µm
u_bram.bram\[177\]\[19\],19.54µm
u_bram.bram\[255\]\[14\],19.54µm
u_bram.bram\[255\]\[23\],19.54µm
u_bram.bram\[29\]\[13\],19.54µm
u_bram.bram\[166\]\[13\],19.53µm
u_bram.bram\[113\]\[28\],19.52µm
u_bram.bram\[97\]\[16\],19.52µm
u_bram.bram\[134\]\[5\],19.51µm
_09789_,19.5µm
_10461_,19.5µm
u_bram.bram\[83\]\[3\],19.5µm
u_bram.bram\[39\]\[23\],19.495µm
u_bram.bram\[127\]\[12\],19.48µm
u_bram.bram\[143\]\[1\],19.48µm
u_bram.bram\[153\]\[0\],19.48µm
_09126_,19.46µm
u_bram.bram\[167\]\[26\],19.46µm
u_bram.bram\[16\]\[12\],19.46µm
u_bram.bram\[60\]\[11\],19.46µm
u_bram.bram\[177\]\[25\],19.44µm
_09401_,19.42µm
_12092_,19.42µm
u_bram.bram\[166\]\[3\],19.405µm
u_bram.bram\[186\]\[5\],19.405µm
u_bram.bram\[190\]\[22\],19.405µm
u_bram.bram\[226\]\[6\],19.405µm
_08696_,19.4µm
_09863_,19.4µm
u_bram.bram\[209\]\[7\],19.4µm
u_bram.bram\[223\]\[18\],19.4µm
u_bram.bram\[82\]\[18\],19.385µm
_10734_,19.38µm
u_bram.bram\[147\]\[4\],19.38µm
_08558_,19.36µm
u_bram.bram\[80\]\[19\],19.36µm
_11968_,19.34µm
u_bram.bram\[96\]\[31\],19.34µm
u_bram.bram\[218\]\[3\],19.325µm
_10962_,19.32µm
_13253_,19.32µm
u_bram.bram\[76\]\[7\],19.32µm
u_bram.bram\[226\]\[13\],19.31µm
u_bram.bram\[73\]\[4\],19.3µm
u_bram.bram\[175\]\[22\],19.295µm
_10021_,19.28µm
_12528_,19.28µm
u_bram.bram\[106\]\[16\],19.265µm
_11627_,19.26µm
_13282_,19.26µm
u_bram.bram\[122\]\[13\],19.25µm
u_fifo_ctrl.u_w_b2g.gray_out\[4\],19.245µm
_13039_,19.24µm
u_bram.bram\[84\]\[13\],19.24µm
u_bram.bram\[210\]\[1\],19.225µm
u_bram.bram\[96\]\[17\],19.22µm
_13996_,19.2µm
u_bram.bram\[127\]\[6\],19.2µm
u_bram.bram\[13\]\[13\],19.2µm
u_bram.bram\[189\]\[19\],19.2µm
u_bram.bram\[241\]\[5\],19.2µm
_11655_,19.18µm
u_bram.bram\[197\]\[14\],19.18µm
u_bram.bram\[74\]\[22\],19.165µm
u_bram.bram\[86\]\[13\],19.165µm
_10579_,19.16µm
_10270_,19.14µm
u_bram.bram\[75\]\[31\],19.14µm
_10214_,19.12µm
u_bram.bram\[201\]\[18\],19.12µm
u_bram.bram\[204\]\[13\],19.12µm
u_bram.bram\[71\]\[1\],19.12µm
u_bram.bram\[186\]\[1\],19.11µm
u_bram.bram\[218\]\[27\],19.11µm
u_bram.bram\[238\]\[13\],19.105µm
u_bram.bram\[172\]\[1\],19.1µm
u_bram.bram\[196\]\[16\],19.1µm
u_bram.bram\[230\]\[21\],19.09µm
_10361_,19.08µm
_11351_,19.08µm
u_bram.bram\[30\]\[9\],19.08µm
_08633_,19.06µm
_11561_,19.06µm
_13538_,19.06µm
u_bram.bram\[197\]\[4\],19.06µm
u_bram.bram\[229\]\[8\],19.06µm
u_bram.bram\[235\]\[25\],19.06µm
u_bram.bram\[65\]\[28\],19.06µm
u_bram.bram\[9\]\[17\],19.06µm
_11302_,19.04µm
u_bram.bram\[16\]\[18\],19.04µm
u_bram.bram\[34\]\[3\],19.025µm
u_bram.bram\[23\]\[4\],19.02µm
u_bram.bram\[2\]\[16\],18.985µm
_11299_,18.98µm
_13337_,18.98µm
u_bram.bram\[175\]\[27\],18.98µm
_08298_,18.96µm
_10487_,18.96µm
_13082_,18.96µm
_13832_,18.96µm
u_bram.bram\[232\]\[25\],18.96µm
u_bram.bram\[3\]\[23\],18.96µm
u_bram.bram\[79\]\[16\],18.96µm
u_bram.bram\[14\]\[2\],18.945µm
_08303_,18.94µm
_09793_,18.94µm
_10381_,18.94µm
_10383_,18.94µm
u_bram.bram\[145\]\[7\],18.94µm
u_bram.bram\[177\]\[0\],18.94µm
u_bram.bram\[66\]\[13\],18.925µm
_08546_,18.92µm
_09354_,18.92µm
u_bram.bram\[34\]\[30\],18.905µm
u_bram.bram\[239\]\[10\],18.9µm
u_bram.bram\[64\]\[3\],18.9µm
u_bram.bram\[68\]\[21\],18.9µm
u_bram.bram\[111\]\[31\],18.88µm
u_bram.bram\[162\]\[13\],18.87µm
u_bram.bram\[14\]\[12\],18.865µm
u_bram.bram\[235\]\[10\],18.86µm
u_bram.bram\[122\]\[31\],18.85µm
_11136_,18.84µm
u_bram.bram\[125\]\[8\],18.84µm
u_bram.bram\[1\]\[18\],18.84µm
_09804_,18.83µm
u_bram.bram\[82\]\[0\],18.825µm
_08789_,18.82µm
_11463_,18.82µm
_13249_,18.82µm
_13600_,18.82µm
u_bram.bram\[65\]\[16\],18.82µm
u_bram.bram\[102\]\[12\],18.805µm
u_bram.bram\[22\]\[5\],18.805µm
_09100_,18.8µm
_12147_,18.8µm
u_bram.bram\[190\]\[11\],18.785µm
u_bram.bram\[71\]\[16\],18.78µm
u_bram.bram\[79\]\[29\],18.78µm
u_bram.bram\[99\]\[4\],18.78µm
u_bram.bram\[226\]\[2\],18.765µm
u_bram.bram\[221\]\[1\],18.76µm
u_bram.bram\[227\]\[15\],18.76µm
u_bram.bram\[250\]\[28\],18.75µm
_13349_,18.74µm
_13442_,18.74µm
u_bram.bram\[41\]\[23\],18.74µm
u_bram.bram\[138\]\[2\],18.725µm
u_bram.bram\[46\]\[26\],18.725µm
u_bram.bram\[248\]\[15\],18.72µm
u_bram.bram\[229\]\[0\],18.7µm
u_bram.bram\[65\]\[20\],18.7µm
_10349_,18.68µm
_11664_,18.68µm
u_bram.bram\[179\]\[5\],18.68µm
u_bram.bram\[23\]\[8\],18.68µm
u_bram.bram\[202\]\[22\],18.67µm
u_bram.bram\[110\]\[22\],18.665µm
u_bram.bram\[154\]\[17\],18.665µm
u_bram.bram\[6\]\[1\],18.665µm
u_bram.bram\[86\]\[20\],18.665µm
u_bram.bram\[86\]\[7\],18.665µm
u_bram.bram\[173\]\[12\],18.66µm
u_bram.bram\[49\]\[28\],18.66µm
u_bram.bram\[60\]\[0\],18.66µm
u_bram.bram\[230\]\[30\],18.65µm
u_bram.bram\[62\]\[4\],18.65µm
_12105_,18.64µm
u_bram.bram\[171\]\[1\],18.64µm
u_bram.bram\[19\]\[4\],18.64µm
u_bram.bram\[235\]\[13\],18.64µm
u_bram.bram\[251\]\[29\],18.64µm
u_bram.bram\[79\]\[26\],18.63µm
_10581_,18.62µm
_12161_,18.62µm
u_bram.bram\[167\]\[22\],18.62µm
_09547_,18.6µm
_11073_,18.6µm
_12311_,18.6µm
u_bram.bram\[105\]\[17\],18.6µm
u_bram.bram\[124\]\[30\],18.6µm
u_bram.bram\[141\]\[7\],18.6µm
u_bram.bram\[173\]\[16\],18.6µm
u_bram.bram\[17\]\[28\],18.6µm
u_bram.bram\[199\]\[13\],18.6µm
u_bram.bram\[201\]\[15\],18.6µm
u_bram.bram\[38\]\[26\],18.585µm
_08825_,18.58µm
u_bram.bram\[219\]\[29\],18.58µm
u_bram.bram\[253\]\[14\],18.58µm
u_bram.bram\[162\]\[2\],18.565µm
_09049_,18.56µm
u_bram.bram\[209\]\[24\],18.56µm
u_bram.bram\[230\]\[17\],18.55µm
_11014_,18.54µm
u_bram.bram\[244\]\[18\],18.54µm
_08929_,18.52µm
_11913_,18.52µm
_13428_,18.52µm
u_bram.bram\[229\]\[27\],18.52µm
_13971_,18.515µm
_11421_,18.5µm
_12155_,18.5µm
u_bram.bram\[73\]\[31\],18.5µm
u_bram.bram\[166\]\[6\],18.485µm
_12042_,18.48µm
u_bram.bram\[114\]\[8\],18.47µm
u_bram.bram\[202\]\[17\],18.47µm
u_bram.bram\[114\]\[4\],18.465µm
u_bram.bram\[113\]\[29\],18.46µm
u_bram.bram\[1\]\[2\],18.46µm
u_bram.bram\[77\]\[24\],18.46µm
u_bram.bram\[250\]\[20\],18.45µm
_11260_,18.44µm
_13995_,18.44µm
u_bram.bram\[175\]\[18\],18.44µm
u_bram.bram\[86\]\[31\],18.43µm
u_bram.bram\[22\]\[19\],18.425µm
u_bram.bram\[250\]\[1\],18.425µm
u_bram.bram\[191\]\[24\],18.42µm
u_bram.bram\[204\]\[26\],18.42µm
u_bram.bram\[190\]\[31\],18.41µm
_12348_,18.4µm
_12779_,18.4µm
u_bram.bram\[208\]\[26\],18.4µm
u_bram.bram\[40\]\[3\],18.4µm
u_bram.bram\[87\]\[14\],18.4µm
_09490_,18.38µm
_10459_,18.38µm
_13429_,18.38µm
u_bram.bram\[132\]\[27\],18.38µm
_08631_,18.37µm
u_bram.bram\[250\]\[0\],18.365µm
_10028_,18.36µm
u_bram.bram\[171\]\[27\],18.36µm
u_bram.bram\[219\]\[14\],18.36µm
u_bram.bram\[114\]\[13\],18.345µm
u_bram.bram\[18\]\[13\],18.345µm
_11271_,18.34µm
u_bram.bram\[180\]\[14\],18.34µm
u_bram.bram\[172\]\[2\],18.32µm
u_bram.bram\[188\]\[30\],18.32µm
u_bram.bram\[197\]\[23\],18.32µm
u_bram.bram\[224\]\[23\],18.32µm
u_bram.bram\[236\]\[17\],18.32µm
u_bram.bram\[247\]\[9\],18.32µm
u_bram.bram\[32\]\[8\],18.32µm
u_bram.bram\[7\]\[14\],18.32µm
u_bram.bram\[92\]\[24\],18.32µm
u_bram.bram\[142\]\[17\],18.31µm
u_bram.bram\[142\]\[23\],18.31µm
u_bram.bram\[186\]\[22\],18.31µm
u_bram.bram\[78\]\[1\],18.305µm
u_bram.bram\[82\]\[30\],18.305µm
u_bram.bram\[152\]\[25\],18.3µm
_11872_,18.28µm
_13710_,18.28µm
u_bram.bram\[212\]\[8\],18.28µm
u_bram.bram\[33\]\[26\],18.28µm
u_bram.bram\[5\]\[24\],18.28µm
_09528_,18.275µm
u_bram.bram\[202\]\[5\],18.27µm
_10510_,18.26µm
_11606_,18.26µm
_12608_,18.26µm
_13753_,18.26µm
_12422_,18.245µm
u_bram.bram\[126\]\[29\],18.245µm
u_bram.bram\[226\]\[21\],18.245µm
u_bram.bram\[66\]\[24\],18.245µm
u_bram.bram\[127\]\[7\],18.24µm
u_bram.bram\[153\]\[11\],18.24µm
u_bram.bram\[193\]\[11\],18.24µm
u_bram.bram\[1\]\[25\],18.24µm
u_bram.bram\[204\]\[27\],18.24µm
u_bram.bram\[4\]\[24\],18.24µm
u_bram.bram\[77\]\[26\],18.24µm
u_bram.bram\[132\]\[30\],18.22µm
u_bram.bram\[40\]\[30\],18.22µm
u_bram.bram\[87\]\[10\],18.22µm
u_bram.bram\[87\]\[12\],18.22µm
u_bram.bram\[74\]\[7\],18.21µm
u_bram.bram\[226\]\[26\],18.205µm
u_bram.bram\[64\]\[12\],18.2µm
u_bram.bram\[22\]\[22\],18.19µm
u_bram.bram\[109\]\[29\],18.18µm
u_bram.bram\[131\]\[0\],18.18µm
u_bram.bram\[169\]\[9\],18.18µm
u_bram.bram\[236\]\[2\],18.18µm
u_bram.bram\[251\]\[8\],18.18µm
u_bram.bram\[255\]\[15\],18.18µm
u_bram.bram\[83\]\[24\],18.18µm
u_bram.bram\[162\]\[16\],18.165µm
u_bram.bram\[66\]\[17\],18.165µm
_08652_,18.16µm
_12672_,18.16µm
u_bram.bram\[60\]\[26\],18.16µm
u_bram.bram\[9\]\[26\],18.16µm
_12321_,18.14µm
u_bram.bram\[32\]\[27\],18.14µm
u_bram.bram\[69\]\[10\],18.14µm
u_bram.bram\[73\]\[17\],18.14µm
_08878_,18.12µm
u_bram.bram\[1\]\[11\],18.12µm
u_bram.bram\[203\]\[4\],18.12µm
u_bram.bram\[66\]\[23\],18.105µm
_08860_,18.1µm
_09816_,18.1µm
_12955_,18.1µm
u_bram.bram\[152\]\[4\],18.1µm
u_bram.bram\[223\]\[6\],18.1µm
u_bram.bram\[224\]\[11\],18.1µm
u_bram.bram\[55\]\[20\],18.1µm
u_bram.bram\[77\]\[21\],18.1µm
_13875_,18.08µm
u_bram.bram\[125\]\[9\],18.08µm
u_bram.bram\[140\]\[9\],18.08µm
u_bram.bram\[228\]\[24\],18.08µm
u_bram.bram\[59\]\[6\],18.08µm
u_bram.bram\[68\]\[14\],18.08µm
u_bram.bram\[91\]\[29\],18.08µm
u_bram.bram\[187\]\[15\],18.075µm
u_bram.bram\[202\]\[26\],18.07µm
_09852_,18.06µm
_12473_,18.06µm
u_bram.bram\[175\]\[31\],18.06µm
u_bram.bram\[196\]\[25\],18.06µm
u_bram.bram\[57\]\[6\],18.06µm
u_bram.bram\[146\]\[1\],18.05µm
_10307_,18.04µm
u_bram.bram\[135\]\[2\],18.04µm
u_bram.bram\[143\]\[6\],18.04µm
u_bram.bram\[200\]\[12\],18.04µm
u_bram.bram\[55\]\[6\],18.04µm
_09815_,18.02µm
_12784_,18.02µm
u_bram.bram\[0\]\[11\],18.02µm
u_bram.bram\[12\]\[20\],18.02µm
u_bram.bram\[205\]\[8\],18.02µm
u_bram.bram\[209\]\[27\],18.02µm
u_bram.bram\[41\]\[28\],18.02µm
u_bram.bram\[50\]\[0\],18.02µm
u_bram.bram\[8\]\[31\],18.02µm
_10550_,18µm
u_bram.bram\[0\]\[28\],18µm
u_bram.bram\[246\]\[3\],18µm
u_bram.bram\[206\]\[14\],17.99µm
u_bram.bram\[46\]\[3\],17.99µm
u_bram.bram\[122\]\[29\],17.985µm
u_bram.bram\[146\]\[4\],17.985µm
_09868_,17.98µm
u_bram.bram\[160\]\[2\],17.98µm
u_bram.bram\[216\]\[29\],17.98µm
u_bram.bram\[224\]\[6\],17.98µm
u_bram.bram\[85\]\[7\],17.98µm
u_bram.bram\[93\]\[9\],17.98µm
u_bram.bram\[114\]\[24\],17.965µm
u_bram.bram\[162\]\[24\],17.965µm
u_bram.bram\[134\]\[20\],17.95µm
_09926_,17.94µm
u_bram.bram\[191\]\[26\],17.94µm
_11568_,17.92µm
u_bram.bram\[108\]\[20\],17.92µm
u_bram.bram\[202\]\[20\],17.905µm
u_bram.bram\[139\]\[29\],17.9µm
u_bram.bram\[163\]\[0\],17.9µm
u_bram.bram\[75\]\[22\],17.9µm
u_bram.bram\[142\]\[26\],17.89µm
u_bram.bram\[174\]\[0\],17.89µm
u_bram.bram\[186\]\[16\],17.89µm
u_bram.bram\[66\]\[31\],17.885µm
u_bram.bram\[1\]\[24\],17.88µm
u_bram.bram\[234\]\[24\],17.87µm
u_bram.bram\[86\]\[29\],17.87µm
u_bram.bram\[46\]\[10\],17.865µm
_10724_,17.86µm
u_bram.bram\[99\]\[14\],17.86µm
u_bram.bram\[143\]\[15\],17.84µm
u_bram.bram\[122\]\[28\],17.83µm
u_bram.bram\[202\]\[13\],17.83µm
_12327_,17.82µm
u_bram.bram\[127\]\[31\],17.82µm
u_bram.bram\[191\]\[10\],17.82µm
u_bram.bram\[88\]\[18\],17.82µm
_13732_,17.8µm
u_bram.bram\[130\]\[18\],17.79µm
u_bram.bram\[18\]\[15\],17.785µm
u_bram.bram\[105\]\[18\],17.78µm
u_bram.bram\[108\]\[16\],17.78µm
u_bram.bram\[145\]\[2\],17.78µm
u_bram.bram\[196\]\[23\],17.78µm
_13959_,17.77µm
u_bram.bram\[10\]\[9\],17.77µm
_12083_,17.76µm
u_bram.bram\[153\]\[8\],17.76µm
u_bram.bram\[237\]\[6\],17.76µm
u_bram.bram\[60\]\[22\],17.76µm
u_bram.bram\[96\]\[13\],17.76µm
u_bram.bram\[74\]\[8\],17.75µm
_05003_,17.745µm
_13085_,17.74µm
u_bram.bram\[111\]\[17\],17.74µm
u_bram.bram\[9\]\[28\],17.74µm
u_bram.bram\[142\]\[8\],17.73µm
u_bram.bram\[174\]\[13\],17.73µm
u_bram.bram\[147\]\[23\],17.72µm
u_bram.bram\[188\]\[13\],17.72µm
u_bram.bram\[209\]\[14\],17.72µm
u_bram.bram\[222\]\[22\],17.72µm
u_bram.bram\[231\]\[27\],17.72µm
u_bram.bram\[252\]\[3\],17.72µm
u_bram.bram\[37\]\[16\],17.72µm
u_bram.bram\[39\]\[3\],17.72µm
u_bram.bram\[51\]\[5\],17.72µm
u_bram.bram\[154\]\[15\],17.71µm
u_bram.bram\[58\]\[9\],17.71µm
_10834_,17.7µm
_13707_,17.7µm
u_bram.bram\[147\]\[30\],17.7µm
u_bram.bram\[163\]\[7\],17.7µm
u_bram.bram\[236\]\[20\],17.7µm
u_bram.bram\[3\]\[31\],17.7µm
u_fifo_ctrl.u_w_b2g.binary_in\[7\],17.7µm
u_bram.bram\[6\]\[21\],17.695µm
_09860_,17.68µm
_10044_,17.68µm
_10390_,17.68µm
_10790_,17.68µm
u_bram.bram\[101\]\[11\],17.68µm
u_bram.bram\[108\]\[3\],17.68µm
u_bram.bram\[109\]\[13\],17.68µm
u_bram.bram\[161\]\[11\],17.68µm
u_bram.bram\[20\]\[9\],17.68µm
u_bram.bram\[21\]\[30\],17.68µm
u_bram.bram\[33\]\[16\],17.68µm
u_bram.bram\[5\]\[28\],17.68µm
u_bram.bram\[97\]\[7\],17.68µm
u_bram.bram\[128\]\[25\],17.66µm
u_bram.bram\[136\]\[24\],17.66µm
u_bram.bram\[172\]\[27\],17.66µm
u_bram.bram\[1\]\[29\],17.66µm
u_bram.bram\[166\]\[19\],17.645µm
u_bram.bram\[66\]\[12\],17.645µm
u_bram.bram\[208\]\[21\],17.64µm
u_bram.bram\[18\]\[7\],17.63µm
u_bram.bram\[58\]\[22\],17.63µm
u_bram.bram\[62\]\[15\],17.625µm
u_bram.bram\[66\]\[8\],17.625µm
u_bram.bram\[112\]\[24\],17.62µm
u_bram.bram\[112\]\[7\],17.62µm
u_bram.bram\[172\]\[24\],17.62µm
u_bram.bram\[234\]\[21\],17.615µm
_08800_,17.6µm
_09555_,17.6µm
u_bram.bram\[87\]\[25\],17.6µm
u_bram.bram\[190\]\[28\],17.59µm
_08569_,17.58µm
u_bram.bram\[141\]\[2\],17.58µm
u_bram.bram\[57\]\[24\],17.58µm
u_bram.bram\[214\]\[0\],17.57µm
u_bram.bram\[142\]\[12\],17.565µm
u_bram.bram\[218\]\[15\],17.565µm
u_bram.bram\[115\]\[9\],17.56µm
u_bram.bram\[13\]\[12\],17.56µm
u_bram.bram\[143\]\[10\],17.56µm
u_bram.bram\[184\]\[17\],17.56µm
u_bram.bram\[249\]\[7\],17.56µm
u_bram.bram\[40\]\[23\],17.56µm
u_bram.bram\[5\]\[21\],17.56µm
u_bram.bram\[9\]\[25\],17.56µm
w_data[20],17.56µm
u_bram.bram\[206\]\[31\],17.545µm
u_bram.bram\[128\]\[2\],17.54µm
u_bram.bram\[71\]\[7\],17.54µm
u_bram.bram\[134\]\[30\],17.53µm
u_bram.bram\[7\]\[12\],17.53µm
u_bram.bram\[86\]\[19\],17.53µm
u_bram.bram\[198\]\[25\],17.525µm
u_bram.bram\[86\]\[21\],17.525µm
u_bram.bram\[12\]\[8\],17.52µm
u_bram.bram\[152\]\[22\],17.52µm
u_bram.bram\[175\]\[5\],17.52µm
u_bram.bram\[223\]\[23\],17.52µm
u_bram.bram\[26\]\[8\],17.52µm
u_bram.bram\[80\]\[13\],17.52µm
u_bram.bram\[70\]\[23\],17.51µm
_11051_,17.5µm
u_bram.bram\[124\]\[19\],17.5µm
u_bram.bram\[208\]\[10\],17.5µm
u_bram.bram\[84\]\[23\],17.5µm
u_bram.bram\[194\]\[3\],17.49µm
u_bram.bram\[166\]\[4\],17.485µm
_13021_,17.48µm
u_bram.bram\[208\]\[20\],17.48µm
u_bram.bram\[61\]\[24\],17.48µm
u_bram.bram\[81\]\[28\],17.48µm
u_bram.bram\[230\]\[15\],17.47µm
u_bram.bram\[234\]\[30\],17.47µm
u_bram.bram\[154\]\[3\],17.465µm
u_bram.bram\[98\]\[31\],17.465µm
_11172_,17.46µm
_12023_,17.46µm
_12390_,17.46µm
_12516_,17.46µm
u_bram.bram\[174\]\[16\],17.445µm
u_bram.bram\[218\]\[6\],17.445µm
u_bram.bram\[66\]\[25\],17.445µm
_13361_,17.44µm
u_bram.bram\[47\]\[17\],17.44µm
_08646_,17.42µm
_09298_,17.42µm
u_bram.bram\[82\]\[1\],17.405µm
u_bram.bram\[107\]\[25\],17.4µm
u_bram.bram\[115\]\[2\],17.4µm
u_bram.bram\[191\]\[22\],17.4µm
u_bram.bram\[67\]\[9\],17.4µm
u_bram.bram\[98\]\[30\],17.39µm
u_bram.bram\[174\]\[7\],17.385µm
u_bram.bram\[46\]\[16\],17.385µm
u_bram.bram\[155\]\[15\],17.38µm
u_bram.bram\[202\]\[25\],17.365µm
u_bram.bram\[226\]\[17\],17.365µm
_11550_,17.36µm
_13767_,17.36µm
u_bram.bram\[123\]\[28\],17.36µm
u_bram.bram\[189\]\[16\],17.36µm
u_bram.bram\[207\]\[29\],17.36µm
u_bram.bram\[14\]\[21\],17.345µm
u_bram.bram\[154\]\[4\],17.345µm
u_bram.bram\[190\]\[24\],17.345µm
u_bram.bram\[2\]\[24\],17.345µm
_10187_,17.34µm
_10551_,17.34µm
_10767_,17.34µm
u_bram.bram\[228\]\[30\],17.34µm
u_bram.bram\[6\]\[14\],17.33µm
u_bram.bram\[254\]\[31\],17.325µm
u_bram.bram\[112\]\[10\],17.32µm
u_bram.bram\[173\]\[31\],17.32µm
u_bram.bram\[197\]\[15\],17.32µm
u_bram.bram\[18\]\[24\],17.31µm
u_bram.bram\[62\]\[10\],17.31µm
u_bram.bram\[206\]\[7\],17.305µm
_11367_,17.3µm
u_bram.bram\[19\]\[30\],17.3µm
u_bram.bram\[20\]\[20\],17.3µm
u_bram.bram\[231\]\[19\],17.3µm
_08238_,17.28µm
u_bram.bram\[108\]\[27\],17.28µm
u_bram.bram\[164\]\[17\],17.28µm
u_bram.bram\[37\]\[7\],17.28µm
u_bram.bram\[121\]\[31\],17.26µm
u_bram.bram\[15\]\[5\],17.26µm
u_bram.bram\[178\]\[9\],17.26µm
u_bram.bram\[199\]\[21\],17.26µm
u_bram.bram\[249\]\[20\],17.26µm
u_bram.bram\[33\]\[25\],17.26µm
u_bram.bram\[47\]\[29\],17.26µm
u_bram.bram\[48\]\[24\],17.26µm
u_bram.bram\[83\]\[14\],17.26µm
u_bram.bram\[10\]\[7\],17.25µm
_09829_,17.24µm
u_bram.bram\[226\]\[0\],17.225µm
u_bram.bram\[238\]\[29\],17.225µm
u_bram.bram\[161\]\[30\],17.22µm
u_bram.bram\[17\]\[11\],17.22µm
u_bram.bram\[201\]\[5\],17.22µm
u_bram.bram\[242\]\[8\],17.22µm
u_bram.bram\[87\]\[26\],17.22µm
u_bram.bram\[102\]\[9\],17.21µm
u_bram.bram\[114\]\[6\],17.21µm
u_bram.bram\[3\]\[6\],17.2µm
u_bram.bram\[134\]\[14\],17.185µm
_08691_,17.18µm
_09960_,17.18µm
_12861_,17.18µm
_12910_,17.18µm
u_bram.bram\[164\]\[6\],17.18µm
u_bram.bram\[180\]\[1\],17.18µm
u_bram.bram\[188\]\[28\],17.18µm
u_bram.bram\[209\]\[2\],17.18µm
u_bram.bram\[236\]\[6\],17.18µm
u_bram.bram\[68\]\[31\],17.18µm
u_bram.bram\[226\]\[18\],17.17µm
u_bram.bram\[58\]\[0\],17.17µm
u_bram.bram\[192\]\[4\],17.16µm
u_bram.bram\[216\]\[11\],17.16µm
u_bram.bram\[252\]\[24\],17.16µm
u_bram.bram\[42\]\[22\],17.155µm
u_bram.bram\[42\]\[8\],17.145µm
_11204_,17.14µm
_11722_,17.14µm
_11878_,17.14µm
_12799_,17.14µm
u_bram.bram\[13\]\[10\],17.14µm
u_bram.bram\[85\]\[28\],17.14µm
_12971_,17.12µm
_14015_,17.12µm
u_bram.bram\[56\]\[30\],17.11µm
u_bram.bram\[6\]\[29\],17.105µm
u_bram.bram\[121\]\[7\],17.1µm
u_bram.bram\[124\]\[22\],17.1µm
u_bram.bram\[167\]\[20\],17.1µm
u_bram.bram\[169\]\[6\],17.1µm
u_bram.bram\[187\]\[17\],17.1µm
u_bram.bram\[192\]\[25\],17.1µm
u_bram.bram\[231\]\[0\],17.1µm
u_bram.bram\[234\]\[20\],17.09µm
_09387_,17.08µm
u_bram.bram\[224\]\[17\],17.08µm
u_bram.bram\[227\]\[8\],17.08µm
u_bram.bram\[238\]\[1\],17.075µm
u_bram.bram\[102\]\[26\],17.07µm
u_bram.bram\[166\]\[17\],17.07µm
u_bram.bram\[186\]\[19\],17.07µm
u_bram.bram\[226\]\[16\],17.07µm
u_bram.bram\[250\]\[31\],17.07µm
u_bram.bram\[49\]\[27\],17.07µm
u_bram.bram\[66\]\[1\],17.07µm
u_bram.bram\[78\]\[17\],17.065µm
_08582_,17.06µm
_12571_,17.06µm
_13015_,17.06µm
u_bram.bram\[12\]\[25\],17.06µm
u_bram.bram\[155\]\[26\],17.06µm
u_bram.bram\[251\]\[26\],17.06µm
u_bram.bram\[48\]\[30\],17.06µm
u_bram.bram\[64\]\[29\],17.06µm
u_bram.bram\[76\]\[24\],17.06µm
u_fifo_ctrl.r_bin_next\[0\],17.06µm
u_bram.bram\[86\]\[9\],17.05µm
_08521_,17.04µm
_09619_,17.04µm
u_bram.bram\[111\]\[20\],17.04µm
u_bram.bram\[135\]\[1\],17.04µm
u_bram.bram\[244\]\[9\],17.04µm
u_bram.bram\[84\]\[7\],17.04µm
u_bram.bram\[114\]\[31\],17.03µm
u_bram.bram\[102\]\[14\],17.025µm
u_bram.bram\[202\]\[19\],17.025µm
u_bram.bram\[210\]\[12\],17.025µm
u_bram.bram\[98\]\[21\],17.025µm
_09059_,17.02µm
_11987_,17.02µm
_12845_,17.02µm
_13438_,17.02µm
u_bram.bram\[21\]\[4\],17.02µm
u_bram.bram\[73\]\[9\],17.02µm
_11202_,17.015µm
u_bram.bram\[226\]\[4\],17.015µm
u_bram.bram\[234\]\[17\],17.005µm
_08756_,17µm
_11769_,17µm
_12088_,17µm
w_ptr_gray_meta\[3\],17µm
u_bram.bram\[10\]\[23\],16.99µm
u_bram.bram\[78\]\[27\],16.985µm
u_bram.bram\[150\]\[16\],16.98µm
u_bram.bram\[187\]\[28\],16.98µm
u_bram.bram\[209\]\[8\],16.98µm
u_bram.bram\[209\]\[9\],16.98µm
u_bram.bram\[215\]\[18\],16.98µm
u_bram.bram\[23\]\[3\],16.98µm
u_bram.bram\[190\]\[17\],16.965µm
u_bram.bram\[210\]\[30\],16.965µm
u_bram.bram\[78\]\[16\],16.965µm
_10014_,16.96µm
u_bram.bram\[239\]\[26\],16.96µm
u_bram.bram\[146\]\[30\],16.95µm
u_bram.bram\[50\]\[7\],16.95µm
u_bram.bram\[78\]\[23\],16.95µm
u_bram.bram\[154\]\[12\],16.945µm
u_bram.bram\[154\]\[21\],16.945µm
u_bram.bram\[152\]\[12\],16.94µm
u_bram.bram\[216\]\[7\],16.92µm
u_bram.bram\[32\]\[24\],16.92µm
u_bram.bram\[14\]\[25\],16.905µm
u_bram.bram\[166\]\[11\],16.905µm
_08327_,16.9µm
u_bram.bram\[230\]\[1\],16.885µm
_09502_,16.86µm
u_bram.bram\[111\]\[25\],16.86µm
u_bram.bram\[120\]\[14\],16.86µm
u_bram.bram\[161\]\[21\],16.86µm
u_bram.bram\[252\]\[22\],16.86µm
u_bram.bram\[253\]\[16\],16.86µm
u_bram.bram\[51\]\[30\],16.86µm
u_bram.bram\[14\]\[31\],16.85µm
u_bram.bram\[18\]\[27\],16.85µm
u_bram.bram\[86\]\[11\],16.845µm
_08940_,16.84µm
_09838_,16.84µm
_10156_,16.84µm
u_bram.bram\[103\]\[16\],16.84µm
u_bram.bram\[184\]\[18\],16.84µm
u_bram.bram\[196\]\[6\],16.84µm
u_bram.bram\[244\]\[17\],16.84µm
u_bram.bram\[39\]\[29\],16.84µm
u_bram.bram\[76\]\[17\],16.84µm
u_bram.bram\[76\]\[18\],16.84µm
u_bram.bram\[122\]\[21\],16.83µm
u_bram.bram\[198\]\[5\],16.825µm
u_bram.bram\[204\]\[1\],16.82µm
u_bram.bram\[236\]\[15\],16.82µm
u_bram.bram\[3\]\[21\],16.82µm
u_bram.bram\[64\]\[22\],16.82µm
u_bram.bram\[174\]\[14\],16.805µm
u_bram.bram\[58\]\[2\],16.805µm
_13901_,16.8µm
u_bram.bram\[133\]\[26\],16.8µm
u_bram.bram\[137\]\[16\],16.8µm
u_bram.bram\[15\]\[27\],16.8µm
u_bram.bram\[182\]\[1\],16.8µm
u_bram.bram\[193\]\[16\],16.8µm
u_bram.bram\[195\]\[26\],16.8µm
u_bram.bram\[197\]\[22\],16.8µm
u_bram.bram\[1\]\[0\],16.8µm
u_bram.bram\[229\]\[20\],16.8µm
u_bram.bram\[5\]\[30\],16.8µm
u_bram.bram\[61\]\[23\],16.8µm
_08233_,16.78µm
_14013_,16.78µm
u_bram.bram\[128\]\[23\],16.78µm
u_bram.bram\[249\]\[22\],16.78µm
u_bram.bram\[226\]\[15\],16.765µm
u_bram.bram\[38\]\[9\],16.765µm
_13110_,16.76µm
u_bram.bram\[161\]\[12\],16.76µm
u_bram.bram\[163\]\[21\],16.76µm
u_bram.bram\[204\]\[9\],16.76µm
u_bram.bram\[235\]\[4\],16.76µm
u_bram.bram\[236\]\[18\],16.76µm
u_bram.bram\[236\]\[27\],16.76µm
u_bram.bram\[248\]\[4\],16.76µm
u_bram.bram\[37\]\[23\],16.76µm
u_bram.bram\[43\]\[3\],16.76µm
u_bram.bram\[97\]\[17\],16.76µm
u_bram.bram\[122\]\[5\],16.745µm
_10077_,16.74µm
u_bram.bram\[101\]\[17\],16.74µm
u_bram.bram\[140\]\[15\],16.74µm
u_bram.bram\[167\]\[17\],16.74µm
u_bram.bram\[168\]\[10\],16.74µm
u_bram.bram\[187\]\[10\],16.74µm
u_bram.bram\[207\]\[13\],16.74µm
u_bram.bram\[208\]\[4\],16.74µm
u_bram.bram\[233\]\[1\],16.74µm
u_bram.bram\[71\]\[11\],16.74µm
u_bram.bram\[146\]\[17\],16.73µm
u_bram.bram\[122\]\[3\],16.725µm
_10657_,16.72µm
u_bram.bram\[143\]\[4\],16.72µm
u_bram.bram\[182\]\[0\],16.72µm
u_bram.bram\[20\]\[1\],16.72µm
u_bram.bram\[227\]\[4\],16.72µm
u_bram.bram\[102\]\[24\],16.71µm
u_bram.bram\[106\]\[28\],16.71µm
u_bram.bram\[162\]\[23\],16.71µm
u_bram.bram\[186\]\[28\],16.71µm
u_bram.bram\[42\]\[29\],16.71µm
u_bram.bram\[70\]\[14\],16.71µm
u_bram.bram\[70\]\[7\],16.71µm
u_bram.bram\[66\]\[2\],16.705µm
u_bram.bram\[98\]\[28\],16.705µm
u_bram.bram\[108\]\[24\],16.7µm
u_bram.bram\[71\]\[27\],16.7µm
_13322_,16.695µm
u_bram.bram\[42\]\[15\],16.685µm
_10249_,16.68µm
_12035_,16.68µm
_12289_,16.68µm
_14005_,16.68µm
u_bram.bram\[207\]\[7\],16.68µm
u_bram.bram\[23\]\[20\],16.68µm
u_bram.bram\[23\]\[6\],16.68µm
_12562_,16.66µm
u_bram.bram\[185\]\[19\],16.66µm
u_bram.bram\[231\]\[22\],16.66µm
u_bram.bram\[26\]\[7\],16.66µm
u_bram.bram\[134\]\[25\],16.645µm
u_bram.bram\[14\]\[23\],16.645µm
u_bram.bram\[166\]\[23\],16.645µm
u_bram.bram\[194\]\[28\],16.645µm
u_bram.bram\[82\]\[11\],16.645µm
_11358_,16.64µm
_11480_,16.64µm
u_bram.bram\[129\]\[29\],16.64µm
u_bram.bram\[140\]\[30\],16.64µm
u_bram.bram\[168\]\[17\],16.64µm
u_bram.bram\[5\]\[25\],16.64µm
u_bram.bram\[80\]\[31\],16.64µm
u_bram.bram\[198\]\[30\],16.63µm
u_bram.bram\[234\]\[26\],16.63µm
u_bram.bram\[230\]\[4\],16.625µm
_10117_,16.62µm
_13235_,16.62µm
u_bram.bram\[124\]\[0\],16.62µm
u_bram.bram\[139\]\[5\],16.62µm
u_bram.bram\[153\]\[13\],16.62µm
u_bram.bram\[199\]\[7\],16.62µm
u_bram.bram\[4\]\[7\],16.62µm
u_bram.bram\[55\]\[16\],16.62µm
u_bram.bram\[9\]\[7\],16.62µm
u_bram.bram\[226\]\[8\],16.61µm
u_bram.bram\[2\]\[5\],16.605µm
u_bram.bram\[42\]\[31\],16.605µm
u_bram.bram\[129\]\[12\],16.6µm
u_bram.bram\[195\]\[7\],16.6µm
u_bram.bram\[51\]\[9\],16.6µm
u_bram.bram\[71\]\[3\],16.6µm
u_bram.bram\[80\]\[27\],16.6µm
u_bram.bram\[142\]\[25\],16.59µm
u_bram.bram\[42\]\[18\],16.59µm
u_bram.bram\[70\]\[12\],16.59µm
_09709_,16.58µm
u_bram.bram\[155\]\[30\],16.58µm
u_bram.bram\[252\]\[25\],16.58µm
u_bram.bram\[80\]\[29\],16.58µm
u_bram.bram\[93\]\[1\],16.58µm
u_bram.bram\[154\]\[13\],16.565µm
u_bram.bram\[190\]\[30\],16.565µm
u_bram.bram\[254\]\[17\],16.565µm
u_bram.bram\[46\]\[15\],16.565µm
u_bram.bram\[98\]\[6\],16.565µm
_09294_,16.56µm
_13124_,16.56µm
_13132_,16.56µm
_13308_,16.56µm
u_bram.bram\[32\]\[23\],16.56µm
u_bram.bram\[65\]\[1\],16.56µm
u_bram.bram\[70\]\[31\],16.555µm
u_bram.bram\[14\]\[10\],16.55µm
u_bram.bram\[162\]\[3\],16.55µm
_11475_,16.54µm
u_bram.bram\[60\]\[2\],16.54µm
u_bram.bram\[170\]\[29\],16.525µm
u_bram.bram\[174\]\[31\],16.525µm
_08793_,16.52µm
_10991_,16.52µm
_12974_,16.52µm
u_bram.bram\[137\]\[29\],16.52µm
u_bram.bram\[37\]\[2\],16.52µm
u_bram.bram\[67\]\[2\],16.52µm
u_bram.bram\[102\]\[6\],16.505µm
u_bram.bram\[110\]\[23\],16.505µm
u_bram.bram\[254\]\[12\],16.505µm
u_bram.bram\[78\]\[14\],16.505µm
u_bram.bram\[0\]\[24\],16.5µm
u_bram.bram\[178\]\[28\],16.5µm
u_bram.bram\[55\]\[21\],16.5µm
u_bram.bram\[64\]\[8\],16.5µm
u_bram.bram\[94\]\[26\],16.5µm
u_bram.bram\[218\]\[14\],16.485µm
u_bram.bram\[104\]\[22\],16.48µm
u_bram.bram\[108\]\[12\],16.48µm
u_bram.bram\[111\]\[10\],16.48µm
u_bram.bram\[127\]\[11\],16.48µm
u_bram.bram\[195\]\[24\],16.48µm
u_bram.bram\[196\]\[18\],16.48µm
u_bram.bram\[236\]\[31\],16.48µm
u_bram.bram\[26\]\[3\],16.48µm
u_bram.bram\[36\]\[26\],16.48µm
u_bram.bram\[202\]\[1\],16.47µm
u_bram.bram\[74\]\[26\],16.465µm
_13970_,16.46µm
u_bram.bram\[113\]\[13\],16.46µm
u_bram.bram\[180\]\[15\],16.46µm
u_bram.bram\[33\]\[11\],16.46µm
_12808_,16.445µm
_12819_,16.44µm
u_bram.bram\[155\]\[27\],16.44µm
u_bram.bram\[184\]\[28\],16.44µm
u_bram.bram\[204\]\[25\],16.44µm
u_fifo_ctrl.u_w_b2g.gray_out\[2\],16.44µm
u_bram.bram\[234\]\[8\],16.425µm
_08921_,16.42µm
_09522_,16.42µm
_11844_,16.4µm
_12127_,16.4µm
u_bram.bram\[105\]\[31\],16.4µm
u_bram.bram\[109\]\[10\],16.4µm
u_bram.bram\[145\]\[10\],16.4µm
u_bram.bram\[157\]\[9\],16.4µm
u_bram.bram\[185\]\[14\],16.4µm
u_bram.bram\[219\]\[2\],16.4µm
u_bram.bram\[224\]\[26\],16.4µm
u_bram.bram\[255\]\[19\],16.4µm
u_bram.bram\[35\]\[30\],16.4µm
u_bram.bram\[61\]\[13\],16.4µm
u_bram.bram\[63\]\[22\],16.4µm
u_bram.bram\[254\]\[10\],16.395µm
u_bram.bram\[14\]\[13\],16.385µm
u_bram.bram\[174\]\[21\],16.385µm
_10939_,16.38µm
u_bram.bram\[0\]\[14\],16.38µm
u_bram.bram\[143\]\[18\],16.38µm
u_bram.bram\[46\]\[27\],16.365µm
u_bram.bram\[155\]\[6\],16.36µm
u_bram.bram\[39\]\[9\],16.36µm
u_bram.bram\[106\]\[8\],16.35µm
u_bram.bram\[101\]\[4\],16.34µm
u_bram.bram\[133\]\[4\],16.34µm
u_bram.bram\[136\]\[11\],16.34µm
u_bram.bram\[141\]\[24\],16.34µm
u_bram.bram\[145\]\[28\],16.34µm
u_bram.bram\[197\]\[9\],16.34µm
u_bram.bram\[205\]\[28\],16.34µm
u_bram.bram\[57\]\[16\],16.34µm
u_bram.bram\[76\]\[5\],16.34µm
u_bram.bram\[99\]\[22\],16.34µm
_09296_,16.32µm
u_bram.bram\[228\]\[14\],16.32µm
u_bram.bram\[245\]\[4\],16.32µm
u_bram.bram\[48\]\[18\],16.32µm
_08749_,16.3µm
_12136_,16.3µm
_12373_,16.3µm
_13339_,16.3µm
u_bram.bram\[152\]\[1\],16.3µm
u_bram.bram\[173\]\[4\],16.3µm
u_bram.bram\[1\]\[20\],16.3µm
u_bram.bram\[48\]\[5\],16.3µm
u_bram.bram\[56\]\[12\],16.3µm
u_bram.bram\[57\]\[10\],16.3µm
u_bram.bram\[72\]\[1\],16.3µm
_09282_,16.28µm
u_bram.bram\[101\]\[22\],16.28µm
u_bram.bram\[191\]\[12\],16.28µm
u_bram.bram\[216\]\[15\],16.28µm
u_bram.bram\[236\]\[13\],16.28µm
u_bram.bram\[239\]\[15\],16.28µm
_14001_,16.26µm
u_bram.bram\[135\]\[7\],16.26µm
u_bram.bram\[244\]\[0\],16.26µm
u_bram.bram\[255\]\[27\],16.26µm
u_bram.bram\[60\]\[24\],16.26µm
u_fifo_ctrl.u_w_b2g.binary_in\[2\],16.26µm
u_bram.bram\[82\]\[26\],16.25µm
_09083_,16.24µm
u_bram.bram\[205\]\[4\],16.24µm
u_bram.bram\[57\]\[21\],16.24µm
u_bram.bram\[80\]\[20\],16.24µm
u_bram.bram\[155\]\[11\],16.23µm
u_bram.bram\[218\]\[16\],16.23µm
_11151_,16.22µm
_11186_,16.22µm
_12535_,16.22µm
u_bram.bram\[115\]\[4\],16.22µm
u_bram.bram\[129\]\[27\],16.22µm
u_bram.bram\[153\]\[19\],16.22µm
u_bram.bram\[177\]\[24\],16.22µm
u_bram.bram\[75\]\[8\],16.22µm
u_bram.bram\[170\]\[7\],16.21µm
u_bram.bram\[226\]\[12\],16.21µm
_03448_,16.205µm
u_bram.bram\[0\]\[1\],16.2µm
u_bram.bram\[169\]\[22\],16.2µm
u_bram.bram\[182\]\[30\],16.2µm
u_bram.bram\[207\]\[10\],16.2µm
u_bram.bram\[224\]\[25\],16.2µm
u_bram.bram\[24\]\[14\],16.2µm
u_bram.bram\[210\]\[23\],16.185µm
u_bram.bram\[46\]\[12\],16.185µm
_09148_,16.18µm
_09221_,16.18µm
_09903_,16.18µm
_13221_,16.18µm
u_bram.bram\[101\]\[23\],16.18µm
u_bram.bram\[105\]\[8\],16.18µm
u_bram.bram\[137\]\[9\],16.18µm
u_bram.bram\[207\]\[26\],16.18µm
u_bram.bram\[211\]\[13\],16.18µm
u_bram.bram\[217\]\[9\],16.18µm
u_bram.bram\[244\]\[19\],16.18µm
u_bram.bram\[85\]\[25\],16.18µm
u_bram.bram\[94\]\[25\],16.18µm
u_bram.bram\[254\]\[28\],16.17µm
_11781_,16.16µm
u_bram.bram\[117\]\[2\],16.16µm
u_bram.bram\[139\]\[21\],16.16µm
u_bram.bram\[197\]\[18\],16.16µm
u_bram.bram\[99\]\[15\],16.16µm
u_bram.bram\[122\]\[14\],16.15µm
u_bram.bram\[190\]\[26\],16.15µm
u_bram.bram\[110\]\[24\],16.145µm
u_bram.bram\[230\]\[3\],16.145µm
u_bram.bram\[115\]\[19\],16.14µm
u_bram.bram\[19\]\[7\],16.14µm
u_bram.bram\[236\]\[0\],16.14µm
u_bram.bram\[239\]\[5\],16.14µm
u_bram.bram\[240\]\[15\],16.14µm
u_bram.bram\[68\]\[13\],16.14µm
u_bram.bram\[7\]\[7\],16.14µm
u_bram.bram\[110\]\[7\],16.13µm
u_bram.bram\[198\]\[12\],16.13µm
_12627_,16.12µm
u_bram.bram\[15\]\[23\],16.12µm
u_bram.bram\[214\]\[16\],16.12µm
u_bram.bram\[138\]\[22\],16.11µm
u_bram.bram\[58\]\[7\],16.11µm
_12986_,16.105µm
u_bram.bram\[114\]\[5\],16.105µm
u_bram.bram\[34\]\[6\],16.105µm
_11229_,16.1µm
_11571_,16.1µm
_12081_,16.1µm
_13539_,16.1µm
_13867_,16.1µm
u_bram.bram\[101\]\[30\],16.1µm
u_bram.bram\[112\]\[15\],16.1µm
u_bram.bram\[128\]\[12\],16.1µm
u_bram.bram\[189\]\[0\],16.1µm
u_bram.bram\[189\]\[21\],16.1µm
u_bram.bram\[217\]\[8\],16.1µm
u_bram.bram\[229\]\[30\],16.1µm
u_bram.bram\[248\]\[0\],16.1µm
u_bram.bram\[79\]\[2\],16.1µm
_12122_,16.08µm
u_bram.bram\[153\]\[16\],16.08µm
u_bram.bram\[106\]\[10\],16.07µm
u_bram.bram\[14\]\[29\],16.07µm
u_bram.bram\[224\]\[1\],16.07µm
u_bram.bram\[126\]\[0\],16.065µm
u_bram.bram\[82\]\[8\],16.065µm
_09729_,16.06µm
_09976_,16.06µm
u_bram.bram\[15\]\[0\],16.06µm
u_bram.bram\[224\]\[7\],16.06µm
u_bram.bram\[242\]\[29\],16.06µm
u_bram.bram\[35\]\[24\],16.06µm
u_bram.bram\[51\]\[6\],16.06µm
u_bram.bram\[7\]\[4\],16.06µm
u_bram.bram\[254\]\[1\],16.05µm
u_bram.bram\[186\]\[18\],16.045µm
u_bram.bram\[206\]\[29\],16.045µm
u_bram.bram\[226\]\[5\],16.045µm
u_bram.bram\[2\]\[8\],16.045µm
u_bram.bram\[42\]\[14\],16.045µm
u_bram.bram\[50\]\[5\],16.045µm
u_bram.bram\[70\]\[25\],16.045µm
u_bram.bram\[171\]\[8\],16.04µm
u_bram.bram\[235\]\[21\],16.04µm
u_bram.bram\[246\]\[15\],16.04µm
u_bram.bram\[31\]\[3\],16.04µm
u_bram.bram\[68\]\[29\],16.04µm
u_bram.bram\[58\]\[21\],16.03µm
u_bram.bram\[74\]\[30\],16.03µm
u_bram.bram\[142\]\[28\],16.025µm
u_bram.bram\[226\]\[10\],16.025µm
u_bram.bram\[115\]\[12\],16.02µm
u_bram.bram\[195\]\[9\],16.02µm
u_bram.bram\[251\]\[25\],16.02µm
u_bram.bram\[71\]\[22\],16.02µm
u_bram.bram\[98\]\[27\],16.01µm
u_bram.bram\[143\]\[23\],16µm
u_bram.bram\[173\]\[3\],16µm
u_bram.bram\[186\]\[7\],15.985µm
u_bram.bram\[210\]\[17\],15.985µm
u_bram.bram\[234\]\[13\],15.985µm
_09662_,15.98µm
_10799_,15.98µm
u_bram.bram\[116\]\[27\],15.98µm
u_bram.bram\[236\]\[19\],15.98µm
u_bram.bram\[239\]\[18\],15.98µm
_08284_,15.97µm
u_bram.bram\[35\]\[19\],15.97µm
u_bram.bram\[110\]\[17\],15.965µm
u_bram.bram\[170\]\[10\],15.965µm
u_bram.bram\[238\]\[31\],15.965µm
u_fifo_ctrl.u_r_g2b.gray_in\[7\],15.96µm
u_bram.bram\[146\]\[31\],15.95µm
u_bram.bram\[170\]\[16\],15.945µm
u_bram.bram\[170\]\[8\],15.945µm
_08285_,15.94µm
u_bram.bram\[129\]\[8\],15.94µm
u_bram.bram\[13\]\[6\],15.94µm
u_bram.bram\[184\]\[12\],15.94µm
u_bram.bram\[184\]\[2\],15.94µm
u_bram.bram\[187\]\[13\],15.94µm
u_bram.bram\[197\]\[27\],15.94µm
u_bram.bram\[219\]\[19\],15.94µm
u_bram.bram\[21\]\[29\],15.94µm
u_bram.bram\[31\]\[9\],15.94µm
u_bram.bram\[35\]\[10\],15.94µm
u_bram.bram\[69\]\[21\],15.94µm
u_bram.bram\[72\]\[22\],15.94µm
_08801_,15.92µm
_10976_,15.92µm
u_bram.bram\[108\]\[4\],15.92µm
u_bram.bram\[147\]\[21\],15.92µm
u_bram.bram\[156\]\[15\],15.92µm
u_bram.bram\[199\]\[8\],15.92µm
u_bram.bram\[44\]\[10\],15.92µm
u_bram.bram\[68\]\[26\],15.92µm
u_bram.bram\[106\]\[15\],15.91µm
u_bram.bram\[146\]\[26\],15.91µm
u_bram.bram\[198\]\[21\],15.91µm
u_bram.bram\[226\]\[27\],15.91µm
u_bram.bram\[6\]\[7\],15.91µm
_12762_,15.9µm
u_bram.bram\[153\]\[15\],15.9µm
u_bram.bram\[248\]\[8\],15.9µm
u_bram.bram\[47\]\[14\],15.9µm
u_bram.bram\[0\]\[8\],15.88µm
u_bram.bram\[125\]\[1\],15.88µm
u_bram.bram\[160\]\[22\],15.88µm
u_bram.bram\[167\]\[18\],15.88µm
u_bram.bram\[171\]\[11\],15.88µm
u_bram.bram\[173\]\[20\],15.88µm
u_bram.bram\[17\]\[24\],15.88µm
u_bram.bram\[191\]\[2\],15.88µm
u_bram.bram\[200\]\[20\],15.88µm
u_bram.bram\[212\]\[14\],15.88µm
u_bram.bram\[213\]\[28\],15.88µm
u_bram.bram\[43\]\[27\],15.88µm
u_bram.bram\[59\]\[20\],15.88µm
u_bram.bram\[64\]\[20\],15.88µm
u_bram.bram\[71\]\[2\],15.88µm
_13214_,15.86µm
_13400_,15.86µm
u_bram.bram\[189\]\[5\],15.86µm
u_bram.bram\[240\]\[6\],15.86µm
u_bram.bram\[27\]\[0\],15.86µm
u_bram.bram\[69\]\[0\],15.86µm
u_bram.bram\[83\]\[29\],15.86µm
u_bram.bram\[22\]\[14\],15.845µm
_09377_,15.84µm
_12606_,15.84µm
_13776_,15.84µm
_14018_,15.84µm
u_bram.bram\[11\]\[11\],15.84µm
u_bram.bram\[123\]\[22\],15.84µm
u_bram.bram\[169\]\[20\],15.84µm
u_bram.bram\[17\]\[8\],15.84µm
u_bram.bram\[192\]\[29\],15.84µm
u_bram.bram\[197\]\[17\],15.84µm
u_bram.bram\[1\]\[17\],15.84µm
u_bram.bram\[225\]\[25\],15.84µm
u_bram.bram\[237\]\[7\],15.84µm
u_bram.bram\[49\]\[15\],15.84µm
u_bram.bram\[4\]\[31\],15.84µm
u_bram.bram\[77\]\[17\],15.84µm
u_bram.bram\[94\]\[20\],15.84µm
u_bram.bram\[190\]\[13\],15.83µm
u_bram.bram\[98\]\[0\],15.83µm
u_bram.bram\[187\]\[14\],15.82µm
u_bram.bram\[204\]\[22\],15.82µm
u_bram.bram\[23\]\[0\],15.82µm
u_bram.bram\[57\]\[15\],15.82µm
u_bram.bram\[97\]\[18\],15.82µm
u_bram.bram\[66\]\[21\],15.81µm
u_bram.bram\[234\]\[23\],15.805µm
u_bram.bram\[238\]\[30\],15.805µm
u_bram.bram\[78\]\[6\],15.805µm
_12297_,15.8µm
u_bram.bram\[121\]\[21\],15.8µm
u_bram.bram\[132\]\[25\],15.8µm
u_bram.bram\[160\]\[16\],15.8µm
u_bram.bram\[187\]\[29\],15.8µm
u_bram.bram\[252\]\[17\],15.8µm
u_bram.bram\[80\]\[18\],15.8µm
u_bram.bram\[126\]\[21\],15.79µm
_11222_,15.78µm
u_bram.bram\[133\]\[3\],15.78µm
u_bram.bram\[168\]\[15\],15.78µm
u_bram.bram\[216\]\[25\],15.78µm
u_bram.bram\[4\]\[14\],15.78µm
u_bram.bram\[85\]\[11\],15.78µm
u_bram.bram\[91\]\[2\],15.78µm
_09231_,15.76µm
_09271_,15.76µm
_11068_,15.76µm
_13192_,15.76µm
_13257_,15.76µm
u_bram.bram\[153\]\[27\],15.76µm
u_bram.bram\[167\]\[23\],15.76µm
u_bram.bram\[184\]\[14\],15.76µm
u_bram.bram\[48\]\[4\],15.76µm
u_bram.bram\[61\]\[16\],15.76µm
u_bram.bram\[46\]\[5\],15.745µm
_08757_,15.74µm
_11448_,15.74µm
u_bram.bram\[109\]\[1\],15.74µm
u_bram.bram\[253\]\[13\],15.74µm
u_bram.bram\[33\]\[5\],15.74µm
u_bram.bram\[84\]\[2\],15.74µm
u_bram.bram\[170\]\[26\],15.725µm
_10602_,15.72µm
_13475_,15.72µm
u_bram.bram\[120\]\[17\],15.72µm
u_bram.bram\[123\]\[7\],15.72µm
u_bram.bram\[15\]\[20\],15.72µm
u_bram.bram\[185\]\[27\],15.72µm
u_bram.bram\[21\]\[20\],15.72µm
u_bram.bram\[233\]\[11\],15.72µm
u_bram.bram\[233\]\[7\],15.72µm
u_bram.bram\[235\]\[12\],15.72µm
u_bram.bram\[75\]\[14\],15.72µm
u_fifo_ctrl.r_empty_val,15.72µm
u_bram.bram\[98\]\[8\],15.71µm
u_bram.bram\[166\]\[15\],15.705µm
u_bram.bram\[62\]\[2\],15.705µm
_09443_,15.7µm
u_bram.bram\[232\]\[5\],15.7µm
u_bram.bram\[60\]\[14\],15.7µm
u_bram.bram\[85\]\[19\],15.7µm
u_bram.bram\[106\]\[12\],15.69µm
u_bram.bram\[146\]\[6\],15.69µm
u_bram.bram\[231\]\[31\],15.69µm
u_bram.bram\[70\]\[11\],15.69µm
u_bram.bram\[166\]\[16\],15.685µm
u_bram.bram\[186\]\[10\],15.685µm
u_bram.bram\[186\]\[14\],15.685µm
u_bram.bram\[70\]\[4\],15.685µm
_10425_,15.68µm
_11180_,15.68µm
_12673_,15.68µm
u_bram.bram\[124\]\[26\],15.68µm
u_bram.bram\[127\]\[9\],15.68µm
u_bram.bram\[56\]\[29\],15.68µm
u_bram.bram\[91\]\[9\],15.68µm
u_bram.bram\[106\]\[20\],15.67µm
u_bram.bram\[210\]\[11\],15.665µm
_11044_,15.66µm
u_bram.bram\[119\]\[13\],15.66µm
u_bram.bram\[210\]\[27\],15.65µm
u_bram.bram\[250\]\[9\],15.645µm
_09350_,15.64µm
_09783_,15.64µm
_11790_,15.64µm
_12498_,15.64µm
_13215_,15.64µm
_13510_,15.64µm
u_bram.bram\[100\]\[17\],15.64µm
u_bram.bram\[100\]\[8\],15.64µm
u_bram.bram\[112\]\[11\],15.64µm
u_bram.bram\[173\]\[6\],15.64µm
u_bram.bram\[191\]\[23\],15.64µm
u_bram.bram\[232\]\[17\],15.64µm
_11848_,15.62µm
_13140_,15.62µm
u_bram.bram\[158\]\[14\],15.62µm
u_bram.bram\[183\]\[25\],15.62µm
u_bram.bram\[119\]\[22\],15.6µm
u_bram.bram\[153\]\[5\],15.6µm
u_bram.bram\[21\]\[15\],15.6µm
u_bram.bram\[50\]\[2\],15.6µm
u_bram.bram\[142\]\[6\],15.59µm
u_bram.bram\[14\]\[15\],15.59µm
u_bram.bram\[154\]\[0\],15.59µm
u_bram.bram\[110\]\[3\],15.585µm
u_bram.bram\[130\]\[12\],15.585µm
u_bram.bram\[66\]\[15\],15.585µm
_12938_,15.58µm
u_bram.bram\[220\]\[4\],15.58µm
u_bram.bram\[82\]\[16\],15.57µm
u_bram.bram\[106\]\[13\],15.565µm
u_bram.bram\[206\]\[13\],15.565µm
_10684_,15.56µm
_11047_,15.56µm
_11316_,15.56µm
u_bram.bram\[11\]\[6\],15.56µm
u_bram.bram\[125\]\[7\],15.56µm
u_bram.bram\[127\]\[0\],15.56µm
u_bram.bram\[127\]\[20\],15.56µm
u_bram.bram\[208\]\[17\],15.56µm
u_bram.bram\[48\]\[31\],15.56µm
u_bram.bram\[150\]\[1\],15.55µm
u_bram.bram\[70\]\[28\],15.55µm
u_bram.bram\[226\]\[19\],15.545µm
u_bram.bram\[250\]\[5\],15.545µm
u_bram.bram\[2\]\[1\],15.545µm
_11242_,15.54µm
u_bram.bram\[172\]\[12\],15.54µm
u_bram.bram\[44\]\[19\],15.54µm
u_bram.bram\[84\]\[3\],15.54µm
_08737_,15.52µm
u_bram.bram\[107\]\[1\],15.52µm
u_bram.bram\[129\]\[15\],15.52µm
u_bram.bram\[164\]\[8\],15.52µm
u_bram.bram\[172\]\[8\],15.52µm
u_bram.bram\[175\]\[15\],15.52µm
u_bram.bram\[175\]\[24\],15.52µm
u_bram.bram\[185\]\[18\],15.52µm
u_bram.bram\[188\]\[18\],15.52µm
u_bram.bram\[201\]\[14\],15.52µm
u_bram.bram\[20\]\[18\],15.52µm
u_bram.bram\[224\]\[9\],15.52µm
u_bram.bram\[89\]\[19\],15.52µm
_12716_,15.515µm
u_bram.bram\[114\]\[30\],15.505µm
u_bram.bram\[126\]\[26\],15.505µm
u_bram.bram\[234\]\[5\],15.505µm
_09968_,15.5µm
u_bram.bram\[17\]\[4\],15.5µm
u_bram.bram\[146\]\[0\],15.49µm
u_bram.bram\[150\]\[0\],15.49µm
u_bram.bram\[74\]\[23\],15.49µm
u_bram.bram\[141\]\[9\],15.48µm
u_bram.bram\[236\]\[16\],15.48µm
u_bram.bram\[43\]\[9\],15.48µm
u_bram.bram\[61\]\[11\],15.48µm
u_bram.bram\[61\]\[14\],15.48µm
u_bram.bram\[9\]\[20\],15.48µm
clknet_leaf_384_wclk,15.48µm
_10526_,15.46µm
_11573_,15.46µm
_11738_,15.46µm
u_bram.bram\[112\]\[25\],15.46µm
u_bram.bram\[112\]\[5\],15.46µm
u_bram.bram\[131\]\[15\],15.46µm
u_bram.bram\[132\]\[1\],15.46µm
u_bram.bram\[140\]\[1\],15.46µm
u_bram.bram\[164\]\[18\],15.46µm
u_bram.bram\[44\]\[7\],15.46µm
u_bram.bram\[68\]\[5\],15.46µm
u_bram.bram\[79\]\[21\],15.46µm
u_bram.bram\[81\]\[26\],15.46µm
u_bram.bram\[254\]\[3\],15.45µm
u_bram.bram\[167\]\[1\],15.44µm
u_bram.bram\[167\]\[29\],15.44µm
u_bram.bram\[216\]\[4\],15.44µm
u_bram.bram\[121\]\[23\],15.42µm
u_bram.bram\[124\]\[25\],15.42µm
u_bram.bram\[125\]\[17\],15.42µm
u_bram.bram\[137\]\[5\],15.42µm
u_bram.bram\[188\]\[1\],15.42µm
u_bram.bram\[1\]\[8\],15.42µm
u_bram.bram\[225\]\[20\],15.42µm
u_bram.bram\[237\]\[0\],15.42µm
u_bram.bram\[251\]\[23\],15.42µm
u_bram.bram\[252\]\[26\],15.42µm
u_bram.bram\[41\]\[7\],15.42µm
u_bram.bram\[45\]\[23\],15.42µm
u_bram.bram\[59\]\[21\],15.42µm
u_bram.bram\[65\]\[31\],15.42µm
u_bram.bram\[73\]\[6\],15.42µm
u_bram.bram\[73\]\[8\],15.42µm
u_bram.bram\[75\]\[30\],15.42µm
u_bram.bram\[9\]\[21\],15.42µm
u_bram.bram\[218\]\[23\],15.41µm
u_bram.bram\[226\]\[24\],15.405µm
_09041_,15.4µm
_13301_,15.4µm
_13785_,15.4µm
_13828_,15.4µm
u_bram.bram\[118\]\[17\],15.4µm
u_bram.bram\[137\]\[26\],15.4µm
u_bram.bram\[139\]\[13\],15.4µm
u_bram.bram\[13\]\[17\],15.4µm
u_bram.bram\[215\]\[12\],15.4µm
u_bram.bram\[210\]\[10\],15.385µm
_10533_,15.38µm
_13167_,15.38µm
u_bram.bram\[102\]\[20\],15.38µm
u_bram.bram\[107\]\[6\],15.38µm
u_bram.bram\[12\]\[2\],15.38µm
u_bram.bram\[135\]\[9\],15.38µm
u_bram.bram\[137\]\[13\],15.38µm
u_bram.bram\[13\]\[8\],15.38µm
u_bram.bram\[140\]\[10\],15.38µm
u_bram.bram\[141\]\[11\],15.38µm
u_bram.bram\[168\]\[7\],15.38µm
u_bram.bram\[21\]\[7\],15.38µm
u_bram.bram\[233\]\[27\],15.38µm
u_bram.bram\[33\]\[15\],15.38µm
u_bram.bram\[37\]\[17\],15.38µm
u_bram.bram\[49\]\[19\],15.38µm
u_bram.bram\[60\]\[7\],15.38µm
u_bram.bram\[8\]\[4\],15.38µm
u_bram.bram\[9\]\[1\],15.38µm
u_bram.bram\[14\]\[11\],15.365µm
u_bram.bram\[120\]\[5\],15.36µm
u_bram.bram\[141\]\[28\],15.36µm
u_bram.bram\[165\]\[12\],15.36µm
u_bram.bram\[165\]\[15\],15.36µm
u_bram.bram\[50\]\[26\],15.36µm
u_bram.bram\[72\]\[26\],15.36µm
u_bram.bram\[87\]\[31\],15.36µm
u_bram.bram\[96\]\[14\],15.36µm
u_bram.bram\[134\]\[26\],15.35µm
u_bram.bram\[78\]\[31\],15.345µm
u_bram.bram\[0\]\[19\],15.34µm
u_bram.bram\[158\]\[9\],15.34µm
u_bram.bram\[192\]\[19\],15.34µm
u_bram.bram\[195\]\[6\],15.34µm
u_bram.bram\[19\]\[10\],15.34µm
u_bram.bram\[219\]\[8\],15.34µm
u_bram.bram\[99\]\[27\],15.34µm
u_bram.bram\[126\]\[28\],15.33µm
u_bram.bram\[230\]\[27\],15.33µm
u_bram.bram\[230\]\[20\],15.325µm
_10027_,15.32µm
u_bram.bram\[185\]\[4\],15.32µm
u_bram.bram\[207\]\[23\],15.32µm
u_bram.bram\[221\]\[25\],15.32µm
u_bram.bram\[40\]\[13\],15.32µm
u_bram.bram\[63\]\[31\],15.32µm
u_bram.bram\[80\]\[11\],15.32µm
_10290_,15.3µm
_10840_,15.3µm
_11368_,15.3µm
_12686_,15.3µm
_12933_,15.3µm
u_bram.bram\[137\]\[25\],15.3µm
u_bram.bram\[155\]\[24\],15.3µm
u_bram.bram\[201\]\[21\],15.3µm
u_bram.bram\[237\]\[23\],15.3µm
u_bram.bram\[39\]\[8\],15.3µm
u_bram.bram\[41\]\[12\],15.3µm
u_bram.bram\[85\]\[20\],15.3µm
u_bram.bram\[102\]\[11\],15.29µm
u_bram.bram\[82\]\[10\],15.29µm
_10827_,15.28µm
_12329_,15.28µm
u_bram.bram\[147\]\[20\],15.28µm
u_bram.bram\[47\]\[9\],15.28µm
u_bram.bram\[94\]\[5\],15.28µm
u_bram.bram\[170\]\[11\],15.275µm
u_bram.bram\[10\]\[22\],15.27µm
u_bram.bram\[226\]\[22\],15.27µm
u_bram.bram\[114\]\[19\],15.265µm
u_bram.bram\[142\]\[5\],15.265µm
u_bram.bram\[218\]\[18\],15.265µm
_08988_,15.26µm
_10806_,15.26µm
_11686_,15.26µm
_11919_,15.26µm
u_bram.bram\[100\]\[13\],15.26µm
u_bram.bram\[112\]\[14\],15.26µm
u_bram.bram\[141\]\[31\],15.26µm
u_bram.bram\[196\]\[8\],15.26µm
u_bram.bram\[240\]\[0\],15.26µm
u_bram.bram\[54\]\[20\],15.26µm
u_bram.bram\[230\]\[6\],15.25µm
u_bram.bram\[186\]\[23\],15.245µm
_09453_,15.24µm
_12064_,15.24µm
u_bram.bram\[109\]\[9\],15.24µm
u_bram.bram\[111\]\[15\],15.24µm
u_bram.bram\[151\]\[29\],15.24µm
u_bram.bram\[165\]\[5\],15.24µm
u_bram.bram\[200\]\[30\],15.24µm
u_bram.bram\[48\]\[16\],15.24µm
u_bram.bram\[80\]\[5\],15.24µm
u_bram.bram\[9\]\[23\],15.24µm
u_bram.bram\[102\]\[15\],15.23µm
u_bram.bram\[194\]\[21\],15.23µm
u_bram.bram\[38\]\[16\],15.23µm
u_bram.bram\[42\]\[27\],15.23µm
u_bram.bram\[110\]\[26\],15.225µm
u_bram.bram\[166\]\[10\],15.225µm
u_bram.bram\[166\]\[30\],15.225µm
u_bram.bram\[254\]\[5\],15.225µm
u_bram.bram\[62\]\[23\],15.225µm
u_bram.bram\[118\]\[4\],15.22µm
u_bram.bram\[169\]\[10\],15.22µm
u_bram.bram\[176\]\[1\],15.22µm
u_bram.bram\[180\]\[24\],15.22µm
u_bram.bram\[182\]\[18\],15.22µm
u_bram.bram\[214\]\[9\],15.22µm
u_bram.bram\[126\]\[16\],15.21µm
u_bram.bram\[162\]\[10\],15.21µm
u_bram.bram\[230\]\[31\],15.21µm
u_bram.bram\[42\]\[12\],15.21µm
u_bram.bram\[42\]\[19\],15.21µm
u_bram.bram\[136\]\[9\],15.2µm
u_bram.bram\[227\]\[22\],15.2µm
u_bram.bram\[5\]\[3\],15.2µm
u_bram.bram\[60\]\[17\],15.2µm
u_bram.bram\[110\]\[9\],15.19µm
u_bram.bram\[170\]\[21\],15.19µm
u_bram.bram\[210\]\[19\],15.19µm
u_bram.bram\[250\]\[17\],15.19µm
u_bram.bram\[58\]\[31\],15.185µm
_11762_,15.18µm
u_bram.bram\[33\]\[2\],15.18µm
u_bram.bram\[60\]\[8\],15.18µm
u_bram.bram\[62\]\[5\],15.17µm
u_bram.bram\[218\]\[9\],15.165µm
_12342_,15.16µm
u_bram.bram\[109\]\[25\],15.16µm
u_bram.bram\[169\]\[14\],15.16µm
u_bram.bram\[217\]\[27\],15.16µm
u_fifo_ctrl.r_bin_next\[2\],15.16µm
u_bram.bram\[140\]\[23\],15.14µm
u_bram.bram\[140\]\[26\],15.14µm
u_bram.bram\[163\]\[5\],15.14µm
u_bram.bram\[175\]\[23\],15.14µm
u_bram.bram\[17\]\[15\],15.14µm
u_bram.bram\[41\]\[30\],15.14µm
u_bram.bram\[97\]\[8\],15.14µm
_08660_,15.13µm
u_bram.bram\[114\]\[28\],15.125µm
u_bram.bram\[126\]\[18\],15.125µm
u_bram.bram\[130\]\[19\],15.125µm
u_bram.bram\[154\]\[29\],15.125µm
u_bram.bram\[186\]\[31\],15.125µm
u_bram.bram\[190\]\[21\],15.125µm
u_bram.bram\[6\]\[24\],15.125µm
u_bram.bram\[178\]\[14\],15.12µm
u_bram.bram\[179\]\[3\],15.12µm
u_bram.bram\[182\]\[12\],15.12µm
u_bram.bram\[196\]\[13\],15.12µm
u_bram.bram\[247\]\[26\],15.12µm
u_bram.bram\[44\]\[8\],15.12µm
u_bram.bram\[4\]\[23\],15.12µm
u_bram.bram\[76\]\[27\],15.12µm
u_bram.bram\[102\]\[2\],15.11µm
u_bram.bram\[202\]\[8\],15.11µm
u_bram.bram\[250\]\[4\],15.11µm
_07945_,15.105µm
u_bram.bram\[230\]\[2\],15.105µm
_10901_,15.1µm
u_bram.bram\[133\]\[22\],15.1µm
u_bram.bram\[139\]\[20\],15.1µm
u_bram.bram\[212\]\[26\],15.1µm
u_bram.bram\[215\]\[21\],15.1µm
u_bram.bram\[241\]\[0\],15.1µm
u_bram.bram\[63\]\[21\],15.1µm
u_bram.bram\[77\]\[30\],15.1µm
u_bram.bram\[80\]\[4\],15.1µm
u_bram.bram\[138\]\[11\],15.085µm
u_bram.bram\[230\]\[10\],15.085µm
u_bram.bram\[74\]\[28\],15.085µm
u_bram.bram\[78\]\[5\],15.085µm
u_bram.bram\[68\]\[12\],15.08µm
u_bram.bram\[110\]\[20\],15.065µm
_10681_,15.06µm
u_bram.bram\[105\]\[24\],15.06µm
u_bram.bram\[139\]\[10\],15.06µm
u_bram.bram\[196\]\[5\],15.06µm
u_bram.bram\[227\]\[7\],15.06µm
u_bram.bram\[233\]\[26\],15.06µm
u_bram.bram\[3\]\[19\],15.06µm
u_bram.bram\[62\]\[27\],15.06µm
u_bram.bram\[234\]\[6\],15.05µm
u_bram.bram\[142\]\[0\],15.045µm
u_bram.bram\[174\]\[10\],15.045µm
u_bram.bram\[238\]\[27\],15.045µm
u_bram.bram\[78\]\[7\],15.045µm
_08954_,15.04µm
_10107_,15.04µm
_10937_,15.04µm
_12564_,15.04µm
_13382_,15.04µm
_13721_,15.04µm
_13898_,15.04µm
u_bram.bram\[15\]\[28\],15.04µm
u_bram.bram\[1\]\[16\],15.04µm
u_bram.bram\[246\]\[17\],15.04µm
u_bram.bram\[127\]\[23\],15.035µm
u_bram.bram\[184\]\[25\],15.03µm
u_bram.bram\[186\]\[21\],15.03µm
u_bram.bram\[170\]\[18\],15.025µm
u_bram.bram\[82\]\[3\],15.025µm
u_bram.bram\[105\]\[7\],15.02µm
u_bram.bram\[115\]\[10\],15.02µm
u_bram.bram\[152\]\[21\],15.02µm
u_bram.bram\[195\]\[19\],15.02µm
u_bram.bram\[204\]\[20\],15.02µm
u_bram.bram\[253\]\[31\],15.02µm
u_bram.bram\[43\]\[2\],15.02µm
u_bram.bram\[47\]\[22\],15.02µm
u_bram.bram\[4\]\[25\],15.02µm
u_bram.bram\[63\]\[28\],15.02µm
u_bram.bram\[72\]\[4\],15.02µm
u_bram.bram\[146\]\[13\],15.005µm
u_bram.bram\[162\]\[21\],15.005µm
u_bram.bram\[162\]\[4\],15.005µm
_12368_,15µm
_13359_,15µm
u_bram.bram\[136\]\[16\],15µm
u_bram.bram\[139\]\[26\],15µm
u_bram.bram\[173\]\[11\],15µm
u_bram.bram\[187\]\[20\],15µm
u_bram.bram\[188\]\[3\],15µm
u_bram.bram\[191\]\[28\],15µm
u_bram.bram\[191\]\[7\],15µm
u_bram.bram\[195\]\[15\],15µm
u_bram.bram\[235\]\[22\],15µm
u_bram.bram\[247\]\[3\],15µm
u_bram.bram\[71\]\[17\],15µm
u_bram.bram\[80\]\[21\],15µm
u_bram.bram\[87\]\[2\],15µm
w_data[11],15µm
u_bram.bram\[38\]\[4\],14.99µm
u_bram.bram\[98\]\[18\],14.99µm
u_bram.bram\[154\]\[20\],14.985µm
u_bram.bram\[42\]\[16\],14.985µm
u_bram.bram\[125\]\[2\],14.98µm
u_bram.bram\[19\]\[16\],14.98µm
u_bram.bram\[252\]\[30\],14.98µm
u_bram.bram\[253\]\[26\],14.98µm
u_bram.bram\[14\]\[17\],14.965µm
u_bram.bram\[112\]\[22\],14.96µm
u_bram.bram\[113\]\[8\],14.96µm
u_bram.bram\[125\]\[15\],14.96µm
u_bram.bram\[131\]\[26\],14.96µm
u_bram.bram\[152\]\[7\],14.96µm
u_bram.bram\[169\]\[26\],14.96µm
u_bram.bram\[17\]\[27\],14.96µm
u_bram.bram\[185\]\[26\],14.96µm
u_bram.bram\[189\]\[9\],14.96µm
u_bram.bram\[199\]\[1\],14.96µm
u_bram.bram\[19\]\[28\],14.96µm
u_bram.bram\[201\]\[17\],14.96µm
u_bram.bram\[205\]\[21\],14.96µm
u_bram.bram\[69\]\[5\],14.96µm
u_bram.bram\[75\]\[6\],14.96µm
u_bram.bram\[85\]\[9\],14.96µm
_09112_,14.945µm
_10723_,14.94µm
u_bram.bram\[123\]\[10\],14.94µm
u_bram.bram\[219\]\[6\],14.94µm
u_bram.bram\[229\]\[12\],14.94µm
u_bram.bram\[233\]\[10\],14.94µm
u_bram.bram\[59\]\[30\],14.94µm
u_bram.bram\[63\]\[16\],14.94µm
u_bram.bram\[4\]\[21\],14.93µm
u_bram.bram\[254\]\[27\],14.925µm
_09043_,14.92µm
_10565_,14.92µm
u_bram.bram\[109\]\[17\],14.92µm
u_bram.bram\[109\]\[26\],14.92µm
u_bram.bram\[129\]\[11\],14.92µm
u_bram.bram\[139\]\[22\],14.92µm
u_bram.bram\[145\]\[13\],14.92µm
u_bram.bram\[165\]\[28\],14.92µm
u_bram.bram\[192\]\[8\],14.92µm
u_bram.bram\[199\]\[19\],14.92µm
u_bram.bram\[21\]\[24\],14.92µm
u_bram.bram\[233\]\[24\],14.92µm
u_bram.bram\[236\]\[29\],14.92µm
u_bram.bram\[57\]\[27\],14.92µm
u_bram.bram\[69\]\[6\],14.92µm
u_bram.bram\[77\]\[6\],14.92µm
_04440_,14.915µm
u_bram.bram\[126\]\[9\],14.91µm
u_bram.bram\[206\]\[19\],14.91µm
u_bram.bram\[190\]\[2\],14.905µm
u_bram.bram\[11\]\[22\],14.9µm
u_bram.bram\[133\]\[20\],14.9µm
u_bram.bram\[228\]\[13\],14.9µm
u_bram.bram\[48\]\[27\],14.9µm
u_bram.bram\[51\]\[23\],14.9µm
u_bram.bram\[85\]\[14\],14.9µm
u_bram.bram\[186\]\[15\],14.895µm
u_bram.bram\[110\]\[11\],14.885µm
u_bram.bram\[78\]\[18\],14.885µm
_09044_,14.88µm
u_bram.bram\[167\]\[13\],14.88µm
u_bram.bram\[175\]\[6\],14.88µm
u_bram.bram\[184\]\[31\],14.88µm
u_bram.bram\[227\]\[30\],14.88µm
u_bram.bram\[31\]\[14\],14.88µm
u_bram.bram\[88\]\[4\],14.88µm
u_bram.bram\[102\]\[3\],14.87µm
u_bram.bram\[110\]\[1\],14.87µm
u_bram.bram\[142\]\[21\],14.87µm
u_bram.bram\[154\]\[28\],14.87µm
u_bram.bram\[166\]\[2\],14.87µm
u_bram.bram\[170\]\[30\],14.87µm
u_bram.bram\[218\]\[7\],14.87µm
u_bram.bram\[58\]\[16\],14.87µm
u_bram.bram\[112\]\[3\],14.86µm
u_bram.bram\[129\]\[19\],14.86µm
u_bram.bram\[44\]\[14\],14.86µm
u_bram.bram\[63\]\[0\],14.86µm
u_bram.bram\[198\]\[1\],14.845µm
_11758_,14.84µm
u_bram.bram\[109\]\[18\],14.84µm
u_bram.bram\[137\]\[10\],14.84µm
u_bram.bram\[191\]\[3\],14.84µm
u_bram.bram\[200\]\[11\],14.84µm
u_bram.bram\[219\]\[9\],14.84µm
u_bram.bram\[224\]\[2\],14.84µm
u_bram.bram\[235\]\[9\],14.84µm
u_bram.bram\[39\]\[2\],14.84µm
u_bram.bram\[57\]\[30\],14.84µm
u_bram.bram\[198\]\[4\],14.83µm
u_bram.bram\[42\]\[10\],14.83µm
u_bram.bram\[13\]\[7\],14.82µm
u_bram.bram\[150\]\[30\],14.82µm
u_bram.bram\[201\]\[8\],14.82µm
u_bram.bram\[210\]\[28\],14.815µm
u_bram.bram\[146\]\[29\],14.81µm
u_bram.bram\[126\]\[20\],14.805µm
u_bram.bram\[126\]\[30\],14.805µm
u_bram.bram\[186\]\[29\],14.805µm
u_bram.bram\[254\]\[24\],14.805µm
u_bram.bram\[42\]\[7\],14.805µm
u_bram.bram\[62\]\[25\],14.805µm
_09327_,14.8µm
_09803_,14.8µm
_10035_,14.8µm
_11853_,14.8µm
u_bram.bram\[129\]\[6\],14.8µm
u_bram.bram\[132\]\[23\],14.8µm
u_bram.bram\[155\]\[9\],14.8µm
u_bram.bram\[184\]\[27\],14.8µm
u_bram.bram\[19\]\[19\],14.8µm
u_bram.bram\[33\]\[12\],14.8µm
u_bram.bram\[40\]\[1\],14.8µm
u_bram.bram\[52\]\[6\],14.8µm
u_bram.bram\[57\]\[7\],14.8µm
u_bram.bram\[75\]\[15\],14.8µm
u_bram.bram\[91\]\[19\],14.8µm
u_bram.bram\[70\]\[19\],14.79µm
u_bram.bram\[124\]\[29\],14.78µm
u_bram.bram\[128\]\[31\],14.78µm
u_bram.bram\[132\]\[16\],14.78µm
u_bram.bram\[148\]\[21\],14.78µm
u_bram.bram\[164\]\[22\],14.78µm
u_bram.bram\[146\]\[22\],14.77µm
u_bram.bram\[170\]\[14\],14.77µm
u_bram.bram\[194\]\[6\],14.77µm
u_bram.bram\[2\]\[12\],14.77µm
u_bram.bram\[42\]\[25\],14.77µm
u_bram.bram\[74\]\[19\],14.77µm
u_bram.bram\[106\]\[23\],14.765µm
u_bram.bram\[14\]\[19\],14.765µm
u_bram.bram\[82\]\[13\],14.765µm
u_bram.bram\[82\]\[31\],14.765µm
u_bram.bram\[82\]\[4\],14.765µm
_12834_,14.76µm
u_bram.bram\[148\]\[24\],14.76µm
u_bram.bram\[255\]\[12\],14.76µm
u_bram.bram\[4\]\[29\],14.76µm
_08541_,14.74µm
_09523_,14.74µm
u_bram.bram\[118\]\[25\],14.74µm
u_bram.bram\[128\]\[8\],14.74µm
u_bram.bram\[165\]\[13\],14.74µm
u_bram.bram\[214\]\[21\],14.74µm
u_bram.bram\[27\]\[26\],14.74µm
u_bram.bram\[134\]\[8\],14.73µm
u_bram.bram\[146\]\[11\],14.73µm
_13546_,14.72µm
_13925_,14.72µm
u_bram.bram\[41\]\[26\],14.72µm
_13098_,14.71µm
u_bram.bram\[62\]\[6\],14.71µm
u_bram.bram\[238\]\[5\],14.705µm
_08727_,14.7µm
_10529_,14.7µm
u_bram.bram\[230\]\[16\],14.685µm
u_bram.bram\[78\]\[9\],14.685µm
u_bram.bram\[12\]\[1\],14.68µm
u_bram.bram\[187\]\[8\],14.68µm
u_bram.bram\[191\]\[21\],14.68µm
u_bram.bram\[225\]\[11\],14.68µm
u_bram.bram\[232\]\[20\],14.68µm
u_bram.bram\[23\]\[25\],14.68µm
u_bram.bram\[40\]\[11\],14.68µm
u_bram.bram\[52\]\[5\],14.68µm
u_bram.bram\[65\]\[10\],14.68µm
u_bram.bram\[7\]\[1\],14.68µm
u_bram.bram\[124\]\[6\],14.67µm
u_bram.bram\[138\]\[30\],14.67µm
u_bram.bram\[86\]\[2\],14.67µm
u_bram.bram\[126\]\[19\],14.665µm
u_bram.bram\[154\]\[16\],14.665µm
u_bram.bram\[154\]\[22\],14.665µm
u_bram.bram\[230\]\[24\],14.665µm
u_bram.bram\[46\]\[23\],14.665µm
_10221_,14.66µm
_13078_,14.66µm
u_bram.bram\[119\]\[10\],14.66µm
u_bram.bram\[150\]\[15\],14.66µm
u_bram.bram\[54\]\[27\],14.66µm
u_bram.bram\[63\]\[10\],14.66µm
u_bram.bram\[18\]\[28\],14.65µm
u_bram.bram\[190\]\[10\],14.645µm
u_bram.bram\[194\]\[10\],14.645µm
u_bram.bram\[46\]\[2\],14.645µm
u_bram.bram\[58\]\[25\],14.645µm
u_bram.bram\[108\]\[9\],14.64µm
u_bram.bram\[129\]\[23\],14.64µm
u_bram.bram\[131\]\[24\],14.64µm
u_bram.bram\[149\]\[11\],14.64µm
u_bram.bram\[157\]\[20\],14.64µm
u_bram.bram\[16\]\[1\],14.64µm
u_bram.bram\[182\]\[9\],14.64µm
u_bram.bram\[185\]\[17\],14.64µm
u_bram.bram\[188\]\[15\],14.64µm
u_bram.bram\[192\]\[0\],14.64µm
u_bram.bram\[208\]\[29\],14.64µm
u_bram.bram\[220\]\[20\],14.64µm
u_bram.bram\[47\]\[18\],14.64µm
u_bram.bram\[56\]\[2\],14.64µm
u_bram.bram\[60\]\[1\],14.64µm
u_bram.bram\[79\]\[13\],14.64µm
u_bram.bram\[83\]\[12\],14.64µm
u_bram.bram\[85\]\[1\],14.64µm
u_bram.bram\[94\]\[0\],14.64µm
u_bram.bram\[226\]\[30\],14.63µm
u_bram.bram\[82\]\[9\],14.63µm
u_bram.bram\[194\]\[5\],14.625µm
u_bram.bram\[198\]\[16\],14.625µm
u_bram.bram\[2\]\[10\],14.625µm
u_bram.bram\[78\]\[29\],14.625µm
_05027_,14.605µm
u_bram.bram\[166\]\[21\],14.605µm
_08722_,14.6µm
_11217_,14.6µm
_13829_,14.6µm
u_bram.bram\[105\]\[14\],14.6µm
u_bram.bram\[108\]\[30\],14.6µm
u_bram.bram\[123\]\[21\],14.6µm
u_bram.bram\[163\]\[15\],14.6µm
u_bram.bram\[209\]\[25\],14.6µm
u_bram.bram\[166\]\[18\],14.585µm
u_bram.bram\[250\]\[10\],14.585µm
_08847_,14.58µm
_10981_,14.58µm
u_bram.bram\[155\]\[18\],14.58µm
u_bram.bram\[130\]\[22\],14.57µm
u_bram.bram\[238\]\[9\],14.57µm
u_bram.bram\[130\]\[31\],14.565µm
u_bram.bram\[134\]\[0\],14.565µm
u_bram.bram\[170\]\[12\],14.565µm
u_bram.bram\[210\]\[31\],14.565µm
u_bram.bram\[50\]\[31\],14.565µm
_10322_,14.56µm
u_bram.bram\[127\]\[5\],14.56µm
u_bram.bram\[152\]\[5\],14.56µm
u_bram.bram\[160\]\[17\],14.56µm
u_bram.bram\[163\]\[28\],14.56µm
u_bram.bram\[172\]\[30\],14.56µm
u_bram.bram\[199\]\[14\],14.56µm
u_bram.bram\[37\]\[0\],14.56µm
u_bram.bram\[234\]\[29\],14.55µm
_09930_,14.54µm
_10978_,14.54µm
_12745_,14.54µm
u_bram.bram\[100\]\[21\],14.54µm
u_bram.bram\[101\]\[10\],14.54µm
u_bram.bram\[116\]\[12\],14.54µm
u_bram.bram\[128\]\[30\],14.54µm
u_bram.bram\[145\]\[21\],14.54µm
u_bram.bram\[15\]\[15\],14.54µm
u_bram.bram\[1\]\[15\],14.54µm
u_bram.bram\[207\]\[0\],14.54µm
u_bram.bram\[211\]\[5\],14.54µm
u_bram.bram\[215\]\[27\],14.54µm
u_bram.bram\[216\]\[9\],14.54µm
u_bram.bram\[224\]\[19\],14.54µm
u_bram.bram\[229\]\[19\],14.54µm
u_bram.bram\[241\]\[19\],14.54µm
u_bram.bram\[32\]\[6\],14.54µm
u_bram.bram\[45\]\[11\],14.54µm
u_bram.bram\[45\]\[3\],14.54µm
u_bram.bram\[4\]\[13\],14.54µm
u_bram.bram\[56\]\[17\],14.54µm
u_bram.bram\[67\]\[25\],14.54µm
u_bram.bram\[72\]\[15\],14.54µm
u_bram.bram\[73\]\[10\],14.54µm
u_bram.bram\[7\]\[13\],14.54µm
u_bram.bram\[138\]\[5\],14.53µm
u_bram.bram\[206\]\[28\],14.53µm
u_bram.bram\[142\]\[11\],14.525µm
u_bram.bram\[146\]\[9\],14.525µm
u_bram.bram\[50\]\[19\],14.525µm
u_bram.bram\[131\]\[22\],14.52µm
u_bram.bram\[143\]\[27\],14.52µm
u_bram.bram\[39\]\[1\],14.52µm
u_bram.bram\[2\]\[9\],14.51µm
_08779_,14.5µm
_09527_,14.5µm
_11201_,14.5µm
_13094_,14.5µm
u_bram.bram\[115\]\[15\],14.5µm
u_bram.bram\[11\]\[8\],14.5µm
u_bram.bram\[129\]\[2\],14.5µm
u_bram.bram\[153\]\[29\],14.5µm
u_bram.bram\[187\]\[2\],14.5µm
u_bram.bram\[211\]\[22\],14.5µm
u_bram.bram\[251\]\[31\],14.5µm
u_bram.bram\[27\]\[18\],14.5µm
u_bram.bram\[5\]\[16\],14.5µm
u_bram.bram\[7\]\[3\],14.5µm
u_bram.bram\[122\]\[4\],14.49µm
_09591_,14.48µm
_11394_,14.48µm
_11822_,14.48µm
u_bram.bram\[127\]\[3\],14.48µm
u_bram.bram\[177\]\[8\],14.48µm
u_bram.bram\[209\]\[4\],14.48µm
u_bram.bram\[222\]\[7\],14.48µm
u_bram.bram\[227\]\[14\],14.48µm
u_bram.bram\[109\]\[22\],14.46µm
u_bram.bram\[133\]\[10\],14.46µm
u_bram.bram\[133\]\[23\],14.46µm
u_bram.bram\[139\]\[16\],14.46µm
u_bram.bram\[201\]\[22\],14.46µm
u_bram.bram\[251\]\[16\],14.46µm
u_bram.bram\[253\]\[5\],14.46µm
u_bram.bram\[3\]\[26\],14.46µm
u_bram.bram\[170\]\[17\],14.45µm
u_bram.bram\[66\]\[10\],14.45µm
u_bram.bram\[66\]\[14\],14.45µm
u_bram.bram\[202\]\[6\],14.445µm
u_bram.bram\[218\]\[21\],14.445µm
_08231_,14.44µm
_08265_,14.44µm
_11670_,14.44µm
u_bram.bram\[104\]\[27\],14.44µm
u_bram.bram\[115\]\[0\],14.44µm
u_bram.bram\[12\]\[13\],14.44µm
u_bram.bram\[139\]\[2\],14.44µm
u_bram.bram\[171\]\[14\],14.44µm
u_bram.bram\[184\]\[11\],14.44µm
u_bram.bram\[188\]\[22\],14.44µm
u_bram.bram\[216\]\[10\],14.44µm
u_bram.bram\[216\]\[30\],14.44µm
u_bram.bram\[216\]\[8\],14.44µm
u_bram.bram\[228\]\[27\],14.44µm
u_bram.bram\[239\]\[20\],14.44µm
u_bram.bram\[61\]\[28\],14.44µm
u_bram.bram\[64\]\[0\],14.44µm
u_bram.bram\[64\]\[31\],14.44µm
_13156_,14.435µm
u_bram.bram\[42\]\[1\],14.43µm
_11365_,14.42µm
_13865_,14.42µm
u_bram.bram\[104\]\[16\],14.42µm
u_bram.bram\[115\]\[30\],14.42µm
u_bram.bram\[118\]\[11\],14.42µm
u_bram.bram\[123\]\[3\],14.42µm
u_bram.bram\[139\]\[7\],14.42µm
u_bram.bram\[187\]\[23\],14.42µm
u_bram.bram\[196\]\[3\],14.42µm
u_bram.bram\[214\]\[19\],14.42µm
u_bram.bram\[231\]\[14\],14.42µm
u_bram.bram\[233\]\[6\],14.42µm
u_bram.bram\[47\]\[24\],14.42µm
u_bram.bram\[84\]\[5\],14.42µm
u_bram.bram\[84\]\[8\],14.42µm
u_bram.bram\[194\]\[12\],14.41µm
u_bram.bram\[98\]\[19\],14.41µm
u_bram.bram\[126\]\[4\],14.405µm
u_bram.bram\[150\]\[14\],14.4µm
u_bram.bram\[191\]\[11\],14.4µm
u_bram.bram\[240\]\[4\],14.4µm
u_bram.bram\[248\]\[14\],14.4µm
u_bram.bram\[44\]\[12\],14.4µm
u_bram.bram\[64\]\[15\],14.4µm
u_bram.bram\[75\]\[10\],14.4µm
u_bram.bram\[7\]\[22\],14.4µm
u_bram.bram\[162\]\[17\],14.385µm
_10666_,14.38µm
_13903_,14.38µm
u_bram.bram\[171\]\[3\],14.38µm
u_bram.bram\[179\]\[17\],14.38µm
u_bram.bram\[189\]\[12\],14.38µm
u_bram.bram\[197\]\[19\],14.38µm
u_bram.bram\[205\]\[2\],14.38µm
u_bram.bram\[216\]\[2\],14.38µm
u_bram.bram\[222\]\[9\],14.38µm
u_bram.bram\[224\]\[15\],14.38µm
u_bram.bram\[248\]\[26\],14.38µm
u_bram.bram\[61\]\[31\],14.38µm
u_bram.bram\[65\]\[27\],14.38µm
u_bram.bram\[9\]\[27\],14.38µm
u_bram.bram\[202\]\[27\],14.37µm
u_bram.bram\[34\]\[25\],14.37µm
u_bram.bram\[115\]\[17\],14.36µm
u_bram.bram\[32\]\[1\],14.36µm
u_bram.bram\[174\]\[2\],14.345µm
u_bram.bram\[190\]\[23\],14.345µm
u_bram.bram\[206\]\[27\],14.345µm
u_bram.bram\[254\]\[11\],14.345µm
u_bram.bram\[62\]\[17\],14.345µm
_10106_,14.34µm
_11125_,14.34µm
_11980_,14.34µm
u_bram.bram\[0\]\[2\],14.34µm
u_bram.bram\[101\]\[29\],14.34µm
u_bram.bram\[118\]\[15\],14.34µm
u_bram.bram\[150\]\[31\],14.34µm
u_bram.bram\[156\]\[7\],14.34µm
u_bram.bram\[176\]\[23\],14.34µm
u_bram.bram\[27\]\[13\],14.34µm
u_bram.bram\[28\]\[20\],14.34µm
u_bram.bram\[108\]\[22\],14.32µm
u_bram.bram\[123\]\[26\],14.32µm
u_bram.bram\[152\]\[29\],14.32µm
u_bram.bram\[188\]\[6\],14.32µm
u_bram.bram\[232\]\[19\],14.32µm
u_bram.bram\[245\]\[20\],14.32µm
u_bram.bram\[252\]\[6\],14.32µm
u_bram.bram\[60\]\[28\],14.32µm
u_bram.bram\[91\]\[31\],14.32µm
u_bram.bram\[96\]\[22\],14.32µm
u_bram.bram\[134\]\[19\],14.31µm
u_bram.bram\[172\]\[29\],14.31µm
u_bram.bram\[186\]\[9\],14.31µm
u_bram.bram\[202\]\[7\],14.31µm
u_bram.bram\[254\]\[30\],14.31µm
u_bram.bram\[50\]\[28\],14.31µm
u_bram.bram\[138\]\[12\],14.305µm
u_bram.bram\[198\]\[10\],14.305µm
u_bram.bram\[2\]\[3\],14.305µm
u_bram.bram\[46\]\[8\],14.305µm
_08715_,14.3µm
_11509_,14.3µm
u_bram.bram\[105\]\[1\],14.3µm
u_bram.bram\[155\]\[28\],14.3µm
u_bram.bram\[160\]\[30\],14.3µm
u_bram.bram\[164\]\[12\],14.3µm
u_bram.bram\[164\]\[4\],14.3µm
u_bram.bram\[213\]\[12\],14.3µm
u_bram.bram\[216\]\[28\],14.3µm
u_bram.bram\[223\]\[25\],14.3µm
u_bram.bram\[232\]\[1\],14.3µm
u_bram.bram\[233\]\[21\],14.3µm
u_bram.bram\[30\]\[25\],14.3µm
u_bram.bram\[40\]\[17\],14.3µm
u_bram.bram\[49\]\[26\],14.3µm
u_bram.bram\[4\]\[6\],14.3µm
u_bram.bram\[134\]\[4\],14.29µm
u_bram.bram\[14\]\[3\],14.29µm
u_bram.bram\[34\]\[11\],14.29µm
u_bram.bram\[18\]\[19\],14.285µm
u_bram.bram\[74\]\[10\],14.285µm
_08699_,14.28µm
_11706_,14.28µm
_11828_,14.28µm
_12783_,14.28µm
_13477_,14.28µm
u_bram.bram\[101\]\[6\],14.28µm
u_bram.bram\[87\]\[6\],14.28µm
u_bram.bram\[130\]\[6\],14.27µm
u_bram.bram\[43\]\[14\],14.27µm
u_bram.bram\[46\]\[29\],14.27µm
_01975_,14.265µm
u_bram.bram\[102\]\[8\],14.265µm
u_bram.bram\[6\]\[23\],14.265µm
_08299_,14.26µm
_10161_,14.26µm
_13589_,14.26µm
u_bram.bram\[233\]\[22\],14.26µm
u_bram.bram\[49\]\[10\],14.26µm
u_bram.bram\[186\]\[4\],14.245µm
u_bram.bram\[210\]\[25\],14.245µm
u_bram.bram\[22\]\[2\],14.245µm
u_bram.bram\[58\]\[12\],14.245µm
u_bram.bram\[193\]\[22\],14.24µm
u_bram.bram\[244\]\[22\],14.24µm
w_data[9],14.24µm
u_bram.bram\[194\]\[1\],14.23µm
u_bram.bram\[82\]\[15\],14.23µm
u_bram.bram\[250\]\[19\],14.225µm
u_bram.bram\[112\]\[29\],14.22µm
u_bram.bram\[12\]\[22\],14.22µm
u_bram.bram\[135\]\[30\],14.22µm
u_bram.bram\[147\]\[5\],14.22µm
u_bram.bram\[17\]\[20\],14.22µm
u_bram.bram\[193\]\[9\],14.22µm
u_bram.bram\[199\]\[22\],14.22µm
u_bram.bram\[203\]\[5\],14.22µm
u_bram.bram\[222\]\[19\],14.22µm
u_bram.bram\[231\]\[10\],14.22µm
u_bram.bram\[23\]\[11\],14.22µm
u_bram.bram\[89\]\[25\],14.22µm
u_bram.bram\[162\]\[25\],14.205µm
u_bram.bram\[170\]\[15\],14.205µm
u_bram.bram\[190\]\[1\],14.205µm
u_bram.bram\[22\]\[15\],14.205µm
u_bram.bram\[238\]\[24\],14.205µm
u_bram.bram\[70\]\[24\],14.205µm
_10616_,14.2µm
u_bram.bram\[107\]\[28\],14.2µm
u_bram.bram\[132\]\[14\],14.2µm
u_bram.bram\[16\]\[24\],14.2µm
u_bram.bram\[209\]\[13\],14.2µm
u_bram.bram\[3\]\[14\],14.2µm
u_bram.bram\[5\]\[27\],14.2µm
u_bram.bram\[68\]\[15\],14.2µm
u_bram.bram\[68\]\[1\],14.2µm
u_bram.bram\[46\]\[30\],14.19µm
_04305_,14.185µm
_06447_,14.185µm
u_bram.bram\[34\]\[5\],14.185µm
u_bram.bram\[62\]\[24\],14.185µm
_08993_,14.18µm
_09318_,14.18µm
u_bram.bram\[117\]\[31\],14.18µm
u_bram.bram\[189\]\[28\],14.18µm
u_bram.bram\[195\]\[25\],14.18µm
u_bram.bram\[207\]\[3\],14.18µm
u_bram.bram\[228\]\[3\],14.18µm
u_bram.bram\[236\]\[21\],14.18µm
u_bram.bram\[23\]\[28\],14.18µm
u_bram.bram\[248\]\[9\],14.18µm
u_bram.bram\[4\]\[0\],14.18µm
u_bram.bram\[7\]\[10\],14.18µm
u_bram.bram\[9\]\[11\],14.18µm
u_bram.bram\[170\]\[25\],14.165µm
u_bram.bram\[221\]\[14\],14.16µm
u_bram.bram\[60\]\[16\],14.16µm
u_bram.bram\[146\]\[10\],14.15µm
_11074_,14.14µm
_11519_,14.14µm
_12954_,14.14µm
u_bram.bram\[101\]\[14\],14.14µm
u_bram.bram\[101\]\[18\],14.14µm
u_bram.bram\[12\]\[0\],14.14µm
u_bram.bram\[15\]\[29\],14.14µm
u_bram.bram\[184\]\[9\],14.14µm
u_bram.bram\[189\]\[8\],14.14µm
u_bram.bram\[192\]\[6\],14.14µm
u_bram.bram\[211\]\[18\],14.14µm
u_bram.bram\[237\]\[4\],14.14µm
u_bram.bram\[45\]\[19\],14.14µm
u_bram.bram\[77\]\[7\],14.14µm
u_bram.bram\[85\]\[8\],14.14µm
_10335_,14.12µm
_12989_,14.12µm
_13017_,14.12µm
u_bram.bram\[45\]\[1\],14.12µm
u_bram.bram\[34\]\[1\],14.11µm
u_bram.bram\[110\]\[13\],14.105µm
u_bram.bram\[134\]\[1\],14.105µm
u_bram.bram\[206\]\[22\],14.105µm
u_bram.bram\[22\]\[25\],14.105µm
u_bram.bram\[127\]\[18\],14.1µm
u_bram.bram\[13\]\[30\],14.1µm
u_bram.bram\[195\]\[21\],14.1µm
u_bram.bram\[199\]\[12\],14.1µm
u_bram.bram\[231\]\[15\],14.1µm
u_bram.bram\[32\]\[20\],14.1µm
u_bram.bram\[43\]\[0\],14.1µm
u_bram.bram\[254\]\[26\],14.09µm
u_bram.bram\[110\]\[19\],14.085µm
u_bram.bram\[14\]\[5\],14.085µm
u_bram.bram\[194\]\[11\],14.085µm
_10096_,14.08µm
u_bram.bram\[105\]\[25\],14.08µm
u_bram.bram\[105\]\[30\],14.08µm
u_bram.bram\[108\]\[19\],14.08µm
u_bram.bram\[109\]\[8\],14.08µm
u_bram.bram\[116\]\[22\],14.08µm
u_bram.bram\[131\]\[19\],14.08µm
u_bram.bram\[131\]\[28\],14.08µm
u_bram.bram\[135\]\[6\],14.08µm
u_bram.bram\[15\]\[24\],14.08µm
u_bram.bram\[165\]\[3\],14.08µm
u_bram.bram\[165\]\[4\],14.08µm
u_bram.bram\[169\]\[11\],14.08µm
u_bram.bram\[169\]\[25\],14.08µm
u_bram.bram\[188\]\[27\],14.08µm
u_bram.bram\[189\]\[15\],14.08µm
u_bram.bram\[189\]\[26\],14.08µm
u_bram.bram\[219\]\[13\],14.08µm
u_bram.bram\[219\]\[7\],14.08µm
u_bram.bram\[227\]\[27\],14.08µm
u_bram.bram\[229\]\[14\],14.08µm
u_bram.bram\[242\]\[18\],14.08µm
u_bram.bram\[242\]\[23\],14.08µm
u_bram.bram\[26\]\[15\],14.08µm
u_bram.bram\[35\]\[22\],14.08µm
u_bram.bram\[36\]\[31\],14.08µm
u_bram.bram\[4\]\[27\],14.08µm
u_bram.bram\[71\]\[19\],14.08µm
u_bram.bram\[85\]\[5\],14.08µm
u_bram.bram\[124\]\[10\],14.07µm
u_bram.bram\[138\]\[26\],14.07µm
u_bram.bram\[170\]\[23\],14.07µm
u_bram.bram\[206\]\[10\],14.07µm
u_bram.bram\[86\]\[0\],14.07µm
u_bram.bram\[100\]\[9\],14.06µm
u_bram.bram\[104\]\[0\],14.06µm
u_bram.bram\[129\]\[9\],14.06µm
u_bram.bram\[155\]\[4\],14.06µm
u_bram.bram\[15\]\[26\],14.06µm
u_bram.bram\[172\]\[28\],14.06µm
u_bram.bram\[204\]\[2\],14.06µm
u_bram.bram\[204\]\[5\],14.06µm
u_bram.bram\[23\]\[30\],14.06µm
u_bram.bram\[34\]\[7\],14.05µm
u_bram.bram\[3\]\[5\],14.05µm
_08928_,14.04µm
_10216_,14.04µm
_11374_,14.04µm
_13042_,14.04µm
u_bram.bram\[0\]\[20\],14.04µm
u_bram.bram\[107\]\[11\],14.04µm
u_bram.bram\[113\]\[19\],14.04µm
u_bram.bram\[115\]\[14\],14.04µm
u_bram.bram\[11\]\[19\],14.04µm
u_bram.bram\[123\]\[18\],14.04µm
u_bram.bram\[13\]\[1\],14.04µm
u_bram.bram\[165\]\[23\],14.04µm
u_bram.bram\[17\]\[25\],14.04µm
u_bram.bram\[197\]\[26\],14.04µm
u_bram.bram\[197\]\[2\],14.04µm
u_bram.bram\[225\]\[16\],14.04µm
u_bram.bram\[232\]\[15\],14.04µm
u_bram.bram\[237\]\[11\],14.04µm
u_bram.bram\[237\]\[8\],14.04µm
u_bram.bram\[255\]\[26\],14.04µm
u_bram.bram\[45\]\[21\],14.04µm
u_bram.bram\[53\]\[28\],14.04µm
u_bram.bram\[69\]\[19\],14.04µm
u_bram.bram\[73\]\[23\],14.04µm
u_bram.bram\[76\]\[6\],14.04µm
u_bram.bram\[77\]\[2\],14.04µm
u_bram.bram\[85\]\[21\],14.04µm
u_bram.bram\[250\]\[3\],14.025µm
_13378_,14.02µm
u_bram.bram\[101\]\[26\],14.02µm
u_bram.bram\[107\]\[4\],14.02µm
u_bram.bram\[201\]\[27\],14.02µm
u_bram.bram\[207\]\[22\],14.02µm
u_bram.bram\[207\]\[25\],14.02µm
u_bram.bram\[240\]\[17\],14.02µm
u_bram.bram\[252\]\[19\],14.02µm
u_bram.bram\[53\]\[12\],14.02µm
u_bram.bram\[98\]\[29\],14.005µm
_09616_,14µm
_10294_,14µm
_10757_,14µm
_11225_,14µm
_11315_,14µm
_11780_,14µm
u_bram.bram\[105\]\[13\],14µm
u_bram.bram\[113\]\[7\],14µm
u_bram.bram\[133\]\[7\],14µm
u_bram.bram\[137\]\[0\],14µm
u_bram.bram\[157\]\[28\],14µm
u_bram.bram\[182\]\[10\],14µm
u_bram.bram\[59\]\[8\],14µm
u_bram.bram\[65\]\[7\],14µm
u_bram.bram\[76\]\[0\],14µm
u_bram.bram\[7\]\[2\],14µm
u_bram.bram\[97\]\[2\],14µm
u_bram.bram\[138\]\[31\],13.99µm
u_bram.bram\[110\]\[4\],13.985µm
u_bram.bram\[173\]\[22\],13.98µm
u_bram.bram\[176\]\[31\],13.98µm
u_bram.bram\[187\]\[9\],13.98µm
u_bram.bram\[213\]\[14\],13.98µm
u_bram.bram\[235\]\[0\],13.98µm
u_bram.bram\[7\]\[31\],13.98µm
u_bram.bram\[99\]\[19\],13.975µm
u_bram.bram\[146\]\[24\],13.97µm
_10699_,13.96µm
_10751_,13.96µm
_11939_,13.96µm
_12817_,13.96µm
u_bram.bram\[109\]\[3\],13.96µm
u_bram.bram\[145\]\[4\],13.96µm
u_bram.bram\[150\]\[18\],13.96µm
u_bram.bram\[156\]\[2\],13.96µm
u_bram.bram\[15\]\[11\],13.96µm
u_bram.bram\[163\]\[6\],13.96µm
u_bram.bram\[172\]\[20\],13.96µm
u_bram.bram\[185\]\[22\],13.96µm
u_bram.bram\[204\]\[15\],13.96µm
u_bram.bram\[208\]\[13\],13.96µm
u_bram.bram\[231\]\[3\],13.96µm
u_bram.bram\[249\]\[5\],13.96µm
u_bram.bram\[27\]\[4\],13.96µm
u_bram.bram\[30\]\[10\],13.96µm
u_bram.bram\[39\]\[30\],13.96µm
u_bram.bram\[8\]\[28\],13.96µm
u_bram.bram\[62\]\[11\],13.945µm
u_bram.bram\[63\]\[11\],13.94µm
_10564_,13.92µm
u_bram.bram\[121\]\[17\],13.92µm
u_bram.bram\[147\]\[29\],13.92µm
_12295_,13.9µm
_12505_,13.9µm
u_bram.bram\[145\]\[26\],13.9µm
u_bram.bram\[229\]\[2\],13.9µm
u_bram.bram\[99\]\[8\],13.9µm
u_bram.bram\[58\]\[23\],13.885µm
u_bram.bram\[58\]\[5\],13.885µm
_10206_,13.88µm
_10373_,13.88µm
_12936_,13.88µm
u_bram.bram\[101\]\[28\],13.88µm
u_bram.bram\[116\]\[4\],13.88µm
u_bram.bram\[12\]\[9\],13.88µm
u_bram.bram\[183\]\[17\],13.88µm
u_bram.bram\[204\]\[11\],13.88µm
u_bram.bram\[251\]\[9\],13.88µm
u_bram.bram\[35\]\[0\],13.88µm
u_bram.bram\[51\]\[0\],13.88µm
u_bram.bram\[73\]\[16\],13.88µm
u_bram.bram\[99\]\[20\],13.88µm
_12089_,13.86µm
_12172_,13.86µm
u_bram.bram\[143\]\[24\],13.86µm
u_bram.bram\[152\]\[9\],13.86µm
u_bram.bram\[167\]\[21\],13.86µm
u_bram.bram\[51\]\[21\],13.86µm
u_bram.bram\[10\]\[5\],13.85µm
u_bram.bram\[18\]\[14\],13.85µm
u_bram.bram\[38\]\[24\],13.85µm
u_bram.bram\[38\]\[3\],13.85µm
u_bram.bram\[46\]\[6\],13.85µm
u_bram.bram\[206\]\[6\],13.845µm
u_bram.bram\[226\]\[7\],13.845µm
u_bram.bram\[234\]\[1\],13.845µm
u_bram.bram\[62\]\[22\],13.845µm
_10710_,13.84µm
_13889_,13.84µm
u_bram.bram\[0\]\[5\],13.84µm
u_bram.bram\[101\]\[12\],13.84µm
u_bram.bram\[112\]\[9\],13.84µm
u_bram.bram\[132\]\[9\],13.84µm
u_bram.bram\[144\]\[16\],13.84µm
u_bram.bram\[164\]\[1\],13.84µm
u_bram.bram\[164\]\[30\],13.84µm
u_bram.bram\[235\]\[27\],13.84µm
u_bram.bram\[52\]\[2\],13.84µm
_11056_,13.83µm
u_bram.bram\[14\]\[14\],13.83µm
u_bram.bram\[42\]\[5\],13.83µm
_10248_,13.82µm
_11746_,13.82µm
_12801_,13.82µm
w_data[15],13.82µm
w_data[21],13.82µm
w_data[24],13.82µm
u_bram.bram\[106\]\[2\],13.81µm
u_bram.bram\[198\]\[0\],13.81µm
u_bram.bram\[74\]\[12\],13.81µm
u_bram.bram\[110\]\[2\],13.805µm
u_bram.bram\[206\]\[23\],13.805µm
_09035_,13.8µm
_09193_,13.8µm
_09421_,13.8µm
_10629_,13.8µm
_13320_,13.8µm
u_bram.bram\[155\]\[23\],13.8µm
u_bram.bram\[65\]\[2\],13.8µm
u_bram.bram\[34\]\[19\],13.785µm
_10116_,13.78µm
u_bram.bram\[116\]\[3\],13.78µm
u_bram.bram\[221\]\[15\],13.78µm
u_bram.bram\[55\]\[7\],13.78µm
u_bram.bram\[122\]\[2\],13.765µm
u_bram.bram\[103\]\[9\],13.76µm
u_bram.bram\[108\]\[10\],13.76µm
u_bram.bram\[153\]\[26\],13.76µm
u_bram.bram\[163\]\[14\],13.76µm
u_bram.bram\[172\]\[9\],13.76µm
u_bram.bram\[196\]\[1\],13.76µm
u_bram.bram\[32\]\[12\],13.76µm
u_bram.bram\[56\]\[19\],13.76µm
u_bram.bram\[64\]\[24\],13.76µm
u_bram.bram\[67\]\[22\],13.76µm
u_bram.bram\[69\]\[27\],13.76µm
u_bram.bram\[186\]\[13\],13.75µm
u_bram.bram\[18\]\[31\],13.75µm
u_bram.bram\[106\]\[24\],13.745µm
u_bram.bram\[130\]\[3\],13.745µm
u_bram.bram\[194\]\[24\],13.745µm
u_bram.bram\[198\]\[8\],13.745µm
u_bram.bram\[42\]\[26\],13.745µm
u_bram.bram\[58\]\[19\],13.745µm
u_bram.bram\[98\]\[11\],13.745µm
_13892_,13.74µm
u_bram.bram\[177\]\[30\],13.74µm
u_bram.bram\[106\]\[29\],13.725µm
u_bram.bram\[218\]\[4\],13.725µm
u_bram.bram\[22\]\[26\],13.725µm
_08277_,13.72µm
_08588_,13.72µm
u_bram.bram\[115\]\[1\],13.72µm
u_bram.bram\[123\]\[13\],13.72µm
u_bram.bram\[141\]\[14\],13.72µm
u_bram.bram\[164\]\[10\],13.72µm
u_bram.bram\[164\]\[11\],13.72µm
u_bram.bram\[171\]\[26\],13.72µm
u_bram.bram\[175\]\[3\],13.72µm
u_bram.bram\[179\]\[22\],13.72µm
u_bram.bram\[188\]\[23\],13.72µm
u_bram.bram\[235\]\[20\],13.72µm
u_bram.bram\[239\]\[17\],13.72µm
u_bram.bram\[51\]\[28\],13.72µm
u_bram.bram\[83\]\[26\],13.72µm
u_bram.bram\[90\]\[22\],13.72µm
u_bram.bram\[92\]\[30\],13.72µm
u_bram.bram\[66\]\[4\],13.705µm
u_bram.bram\[70\]\[5\],13.705µm
u_bram.bram\[82\]\[25\],13.705µm
u_bram.bram\[144\]\[13\],13.7µm
u_bram.bram\[203\]\[3\],13.7µm
u_bram.bram\[166\]\[29\],13.69µm
u_bram.bram\[238\]\[7\],13.69µm
_11602_,13.68µm
u_bram.bram\[115\]\[3\],13.68µm
u_bram.bram\[121\]\[16\],13.68µm
u_bram.bram\[140\]\[22\],13.68µm
u_bram.bram\[144\]\[25\],13.68µm
u_bram.bram\[169\]\[15\],13.68µm
u_bram.bram\[188\]\[14\],13.68µm
u_bram.bram\[208\]\[30\],13.68µm
u_bram.bram\[209\]\[17\],13.68µm
u_bram.bram\[21\]\[2\],13.68µm
u_bram.bram\[233\]\[14\],13.68µm
u_bram.bram\[245\]\[14\],13.68µm
u_bram.bram\[253\]\[21\],13.68µm
u_bram.bram\[33\]\[3\],13.68µm
u_bram.bram\[40\]\[25\],13.68µm
u_bram.bram\[43\]\[11\],13.68µm
u_bram.bram\[68\]\[18\],13.68µm
u_bram.bram\[77\]\[27\],13.68µm
u_bram.bram\[7\]\[30\],13.68µm
u_bram.bram\[85\]\[0\],13.68µm
u_bram.bram\[85\]\[30\],13.68µm
u_bram.bram\[85\]\[3\],13.68µm
u_bram.bram\[85\]\[6\],13.68µm
_08557_,13.66µm
_09096_,13.66µm
_09365_,13.66µm
_11650_,13.66µm
_12924_,13.66µm
_13813_,13.66µm
u_bram.bram\[105\]\[6\],13.66µm
u_bram.bram\[171\]\[13\],13.66µm
u_bram.bram\[184\]\[15\],13.66µm
w_ptr_gray_meta\[2\],13.66µm
u_bram.bram\[114\]\[12\],13.65µm
u_bram.bram\[74\]\[18\],13.65µm
u_bram.bram\[134\]\[23\],13.645µm
u_bram.bram\[138\]\[17\],13.645µm
u_bram.bram\[174\]\[27\],13.645µm
u_bram.bram\[145\]\[25\],13.64µm
u_bram.bram\[197\]\[10\],13.64µm
u_bram.bram\[219\]\[11\],13.64µm
u_bram.bram\[235\]\[11\],13.64µm
u_bram.bram\[235\]\[29\],13.64µm
w_data[10],13.64µm
_08286_,13.63µm
u_bram.bram\[38\]\[30\],13.63µm
u_bram.bram\[62\]\[30\],13.63µm
u_bram.bram\[74\]\[1\],13.63µm
u_bram.bram\[170\]\[19\],13.625µm
u_bram.bram\[230\]\[11\],13.625µm
_08679_,13.62µm
_08967_,13.62µm
_09745_,13.62µm
_10957_,13.62µm
_11131_,13.62µm
u_bram.bram\[103\]\[7\],13.62µm
u_bram.bram\[105\]\[28\],13.62µm
u_bram.bram\[123\]\[31\],13.62µm
u_bram.bram\[135\]\[21\],13.62µm
u_bram.bram\[140\]\[11\],13.62µm
u_bram.bram\[157\]\[17\],13.62µm
u_bram.bram\[160\]\[19\],13.62µm
u_bram.bram\[172\]\[17\],13.62µm
u_bram.bram\[173\]\[15\],13.62µm
u_bram.bram\[177\]\[15\],13.62µm
u_bram.bram\[188\]\[10\],13.62µm
u_bram.bram\[188\]\[20\],13.62µm
u_bram.bram\[191\]\[0\],13.62µm
u_bram.bram\[191\]\[8\],13.62µm
u_bram.bram\[204\]\[6\],13.62µm
u_bram.bram\[228\]\[7\],13.62µm
u_bram.bram\[39\]\[17\],13.62µm
u_bram.bram\[44\]\[16\],13.62µm
u_bram.bram\[47\]\[3\],13.62µm
u_bram.bram\[51\]\[29\],13.62µm
u_bram.bram\[59\]\[23\],13.62µm
u_bram.bram\[64\]\[6\],13.62µm
u_bram.bram\[68\]\[25\],13.62µm
u_bram.bram\[73\]\[20\],13.62µm
u_bram.bram\[73\]\[29\],13.62µm
u_bram.bram\[97\]\[10\],13.62µm
u_bram.bram\[9\]\[18\],13.62µm
w_data[27],13.62µm
u_bram.bram\[194\]\[13\],13.615µm
u_bram.bram\[202\]\[0\],13.61µm
u_bram.bram\[82\]\[23\],13.61µm
u_bram.bram\[6\]\[22\],13.605µm
_09712_,13.6µm
_10951_,13.6µm
u_bram.bram\[152\]\[10\],13.6µm
u_bram.bram\[165\]\[2\],13.6µm
u_bram.bram\[29\]\[26\],13.6µm
u_bram.bram\[71\]\[10\],13.6µm
u_bram.bram\[80\]\[14\],13.6µm
u_bram.bram\[6\]\[8\],13.59µm
u_bram.bram\[126\]\[24\],13.585µm
u_bram.bram\[230\]\[25\],13.585µm
_08938_,13.58µm
u_bram.bram\[11\]\[16\],13.58µm
u_bram.bram\[128\]\[10\],13.58µm
u_bram.bram\[139\]\[8\],13.58µm
u_bram.bram\[143\]\[2\],13.58µm
u_bram.bram\[143\]\[8\],13.58µm
u_bram.bram\[155\]\[21\],13.58µm
u_bram.bram\[161\]\[15\],13.58µm
u_bram.bram\[161\]\[20\],13.58µm
u_bram.bram\[165\]\[7\],13.58µm
u_bram.bram\[169\]\[12\],13.58µm
u_bram.bram\[175\]\[26\],13.58µm
u_bram.bram\[192\]\[9\],13.58µm
u_bram.bram\[205\]\[3\],13.58µm
u_bram.bram\[21\]\[26\],13.58µm
u_bram.bram\[229\]\[13\],13.58µm
u_bram.bram\[229\]\[7\],13.58µm
u_bram.bram\[236\]\[10\],13.58µm
u_bram.bram\[237\]\[26\],13.58µm
u_bram.bram\[33\]\[23\],13.58µm
u_bram.bram\[37\]\[22\],13.58µm
u_bram.bram\[39\]\[11\],13.58µm
u_bram.bram\[45\]\[25\],13.58µm
u_bram.bram\[45\]\[2\],13.58µm
u_bram.bram\[4\]\[4\],13.58µm
u_bram.bram\[61\]\[18\],13.58µm
u_bram.bram\[63\]\[20\],13.58µm
u_bram.bram\[75\]\[3\],13.58µm
u_bram.bram\[97\]\[27\],13.58µm
u_bram.bram\[11\]\[7\],13.575µm
_09244_,13.56µm
_10388_,13.56µm
_13057_,13.56µm
r_empty,13.56µm
u_bram.bram\[108\]\[8\],13.56µm
u_bram.bram\[10\]\[11\],13.56µm
u_bram.bram\[111\]\[23\],13.56µm
u_bram.bram\[147\]\[24\],13.56µm
u_bram.bram\[155\]\[31\],13.56µm
u_bram.bram\[156\]\[20\],13.56µm
u_bram.bram\[193\]\[4\],13.56µm
u_bram.bram\[220\]\[23\],13.56µm
u_bram.bram\[232\]\[8\],13.56µm
u_bram.bram\[45\]\[8\],13.56µm
u_bram.bram\[61\]\[30\],13.56µm
u_bram.bram\[136\]\[29\],13.55µm
u_bram.bram\[10\]\[15\],13.545µm
u_bram.bram\[22\]\[1\],13.545µm
u_bram.bram\[86\]\[8\],13.545µm
_10276_,13.54µm
_10810_,13.54µm
_11896_,13.54µm
_12671_,13.54µm
_13013_,13.54µm
_13489_,13.54µm
_13628_,13.54µm
u_bram.bram\[136\]\[25\],13.54µm
u_bram.bram\[139\]\[23\],13.54µm
u_bram.bram\[151\]\[8\],13.54µm
u_bram.bram\[231\]\[8\],13.54µm
u_bram.bram\[236\]\[3\],13.54µm
u_bram.bram\[23\]\[22\],13.54µm
u_bram.bram\[246\]\[14\],13.54µm
u_bram.bram\[35\]\[25\],13.54µm
u_bram.bram\[41\]\[21\],13.54µm
u_bram.bram\[5\]\[11\],13.54µm
u_bram.bram\[69\]\[18\],13.54µm
u_bram.bram\[76\]\[4\],13.54µm
u_bram.bram\[79\]\[1\],13.54µm
u_bram.bram\[7\]\[27\],13.54µm
u_bram.bram\[97\]\[25\],13.54µm
u_bram.bram\[154\]\[9\],13.53µm
u_bram.bram\[206\]\[0\],13.53µm
u_bram.bram\[206\]\[21\],13.53µm
u_bram.bram\[42\]\[17\],13.53µm
u_bram.bram\[58\]\[24\],13.53µm
u_bram.bram\[34\]\[9\],13.525µm
_11694_,13.52µm
u_bram.bram\[107\]\[24\],13.52µm
u_bram.bram\[116\]\[14\],13.52µm
u_bram.bram\[133\]\[18\],13.52µm
u_bram.bram\[163\]\[8\],13.52µm
u_bram.bram\[188\]\[17\],13.52µm
u_bram.bram\[21\]\[1\],13.52µm
u_bram.bram\[224\]\[3\],13.52µm
u_bram.bram\[63\]\[29\],13.52µm
u_bram.bram\[63\]\[6\],13.52µm
u_bram.bram\[68\]\[22\],13.52µm
u_bram.bram\[81\]\[0\],13.52µm
u_bram.bram\[114\]\[9\],13.505µm
u_bram.bram\[6\]\[4\],13.505µm
_08973_,13.5µm
_11144_,13.5µm
_12220_,13.5µm
_12893_,13.5µm
_13344_,13.5µm
u_bram.bram\[120\]\[21\],13.5µm
u_bram.bram\[123\]\[2\],13.5µm
u_bram.bram\[150\]\[20\],13.5µm
u_bram.bram\[167\]\[3\],13.5µm
u_bram.bram\[172\]\[21\],13.5µm
u_bram.bram\[191\]\[18\],13.5µm
u_bram.bram\[196\]\[19\],13.5µm
u_bram.bram\[239\]\[25\],13.5µm
u_bram.bram\[249\]\[17\],13.5µm
u_bram.bram\[29\]\[10\],13.5µm
u_bram.bram\[79\]\[10\],13.5µm
u_bram.bram\[85\]\[22\],13.5µm
u_bram.bram\[87\]\[13\],13.5µm
u_bram.bram\[90\]\[7\],13.5µm
u_bram.bram\[93\]\[24\],13.5µm
u_bram.bram\[142\]\[7\],13.495µm
u_bram.bram\[122\]\[24\],13.49µm
u_bram.bram\[146\]\[21\],13.49µm
u_bram.bram\[18\]\[20\],13.49µm
u_bram.bram\[194\]\[8\],13.49µm
u_bram.bram\[198\]\[26\],13.49µm
u_bram.bram\[38\]\[29\],13.49µm
u_bram.bram\[62\]\[14\],13.49µm
u_bram.bram\[254\]\[8\],13.485µm
u_bram.bram\[212\]\[17\],13.48µm
u_bram.bram\[69\]\[31\],13.48µm
_11028_,13.47µm
u_bram.bram\[43\]\[7\],13.47µm
_11022_,13.46µm
_11724_,13.46µm
u_bram.bram\[16\]\[9\],13.46µm
u_bram.bram\[189\]\[29\],13.46µm
u_bram.bram\[193\]\[12\],13.46µm
u_bram.bram\[193\]\[26\],13.46µm
u_bram.bram\[227\]\[1\],13.46µm
u_bram.bram\[243\]\[9\],13.46µm
u_bram.bram\[39\]\[21\],13.46µm
u_bram.bram\[45\]\[4\],13.46µm
u_bram.bram\[69\]\[15\],13.46µm
u_bram.bram\[75\]\[4\],13.46µm
u_bram.bram\[126\]\[25\],13.45µm
u_bram.bram\[174\]\[8\],13.45µm
u_bram.bram\[202\]\[9\],13.45µm
u_bram.bram\[66\]\[30\],13.45µm
_11961_,13.44µm
_13650_,13.44µm
u_bram.bram\[107\]\[29\],13.44µm
u_bram.bram\[116\]\[18\],13.44µm
u_bram.bram\[158\]\[8\],13.44µm
u_bram.bram\[246\]\[20\],13.44µm
u_bram.bram\[54\]\[17\],13.44µm
u_bram.bram\[90\]\[5\],13.44µm
u_fifo_ctrl.u_r_g2b.gray_in\[6\],13.44µm
u_bram.bram\[102\]\[16\],13.43µm
u_bram.bram\[10\]\[30\],13.43µm
u_bram.bram\[154\]\[27\],13.43µm
u_bram.bram\[186\]\[12\],13.425µm
u_bram.bram\[18\]\[1\],13.425µm
u_bram.bram\[202\]\[11\],13.425µm
u_bram.bram\[250\]\[15\],13.425µm
u_bram.bram\[50\]\[24\],13.425µm
u_bram.bram\[66\]\[26\],13.425µm
_10652_,13.42µm
_11152_,13.42µm
u_bram.bram\[108\]\[28\],13.42µm
u_bram.bram\[132\]\[24\],13.42µm
u_bram.bram\[208\]\[9\],13.42µm
u_bram.bram\[216\]\[5\],13.42µm
u_bram.bram\[222\]\[1\],13.42µm
u_bram.bram\[228\]\[4\],13.42µm
u_bram.bram\[239\]\[2\],13.42µm
u_bram.bram\[255\]\[25\],13.42µm
u_bram.bram\[27\]\[9\],13.42µm
u_bram.bram\[49\]\[2\],13.42µm
u_bram.bram\[52\]\[11\],13.42µm
u_bram.bram\[59\]\[15\],13.42µm
u_bram.bram\[67\]\[0\],13.42µm
u_fifo_ctrl.r_bin_next\[7\],13.42µm
u_bram.bram\[102\]\[31\],13.41µm
u_bram.bram\[34\]\[12\],13.405µm
u_bram.bram\[137\]\[1\],13.4µm
u_bram.bram\[150\]\[26\],13.4µm
u_bram.bram\[187\]\[0\],13.4µm
u_bram.bram\[214\]\[2\],13.4µm
u_bram.bram\[215\]\[8\],13.4µm
u_bram.bram\[56\]\[18\],13.4µm
u_bram.bram\[99\]\[0\],13.4µm
u_bram.bram\[10\]\[12\],13.39µm
u_bram.bram\[123\]\[19\],13.39µm
u_bram.bram\[194\]\[14\],13.39µm
u_bram.bram\[250\]\[16\],13.39µm
u_bram.bram\[74\]\[14\],13.39µm
u_bram.bram\[98\]\[12\],13.39µm
u_bram.bram\[126\]\[3\],13.385µm
u_bram.bram\[218\]\[17\],13.385µm
u_bram.bram\[50\]\[16\],13.385µm
_09636_,13.38µm
_09768_,13.38µm
_12262_,13.38µm
_13229_,13.38µm
u_bram.bram\[128\]\[4\],13.38µm
u_bram.bram\[152\]\[0\],13.38µm
u_bram.bram\[160\]\[10\],13.38µm
u_bram.bram\[164\]\[14\],13.38µm
u_bram.bram\[164\]\[29\],13.38µm
u_bram.bram\[16\]\[25\],13.38µm
u_bram.bram\[17\]\[16\],13.38µm
u_bram.bram\[192\]\[28\],13.38µm
u_bram.bram\[222\]\[30\],13.38µm
u_bram.bram\[228\]\[11\],13.38µm
u_bram.bram\[237\]\[19\],13.38µm
u_bram.bram\[23\]\[18\],13.38µm
u_bram.bram\[246\]\[2\],13.38µm
u_bram.bram\[76\]\[1\],13.38µm
u_bram.bram\[22\]\[10\],13.375µm
u_bram.bram\[102\]\[27\],13.37µm
u_bram.bram\[170\]\[22\],13.37µm
u_bram.bram\[190\]\[5\],13.37µm
_09249_,13.36µm
_09504_,13.36µm
_10330_,13.36µm
_12585_,13.36µm
_13406_,13.36µm
u_bram.bram\[111\]\[28\],13.36µm
u_bram.bram\[179\]\[24\],13.36µm
u_bram.bram\[1\]\[7\],13.36µm
u_bram.bram\[240\]\[11\],13.36µm
u_bram.bram\[249\]\[15\],13.36µm
u_bram.bram\[97\]\[9\],13.36µm
u_bram.bram\[98\]\[1\],13.35µm
u_bram.bram\[206\]\[5\],13.345µm
_10177_,13.34µm
_12048_,13.34µm
u_bram.bram\[160\]\[1\],13.34µm
u_bram.bram\[160\]\[4\],13.34µm
u_bram.bram\[228\]\[16\],13.34µm
u_bram.bram\[37\]\[21\],13.34µm
u_bram.bram\[64\]\[13\],13.34µm
u_bram.bram\[76\]\[9\],13.34µm
u_bram.bram\[92\]\[13\],13.34µm
u_bram.bram\[9\]\[8\],13.34µm
_09993_,13.32µm
_13718_,13.32µm
u_bram.bram\[145\]\[22\],13.32µm
u_bram.bram\[19\]\[1\],13.32µm
u_bram.bram\[246\]\[18\],13.32µm
u_bram.bram\[95\]\[24\],13.32µm
u_bram.bram\[142\]\[13\],13.31µm
u_bram.bram\[22\]\[21\],13.31µm
u_bram.bram\[46\]\[11\],13.31µm
u_bram.bram\[234\]\[22\],13.305µm
u_bram.bram\[238\]\[20\],13.305µm
u_bram.bram\[46\]\[0\],13.305µm
_09966_,13.3µm
u_bram.bram\[111\]\[2\],13.3µm
u_bram.bram\[127\]\[4\],13.3µm
u_bram.bram\[129\]\[20\],13.3µm
u_bram.bram\[179\]\[7\],13.3µm
u_bram.bram\[191\]\[25\],13.3µm
u_bram.bram\[19\]\[18\],13.3µm
u_bram.bram\[204\]\[3\],13.3µm
u_bram.bram\[236\]\[14\],13.3µm
u_bram.bram\[236\]\[23\],13.3µm
u_bram.bram\[23\]\[23\],13.3µm
u_bram.bram\[23\]\[31\],13.3µm
u_bram.bram\[252\]\[13\],13.3µm
u_bram.bram\[44\]\[24\],13.3µm
u_bram.bram\[51\]\[11\],13.3µm
_10885_,13.295µm
u_bram.bram\[70\]\[1\],13.295µm
u_bram.bram\[142\]\[20\],13.29µm
u_bram.bram\[74\]\[5\],13.29µm
u_bram.bram\[86\]\[17\],13.29µm
u_bram.bram\[110\]\[6\],13.285µm
u_bram.bram\[134\]\[9\],13.285µm
u_bram.bram\[162\]\[0\],13.285µm
u_bram.bram\[226\]\[31\],13.285µm
u_bram.bram\[74\]\[17\],13.285µm
u_bram.bram\[98\]\[17\],13.285µm
u_bram.bram\[167\]\[10\],13.28µm
u_bram.bram\[199\]\[24\],13.28µm
u_bram.bram\[200\]\[27\],13.28µm
u_bram.bram\[26\]\[21\],13.28µm
u_bram.bram\[44\]\[31\],13.28µm
u_bram.bram\[59\]\[2\],13.28µm
u_bram.bram\[96\]\[4\],13.28µm
u_bram.bram\[130\]\[17\],13.27µm
u_bram.bram\[134\]\[10\],13.27µm
_12320_,13.265µm
u_bram.bram\[102\]\[17\],13.265µm
_09077_,13.26µm
u_bram.bram\[124\]\[27\],13.26µm
u_bram.bram\[127\]\[25\],13.26µm
u_bram.bram\[135\]\[16\],13.26µm
u_bram.bram\[13\]\[21\],13.26µm
u_bram.bram\[143\]\[12\],13.26µm
u_bram.bram\[182\]\[15\],13.26µm
u_bram.bram\[188\]\[11\],13.26µm
u_bram.bram\[204\]\[31\],13.26µm
u_bram.bram\[225\]\[13\],13.26µm
u_bram.bram\[3\]\[20\],13.26µm
u_bram.bram\[40\]\[10\],13.26µm
u_bram.bram\[77\]\[9\],13.26µm
u_bram.bram\[95\]\[6\],13.26µm
u_bram.bram\[12\]\[30\],13.24µm
u_bram.bram\[224\]\[8\],13.24µm
u_bram.bram\[246\]\[12\],13.24µm
_08619_,13.23µm
u_bram.bram\[42\]\[21\],13.23µm
u_bram.bram\[109\]\[5\],13.22µm
u_bram.bram\[113\]\[6\],13.22µm
u_bram.bram\[121\]\[20\],13.22µm
u_bram.bram\[157\]\[16\],13.22µm
u_bram.bram\[195\]\[23\],13.22µm
u_bram.bram\[203\]\[30\],13.22µm
u_bram.bram\[205\]\[19\],13.22µm
u_bram.bram\[207\]\[16\],13.22µm
u_bram.bram\[223\]\[8\],13.22µm
u_bram.bram\[225\]\[2\],13.22µm
u_bram.bram\[237\]\[17\],13.22µm
u_bram.bram\[57\]\[19\],13.22µm
u_bram.bram\[69\]\[26\],13.22µm
u_bram.bram\[80\]\[15\],13.22µm
u_bram.bram\[97\]\[30\],13.22µm
u_fifo_ctrl.u_w_b2g.gray_out\[6\],13.22µm
u_bram.bram\[14\]\[7\],13.205µm
_08590_,13.2µm
_10532_,13.2µm
_10722_,13.2µm
_10898_,13.2µm
u_bram.bram\[191\]\[5\],13.2µm
u_bram.bram\[211\]\[6\],13.2µm
u_bram.bram\[243\]\[25\],13.2µm
u_bram.bram\[246\]\[16\],13.2µm
u_bram.bram\[249\]\[19\],13.2µm
u_bram.bram\[89\]\[10\],13.2µm
u_bram.bram\[8\]\[24\],13.2µm
u_bram.bram\[126\]\[17\],13.19µm
u_bram.bram\[250\]\[30\],13.19µm
u_bram.bram\[6\]\[12\],13.19µm
u_bram.bram\[82\]\[24\],13.19µm
u_bram.bram\[162\]\[1\],13.185µm
u_bram.bram\[66\]\[7\],13.185µm
u_bram.bram\[101\]\[7\],13.18µm
u_bram.bram\[107\]\[16\],13.18µm
u_bram.bram\[255\]\[2\],13.18µm
u_bram.bram\[25\]\[21\],13.18µm
u_bram.bram\[83\]\[21\],13.18µm
u_bram.bram\[144\]\[14\],13.17µm
u_bram.bram\[86\]\[30\],13.17µm
u_bram.bram\[154\]\[5\],13.165µm
_10245_,13.16µm
_12013_,13.16µm
_12231_,13.16µm
_12776_,13.16µm
_13909_,13.16µm
u_bram.bram\[100\]\[19\],13.16µm
u_bram.bram\[103\]\[0\],13.16µm
u_bram.bram\[103\]\[3\],13.16µm
u_bram.bram\[115\]\[26\],13.16µm
u_bram.bram\[132\]\[5\],13.16µm
u_bram.bram\[136\]\[7\],13.16µm
u_bram.bram\[145\]\[27\],13.16µm
u_bram.bram\[153\]\[24\],13.16µm
u_bram.bram\[161\]\[17\],13.16µm
u_bram.bram\[175\]\[0\],13.16µm
u_bram.bram\[184\]\[4\],13.16µm
u_bram.bram\[192\]\[21\],13.16µm
u_bram.bram\[193\]\[24\],13.16µm
u_bram.bram\[19\]\[23\],13.16µm
u_bram.bram\[208\]\[23\],13.16µm
u_bram.bram\[20\]\[0\],13.16µm
u_bram.bram\[211\]\[3\],13.16µm
u_bram.bram\[219\]\[4\],13.16µm
u_bram.bram\[225\]\[23\],13.16µm
u_bram.bram\[227\]\[2\],13.16µm
u_bram.bram\[231\]\[29\],13.16µm
u_bram.bram\[232\]\[27\],13.16µm
u_bram.bram\[235\]\[3\],13.16µm
u_bram.bram\[235\]\[8\],13.16µm
u_bram.bram\[239\]\[3\],13.16µm
u_bram.bram\[248\]\[30\],13.16µm
u_bram.bram\[32\]\[5\],13.16µm
u_bram.bram\[33\]\[13\],13.16µm
u_bram.bram\[33\]\[30\],13.16µm
u_bram.bram\[39\]\[20\],13.16µm
u_bram.bram\[49\]\[20\],13.16µm
u_bram.bram\[57\]\[11\],13.16µm
u_bram.bram\[61\]\[4\],13.16µm
u_bram.bram\[64\]\[5\],13.16µm
u_bram.bram\[67\]\[13\],13.16µm
u_bram.bram\[76\]\[29\],13.16µm
u_bram.bram\[85\]\[2\],13.16µm
u_bram.bram\[9\]\[12\],13.16µm
u_bram.bram\[10\]\[2\],13.15µm
u_bram.bram\[18\]\[26\],13.15µm
u_bram.bram\[66\]\[9\],13.15µm
u_bram.bram\[194\]\[18\],13.145µm
_11741_,13.14µm
_13801_,13.14µm
u_bram.bram\[107\]\[9\],13.14µm
u_bram.bram\[141\]\[29\],13.14µm
u_bram.bram\[168\]\[14\],13.14µm
u_bram.bram\[203\]\[6\],13.14µm
u_bram.bram\[216\]\[18\],13.14µm
u_bram.bram\[219\]\[31\],13.14µm
u_bram.bram\[217\]\[15\],13.13µm
_12296_,13.12µm
u_bram.bram\[101\]\[16\],13.12µm
u_bram.bram\[101\]\[5\],13.12µm
u_bram.bram\[105\]\[5\],13.12µm
u_bram.bram\[129\]\[31\],13.12µm
u_bram.bram\[139\]\[31\],13.12µm
u_bram.bram\[141\]\[17\],13.12µm
u_bram.bram\[147\]\[14\],13.12µm
u_bram.bram\[189\]\[20\],13.12µm
u_bram.bram\[189\]\[6\],13.12µm
u_bram.bram\[192\]\[30\],13.12µm
u_bram.bram\[216\]\[20\],13.12µm
u_bram.bram\[224\]\[27\],13.12µm
u_bram.bram\[229\]\[25\],13.12µm
u_bram.bram\[236\]\[24\],13.12µm
u_bram.bram\[249\]\[24\],13.12µm
u_bram.bram\[251\]\[21\],13.12µm
u_bram.bram\[45\]\[27\],13.12µm
u_bram.bram\[45\]\[29\],13.12µm
u_bram.bram\[51\]\[24\],13.12µm
u_bram.bram\[53\]\[14\],13.12µm
u_bram.bram\[54\]\[23\],13.12µm
u_bram.bram\[65\]\[12\],13.12µm
u_bram.bram\[77\]\[12\],13.12µm
u_bram.bram\[77\]\[8\],13.12µm
u_bram.bram\[84\]\[11\],13.12µm
u_bram.bram\[97\]\[11\],13.12µm
_09268_,13.1µm
_10165_,13.1µm
_12413_,13.1µm
u_bram.bram\[121\]\[2\],13.1µm
u_bram.bram\[201\]\[25\],13.1µm
u_bram.bram\[220\]\[7\],13.1µm
u_bram.bram\[65\]\[19\],13.1µm
u_bram.bram\[130\]\[26\],13.085µm
u_bram.bram\[174\]\[19\],13.085µm
u_bram.bram\[186\]\[2\],13.085µm
u_bram.bram\[198\]\[13\],13.085µm
u_bram.bram\[226\]\[23\],13.085µm
u_bram.bram\[42\]\[20\],13.085µm
_13153_,13.08µm
u_bram.bram\[101\]\[25\],13.08µm
u_bram.bram\[112\]\[13\],13.08µm
u_bram.bram\[131\]\[23\],13.08µm
u_bram.bram\[163\]\[23\],13.08µm
u_bram.bram\[165\]\[9\],13.08µm
u_bram.bram\[168\]\[25\],13.08µm
u_bram.bram\[16\]\[5\],13.08µm
u_bram.bram\[228\]\[15\],13.08µm
u_bram.bram\[235\]\[15\],13.08µm
u_bram.bram\[251\]\[7\],13.08µm
u_bram.bram\[25\]\[10\],13.08µm
u_bram.bram\[45\]\[7\],13.08µm
u_bram.bram\[71\]\[25\],13.08µm
_06261_,13.075µm
u_bram.bram\[106\]\[1\],13.07µm
u_bram.bram\[122\]\[22\],13.07µm
u_bram.bram\[138\]\[7\],13.07µm
u_bram.bram\[198\]\[3\],13.07µm
u_bram.bram\[142\]\[30\],13.065µm
u_bram.bram\[166\]\[26\],13.065µm
u_bram.bram\[174\]\[22\],13.065µm
u_bram.bram\[148\]\[3\],13.06µm
u_bram.bram\[179\]\[26\],13.06µm
u_bram.bram\[203\]\[27\],13.06µm
u_bram.bram\[227\]\[17\],13.06µm
u_bram.bram\[249\]\[0\],13.06µm
u_bram.bram\[24\]\[18\],13.06µm
u_bram.bram\[26\]\[13\],13.06µm
u_bram.bram\[29\]\[15\],13.06µm
u_bram.bram\[50\]\[9\],13.06µm
u_bram.bram\[51\]\[3\],13.06µm
u_bram.bram\[59\]\[9\],13.06µm
u_bram.bram\[67\]\[1\],13.06µm
u_bram.bram\[71\]\[13\],13.06µm
u_bram.bram\[83\]\[10\],13.06µm
u_bram.bram\[89\]\[3\],13.06µm
u_bram.bram\[78\]\[26\],13.05µm
u_bram.bram\[130\]\[1\],13.045µm
u_bram.bram\[42\]\[30\],13.045µm
_08709_,13.04µm
_09397_,13.04µm
_10851_,13.04µm
_11321_,13.04µm
_11835_,13.04µm
_13424_,13.04µm
_13817_,13.04µm
u_bram.bram\[103\]\[21\],13.04µm
u_bram.bram\[135\]\[25\],13.04µm
u_bram.bram\[137\]\[18\],13.04µm
u_bram.bram\[182\]\[2\],13.04µm
u_bram.bram\[189\]\[27\],13.04µm
u_bram.bram\[208\]\[1\],13.04µm
u_bram.bram\[215\]\[20\],13.04µm
u_bram.bram\[222\]\[11\],13.04µm
u_bram.bram\[244\]\[3\],13.04µm
u_bram.bram\[67\]\[17\],13.04µm
u_bram.bram\[69\]\[16\],13.04µm
_12363_,13.035µm
u_bram.bram\[106\]\[5\],13.03µm
u_bram.bram\[170\]\[31\],13.03µm
u_bram.bram\[238\]\[28\],13.03µm
u_bram.bram\[98\]\[25\],13.03µm
u_bram.bram\[122\]\[7\],13.025µm
u_bram.bram\[70\]\[8\],13.025µm
_09440_,13.02µm
_09766_,13.02µm
_10112_,13.02µm
_10786_,13.02µm
_11563_,13.02µm
u_bram.bram\[137\]\[8\],13.02µm
u_bram.bram\[164\]\[27\],13.02µm
u_bram.bram\[164\]\[7\],13.02µm
u_bram.bram\[253\]\[22\],13.02µm
u_bram.bram\[35\]\[1\],13.02µm
u_bram.bram\[35\]\[31\],13.02µm
u_bram.bram\[69\]\[1\],13.02µm
u_bram.bram\[219\]\[3\],13.01µm
u_bram.bram\[35\]\[13\],13.01µm
_09571_,13µm
_10256_,13µm
_11270_,13µm
_11323_,13µm
_11988_,13µm
_13239_,13µm
u_bram.bram\[101\]\[31\],13µm
u_bram.bram\[201\]\[3\],13µm
u_bram.bram\[209\]\[15\],13µm
u_bram.bram\[225\]\[24\],13µm
u_bram.bram\[225\]\[28\],13µm
u_bram.bram\[233\]\[28\],13µm
u_bram.bram\[39\]\[22\],13µm
u_bram.bram\[47\]\[12\],13µm
u_bram.bram\[77\]\[1\],13µm
u_bram.bram\[166\]\[0\],12.99µm
_13264_,12.98µm
u_bram.bram\[103\]\[29\],12.98µm
u_bram.bram\[115\]\[25\],12.98µm
u_bram.bram\[49\]\[7\],12.98µm
u_bram.bram\[250\]\[13\],12.97µm
u_bram.bram\[126\]\[27\],12.965µm
u_bram.bram\[174\]\[24\],12.965µm
u_bram.bram\[238\]\[16\],12.965µm
u_bram.bram\[34\]\[24\],12.965µm
u_bram.bram\[58\]\[27\],12.965µm
u_bram.bram\[62\]\[3\],12.965µm
u_bram.bram\[62\]\[8\],12.965µm
u_bram.bram\[74\]\[13\],12.965µm
u_bram.bram\[78\]\[11\],12.965µm
u_bram.bram\[86\]\[26\],12.965µm
_08707_,12.96µm
_10869_,12.96µm
_12670_,12.96µm
_12827_,12.96µm
_13006_,12.96µm
u_bram.bram\[12\]\[18\],12.96µm
u_bram.bram\[160\]\[14\],12.96µm
u_bram.bram\[183\]\[14\],12.96µm
u_bram.bram\[20\]\[10\],12.96µm
u_bram.bram\[77\]\[20\],12.96µm
u_bram.bram\[94\]\[10\],12.96µm
u_bram.bram\[38\]\[18\],12.945µm
_09861_,12.94µm
_13193_,12.94µm
_13423_,12.94µm
_13598_,12.94µm
u_bram.bram\[104\]\[10\],12.94µm
u_bram.bram\[131\]\[6\],12.94µm
u_bram.bram\[171\]\[30\],12.94µm
u_bram.bram\[207\]\[6\],12.94µm
u_bram.bram\[212\]\[11\],12.94µm
u_bram.bram\[214\]\[15\],12.94µm
u_bram.bram\[245\]\[12\],12.94µm
u_bram.bram\[251\]\[20\],12.94µm
u_bram.bram\[255\]\[10\],12.94µm
u_bram.bram\[76\]\[3\],12.94µm
u_bram.bram\[102\]\[5\],12.93µm
u_bram.bram\[166\]\[31\],12.93µm
u_bram.bram\[198\]\[2\],12.93µm
u_bram.bram\[234\]\[16\],12.93µm
u_bram.bram\[58\]\[6\],12.93µm
u_bram.bram\[82\]\[28\],12.93µm
u_bram.bram\[126\]\[8\],12.925µm
u_bram.bram\[130\]\[23\],12.925µm
u_bram.bram\[162\]\[5\],12.925µm
u_bram.bram\[166\]\[14\],12.925µm
u_bram.bram\[166\]\[22\],12.925µm
u_bram.bram\[218\]\[13\],12.925µm
u_bram.bram\[22\]\[18\],12.925µm
u_bram.bram\[230\]\[7\],12.925µm
u_bram.bram\[230\]\[9\],12.925µm
_09283_,12.92µm
_10183_,12.92µm
_10594_,12.92µm
u_bram.bram\[127\]\[26\],12.92µm
u_bram.bram\[164\]\[0\],12.92µm
u_bram.bram\[20\]\[24\],12.92µm
u_bram.bram\[217\]\[14\],12.92µm
u_bram.bram\[222\]\[3\],12.92µm
u_bram.bram\[248\]\[13\],12.92µm
u_bram.bram\[26\]\[6\],12.92µm
u_bram.bram\[40\]\[0\],12.92µm
u_bram.bram\[68\]\[10\],12.92µm
u_bram.bram\[7\]\[11\],12.92µm
u_bram.bram\[80\]\[2\],12.92µm
_09123_,12.9µm
_11525_,12.9µm
_12906_,12.9µm
_12958_,12.9µm
_13757_,12.9µm
u_bram.bram\[227\]\[18\],12.9µm
u_bram.bram\[241\]\[25\],12.9µm
u_bram.bram\[243\]\[26\],12.9µm
u_bram.bram\[27\]\[2\],12.9µm
u_bram.bram\[50\]\[8\],12.9µm
u_bram.bram\[83\]\[19\],12.9µm
u_bram.bram\[122\]\[0\],12.885µm
_10483_,12.88µm
u_bram.bram\[113\]\[24\],12.88µm
u_bram.bram\[191\]\[14\],12.88µm
u_bram.bram\[209\]\[31\],12.88µm
u_bram.bram\[21\]\[0\],12.88µm
u_bram.bram\[77\]\[0\],12.88µm
u_fifo_ctrl.w_full_val,12.88µm
u_bram.bram\[168\]\[12\],12.87µm
_01157_,12.865µm
_04980_,12.865µm
u_bram.bram\[114\]\[14\],12.865µm
u_bram.bram\[174\]\[9\],12.865µm
u_bram.bram\[6\]\[17\],12.865µm
u_bram.bram\[78\]\[24\],12.865µm
u_bram.bram\[86\]\[24\],12.865µm
_09111_,12.86µm
_09316_,12.86µm
_10458_,12.86µm
_11307_,12.86µm
_12913_,12.86µm
u_bram.bram\[158\]\[11\],12.86µm
u_bram.bram\[181\]\[2\],12.86µm
u_bram.bram\[245\]\[21\],12.86µm
u_bram.bram\[230\]\[19\],12.85µm
u_bram.bram\[66\]\[18\],12.85µm
u_bram.bram\[110\]\[21\],12.845µm
u_bram.bram\[130\]\[20\],12.845µm
u_bram.bram\[130\]\[8\],12.845µm
u_bram.bram\[78\]\[12\],12.845µm
u_bram.bram\[0\]\[3\],12.84µm
u_bram.bram\[111\]\[0\],12.84µm
u_bram.bram\[118\]\[5\],12.84µm
u_bram.bram\[139\]\[30\],12.84µm
u_bram.bram\[148\]\[10\],12.84µm
u_bram.bram\[149\]\[27\],12.84µm
u_bram.bram\[227\]\[31\],12.84µm
u_bram.bram\[47\]\[16\],12.84µm
u_bram.bram\[59\]\[31\],12.84µm
u_bram.bram\[71\]\[30\],12.84µm
u_bram.bram\[97\]\[13\],12.84µm
u_bram.bram\[99\]\[10\],12.84µm
u_bram.bram\[99\]\[1\],12.84µm
u_bram.bram\[106\]\[26\],12.83µm
u_bram.bram\[202\]\[16\],12.83µm
u_bram.bram\[23\]\[17\],12.83µm
_07719_,12.825µm
u_bram.bram\[106\]\[27\],12.825µm
u_bram.bram\[10\]\[28\],12.825µm
u_bram.bram\[110\]\[14\],12.825µm
u_bram.bram\[114\]\[7\],12.825µm
u_bram.bram\[134\]\[28\],12.825µm
u_bram.bram\[18\]\[12\],12.825µm
u_bram.bram\[210\]\[26\],12.825µm
u_bram.bram\[210\]\[6\],12.825µm
u_bram.bram\[22\]\[16\],12.825µm
u_bram.bram\[74\]\[16\],12.825µm
u_bram.bram\[86\]\[5\],12.825µm
_12737_,12.82µm
u_bram.bram\[7\]\[8\],12.82µm
u_bram.bram\[89\]\[14\],12.82µm
u_bram.bram\[154\]\[14\],12.81µm
u_bram.bram\[198\]\[28\],12.81µm
u_bram.bram\[70\]\[30\],12.81µm
u_bram.bram\[86\]\[22\],12.81µm
u_bram.bram\[70\]\[3\],12.805µm
_09989_,12.8µm
_12693_,12.8µm
u_bram.bram\[0\]\[10\],12.8µm
u_bram.bram\[103\]\[23\],12.8µm
u_bram.bram\[108\]\[15\],12.8µm
u_bram.bram\[111\]\[27\],12.8µm
u_bram.bram\[11\]\[25\],12.8µm
u_bram.bram\[11\]\[30\],12.8µm
u_bram.bram\[127\]\[8\],12.8µm
u_bram.bram\[157\]\[14\],12.8µm
u_bram.bram\[159\]\[19\],12.8µm
u_bram.bram\[164\]\[13\],12.8µm
u_bram.bram\[175\]\[7\],12.8µm
u_bram.bram\[208\]\[31\],12.8µm
u_bram.bram\[219\]\[20\],12.8µm
u_bram.bram\[229\]\[4\],12.8µm
u_bram.bram\[249\]\[16\],12.8µm
u_bram.bram\[253\]\[12\],12.8µm
u_bram.bram\[253\]\[6\],12.8µm
u_bram.bram\[72\]\[13\],12.8µm
u_bram.bram\[134\]\[6\],12.785µm
_13279_,12.78µm
u_bram.bram\[128\]\[22\],12.78µm
u_bram.bram\[3\]\[9\],12.78µm
u_bram.bram\[18\]\[11\],12.77µm
u_bram.bram\[238\]\[11\],12.77µm
_11194_,12.76µm
_12459_,12.76µm
u_bram.bram\[112\]\[12\],12.76µm
u_bram.bram\[165\]\[29\],12.76µm
u_bram.bram\[239\]\[19\],12.76µm
u_bram.bram\[41\]\[17\],12.76µm
u_bram.bram\[41\]\[6\],12.76µm
u_bram.bram\[45\]\[6\],12.76µm
u_bram.bram\[65\]\[14\],12.76µm
u_bram.bram\[95\]\[8\],12.76µm
u_bram.bram\[38\]\[1\],12.75µm
u_bram.bram\[80\]\[28\],12.75µm
u_bram.bram\[234\]\[12\],12.745µm
_08798_,12.74µm
_11390_,12.74µm
_11528_,12.74µm
_11777_,12.74µm
_12282_,12.74µm
u_bram.bram\[111\]\[29\],12.74µm
u_bram.bram\[12\]\[19\],12.74µm
u_bram.bram\[196\]\[7\],12.74µm
u_bram.bram\[237\]\[29\],12.74µm
u_bram.bram\[24\]\[24\],12.74µm
u_bram.bram\[39\]\[6\],12.74µm
u_bram.bram\[106\]\[21\],12.73µm
u_bram.bram\[138\]\[19\],12.73µm
u_bram.bram\[254\]\[7\],12.73µm
u_bram.bram\[62\]\[13\],12.73µm
u_bram.bram\[98\]\[5\],12.73µm
u_bram.bram\[194\]\[7\],12.725µm
u_bram.bram\[226\]\[3\],12.725µm
u_bram.bram\[66\]\[6\],12.725µm
_13948_,12.72µm
u_bram.bram\[11\]\[5\],12.72µm
u_bram.bram\[197\]\[3\],12.72µm
u_bram.bram\[224\]\[30\],12.72µm
u_bram.bram\[38\]\[28\],12.715µm
u_bram.bram\[162\]\[29\],12.71µm
u_bram.bram\[22\]\[23\],12.705µm
_09281_,12.7µm
_09645_,12.7µm
_09788_,12.7µm
_10319_,12.7µm
_11415_,12.7µm
_11998_,12.7µm
u_bram.bram\[103\]\[27\],12.7µm
u_bram.bram\[104\]\[13\],12.7µm
u_bram.bram\[107\]\[0\],12.7µm
u_bram.bram\[109\]\[16\],12.7µm
u_bram.bram\[115\]\[18\],12.7µm
u_bram.bram\[124\]\[3\],12.7µm
u_bram.bram\[125\]\[27\],12.7µm
u_bram.bram\[127\]\[14\],12.7µm
u_bram.bram\[128\]\[7\],12.7µm
u_bram.bram\[12\]\[11\],12.7µm
u_bram.bram\[140\]\[4\],12.7µm
u_bram.bram\[160\]\[18\],12.7µm
u_bram.bram\[163\]\[13\],12.7µm
u_bram.bram\[168\]\[6\],12.7µm
u_bram.bram\[172\]\[4\],12.7µm
u_bram.bram\[181\]\[26\],12.7µm
u_bram.bram\[199\]\[9\],12.7µm
u_bram.bram\[203\]\[24\],12.7µm
u_bram.bram\[216\]\[3\],12.7µm
u_bram.bram\[217\]\[5\],12.7µm
u_bram.bram\[221\]\[22\],12.7µm
u_bram.bram\[223\]\[16\],12.7µm
u_bram.bram\[227\]\[0\],12.7µm
u_bram.bram\[235\]\[26\],12.7µm
u_bram.bram\[253\]\[15\],12.7µm
u_bram.bram\[255\]\[3\],12.7µm
u_bram.bram\[3\]\[22\],12.7µm
u_bram.bram\[48\]\[3\],12.7µm
u_bram.bram\[49\]\[22\],12.7µm
u_bram.bram\[55\]\[1\],12.7µm
u_bram.bram\[63\]\[18\],12.7µm
u_bram.bram\[67\]\[5\],12.7µm
u_bram.bram\[7\]\[28\],12.7µm
u_bram.bram\[81\]\[22\],12.7µm
u_bram.bram\[84\]\[30\],12.7µm
u_bram.bram\[96\]\[26\],12.7µm
u_bram.bram\[9\]\[15\],12.7µm
u_bram.bram\[34\]\[20\],12.69µm
u_bram.bram\[70\]\[15\],12.69µm
_09551_,12.68µm
u_bram.bram\[188\]\[29\],12.68µm
u_bram.bram\[98\]\[23\],12.665µm
_08886_,12.66µm
_09899_,12.66µm
_11247_,12.66µm
_13113_,12.66µm
_13560_,12.66µm
u_bram.bram\[100\]\[20\],12.66µm
u_bram.bram\[113\]\[5\],12.66µm
u_bram.bram\[119\]\[31\],12.66µm
u_bram.bram\[11\]\[18\],12.66µm
u_bram.bram\[124\]\[20\],12.66µm
u_bram.bram\[129\]\[21\],12.66µm
u_bram.bram\[131\]\[27\],12.66µm
u_bram.bram\[133\]\[6\],12.66µm
u_bram.bram\[165\]\[1\],12.66µm
u_bram.bram\[167\]\[27\],12.66µm
u_bram.bram\[1\]\[23\],12.66µm
u_bram.bram\[216\]\[13\],12.66µm
u_bram.bram\[217\]\[7\],12.66µm
u_bram.bram\[225\]\[17\],12.66µm
u_bram.bram\[229\]\[3\],12.66µm
u_bram.bram\[229\]\[9\],12.66µm
u_bram.bram\[236\]\[12\],12.66µm
u_bram.bram\[241\]\[15\],12.66µm
u_bram.bram\[253\]\[1\],12.66µm
u_bram.bram\[253\]\[3\],12.66µm
u_bram.bram\[35\]\[21\],12.66µm
u_bram.bram\[43\]\[13\],12.66µm
u_bram.bram\[45\]\[31\],12.66µm
u_bram.bram\[49\]\[24\],12.66µm
u_bram.bram\[49\]\[31\],12.66µm
u_bram.bram\[51\]\[4\],12.66µm
u_bram.bram\[55\]\[28\],12.66µm
u_bram.bram\[5\]\[18\],12.66µm
u_bram.bram\[63\]\[25\],12.66µm
u_bram.bram\[65\]\[5\],12.66µm
u_bram.bram\[68\]\[9\],12.66µm
u_bram.bram\[7\]\[6\],12.66µm
u_bram.bram\[80\]\[24\],12.66µm
u_bram.bram\[8\]\[16\],12.66µm
_07503_,12.645µm
_11427_,12.64µm
_11543_,12.64µm
_11856_,12.64µm
_13649_,12.64µm
u_bram.bram\[13\]\[14\],12.64µm
u_bram.bram\[176\]\[24\],12.64µm
u_bram.bram\[193\]\[14\],12.64µm
u_bram.bram\[5\]\[5\],12.64µm
u_bram.bram\[99\]\[13\],12.64µm
u_bram.bram\[146\]\[12\],12.625µm
u_bram.bram\[170\]\[13\],12.625µm
u_bram.bram\[226\]\[14\],12.625µm
u_bram.bram\[6\]\[5\],12.625µm
u_bram.bram\[70\]\[18\],12.625µm
_09409_,12.62µm
_11637_,12.62µm
_12623_,12.62µm
_12680_,12.62µm
_13593_,12.62µm
u_bram.bram\[100\]\[6\],12.62µm
u_bram.bram\[125\]\[21\],12.62µm
u_bram.bram\[127\]\[15\],12.62µm
u_bram.bram\[165\]\[8\],12.62µm
u_bram.bram\[169\]\[8\],12.62µm
u_bram.bram\[17\]\[0\],12.62µm
u_bram.bram\[49\]\[16\],12.62µm
u_bram.bram\[106\]\[25\],12.61µm
u_bram.bram\[122\]\[25\],12.61µm
u_bram.bram\[126\]\[6\],12.61µm
u_bram.bram\[142\]\[14\],12.61µm
u_bram.bram\[46\]\[25\],12.61µm
u_bram.bram\[62\]\[7\],12.61µm
u_bram.bram\[6\]\[6\],12.61µm
u_bram.bram\[98\]\[22\],12.61µm
u_bram.bram\[170\]\[20\],12.605µm
u_bram.bram\[190\]\[18\],12.605µm
u_bram.bram\[250\]\[14\],12.605µm
_10749_,12.6µm
_10878_,12.6µm
_11997_,12.6µm
u_bram.bram\[147\]\[25\],12.6µm
u_bram.bram\[192\]\[14\],12.6µm
u_bram.bram\[19\]\[22\],12.6µm
u_bram.bram\[204\]\[18\],12.6µm
u_bram.bram\[219\]\[1\],12.6µm
u_bram.bram\[228\]\[8\],12.6µm
u_bram.bram\[239\]\[22\],12.6µm
u_bram.bram\[2\]\[2\],12.585µm
_09109_,12.58µm
_09521_,12.58µm
_10185_,12.58µm
u_bram.bram\[101\]\[3\],12.58µm
u_bram.bram\[104\]\[14\],12.58µm
u_bram.bram\[111\]\[12\],12.58µm
u_bram.bram\[118\]\[16\],12.58µm
u_bram.bram\[137\]\[20\],12.58µm
u_bram.bram\[141\]\[10\],12.58µm
u_bram.bram\[148\]\[8\],12.58µm
u_bram.bram\[171\]\[0\],12.58µm
u_bram.bram\[173\]\[7\],12.58µm
u_bram.bram\[179\]\[30\],12.58µm
u_bram.bram\[183\]\[1\],12.58µm
u_bram.bram\[207\]\[2\],12.58µm
u_bram.bram\[208\]\[12\],12.58µm
u_bram.bram\[217\]\[17\],12.58µm
u_bram.bram\[231\]\[20\],12.58µm
u_bram.bram\[239\]\[9\],12.58µm
u_bram.bram\[24\]\[16\],12.58µm
u_bram.bram\[27\]\[17\],12.58µm
u_bram.bram\[3\]\[4\],12.58µm
u_bram.bram\[43\]\[6\],12.58µm
u_bram.bram\[52\]\[19\],12.58µm
u_bram.bram\[52\]\[31\],12.58µm
u_bram.bram\[63\]\[24\],12.58µm
u_bram.bram\[8\]\[30\],12.58µm
u_bram.bram\[95\]\[30\],12.58µm
u_bram.bram\[96\]\[2\],12.58µm
u_bram.bram\[126\]\[22\],12.57µm
u_bram.bram\[250\]\[6\],12.57µm
u_bram.bram\[86\]\[14\],12.57µm
_04493_,12.565µm
_08241_,12.56µm
_08245_,12.56µm
u_bram.bram\[188\]\[12\],12.56µm
u_bram.bram\[219\]\[5\],12.56µm
u_bram.bram\[50\]\[17\],12.56µm
u_bram.bram\[83\]\[28\],12.56µm
u_bram.bram\[99\]\[11\],12.56µm
_11716_,12.54µm
_11952_,12.54µm
_13058_,12.54µm
u_bram.bram\[107\]\[17\],12.54µm
u_bram.bram\[115\]\[11\],12.54µm
u_bram.bram\[135\]\[24\],12.54µm
u_bram.bram\[167\]\[25\],12.54µm
u_bram.bram\[172\]\[0\],12.54µm
u_bram.bram\[176\]\[19\],12.54µm
u_bram.bram\[45\]\[10\],12.54µm
u_bram.bram\[57\]\[4\],12.54µm
u_bram.bram\[77\]\[5\],12.54µm
u_bram.bram\[85\]\[16\],12.54µm
clknet_leaf_105_wclk,12.54µm
u_bram.bram\[206\]\[11\],12.53µm
_11481_,12.52µm
_12175_,12.52µm
_12937_,12.52µm
_13038_,12.52µm
u_bram.bram\[157\]\[15\],12.52µm
u_bram.bram\[158\]\[10\],12.52µm
u_bram.bram\[167\]\[14\],12.52µm
u_bram.bram\[80\]\[3\],12.52µm
u_bram.bram\[92\]\[27\],12.52µm
u_bram.bram\[134\]\[17\],12.51µm
u_bram.bram\[18\]\[10\],12.51µm
u_bram.bram\[78\]\[28\],12.51µm
u_bram.bram\[218\]\[5\],12.505µm
u_bram.bram\[230\]\[8\],12.505µm
u_bram.bram\[46\]\[9\],12.505µm
_08306_,12.5µm
_09626_,12.5µm
_09890_,12.5µm
_10860_,12.5µm
_11003_,12.5µm
_13671_,12.5µm
u_bram.bram\[120\]\[12\],12.5µm
u_bram.bram\[137\]\[3\],12.5µm
u_bram.bram\[189\]\[10\],12.5µm
u_bram.bram\[240\]\[9\],12.5µm
u_bram.bram\[249\]\[11\],12.5µm
u_bram.bram\[30\]\[27\],12.5µm
u_bram.bram\[36\]\[30\],12.5µm
u_bram.bram\[83\]\[16\],12.5µm
u_bram.bram\[90\]\[20\],12.5µm
u_bram.bram\[99\]\[16\],12.5µm
u_bram.bram\[2\]\[18\],12.49µm
u_bram.bram\[34\]\[31\],12.485µm
_11698_,12.48µm
_13427_,12.48µm
u_bram.bram\[111\]\[8\],12.48µm
u_bram.bram\[187\]\[7\],12.48µm
u_bram.bram\[251\]\[28\],12.48µm
u_bram.bram\[255\]\[30\],12.48µm
u_bram.bram\[75\]\[7\],12.48µm
u_bram.bram\[93\]\[6\],12.48µm
u_bram.bram\[202\]\[31\],12.475µm
u_bram.bram\[134\]\[13\],12.47µm
u_bram.bram\[138\]\[14\],12.47µm
u_bram.bram\[178\]\[0\],12.47µm
u_bram.bram\[226\]\[20\],12.47µm
u_bram.bram\[22\]\[8\],12.47µm
_06018_,12.465µm
_08300_,12.46µm
_08820_,12.46µm
_12461_,12.46µm
u_bram.bram\[133\]\[2\],12.46µm
u_bram.bram\[144\]\[15\],12.46µm
u_bram.bram\[228\]\[1\],12.46µm
u_bram.bram\[240\]\[30\],12.46µm
u_bram.bram\[246\]\[30\],12.46µm
u_bram.bram\[77\]\[19\],12.46µm
u_bram.bram\[81\]\[31\],12.46µm
u_bram.bram\[134\]\[11\],12.45µm
u_bram.bram\[238\]\[6\],12.45µm
_10181_,12.44µm
u_bram.bram\[103\]\[2\],12.44µm
u_bram.bram\[153\]\[12\],12.44µm
u_bram.bram\[54\]\[19\],12.44µm
u_bram.bram\[67\]\[29\],12.44µm
u_bram.bram\[73\]\[21\],12.44µm
u_bram.bram\[89\]\[15\],12.44µm
_11663_,12.435µm
u_bram.bram\[106\]\[0\],12.43µm
u_bram.bram\[126\]\[13\],12.43µm
u_bram.bram\[186\]\[6\],12.43µm
u_bram.bram\[218\]\[31\],12.43µm
u_bram.bram\[34\]\[27\],12.43µm
u_bram.bram\[62\]\[31\],12.43µm
_08311_,12.42µm
_09369_,12.42µm
_10516_,12.42µm
u_bram.bram\[101\]\[8\],12.42µm
u_bram.bram\[129\]\[7\],12.42µm
u_bram.bram\[152\]\[26\],12.42µm
u_bram.bram\[1\]\[9\],12.42µm
u_bram.bram\[20\]\[16\],12.42µm
u_bram.bram\[255\]\[8\],12.42µm
u_bram.bram\[65\]\[25\],12.42µm
u_bram.bram\[81\]\[13\],12.42µm
u_bram.bram\[218\]\[26\],12.405µm
u_bram.bram\[254\]\[20\],12.405µm
_11286_,12.4µm
u_bram.bram\[176\]\[8\],12.4µm
u_bram.bram\[25\]\[15\],12.4µm
u_bram.bram\[25\]\[28\],12.4µm
u_bram.bram\[230\]\[18\],12.39µm
u_bram.bram\[82\]\[29\],12.385µm
_10394_,12.38µm
_10859_,12.38µm
_11892_,12.38µm
u_bram.bram\[107\]\[13\],12.38µm
u_bram.bram\[108\]\[0\],12.38µm
u_bram.bram\[187\]\[6\],12.38µm
u_bram.bram\[191\]\[4\],12.38µm
u_bram.bram\[205\]\[26\],12.38µm
u_bram.bram\[20\]\[25\],12.38µm
u_bram.bram\[23\]\[5\],12.38µm
u_bram.bram\[249\]\[26\],12.38µm
u_bram.bram\[31\]\[17\],12.38µm
u_bram.bram\[32\]\[10\],12.38µm
u_bram.bram\[52\]\[26\],12.38µm
_13944_,12.375µm
u_bram.bram\[14\]\[24\],12.37µm
u_bram.bram\[38\]\[14\],12.37µm
u_bram.bram\[42\]\[13\],12.37µm
u_bram.bram\[70\]\[6\],12.37µm
u_bram.bram\[110\]\[29\],12.365µm
u_bram.bram\[134\]\[22\],12.365µm
u_bram.bram\[162\]\[15\],12.365µm
u_bram.bram\[206\]\[20\],12.365µm
u_bram.bram\[226\]\[1\],12.365µm
u_bram.bram\[58\]\[15\],12.365µm
u_bram.bram\[98\]\[7\],12.365µm
_10152_,12.36µm
_11049_,12.36µm
_13300_,12.36µm
u_bram.bram\[103\]\[10\],12.36µm
u_bram.bram\[143\]\[3\],12.36µm
u_bram.bram\[160\]\[6\],12.36µm
u_bram.bram\[8\]\[27\],12.36µm
u_bram.bram\[202\]\[15\],12.35µm
u_bram.bram\[2\]\[6\],12.35µm
_06459_,12.345µm
u_bram.bram\[103\]\[28\],12.34µm
u_bram.bram\[107\]\[19\],12.34µm
u_bram.bram\[135\]\[0\],12.34µm
u_bram.bram\[137\]\[30\],12.34µm
u_bram.bram\[143\]\[26\],12.34µm
u_bram.bram\[16\]\[16\],12.34µm
u_bram.bram\[175\]\[16\],12.34µm
u_bram.bram\[182\]\[19\],12.34µm
u_bram.bram\[187\]\[12\],12.34µm
u_bram.bram\[208\]\[15\],12.34µm
u_bram.bram\[211\]\[20\],12.34µm
u_bram.bram\[231\]\[7\],12.34µm
u_bram.bram\[232\]\[11\],12.34µm
u_bram.bram\[232\]\[13\],12.34µm
u_bram.bram\[236\]\[30\],12.34µm
u_bram.bram\[237\]\[1\],12.34µm
u_bram.bram\[37\]\[30\],12.34µm
u_bram.bram\[53\]\[5\],12.34µm
u_bram.bram\[67\]\[18\],12.34µm
u_bram.bram\[95\]\[9\],12.34µm
u_bram.bram\[99\]\[2\],12.34µm
_05804_,12.335µm
u_bram.bram\[138\]\[1\],12.335µm
u_bram.bram\[146\]\[2\],12.33µm
_12225_,12.32µm
u_bram.bram\[231\]\[26\],12.32µm
u_bram.bram\[50\]\[20\],12.32µm
u_bram.bram\[69\]\[29\],12.32µm
_13063_,12.3µm
u_bram.bram\[112\]\[17\],12.3µm
u_bram.bram\[11\]\[10\],12.3µm
u_bram.bram\[152\]\[8\],12.3µm
u_bram.bram\[165\]\[0\],12.3µm
u_bram.bram\[169\]\[24\],12.3µm
u_bram.bram\[1\]\[30\],12.3µm
u_bram.bram\[219\]\[18\],12.3µm
u_bram.bram\[241\]\[6\],12.3µm
u_bram.bram\[245\]\[28\],12.3µm
u_bram.bram\[39\]\[19\],12.3µm
u_bram.bram\[39\]\[31\],12.3µm
u_bram.bram\[60\]\[29\],12.3µm
u_bram.bram\[65\]\[6\],12.3µm
u_bram.bram\[138\]\[9\],12.285µm
u_bram.bram\[230\]\[14\],12.285µm
u_bram.bram\[50\]\[15\],12.285µm
_10893_,12.28µm
_12867_,12.28µm
_13512_,12.28µm
u_bram.bram\[108\]\[6\],12.28µm
u_bram.bram\[123\]\[14\],12.28µm
u_bram.bram\[143\]\[19\],12.28µm
u_bram.bram\[164\]\[21\],12.28µm
u_bram.bram\[168\]\[8\],12.28µm
u_bram.bram\[192\]\[20\],12.28µm
u_bram.bram\[40\]\[16\],12.28µm
u_bram.bram\[44\]\[9\],12.28µm
u_bram.bram\[67\]\[6\],12.28µm
u_bram.bram\[7\]\[15\],12.28µm
u_bram.bram\[130\]\[9\],12.27µm
u_bram.bram\[166\]\[27\],12.27µm
u_bram.bram\[18\]\[8\],12.27µm
u_bram.bram\[202\]\[3\],12.27µm
_07184_,12.265µm
u_bram.bram\[46\]\[18\],12.265µm
_10719_,12.26µm
u_bram.bram\[115\]\[31\],12.26µm
u_bram.bram\[135\]\[28\],12.26µm
u_bram.bram\[147\]\[16\],12.26µm
u_bram.bram\[155\]\[5\],12.26µm
u_bram.bram\[167\]\[6\],12.26µm
u_bram.bram\[172\]\[19\],12.26µm
u_bram.bram\[182\]\[7\],12.26µm
_07944_,12.255µm
u_bram.bram\[138\]\[20\],12.25µm
u_bram.bram\[166\]\[9\],12.25µm
u_bram.bram\[38\]\[25\],12.25µm
u_bram.bram\[86\]\[15\],12.25µm
u_bram.bram\[166\]\[8\],12.245µm
u_bram.bram\[38\]\[15\],12.245µm
_09462_,12.24µm
_11503_,12.24µm
u_bram.bram\[117\]\[10\],12.24µm
u_bram.bram\[133\]\[30\],12.24µm
u_bram.bram\[136\]\[13\],12.24µm
u_bram.bram\[140\]\[3\],12.24µm
u_bram.bram\[145\]\[24\],12.24µm
u_bram.bram\[147\]\[28\],12.24µm
u_bram.bram\[151\]\[18\],12.24µm
u_bram.bram\[152\]\[31\],12.24µm
u_bram.bram\[155\]\[10\],12.24µm
u_bram.bram\[161\]\[18\],12.24µm
u_bram.bram\[161\]\[23\],12.24µm
u_bram.bram\[177\]\[23\],12.24µm
u_bram.bram\[178\]\[12\],12.24µm
u_bram.bram\[205\]\[0\],12.24µm
u_bram.bram\[20\]\[14\],12.24µm
u_bram.bram\[224\]\[20\],12.24µm
u_bram.bram\[235\]\[18\],12.24µm
u_bram.bram\[239\]\[7\],12.24µm
u_bram.bram\[248\]\[1\],12.24µm
u_bram.bram\[44\]\[4\],12.24µm
u_bram.bram\[45\]\[16\],12.24µm
u_bram.bram\[47\]\[25\],12.24µm
u_bram.bram\[4\]\[28\],12.24µm
u_bram.bram\[55\]\[24\],12.24µm
u_bram.bram\[59\]\[12\],12.24µm
u_bram.bram\[59\]\[14\],12.24µm
u_bram.bram\[73\]\[3\],12.24µm
u_bram.bram\[79\]\[27\],12.24µm
u_bram.bram\[99\]\[3\],12.24µm
u_bram.bram\[74\]\[29\],12.23µm
u_bram.bram\[146\]\[25\],12.225µm
u_bram.bram\[0\]\[22\],12.22µm
u_bram.bram\[105\]\[21\],12.22µm
u_bram.bram\[108\]\[13\],12.22µm
u_bram.bram\[112\]\[20\],12.22µm
u_bram.bram\[118\]\[1\],12.22µm
u_bram.bram\[11\]\[20\],12.22µm
u_bram.bram\[127\]\[24\],12.22µm
u_bram.bram\[13\]\[15\],12.22µm
u_bram.bram\[155\]\[29\],12.22µm
u_bram.bram\[225\]\[1\],12.22µm
u_bram.bram\[225\]\[4\],12.22µm
u_bram.bram\[245\]\[2\],12.22µm
u_bram.bram\[41\]\[19\],12.22µm
u_bram.bram\[45\]\[12\],12.22µm
u_bram.bram\[167\]\[15\],12.215µm
u_bram.bram\[239\]\[16\],12.215µm
_08522_,12.2µm
_09427_,12.2µm
_12400_,12.2µm
u_bram.bram\[125\]\[16\],12.2µm
u_bram.bram\[129\]\[28\],12.2µm
u_bram.bram\[131\]\[10\],12.2µm
u_bram.bram\[141\]\[13\],12.2µm
u_bram.bram\[141\]\[5\],12.2µm
u_bram.bram\[145\]\[11\],12.2µm
u_bram.bram\[153\]\[17\],12.2µm
u_bram.bram\[173\]\[13\],12.2µm
u_bram.bram\[17\]\[13\],12.2µm
u_bram.bram\[17\]\[6\],12.2µm
u_bram.bram\[185\]\[11\],12.2µm
u_bram.bram\[1\]\[3\],12.2µm
u_bram.bram\[205\]\[1\],12.2µm
u_bram.bram\[207\]\[9\],12.2µm
u_bram.bram\[20\]\[12\],12.2µm
u_bram.bram\[216\]\[14\],12.2µm
u_bram.bram\[217\]\[21\],12.2µm
u_bram.bram\[217\]\[23\],12.2µm
u_bram.bram\[21\]\[5\],12.2µm
u_bram.bram\[228\]\[25\],12.2µm
u_bram.bram\[228\]\[26\],12.2µm
u_bram.bram\[229\]\[18\],12.2µm
u_bram.bram\[233\]\[9\],12.2µm
u_bram.bram\[246\]\[0\],12.2µm
u_bram.bram\[253\]\[29\],12.2µm
u_bram.bram\[253\]\[8\],12.2µm
u_bram.bram\[25\]\[6\],12.2µm
u_bram.bram\[37\]\[5\],12.2µm
u_bram.bram\[37\]\[8\],12.2µm
u_bram.bram\[41\]\[22\],12.2µm
u_bram.bram\[57\]\[29\],12.2µm
u_bram.bram\[63\]\[12\],12.2µm
u_bram.bram\[64\]\[4\],12.2µm
u_bram.bram\[65\]\[15\],12.2µm
u_bram.bram\[65\]\[23\],12.2µm
u_bram.bram\[72\]\[19\],12.2µm
u_bram.bram\[73\]\[11\],12.2µm
u_bram.bram\[77\]\[10\],12.2µm
u_bram.bram\[80\]\[8\],12.2µm
u_bram.bram\[210\]\[0\],12.19µm
_08535_,12.18µm
_08775_,12.18µm
_10203_,12.18µm
_12169_,12.18µm
_12534_,12.18µm
u_bram.bram\[136\]\[17\],12.18µm
u_bram.bram\[150\]\[19\],12.18µm
u_bram.bram\[156\]\[1\],12.18µm
u_bram.bram\[171\]\[5\],12.18µm
u_bram.bram\[246\]\[22\],12.18µm
u_bram.bram\[226\]\[25\],12.165µm
u_bram.bram\[70\]\[22\],12.165µm
_08900_,12.16µm
_10310_,12.16µm
_10737_,12.16µm
_13019_,12.16µm
u_bram.bram\[120\]\[26\],12.16µm
u_bram.bram\[123\]\[25\],12.16µm
u_bram.bram\[127\]\[27\],12.16µm
u_bram.bram\[128\]\[24\],12.16µm
u_bram.bram\[144\]\[12\],12.16µm
u_bram.bram\[147\]\[13\],12.16µm
u_bram.bram\[183\]\[4\],12.16µm
u_bram.bram\[1\]\[27\],12.16µm
u_bram.bram\[236\]\[9\],12.16µm
u_bram.bram\[56\]\[4\],12.16µm
u_bram.bram\[210\]\[13\],12.145µm
u_bram.bram\[39\]\[16\],12.14µm
_08287_,12.135µm
u_bram.bram\[86\]\[18\],12.13µm
u_bram.bram\[10\]\[24\],12.125µm
_09839_,12.12µm
_11432_,12.12µm
_12334_,12.12µm
_12367_,12.12µm
_12512_,12.12µm
u_bram.bram\[105\]\[4\],12.12µm
u_bram.bram\[111\]\[22\],12.12µm
u_bram.bram\[111\]\[30\],12.12µm
u_bram.bram\[116\]\[5\],12.12µm
u_bram.bram\[121\]\[3\],12.12µm
u_bram.bram\[125\]\[6\],12.12µm
u_bram.bram\[133\]\[24\],12.12µm
u_bram.bram\[155\]\[12\],12.12µm
u_bram.bram\[15\]\[3\],12.12µm
u_bram.bram\[171\]\[10\],12.12µm
u_bram.bram\[171\]\[22\],12.12µm
u_bram.bram\[173\]\[10\],12.12µm
u_bram.bram\[176\]\[18\],12.12µm
u_bram.bram\[182\]\[31\],12.12µm
u_bram.bram\[185\]\[13\],12.12µm
u_bram.bram\[185\]\[21\],12.12µm
u_bram.bram\[189\]\[2\],12.12µm
u_bram.bram\[191\]\[17\],12.12µm
u_bram.bram\[197\]\[21\],12.12µm
u_bram.bram\[197\]\[29\],12.12µm
u_bram.bram\[19\]\[12\],12.12µm
u_bram.bram\[215\]\[10\],12.12µm
u_bram.bram\[221\]\[26\],12.12µm
u_bram.bram\[227\]\[29\],12.12µm
u_bram.bram\[245\]\[17\],12.12µm
u_bram.bram\[246\]\[10\],12.12µm
u_bram.bram\[248\]\[18\],12.12µm
u_bram.bram\[26\]\[5\],12.12µm
u_bram.bram\[31\]\[11\],12.12µm
u_bram.bram\[48\]\[14\],12.12µm
u_bram.bram\[49\]\[6\],12.12µm
u_bram.bram\[75\]\[18\],12.12µm
u_bram.bram\[79\]\[9\],12.12µm
u_bram.bram\[87\]\[18\],12.12µm
u_bram.bram\[93\]\[10\],12.12µm
u_bram.bram\[93\]\[11\],12.12µm
u_bram.bram\[93\]\[5\],12.12µm
u_bram.bram\[102\]\[10\],12.11µm
u_bram.bram\[194\]\[0\],12.11µm
u_bram.bram\[198\]\[15\],12.11µm
u_bram.bram\[127\]\[17\],12.1µm
u_bram.bram\[201\]\[9\],12.1µm
u_bram.bram\[228\]\[10\],12.1µm
u_bram.bram\[239\]\[8\],12.1µm
u_bram.bram\[249\]\[2\],12.1µm
u_bram.bram\[7\]\[20\],12.1µm
_11001_,12.08µm
_11909_,12.08µm
_12727_,12.08µm
_13437_,12.08µm
u_bram.bram\[120\]\[27\],12.08µm
u_bram.bram\[144\]\[9\],12.08µm
u_bram.bram\[158\]\[20\],12.08µm
u_bram.bram\[158\]\[22\],12.08µm
u_bram.bram\[183\]\[11\],12.08µm
u_bram.bram\[193\]\[13\],12.08µm
u_bram.bram\[205\]\[12\],12.08µm
u_bram.bram\[224\]\[29\],12.08µm
u_bram.bram\[237\]\[22\],12.08µm
u_bram.bram\[249\]\[13\],12.08µm
u_bram.bram\[40\]\[2\],12.08µm
u_bram.bram\[41\]\[5\],12.08µm
u_bram.bram\[45\]\[0\],12.08µm
u_bram.bram\[61\]\[1\],12.08µm
u_bram.bram\[79\]\[0\],12.08µm
u_bram.bram\[90\]\[10\],12.08µm
u_bram.bram\[202\]\[24\],12.07µm
_08778_,12.06µm
_11648_,12.06µm
_11819_,12.06µm
_12472_,12.06µm
_12837_,12.06µm
_13797_,12.06µm
_13814_,12.06µm
u_bram.bram\[220\]\[16\],12.06µm
u_bram.bram\[26\]\[11\],12.06µm
u_bram.bram\[44\]\[30\],12.06µm
u_bram.bram\[90\]\[2\],12.06µm
u_bram.bram\[96\]\[8\],12.06µm
u_bram.bram\[142\]\[22\],12.045µm
u_bram.bram\[210\]\[22\],12.045µm
u_bram.bram\[254\]\[13\],12.045µm
u_bram.bram\[62\]\[0\],12.045µm
u_bram.bram\[86\]\[6\],12.045µm
_04651_,12.04µm
_09429_,12.04µm
_13461_,12.04µm
u_bram.bram\[100\]\[12\],12.04µm
u_bram.bram\[104\]\[12\],12.04µm
u_bram.bram\[116\]\[9\],12.04µm
u_bram.bram\[12\]\[16\],12.04µm
u_bram.bram\[131\]\[5\],12.04µm
u_bram.bram\[149\]\[17\],12.04µm
u_bram.bram\[178\]\[5\],12.04µm
u_bram.bram\[180\]\[25\],12.04µm
u_bram.bram\[187\]\[16\],12.04µm
u_bram.bram\[189\]\[3\],12.04µm
u_bram.bram\[223\]\[2\],12.04µm
u_bram.bram\[231\]\[18\],12.04µm
u_bram.bram\[44\]\[18\],12.04µm
u_bram.bram\[67\]\[24\],12.04µm
u_bram.bram\[76\]\[31\],12.04µm
u_bram.bram\[88\]\[29\],12.04µm
u_bram.bram\[94\]\[2\],12.04µm
u_bram.bram\[218\]\[0\],12.035µm
u_bram.bram\[230\]\[22\],12.03µm
_10194_,12.02µm
_11255_,12.02µm
_11720_,12.02µm
_13347_,12.02µm
u_bram.bram\[103\]\[6\],12.02µm
u_bram.bram\[104\]\[18\],12.02µm
u_bram.bram\[139\]\[28\],12.02µm
u_bram.bram\[195\]\[11\],12.02µm
u_bram.bram\[216\]\[23\],12.02µm
u_bram.bram\[222\]\[24\],12.02µm
u_bram.bram\[241\]\[3\],12.02µm
u_bram.bram\[76\]\[15\],12.02µm
u_bram.bram\[8\]\[15\],12.02µm
u_bram.bram\[10\]\[0\],12.01µm
u_bram.bram\[130\]\[13\],12.01µm
u_bram.bram\[130\]\[29\],12.01µm
u_bram.bram\[218\]\[30\],12.01µm
u_bram.bram\[102\]\[25\],12.005µm
u_bram.bram\[166\]\[12\],12.005µm
u_bram.bram\[194\]\[16\],12.005µm
u_bram.bram\[250\]\[25\],12.005µm
u_bram.bram\[78\]\[20\],12.005µm
u_bram.bram\[0\]\[13\],12µm
u_bram.bram\[100\]\[22\],12µm
u_bram.bram\[118\]\[13\],12µm
u_bram.bram\[120\]\[1\],12µm
u_bram.bram\[140\]\[17\],12µm
u_bram.bram\[167\]\[12\],12µm
u_bram.bram\[16\]\[29\],12µm
u_bram.bram\[239\]\[27\],12µm
u_bram.bram\[251\]\[0\],12µm
u_bram.bram\[48\]\[20\],12µm
u_bram.bram\[52\]\[25\],12µm
u_bram.bram\[55\]\[23\],12µm
u_bram.bram\[68\]\[2\],12µm
u_bram.bram\[72\]\[23\],12µm
u_bram.bram\[83\]\[27\],12µm
u_bram.bram\[96\]\[7\],12µm
u_bram.bram\[106\]\[17\],11.99µm
u_bram.bram\[106\]\[30\],11.99µm
u_bram.bram\[166\]\[24\],11.99µm
u_bram.bram\[230\]\[12\],11.99µm
u_bram.bram\[78\]\[10\],11.99µm
_12949_,11.98µm
_13080_,11.98µm
_13751_,11.98µm
u_bram.bram\[125\]\[31\],11.98µm
u_bram.bram\[158\]\[3\],11.98µm
u_bram.bram\[203\]\[31\],11.98µm
u_bram.bram\[246\]\[13\],11.98µm
u_bram.bram\[89\]\[28\],11.98µm
u_bram.bram\[234\]\[14\],11.97µm
u_bram.bram\[66\]\[11\],11.97µm
u_bram.bram\[1\]\[13\],11.96µm
u_bram.bram\[207\]\[30\],11.96µm
u_bram.bram\[225\]\[5\],11.96µm
u_bram.bram\[36\]\[23\],11.96µm
u_bram.bram\[93\]\[15\],11.96µm
u_bram.bram\[106\]\[22\],11.945µm
u_bram.bram\[110\]\[16\],11.945µm
u_bram.bram\[186\]\[27\],11.945µm
u_bram.bram\[38\]\[21\],11.945µm
_10103_,11.94µm
_11643_,11.94µm
_13451_,11.94µm
_13883_,11.94µm
u_bram.bram\[240\]\[1\],11.94µm
u_bram.bram\[244\]\[11\],11.94µm
u_bram.bram\[99\]\[6\],11.94µm
u_bram.bram\[186\]\[26\],11.93µm
u_bram.bram\[6\]\[3\],11.93µm
u_bram.bram\[154\]\[31\],11.925µm
u_bram.bram\[190\]\[15\],11.925µm
u_bram.bram\[238\]\[15\],11.925µm
u_bram.bram\[70\]\[10\],11.925µm
_12591_,11.92µm
_12991_,11.92µm
_13096_,11.92µm
u_bram.bram\[127\]\[10\],11.92µm
u_bram.bram\[143\]\[20\],11.92µm
u_bram.bram\[153\]\[31\],11.92µm
u_bram.bram\[161\]\[31\],11.92µm
u_bram.bram\[176\]\[27\],11.92µm
u_bram.bram\[185\]\[2\],11.92µm
u_bram.bram\[187\]\[1\],11.92µm
u_bram.bram\[187\]\[5\],11.92µm
u_bram.bram\[19\]\[24\],11.92µm
u_bram.bram\[222\]\[6\],11.92µm
u_bram.bram\[40\]\[19\],11.92µm
u_bram.bram\[53\]\[30\],11.92µm
u_bram.bram\[71\]\[29\],11.92µm
_13328_,11.915µm
u_bram.bram\[210\]\[16\],11.91µm
u_bram.bram\[254\]\[18\],11.91µm
u_bram.bram\[254\]\[9\],11.91µm
_00273_,11.905µm
u_bram.bram\[110\]\[30\],11.905µm
u_bram.bram\[162\]\[19\],11.905µm
u_bram.bram\[162\]\[30\],11.905µm
u_bram.bram\[210\]\[2\],11.905µm
u_bram.bram\[2\]\[17\],11.905µm
u_bram.bram\[2\]\[27\],11.905µm
u_bram.bram\[38\]\[31\],11.905µm
u_bram.bram\[50\]\[3\],11.905µm
u_bram.bram\[6\]\[28\],11.905µm
_10826_,11.9µm
_12953_,11.9µm
u_bram.bram\[151\]\[13\],11.9µm
u_bram.bram\[151\]\[1\],11.9µm
u_bram.bram\[163\]\[16\],11.9µm
u_bram.bram\[171\]\[2\],11.9µm
u_bram.bram\[243\]\[28\],11.9µm
u_bram.bram\[7\]\[23\],11.9µm
wrst_n,11.9µm
u_bram.bram\[10\]\[3\],11.89µm
u_bram.bram\[154\]\[25\],11.89µm
u_bram.bram\[238\]\[8\],11.89µm
_08566_,11.88µm
_11157_,11.88µm
u_bram.bram\[107\]\[30\],11.88µm
u_bram.bram\[12\]\[23\],11.88µm
u_bram.bram\[132\]\[28\],11.88µm
u_bram.bram\[13\]\[2\],11.88µm
u_bram.bram\[143\]\[9\],11.88µm
u_bram.bram\[147\]\[3\],11.88µm
u_bram.bram\[163\]\[12\],11.88µm
u_bram.bram\[163\]\[3\],11.88µm
u_bram.bram\[185\]\[16\],11.88µm
u_bram.bram\[195\]\[13\],11.88µm
u_bram.bram\[199\]\[25\],11.88µm
u_bram.bram\[200\]\[1\],11.88µm
u_bram.bram\[203\]\[18\],11.88µm
u_bram.bram\[208\]\[11\],11.88µm
u_bram.bram\[211\]\[23\],11.88µm
u_bram.bram\[217\]\[10\],11.88µm
u_bram.bram\[21\]\[31\],11.88µm
u_bram.bram\[251\]\[11\],11.88µm
u_bram.bram\[35\]\[8\],11.88µm
u_bram.bram\[43\]\[21\],11.88µm
u_bram.bram\[4\]\[11\],11.88µm
u_bram.bram\[56\]\[25\],11.88µm
u_bram.bram\[61\]\[12\],11.88µm
u_bram.bram\[67\]\[19\],11.88µm
u_bram.bram\[68\]\[0\],11.88µm
u_bram.bram\[68\]\[8\],11.88µm
u_bram.bram\[72\]\[3\],11.88µm
u_bram.bram\[79\]\[15\],11.88µm
u_bram.bram\[79\]\[3\],11.88µm
u_bram.bram\[99\]\[26\],11.88µm
_00683_,11.865µm
u_bram.bram\[213\]\[15\],11.86µm
u_bram.bram\[62\]\[12\],11.86µm
u_bram.bram\[78\]\[19\],11.85µm
_10968_,11.845µm
u_bram.bram\[70\]\[21\],11.845µm
_09814_,11.84µm
_11979_,11.84µm
_12708_,11.84µm
u_bram.bram\[117\]\[8\],11.84µm
u_bram.bram\[129\]\[14\],11.84µm
u_bram.bram\[233\]\[0\],11.84µm
u_bram.bram\[237\]\[5\],11.84µm
u_bram.bram\[37\]\[6\],11.84µm
u_bram.bram\[49\]\[11\],11.84µm
u_bram.bram\[61\]\[3\],11.84µm
u_bram.bram\[80\]\[26\],11.84µm
u_bram.bram\[92\]\[14\],11.84µm
u_bram.bram\[190\]\[25\],11.83µm
_08700_,11.82µm
_09910_,11.82µm
_10134_,11.82µm
_10833_,11.82µm
_11289_,11.82µm
_12339_,11.82µm
_13091_,11.82µm
u_bram.bram\[0\]\[21\],11.82µm
u_bram.bram\[103\]\[15\],11.82µm
u_bram.bram\[123\]\[23\],11.82µm
u_bram.bram\[131\]\[17\],11.82µm
u_bram.bram\[131\]\[25\],11.82µm
u_bram.bram\[172\]\[25\],11.82µm
u_bram.bram\[207\]\[14\],11.82µm
u_bram.bram\[23\]\[10\],11.82µm
u_bram.bram\[36\]\[17\],11.82µm
u_bram.bram\[64\]\[23\],11.82µm
_12982_,11.81µm
u_bram.bram\[130\]\[0\],11.81µm
u_bram.bram\[146\]\[7\],11.81µm
u_bram.bram\[18\]\[16\],11.81µm
u_bram.bram\[198\]\[31\],11.81µm
u_bram.bram\[154\]\[10\],11.805µm
u_bram.bram\[38\]\[23\],11.805µm
u_bram.bram\[116\]\[17\],11.8µm
u_bram.bram\[119\]\[21\],11.8µm
u_bram.bram\[125\]\[29\],11.8µm
u_bram.bram\[128\]\[26\],11.8µm
u_bram.bram\[139\]\[11\],11.8µm
u_bram.bram\[157\]\[19\],11.8µm
u_bram.bram\[171\]\[15\],11.8µm
u_bram.bram\[211\]\[8\],11.8µm
_06394_,11.795µm
u_bram.bram\[114\]\[22\],11.785µm
_09245_,11.78µm
_09250_,11.78µm
_09963_,11.78µm
_10008_,11.78µm
_10525_,11.78µm
_10948_,11.78µm
_12237_,11.78µm
_12438_,11.78µm
_12796_,11.78µm
_13348_,11.78µm
r_inc,11.78µm
u_bram.bram\[0\]\[17\],11.78µm
u_bram.bram\[113\]\[0\],11.78µm
u_bram.bram\[113\]\[2\],11.78µm
u_bram.bram\[11\]\[1\],11.78µm
u_bram.bram\[128\]\[3\],11.78µm
u_bram.bram\[12\]\[15\],11.78µm
u_bram.bram\[132\]\[22\],11.78µm
u_bram.bram\[133\]\[25\],11.78µm
u_bram.bram\[137\]\[11\],11.78µm
u_bram.bram\[144\]\[17\],11.78µm
u_bram.bram\[144\]\[27\],11.78µm
u_bram.bram\[145\]\[3\],11.78µm
u_bram.bram\[149\]\[25\],11.78µm
u_bram.bram\[165\]\[17\],11.78µm
u_bram.bram\[167\]\[5\],11.78µm
u_bram.bram\[185\]\[12\],11.78µm
u_bram.bram\[189\]\[25\],11.78µm
u_bram.bram\[203\]\[9\],11.78µm
u_bram.bram\[207\]\[17\],11.78µm
u_bram.bram\[207\]\[1\],11.78µm
u_bram.bram\[20\]\[8\],11.78µm
u_bram.bram\[213\]\[5\],11.78µm
u_bram.bram\[216\]\[22\],11.78µm
u_bram.bram\[21\]\[12\],11.78µm
u_bram.bram\[224\]\[13\],11.78µm
u_bram.bram\[232\]\[23\],11.78µm
u_bram.bram\[241\]\[2\],11.78µm
u_bram.bram\[255\]\[16\],11.78µm
u_bram.bram\[35\]\[26\],11.78µm
u_bram.bram\[37\]\[28\],11.78µm
u_bram.bram\[3\]\[12\],11.78µm
u_bram.bram\[3\]\[28\],11.78µm
u_bram.bram\[3\]\[2\],11.78µm
u_bram.bram\[44\]\[27\],11.78µm
u_bram.bram\[47\]\[19\],11.78µm
u_bram.bram\[65\]\[11\],11.78µm
u_bram.bram\[67\]\[27\],11.78µm
u_bram.bram\[76\]\[25\],11.78µm
u_bram.bram\[79\]\[22\],11.78µm
u_bram.bram\[79\]\[7\],11.78µm
u_bram.bram\[81\]\[17\],11.78µm
u_bram.bram\[84\]\[24\],11.78µm
u_bram.bram\[97\]\[21\],11.78µm
w_data[31],11.78µm
w_inc,11.78µm
u_bram.bram\[106\]\[11\],11.77µm
u_bram.bram\[38\]\[20\],11.77µm
u_bram.bram\[2\]\[13\],11.765µm
u_bram.bram\[108\]\[14\],11.76µm
u_bram.bram\[125\]\[25\],11.76µm
u_bram.bram\[20\]\[3\],11.76µm
u_bram.bram\[211\]\[12\],11.76µm
u_bram.bram\[219\]\[12\],11.76µm
u_bram.bram\[219\]\[24\],11.76µm
u_bram.bram\[219\]\[28\],11.76µm
u_bram.bram\[39\]\[26\],11.76µm
u_bram.bram\[43\]\[18\],11.76µm
u_bram.bram\[49\]\[9\],11.76µm
u_bram.bram\[64\]\[2\],11.76µm
u_bram.bram\[87\]\[30\],11.76µm
_06816_,11.745µm
_09417_,11.74µm
_09733_,11.74µm
_10410_,11.74µm
_10419_,11.74µm
u_bram.bram\[101\]\[15\],11.74µm
u_bram.bram\[105\]\[29\],11.74µm
u_bram.bram\[137\]\[31\],11.74µm
u_bram.bram\[140\]\[12\],11.74µm
u_bram.bram\[141\]\[25\],11.74µm
u_bram.bram\[152\]\[20\],11.74µm
u_bram.bram\[161\]\[6\],11.74µm
u_bram.bram\[165\]\[20\],11.74µm
u_bram.bram\[171\]\[16\],11.74µm
u_bram.bram\[173\]\[2\],11.74µm
u_bram.bram\[175\]\[20\],11.74µm
u_bram.bram\[201\]\[13\],11.74µm
u_bram.bram\[207\]\[15\],11.74µm
u_bram.bram\[207\]\[24\],11.74µm
u_bram.bram\[207\]\[4\],11.74µm
u_bram.bram\[208\]\[22\],11.74µm
u_bram.bram\[209\]\[21\],11.74µm
u_bram.bram\[209\]\[26\],11.74µm
u_bram.bram\[217\]\[12\],11.74µm
u_bram.bram\[217\]\[30\],11.74µm
u_bram.bram\[21\]\[19\],11.74µm
u_bram.bram\[21\]\[21\],11.74µm
u_bram.bram\[21\]\[23\],11.74µm
u_bram.bram\[225\]\[9\],11.74µm
u_bram.bram\[233\]\[5\],11.74µm
u_bram.bram\[237\]\[14\],11.74µm
u_bram.bram\[253\]\[20\],11.74µm
u_bram.bram\[37\]\[29\],11.74µm
u_bram.bram\[3\]\[7\],11.74µm
u_bram.bram\[41\]\[0\],11.74µm
u_bram.bram\[41\]\[29\],11.74µm
u_bram.bram\[49\]\[14\],11.74µm
u_bram.bram\[58\]\[11\],11.74µm
u_bram.bram\[60\]\[21\],11.74µm
u_bram.bram\[61\]\[27\],11.74µm
u_bram.bram\[69\]\[14\],11.74µm
u_bram.bram\[69\]\[8\],11.74µm
u_bram.bram\[7\]\[17\],11.74µm
u_bram.bram\[81\]\[1\],11.74µm
u_bram.bram\[81\]\[27\],11.74µm
u_bram.bram\[99\]\[9\],11.74µm
u_bram.bram\[10\]\[25\],11.73µm
_08730_,11.72µm
_09802_,11.72µm
_12929_,11.72µm
u_bram.bram\[13\]\[4\],11.72µm
u_bram.bram\[156\]\[5\],11.72µm
u_bram.bram\[240\]\[21\],11.72µm
u_bram.bram\[246\]\[19\],11.72µm
u_bram.bram\[24\]\[30\],11.72µm
u_bram.bram\[251\]\[30\],11.72µm
u_bram.bram\[30\]\[8\],11.72µm
u_bram.bram\[31\]\[19\],11.72µm
u_bram.bram\[33\]\[29\],11.72µm
u_bram.bram\[33\]\[4\],11.72µm
u_bram.bram\[59\]\[29\],11.72µm
u_bram.bram\[59\]\[5\],11.72µm
u_bram.bram\[85\]\[4\],11.72µm
u_bram.bram\[92\]\[11\],11.72µm
_04167_,11.705µm
u_bram.bram\[134\]\[24\],11.705µm
u_bram.bram\[254\]\[19\],11.705µm
u_bram.bram\[2\]\[31\],11.705µm
_04673_,11.7µm
_08668_,11.7µm
_09032_,11.7µm
_10109_,11.7µm
_10788_,11.7µm
_12022_,11.7µm
_12126_,11.7µm
_12214_,11.7µm
_12433_,11.7µm
_12667_,11.7µm
_12864_,11.7µm
_13010_,11.7µm
u_bram.bram\[100\]\[0\],11.7µm
u_bram.bram\[111\]\[19\],11.7µm
u_bram.bram\[111\]\[3\],11.7µm
u_bram.bram\[125\]\[19\],11.7µm
u_bram.bram\[181\]\[11\],11.7µm
u_bram.bram\[20\]\[31\],11.7µm
u_bram.bram\[213\]\[30\],11.7µm
u_bram.bram\[255\]\[6\],11.7µm
u_bram.bram\[69\]\[25\],11.7µm
u_bram.bram\[8\]\[2\],11.7µm
u_bram.bram\[9\]\[0\],11.7µm
u_bram.bram\[102\]\[30\],11.69µm
u_bram.bram\[122\]\[12\],11.69µm
u_bram.bram\[126\]\[2\],11.69µm
u_bram.bram\[234\]\[3\],11.69µm
u_bram.bram\[2\]\[23\],11.69µm
u_bram.bram\[58\]\[1\],11.69µm
_02319_,11.685µm
_08236_,11.68µm
_09033_,11.68µm
u_bram.bram\[103\]\[26\],11.68µm
u_bram.bram\[112\]\[23\],11.68µm
u_bram.bram\[115\]\[21\],11.68µm
u_bram.bram\[184\]\[20\],11.68µm
u_bram.bram\[191\]\[19\],11.68µm
u_bram.bram\[47\]\[8\],11.68µm
u_bram.bram\[83\]\[22\],11.68µm
u_bram.bram\[70\]\[26\],11.665µm
u_bram.bram\[82\]\[2\],11.665µm
_10727_,11.66µm
_11156_,11.66µm
_12775_,11.66µm
_13210_,11.66µm
_13447_,11.66µm
_13529_,11.66µm
_13599_,11.66µm
_13834_,11.66µm
u_bram.bram\[101\]\[20\],11.66µm
u_bram.bram\[103\]\[31\],11.66µm
u_bram.bram\[107\]\[5\],11.66µm
u_bram.bram\[108\]\[26\],11.66µm
u_bram.bram\[115\]\[8\],11.66µm
u_bram.bram\[118\]\[21\],11.66µm
u_bram.bram\[118\]\[7\],11.66µm
u_bram.bram\[132\]\[3\],11.66µm
u_bram.bram\[137\]\[19\],11.66µm
u_bram.bram\[139\]\[12\],11.66µm
u_bram.bram\[148\]\[13\],11.66µm
u_bram.bram\[148\]\[2\],11.66µm
u_bram.bram\[149\]\[0\],11.66µm
u_bram.bram\[152\]\[3\],11.66µm
u_bram.bram\[159\]\[30\],11.66µm
u_bram.bram\[169\]\[0\],11.66µm
u_bram.bram\[171\]\[18\],11.66µm
u_bram.bram\[179\]\[21\],11.66µm
u_bram.bram\[183\]\[21\],11.66µm
u_bram.bram\[197\]\[6\],11.66µm
u_bram.bram\[207\]\[20\],11.66µm
u_bram.bram\[20\]\[5\],11.66µm
u_bram.bram\[237\]\[3\],11.66µm
u_bram.bram\[244\]\[23\],11.66µm
u_bram.bram\[252\]\[31\],11.66µm
u_bram.bram\[255\]\[29\],11.66µm
u_bram.bram\[28\]\[7\],11.66µm
u_bram.bram\[35\]\[6\],11.66µm
u_bram.bram\[52\]\[8\],11.66µm
u_bram.bram\[59\]\[16\],11.66µm
u_bram.bram\[61\]\[26\],11.66µm
u_bram.bram\[75\]\[0\],11.66µm
u_bram.bram\[90\]\[4\],11.66µm
u_bram.bram\[18\]\[29\],11.65µm
u_bram.bram\[190\]\[9\],11.65µm
_11239_,11.64µm
u_bram.bram\[124\]\[15\],11.64µm
u_bram.bram\[160\]\[20\],11.64µm
u_bram.bram\[236\]\[26\],11.64µm
u_bram.bram\[37\]\[31\],11.64µm
u_bram.bram\[39\]\[18\],11.64µm
u_bram.bram\[47\]\[11\],11.64µm
u_bram.bram\[83\]\[11\],11.64µm
_05748_,11.625µm
_11594_,11.62µm
_11820_,11.62µm
_11883_,11.62µm
_12336_,11.62µm
_13123_,11.62µm
_13988_,11.62µm
u_bram.bram\[108\]\[29\],11.62µm
u_bram.bram\[124\]\[21\],11.62µm
u_bram.bram\[133\]\[21\],11.62µm
u_bram.bram\[137\]\[14\],11.62µm
u_bram.bram\[165\]\[30\],11.62µm
u_bram.bram\[169\]\[2\],11.62µm
u_bram.bram\[214\]\[28\],11.62µm
u_bram.bram\[215\]\[1\],11.62µm
u_bram.bram\[21\]\[28\],11.62µm
u_bram.bram\[28\]\[1\],11.62µm
u_bram.bram\[83\]\[5\],11.62µm
_10095_,11.6µm
_10220_,11.6µm
_10820_,11.6µm
_11127_,11.6µm
_11823_,11.6µm
_12495_,11.6µm
u_bram.bram\[159\]\[31\],11.6µm
u_bram.bram\[180\]\[6\],11.6µm
u_bram.bram\[28\]\[31\],11.6µm
u_bram.bram\[126\]\[31\],11.59µm
_00387_,11.585µm
u_bram.bram\[190\]\[29\],11.585µm
u_bram.bram\[190\]\[3\],11.585µm
u_bram.bram\[238\]\[26\],11.585µm
u_bram.bram\[42\]\[23\],11.585µm
u_bram.bram\[46\]\[17\],11.585µm
u_bram.bram\[62\]\[21\],11.585µm
_10138_,11.58µm
_11072_,11.58µm
_12403_,11.58µm
u_bram.bram\[20\]\[19\],11.58µm
u_bram.bram\[211\]\[19\],11.58µm
u_bram.bram\[212\]\[9\],11.58µm
u_bram.bram\[215\]\[3\],11.58µm
u_bram.bram\[224\]\[14\],11.58µm
u_bram.bram\[228\]\[23\],11.58µm
u_bram.bram\[244\]\[2\],11.58µm
u_bram.bram\[14\]\[22\],11.575µm
u_bram.bram\[218\]\[2\],11.565µm
u_bram.bram\[6\]\[13\],11.565µm
_06517_,11.56µm
_11086_,11.56µm
_11414_,11.56µm
u_bram.bram\[111\]\[21\],11.56µm
u_bram.bram\[199\]\[27\],11.56µm
u_bram.bram\[247\]\[23\],11.56µm
u_bram.bram\[71\]\[24\],11.56µm
u_bram.bram\[87\]\[16\],11.56µm
u_bram.bram\[90\]\[24\],11.56µm
u_bram.bram\[148\]\[7\],11.555µm
u_bram.bram\[122\]\[27\],11.55µm
u_bram.bram\[14\]\[28\],11.55µm
u_bram.bram\[174\]\[3\],11.55µm
u_bram.bram\[234\]\[4\],11.55µm
u_bram.bram\[254\]\[15\],11.55µm
u_bram.bram\[2\]\[28\],11.55µm
u_bram.bram\[42\]\[6\],11.55µm
u_bram.bram\[194\]\[4\],11.545µm
u_bram.bram\[118\]\[2\],11.54µm
u_bram.bram\[11\]\[27\],11.54µm
u_bram.bram\[12\]\[10\],11.54µm
u_bram.bram\[12\]\[3\],11.54µm
u_bram.bram\[140\]\[21\],11.54µm
u_bram.bram\[168\]\[29\],11.54µm
u_bram.bram\[168\]\[2\],11.54µm
u_bram.bram\[173\]\[25\],11.54µm
u_bram.bram\[191\]\[15\],11.54µm
u_bram.bram\[244\]\[27\],11.54µm
u_bram.bram\[24\]\[1\],11.54µm
u_bram.bram\[41\]\[16\],11.54µm
u_bram.bram\[51\]\[22\],11.54µm
u_bram.bram\[68\]\[20\],11.54µm
u_bram.bram\[76\]\[26\],11.54µm
u_bram.bram\[84\]\[19\],11.54µm
u_bram.bram\[126\]\[14\],11.53µm
_04287_,11.525µm
u_bram.bram\[118\]\[12\],11.52µm
u_bram.bram\[150\]\[17\],11.52µm
u_bram.bram\[246\]\[29\],11.52µm
u_bram.bram\[251\]\[22\],11.52µm
u_bram.bram\[102\]\[4\],11.51µm
u_bram.bram\[106\]\[31\],11.51µm
u_bram.bram\[22\]\[29\],11.51µm
_09904_,11.5µm
_12383_,11.5µm
u_bram.bram\[113\]\[23\],11.5µm
u_bram.bram\[177\]\[12\],11.5µm
u_bram.bram\[197\]\[30\],11.5µm
u_bram.bram\[72\]\[12\],11.5µm
u_bram.bram\[77\]\[15\],11.5µm
u_bram.bram\[134\]\[18\],11.49µm
u_bram.bram\[10\]\[31\],11.485µm
u_bram.bram\[126\]\[15\],11.485µm
u_bram.bram\[78\]\[2\],11.485µm
_08827_,11.48µm
_09952_,11.48µm
u_bram.bram\[117\]\[22\],11.48µm
u_bram.bram\[123\]\[17\],11.48µm
u_bram.bram\[158\]\[0\],11.48µm
u_bram.bram\[220\]\[24\],11.48µm
u_bram.bram\[24\]\[21\],11.48µm
_10064_,11.47µm
u_bram.bram\[102\]\[18\],11.47µm
u_bram.bram\[10\]\[17\],11.47µm
u_bram.bram\[138\]\[3\],11.47µm
u_bram.bram\[18\]\[6\],11.47µm
u_bram.bram\[202\]\[28\],11.47µm
u_bram.bram\[70\]\[0\],11.47µm
u_bram.bram\[174\]\[12\],11.465µm
u_bram.bram\[194\]\[2\],11.465µm
u_bram.bram\[250\]\[26\],11.465µm
u_bram.bram\[62\]\[28\],11.465µm
u_bram.bram\[107\]\[15\],11.46µm
u_bram.bram\[111\]\[9\],11.46µm
u_bram.bram\[124\]\[28\],11.46µm
u_bram.bram\[151\]\[0\],11.46µm
u_bram.bram\[155\]\[3\],11.46µm
u_bram.bram\[16\]\[2\],11.46µm
u_bram.bram\[175\]\[17\],11.46µm
u_bram.bram\[175\]\[25\],11.46µm
u_bram.bram\[195\]\[10\],11.46µm
u_bram.bram\[204\]\[12\],11.46µm
u_bram.bram\[204\]\[23\],11.46µm
u_bram.bram\[227\]\[19\],11.46µm
u_bram.bram\[231\]\[4\],11.46µm
u_bram.bram\[239\]\[29\],11.46µm
u_bram.bram\[26\]\[31\],11.46µm
u_bram.bram\[31\]\[18\],11.46µm
u_bram.bram\[3\]\[0\],11.46µm
u_bram.bram\[47\]\[1\],11.46µm
u_bram.bram\[48\]\[1\],11.46µm
u_bram.bram\[75\]\[17\],11.46µm
u_bram.bram\[7\]\[0\],11.46µm
u_bram.bram\[83\]\[20\],11.46µm
u_bram.bram\[83\]\[23\],11.46µm
u_bram.bram\[8\]\[25\],11.46µm
_05314_,11.455µm
u_bram.bram\[46\]\[21\],11.455µm
u_bram.bram\[122\]\[1\],11.45µm
u_bram.bram\[82\]\[12\],11.45µm
u_bram.bram\[162\]\[11\],11.445µm
u_bram.bram\[210\]\[29\],11.445µm
u_bram.bram\[22\]\[0\],11.445µm
u_bram.bram\[238\]\[14\],11.445µm
u_bram.bram\[34\]\[15\],11.445µm
u_bram.bram\[62\]\[26\],11.445µm
u_bram.bram\[66\]\[27\],11.445µm
u_bram.bram\[135\]\[31\],11.44µm
u_bram.bram\[223\]\[28\],11.44µm
u_bram.bram\[224\]\[31\],11.44µm
u_bram.bram\[227\]\[6\],11.44µm
u_bram.bram\[102\]\[28\],11.43µm
u_bram.bram\[230\]\[29\],11.43µm
u_bram.bram\[250\]\[27\],11.43µm
u_bram.bram\[202\]\[18\],11.425µm
u_bram.bram\[234\]\[10\],11.425µm
_08290_,11.42µm
u_bram.bram\[104\]\[17\],11.42µm
u_bram.bram\[112\]\[28\],11.42µm
u_bram.bram\[127\]\[1\],11.42µm
u_bram.bram\[137\]\[2\],11.42µm
u_bram.bram\[139\]\[9\],11.42µm
u_bram.bram\[195\]\[28\],11.42µm
u_bram.bram\[215\]\[30\],11.42µm
u_bram.bram\[32\]\[16\],11.42µm
u_bram.bram\[5\]\[6\],11.42µm
u_bram.bram\[72\]\[31\],11.42µm
u_bram.bram\[75\]\[27\],11.42µm
u_bram.bram\[90\]\[6\],11.42µm
u_bram.bram\[97\]\[0\],11.42µm
u_bram.bram\[11\]\[0\],11.41µm
u_bram.bram\[190\]\[4\],11.41µm
u_bram.bram\[251\]\[5\],11.41µm
_10704_,11.4µm
u_bram.bram\[184\]\[29\],11.4µm
u_bram.bram\[69\]\[28\],11.4µm
u_bram.bram\[90\]\[29\],11.4µm
_11841_,11.38µm
_14017_,11.38µm
u_bram.bram\[180\]\[17\],11.38µm
u_bram.bram\[245\]\[1\],11.38µm
u_bram.bram\[27\]\[16\],11.38µm
u_bram.bram\[5\]\[2\],11.38µm
u_bram.bram\[69\]\[2\],11.38µm
u_bram.bram\[75\]\[28\],11.38µm
_11577_,11.375µm
u_bram.bram\[30\]\[14\],11.37µm
u_bram.bram\[62\]\[1\],11.365µm
_08550_,11.36µm
_10182_,11.36µm
_12451_,11.36µm
_14002_,11.36µm
u_bram.bram\[116\]\[6\],11.36µm
u_bram.bram\[140\]\[20\],11.36µm
u_bram.bram\[184\]\[13\],11.36µm
u_bram.bram\[87\]\[17\],11.36µm
u_bram.bram\[89\]\[23\],11.36µm
u_bram.bram\[138\]\[0\],11.35µm
u_bram.bram\[174\]\[30\],11.35µm
u_bram.bram\[66\]\[16\],11.35µm
u_bram.bram\[74\]\[20\],11.35µm
u_bram.bram\[86\]\[25\],11.35µm
u_bram.bram\[98\]\[26\],11.35µm
u_bram.bram\[114\]\[10\],11.345µm
u_bram.bram\[238\]\[18\],11.345µm
u_bram.bram\[66\]\[3\],11.345µm
_09883_,11.34µm
u_bram.bram\[107\]\[14\],11.34µm
u_bram.bram\[145\]\[5\],11.34µm
u_bram.bram\[151\]\[3\],11.34µm
u_bram.bram\[168\]\[3\],11.34µm
u_bram.bram\[227\]\[12\],11.34µm
u_bram.bram\[47\]\[2\],11.34µm
u_bram.bram\[60\]\[3\],11.34µm
u_bram.bram\[83\]\[31\],11.34µm
u_bram.bram\[94\]\[16\],11.34µm
u_bram.bram\[130\]\[5\],11.335µm
u_bram.bram\[154\]\[2\],11.33µm
u_bram.bram\[198\]\[20\],11.33µm
u_bram.bram\[142\]\[9\],11.325µm
_10702_,11.32µm
_13028_,11.32µm
_13642_,11.32µm
u_bram.bram\[101\]\[1\],11.32µm
u_bram.bram\[104\]\[26\],11.32µm
u_bram.bram\[107\]\[8\],11.32µm
u_bram.bram\[120\]\[31\],11.32µm
u_bram.bram\[124\]\[17\],11.32µm
u_bram.bram\[127\]\[22\],11.32µm
u_bram.bram\[128\]\[17\],11.32µm
u_bram.bram\[12\]\[7\],11.32µm
u_bram.bram\[131\]\[7\],11.32µm
u_bram.bram\[133\]\[1\],11.32µm
u_bram.bram\[13\]\[5\],11.32µm
u_bram.bram\[149\]\[14\],11.32µm
u_bram.bram\[149\]\[31\],11.32µm
u_bram.bram\[151\]\[11\],11.32µm
u_bram.bram\[155\]\[19\],11.32µm
u_bram.bram\[160\]\[15\],11.32µm
u_bram.bram\[175\]\[4\],11.32µm
u_bram.bram\[17\]\[12\],11.32µm
u_bram.bram\[189\]\[22\],11.32µm
u_bram.bram\[191\]\[9\],11.32µm
u_bram.bram\[199\]\[11\],11.32µm
u_bram.bram\[200\]\[25\],11.32µm
u_bram.bram\[201\]\[0\],11.32µm
u_bram.bram\[201\]\[1\],11.32µm
u_bram.bram\[204\]\[4\],11.32µm
u_bram.bram\[209\]\[19\],11.32µm
u_bram.bram\[215\]\[28\],11.32µm
u_bram.bram\[224\]\[4\],11.32µm
u_bram.bram\[225\]\[10\],11.32µm
u_bram.bram\[237\]\[12\],11.32µm
u_bram.bram\[239\]\[31\],11.32µm
u_bram.bram\[244\]\[8\],11.32µm
u_bram.bram\[251\]\[12\],11.32µm
u_bram.bram\[252\]\[5\],11.32µm
u_bram.bram\[253\]\[7\],11.32µm
u_bram.bram\[27\]\[12\],11.32µm
u_bram.bram\[35\]\[5\],11.32µm
u_bram.bram\[47\]\[0\],11.32µm
u_bram.bram\[49\]\[18\],11.32µm
u_bram.bram\[49\]\[3\],11.32µm
u_bram.bram\[53\]\[2\],11.32µm
u_bram.bram\[64\]\[25\],11.32µm
u_bram.bram\[64\]\[26\],11.32µm
u_bram.bram\[67\]\[30\],11.32µm
u_bram.bram\[71\]\[20\],11.32µm
u_bram.bram\[72\]\[29\],11.32µm
u_bram.bram\[75\]\[9\],11.32µm
u_bram.bram\[8\]\[29\],11.32µm
u_bram.bram\[91\]\[17\],11.32µm
u_bram.bram\[9\]\[19\],11.32µm
u_bram.bram\[162\]\[7\],11.31µm
u_bram.bram\[2\]\[25\],11.31µm
u_bram.bram\[78\]\[25\],11.31µm
u_bram.bram\[218\]\[25\],11.305µm
u_bram.bram\[2\]\[14\],11.305µm
u_bram.bram\[108\]\[1\],11.3µm
u_bram.bram\[123\]\[15\],11.3µm
u_bram.bram\[192\]\[18\],11.3µm
u_bram.bram\[209\]\[12\],11.3µm
u_bram.bram\[32\]\[28\],11.3µm
u_bram.bram\[48\]\[19\],11.3µm
u_bram.bram\[52\]\[12\],11.3µm
u_bram.bram\[71\]\[6\],11.3µm
u_bram.bram\[75\]\[16\],11.3µm
u_bram.bram\[83\]\[30\],11.3µm
u_bram.bram\[99\]\[17\],11.3µm
u_bram.bram\[15\]\[30\],11.295µm
_00993_,11.285µm
_01336_,11.285µm
_11942_,11.285µm
_08784_,11.28µm
_13360_,11.28µm
u_bram.bram\[109\]\[12\],11.28µm
u_bram.bram\[13\]\[16\],11.28µm
u_bram.bram\[13\]\[3\],11.28µm
u_bram.bram\[141\]\[20\],11.28µm
u_bram.bram\[144\]\[21\],11.28µm
u_bram.bram\[145\]\[30\],11.28µm
u_bram.bram\[161\]\[28\],11.28µm
u_bram.bram\[164\]\[16\],11.28µm
u_bram.bram\[192\]\[17\],11.28µm
u_bram.bram\[193\]\[3\],11.28µm
u_bram.bram\[19\]\[21\],11.28µm
u_bram.bram\[201\]\[10\],11.28µm
u_bram.bram\[204\]\[17\],11.28µm
u_bram.bram\[216\]\[17\],11.28µm
u_bram.bram\[217\]\[13\],11.28µm
u_bram.bram\[217\]\[24\],11.28µm
u_bram.bram\[227\]\[10\],11.28µm
u_bram.bram\[229\]\[1\],11.28µm
u_bram.bram\[232\]\[29\],11.28µm
u_bram.bram\[253\]\[24\],11.28µm
u_bram.bram\[41\]\[20\],11.28µm
u_bram.bram\[61\]\[0\],11.28µm
u_bram.bram\[61\]\[7\],11.28µm
u_bram.bram\[76\]\[23\],11.28µm
u_bram.bram\[77\]\[11\],11.28µm
u_bram.bram\[97\]\[31\],11.28µm
u_bram.bram\[9\]\[10\],11.28µm
u_bram.bram\[174\]\[11\],11.265µm
_12640_,11.26µm
_12755_,11.26µm
u_bram.bram\[116\]\[26\],11.26µm
u_bram.bram\[119\]\[20\],11.26µm
u_bram.bram\[121\]\[9\],11.26µm
u_bram.bram\[246\]\[1\],11.26µm
u_fifo_ctrl.u_r_g2b.gray_in\[1\],11.26µm
u_fifo_ctrl.u_r_g2b.gray_in\[4\],11.26µm
u_bram.bram\[188\]\[24\],11.25µm
_00178_,11.245µm
_00206_,11.245µm
_00999_,11.245µm
_02525_,11.245µm
_04454_,11.245µm
_05696_,11.245µm
_10742_,11.245µm
u_bram.bram\[142\]\[10\],11.245µm
u_bram.bram\[162\]\[20\],11.245µm
u_bram.bram\[206\]\[25\],11.245µm
u_bram.bram\[238\]\[21\],11.245µm
u_bram.bram\[250\]\[7\],11.245µm
u_bram.bram\[2\]\[21\],11.245µm
u_bram.bram\[42\]\[0\],11.245µm
u_bram.bram\[98\]\[13\],11.245µm
_09089_,11.24µm
_09140_,11.24µm
_09909_,11.24µm
_11639_,11.24µm
_12347_,11.24µm
_13003_,11.24µm
_13843_,11.24µm
u_bram.bram\[213\]\[6\],11.24µm
u_bram.bram\[29\]\[24\],11.24µm
u_bram.bram\[47\]\[26\],11.24µm
u_bram.bram\[51\]\[18\],11.24µm
u_bram.bram\[106\]\[18\],11.23µm
u_bram.bram\[106\]\[4\],11.23µm
u_bram.bram\[146\]\[15\],11.23µm
u_bram.bram\[194\]\[25\],11.23µm
u_bram.bram\[250\]\[22\],11.23µm
u_bram.bram\[38\]\[12\],11.23µm
u_bram.bram\[58\]\[10\],11.23µm
_02516_,11.225µm
u_bram.bram\[14\]\[20\],11.225µm
u_bram.bram\[218\]\[28\],11.225µm
_11918_,11.22µm
u_bram.bram\[16\]\[3\],11.22µm
u_bram.bram\[171\]\[7\],11.22µm
u_bram.bram\[175\]\[8\],11.22µm
u_bram.bram\[195\]\[12\],11.22µm
u_bram.bram\[40\]\[22\],11.22µm
u_bram.bram\[43\]\[19\],11.22µm
w_data[17],11.22µm
w_data[25],11.22µm
_02473_,11.205µm
_11834_,11.205µm
_08692_,11.2µm
_09988_,11.2µm
_10234_,11.2µm
_12379_,11.2µm
_12557_,11.2µm
_13793_,11.2µm
u_bram.bram\[116\]\[29\],11.2µm
u_bram.bram\[139\]\[0\],11.2µm
u_bram.bram\[139\]\[25\],11.2µm
u_bram.bram\[147\]\[1\],11.2µm
u_bram.bram\[156\]\[24\],11.2µm
u_bram.bram\[156\]\[6\],11.2µm
u_bram.bram\[158\]\[15\],11.2µm
u_bram.bram\[15\]\[8\],11.2µm
u_bram.bram\[176\]\[22\],11.2µm
u_bram.bram\[176\]\[30\],11.2µm
u_bram.bram\[176\]\[4\],11.2µm
u_bram.bram\[185\]\[28\],11.2µm
u_bram.bram\[203\]\[17\],11.2µm
u_bram.bram\[208\]\[2\],11.2µm
u_bram.bram\[214\]\[20\],11.2µm
u_bram.bram\[215\]\[25\],11.2µm
u_bram.bram\[220\]\[10\],11.2µm
u_bram.bram\[221\]\[31\],11.2µm
u_bram.bram\[229\]\[23\],11.2µm
u_bram.bram\[235\]\[16\],11.2µm
u_bram.bram\[239\]\[30\],11.2µm
u_bram.bram\[240\]\[25\],11.2µm
u_bram.bram\[241\]\[23\],11.2µm
u_bram.bram\[242\]\[24\],11.2µm
u_bram.bram\[243\]\[8\],11.2µm
u_bram.bram\[252\]\[8\],11.2µm
u_bram.bram\[25\]\[13\],11.2µm
u_bram.bram\[44\]\[0\],11.2µm
u_bram.bram\[67\]\[26\],11.2µm
u_bram.bram\[69\]\[17\],11.2µm
u_bram.bram\[77\]\[18\],11.2µm
u_bram.bram\[85\]\[31\],11.2µm
u_bram.bram\[90\]\[28\],11.2µm
u_bram.bram\[95\]\[12\],11.2µm
u_bram.bram\[130\]\[27\],11.19µm
u_bram.bram\[198\]\[24\],11.19µm
u_bram.bram\[218\]\[19\],11.19µm
_04882_,11.185µm
u_bram.bram\[106\]\[14\],11.185µm
u_bram.bram\[13\]\[19\],11.18µm
u_bram.bram\[153\]\[10\],11.18µm
u_bram.bram\[173\]\[5\],11.18µm
u_bram.bram\[193\]\[6\],11.18µm
u_bram.bram\[227\]\[23\],11.18µm
u_bram.bram\[233\]\[16\],11.18µm
u_bram.bram\[233\]\[8\],11.18µm
u_bram.bram\[252\]\[20\],11.18µm
u_bram.bram\[99\]\[18\],11.18µm
_03510_,11.175µm
u_bram.bram\[126\]\[23\],11.17µm
u_bram.bram\[47\]\[15\],11.17µm
_05889_,11.165µm
_10121_,11.16µm
_10198_,11.16µm
_10721_,11.16µm
_10845_,11.16µm
_11102_,11.16µm
_11634_,11.16µm
_12758_,11.16µm
u_bram.bram\[191\]\[20\],11.16µm
u_bram.bram\[233\]\[2\],11.16µm
u_bram.bram\[24\]\[27\],11.16µm
clknet_leaf_547_wclk,11.16µm
_03386_,11.145µm
_08612_,11.14µm
_09165_,11.14µm
_13472_,11.14µm
u_bram.bram\[181\]\[19\],11.14µm
u_bram.bram\[48\]\[21\],11.14µm
u_bram.bram\[90\]\[12\],11.14µm
u_bram.bram\[142\]\[24\],11.13µm
u_bram.bram\[114\]\[3\],11.125µm
u_bram.bram\[138\]\[13\],11.125µm
u_bram.bram\[46\]\[19\],11.125µm
u_bram.bram\[66\]\[5\],11.125µm
u_bram.bram\[86\]\[23\],11.125µm
_11000_,11.12µm
_11981_,11.12µm
_12677_,11.12µm
_13200_,11.12µm
u_bram.bram\[140\]\[0\],11.12µm
u_bram.bram\[144\]\[24\],11.12µm
u_bram.bram\[150\]\[22\],11.12µm
u_bram.bram\[175\]\[14\],11.12µm
u_bram.bram\[208\]\[28\],11.12µm
u_bram.bram\[227\]\[28\],11.12µm
u_bram.bram\[228\]\[20\],11.12µm
u_bram.bram\[232\]\[14\],11.12µm
u_bram.bram\[247\]\[22\],11.12µm
u_bram.bram\[57\]\[31\],11.12µm
u_bram.bram\[71\]\[8\],11.12µm
u_bram.bram\[75\]\[23\],11.12µm
u_bram.bram\[76\]\[30\],11.12µm
u_bram.bram\[90\]\[3\],11.12µm
u_bram.bram\[190\]\[16\],11.11µm
u_bram.bram\[82\]\[7\],11.11µm
_08669_,11.1µm
_10509_,11.1µm
_13748_,11.1µm
_13752_,11.1µm
_13924_,11.1µm
u_bram.bram\[160\]\[25\],11.1µm
u_bram.bram\[212\]\[5\],11.1µm
u_bram.bram\[219\]\[17\],11.1µm
u_bram.bram\[235\]\[24\],11.1µm
u_bram.bram\[239\]\[24\],11.1µm
u_bram.bram\[28\]\[28\],11.1µm
u_bram.bram\[61\]\[21\],11.1µm
u_bram.bram\[67\]\[21\],11.1µm
u_bram.bram\[72\]\[16\],11.1µm
u_bram.bram\[87\]\[0\],11.1µm
u_bram.bram\[91\]\[30\],11.1µm
u_bram.bram\[202\]\[10\],11.095µm
u_bram.bram\[10\]\[26\],11.09µm
u_bram.bram\[114\]\[1\],11.09µm
u_bram.bram\[122\]\[11\],11.09µm
u_bram.bram\[14\]\[30\],11.09µm
u_bram.bram\[162\]\[9\],11.09µm
u_bram.bram\[206\]\[12\],11.09µm
u_bram.bram\[82\]\[27\],11.09µm
_09806_,11.08µm
u_bram.bram\[100\]\[25\],11.08µm
u_bram.bram\[100\]\[31\],11.08µm
u_bram.bram\[125\]\[3\],11.08µm
u_bram.bram\[137\]\[23\],11.08µm
u_bram.bram\[152\]\[15\],11.08µm
u_bram.bram\[157\]\[26\],11.08µm
u_bram.bram\[168\]\[4\],11.08µm
u_bram.bram\[16\]\[15\],11.08µm
u_bram.bram\[181\]\[29\],11.08µm
u_bram.bram\[185\]\[1\],11.08µm
u_bram.bram\[216\]\[6\],11.08µm
u_bram.bram\[220\]\[21\],11.08µm
u_bram.bram\[224\]\[28\],11.08µm
u_bram.bram\[233\]\[31\],11.08µm
u_bram.bram\[30\]\[29\],11.08µm
u_bram.bram\[36\]\[27\],11.08µm
u_bram.bram\[40\]\[21\],11.08µm
u_bram.bram\[43\]\[8\],11.08µm
u_bram.bram\[48\]\[6\],11.08µm
u_bram.bram\[81\]\[3\],11.08µm
u_bram.bram\[84\]\[20\],11.08µm
u_bram.bram\[92\]\[22\],11.08µm
u_bram.bram\[95\]\[0\],11.08µm
u_bram.bram\[96\]\[29\],11.08µm
_06159_,11.075µm
_00463_,11.065µm
_04403_,11.065µm
_08539_,11.06µm
_09491_,11.06µm
u_bram.bram\[117\]\[16\],11.06µm
u_bram.bram\[157\]\[29\],11.06µm
u_bram.bram\[158\]\[6\],11.06µm
u_bram.bram\[180\]\[27\],11.06µm
u_bram.bram\[221\]\[17\],11.06µm
u_bram.bram\[244\]\[7\],11.06µm
u_bram.bram\[51\]\[7\],11.06µm
u_bram.bram\[73\]\[2\],11.06µm
u_bram.bram\[92\]\[29\],11.06µm
_04637_,11.045µm
_13590_,11.04µm
u_bram.bram\[121\]\[0\],11.04µm
u_bram.bram\[133\]\[5\],11.04µm
u_bram.bram\[197\]\[31\],11.04µm
u_bram.bram\[245\]\[10\],11.04µm
u_bram.bram\[248\]\[21\],11.04µm
u_bram.bram\[251\]\[18\],11.04µm
u_bram.bram\[53\]\[4\],11.04µm
_07064_,11.035µm
u_bram.bram\[58\]\[17\],11.03µm
u_bram.bram\[58\]\[30\],11.025µm
u_bram.bram\[6\]\[26\],11.025µm
u_bram.bram\[78\]\[30\],11.025µm
_13373_,11.02µm
u_bram.bram\[202\]\[2\],11.01µm
u_bram.bram\[34\]\[0\],11.01µm
u_bram.bram\[42\]\[28\],11.01µm
u_bram.bram\[6\]\[9\],11.01µm
u_bram.bram\[82\]\[14\],11.01µm
u_bram.bram\[38\]\[17\],11.005µm
u_bram.bram\[46\]\[7\],11.005µm
_13886_,11µm
_13899_,11µm
u_bram.bram\[115\]\[20\],11µm
u_bram.bram\[136\]\[12\],11µm
u_bram.bram\[171\]\[29\],11µm
u_bram.bram\[191\]\[6\],11µm
u_bram.bram\[193\]\[21\],11µm
u_bram.bram\[195\]\[2\],11µm
u_bram.bram\[220\]\[13\],11µm
u_bram.bram\[251\]\[2\],11µm
u_bram.bram\[43\]\[31\],11µm
u_bram.bram\[47\]\[10\],11µm
u_bram.bram\[79\]\[8\],11µm
_10365_,10.995µm
u_bram.bram\[134\]\[12\],10.995µm
u_bram.bram\[114\]\[2\],10.99µm
u_bram.bram\[126\]\[7\],10.99µm
u_bram.bram\[170\]\[24\],10.99µm
u_bram.bram\[2\]\[22\],10.99µm
u_bram.bram\[78\]\[3\],10.99µm
u_bram.bram\[210\]\[9\],10.985µm
u_bram.bram\[230\]\[13\],10.985µm
u_bram.bram\[34\]\[13\],10.985µm
_11433_,10.98µm
u_bram.bram\[121\]\[14\],10.98µm
u_bram.bram\[175\]\[13\],10.98µm
u_bram.bram\[227\]\[21\],10.98µm
u_bram.bram\[249\]\[28\],10.98µm
u_bram.bram\[249\]\[30\],10.98µm
u_bram.bram\[30\]\[17\],10.98µm
u_bram.bram\[35\]\[27\],10.98µm
u_bram.bram\[71\]\[5\],10.98µm
u_bram.bram\[79\]\[19\],10.98µm
u_bram.bram\[79\]\[5\],10.98µm
u_bram.bram\[114\]\[16\],10.97µm
u_bram.bram\[198\]\[7\],10.97µm
u_bram.bram\[66\]\[19\],10.97µm
_00411_,10.965µm
u_bram.bram\[250\]\[21\],10.965µm
u_bram.bram\[86\]\[12\],10.965µm
u_bram.bram\[103\]\[11\],10.96µm
u_bram.bram\[107\]\[27\],10.96µm
u_bram.bram\[109\]\[0\],10.96µm
u_bram.bram\[109\]\[2\],10.96µm
u_bram.bram\[111\]\[18\],10.96µm
u_bram.bram\[124\]\[12\],10.96µm
u_bram.bram\[125\]\[13\],10.96µm
u_bram.bram\[131\]\[16\],10.96µm
u_bram.bram\[131\]\[29\],10.96µm
u_bram.bram\[13\]\[11\],10.96µm
u_bram.bram\[141\]\[22\],10.96µm
u_bram.bram\[152\]\[30\],10.96µm
u_bram.bram\[153\]\[1\],10.96µm
u_bram.bram\[17\]\[19\],10.96µm
u_bram.bram\[187\]\[25\],10.96µm
u_bram.bram\[195\]\[5\],10.96µm
u_bram.bram\[197\]\[8\],10.96µm
u_bram.bram\[199\]\[4\],10.96µm
u_bram.bram\[1\]\[19\],10.96µm
u_bram.bram\[205\]\[14\],10.96µm
u_bram.bram\[207\]\[11\],10.96µm
u_bram.bram\[217\]\[29\],10.96µm
u_bram.bram\[219\]\[0\],10.96µm
u_bram.bram\[227\]\[25\],10.96µm
u_bram.bram\[236\]\[25\],10.96µm
u_bram.bram\[251\]\[10\],10.96µm
u_bram.bram\[253\]\[17\],10.96µm
u_bram.bram\[30\]\[6\],10.96µm
u_bram.bram\[36\]\[13\],10.96µm
u_bram.bram\[60\]\[18\],10.96µm
u_bram.bram\[63\]\[19\],10.96µm
u_bram.bram\[77\]\[23\],10.96µm
u_bram.bram\[83\]\[18\],10.96µm
u_bram.bram\[85\]\[17\],10.96µm
u_bram.bram\[8\]\[19\],10.96µm
u_bram.bram\[97\]\[1\],10.96µm
u_bram.bram\[234\]\[9\],10.95µm
u_bram.bram\[254\]\[0\],10.95µm
_03572_,10.945µm
_06782_,10.945µm
_10498_,10.945µm
_10558_,10.945µm
u_bram.bram\[138\]\[28\],10.945µm
u_bram.bram\[86\]\[28\],10.945µm
_12702_,10.94µm
_00212_,10.925µm
_11962_,10.92µm
_12361_,10.92µm
_12957_,10.92µm
u_bram.bram\[123\]\[6\],10.92µm
u_bram.bram\[125\]\[12\],10.92µm
u_bram.bram\[136\]\[2\],10.92µm
u_bram.bram\[149\]\[7\],10.92µm
u_bram.bram\[247\]\[10\],10.92µm
u_bram.bram\[251\]\[13\],10.92µm
u_bram.bram\[4\]\[12\],10.92µm
u_bram.bram\[4\]\[26\],10.92µm
u_bram.bram\[85\]\[10\],10.92µm
u_bram.bram\[93\]\[20\],10.92µm
u_bram.bram\[97\]\[5\],10.92µm
w_ptr_gray_meta\[8\],10.92µm
u_bram.bram\[182\]\[29\],10.91µm
_00638_,10.905µm
_00804_,10.905µm
_05747_,10.905µm
_06079_,10.905µm
_06322_,10.905µm
u_bram.bram\[206\]\[24\],10.905µm
u_bram.bram\[22\]\[24\],10.905µm
u_bram.bram\[86\]\[3\],10.905µm
_09913_,10.9µm
_10717_,10.9µm
_11537_,10.9µm
_12645_,10.9µm
_12888_,10.9µm
u_bram.bram\[104\]\[31\],10.9µm
u_bram.bram\[118\]\[30\],10.9µm
u_bram.bram\[125\]\[14\],10.9µm
u_bram.bram\[131\]\[2\],10.9µm
u_bram.bram\[192\]\[16\],10.9µm
u_bram.bram\[241\]\[31\],10.9µm
u_bram.bram\[29\]\[6\],10.9µm
u_bram.bram\[36\]\[4\],10.9µm
u_bram.bram\[4\]\[15\],10.9µm
u_bram.bram\[4\]\[16\],10.9µm
u_bram.bram\[60\]\[12\],10.9µm
u_bram.bram\[202\]\[29\],10.89µm
u_bram.bram\[2\]\[29\],10.89µm
u_bram.bram\[6\]\[10\],10.89µm
_01048_,10.885µm
_02910_,10.885µm
u_bram.bram\[186\]\[11\],10.885µm
u_bram.bram\[147\]\[9\],10.88µm
u_bram.bram\[191\]\[31\],10.88µm
u_bram.bram\[83\]\[9\],10.88µm
u_bram.bram\[22\]\[27\],10.87µm
_04943_,10.865µm
_07372_,10.865µm
u_bram.bram\[210\]\[8\],10.865µm
_08609_,10.86µm
_09810_,10.86µm
_09959_,10.86µm
_10362_,10.86µm
_10372_,10.86µm
_11931_,10.86µm
_12135_,10.86µm
_13755_,10.86µm
u_bram.bram\[0\]\[27\],10.86µm
u_bram.bram\[100\]\[15\],10.86µm
u_bram.bram\[107\]\[10\],10.86µm
u_bram.bram\[109\]\[15\],10.86µm
u_bram.bram\[109\]\[24\],10.86µm
u_bram.bram\[112\]\[4\],10.86µm
u_bram.bram\[113\]\[1\],10.86µm
u_bram.bram\[113\]\[3\],10.86µm
u_bram.bram\[117\]\[19\],10.86µm
u_bram.bram\[120\]\[20\],10.86µm
u_bram.bram\[120\]\[23\],10.86µm
u_bram.bram\[123\]\[8\],10.86µm
u_bram.bram\[124\]\[23\],10.86µm
u_bram.bram\[12\]\[5\],10.86µm
u_bram.bram\[131\]\[21\],10.86µm
u_bram.bram\[132\]\[11\],10.86µm
u_bram.bram\[137\]\[17\],10.86µm
u_bram.bram\[141\]\[12\],10.86µm
u_bram.bram\[147\]\[18\],10.86µm
u_bram.bram\[147\]\[8\],10.86µm
u_bram.bram\[153\]\[18\],10.86µm
u_bram.bram\[160\]\[11\],10.86µm
u_bram.bram\[160\]\[24\],10.86µm
u_bram.bram\[161\]\[16\],10.86µm
u_bram.bram\[161\]\[2\],10.86µm
u_bram.bram\[161\]\[5\],10.86µm
u_bram.bram\[167\]\[31\],10.86µm
u_bram.bram\[177\]\[27\],10.86µm
u_bram.bram\[177\]\[7\],10.86µm
u_bram.bram\[181\]\[12\],10.86µm
u_bram.bram\[183\]\[20\],10.86µm
u_bram.bram\[187\]\[31\],10.86µm
u_bram.bram\[189\]\[11\],10.86µm
u_bram.bram\[189\]\[4\],10.86µm
u_bram.bram\[195\]\[0\],10.86µm
u_bram.bram\[195\]\[30\],10.86µm
u_bram.bram\[196\]\[14\],10.86µm
u_bram.bram\[199\]\[29\],10.86µm
u_bram.bram\[19\]\[31\],10.86µm
u_bram.bram\[200\]\[19\],10.86µm
u_bram.bram\[201\]\[11\],10.86µm
u_bram.bram\[203\]\[26\],10.86µm
u_bram.bram\[205\]\[7\],10.86µm
u_bram.bram\[208\]\[8\],10.86µm
u_bram.bram\[211\]\[9\],10.86µm
u_bram.bram\[213\]\[1\],10.86µm
u_bram.bram\[229\]\[17\],10.86µm
u_bram.bram\[237\]\[13\],10.86µm
u_bram.bram\[243\]\[12\],10.86µm
u_bram.bram\[24\]\[17\],10.86µm
u_bram.bram\[56\]\[14\],10.86µm
u_bram.bram\[57\]\[25\],10.86µm
u_bram.bram\[59\]\[0\],10.86µm
u_bram.bram\[63\]\[3\],10.86µm
u_bram.bram\[65\]\[3\],10.86µm
u_bram.bram\[65\]\[4\],10.86µm
u_bram.bram\[68\]\[27\],10.86µm
u_bram.bram\[73\]\[28\],10.86µm
u_bram.bram\[75\]\[25\],10.86µm
u_bram.bram\[77\]\[14\],10.86µm
u_bram.bram\[79\]\[17\],10.86µm
u_bram.bram\[80\]\[25\],10.86µm
u_bram.bram\[83\]\[2\],10.86µm
u_bram.bram\[87\]\[4\],10.86µm
u_bram.bram\[88\]\[31\],10.86µm
u_bram.bram\[89\]\[0\],10.86µm
u_bram.bram\[96\]\[11\],10.86µm
u_bram.bram\[96\]\[19\],10.86µm
u_bram.bram\[198\]\[18\],10.845µm
u_bram.bram\[115\]\[28\],10.84µm
u_bram.bram\[120\]\[10\],10.84µm
u_bram.bram\[149\]\[22\],10.84µm
u_bram.bram\[153\]\[25\],10.84µm
u_bram.bram\[153\]\[2\],10.84µm
u_bram.bram\[171\]\[28\],10.84µm
u_bram.bram\[173\]\[26\],10.84µm
u_bram.bram\[188\]\[19\],10.84µm
u_bram.bram\[193\]\[29\],10.84µm
u_bram.bram\[253\]\[28\],10.84µm
u_bram.bram\[41\]\[14\],10.84µm
u_bram.bram\[91\]\[18\],10.84µm
_05263_,10.835µm
_03105_,10.825µm
_05923_,10.825µm
_11824_,10.82µm
_12245_,10.82µm
u_bram.bram\[101\]\[2\],10.82µm
u_bram.bram\[109\]\[31\],10.82µm
u_bram.bram\[120\]\[29\],10.82µm
u_bram.bram\[139\]\[18\],10.82µm
u_bram.bram\[139\]\[24\],10.82µm
u_bram.bram\[13\]\[25\],10.82µm
u_bram.bram\[150\]\[5\],10.82µm
u_bram.bram\[168\]\[13\],10.82µm
u_bram.bram\[193\]\[28\],10.82µm
u_bram.bram\[201\]\[19\],10.82µm
u_bram.bram\[201\]\[2\],10.82µm
u_bram.bram\[205\]\[31\],10.82µm
u_bram.bram\[208\]\[14\],10.82µm
u_bram.bram\[217\]\[28\],10.82µm
u_bram.bram\[229\]\[21\],10.82µm
u_bram.bram\[237\]\[16\],10.82µm
u_bram.bram\[249\]\[23\],10.82µm
u_bram.bram\[251\]\[4\],10.82µm
u_bram.bram\[252\]\[11\],10.82µm
u_bram.bram\[255\]\[20\],10.82µm
u_bram.bram\[25\]\[20\],10.82µm
u_bram.bram\[33\]\[0\],10.82µm
u_bram.bram\[37\]\[4\],10.82µm
u_bram.bram\[69\]\[12\],10.82µm
u_bram.bram\[85\]\[15\],10.82µm
_10325_,10.8µm
_11601_,10.8µm
_12899_,10.8µm
_13411_,10.8µm
u_bram.bram\[143\]\[30\],10.8µm
u_bram.bram\[165\]\[11\],10.8µm
u_bram.bram\[233\]\[30\],10.8µm
u_bram.bram\[90\]\[25\],10.8µm
u_bram.bram\[94\]\[13\],10.8µm
u_bram.bram\[168\]\[22\],10.79µm
_04715_,10.785µm
u_bram.bram\[130\]\[7\],10.785µm
u_bram.bram\[162\]\[6\],10.785µm
u_bram.bram\[254\]\[22\],10.785µm
_08733_,10.78µm
_09081_,10.78µm
_09658_,10.78µm
_09790_,10.78µm
_10005_,10.78µm
_10760_,10.78µm
_11688_,10.78µm
_12588_,10.78µm
_13266_,10.78µm
u_bram.bram\[11\]\[26\],10.78µm
u_bram.bram\[131\]\[11\],10.78µm
u_bram.bram\[231\]\[28\],10.78µm
u_bram.bram\[235\]\[7\],10.78µm
u_bram.bram\[239\]\[28\],10.78µm
u_bram.bram\[246\]\[31\],10.78µm
u_bram.bram\[32\]\[17\],10.78µm
u_bram.bram\[87\]\[29\],10.78µm
u_bram.bram\[90\]\[27\],10.78µm
u_bram.bram\[92\]\[18\],10.78µm
u_bram.bram\[93\]\[2\],10.78µm
u_bram.bram\[186\]\[24\],10.77µm
u_bram.bram\[82\]\[6\],10.77µm
u_bram.bram\[11\]\[12\],10.76µm
u_bram.bram\[135\]\[19\],10.76µm
u_bram.bram\[187\]\[30\],10.76µm
u_bram.bram\[19\]\[0\],10.76µm
u_bram.bram\[19\]\[27\],10.76µm
u_bram.bram\[203\]\[28\],10.76µm
u_bram.bram\[203\]\[7\],10.76µm
u_bram.bram\[227\]\[26\],10.76µm
u_bram.bram\[23\]\[19\],10.76µm
u_bram.bram\[35\]\[15\],10.76µm
u_bram.bram\[7\]\[9\],10.76µm
u_bram.bram\[87\]\[9\],10.76µm
u_bram.bram\[99\]\[23\],10.76µm
u_bram.bram\[210\]\[5\],10.75µm
_01642_,10.745µm
_03974_,10.745µm
u_bram.bram\[130\]\[4\],10.745µm
u_bram.bram\[14\]\[8\],10.745µm
_08254_,10.74µm
_08280_,10.74µm
_08901_,10.74µm
_10508_,10.74µm
_11466_,10.74µm
_11642_,10.74µm
_11802_,10.74µm
_12193_,10.74µm
_12575_,10.74µm
_12892_,10.74µm
_13496_,10.74µm
u_bram.bram\[104\]\[5\],10.74µm
u_bram.bram\[117\]\[18\],10.74µm
u_bram.bram\[117\]\[7\],10.74µm
u_bram.bram\[139\]\[17\],10.74µm
u_bram.bram\[148\]\[22\],10.74µm
u_bram.bram\[149\]\[4\],10.74µm
u_bram.bram\[150\]\[25\],10.74µm
u_bram.bram\[152\]\[18\],10.74µm
u_bram.bram\[156\]\[4\],10.74µm
u_bram.bram\[157\]\[24\],10.74µm
u_bram.bram\[159\]\[25\],10.74µm
u_bram.bram\[159\]\[28\],10.74µm
u_bram.bram\[183\]\[2\],10.74µm
u_bram.bram\[192\]\[23\],10.74µm
u_bram.bram\[193\]\[23\],10.74µm
u_bram.bram\[197\]\[1\],10.74µm
u_bram.bram\[201\]\[23\],10.74µm
u_bram.bram\[214\]\[24\],10.74µm
u_bram.bram\[214\]\[7\],10.74µm
u_bram.bram\[215\]\[9\],10.74µm
u_bram.bram\[227\]\[11\],10.74µm
u_bram.bram\[229\]\[22\],10.74µm
u_bram.bram\[235\]\[6\],10.74µm
u_bram.bram\[247\]\[12\],10.74µm
u_bram.bram\[249\]\[9\],10.74µm
u_bram.bram\[29\]\[18\],10.74µm
u_bram.bram\[30\]\[1\],10.74µm
u_bram.bram\[36\]\[9\],10.74µm
u_bram.bram\[47\]\[28\],10.74µm
u_bram.bram\[51\]\[12\],10.74µm
u_bram.bram\[51\]\[25\],10.74µm
u_bram.bram\[52\]\[1\],10.74µm
u_bram.bram\[55\]\[12\],10.74µm
u_bram.bram\[5\]\[31\],10.74µm
u_bram.bram\[67\]\[10\],10.74µm
u_bram.bram\[90\]\[15\],10.74µm
u_bram.bram\[91\]\[16\],10.74µm
u_bram.bram\[91\]\[25\],10.74µm
u_bram.bram\[94\]\[19\],10.74µm
u_bram.bram\[18\]\[30\],10.735µm
u_bram.bram\[142\]\[27\],10.73µm
_10231_,10.72µm
u_bram.bram\[147\]\[26\],10.72µm
u_bram.bram\[177\]\[22\],10.72µm
u_bram.bram\[217\]\[31\],10.72µm
u_bram.bram\[68\]\[19\],10.72µm
u_bram.bram\[8\]\[17\],10.72µm
_03888_,10.705µm
_07447_,10.705µm
_13992_,10.7µm
u_bram.bram\[113\]\[31\],10.7µm
u_bram.bram\[165\]\[26\],10.7µm
u_bram.bram\[185\]\[8\],10.7µm
u_bram.bram\[199\]\[23\],10.7µm
u_bram.bram\[242\]\[2\],10.7µm
u_bram.bram\[26\]\[10\],10.7µm
u_bram.bram\[81\]\[24\],10.7µm
_11882_,10.69µm
_10554_,10.68µm
_11518_,10.68µm
u_bram.bram\[151\]\[27\],10.68µm
u_bram.bram\[163\]\[19\],10.68µm
u_bram.bram\[28\]\[29\],10.68µm
w_full,10.68µm
u_bram.bram\[6\]\[19\],10.67µm
_01849_,10.665µm
_13604_,10.665µm
u_bram.bram\[194\]\[9\],10.665µm
u_bram.bram\[206\]\[4\],10.665µm
_11060_,10.66µm
_12770_,10.66µm
_13918_,10.66µm
u_bram.bram\[100\]\[11\],10.66µm
u_bram.bram\[100\]\[14\],10.66µm
u_bram.bram\[111\]\[1\],10.66µm
u_bram.bram\[115\]\[27\],10.66µm
u_bram.bram\[140\]\[8\],10.66µm
u_bram.bram\[223\]\[21\],10.66µm
u_bram.bram\[29\]\[16\],10.66µm
u_bram.bram\[37\]\[24\],10.66µm
u_bram.bram\[44\]\[6\],10.66µm
u_bram.bram\[83\]\[8\],10.66µm
u_bram.bram\[234\]\[19\],10.65µm
_08527_,10.64µm
_08592_,10.64µm
_08821_,10.64µm
_08835_,10.64µm
_11502_,10.64µm
_11930_,10.64µm
_13624_,10.64µm
_13857_,10.64µm
u_bram.bram\[116\]\[11\],10.64µm
u_bram.bram\[123\]\[29\],10.64µm
u_bram.bram\[195\]\[8\],10.64µm
u_bram.bram\[19\]\[29\],10.64µm
u_bram.bram\[227\]\[24\],10.64µm
u_bram.bram\[231\]\[1\],10.64µm
u_bram.bram\[239\]\[13\],10.64µm
u_bram.bram\[243\]\[2\],10.64µm
u_bram.bram\[31\]\[6\],10.64µm
u_bram.bram\[40\]\[4\],10.64µm
u_bram.bram\[51\]\[14\],10.64µm
u_bram.bram\[67\]\[28\],10.64µm
u_bram.bram\[89\]\[12\],10.64µm
u_bram.bram\[96\]\[23\],10.64µm
u_bram.bram\[202\]\[4\],10.635µm
u_bram.bram\[122\]\[16\],10.63µm
u_bram.bram\[122\]\[9\],10.63µm
u_bram.bram\[142\]\[31\],10.63µm
u_bram.bram\[14\]\[6\],10.63µm
u_bram.bram\[194\]\[30\],10.63µm
u_bram.bram\[254\]\[14\],10.63µm
u_bram.bram\[2\]\[30\],10.63µm
u_bram.bram\[46\]\[1\],10.63µm
u_bram.bram\[74\]\[25\],10.63µm
u_bram.bram\[78\]\[13\],10.63µm
u_bram.bram\[78\]\[15\],10.63µm
_07475_,10.625µm
u_bram.bram\[110\]\[12\],10.625µm
u_bram.bram\[174\]\[28\],10.625µm
u_bram.bram\[206\]\[17\],10.625µm
u_bram.bram\[58\]\[14\],10.625µm
_09884_,10.62µm
u_bram.bram\[100\]\[29\],10.62µm
u_bram.bram\[104\]\[3\],10.62µm
u_bram.bram\[113\]\[17\],10.62µm
u_bram.bram\[117\]\[25\],10.62µm
u_bram.bram\[119\]\[25\],10.62µm
u_bram.bram\[119\]\[6\],10.62µm
u_bram.bram\[120\]\[13\],10.62µm
u_bram.bram\[121\]\[29\],10.62µm
u_bram.bram\[129\]\[16\],10.62µm
u_bram.bram\[140\]\[13\],10.62µm
u_bram.bram\[144\]\[1\],10.62µm
u_bram.bram\[152\]\[24\],10.62µm
u_bram.bram\[156\]\[14\],10.62µm
u_bram.bram\[15\]\[12\],10.62µm
u_bram.bram\[169\]\[18\],10.62µm
u_bram.bram\[178\]\[2\],10.62µm
u_bram.bram\[182\]\[3\],10.62µm
u_bram.bram\[205\]\[20\],10.62µm
u_bram.bram\[212\]\[3\],10.62µm
u_bram.bram\[220\]\[0\],10.62µm
u_bram.bram\[225\]\[26\],10.62µm
u_bram.bram\[245\]\[8\],10.62µm
u_bram.bram\[32\]\[14\],10.62µm
u_bram.bram\[33\]\[10\],10.62µm
u_bram.bram\[55\]\[27\],10.62µm
u_bram.bram\[56\]\[22\],10.62µm
u_bram.bram\[5\]\[20\],10.62µm
u_bram.bram\[76\]\[2\],10.62µm
u_bram.bram\[81\]\[29\],10.62µm
u_bram.bram\[84\]\[6\],10.62µm
u_bram.bram\[90\]\[0\],10.62µm
u_bram.bram\[96\]\[24\],10.62µm
u_bram.bram\[194\]\[27\],10.61µm
u_bram.bram\[34\]\[16\],10.61µm
_12529_,10.6µm
u_bram.bram\[105\]\[23\],10.6µm
u_bram.bram\[112\]\[31\],10.6µm
u_bram.bram\[139\]\[4\],10.6µm
u_bram.bram\[151\]\[15\],10.6µm
u_bram.bram\[176\]\[15\],10.6µm
u_bram.bram\[181\]\[14\],10.6µm
u_bram.bram\[184\]\[8\],10.6µm
u_bram.bram\[214\]\[31\],10.6µm
u_bram.bram\[25\]\[11\],10.6µm
u_bram.bram\[37\]\[14\],10.6µm
u_bram.bram\[48\]\[0\],10.6µm
u_bram.bram\[102\]\[0\],10.59µm
u_bram.bram\[18\]\[5\],10.59µm
u_bram.bram\[198\]\[27\],10.59µm
_07074_,10.58µm
_09169_,10.58µm
_09355_,10.58µm
_06269_,10.575µm
_11231_,10.575µm
_00761_,10.565µm
_02570_,10.565µm
_02968_,10.565µm
_03080_,10.565µm
_03205_,10.565µm
_05346_,10.565µm
_05952_,10.565µm
_06259_,10.565µm
_07409_,10.565µm
u_bram.bram\[206\]\[3\],10.565µm
u_bram.bram\[218\]\[29\],10.565µm
_12945_,10.56µm
_13365_,10.56µm
_13455_,10.56µm
_13868_,10.56µm
u_bram.bram\[242\]\[15\],10.56µm
u_bram.bram\[24\]\[5\],10.56µm
u_bram.bram\[88\]\[16\],10.56µm
u_bram.bram\[138\]\[8\],10.55µm
u_bram.bram\[202\]\[23\],10.55µm
u_bram.bram\[214\]\[25\],10.55µm
u_bram.bram\[2\]\[4\],10.55µm
u_bram.bram\[99\]\[21\],10.55µm
u_bram.bram\[130\]\[10\],10.545µm
_08242_,10.54µm
_08252_,10.54µm
_08601_,10.54µm
_10603_,10.54µm
_10817_,10.54µm
_11064_,10.54µm
_13694_,10.54µm
u_bram.bram\[11\]\[3\],10.54µm
u_bram.bram\[143\]\[11\],10.54µm
u_bram.bram\[147\]\[27\],10.54µm
u_bram.bram\[15\]\[31\],10.54µm
u_bram.bram\[163\]\[4\],10.54µm
u_bram.bram\[203\]\[22\],10.54µm
u_bram.bram\[25\]\[23\],10.54µm
u_bram.bram\[28\]\[5\],10.54µm
u_bram.bram\[35\]\[3\],10.54µm
u_bram.bram\[39\]\[24\],10.54µm
u_bram.bram\[99\]\[28\],10.54µm
u_bram.bram\[99\]\[30\],10.54µm
u_bram.bram\[14\]\[26\],10.53µm
u_bram.bram\[122\]\[20\],10.525µm
u_bram.bram\[198\]\[6\],10.525µm
u_bram.bram\[50\]\[23\],10.525µm
_09929_,10.52µm
u_bram.bram\[155\]\[0\],10.52µm
u_bram.bram\[157\]\[27\],10.52µm
u_bram.bram\[20\]\[23\],10.52µm
u_bram.bram\[223\]\[17\],10.52µm
u_bram.bram\[54\]\[15\],10.52µm
u_bram.bram\[75\]\[24\],10.515µm
_05404_,10.505µm
_10977_,10.5µm
u_bram.bram\[101\]\[13\],10.5µm
u_bram.bram\[107\]\[20\],10.5µm
u_bram.bram\[113\]\[16\],10.5µm
u_bram.bram\[113\]\[18\],10.5µm
u_bram.bram\[127\]\[2\],10.5µm
u_bram.bram\[139\]\[3\],10.5µm
u_bram.bram\[141\]\[3\],10.5µm
u_bram.bram\[171\]\[9\],10.5µm
u_bram.bram\[172\]\[11\],10.5µm
u_bram.bram\[193\]\[20\],10.5µm
u_bram.bram\[195\]\[14\],10.5µm
u_bram.bram\[19\]\[6\],10.5µm
u_bram.bram\[203\]\[1\],10.5µm
u_bram.bram\[203\]\[21\],10.5µm
u_bram.bram\[215\]\[16\],10.5µm
u_bram.bram\[21\]\[6\],10.5µm
u_bram.bram\[228\]\[19\],10.5µm
u_bram.bram\[239\]\[4\],10.5µm
u_bram.bram\[242\]\[1\],10.5µm
u_bram.bram\[33\]\[7\],10.5µm
u_bram.bram\[35\]\[12\],10.5µm
u_bram.bram\[39\]\[12\],10.5µm
u_bram.bram\[61\]\[6\],10.5µm
u_bram.bram\[61\]\[9\],10.5µm
u_bram.bram\[63\]\[17\],10.5µm
u_bram.bram\[63\]\[9\],10.5µm
u_bram.bram\[69\]\[11\],10.5µm
u_bram.bram\[79\]\[4\],10.5µm
u_bram.bram\[7\]\[5\],10.5µm
u_bram.bram\[9\]\[2\],10.5µm
u_bram.bram\[130\]\[21\],10.49µm
_09758_,10.48µm
u_bram.bram\[137\]\[22\],10.48µm
u_bram.bram\[19\]\[8\],10.48µm
u_bram.bram\[221\]\[4\],10.48µm
_09172_,10.465µm
_09119_,10.46µm
_13251_,10.46µm
_13413_,10.46µm
u_bram.bram\[131\]\[30\],10.46µm
u_bram.bram\[149\]\[21\],10.46µm
u_bram.bram\[155\]\[25\],10.46µm
u_bram.bram\[173\]\[28\],10.46µm
u_bram.bram\[176\]\[16\],10.46µm
u_bram.bram\[212\]\[30\],10.46µm
u_bram.bram\[53\]\[17\],10.46µm
u_bram.bram\[97\]\[23\],10.46µm
u_bram.bram\[206\]\[15\],10.445µm
u_bram.bram\[206\]\[26\],10.445µm
_08881_,10.44µm
_10606_,10.44µm
_11176_,10.44µm
_12283_,10.44µm
_12543_,10.44µm
_13507_,10.44µm
_13576_,10.44µm
_13769_,10.44µm
_13941_,10.44µm
u_bram.bram\[128\]\[19\],10.44µm
u_bram.bram\[131\]\[18\],10.44µm
u_bram.bram\[132\]\[8\],10.44µm
u_bram.bram\[155\]\[14\],10.44µm
u_bram.bram\[160\]\[31\],10.44µm
u_bram.bram\[164\]\[2\],10.44µm
u_bram.bram\[168\]\[5\],10.44µm
u_bram.bram\[16\]\[10\],10.44µm
u_bram.bram\[16\]\[14\],10.44µm
u_bram.bram\[40\]\[20\],10.44µm
u_bram.bram\[56\]\[1\],10.44µm
u_bram.bram\[96\]\[12\],10.44µm
u_bram.bram\[10\]\[10\],10.43µm
u_bram.bram\[134\]\[31\],10.43µm
u_bram.bram\[18\]\[4\],10.43µm
u_bram.bram\[190\]\[27\],10.43µm
u_bram.bram\[254\]\[21\],10.43µm
u_bram.bram\[38\]\[11\],10.43µm
u_bram.bram\[38\]\[27\],10.43µm
u_bram.bram\[74\]\[0\],10.43µm
u_bram.bram\[78\]\[22\],10.43µm
u_bram.bram\[2\]\[19\],10.425µm
u_bram.bram\[62\]\[20\],10.425µm
_08248_,10.42µm
r_ptr_gray_meta\[4\],10.42µm
u_bram.bram\[103\]\[12\],10.42µm
u_bram.bram\[115\]\[13\],10.42µm
u_bram.bram\[115\]\[5\],10.42µm
u_bram.bram\[156\]\[21\],10.42µm
u_bram.bram\[163\]\[22\],10.42µm
u_bram.bram\[167\]\[2\],10.42µm
u_bram.bram\[191\]\[1\],10.42µm
u_bram.bram\[39\]\[5\],10.42µm
u_bram.bram\[47\]\[6\],10.42µm
u_bram.bram\[52\]\[3\],10.42µm
w_data[12],10.42µm
w_data[8],10.42µm
u_bram.bram\[126\]\[1\],10.415µm
u_bram.bram\[110\]\[0\],10.41µm
u_bram.bram\[174\]\[26\],10.41µm
u_bram.bram\[122\]\[30\],10.405µm
u_bram.bram\[194\]\[17\],10.405µm
_10111_,10.4µm
_10958_,10.4µm
_11160_,10.4µm
_12143_,10.4µm
_12499_,10.4µm
_13557_,10.4µm
_13891_,10.4µm
u_bram.bram\[109\]\[6\],10.4µm
u_bram.bram\[111\]\[4\],10.4µm
u_bram.bram\[112\]\[30\],10.4µm
u_bram.bram\[113\]\[15\],10.4µm
u_bram.bram\[133\]\[14\],10.4µm
u_bram.bram\[137\]\[24\],10.4µm
u_bram.bram\[13\]\[22\],10.4µm
u_bram.bram\[141\]\[21\],10.4µm
u_bram.bram\[143\]\[13\],10.4µm
u_bram.bram\[151\]\[2\],10.4µm
u_bram.bram\[15\]\[18\],10.4µm
u_bram.bram\[15\]\[19\],10.4µm
u_bram.bram\[163\]\[10\],10.4µm
u_bram.bram\[167\]\[16\],10.4µm
u_bram.bram\[168\]\[31\],10.4µm
u_bram.bram\[169\]\[16\],10.4µm
u_bram.bram\[177\]\[10\],10.4µm
u_bram.bram\[177\]\[20\],10.4µm
u_bram.bram\[179\]\[25\],10.4µm
u_bram.bram\[181\]\[23\],10.4µm
u_bram.bram\[184\]\[1\],10.4µm
u_bram.bram\[187\]\[24\],10.4µm
u_bram.bram\[195\]\[16\],10.4µm
u_bram.bram\[195\]\[20\],10.4µm
u_bram.bram\[197\]\[20\],10.4µm
u_bram.bram\[197\]\[5\],10.4µm
u_bram.bram\[1\]\[10\],10.4µm
u_bram.bram\[1\]\[14\],10.4µm
u_bram.bram\[203\]\[15\],10.4µm
u_bram.bram\[204\]\[7\],10.4µm
u_bram.bram\[207\]\[18\],10.4µm
u_bram.bram\[20\]\[11\],10.4µm
u_bram.bram\[211\]\[16\],10.4µm
u_bram.bram\[213\]\[8\],10.4µm
u_bram.bram\[215\]\[22\],10.4µm
u_bram.bram\[227\]\[16\],10.4µm
u_bram.bram\[231\]\[21\],10.4µm
u_bram.bram\[232\]\[22\],10.4µm
u_bram.bram\[233\]\[4\],10.4µm
u_bram.bram\[237\]\[10\],10.4µm
u_bram.bram\[237\]\[18\],10.4µm
u_bram.bram\[237\]\[24\],10.4µm
u_bram.bram\[241\]\[13\],10.4µm
u_bram.bram\[243\]\[10\],10.4µm
u_bram.bram\[244\]\[24\],10.4µm
u_bram.bram\[29\]\[17\],10.4µm
u_bram.bram\[29\]\[20\],10.4µm
u_bram.bram\[32\]\[9\],10.4µm
u_bram.bram\[35\]\[16\],10.4µm
u_bram.bram\[3\]\[25\],10.4µm
u_bram.bram\[40\]\[14\],10.4µm
u_bram.bram\[47\]\[7\],10.4µm
u_bram.bram\[4\]\[17\],10.4µm
u_bram.bram\[51\]\[16\],10.4µm
u_bram.bram\[51\]\[27\],10.4µm
u_bram.bram\[52\]\[15\],10.4µm
u_bram.bram\[52\]\[29\],10.4µm
u_bram.bram\[59\]\[1\],10.4µm
u_bram.bram\[59\]\[7\],10.4µm
u_bram.bram\[5\]\[23\],10.4µm
u_bram.bram\[63\]\[15\],10.4µm
u_bram.bram\[63\]\[7\],10.4µm
u_bram.bram\[64\]\[17\],10.4µm
u_bram.bram\[65\]\[8\],10.4µm
u_bram.bram\[67\]\[15\],10.4µm
u_bram.bram\[69\]\[4\],10.4µm
u_bram.bram\[72\]\[7\],10.4µm
u_bram.bram\[75\]\[12\],10.4µm
u_bram.bram\[77\]\[25\],10.4µm
u_bram.bram\[79\]\[31\],10.4µm
u_bram.bram\[81\]\[30\],10.4µm
u_bram.bram\[81\]\[7\],10.4µm
u_bram.bram\[83\]\[17\],10.4µm
u_bram.bram\[84\]\[26\],10.4µm
u_bram.bram\[87\]\[22\],10.4µm
u_bram.bram\[88\]\[2\],10.4µm
u_bram.bram\[89\]\[8\],10.4µm
u_bram.bram\[97\]\[29\],10.4µm
u_bram.bram\[9\]\[14\],10.4µm
u_bram.bram\[134\]\[7\],10.39µm
u_bram.bram\[18\]\[9\],10.39µm
u_bram.bram\[133\]\[15\],10.38µm
u_bram.bram\[180\]\[29\],10.38µm
u_bram.bram\[185\]\[24\],10.38µm
u_bram.bram\[199\]\[3\],10.38µm
u_bram.bram\[223\]\[12\],10.38µm
u_bram.bram\[225\]\[21\],10.38µm
u_bram.bram\[229\]\[10\],10.38µm
u_bram.bram\[41\]\[25\],10.38µm
u_bram.bram\[45\]\[13\],10.38µm
u_bram.bram\[47\]\[31\],10.38µm
u_bram.bram\[79\]\[24\],10.38µm
u_bram.bram\[88\]\[26\],10.38µm
_09742_,10.36µm
_10284_,10.36µm
_11122_,10.36µm
u_bram.bram\[100\]\[24\],10.36µm
u_bram.bram\[132\]\[13\],10.36µm
u_bram.bram\[133\]\[12\],10.36µm
u_bram.bram\[13\]\[26\],10.36µm
u_bram.bram\[165\]\[24\],10.36µm
u_bram.bram\[203\]\[16\],10.36µm
u_bram.bram\[203\]\[25\],10.36µm
u_bram.bram\[207\]\[19\],10.36µm
u_bram.bram\[216\]\[1\],10.36µm
u_bram.bram\[21\]\[9\],10.36µm
u_bram.bram\[225\]\[31\],10.36µm
u_bram.bram\[232\]\[16\],10.36µm
u_bram.bram\[242\]\[7\],10.36µm
u_bram.bram\[35\]\[18\],10.36µm
u_bram.bram\[45\]\[5\],10.36µm
u_bram.bram\[47\]\[13\],10.36µm
u_bram.bram\[60\]\[19\],10.36µm
u_bram.bram\[61\]\[15\],10.36µm
u_bram.bram\[73\]\[14\],10.36µm
u_bram.bram\[81\]\[25\],10.36µm
u_bram.bram\[162\]\[26\],10.35µm
_09239_,10.34µm
_09340_,10.34µm
u_bram.bram\[178\]\[26\],10.34µm
u_bram.bram\[212\]\[13\],10.34µm
u_bram.bram\[66\]\[29\],10.325µm
_08634_,10.32µm
_08983_,10.32µm
_09537_,10.32µm
_09891_,10.32µm
_10887_,10.32µm
_11199_,10.32µm
_11331_,10.32µm
_11478_,10.32µm
_11682_,10.32µm
_12094_,10.32µm
_12932_,10.32µm
_13195_,10.32µm
u_bram.bram\[116\]\[10\],10.32µm
u_bram.bram\[136\]\[31\],10.32µm
u_bram.bram\[168\]\[23\],10.32µm
u_bram.bram\[188\]\[31\],10.32µm
u_bram.bram\[199\]\[6\],10.32µm
u_bram.bram\[207\]\[12\],10.32µm
u_bram.bram\[10\]\[13\],10.31µm
u_bram.bram\[10\]\[27\],10.31µm
u_bram.bram\[110\]\[18\],10.31µm
u_bram.bram\[126\]\[11\],10.31µm
u_bram.bram\[142\]\[2\],10.31µm
u_bram.bram\[14\]\[27\],10.31µm
u_bram.bram\[14\]\[4\],10.31µm
u_bram.bram\[170\]\[5\],10.31µm
u_bram.bram\[46\]\[24\],10.31µm
u_bram.bram\[86\]\[10\],10.31µm
_08320_,10.3µm
u_bram.bram\[107\]\[7\],10.3µm
u_bram.bram\[111\]\[14\],10.3µm
u_bram.bram\[181\]\[18\],10.3µm
u_bram.bram\[203\]\[13\],10.3µm
u_bram.bram\[90\]\[26\],10.3µm
u_bram.bram\[238\]\[10\],10.29µm
_11489_,10.285µm
_08599_,10.28µm
_09160_,10.28µm
_09446_,10.28µm
_10070_,10.28µm
_10641_,10.28µm
_11428_,10.28µm
_13401_,10.28µm
_13497_,10.28µm
u_bram.bram\[119\]\[26\],10.28µm
u_bram.bram\[131\]\[9\],10.28µm
u_bram.bram\[135\]\[12\],10.28µm
u_bram.bram\[139\]\[19\],10.28µm
u_bram.bram\[139\]\[1\],10.28µm
u_bram.bram\[13\]\[23\],10.28µm
u_bram.bram\[141\]\[30\],10.28µm
u_bram.bram\[156\]\[16\],10.28µm
u_bram.bram\[158\]\[19\],10.28µm
u_bram.bram\[161\]\[24\],10.28µm
u_bram.bram\[168\]\[24\],10.28µm
u_bram.bram\[175\]\[11\],10.28µm
u_bram.bram\[177\]\[9\],10.28µm
u_bram.bram\[179\]\[16\],10.28µm
u_bram.bram\[181\]\[0\],10.28µm
u_bram.bram\[214\]\[11\],10.28µm
u_bram.bram\[214\]\[27\],10.28µm
u_bram.bram\[219\]\[10\],10.28µm
u_bram.bram\[220\]\[22\],10.28µm
u_bram.bram\[220\]\[2\],10.28µm
u_bram.bram\[221\]\[6\],10.28µm
u_bram.bram\[223\]\[29\],10.28µm
u_bram.bram\[229\]\[24\],10.28µm
u_bram.bram\[229\]\[6\],10.28µm
u_bram.bram\[231\]\[5\],10.28µm
u_bram.bram\[236\]\[11\],10.28µm
u_bram.bram\[240\]\[24\],10.28µm
u_bram.bram\[244\]\[12\],10.28µm
u_bram.bram\[24\]\[4\],10.28µm
u_bram.bram\[253\]\[2\],10.28µm
u_bram.bram\[27\]\[10\],10.28µm
u_bram.bram\[28\]\[21\],10.28µm
u_bram.bram\[30\]\[4\],10.28µm
u_bram.bram\[32\]\[3\],10.28µm
u_bram.bram\[35\]\[20\],10.28µm
u_bram.bram\[37\]\[12\],10.28µm
u_bram.bram\[37\]\[19\],10.28µm
u_bram.bram\[43\]\[16\],10.28µm
u_bram.bram\[43\]\[23\],10.28µm
u_bram.bram\[54\]\[30\],10.28µm
u_bram.bram\[63\]\[23\],10.28µm
u_bram.bram\[67\]\[11\],10.28µm
u_bram.bram\[76\]\[11\],10.28µm
u_bram.bram\[76\]\[16\],10.28µm
u_bram.bram\[77\]\[29\],10.28µm
u_bram.bram\[85\]\[26\],10.28µm
u_bram.bram\[87\]\[23\],10.28µm
u_bram.bram\[90\]\[17\],10.28µm
u_bram.bram\[93\]\[13\],10.28µm
u_bram.bram\[122\]\[18\],10.27µm
u_bram.bram\[18\]\[3\],10.27µm
_03330_,10.265µm
u_bram.bram\[113\]\[21\],10.26µm
u_bram.bram\[147\]\[7\],10.26µm
u_bram.bram\[187\]\[26\],10.26µm
u_bram.bram\[23\]\[15\],10.26µm
u_bram.bram\[24\]\[3\],10.26µm
u_bram.bram\[55\]\[26\],10.26µm
u_bram.bram\[71\]\[9\],10.26µm
u_bram.bram\[87\]\[15\],10.26µm
u_bram.bram\[8\]\[8\],10.26µm
_05426_,10.245µm
_06885_,10.245µm
_07269_,10.245µm
_09168_,10.24µm
_11104_,10.24µm
_13520_,10.24µm
u_bram.bram\[118\]\[23\],10.24µm
u_bram.bram\[121\]\[15\],10.24µm
u_bram.bram\[169\]\[3\],10.24µm
u_bram.bram\[205\]\[30\],10.24µm
u_bram.bram\[211\]\[11\],10.24µm
u_bram.bram\[220\]\[18\],10.24µm
u_bram.bram\[41\]\[4\],10.24µm
u_bram.bram\[63\]\[8\],10.24µm
u_bram.bram\[83\]\[7\],10.24µm
_13194_,10.22µm
u_bram.bram\[148\]\[11\],10.22µm
u_bram.bram\[176\]\[29\],10.22µm
u_bram.bram\[220\]\[25\],10.22µm
u_bram.bram\[41\]\[3\],10.22µm
u_bram.bram\[52\]\[20\],10.22µm
u_bram.bram\[254\]\[29\],10.205µm
u_bram.bram\[50\]\[27\],10.205µm
u_bram.bram\[70\]\[27\],10.205µm
u_bram.bram\[86\]\[1\],10.205µm
u_bram.bram\[98\]\[2\],10.205µm
_08782_,10.2µm
_09219_,10.2µm
_09385_,10.2µm
_09870_,10.2µm
_10162_,10.2µm
_10190_,10.2µm
_11915_,10.2µm
_12432_,10.2µm
_12855_,10.2µm
_13050_,10.2µm
u_bram.bram\[103\]\[20\],10.2µm
u_bram.bram\[127\]\[13\],10.2µm
u_bram.bram\[143\]\[25\],10.2µm
u_bram.bram\[155\]\[20\],10.2µm
u_bram.bram\[157\]\[23\],10.2µm
u_bram.bram\[15\]\[21\],10.2µm
u_bram.bram\[163\]\[31\],10.2µm
u_bram.bram\[240\]\[26\],10.2µm
u_bram.bram\[27\]\[23\],10.2µm
u_bram.bram\[71\]\[15\],10.2µm
u_bram.bram\[91\]\[6\],10.2µm
u_bram.bram\[96\]\[27\],10.2µm
u_bram.bram\[74\]\[4\],10.185µm
_12639_,10.18µm
_13067_,10.18µm
u_bram.bram\[103\]\[24\],10.18µm
u_bram.bram\[139\]\[6\],10.18µm
u_bram.bram\[156\]\[13\],10.18µm
u_bram.bram\[168\]\[20\],10.18µm
u_bram.bram\[216\]\[21\],10.18µm
u_bram.bram\[24\]\[15\],10.18µm
u_bram.bram\[252\]\[21\],10.18µm
u_bram.bram\[31\]\[5\],10.18µm
u_bram.bram\[134\]\[3\],10.17µm
u_bram.bram\[174\]\[5\],10.17µm
u_bram.bram\[190\]\[19\],10.17µm
u_bram.bram\[194\]\[20\],10.17µm
u_bram.bram\[154\]\[7\],10.165µm
u_bram.bram\[234\]\[27\],10.165µm
u_bram.bram\[38\]\[0\],10.165µm
_10966_,10.16µm
u_bram.bram\[115\]\[24\],10.16µm
u_bram.bram\[118\]\[26\],10.16µm
u_bram.bram\[141\]\[16\],10.16µm
u_bram.bram\[143\]\[5\],10.16µm
u_bram.bram\[160\]\[29\],10.16µm
u_bram.bram\[161\]\[0\],10.16µm
u_bram.bram\[164\]\[23\],10.16µm
u_bram.bram\[16\]\[30\],10.16µm
u_bram.bram\[179\]\[10\],10.16µm
u_bram.bram\[189\]\[31\],10.16µm
u_bram.bram\[193\]\[19\],10.16µm
u_bram.bram\[195\]\[3\],10.16µm
u_bram.bram\[213\]\[23\],10.16µm
u_bram.bram\[213\]\[31\],10.16µm
u_bram.bram\[215\]\[7\],10.16µm
u_bram.bram\[216\]\[27\],10.16µm
u_bram.bram\[225\]\[3\],10.16µm
u_bram.bram\[229\]\[26\],10.16µm
u_bram.bram\[243\]\[29\],10.16µm
u_bram.bram\[243\]\[7\],10.16µm
u_bram.bram\[244\]\[31\],10.16µm
u_bram.bram\[248\]\[3\],10.16µm
u_bram.bram\[255\]\[28\],10.16µm
u_bram.bram\[28\]\[15\],10.16µm
u_bram.bram\[49\]\[5\],10.16µm
u_bram.bram\[4\]\[1\],10.16µm
u_bram.bram\[55\]\[30\],10.16µm
u_bram.bram\[5\]\[29\],10.16µm
u_bram.bram\[7\]\[24\],10.16µm
u_bram.bram\[7\]\[25\],10.16µm
u_bram.bram\[91\]\[24\],10.16µm
u_bram.bram\[96\]\[30\],10.16µm
_03176_,10.145µm
_06501_,10.145µm
_13667_,10.14µm
_13910_,10.14µm
u_bram.bram\[118\]\[3\],10.14µm
u_bram.bram\[176\]\[2\],10.14µm
u_bram.bram\[21\]\[25\],10.14µm
u_bram.bram\[240\]\[14\],10.14µm
u_bram.bram\[253\]\[4\],10.14µm
u_bram.bram\[91\]\[7\],10.14µm
u_bram.bram\[122\]\[6\],10.13µm
_08702_,10.12µm
_09730_,10.12µm
_09919_,10.12µm
_10125_,10.12µm
_13004_,10.12µm
_13783_,10.12µm
u_bram.bram\[214\]\[13\],10.12µm
u_bram.bram\[21\]\[22\],10.12µm
u_bram.bram\[24\]\[9\],10.12µm
u_bram.bram\[36\]\[24\],10.12µm
u_bram.bram\[49\]\[29\],10.12µm
u_bram.bram\[97\]\[26\],10.12µm
_01081_,10.105µm
_02047_,10.105µm
_06929_,10.105µm
u_bram.bram\[218\]\[12\],10.105µm
_11161_,10.1µm
u_bram.bram\[158\]\[28\],10.1µm
u_bram.bram\[241\]\[7\],10.1µm
u_bram.bram\[242\]\[10\],10.1µm
u_bram.bram\[122\]\[19\],10.09µm
u_bram.bram\[130\]\[28\],10.09µm
u_bram.bram\[146\]\[3\],10.09µm
u_bram.bram\[170\]\[1\],10.09µm
u_bram.bram\[174\]\[29\],10.09µm
u_bram.bram\[234\]\[28\],10.09µm
u_bram.bram\[38\]\[7\],10.09µm
u_bram.bram\[50\]\[29\],10.09µm
u_bram.bram\[74\]\[21\],10.09µm
u_bram.bram\[22\]\[20\],10.085µm
u_bram.bram\[238\]\[17\],10.085µm
u_bram.bram\[250\]\[18\],10.085µm
u_bram.bram\[250\]\[8\],10.085µm
u_bram.bram\[46\]\[20\],10.085µm
_11419_,10.08µm
u_bram.bram\[115\]\[22\],10.08µm
u_bram.bram\[118\]\[14\],10.08µm
u_bram.bram\[172\]\[16\],10.08µm
u_bram.bram\[19\]\[17\],10.08µm
u_bram.bram\[211\]\[0\],10.08µm
u_bram.bram\[211\]\[30\],10.08µm
u_bram.bram\[231\]\[25\],10.08µm
u_bram.bram\[239\]\[11\],10.08µm
u_bram.bram\[60\]\[6\],10.08µm
u_bram.bram\[67\]\[20\],10.08µm
u_bram.bram\[7\]\[26\],10.08µm
u_bram.bram\[99\]\[12\],10.08µm
_05658_,10.075µm
u_bram.bram\[146\]\[14\],10.075µm
_00809_,10.065µm
u_bram.bram\[6\]\[25\],10.065µm
u_bram.bram\[107\]\[22\],10.06µm
u_bram.bram\[152\]\[17\],10.06µm
u_bram.bram\[158\]\[23\],10.06µm
u_bram.bram\[159\]\[23\],10.06µm
u_bram.bram\[214\]\[3\],10.06µm
u_bram.bram\[240\]\[2\],10.06µm
u_bram.bram\[25\]\[27\],10.06µm
u_bram.bram\[47\]\[21\],10.06µm
u_bram.bram\[52\]\[28\],10.06µm
u_bram.bram\[53\]\[16\],10.06µm
u_bram.bram\[79\]\[6\],10.06µm
u_bram.bram\[95\]\[14\],10.06µm
u_bram.bram\[250\]\[23\],10.05µm
u_bram.bram\[98\]\[4\],10.05µm
_03209_,10.045µm
u_bram.bram\[70\]\[20\],10.045µm
_08279_,10.04µm
_12430_,10.04µm
u_bram.bram\[105\]\[16\],10.04µm
u_bram.bram\[107\]\[18\],10.04µm
u_bram.bram\[11\]\[17\],10.04µm
u_bram.bram\[123\]\[11\],10.04µm
u_bram.bram\[12\]\[12\],10.04µm
u_bram.bram\[131\]\[13\],10.04µm
u_bram.bram\[13\]\[28\],10.04µm
u_bram.bram\[17\]\[14\],10.04µm
u_bram.bram\[187\]\[19\],10.04µm
u_bram.bram\[193\]\[5\],10.04µm
u_bram.bram\[200\]\[10\],10.04µm
u_bram.bram\[211\]\[14\],10.04µm
u_bram.bram\[21\]\[11\],10.04µm
u_bram.bram\[23\]\[16\],10.04µm
u_bram.bram\[253\]\[0\],10.04µm
u_bram.bram\[45\]\[9\],10.04µm
u_bram.bram\[59\]\[28\],10.04µm
u_bram.bram\[71\]\[18\],10.04µm
u_bram.bram\[83\]\[4\],10.04µm
u_bram.bram\[99\]\[5\],10.04µm
u_bram.bram\[34\]\[8\],10.03µm
_06804_,10.025µm
_09518_,10.02µm
_14003_,10.02µm
u_bram.bram\[157\]\[13\],10.02µm
u_bram.bram\[220\]\[9\],10.02µm
u_bram.bram\[53\]\[27\],10.02µm
_09067_,10µm
u_bram.bram\[128\]\[16\],10µm
u_bram.bram\[132\]\[0\],10µm
u_bram.bram\[132\]\[31\],10µm
u_bram.bram\[161\]\[27\],10µm
u_bram.bram\[228\]\[17\],10µm
u_bram.bram\[24\]\[26\],10µm
u_bram.bram\[29\]\[0\],10µm
u_bram.bram\[57\]\[0\],10µm
u_bram.bram\[80\]\[10\],10µm
u_fifo_ctrl.u_w_b2g.gray_out\[3\],10µm
u_bram.bram\[198\]\[14\],9.985µm
u_bram.bram\[74\]\[15\],9.985µm
_08628_,9.98µm
_08834_,9.98µm
_08909_,9.98µm
_09078_,9.98µm
_09204_,9.98µm
_09746_,9.98µm
_09871_,9.98µm
_10395_,9.98µm
_10595_,9.98µm
_10654_,9.98µm
_11193_,9.98µm
_11291_,9.98µm
_11294_,9.98µm
_11511_,9.98µm
_11699_,9.98µm
_11926_,9.98µm
_12641_,9.98µm
_13224_,9.98µm
_13296_,9.98µm
_13702_,9.98µm
_13915_,9.98µm
u_bram.bram\[100\]\[5\],9.98µm
u_bram.bram\[136\]\[8\],9.98µm
u_bram.bram\[144\]\[11\],9.98µm
u_bram.bram\[158\]\[27\],9.98µm
u_bram.bram\[159\]\[29\],9.98µm
u_bram.bram\[164\]\[24\],9.98µm
u_bram.bram\[172\]\[10\],9.98µm
u_bram.bram\[179\]\[1\],9.98µm
u_bram.bram\[192\]\[3\],9.98µm
u_bram.bram\[200\]\[7\],9.98µm
u_bram.bram\[20\]\[13\],9.98µm
u_bram.bram\[224\]\[18\],9.98µm
u_bram.bram\[224\]\[5\],9.98µm
u_bram.bram\[36\]\[12\],9.98µm
u_bram.bram\[102\]\[21\],9.97µm
u_bram.bram\[122\]\[8\],9.97µm
u_bram.bram\[130\]\[24\],9.97µm
u_bram.bram\[174\]\[15\],9.97µm
u_bram.bram\[38\]\[8\],9.97µm
u_bram.bram\[58\]\[18\],9.97µm
u_bram.bram\[114\]\[15\],9.965µm
_09430_,9.96µm
_13714_,9.96µm
u_bram.bram\[147\]\[0\],9.96µm
u_bram.bram\[147\]\[22\],9.96µm
u_bram.bram\[147\]\[6\],9.96µm
u_bram.bram\[191\]\[30\],9.96µm
u_bram.bram\[195\]\[31\],9.96µm
u_bram.bram\[203\]\[11\],9.96µm
u_bram.bram\[216\]\[31\],9.96µm
u_bram.bram\[35\]\[11\],9.96µm
u_bram.bram\[43\]\[10\],9.96µm
u_bram.bram\[63\]\[13\],9.96µm
u_bram.bram\[67\]\[14\],9.96µm
u_bram.bram\[7\]\[16\],9.96µm
u_bram.bram\[83\]\[25\],9.96µm
u_bram.bram\[87\]\[20\],9.96µm
u_bram.bram\[89\]\[11\],9.96µm
u_bram.bram\[89\]\[26\],9.96µm
u_bram.bram\[110\]\[25\],9.95µm
u_bram.bram\[198\]\[19\],9.95µm
u_bram.bram\[34\]\[17\],9.95µm
u_bram.bram\[38\]\[2\],9.945µm
_08625_,9.94µm
_08923_,9.94µm
_10708_,9.94µm
_11053_,9.94µm
_11196_,9.94µm
_12720_,9.94µm
_13206_,9.94µm
_13703_,9.94µm
u_bram.bram\[0\]\[31\],9.94µm
u_bram.bram\[108\]\[17\],9.94µm
u_bram.bram\[109\]\[19\],9.94µm
u_bram.bram\[111\]\[16\],9.94µm
u_bram.bram\[111\]\[5\],9.94µm
u_bram.bram\[113\]\[22\],9.94µm
u_bram.bram\[124\]\[9\],9.94µm
u_bram.bram\[125\]\[24\],9.94µm
u_bram.bram\[135\]\[27\],9.94µm
u_bram.bram\[136\]\[18\],9.94µm
u_bram.bram\[136\]\[20\],9.94µm
u_bram.bram\[13\]\[20\],9.94µm
u_bram.bram\[140\]\[27\],9.94µm
u_bram.bram\[143\]\[14\],9.94µm
u_bram.bram\[144\]\[30\],9.94µm
u_bram.bram\[145\]\[9\],9.94µm
u_bram.bram\[155\]\[2\],9.94µm
u_bram.bram\[155\]\[8\],9.94µm
u_bram.bram\[160\]\[28\],9.94µm
u_bram.bram\[161\]\[19\],9.94µm
u_bram.bram\[167\]\[19\],9.94µm
u_bram.bram\[16\]\[13\],9.94µm
u_bram.bram\[173\]\[17\],9.94µm
u_bram.bram\[173\]\[24\],9.94µm
u_bram.bram\[175\]\[29\],9.94µm
u_bram.bram\[177\]\[29\],9.94µm
u_bram.bram\[183\]\[29\],9.94µm
u_bram.bram\[184\]\[10\],9.94µm
u_bram.bram\[189\]\[30\],9.94µm
u_bram.bram\[192\]\[10\],9.94µm
u_bram.bram\[192\]\[27\],9.94µm
u_bram.bram\[196\]\[2\],9.94µm
u_bram.bram\[199\]\[2\],9.94µm
u_bram.bram\[19\]\[13\],9.94µm
u_bram.bram\[1\]\[26\],9.94µm
u_bram.bram\[200\]\[18\],9.94µm
u_bram.bram\[200\]\[26\],9.94µm
u_bram.bram\[201\]\[20\],9.94µm
u_bram.bram\[205\]\[24\],9.94µm
u_bram.bram\[205\]\[27\],9.94µm
u_bram.bram\[205\]\[5\],9.94µm
u_bram.bram\[207\]\[21\],9.94µm
u_bram.bram\[207\]\[8\],9.94µm
u_bram.bram\[208\]\[25\],9.94µm
u_bram.bram\[208\]\[6\],9.94µm
u_bram.bram\[209\]\[30\],9.94µm
u_bram.bram\[211\]\[25\],9.94µm
u_bram.bram\[212\]\[21\],9.94µm
u_bram.bram\[215\]\[0\],9.94µm
u_bram.bram\[217\]\[20\],9.94µm
u_bram.bram\[225\]\[0\],9.94µm
u_bram.bram\[225\]\[12\],9.94µm
u_bram.bram\[225\]\[27\],9.94µm
u_bram.bram\[228\]\[5\],9.94µm
u_bram.bram\[231\]\[9\],9.94µm
u_bram.bram\[235\]\[30\],9.94µm
u_bram.bram\[236\]\[4\],9.94µm
u_bram.bram\[244\]\[10\],9.94µm
u_bram.bram\[247\]\[29\],9.94µm
u_bram.bram\[248\]\[11\],9.94µm
u_bram.bram\[253\]\[23\],9.94µm
u_bram.bram\[255\]\[17\],9.94µm
u_bram.bram\[27\]\[8\],9.94µm
u_bram.bram\[32\]\[31\],9.94µm
u_bram.bram\[33\]\[31\],9.94µm
u_bram.bram\[35\]\[23\],9.94µm
u_bram.bram\[3\]\[3\],9.94µm
u_bram.bram\[41\]\[15\],9.94µm
u_bram.bram\[44\]\[15\],9.94µm
u_bram.bram\[45\]\[15\],9.94µm
u_bram.bram\[47\]\[5\],9.94µm
u_bram.bram\[51\]\[31\],9.94µm
u_bram.bram\[56\]\[20\],9.94µm
u_bram.bram\[60\]\[30\],9.94µm
u_bram.bram\[63\]\[30\],9.94µm
u_bram.bram\[64\]\[27\],9.94µm
u_bram.bram\[75\]\[20\],9.94µm
u_bram.bram\[80\]\[30\],9.94µm
u_bram.bram\[83\]\[6\],9.94µm
u_bram.bram\[84\]\[1\],9.94µm
u_bram.bram\[84\]\[22\],9.94µm
u_bram.bram\[87\]\[27\],9.94µm
u_fifo_ctrl.u_w_b2g.binary_in\[3\],9.94µm
u_bram.bram\[234\]\[11\],9.925µm
_09637_,9.92µm
_13464_,9.92µm
u_bram.bram\[113\]\[27\],9.92µm
u_bram.bram\[115\]\[29\],9.92µm
u_bram.bram\[136\]\[10\],9.92µm
u_bram.bram\[165\]\[10\],9.92µm
u_bram.bram\[1\]\[22\],9.92µm
u_bram.bram\[23\]\[27\],9.92µm
u_bram.bram\[32\]\[18\],9.92µm
u_bram.bram\[35\]\[28\],9.92µm
u_bram.bram\[3\]\[1\],9.92µm
_01027_,9.905µm
_03504_,9.905µm
_10904_,9.905µm
_11586_,9.9µm
_12589_,9.9µm
_13706_,9.9µm
u_bram.bram\[103\]\[13\],9.9µm
u_bram.bram\[105\]\[22\],9.9µm
u_bram.bram\[113\]\[25\],9.9µm
u_bram.bram\[11\]\[14\],9.9µm
u_bram.bram\[123\]\[30\],9.9µm
u_bram.bram\[12\]\[21\],9.9µm
u_bram.bram\[12\]\[27\],9.9µm
u_bram.bram\[149\]\[12\],9.9µm
u_bram.bram\[160\]\[9\],9.9µm
u_bram.bram\[161\]\[14\],9.9µm
u_bram.bram\[209\]\[0\],9.9µm
u_bram.bram\[209\]\[16\],9.9µm
u_bram.bram\[209\]\[3\],9.9µm
u_bram.bram\[3\]\[13\],9.9µm
u_bram.bram\[57\]\[14\],9.9µm
u_bram.bram\[60\]\[10\],9.9µm
u_bram.bram\[79\]\[18\],9.9µm
u_bram.bram\[84\]\[4\],9.9µm
u_bram.bram\[89\]\[17\],9.9µm
u_bram.bram\[97\]\[15\],9.9µm
u_bram.bram\[99\]\[24\],9.9µm
u_bram.bram\[99\]\[31\],9.9µm
u_bram.bram\[65\]\[13\],9.89µm
_09143_,9.88µm
_12056_,9.88µm
_12622_,9.88µm
_12785_,9.88µm
u_bram.bram\[15\]\[22\],9.88µm
_08858_,9.865µm
u_bram.bram\[114\]\[25\],9.865µm
u_bram.bram\[134\]\[16\],9.865µm
u_bram.bram\[138\]\[24\],9.865µm
_09941_,9.86µm
_10371_,9.86µm
_10726_,9.86µm
_12192_,9.86µm
_13409_,9.86µm
_13990_,9.86µm
u_bram.bram\[103\]\[19\],9.86µm
u_bram.bram\[135\]\[22\],9.86µm
u_bram.bram\[15\]\[6\],9.86µm
u_bram.bram\[167\]\[11\],9.86µm
u_bram.bram\[178\]\[19\],9.86µm
u_bram.bram\[181\]\[20\],9.86µm
u_bram.bram\[199\]\[0\],9.86µm
u_bram.bram\[203\]\[0\],9.86µm
u_bram.bram\[209\]\[20\],9.86µm
u_bram.bram\[211\]\[26\],9.86µm
u_bram.bram\[231\]\[12\],9.86µm
u_bram.bram\[51\]\[19\],9.86µm
u_bram.bram\[75\]\[26\],9.86µm
u_bram.bram\[87\]\[5\],9.86µm
u_bram.bram\[170\]\[4\],9.85µm
u_bram.bram\[194\]\[15\],9.85µm
u_bram.bram\[38\]\[13\],9.85µm
_06597_,9.845µm
u_bram.bram\[147\]\[19\],9.84µm
u_bram.bram\[156\]\[9\],9.84µm
u_bram.bram\[163\]\[20\],9.84µm
u_bram.bram\[19\]\[2\],9.84µm
u_bram.bram\[23\]\[13\],9.84µm
u_bram.bram\[251\]\[6\],9.84µm
u_bram.bram\[71\]\[4\],9.84µm
u_bram.bram\[79\]\[28\],9.84µm
_08872_,9.82µm
_08963_,9.82µm
_09225_,9.82µm
_09720_,9.82µm
_09801_,9.82µm
_10058_,9.82µm
_10085_,9.82µm
_10897_,9.82µm
_11096_,9.82µm
_11311_,9.82µm
_11566_,9.82µm
_11584_,9.82µm
_12063_,9.82µm
_12337_,9.82µm
_13252_,9.82µm
u_bram.bram\[0\]\[15\],9.82µm
u_bram.bram\[101\]\[24\],9.82µm
u_bram.bram\[103\]\[4\],9.82µm
u_bram.bram\[105\]\[0\],9.82µm
u_bram.bram\[108\]\[21\],9.82µm
u_bram.bram\[116\]\[23\],9.82µm
u_bram.bram\[117\]\[17\],9.82µm
u_bram.bram\[117\]\[21\],9.82µm
u_bram.bram\[118\]\[22\],9.82µm
u_bram.bram\[131\]\[31\],9.82µm
u_bram.bram\[140\]\[7\],9.82µm
u_bram.bram\[148\]\[26\],9.82µm
u_bram.bram\[150\]\[4\],9.82µm
u_bram.bram\[151\]\[5\],9.82µm
u_bram.bram\[152\]\[13\],9.82µm
u_bram.bram\[172\]\[15\],9.82µm
u_bram.bram\[176\]\[0\],9.82µm
u_bram.bram\[176\]\[14\],9.82µm
u_bram.bram\[178\]\[21\],9.82µm
u_bram.bram\[178\]\[29\],9.82µm
u_bram.bram\[180\]\[28\],9.82µm
u_bram.bram\[182\]\[14\],9.82µm
u_bram.bram\[182\]\[23\],9.82µm
u_bram.bram\[182\]\[4\],9.82µm
u_bram.bram\[212\]\[1\],9.82µm
u_bram.bram\[214\]\[10\],9.82µm
u_bram.bram\[214\]\[18\],9.82µm
u_bram.bram\[227\]\[20\],9.82µm
u_bram.bram\[242\]\[21\],9.82µm
u_bram.bram\[244\]\[5\],9.82µm
u_bram.bram\[245\]\[19\],9.82µm
u_bram.bram\[245\]\[23\],9.82µm
u_bram.bram\[246\]\[26\],9.82µm
u_bram.bram\[246\]\[5\],9.82µm
u_bram.bram\[247\]\[13\],9.82µm
u_bram.bram\[253\]\[19\],9.82µm
u_bram.bram\[255\]\[13\],9.82µm
u_bram.bram\[28\]\[30\],9.82µm
u_bram.bram\[31\]\[29\],9.82µm
u_bram.bram\[37\]\[1\],9.82µm
u_bram.bram\[43\]\[5\],9.82µm
u_bram.bram\[50\]\[13\],9.82µm
u_bram.bram\[53\]\[18\],9.82µm
u_bram.bram\[54\]\[2\],9.82µm
u_bram.bram\[61\]\[25\],9.82µm
u_bram.bram\[65\]\[29\],9.82µm
u_bram.bram\[71\]\[21\],9.82µm
u_bram.bram\[83\]\[0\],9.82µm
u_bram.bram\[92\]\[21\],9.82µm
u_bram.bram\[92\]\[9\],9.82µm
u_bram.bram\[94\]\[17\],9.82µm
u_bram.bram\[74\]\[3\],9.81µm
u_bram.bram\[116\]\[2\],9.8µm
u_bram.bram\[125\]\[4\],9.8µm
u_bram.bram\[157\]\[3\],9.8µm
u_bram.bram\[232\]\[0\],9.8µm
u_bram.bram\[39\]\[13\],9.8µm
_02823_,9.785µm
_09743_,9.78µm
_10160_,9.78µm
_10244_,9.78µm
_11985_,9.78µm
_12104_,9.78µm
_12654_,9.78µm
_12805_,9.78µm
_13405_,9.78µm
u_bram.bram\[118\]\[8\],9.78µm
u_bram.bram\[133\]\[17\],9.78µm
u_bram.bram\[13\]\[9\],9.78µm
u_bram.bram\[240\]\[20\],9.78µm
u_bram.bram\[248\]\[12\],9.78µm
u_bram.bram\[85\]\[27\],9.78µm
u_bram.bram\[88\]\[3\],9.78µm
_10658_,9.76µm
_12218_,9.76µm
_13523_,9.76µm
u_bram.bram\[179\]\[15\],9.76µm
u_bram.bram\[179\]\[23\],9.76µm
u_bram.bram\[221\]\[19\],9.76µm
u_bram.bram\[245\]\[24\],9.76µm
u_bram.bram\[55\]\[11\],9.76µm
u_bram.bram\[91\]\[21\],9.76µm
w_data[19],9.76µm
w_data[29],9.76µm
_13268_,9.755µm
u_bram.bram\[107\]\[21\],9.75µm
u_bram.bram\[226\]\[11\],9.745µm
u_bram.bram\[46\]\[31\],9.745µm
u_bram.bram\[6\]\[11\],9.745µm
_14007_,9.74µm
u_bram.bram\[103\]\[25\],9.74µm
u_bram.bram\[103\]\[8\],9.74µm
u_bram.bram\[107\]\[2\],9.74µm
u_bram.bram\[116\]\[13\],9.74µm
u_bram.bram\[135\]\[17\],9.74µm
u_bram.bram\[167\]\[0\],9.74µm
u_bram.bram\[167\]\[28\],9.74µm
u_bram.bram\[184\]\[19\],9.74µm
u_bram.bram\[188\]\[2\],9.74µm
u_bram.bram\[242\]\[20\],9.74µm
u_bram.bram\[244\]\[28\],9.74µm
u_bram.bram\[248\]\[28\],9.74µm
u_bram.bram\[29\]\[25\],9.74µm
_07449_,9.735µm
u_bram.bram\[146\]\[8\],9.73µm
u_bram.bram\[18\]\[23\],9.73µm
u_bram.bram\[58\]\[4\],9.73µm
_08946_,9.72µm
_09011_,9.72µm
_09774_,9.72µm
_11135_,9.72µm
_12975_,9.72µm
u_bram.bram\[172\]\[7\],9.72µm
u_bram.bram\[223\]\[26\],9.72µm
u_bram.bram\[242\]\[11\],9.72µm
u_bram.bram\[242\]\[19\],9.72µm
u_bram.bram\[243\]\[22\],9.72µm
u_bram.bram\[36\]\[19\],9.72µm
u_bram.bram\[44\]\[2\],9.72µm
u_bram.bram\[80\]\[1\],9.72µm
u_bram.bram\[81\]\[14\],9.72µm
u_bram.bram\[114\]\[27\],9.71µm
u_bram.bram\[154\]\[26\],9.71µm
u_bram.bram\[186\]\[0\],9.71µm
u_bram.bram\[190\]\[0\],9.71µm
u_bram.bram\[202\]\[21\],9.71µm
u_bram.bram\[238\]\[4\],9.71µm
u_bram.bram\[34\]\[21\],9.71µm
u_bram.bram\[62\]\[18\],9.71µm
u_bram.bram\[62\]\[19\],9.71µm
u_bram.bram\[74\]\[9\],9.71µm
_07280_,9.705µm
u_bram.bram\[102\]\[1\],9.705µm
_08774_,9.7µm
_08915_,9.7µm
_09821_,9.7µm
u_bram.bram\[144\]\[29\],9.7µm
u_bram.bram\[149\]\[1\],9.7µm
u_bram.bram\[158\]\[30\],9.7µm
u_bram.bram\[161\]\[26\],9.7µm
u_bram.bram\[168\]\[28\],9.7µm
u_bram.bram\[180\]\[0\],9.7µm
u_bram.bram\[185\]\[10\],9.7µm
u_bram.bram\[212\]\[0\],9.7µm
u_bram.bram\[220\]\[29\],9.7µm
u_bram.bram\[240\]\[27\],9.7µm
u_bram.bram\[242\]\[27\],9.7µm
u_bram.bram\[243\]\[24\],9.7µm
u_bram.bram\[248\]\[7\],9.7µm
u_bram.bram\[255\]\[18\],9.7µm
u_bram.bram\[28\]\[0\],9.7µm
u_bram.bram\[28\]\[17\],9.7µm
u_bram.bram\[51\]\[8\],9.7µm
u_bram.bram\[56\]\[0\],9.7µm
u_bram.bram\[91\]\[12\],9.7µm
_11870_,9.68µm
u_bram.bram\[123\]\[12\],9.68µm
u_bram.bram\[220\]\[31\],9.68µm
u_bram.bram\[240\]\[16\],9.68µm
u_bram.bram\[90\]\[31\],9.68µm
u_bram.bram\[91\]\[11\],9.68µm
u_bram.bram\[92\]\[16\],9.68µm
u_bram.bram\[93\]\[25\],9.68µm
u_bram.bram\[170\]\[2\],9.67µm
_05048_,9.665µm
_08198_,9.665µm
_04087_,9.66µm
_10169_,9.66µm
u_bram.bram\[145\]\[1\],9.66µm
u_bram.bram\[173\]\[0\],9.66µm
u_bram.bram\[214\]\[26\],9.66µm
u_bram.bram\[41\]\[10\],9.66µm
u_bram.bram\[8\]\[20\],9.66µm
u_bram.bram\[205\]\[15\],9.65µm
_01593_,9.645µm
_05340_,9.645µm
_06359_,9.645µm
_07379_,9.645µm
_07897_,9.645µm
u_bram.bram\[162\]\[22\],9.645µm
u_bram.bram\[238\]\[23\],9.645µm
u_bram.bram\[66\]\[20\],9.645µm
u_bram.bram\[24\]\[29\],9.64µm
u_bram.bram\[31\]\[15\],9.64µm
u_bram.bram\[88\]\[9\],9.64µm
u_bram.bram\[93\]\[3\],9.64µm
_02236_,9.635µm
u_bram.bram\[130\]\[15\],9.63µm
u_bram.bram\[138\]\[15\],9.63µm
u_bram.bram\[138\]\[23\],9.63µm
u_bram.bram\[170\]\[6\],9.63µm
u_bram.bram\[186\]\[20\],9.63µm
u_bram.bram\[18\]\[2\],9.63µm
u_bram.bram\[210\]\[15\],9.63µm
u_bram.bram\[230\]\[26\],9.63µm
u_bram.bram\[70\]\[17\],9.63µm
u_bram.bram\[86\]\[4\],9.63µm
u_bram.bram\[22\]\[3\],9.625µm
_10075_,9.62µm
_10789_,9.62µm
_13278_,9.62µm
_13338_,9.62µm
u_bram.bram\[149\]\[13\],9.62µm
u_bram.bram\[172\]\[18\],9.62µm
u_bram.bram\[175\]\[28\],9.62µm
u_bram.bram\[179\]\[9\],9.62µm
u_bram.bram\[199\]\[30\],9.62µm
u_bram.bram\[19\]\[20\],9.62µm
u_bram.bram\[19\]\[3\],9.62µm
u_bram.bram\[203\]\[8\],9.62µm
u_bram.bram\[211\]\[17\],9.62µm
u_bram.bram\[231\]\[30\],9.62µm
u_bram.bram\[25\]\[3\],9.62µm
u_bram.bram\[3\]\[27\],9.62µm
u_bram.bram\[53\]\[21\],9.62µm
u_bram.bram\[71\]\[14\],9.62µm
u_bram.bram\[71\]\[31\],9.62µm
u_bram.bram\[88\]\[6\],9.62µm
u_bram.bram\[134\]\[21\],9.61µm
u_bram.bram\[190\]\[7\],9.61µm
u_bram.bram\[234\]\[25\],9.61µm
u_bram.bram\[62\]\[29\],9.61µm
_02645_,9.605µm
u_bram.bram\[146\]\[27\],9.605µm
u_bram.bram\[14\]\[1\],9.605µm
u_bram.bram\[162\]\[31\],9.605µm
u_bram.bram\[74\]\[27\],9.605µm
_11037_,9.6µm
u_bram.bram\[103\]\[14\],9.6µm
u_bram.bram\[25\]\[7\],9.6µm
u_bram.bram\[27\]\[15\],9.6µm
u_bram.bram\[48\]\[26\],9.6µm
u_bram.bram\[174\]\[1\],9.59µm
u_bram.bram\[34\]\[14\],9.59µm
_00491_,9.585µm
_04176_,9.585µm
_13958_,9.58µm
u_bram.bram\[103\]\[5\],9.58µm
u_bram.bram\[150\]\[7\],9.58µm
u_bram.bram\[15\]\[4\],9.58µm
u_bram.bram\[193\]\[25\],9.58µm
u_bram.bram\[193\]\[8\],9.58µm
u_bram.bram\[231\]\[13\],9.58µm
u_bram.bram\[235\]\[14\],9.58µm
u_bram.bram\[24\]\[23\],9.58µm
u_bram.bram\[33\]\[9\],9.58µm
u_bram.bram\[35\]\[9\],9.58µm
u_bram.bram\[49\]\[0\],9.58µm
u_bram.bram\[59\]\[3\],9.58µm
u_bram.bram\[65\]\[18\],9.58µm
u_bram.bram\[75\]\[11\],9.58µm
u_bram.bram\[75\]\[19\],9.58µm
u_bram.bram\[85\]\[13\],9.58µm
u_fifo_ctrl.u_w_b2g.binary_in\[6\],9.58µm
_03140_,9.565µm
_11751_,9.565µm
_12090_,9.56µm
_13737_,9.56µm
u_bram.bram\[103\]\[22\],9.56µm
u_bram.bram\[244\]\[6\],9.56µm
u_bram.bram\[249\]\[25\],9.56µm
u_bram.bram\[80\]\[22\],9.56µm
_01277_,9.545µm
_02040_,9.545µm
_12748_,9.545µm
_08979_,9.54µm
_10947_,9.54µm
_10970_,9.54µm
_13154_,9.54µm
u_bram.bram\[27\]\[1\],9.54µm
_04213_,9.525µm
_08942_,9.525µm
_09209_,9.52µm
_09312_,9.52µm
_09546_,9.52µm
_09887_,9.52µm
_09983_,9.52µm
_11551_,9.52µm
_12219_,9.52µm
_12310_,9.52µm
_13034_,9.52µm
_13283_,9.52µm
_13568_,9.52µm
u_bram.bram\[104\]\[4\],9.52µm
u_bram.bram\[124\]\[13\],9.52µm
u_bram.bram\[124\]\[2\],9.52µm
u_bram.bram\[144\]\[18\],9.52µm
u_bram.bram\[193\]\[17\],9.52µm
u_bram.bram\[204\]\[19\],9.52µm
u_bram.bram\[235\]\[31\],9.52µm
u_bram.bram\[39\]\[28\],9.52µm
u_bram.bram\[41\]\[2\],9.52µm
u_bram.bram\[44\]\[5\],9.52µm
u_bram.bram\[138\]\[21\],9.51µm
u_bram.bram\[138\]\[25\],9.51µm
u_bram.bram\[198\]\[17\],9.51µm
u_bram.bram\[210\]\[14\],9.51µm
u_bram.bram\[22\]\[12\],9.51µm
u_bram.bram\[74\]\[2\],9.51µm
u_bram.bram\[74\]\[6\],9.51µm
u_bram.bram\[82\]\[17\],9.51µm
u_bram.bram\[98\]\[14\],9.51µm
u_bram.bram\[98\]\[24\],9.51µm
u_bram.bram\[106\]\[9\],9.505µm
u_bram.bram\[162\]\[28\],9.505µm
u_bram.bram\[22\]\[28\],9.505µm
u_bram.bram\[254\]\[6\],9.505µm
_10063_,9.5µm
u_bram.bram\[163\]\[18\],9.5µm
u_bram.bram\[182\]\[27\],9.5µm
u_bram.bram\[29\]\[27\],9.5µm
u_bram.bram\[79\]\[12\],9.5µm
u_bram.bram\[90\]\[1\],9.5µm
u_bram.bram\[94\]\[29\],9.5µm
u_bram.bram\[38\]\[22\],9.485µm
_09388_,9.48µm
_10765_,9.48µm
_12515_,9.48µm
_13325_,9.48µm
u_bram.bram\[109\]\[27\],9.48µm
u_bram.bram\[109\]\[30\],9.48µm
u_bram.bram\[112\]\[26\],9.48µm
u_bram.bram\[113\]\[20\],9.48µm
u_bram.bram\[115\]\[23\],9.48µm
u_bram.bram\[115\]\[6\],9.48µm
u_bram.bram\[119\]\[12\],9.48µm
u_bram.bram\[121\]\[8\],9.48µm
u_bram.bram\[123\]\[20\],9.48µm
u_bram.bram\[125\]\[0\],9.48µm
u_bram.bram\[128\]\[21\],9.48µm
u_bram.bram\[129\]\[10\],9.48µm
u_bram.bram\[145\]\[23\],9.48µm
u_bram.bram\[148\]\[20\],9.48µm
u_bram.bram\[153\]\[20\],9.48µm
u_bram.bram\[153\]\[22\],9.48µm
u_bram.bram\[15\]\[2\],9.48µm
u_bram.bram\[161\]\[4\],9.48µm
u_bram.bram\[165\]\[14\],9.48µm
u_bram.bram\[169\]\[23\],9.48µm
u_bram.bram\[171\]\[20\],9.48µm
u_bram.bram\[173\]\[9\],9.48µm
u_bram.bram\[175\]\[9\],9.48µm
u_bram.bram\[177\]\[4\],9.48µm
u_bram.bram\[179\]\[29\],9.48µm
u_bram.bram\[180\]\[7\],9.48µm
u_bram.bram\[184\]\[0\],9.48µm
u_bram.bram\[185\]\[30\],9.48µm
u_bram.bram\[185\]\[31\],9.48µm
u_bram.bram\[185\]\[5\],9.48µm
u_bram.bram\[189\]\[1\],9.48µm
u_bram.bram\[192\]\[24\],9.48µm
u_bram.bram\[19\]\[11\],9.48µm
u_bram.bram\[1\]\[21\],9.48µm
u_bram.bram\[200\]\[29\],9.48µm
u_bram.bram\[205\]\[16\],9.48µm
u_bram.bram\[20\]\[26\],9.48µm
u_bram.bram\[217\]\[11\],9.48µm
u_bram.bram\[217\]\[22\],9.48µm
u_bram.bram\[217\]\[2\],9.48µm
u_bram.bram\[217\]\[4\],9.48µm
u_bram.bram\[219\]\[21\],9.48µm
u_bram.bram\[219\]\[26\],9.48µm
u_bram.bram\[221\]\[0\],9.48µm
u_bram.bram\[225\]\[14\],9.48µm
u_bram.bram\[225\]\[29\],9.48µm
u_bram.bram\[225\]\[6\],9.48µm
u_bram.bram\[225\]\[7\],9.48µm
u_bram.bram\[233\]\[12\],9.48µm
u_bram.bram\[233\]\[17\],9.48µm
u_bram.bram\[235\]\[23\],9.48µm
u_bram.bram\[237\]\[28\],9.48µm
u_bram.bram\[23\]\[12\],9.48µm
u_bram.bram\[23\]\[7\],9.48µm
u_bram.bram\[241\]\[30\],9.48µm
u_bram.bram\[245\]\[26\],9.48µm
u_bram.bram\[245\]\[31\],9.48µm
u_bram.bram\[247\]\[2\],9.48µm
u_bram.bram\[249\]\[8\],9.48µm
u_bram.bram\[28\]\[27\],9.48µm
u_bram.bram\[31\]\[12\],9.48µm
u_bram.bram\[35\]\[7\],9.48µm
u_bram.bram\[39\]\[15\],9.48µm
u_bram.bram\[3\]\[15\],9.48µm
u_bram.bram\[40\]\[31\],9.48µm
u_bram.bram\[44\]\[22\],9.48µm
u_bram.bram\[52\]\[23\],9.48µm
u_bram.bram\[52\]\[9\],9.48µm
u_bram.bram\[53\]\[7\],9.48µm
u_bram.bram\[55\]\[29\],9.48µm
u_bram.bram\[56\]\[24\],9.48µm
u_bram.bram\[5\]\[10\],9.48µm
u_bram.bram\[60\]\[25\],9.48µm
u_bram.bram\[61\]\[2\],9.48µm
u_bram.bram\[64\]\[10\],9.48µm
u_bram.bram\[68\]\[23\],9.48µm
u_bram.bram\[73\]\[13\],9.48µm
u_bram.bram\[73\]\[18\],9.48µm
u_bram.bram\[77\]\[31\],9.48µm
u_bram.bram\[80\]\[0\],9.48µm
u_bram.bram\[81\]\[19\],9.48µm
u_bram.bram\[91\]\[23\],9.48µm
u_bram.bram\[93\]\[0\],9.48µm
u_bram.bram\[93\]\[28\],9.48µm
u_bram.bram\[96\]\[3\],9.48µm
_02210_,9.475µm
u_bram.bram\[146\]\[23\],9.47µm
_08282_,9.46µm
_12318_,9.46µm
u_bram.bram\[147\]\[31\],9.46µm
u_bram.bram\[159\]\[21\],9.46µm
u_bram.bram\[17\]\[5\],9.46µm
u_bram.bram\[182\]\[5\],9.46µm
u_bram.bram\[39\]\[7\],9.46µm
u_bram.bram\[61\]\[17\],9.46µm
_01677_,9.445µm
_02839_,9.445µm
_03217_,9.445µm
_03557_,9.445µm
_05210_,9.445µm
_06032_,9.445µm
_08729_,9.44µm
_10289_,9.44µm
_10405_,9.44µm
_10855_,9.44µm
u_bram.bram\[105\]\[2\],9.44µm
u_bram.bram\[11\]\[29\],9.44µm
u_bram.bram\[120\]\[30\],9.44µm
u_bram.bram\[150\]\[2\],9.44µm
u_bram.bram\[183\]\[7\],9.44µm
u_bram.bram\[231\]\[24\],9.44µm
u_bram.bram\[236\]\[7\],9.44µm
u_bram.bram\[248\]\[10\],9.44µm
u_bram.bram\[249\]\[27\],9.44µm
u_bram.bram\[41\]\[18\],9.44µm
u_bram.bram\[49\]\[23\],9.44µm
u_bram.bram\[59\]\[26\],9.44µm
u_bram.bram\[68\]\[30\],9.44µm
u_bram.bram\[73\]\[27\],9.44µm
u_bram.bram\[75\]\[2\],9.44µm
u_bram.bram\[79\]\[25\],9.44µm
u_bram.bram\[9\]\[30\],9.44µm
_03075_,9.435µm
_08579_,9.42µm
_08977_,9.42µm
_10423_,9.42µm
u_bram.bram\[150\]\[24\],9.42µm
u_bram.bram\[251\]\[15\],9.41µm
u_bram.bram\[43\]\[20\],9.41µm
_07233_,9.405µm
_07251_,9.405µm
u_bram.bram\[114\]\[17\],9.405µm
u_bram.bram\[114\]\[29\],9.405µm
u_bram.bram\[2\]\[0\],9.405µm
u_bram.bram\[38\]\[5\],9.405µm
u_bram.bram\[6\]\[27\],9.405µm
u_bram.bram\[82\]\[5\],9.405µm
_08611_,9.4µm
_09920_,9.4µm
_10119_,9.4µm
_10380_,9.4µm
_10631_,9.4µm
_10750_,9.4µm
_11103_,9.4µm
_12386_,9.4µm
_13175_,9.4µm
_13476_,9.4µm
_13786_,9.4µm
_13856_,9.4µm
u_bram.bram\[0\]\[16\],9.4µm
u_bram.bram\[11\]\[13\],9.4µm
u_bram.bram\[120\]\[16\],9.4µm
u_bram.bram\[151\]\[9\],9.4µm
u_bram.bram\[160\]\[23\],9.4µm
u_bram.bram\[163\]\[11\],9.4µm
u_bram.bram\[163\]\[25\],9.4µm
u_bram.bram\[182\]\[28\],9.4µm
u_bram.bram\[193\]\[31\],9.4µm
u_bram.bram\[231\]\[6\],9.4µm
u_bram.bram\[23\]\[29\],9.4µm
u_bram.bram\[240\]\[12\],9.4µm
u_bram.bram\[24\]\[2\],9.4µm
u_bram.bram\[251\]\[17\],9.4µm
u_bram.bram\[251\]\[1\],9.4µm
u_bram.bram\[255\]\[31\],9.4µm
u_bram.bram\[26\]\[23\],9.4µm
u_bram.bram\[3\]\[10\],9.4µm
u_bram.bram\[43\]\[29\],9.4µm
u_bram.bram\[83\]\[15\],9.4µm
u_bram.bram\[194\]\[26\],9.39µm
u_bram.bram\[34\]\[2\],9.39µm
u_bram.bram\[42\]\[24\],9.39µm
_04424_,9.385µm
u_bram.bram\[191\]\[27\],9.38µm
u_bram.bram\[199\]\[10\],9.38µm
u_bram.bram\[23\]\[26\],9.38µm
u_bram.bram\[59\]\[25\],9.38µm
u_bram.bram\[60\]\[5\],9.38µm
u_bram.bram\[67\]\[31\],9.38µm
u_bram.bram\[69\]\[7\],9.38µm
_00807_,9.375µm
_01031_,9.365µm
_02043_,9.365µm
_06536_,9.365µm
u_bram.bram\[34\]\[10\],9.365µm
_08839_,9.36µm
_08905_,9.36µm
_09938_,9.36µm
_09994_,9.36µm
_10148_,9.36µm
_11359_,9.36µm
_11397_,9.36µm
_11468_,9.36µm
_12149_,9.36µm
_12506_,9.36µm
_13565_,9.36µm
_13979_,9.36µm
u_bram.bram\[107\]\[31\],9.36µm
u_bram.bram\[116\]\[0\],9.36µm
u_bram.bram\[116\]\[28\],9.36µm
u_bram.bram\[118\]\[9\],9.36µm
u_bram.bram\[119\]\[19\],9.36µm
u_bram.bram\[121\]\[12\],9.36µm
u_bram.bram\[121\]\[19\],9.36µm
u_bram.bram\[124\]\[14\],9.36µm
u_bram.bram\[128\]\[5\],9.36µm
u_bram.bram\[129\]\[5\],9.36µm
u_bram.bram\[148\]\[19\],9.36µm
u_bram.bram\[148\]\[31\],9.36µm
u_bram.bram\[151\]\[6\],9.36µm
u_bram.bram\[157\]\[12\],9.36µm
u_bram.bram\[158\]\[17\],9.36µm
u_bram.bram\[159\]\[8\],9.36µm
u_bram.bram\[164\]\[25\],9.36µm
u_bram.bram\[169\]\[5\],9.36µm
u_bram.bram\[173\]\[27\],9.36µm
u_bram.bram\[175\]\[19\],9.36µm
u_bram.bram\[175\]\[2\],9.36µm
u_bram.bram\[176\]\[28\],9.36µm
u_bram.bram\[178\]\[18\],9.36µm
u_bram.bram\[178\]\[30\],9.36µm
u_bram.bram\[180\]\[30\],9.36µm
u_bram.bram\[188\]\[4\],9.36µm
u_bram.bram\[19\]\[15\],9.36µm
u_bram.bram\[200\]\[14\],9.36µm
u_bram.bram\[212\]\[7\],9.36µm
u_bram.bram\[220\]\[15\],9.36µm
u_bram.bram\[229\]\[31\],9.36µm
u_bram.bram\[239\]\[12\],9.36µm
u_bram.bram\[239\]\[6\],9.36µm
u_bram.bram\[23\]\[14\],9.36µm
u_bram.bram\[245\]\[27\],9.36µm
u_bram.bram\[27\]\[24\],9.36µm
u_bram.bram\[30\]\[12\],9.36µm
u_bram.bram\[30\]\[15\],9.36µm
u_bram.bram\[51\]\[15\],9.36µm
u_bram.bram\[52\]\[30\],9.36µm
u_bram.bram\[53\]\[3\],9.36µm
u_bram.bram\[59\]\[10\],9.36µm
u_bram.bram\[69\]\[3\],9.36µm
u_bram.bram\[88\]\[13\],9.36µm
u_bram.bram\[88\]\[7\],9.36µm
u_bram.bram\[89\]\[24\],9.36µm
u_bram.bram\[90\]\[19\],9.36µm
u_bram.bram\[90\]\[8\],9.36µm
u_bram.bram\[91\]\[3\],9.36µm
u_bram.bram\[92\]\[10\],9.36µm
u_bram.bram\[92\]\[20\],9.36µm
u_bram.bram\[94\]\[28\],9.36µm
_03746_,9.355µm
u_bram.bram\[2\]\[26\],9.35µm
u_bram.bram\[161\]\[3\],9.34µm
u_bram.bram\[168\]\[27\],9.34µm
u_bram.bram\[169\]\[27\],9.34µm
u_bram.bram\[229\]\[28\],9.34µm
u_bram.bram\[37\]\[18\],9.34µm
u_bram.bram\[48\]\[22\],9.34µm
u_bram.bram\[56\]\[16\],9.34µm
u_bram.bram\[59\]\[4\],9.34µm
u_bram.bram\[154\]\[11\],9.325µm
_08769_,9.32µm
_10168_,9.32µm
_10673_,9.32µm
_12028_,9.32µm
_12121_,9.32µm
u_bram.bram\[252\]\[23\],9.32µm
u_fifo_ctrl.r_bin_next\[3\],9.32µm
_03930_,9.305µm
_08552_,9.3µm
_08642_,9.3µm
_09037_,9.3µm
_11164_,9.3µm
_13484_,9.3µm
u_bram.bram\[89\]\[22\],9.3µm
u_bram.bram\[14\]\[16\],9.29µm
u_bram.bram\[14\]\[18\],9.29µm
u_bram.bram\[166\]\[25\],9.29µm
_01698_,9.285µm
_06116_,9.285µm
_07212_,9.285µm
u_bram.bram\[102\]\[29\],9.285µm
u_bram.bram\[186\]\[17\],9.285µm
u_bram.bram\[218\]\[10\],9.285µm
u_bram.bram\[50\]\[4\],9.285µm
_11402_,9.28µm
_11471_,9.28µm
u_bram.bram\[135\]\[14\],9.28µm
u_bram.bram\[143\]\[17\],9.28µm
u_bram.bram\[143\]\[21\],9.28µm
u_bram.bram\[147\]\[17\],9.28µm
u_bram.bram\[167\]\[7\],9.28µm
u_bram.bram\[201\]\[4\],9.28µm
u_bram.bram\[228\]\[6\],9.28µm
u_bram.bram\[239\]\[14\],9.28µm
u_bram.bram\[36\]\[14\],9.28µm
u_bram.bram\[60\]\[9\],9.28µm
u_bram.bram\[63\]\[26\],9.28µm
u_bram.bram\[63\]\[4\],9.28µm
u_bram.bram\[72\]\[21\],9.28µm
_11362_,9.275µm
u_bram.bram\[22\]\[6\],9.275µm
u_bram.bram\[170\]\[9\],9.27µm
u_bram.bram\[190\]\[14\],9.27µm
u_bram.bram\[234\]\[2\],9.27µm
u_bram.bram\[10\]\[8\],9.265µm
u_bram.bram\[11\]\[21\],9.26µm
u_bram.bram\[133\]\[28\],9.26µm
u_bram.bram\[151\]\[26\],9.26µm
u_bram.bram\[21\]\[8\],9.26µm
u_bram.bram\[237\]\[31\],9.26µm
u_bram.bram\[245\]\[7\],9.26µm
u_bram.bram\[75\]\[13\],9.26µm
u_bram.bram\[106\]\[19\],9.25µm
u_bram.bram\[114\]\[21\],9.25µm
u_bram.bram\[126\]\[10\],9.25µm
u_bram.bram\[138\]\[4\],9.25µm
u_bram.bram\[186\]\[25\],9.25µm
u_bram.bram\[18\]\[22\],9.25µm
u_bram.bram\[198\]\[29\],9.25µm
u_bram.bram\[210\]\[7\],9.25µm
u_bram.bram\[58\]\[28\],9.25µm
u_bram.bram\[74\]\[11\],9.25µm
_01870_,9.245µm
_11839_,9.24µm
u_bram.bram\[100\]\[1\],9.24µm
u_bram.bram\[118\]\[10\],9.24µm
u_bram.bram\[150\]\[11\],9.24µm
u_bram.bram\[176\]\[7\],9.24µm
u_bram.bram\[182\]\[20\],9.24µm
u_bram.bram\[182\]\[24\],9.24µm
u_bram.bram\[197\]\[11\],9.24µm
u_bram.bram\[213\]\[19\],9.24µm
u_bram.bram\[222\]\[26\],9.24µm
u_bram.bram\[232\]\[7\],9.24µm
u_bram.bram\[233\]\[20\],9.24µm
u_bram.bram\[248\]\[31\],9.24µm
u_bram.bram\[29\]\[22\],9.24µm
u_bram.bram\[32\]\[21\],9.24µm
u_bram.bram\[41\]\[11\],9.24µm
u_bram.bram\[48\]\[15\],9.24µm
u_bram.bram\[4\]\[10\],9.24µm
u_bram.bram\[55\]\[31\],9.24µm
u_bram.bram\[5\]\[26\],9.24µm
u_bram.bram\[64\]\[9\],9.24µm
u_bram.bram\[65\]\[21\],9.24µm
u_bram.bram\[89\]\[5\],9.24µm
u_bram.bram\[106\]\[3\],9.23µm
u_bram.bram\[99\]\[25\],9.23µm
_05381_,9.225µm
u_bram.bram\[149\]\[19\],9.22µm
u_bram.bram\[153\]\[30\],9.22µm
u_bram.bram\[157\]\[25\],9.22µm
u_bram.bram\[180\]\[9\],9.22µm
u_bram.bram\[216\]\[24\],9.22µm
u_bram.bram\[240\]\[10\],9.22µm
u_bram.bram\[253\]\[25\],9.22µm
u_bram.bram\[55\]\[0\],9.22µm
u_bram.bram\[60\]\[23\],9.22µm
_04030_,9.205µm
_05110_,9.205µm
_12139_,9.2µm
u_bram.bram\[164\]\[26\],9.2µm
u_bram.bram\[85\]\[24\],9.2µm
u_bram.bram\[196\]\[11\],9.19µm
_00963_,9.185µm
_01175_,9.185µm
_07073_,9.185µm
_13827_,9.185µm
u_bram.bram\[218\]\[22\],9.185µm
u_bram.bram\[46\]\[4\],9.185µm
_10312_,9.18µm
_10431_,9.18µm
u_bram.bram\[178\]\[31\],9.18µm
u_bram.bram\[183\]\[22\],9.18µm
u_bram.bram\[212\]\[20\],9.18µm
u_bram.bram\[221\]\[20\],9.18µm
u_bram.bram\[48\]\[9\],9.18µm
u_bram.bram\[142\]\[16\],9.17µm
u_bram.bram\[146\]\[28\],9.17µm
u_bram.bram\[154\]\[23\],9.17µm
u_bram.bram\[202\]\[14\],9.17µm
u_bram.bram\[210\]\[24\],9.17µm
u_bram.bram\[254\]\[16\],9.17µm
u_bram.bram\[2\]\[15\],9.165µm
_09235_,9.16µm
u_bram.bram\[112\]\[6\],9.16µm
u_bram.bram\[167\]\[24\],9.16µm
u_bram.bram\[181\]\[4\],9.16µm
u_bram.bram\[188\]\[25\],9.16µm
u_bram.bram\[188\]\[26\],9.16µm
u_bram.bram\[204\]\[14\],9.16µm
u_bram.bram\[71\]\[26\],9.16µm
u_bram.bram\[84\]\[9\],9.16µm
u_bram.bram\[95\]\[1\],9.16µm
u_bram.bram\[102\]\[7\],9.155µm
u_bram.bram\[110\]\[5\],9.15µm
u_bram.bram\[231\]\[23\],9.15µm
_00336_,9.145µm
u_bram.bram\[134\]\[2\],9.145µm
u_bram.bram\[154\]\[1\],9.145µm
u_bram.bram\[218\]\[1\],9.145µm
u_bram.bram\[46\]\[22\],9.145µm
u_bram.bram\[78\]\[8\],9.145µm
_10804_,9.14µm
u_bram.bram\[117\]\[13\],9.14µm
u_bram.bram\[135\]\[13\],9.14µm
u_bram.bram\[169\]\[13\],9.14µm
u_bram.bram\[16\]\[0\],9.14µm
u_bram.bram\[67\]\[7\],9.14µm
u_bram.bram\[162\]\[8\],9.13µm
_01760_,9.125µm
_10999_,9.12µm
_12424_,9.12µm
u_bram.bram\[121\]\[26\],9.12µm
u_bram.bram\[12\]\[26\],9.12µm
u_bram.bram\[167\]\[8\],9.12µm
u_bram.bram\[169\]\[31\],9.12µm
u_bram.bram\[185\]\[15\],9.12µm
u_bram.bram\[192\]\[1\],9.12µm
u_bram.bram\[196\]\[27\],9.12µm
u_bram.bram\[217\]\[18\],9.12µm
u_bram.bram\[237\]\[27\],9.12µm
u_bram.bram\[33\]\[28\],9.12µm
u_bram.bram\[36\]\[3\],9.12µm
u_bram.bram\[54\]\[28\],9.12µm
u_bram.bram\[59\]\[17\],9.12µm
u_bram.bram\[59\]\[18\],9.12µm
u_bram.bram\[67\]\[16\],9.12µm
u_bram.bram\[69\]\[24\],9.12µm
u_bram.bram\[7\]\[18\],9.12µm
u_bram.bram\[87\]\[8\],9.12µm
u_bram.bram\[91\]\[26\],9.12µm
u_bram.bram\[194\]\[31\],9.11µm
_05483_,9.105µm
_13674_,9.105µm
u_bram.bram\[172\]\[5\],9.1µm
_02204_,9.085µm
_11019_,9.08µm
_12091_,9.08µm
u_bram.bram\[105\]\[27\],9.08µm
_08025_,9.065µm
_08766_,9.06µm
_08997_,9.06µm
_09191_,9.06µm
_09953_,9.06µm
_10753_,9.06µm
_11052_,9.06µm
_11512_,9.06µm
_11673_,9.06µm
_13493_,9.06µm
_13974_,9.06µm
u_bram.bram\[140\]\[31\],9.06µm
u_bram.bram\[64\]\[21\],9.06µm
u_bram.bram\[84\]\[18\],9.06µm
u_bram.bram\[8\]\[10\],9.06µm
u_bram.bram\[96\]\[20\],9.06µm
u_bram.bram\[102\]\[23\],9.05µm
u_bram.bram\[10\]\[16\],9.05µm
u_bram.bram\[130\]\[14\],9.05µm
u_bram.bram\[130\]\[16\],9.05µm
u_bram.bram\[134\]\[29\],9.05µm
u_bram.bram\[194\]\[23\],9.05µm
u_bram.bram\[194\]\[29\],9.05µm
u_bram.bram\[206\]\[18\],9.05µm
u_bram.bram\[206\]\[9\],9.05µm
u_bram.bram\[210\]\[18\],9.05µm
u_bram.bram\[238\]\[22\],9.05µm
u_bram.bram\[254\]\[23\],9.05µm
u_bram.bram\[6\]\[20\],9.05µm
u_bram.bram\[78\]\[21\],9.05µm
_11671_,9.04µm
_11687_,9.04µm
u_bram.bram\[156\]\[25\],9.04µm
u_bram.bram\[178\]\[7\],9.04µm
u_bram.bram\[227\]\[9\],9.04µm
u_bram.bram\[240\]\[18\],9.04µm
u_bram.bram\[43\]\[30\],9.04µm
u_bram.bram\[72\]\[30\],9.04µm
_13846_,9.035µm
u_bram.bram\[146\]\[19\],9.03µm
_01739_,9.025µm
u_bram.bram\[122\]\[23\],9.025µm
_08996_,9.02µm
_09290_,9.02µm
_11352_,9.02µm
_11396_,9.02µm
_12215_,9.02µm
_13290_,9.02µm
u_bram.bram\[0\]\[29\],9.02µm
u_bram.bram\[104\]\[28\],9.02µm
u_bram.bram\[109\]\[14\],9.02µm
u_bram.bram\[109\]\[7\],9.02µm
u_bram.bram\[115\]\[16\],9.02µm
u_bram.bram\[117\]\[29\],9.02µm
u_bram.bram\[123\]\[9\],9.02µm
u_bram.bram\[124\]\[11\],9.02µm
u_bram.bram\[124\]\[18\],9.02µm
u_bram.bram\[125\]\[10\],9.02µm
u_bram.bram\[125\]\[11\],9.02µm
u_bram.bram\[125\]\[20\],9.02µm
u_bram.bram\[125\]\[22\],9.02µm
u_bram.bram\[128\]\[20\],9.02µm
u_bram.bram\[129\]\[0\],9.02µm
u_bram.bram\[129\]\[17\],9.02µm
u_bram.bram\[129\]\[4\],9.02µm
u_bram.bram\[145\]\[16\],9.02µm
u_bram.bram\[153\]\[6\],9.02µm
u_bram.bram\[161\]\[7\],9.02µm
u_bram.bram\[169\]\[28\],9.02µm
u_bram.bram\[169\]\[30\],9.02µm
u_bram.bram\[16\]\[31\],9.02µm
u_bram.bram\[177\]\[6\],9.02µm
u_bram.bram\[184\]\[5\],9.02µm
u_bram.bram\[184\]\[6\],9.02µm
u_bram.bram\[193\]\[0\],9.02µm
u_bram.bram\[193\]\[15\],9.02µm
u_bram.bram\[195\]\[27\],9.02µm
u_bram.bram\[199\]\[20\],9.02µm
u_bram.bram\[200\]\[31\],9.02µm
u_bram.bram\[200\]\[8\],9.02µm
u_bram.bram\[201\]\[30\],9.02µm
u_bram.bram\[205\]\[29\],9.02µm
u_bram.bram\[205\]\[6\],9.02µm
u_bram.bram\[215\]\[23\],9.02µm
u_bram.bram\[215\]\[5\],9.02µm
u_bram.bram\[217\]\[26\],9.02µm
u_bram.bram\[219\]\[25\],9.02µm
u_bram.bram\[221\]\[13\],9.02µm
u_bram.bram\[225\]\[18\],9.02µm
u_bram.bram\[225\]\[30\],9.02µm
u_bram.bram\[235\]\[28\],9.02µm
u_bram.bram\[237\]\[21\],9.02µm
u_bram.bram\[237\]\[30\],9.02µm
u_bram.bram\[239\]\[23\],9.02µm
u_bram.bram\[241\]\[18\],9.02µm
u_bram.bram\[245\]\[6\],9.02µm
u_bram.bram\[32\]\[30\],9.02µm
u_bram.bram\[33\]\[22\],9.02µm
u_bram.bram\[39\]\[0\],9.02µm
u_bram.bram\[39\]\[10\],9.02µm
u_bram.bram\[40\]\[7\],9.02µm
u_bram.bram\[41\]\[13\],9.02µm
u_bram.bram\[41\]\[8\],9.02µm
u_bram.bram\[43\]\[26\],9.02µm
u_bram.bram\[53\]\[31\],9.02µm
u_bram.bram\[57\]\[20\],9.02µm
u_bram.bram\[59\]\[27\],9.02µm
u_bram.bram\[5\]\[9\],9.02µm
u_bram.bram\[60\]\[13\],9.02µm
u_bram.bram\[63\]\[14\],9.02µm
u_bram.bram\[65\]\[0\],9.02µm
u_bram.bram\[68\]\[24\],9.02µm
u_bram.bram\[69\]\[13\],9.02µm
u_bram.bram\[69\]\[22\],9.02µm
u_bram.bram\[71\]\[0\],9.02µm
u_bram.bram\[72\]\[8\],9.02µm
u_bram.bram\[73\]\[26\],9.02µm
u_bram.bram\[75\]\[29\],9.02µm
u_bram.bram\[79\]\[30\],9.02µm
u_bram.bram\[87\]\[3\],9.02µm
u_bram.bram\[91\]\[4\],9.02µm
u_bram.bram\[93\]\[22\],9.02µm
u_bram.bram\[95\]\[19\],9.02µm
_11477_,9µm
u_bram.bram\[128\]\[14\],9µm
u_bram.bram\[135\]\[11\],9µm
u_bram.bram\[211\]\[24\],9µm
u_bram.bram\[59\]\[19\],9µm
u_bram.bram\[95\]\[2\],9µm
_00871_,8.985µm
_02556_,8.985µm
_03179_,8.985µm
_04047_,8.985µm
_05026_,8.985µm
_08122_,8.985µm
_13372_,8.985µm
_08255_,8.98µm
_09335_,8.98µm
_11431_,8.98µm
_11574_,8.98µm
_12657_,8.98µm
u_bram.bram\[121\]\[5\],8.98µm
u_bram.bram\[127\]\[28\],8.98µm
u_bram.bram\[161\]\[1\],8.98µm
u_bram.bram\[165\]\[6\],8.98µm
u_bram.bram\[184\]\[3\],8.98µm
u_bram.bram\[21\]\[13\],8.98µm
u_bram.bram\[252\]\[4\],8.98µm
u_bram.bram\[36\]\[20\],8.98µm
u_bram.bram\[39\]\[27\],8.98µm
u_bram.bram\[4\]\[20\],8.98µm
u_bram.bram\[4\]\[8\],8.98µm
u_bram.bram\[56\]\[10\],8.98µm
u_bram.bram\[57\]\[23\],8.98µm
u_bram.bram\[72\]\[0\],8.98µm
u_bram.bram\[76\]\[19\],8.98µm
u_bram.bram\[87\]\[1\],8.98µm
_10170_,8.97µm
u_bram.bram\[129\]\[25\],8.97µm
_10864_,8.965µm
_13887_,8.96µm
u_bram.bram\[214\]\[14\],8.96µm
_01154_,8.945µm
_01257_,8.945µm
_05309_,8.945µm
_07162_,8.945µm
u_bram.bram\[104\]\[9\],8.945µm
u_bram.bram\[42\]\[4\],8.945µm
_08570_,8.94µm
_09710_,8.94µm
_09716_,8.94µm
_09897_,8.94µm
_12258_,8.94µm
_12570_,8.94µm
_13037_,8.94µm
_13316_,8.94µm
_13879_,8.94µm
u_bram.bram\[103\]\[17\],8.94µm
u_bram.bram\[104\]\[11\],8.94µm
u_bram.bram\[131\]\[12\],8.94µm
u_bram.bram\[159\]\[27\],8.94µm
u_bram.bram\[163\]\[30\],8.94µm
u_bram.bram\[178\]\[4\],8.94µm
u_bram.bram\[187\]\[18\],8.94µm
u_bram.bram\[199\]\[15\],8.94µm
u_bram.bram\[199\]\[17\],8.94µm
u_bram.bram\[19\]\[9\],8.94µm
u_bram.bram\[203\]\[19\],8.94µm
u_bram.bram\[207\]\[28\],8.94µm
u_bram.bram\[213\]\[2\],8.94µm
u_bram.bram\[228\]\[2\],8.94µm
u_bram.bram\[243\]\[15\],8.94µm
u_bram.bram\[27\]\[11\],8.94µm
u_bram.bram\[27\]\[30\],8.94µm
u_bram.bram\[29\]\[23\],8.94µm
u_bram.bram\[31\]\[0\],8.94µm
u_bram.bram\[42\]\[9\],8.94µm
u_bram.bram\[54\]\[26\],8.94µm
u_bram.bram\[84\]\[12\],8.94µm
u_bram.bram\[87\]\[7\],8.94µm
u_bram.bram\[114\]\[23\],8.93µm
u_bram.bram\[170\]\[0\],8.93µm
u_bram.bram\[98\]\[16\],8.93µm
_00195_,8.925µm
u_bram.bram\[125\]\[23\],8.92µm
u_bram.bram\[150\]\[29\],8.92µm
u_bram.bram\[180\]\[22\],8.92µm
u_bram.bram\[211\]\[28\],8.92µm
u_bram.bram\[214\]\[4\],8.92µm
u_bram.bram\[232\]\[31\],8.92µm
u_bram.bram\[53\]\[25\],8.92µm
_02476_,8.905µm
_03232_,8.905µm
_04017_,8.905µm
_06643_,8.905µm
_08597_,8.9µm
_08917_,8.9µm
_09592_,8.9µm
_10577_,8.9µm
_10871_,8.9µm
_11147_,8.9µm
_12236_,8.9µm
_12458_,8.9µm
_12494_,8.9µm
_12767_,8.9µm
_13920_,8.9µm
_13929_,8.9µm
u_bram.bram\[101\]\[0\],8.9µm
u_bram.bram\[112\]\[2\],8.9µm
u_bram.bram\[117\]\[11\],8.9µm
u_bram.bram\[123\]\[4\],8.9µm
u_bram.bram\[147\]\[12\],8.9µm
u_bram.bram\[147\]\[2\],8.9µm
u_bram.bram\[148\]\[16\],8.9µm
u_bram.bram\[149\]\[3\],8.9µm
u_bram.bram\[153\]\[21\],8.9µm
u_bram.bram\[155\]\[13\],8.9µm
u_bram.bram\[156\]\[31\],8.9µm
u_bram.bram\[158\]\[12\],8.9µm
u_bram.bram\[158\]\[25\],8.9µm
u_bram.bram\[15\]\[14\],8.9µm
u_bram.bram\[165\]\[31\],8.9µm
u_bram.bram\[180\]\[3\],8.9µm
u_bram.bram\[183\]\[30\],8.9µm
u_bram.bram\[184\]\[7\],8.9µm
u_bram.bram\[185\]\[3\],8.9µm
u_bram.bram\[1\]\[6\],8.9µm
u_bram.bram\[203\]\[29\],8.9µm
u_bram.bram\[212\]\[15\],8.9µm
u_bram.bram\[212\]\[23\],8.9µm
u_bram.bram\[220\]\[12\],8.9µm
u_bram.bram\[237\]\[2\],8.9µm
u_bram.bram\[241\]\[17\],8.9µm
u_bram.bram\[242\]\[31\],8.9µm
u_bram.bram\[247\]\[15\],8.9µm
u_bram.bram\[27\]\[22\],8.9µm
u_bram.bram\[30\]\[30\],8.9µm
u_bram.bram\[33\]\[19\],8.9µm
u_bram.bram\[48\]\[25\],8.9µm
u_bram.bram\[55\]\[4\],8.9µm
u_bram.bram\[56\]\[23\],8.9µm
u_bram.bram\[67\]\[3\],8.9µm
u_bram.bram\[92\]\[15\],8.9µm
u_bram.bram\[92\]\[7\],8.9µm
u_bram.bram\[93\]\[14\],8.9µm
u_bram.bram\[93\]\[8\],8.9µm
u_bram.bram\[9\]\[13\],8.9µm
u_fifo_ctrl.u_w_b2g.binary_in\[4\],8.9µm
u_bram.bram\[121\]\[22\],8.88µm
u_bram.bram\[155\]\[1\],8.88µm
u_bram.bram\[188\]\[5\],8.88µm
u_bram.bram\[65\]\[22\],8.88µm
u_bram.bram\[94\]\[12\],8.88µm
_00552_,8.865µm
_01250_,8.865µm
_01412_,8.865µm
_07992_,8.865µm
_08260_,8.86µm
_09214_,8.86µm
_10769_,8.86µm
_10910_,8.86µm
_11083_,8.86µm
_11526_,8.86µm
_11817_,8.86µm
_12211_,8.86µm
_12685_,8.86µm
_13159_,8.86µm
u_bram.bram\[45\]\[18\],8.86µm
_03952_,8.845µm
_09144_,8.84µm
_11205_,8.84µm
_11589_,8.84µm
_12853_,8.84µm
_13062_,8.84µm
_13839_,8.84µm
u_bram.bram\[52\]\[22\],8.84µm
u_bram.bram\[138\]\[6\],8.83µm
u_bram.bram\[22\]\[4\],8.83µm
_05116_,8.825µm
_05436_,8.825µm
u_bram.bram\[110\]\[10\],8.825µm
u_bram.bram\[154\]\[8\],8.825µm
u_bram.bram\[166\]\[1\],8.825µm
u_bram.bram\[202\]\[30\],8.825µm
u_bram.bram\[206\]\[2\],8.825µm
u_bram.bram\[226\]\[9\],8.825µm
u_bram.bram\[78\]\[0\],8.825µm
_08283_,8.82µm
_13001_,8.82µm
u_bram.bram\[116\]\[8\],8.82µm
u_bram.bram\[11\]\[9\],8.82µm
u_bram.bram\[136\]\[15\],8.82µm
u_bram.bram\[26\]\[28\],8.82µm
u_bram.bram\[40\]\[6\],8.82µm
u_bram.bram\[71\]\[23\],8.82µm
u_bram.bram\[79\]\[23\],8.82µm
u_bram.bram\[254\]\[25\],8.81µm
u_bram.bram\[42\]\[3\],8.81µm
u_bram.bram\[58\]\[13\],8.81µm
_08713_,8.8µm
_09337_,8.8µm
_13680_,8.8µm
u_bram.bram\[119\]\[14\],8.8µm
u_bram.bram\[135\]\[23\],8.8µm
u_bram.bram\[141\]\[0\],8.8µm
u_bram.bram\[163\]\[17\],8.8µm
u_bram.bram\[169\]\[17\],8.8µm
u_bram.bram\[181\]\[17\],8.8µm
u_bram.bram\[205\]\[23\],8.8µm
u_bram.bram\[212\]\[18\],8.8µm
u_bram.bram\[214\]\[30\],8.8µm
u_bram.bram\[221\]\[23\],8.8µm
u_bram.bram\[39\]\[4\],8.8µm
u_bram.bram\[43\]\[1\],8.8µm
u_bram.bram\[49\]\[1\],8.8µm
u_bram.bram\[54\]\[11\],8.8µm
u_bram.bram\[110\]\[28\],8.79µm
u_bram.bram\[34\]\[18\],8.79µm
u_bram.bram\[62\]\[9\],8.79µm
_02751_,8.785µm
_03499_,8.785µm
_04234_,8.785µm
u_bram.bram\[198\]\[23\],8.785µm
u_bram.bram\[86\]\[27\],8.785µm
_09470_,8.78µm
_09755_,8.78µm
_10353_,8.78µm
_11459_,8.78µm
u_bram.bram\[120\]\[3\],8.78µm
u_bram.bram\[128\]\[11\],8.78µm
u_bram.bram\[132\]\[4\],8.78µm
u_bram.bram\[144\]\[26\],8.78µm
u_bram.bram\[144\]\[7\],8.78µm
u_bram.bram\[148\]\[1\],8.78µm
u_bram.bram\[149\]\[16\],8.78µm
u_bram.bram\[150\]\[23\],8.78µm
u_bram.bram\[152\]\[14\],8.78µm
u_bram.bram\[168\]\[26\],8.78µm
u_bram.bram\[168\]\[30\],8.78µm
u_bram.bram\[171\]\[25\],8.78µm
u_bram.bram\[1\]\[12\],8.78µm
u_bram.bram\[213\]\[26\],8.78µm
u_bram.bram\[214\]\[29\],8.78µm
u_bram.bram\[222\]\[15\],8.78µm
u_bram.bram\[225\]\[19\],8.78µm
u_bram.bram\[25\]\[17\],8.78µm
u_bram.bram\[30\]\[3\],8.78µm
u_bram.bram\[32\]\[22\],8.78µm
u_bram.bram\[48\]\[11\],8.78µm
u_bram.bram\[72\]\[17\],8.78µm
u_bram.bram\[80\]\[17\],8.78µm
u_bram.bram\[90\]\[13\],8.78µm
u_bram.bram\[93\]\[17\],8.78µm
u_bram.bram\[93\]\[23\],8.78µm
u_bram.bram\[93\]\[26\],8.78µm
u_bram.bram\[94\]\[18\],8.78µm
u_bram.bram\[95\]\[27\],8.78µm
u_bram.bram\[9\]\[5\],8.78µm
u_bram.bram\[171\]\[23\],8.77µm
_00603_,8.765µm
_00873_,8.765µm
_03543_,8.765µm
_03678_,8.765µm
_06367_,8.765µm
_06962_,8.765µm
_09183_,8.76µm
u_bram.bram\[118\]\[6\],8.76µm
u_bram.bram\[119\]\[0\],8.76µm
u_bram.bram\[150\]\[28\],8.76µm
u_bram.bram\[158\]\[1\],8.76µm
u_bram.bram\[159\]\[4\],8.76µm
u_bram.bram\[176\]\[21\],8.76µm
u_bram.bram\[215\]\[4\],8.76µm
u_bram.bram\[222\]\[25\],8.76µm
u_bram.bram\[240\]\[29\],8.76µm
u_bram.bram\[243\]\[4\],8.76µm
u_bram.bram\[26\]\[27\],8.76µm
u_bram.bram\[29\]\[21\],8.76µm
u_bram.bram\[49\]\[25\],8.76µm
u_bram.bram\[52\]\[18\],8.76µm
u_bram.bram\[91\]\[13\],8.76µm
u_bram.bram\[95\]\[31\],8.76µm
_00464_,8.745µm
_03289_,8.745µm
_07316_,8.745µm
_10490_,8.74µm
_11364_,8.74µm
_11385_,8.74µm
_12939_,8.74µm
_13317_,8.74µm
u_bram.bram\[81\]\[20\],8.74µm
u_bram.bram\[44\]\[17\],8.73µm
_00367_,8.725µm
u_bram.bram\[138\]\[29\],8.725µm
u_bram.bram\[154\]\[6\],8.725µm
u_bram.bram\[210\]\[21\],8.725µm
u_bram.bram\[22\]\[13\],8.725µm
u_bram.bram\[50\]\[30\],8.725µm
_13570_,8.72µm
_13759_,8.72µm
u_bram.bram\[151\]\[21\],8.72µm
u_bram.bram\[176\]\[9\],8.72µm
u_bram.bram\[222\]\[5\],8.72µm
u_bram.bram\[246\]\[25\],8.72µm
u_bram.bram\[26\]\[29\],8.72µm
u_bram.bram\[31\]\[1\],8.72µm
u_bram.bram\[94\]\[31\],8.72µm
u_bram.bram\[10\]\[14\],8.71µm
u_bram.bram\[154\]\[24\],8.71µm
u_bram.bram\[58\]\[8\],8.71µm
_03570_,8.7µm
_09567_,8.7µm
_13212_,8.7µm
_13537_,8.7µm
u_bram.bram\[151\]\[4\],8.7µm
u_bram.bram\[15\]\[25\],8.7µm
u_bram.bram\[163\]\[27\],8.7µm
u_bram.bram\[179\]\[0\],8.7µm
u_bram.bram\[219\]\[15\],8.7µm
u_bram.bram\[219\]\[16\],8.7µm
u_bram.bram\[219\]\[27\],8.7µm
u_bram.bram\[221\]\[8\],8.7µm
u_bram.bram\[227\]\[13\],8.7µm
u_bram.bram\[243\]\[0\],8.7µm
u_bram.bram\[243\]\[6\],8.7µm
u_bram.bram\[29\]\[19\],8.7µm
u_bram.bram\[7\]\[21\],8.7µm
u_bram.bram\[96\]\[0\],8.7µm
u_bram.bram\[122\]\[26\],8.69µm
_01168_,8.685µm
u_bram.bram\[138\]\[18\],8.685µm
u_bram.bram\[22\]\[9\],8.685µm
_11038_,8.68µm
_11078_,8.68µm
u_bram.bram\[132\]\[29\],8.68µm
u_bram.bram\[137\]\[28\],8.68µm
u_bram.bram\[145\]\[14\],8.68µm
u_bram.bram\[233\]\[19\],8.68µm
u_bram.bram\[72\]\[24\],8.68µm
u_bram.bram\[90\]\[14\],8.68µm
u_bram.bram\[92\]\[4\],8.68µm
_03423_,8.665µm
_04489_,8.665µm
_06150_,8.665µm
u_bram.bram\[11\]\[2\],8.66µm
u_bram.bram\[12\]\[28\],8.66µm
u_bram.bram\[145\]\[20\],8.66µm
u_bram.bram\[176\]\[26\],8.66µm
u_bram.bram\[205\]\[22\],8.66µm
u_bram.bram\[228\]\[29\],8.66µm
u_bram.bram\[232\]\[9\],8.66µm
u_bram.bram\[252\]\[27\],8.66µm
u_bram.bram\[3\]\[17\],8.66µm
u_bram.bram\[45\]\[17\],8.66µm
u_bram.bram\[54\]\[1\],8.66µm
u_bram.bram\[95\]\[20\],8.66µm
u_bram.bram\[97\]\[14\],8.66µm
_11251_,8.64µm
_13501_,8.64µm
u_bram.bram\[222\]\[31\],8.64µm
_04961_,8.625µm
_07128_,8.625µm
_08610_,8.62µm
_09238_,8.62µm
_10972_,8.62µm
_12903_,8.62µm
_13386_,8.62µm
_13391_,8.62µm
u_bram.bram\[180\]\[23\],8.61µm
_00501_,8.605µm
_08767_,8.6µm
_08871_,8.6µm
_10896_,8.6µm
_11269_,8.6µm
_11499_,8.6µm
_11508_,8.6µm
_12631_,8.6µm
u_bram.bram\[0\]\[9\],8.6µm
u_bram.bram\[128\]\[18\],8.6µm
u_bram.bram\[135\]\[26\],8.6µm
u_bram.bram\[136\]\[21\],8.6µm
u_bram.bram\[136\]\[3\],8.6µm
u_bram.bram\[161\]\[29\],8.6µm
u_bram.bram\[192\]\[15\],8.6µm
u_bram.bram\[196\]\[24\],8.6µm
u_bram.bram\[20\]\[17\],8.6µm
u_bram.bram\[20\]\[4\],8.6µm
u_bram.bram\[63\]\[27\],8.6µm
u_bram.bram\[72\]\[18\],8.6µm
u_bram.bram\[75\]\[5\],8.6µm
u_bram.bram\[84\]\[16\],8.6µm
w_ptr_gray_meta\[1\],8.6µm
w_ptr_gray_meta\[6\],8.6µm
u_bram.bram\[10\]\[6\],8.59µm
u_bram.bram\[122\]\[17\],8.59µm
u_bram.bram\[138\]\[27\],8.59µm
u_bram.bram\[162\]\[12\],8.59µm
u_bram.bram\[162\]\[27\],8.59µm
u_bram.bram\[22\]\[30\],8.59µm
u_bram.bram\[250\]\[11\],8.59µm
u_bram.bram\[250\]\[29\],8.59µm
_09253_,8.58µm
_11334_,8.58µm
u_bram.bram\[123\]\[16\],8.58µm
u_bram.bram\[123\]\[27\],8.58µm
u_bram.bram\[157\]\[31\],8.58µm
u_bram.bram\[187\]\[11\],8.58µm
u_bram.bram\[19\]\[25\],8.58µm
u_bram.bram\[246\]\[23\],8.58µm
u_bram.bram\[33\]\[27\],8.58µm
u_bram.bram\[79\]\[14\],8.58µm
u_bram.bram\[92\]\[12\],8.58µm
u_bram.bram\[94\]\[24\],8.58µm
u_bram.bram\[94\]\[8\],8.58µm
_01073_,8.575µm
_08139_,8.575µm
_02435_,8.565µm
u_bram.bram\[122\]\[10\],8.565µm
_09020_,8.56µm
_09328_,8.56µm
_09602_,8.56µm
_09649_,8.56µm
_10146_,8.56µm
_10417_,8.56µm
_10497_,8.56µm
_11218_,8.56µm
u_bram.bram\[100\]\[4\],8.56µm
u_bram.bram\[101\]\[9\],8.56µm
u_bram.bram\[104\]\[15\],8.56µm
u_bram.bram\[105\]\[11\],8.56µm
u_bram.bram\[105\]\[3\],8.56µm
u_bram.bram\[113\]\[11\],8.56µm
u_bram.bram\[113\]\[26\],8.56µm
u_bram.bram\[121\]\[18\],8.56µm
u_bram.bram\[121\]\[24\],8.56µm
u_bram.bram\[121\]\[4\],8.56µm
u_bram.bram\[123\]\[1\],8.56µm
u_bram.bram\[124\]\[24\],8.56µm
u_bram.bram\[127\]\[21\],8.56µm
u_bram.bram\[133\]\[8\],8.56µm
u_bram.bram\[135\]\[29\],8.56µm
u_bram.bram\[137\]\[15\],8.56µm
u_bram.bram\[137\]\[21\],8.56µm
u_bram.bram\[137\]\[6\],8.56µm
u_bram.bram\[13\]\[0\],8.56µm
u_bram.bram\[140\]\[2\],8.56µm
u_bram.bram\[145\]\[12\],8.56µm
u_bram.bram\[145\]\[8\],8.56µm
u_bram.bram\[149\]\[28\],8.56µm
u_bram.bram\[152\]\[11\],8.56µm
u_bram.bram\[152\]\[19\],8.56µm
u_bram.bram\[155\]\[22\],8.56µm
u_bram.bram\[159\]\[15\],8.56µm
u_bram.bram\[15\]\[1\],8.56µm
u_bram.bram\[160\]\[0\],8.56µm
u_bram.bram\[161\]\[22\],8.56µm
u_bram.bram\[164\]\[3\],8.56µm
u_bram.bram\[165\]\[21\],8.56µm
u_bram.bram\[165\]\[22\],8.56µm
u_bram.bram\[16\]\[20\],8.56µm
u_bram.bram\[17\]\[23\],8.56µm
u_bram.bram\[180\]\[11\],8.56µm
u_bram.bram\[181\]\[13\],8.56µm
u_bram.bram\[183\]\[28\],8.56µm
u_bram.bram\[197\]\[24\],8.56µm
u_bram.bram\[197\]\[25\],8.56µm
u_bram.bram\[199\]\[26\],8.56µm
u_bram.bram\[200\]\[15\],8.56µm
u_bram.bram\[20\]\[7\],8.56µm
u_bram.bram\[215\]\[24\],8.56µm
u_bram.bram\[216\]\[16\],8.56µm
u_bram.bram\[21\]\[10\],8.56µm
u_bram.bram\[224\]\[0\],8.56µm
u_bram.bram\[224\]\[16\],8.56µm
u_bram.bram\[225\]\[22\],8.56µm
u_bram.bram\[229\]\[29\],8.56µm
u_bram.bram\[233\]\[3\],8.56µm
u_bram.bram\[235\]\[5\],8.56µm
u_bram.bram\[239\]\[0\],8.56µm
u_bram.bram\[249\]\[4\],8.56µm
u_bram.bram\[252\]\[0\],8.56µm
u_bram.bram\[29\]\[3\],8.56µm
u_bram.bram\[29\]\[9\],8.56µm
u_bram.bram\[33\]\[14\],8.56µm
u_bram.bram\[36\]\[10\],8.56µm
u_bram.bram\[37\]\[27\],8.56µm
u_bram.bram\[41\]\[1\],8.56µm
u_bram.bram\[49\]\[30\],8.56µm
u_bram.bram\[52\]\[16\],8.56µm
u_bram.bram\[56\]\[31\],8.56µm
u_bram.bram\[56\]\[7\],8.56µm
u_bram.bram\[5\]\[12\],8.56µm
u_bram.bram\[5\]\[22\],8.56µm
u_bram.bram\[61\]\[19\],8.56µm
u_bram.bram\[65\]\[9\],8.56µm
u_bram.bram\[69\]\[20\],8.56µm
u_bram.bram\[69\]\[23\],8.56µm
u_bram.bram\[73\]\[19\],8.56µm
u_bram.bram\[76\]\[12\],8.56µm
u_bram.bram\[77\]\[28\],8.56µm
u_bram.bram\[84\]\[17\],8.56µm
u_bram.bram\[85\]\[18\],8.56µm
u_bram.bram\[87\]\[28\],8.56µm
u_bram.bram\[8\]\[12\],8.56µm
u_bram.bram\[91\]\[27\],8.56µm
u_bram.bram\[9\]\[24\],8.56µm
u_bram.bram\[9\]\[31\],8.56µm
_12706_,8.54µm
u_bram.bram\[111\]\[13\],8.54µm
u_bram.bram\[127\]\[30\],8.54µm
u_bram.bram\[128\]\[15\],8.54µm
u_bram.bram\[132\]\[20\],8.54µm
u_bram.bram\[173\]\[8\],8.54µm
u_bram.bram\[17\]\[22\],8.54µm
u_bram.bram\[205\]\[18\],8.54µm
u_bram.bram\[235\]\[1\],8.54µm
u_bram.bram\[239\]\[21\],8.54µm
u_bram.bram\[97\]\[22\],8.54µm
u_bram.bram\[99\]\[7\],8.54µm
_01028_,8.525µm
_03884_,8.525µm
_04010_,8.525µm
_04856_,8.525µm
_06341_,8.525µm
_08650_,8.52µm
_08659_,8.52µm
_09776_,8.52µm
_10065_,8.52µm
_10776_,8.52µm
_11409_,8.52µm
_11914_,8.52µm
_12145_,8.52µm
u_bram.bram\[133\]\[16\],8.52µm
u_bram.bram\[141\]\[6\],8.52µm
u_bram.bram\[153\]\[3\],8.52µm
u_bram.bram\[36\]\[22\],8.52µm
u_bram.bram\[96\]\[1\],8.52µm
_13158_,8.5µm
_13726_,8.5µm
u_bram.bram\[118\]\[24\],8.49µm
_00909_,8.485µm
_03668_,8.485µm
_07889_,8.485µm
u_bram.bram\[134\]\[15\],8.485µm
u_bram.bram\[238\]\[19\],8.485µm
_09073_,8.48µm
_09092_,8.48µm
_10057_,8.48µm
_10286_,8.48µm
_10985_,8.48µm
_11680_,8.48µm
_11776_,8.48µm
_12265_,8.48µm
_12525_,8.48µm
_13133_,8.48µm
_13293_,8.48µm
_13335_,8.48µm
_13685_,8.48µm
_14025_,8.48µm
u_bram.bram\[107\]\[3\],8.48µm
u_bram.bram\[117\]\[0\],8.48µm
u_bram.bram\[13\]\[24\],8.48µm
u_bram.bram\[181\]\[3\],8.48µm
u_bram.bram\[183\]\[24\],8.48µm
u_bram.bram\[196\]\[22\],8.48µm
u_bram.bram\[216\]\[0\],8.48µm
u_bram.bram\[223\]\[4\],8.48µm
u_bram.bram\[24\]\[8\],8.48µm
u_bram.bram\[25\]\[8\],8.48µm
u_bram.bram\[27\]\[20\],8.48µm
u_bram.bram\[28\]\[3\],8.48µm
u_bram.bram\[40\]\[24\],8.48µm
u_bram.bram\[63\]\[5\],8.48µm
_10062_,8.47µm
u_bram.bram\[102\]\[22\],8.47µm
u_bram.bram\[198\]\[11\],8.47µm
_01771_,8.465µm
u_bram.bram\[137\]\[27\],8.46µm
u_bram.bram\[241\]\[22\],8.46µm
u_bram.bram\[242\]\[9\],8.46µm
u_bram.bram\[28\]\[4\],8.46µm
u_bram.bram\[88\]\[23\],8.46µm
_09108_,8.44µm
_09688_,8.44µm
_09718_,8.44µm
_10470_,8.44µm
_10689_,8.44µm
_12704_,8.44µm
_13936_,8.44µm
u_bram.bram\[105\]\[10\],8.44µm
u_bram.bram\[112\]\[19\],8.44µm
u_bram.bram\[117\]\[26\],8.44µm
u_bram.bram\[118\]\[28\],8.44µm
u_bram.bram\[121\]\[30\],8.44µm
u_bram.bram\[129\]\[24\],8.44µm
u_bram.bram\[140\]\[18\],8.44µm
u_bram.bram\[147\]\[11\],8.44µm
u_bram.bram\[148\]\[6\],8.44µm
u_bram.bram\[148\]\[9\],8.44µm
u_bram.bram\[150\]\[3\],8.44µm
u_bram.bram\[157\]\[1\],8.44µm
u_bram.bram\[163\]\[29\],8.44µm
u_bram.bram\[178\]\[8\],8.44µm
u_bram.bram\[192\]\[11\],8.44µm
u_bram.bram\[196\]\[15\],8.44µm
u_bram.bram\[196\]\[17\],8.44µm
u_bram.bram\[208\]\[0\],8.44µm
u_bram.bram\[221\]\[10\],8.44µm
u_bram.bram\[222\]\[8\],8.44µm
u_bram.bram\[232\]\[18\],8.44µm
u_bram.bram\[232\]\[30\],8.44µm
u_bram.bram\[242\]\[12\],8.44µm
u_bram.bram\[253\]\[11\],8.44µm
u_bram.bram\[26\]\[12\],8.44µm
u_bram.bram\[28\]\[23\],8.44µm
u_bram.bram\[30\]\[31\],8.44µm
u_bram.bram\[41\]\[27\],8.44µm
u_bram.bram\[50\]\[12\],8.44µm
u_bram.bram\[54\]\[22\],8.44µm
u_bram.bram\[54\]\[4\],8.44µm
u_bram.bram\[54\]\[5\],8.44µm
u_bram.bram\[55\]\[15\],8.44µm
u_bram.bram\[65\]\[30\],8.44µm
u_bram.bram\[77\]\[13\],8.44µm
u_bram.bram\[92\]\[0\],8.44µm
u_bram.bram\[92\]\[25\],8.44µm
u_bram.bram\[94\]\[14\],8.44µm
u_bram.bram\[94\]\[21\],8.44µm
u_bram.bram\[95\]\[16\],8.44µm
u_bram.bram\[95\]\[29\],8.44µm
u_bram.bram\[97\]\[19\],8.44µm
u_bram.bram\[234\]\[7\],8.43µm
u_bram.bram\[6\]\[16\],8.43µm
_09323_,8.42µm
u_bram.bram\[109\]\[11\],8.42µm
u_bram.bram\[11\]\[4\],8.42µm
u_bram.bram\[235\]\[19\],8.42µm
u_bram.bram\[242\]\[5\],8.42µm
_00218_,8.405µm
_02964_,8.405µm
_00102_,8.4µm
_08525_,8.4µm
_09513_,8.4µm
_09740_,8.4µm
_09986_,8.4µm
_10172_,8.4µm
_11017_,8.4µm
_12280_,8.4µm
_12429_,8.4µm
_12540_,8.4µm
_13822_,8.4µm
u_bram.bram\[246\]\[4\],8.4µm
_00470_,8.395µm
_08556_,8.38µm
_10961_,8.38µm
_11393_,8.38µm
_11546_,8.38µm
_11645_,8.38µm
_11653_,8.38µm
u_bram.bram\[179\]\[31\],8.38µm
u_bram.bram\[223\]\[19\],8.38µm
w_data[7],8.38µm
u_bram.bram\[10\]\[19\],8.37µm
u_bram.bram\[58\]\[29\],8.365µm
_08586_,8.36µm
_08728_,8.36µm
_11324_,8.36µm
_12531_,8.36µm
u_bram.bram\[0\]\[6\],8.36µm
u_bram.bram\[135\]\[10\],8.36µm
u_bram.bram\[135\]\[20\],8.36µm
u_bram.bram\[136\]\[4\],8.36µm
u_bram.bram\[159\]\[12\],8.36µm
u_bram.bram\[245\]\[3\],8.36µm
u_bram.bram\[54\]\[25\],8.36µm
u_bram.bram\[68\]\[17\],8.36µm
u_bram.bram\[81\]\[12\],8.36µm
u_fifo_ctrl.r_bin_counter\[8\],8.36µm
u_bram.bram\[22\]\[17\],8.35µm
u_bram.bram\[62\]\[16\],8.35µm
_02232_,8.34µm
_13048_,8.34µm
_13370_,8.34µm
u_bram.bram\[118\]\[27\],8.34µm
u_bram.bram\[119\]\[27\],8.34µm
u_bram.bram\[133\]\[11\],8.34µm
u_bram.bram\[136\]\[22\],8.34µm
u_bram.bram\[158\]\[21\],8.34µm
u_bram.bram\[172\]\[3\],8.34µm
u_bram.bram\[173\]\[1\],8.34µm
u_bram.bram\[176\]\[6\],8.34µm
u_bram.bram\[17\]\[10\],8.34µm
u_bram.bram\[183\]\[6\],8.34µm
u_bram.bram\[204\]\[28\],8.34µm
u_bram.bram\[208\]\[3\],8.34µm
u_bram.bram\[221\]\[27\],8.34µm
u_bram.bram\[23\]\[24\],8.34µm
u_bram.bram\[243\]\[11\],8.34µm
u_bram.bram\[243\]\[3\],8.34µm
u_bram.bram\[248\]\[27\],8.34µm
u_bram.bram\[39\]\[25\],8.34µm
u_bram.bram\[43\]\[15\],8.34µm
u_bram.bram\[44\]\[26\],8.34µm
u_bram.bram\[52\]\[13\],8.34µm
u_bram.bram\[5\]\[15\],8.34µm
u_bram.bram\[60\]\[31\],8.34µm
u_bram.bram\[95\]\[26\],8.34µm
w_ptr_gray_meta\[4\],8.34µm
_08898_,8.33µm
u_bram.bram\[138\]\[16\],8.33µm
u_bram.bram\[18\]\[0\],8.33µm
u_bram.bram\[98\]\[15\],8.33µm
_10068_,8.325µm
u_bram.bram\[10\]\[1\],8.325µm
_09692_,8.32µm
_13029_,8.32µm
u_bram.bram\[117\]\[30\],8.32µm
u_bram.bram\[121\]\[10\],8.32µm
u_bram.bram\[133\]\[0\],8.32µm
u_bram.bram\[157\]\[10\],8.32µm
u_bram.bram\[158\]\[7\],8.32µm
u_bram.bram\[211\]\[7\],8.32µm
u_bram.bram\[228\]\[31\],8.32µm
u_bram.bram\[232\]\[21\],8.32µm
u_bram.bram\[244\]\[15\],8.32µm
u_bram.bram\[25\]\[26\],8.32µm
u_bram.bram\[30\]\[16\],8.32µm
u_bram.bram\[3\]\[30\],8.32µm
u_bram.bram\[48\]\[12\],8.32µm
u_bram.bram\[55\]\[2\],8.32µm
u_bram.bram\[57\]\[22\],8.32µm
u_bram.bram\[5\]\[13\],8.32µm
u_bram.bram\[72\]\[14\],8.32µm
u_bram.bram\[81\]\[11\],8.32µm
_07046_,8.315µm
u_bram.bram\[155\]\[7\],8.31µm
_02427_,8.305µm
_03028_,8.305µm
_03945_,8.305µm
_06297_,8.305µm
_06768_,8.305µm
_11146_,8.3µm
_11328_,8.3µm
_11676_,8.3µm
_11861_,8.3µm
u_bram.bram\[112\]\[0\],8.3µm
u_bram.bram\[150\]\[6\],8.3µm
u_bram.bram\[156\]\[22\],8.3µm
u_bram.bram\[178\]\[20\],8.3µm
u_bram.bram\[194\]\[22\],8.3µm
u_bram.bram\[197\]\[7\],8.3µm
u_bram.bram\[220\]\[27\],8.3µm
_00611_,8.285µm
_01355_,8.285µm
_04190_,8.285µm
_07345_,8.285µm
_09342_,8.28µm
_10997_,8.28µm
_12485_,8.28µm
_12612_,8.28µm
_12754_,8.28µm
_14023_,8.28µm
u_bram.bram\[110\]\[8\],8.265µm
u_bram.bram\[218\]\[8\],8.265µm
_10685_,8.26µm
_10875_,8.26µm
_13735_,8.26µm
u_bram.bram\[116\]\[20\],8.26µm
u_bram.bram\[183\]\[8\],8.26µm
u_bram.bram\[215\]\[17\],8.26µm
u_bram.bram\[240\]\[23\],8.26µm
u_bram.bram\[246\]\[27\],8.26µm
u_bram.bram\[53\]\[15\],8.26µm
u_bram.bram\[54\]\[8\],8.26µm
u_bram.bram\[92\]\[26\],8.26µm
u_bram.bram\[95\]\[21\],8.26µm
u_bram.bram\[166\]\[7\],8.245µm
u_bram.bram\[38\]\[10\],8.245µm
_11043_,8.24µm
_13446_,8.24µm
u_bram.bram\[103\]\[1\],8.24µm
u_bram.bram\[111\]\[6\],8.24µm
u_bram.bram\[116\]\[24\],8.24µm
u_bram.bram\[119\]\[17\],8.24µm
u_bram.bram\[11\]\[24\],8.24µm
u_bram.bram\[127\]\[29\],8.24µm
u_bram.bram\[159\]\[11\],8.24µm
u_bram.bram\[163\]\[2\],8.24µm
u_bram.bram\[180\]\[10\],8.24µm
u_bram.bram\[181\]\[28\],8.24µm
u_bram.bram\[207\]\[5\],8.24µm
u_bram.bram\[215\]\[13\],8.24µm
u_bram.bram\[245\]\[29\],8.24µm
u_bram.bram\[24\]\[12\],8.24µm
u_bram.bram\[37\]\[26\],8.24µm
u_bram.bram\[67\]\[8\],8.24µm
u_bram.bram\[89\]\[20\],8.24µm
u_bram.bram\[97\]\[6\],8.24µm
u_bram.bram\[99\]\[29\],8.24µm
_00672_,8.225µm
_02217_,8.225µm
_07188_,8.225µm
u_bram.bram\[230\]\[0\],8.225µm
_12818_,8.22µm
u_bram.bram\[124\]\[5\],8.22µm
u_bram.bram\[185\]\[9\],8.22µm
u_bram.bram\[196\]\[9\],8.22µm
u_bram.bram\[237\]\[9\],8.22µm
u_bram.bram\[241\]\[14\],8.22µm
u_bram.bram\[243\]\[5\],8.22µm
u_bram.bram\[91\]\[14\],8.22µm
_00696_,8.205µm
_09508_,8.2µm
u_bram.bram\[109\]\[4\],8.2µm
u_bram.bram\[121\]\[25\],8.2µm
u_bram.bram\[150\]\[27\],8.2µm
u_bram.bram\[196\]\[12\],8.2µm
u_bram.bram\[223\]\[15\],8.2µm
u_bram.bram\[223\]\[1\],8.2µm
u_bram.bram\[236\]\[8\],8.2µm
u_bram.bram\[245\]\[11\],8.2µm
u_bram.bram\[245\]\[22\],8.2µm
u_bram.bram\[249\]\[1\],8.2µm
u_bram.bram\[30\]\[19\],8.2µm
u_bram.bram\[43\]\[22\],8.2µm
u_bram.bram\[57\]\[12\],8.2µm
u_bram.bram\[59\]\[11\],8.2µm
u_bram.bram\[59\]\[24\],8.2µm
u_bram.bram\[61\]\[29\],8.2µm
u_bram.bram\[61\]\[8\],8.2µm
u_bram.bram\[85\]\[23\],8.2µm
u_bram.bram\[97\]\[28\],8.2µm
_00079_,8.185µm
_09061_,8.18µm
_09412_,8.18µm
_09498_,8.18µm
_10189_,8.18µm
_13227_,8.18µm
u_bram.bram\[215\]\[14\],8.18µm
_10569_,8.16µm
_12411_,8.16µm
u_bram.bram\[28\]\[13\],8.16µm
u_bram.bram\[253\]\[18\],8.15µm
_08970_,8.14µm
_09536_,8.14µm
_09657_,8.14µm
_10339_,8.14µm
_11027_,8.14µm
_11340_,8.14µm
_12771_,8.14µm
_12863_,8.14µm
_13146_,8.14µm
_13586_,8.14µm
_13956_,8.14µm
u_bram.bram\[100\]\[18\],8.14µm
u_bram.bram\[120\]\[0\],8.14µm
u_bram.bram\[135\]\[15\],8.14µm
u_bram.bram\[144\]\[0\],8.14µm
u_bram.bram\[16\]\[17\],8.14µm
u_bram.bram\[208\]\[18\],8.14µm
u_bram.bram\[208\]\[7\],8.14µm
u_bram.bram\[33\]\[8\],8.14µm
u_bram.bram\[35\]\[2\],8.14µm
u_bram.bram\[96\]\[6\],8.14µm
u_bram.bram\[126\]\[12\],8.13µm
u_bram.bram\[186\]\[3\],8.13µm
u_bram.bram\[234\]\[18\],8.13µm
u_bram.bram\[2\]\[7\],8.13µm
u_bram.bram\[46\]\[13\],8.13µm
u_bram.bram\[74\]\[31\],8.13µm
u_bram.bram\[98\]\[20\],8.13µm
u_bram.bram\[98\]\[3\],8.13µm
_07328_,8.125µm
u_bram.bram\[194\]\[19\],8.125µm
_09842_,8.12µm
u_bram.bram\[103\]\[30\],8.12µm
u_bram.bram\[116\]\[21\],8.12µm
u_bram.bram\[118\]\[0\],8.12µm
u_bram.bram\[119\]\[18\],8.12µm
u_bram.bram\[125\]\[26\],8.12µm
u_bram.bram\[133\]\[31\],8.12µm
u_bram.bram\[143\]\[29\],8.12µm
u_bram.bram\[15\]\[13\],8.12µm
u_bram.bram\[24\]\[0\],8.12µm
u_bram.bram\[35\]\[29\],8.12µm
u_bram.bram\[54\]\[9\],8.12µm
_04076_,8.115µm
_08064_,8.115µm
_11076_,8.115µm
u_bram.bram\[42\]\[2\],8.11µm
_05181_,8.105µm
_09379_,8.1µm
_10655_,8.1µm
_11168_,8.1µm
_11791_,8.1µm
_12057_,8.1µm
_12125_,8.1µm
_12197_,8.1µm
_12884_,8.1µm
_13331_,8.1µm
r_ptr_sync_gray\[7\],8.1µm
u_bram.bram\[0\]\[12\],8.1µm
u_bram.bram\[0\]\[23\],8.1µm
u_bram.bram\[100\]\[2\],8.1µm
u_bram.bram\[104\]\[2\],8.1µm
u_bram.bram\[105\]\[9\],8.1µm
u_bram.bram\[119\]\[4\],8.1µm
u_bram.bram\[119\]\[8\],8.1µm
u_bram.bram\[129\]\[22\],8.1µm
u_bram.bram\[132\]\[19\],8.1µm
u_bram.bram\[136\]\[6\],8.1µm
u_bram.bram\[141\]\[1\],8.1µm
u_bram.bram\[145\]\[15\],8.1µm
u_bram.bram\[156\]\[28\],8.1µm
u_bram.bram\[159\]\[17\],8.1µm
u_bram.bram\[15\]\[9\],8.1µm
u_bram.bram\[161\]\[10\],8.1µm
u_bram.bram\[164\]\[20\],8.1µm
u_bram.bram\[165\]\[18\],8.1µm
u_bram.bram\[16\]\[26\],8.1µm
u_bram.bram\[17\]\[18\],8.1µm
u_bram.bram\[17\]\[29\],8.1µm
u_bram.bram\[180\]\[2\],8.1µm
u_bram.bram\[183\]\[10\],8.1µm
u_bram.bram\[184\]\[22\],8.1µm
u_bram.bram\[185\]\[29\],8.1µm
u_bram.bram\[187\]\[22\],8.1µm
u_bram.bram\[187\]\[4\],8.1µm
u_bram.bram\[189\]\[17\],8.1µm
u_bram.bram\[191\]\[13\],8.1µm
u_bram.bram\[196\]\[21\],8.1µm
u_bram.bram\[196\]\[31\],8.1µm
u_bram.bram\[19\]\[26\],8.1µm
u_bram.bram\[201\]\[28\],8.1µm
u_bram.bram\[204\]\[24\],8.1µm
u_bram.bram\[205\]\[25\],8.1µm
u_bram.bram\[209\]\[22\],8.1µm
u_bram.bram\[209\]\[5\],8.1µm
u_bram.bram\[212\]\[2\],8.1µm
u_bram.bram\[213\]\[17\],8.1µm
u_bram.bram\[221\]\[21\],8.1µm
u_bram.bram\[221\]\[28\],8.1µm
u_bram.bram\[228\]\[28\],8.1µm
u_bram.bram\[232\]\[2\],8.1µm
u_bram.bram\[236\]\[1\],8.1µm
u_bram.bram\[237\]\[15\],8.1µm
u_bram.bram\[23\]\[9\],8.1µm
u_bram.bram\[240\]\[22\],8.1µm
u_bram.bram\[241\]\[9\],8.1µm
u_bram.bram\[245\]\[18\],8.1µm
u_bram.bram\[248\]\[20\],8.1µm
u_bram.bram\[249\]\[14\],8.1µm
u_bram.bram\[249\]\[31\],8.1µm
u_bram.bram\[253\]\[27\],8.1µm
u_bram.bram\[26\]\[16\],8.1µm
u_bram.bram\[31\]\[13\],8.1µm
u_bram.bram\[33\]\[6\],8.1µm
u_bram.bram\[35\]\[17\],8.1µm
u_bram.bram\[35\]\[4\],8.1µm
u_bram.bram\[36\]\[25\],8.1µm
u_bram.bram\[36\]\[2\],8.1µm
u_bram.bram\[37\]\[20\],8.1µm
u_bram.bram\[40\]\[18\],8.1µm
u_bram.bram\[41\]\[31\],8.1µm
u_bram.bram\[41\]\[9\],8.1µm
u_bram.bram\[43\]\[4\],8.1µm
u_bram.bram\[44\]\[29\],8.1µm
u_bram.bram\[45\]\[14\],8.1µm
u_bram.bram\[45\]\[22\],8.1µm
u_bram.bram\[45\]\[24\],8.1µm
u_bram.bram\[49\]\[17\],8.1µm
u_bram.bram\[4\]\[3\],8.1µm
u_bram.bram\[53\]\[10\],8.1µm
u_bram.bram\[56\]\[8\],8.1µm
u_bram.bram\[57\]\[26\],8.1µm
u_bram.bram\[61\]\[10\],8.1µm
u_bram.bram\[64\]\[14\],8.1µm
u_bram.bram\[64\]\[1\],8.1µm
u_bram.bram\[64\]\[28\],8.1µm
u_bram.bram\[72\]\[2\],8.1µm
u_bram.bram\[73\]\[12\],8.1µm
u_bram.bram\[73\]\[24\],8.1µm
u_bram.bram\[84\]\[0\],8.1µm
u_bram.bram\[89\]\[21\],8.1µm
u_bram.bram\[8\]\[0\],8.1µm
u_bram.bram\[8\]\[26\],8.1µm
u_bram.bram\[8\]\[3\],8.1µm
u_bram.bram\[93\]\[18\],8.1µm
_09093_,8.09µm
_07170_,8.085µm
_08276_,8.08µm
u_bram.bram\[108\]\[25\],8.08µm
u_bram.bram\[121\]\[11\],8.08µm
u_bram.bram\[153\]\[14\],8.08µm
u_bram.bram\[172\]\[14\],8.08µm
u_bram.bram\[175\]\[21\],8.08µm
u_bram.bram\[57\]\[9\],8.08µm
u_bram.bram\[59\]\[13\],8.08µm
u_bram.bram\[85\]\[29\],8.08µm
u_bram.bram\[90\]\[23\],8.08µm
_00136_,8.065µm
_00702_,8.065µm
_01819_,8.065µm
_01912_,8.065µm
_02453_,8.065µm
_03021_,8.065µm
_03042_,8.065µm
_03800_,8.065µm
_04866_,8.065µm
_04917_,8.065µm
_04918_,8.065µm
_05324_,8.065µm
_05946_,8.065µm
_06085_,8.065µm
_06278_,8.065µm
_07832_,8.065µm
_09442_,8.06µm
_10082_,8.06µm
_10422_,8.06µm
_11119_,8.06µm
_11779_,8.06µm
_11842_,8.06µm
_12797_,8.06µm
_13526_,8.06µm
_13983_,8.06µm
u_bram.bram\[145\]\[0\],8.06µm
u_bram.bram\[65\]\[17\],8.06µm
u_bram.bram\[95\]\[23\],8.06µm
_09158_,8.04µm
_11894_,8.04µm
_12200_,8.04µm
u_bram.bram\[95\]\[11\],8.04µm
_02001_,8.025µm
_06896_,8.025µm
_06989_,8.025µm
u_bram.bram\[114\]\[11\],8.025µm
_10352_,8.02µm
_10718_,8.02µm
_10816_,8.02µm
_11418_,8.02µm
_11888_,8.02µm
_12546_,8.02µm
_13162_,8.02µm
_13166_,8.02µm
_13233_,8.02µm
u_bram.bram\[155\]\[16\],8.02µm
u_bram.bram\[203\]\[20\],8.02µm
u_bram.bram\[228\]\[18\],8.02µm
u_bram.bram\[241\]\[11\],8.02µm
u_bram.bram\[24\]\[13\],8.02µm
u_bram.bram\[25\]\[29\],8.02µm
u_bram.bram\[27\]\[6\],8.02µm
u_bram.bram\[30\]\[26\],8.02µm
u_bram.bram\[32\]\[26\],8.02µm
u_bram.bram\[52\]\[17\],8.02µm
u_bram.bram\[8\]\[23\],8.02µm
_04625_,8.015µm
u_bram.bram\[10\]\[4\],8.01µm
_09213_,8µm
u_bram.bram\[191\]\[16\],8µm
u_bram.bram\[77\]\[22\],8µm
u_bram.bram\[8\]\[6\],8µm
u_bram.bram\[94\]\[7\],8µm
_07597_,7.985µm
_08578_,7.98µm
_09717_,7.98µm
_09939_,7.98µm
_10130_,7.98µm
_10404_,7.98µm
_11631_,7.98µm
_12814_,7.98µm
_12928_,7.98µm
_13545_,7.98µm
_13693_,7.98µm
u_bram.bram\[115\]\[7\],7.98µm
u_bram.bram\[117\]\[24\],7.98µm
u_bram.bram\[118\]\[18\],7.98µm
u_bram.bram\[119\]\[29\],7.98µm
u_bram.bram\[149\]\[8\],7.98µm
u_bram.bram\[156\]\[0\],7.98µm
u_bram.bram\[156\]\[26\],7.98µm
u_bram.bram\[158\]\[18\],7.98µm
u_bram.bram\[159\]\[18\],7.98µm
u_bram.bram\[15\]\[16\],7.98µm
u_bram.bram\[178\]\[11\],7.98µm
u_bram.bram\[179\]\[14\],7.98µm
u_bram.bram\[181\]\[15\],7.98µm
u_bram.bram\[181\]\[1\],7.98µm
u_bram.bram\[192\]\[31\],7.98µm
u_bram.bram\[200\]\[4\],7.98µm
u_bram.bram\[201\]\[6\],7.98µm
u_bram.bram\[211\]\[31\],7.98µm
u_bram.bram\[212\]\[24\],7.98µm
u_bram.bram\[212\]\[27\],7.98µm
u_bram.bram\[220\]\[26\],7.98µm
u_bram.bram\[223\]\[11\],7.98µm
u_bram.bram\[236\]\[28\],7.98µm
u_bram.bram\[245\]\[16\],7.98µm
u_bram.bram\[246\]\[21\],7.98µm
u_bram.bram\[246\]\[6\],7.98µm
u_bram.bram\[247\]\[27\],7.98µm
u_bram.bram\[24\]\[28\],7.98µm
u_bram.bram\[30\]\[5\],7.98µm
u_bram.bram\[39\]\[14\],7.98µm
u_bram.bram\[50\]\[25\],7.98µm
u_bram.bram\[53\]\[29\],7.98µm
u_bram.bram\[54\]\[29\],7.98µm
u_bram.bram\[57\]\[18\],7.98µm
u_bram.bram\[57\]\[2\],7.98µm
u_bram.bram\[57\]\[3\],7.98µm
u_bram.bram\[64\]\[30\],7.98µm
u_bram.bram\[71\]\[28\],7.98µm
u_bram.bram\[88\]\[25\],7.98µm
u_bram.bram\[89\]\[31\],7.98µm
u_bram.bram\[90\]\[21\],7.98µm
u_bram.bram\[92\]\[17\],7.98µm
u_bram.bram\[94\]\[4\],7.98µm
_03830_,7.975µm
_08855_,7.96µm
_12418_,7.96µm
_13240_,7.96µm
u_bram.bram\[168\]\[19\],7.96µm
u_bram.bram\[88\]\[27\],7.96µm
_01651_,7.945µm
_04935_,7.945µm
_05032_,7.945µm
_05139_,7.945µm
_06393_,7.945µm
_07010_,7.945µm
_07879_,7.945µm
_08629_,7.94µm
_08796_,7.94µm
_09981_,7.94µm
_10001_,7.94µm
_10308_,7.94µm
_10476_,7.94µm
_11552_,7.94µm
_11977_,7.94µm
_12482_,7.94µm
_12509_,7.94µm
_12705_,7.94µm
_12962_,7.94µm
_14016_,7.94µm
u_bram.bram\[148\]\[17\],7.94µm
_04178_,7.925µm
_02267_,7.92µm
_09576_,7.92µm
_12417_,7.92µm
_12539_,7.92µm
_13559_,7.92µm
u_bram.bram\[119\]\[24\],7.92µm
u_bram.bram\[119\]\[28\],7.92µm
u_bram.bram\[30\]\[24\],7.92µm
u_bram.bram\[31\]\[22\],7.92µm
u_bram.bram\[53\]\[8\],7.92µm
_02188_,7.905µm
_02561_,7.905µm
_04800_,7.905µm
_04945_,7.905µm
u_bram.bram\[110\]\[27\],7.905µm
u_bram.bram\[111\]\[7\],7.9µm
u_bram.bram\[119\]\[7\],7.9µm
u_bram.bram\[135\]\[8\],7.9µm
u_bram.bram\[143\]\[28\],7.9µm
u_bram.bram\[145\]\[29\],7.9µm
u_bram.bram\[159\]\[10\],7.9µm
u_bram.bram\[199\]\[28\],7.9µm
u_bram.bram\[251\]\[3\],7.9µm
u_bram.bram\[53\]\[13\],7.9µm
u_bram.bram\[55\]\[17\],7.9µm
u_bram.bram\[59\]\[22\],7.9µm
u_bram.bram\[67\]\[23\],7.9µm
u_bram.bram\[71\]\[12\],7.9µm
_05468_,7.895µm
_05998_,7.895µm
_09630_,7.895µm
u_bram.bram\[170\]\[27\],7.89µm
u_bram.bram\[206\]\[16\],7.89µm
_06620_,7.88µm
_08906_,7.88µm
_11460_,7.88µm
_13443_,7.88µm
u_bram.bram\[11\]\[31\],7.88µm
u_bram.bram\[153\]\[4\],7.88µm
u_bram.bram\[160\]\[21\],7.88µm
u_bram.bram\[178\]\[16\],7.88µm
u_bram.bram\[17\]\[1\],7.88µm
u_bram.bram\[191\]\[29\],7.88µm
u_bram.bram\[204\]\[10\],7.88µm
u_bram.bram\[209\]\[18\],7.88µm
u_bram.bram\[20\]\[30\],7.88µm
u_bram.bram\[212\]\[10\],7.88µm
u_bram.bram\[214\]\[8\],7.88µm
u_bram.bram\[216\]\[12\],7.88µm
u_bram.bram\[225\]\[8\],7.88µm
u_bram.bram\[232\]\[4\],7.88µm
u_bram.bram\[242\]\[14\],7.88µm
u_bram.bram\[247\]\[1\],7.88µm
u_bram.bram\[40\]\[29\],7.88µm
u_bram.bram\[49\]\[13\],7.88µm
u_bram.bram\[54\]\[21\],7.88µm
u_bram.bram\[73\]\[5\],7.88µm
u_bram.bram\[81\]\[8\],7.88µm
u_bram.bram\[81\]\[9\],7.88µm
u_bram.bram\[89\]\[2\],7.88µm
_08524_,7.875µm
u_bram.bram\[167\]\[9\],7.875µm
u_bram.bram\[26\]\[0\],7.87µm
u_bram.bram\[34\]\[22\],7.87µm
_11039_,7.86µm
u_bram.bram\[129\]\[1\],7.86µm
u_bram.bram\[151\]\[16\],7.86µm
u_bram.bram\[17\]\[17\],7.86µm
u_bram.bram\[255\]\[22\],7.86µm
u_bram.bram\[27\]\[25\],7.86µm
u_bram.bram\[31\]\[28\],7.86µm
u_bram.bram\[33\]\[17\],7.86µm
u_bram.bram\[40\]\[8\],7.86µm
u_bram.bram\[55\]\[8\],7.86µm
u_bram.bram\[64\]\[11\],7.86µm
u_bram.bram\[81\]\[21\],7.86µm
_05805_,7.855µm
_06225_,7.855µm
_07347_,7.855µm
_00550_,7.845µm
_00645_,7.845µm
_01163_,7.845µm
_01818_,7.845µm
_03050_,7.845µm
_03749_,7.845µm
_05179_,7.845µm
_05828_,7.845µm
_06196_,7.845µm
_06325_,7.845µm
_07711_,7.845µm
_07818_,7.845µm
_08023_,7.845µm
_10278_,7.84µm
_11559_,7.84µm
_12109_,7.84µm
u_bram.bram\[151\]\[7\],7.84µm
u_bram.bram\[180\]\[16\],7.84µm
u_bram.bram\[28\]\[24\],7.84µm
u_bram.bram\[50\]\[14\],7.84µm
_02675_,7.825µm
_05855_,7.825µm
_09146_,7.82µm
_09164_,7.82µm
_10128_,7.82µm
_11033_,7.82µm
_11350_,7.82µm
_12655_,7.82µm
_12772_,7.82µm
_12843_,7.82µm
_04848_,7.815µm
_02192_,7.805µm
_05884_,7.805µm
_06963_,7.805µm
u_bram.bram\[110\]\[15\],7.805µm
u_bram.bram\[174\]\[6\],7.805µm
_07438_,7.8µm
_09173_,7.8µm
_11595_,7.8µm
u_bram.bram\[158\]\[2\],7.8µm
u_bram.bram\[159\]\[24\],7.8µm
u_bram.bram\[179\]\[18\],7.8µm
u_bram.bram\[179\]\[20\],7.8µm
u_bram.bram\[215\]\[29\],7.8µm
u_bram.bram\[215\]\[6\],7.8µm
u_bram.bram\[243\]\[23\],7.8µm
u_bram.bram\[244\]\[26\],7.8µm
u_bram.bram\[245\]\[5\],7.8µm
u_bram.bram\[29\]\[7\],7.8µm
u_bram.bram\[88\]\[30\],7.8µm
u_bram.bram\[114\]\[18\],7.79µm
u_bram.bram\[162\]\[18\],7.79µm
u_bram.bram\[6\]\[30\],7.79µm
u_bram.bram\[199\]\[31\],7.785µm
_10828_,7.78µm
_13646_,7.78µm
u_bram.bram\[109\]\[21\],7.78µm
u_bram.bram\[111\]\[26\],7.78µm
u_bram.bram\[117\]\[6\],7.78µm
u_bram.bram\[123\]\[24\],7.78µm
u_bram.bram\[127\]\[19\],7.78µm
u_bram.bram\[131\]\[8\],7.78µm
u_bram.bram\[148\]\[12\],7.78µm
u_bram.bram\[149\]\[2\],7.78µm
u_bram.bram\[151\]\[19\],7.78µm
u_bram.bram\[151\]\[31\],7.78µm
u_bram.bram\[16\]\[23\],7.78µm
u_bram.bram\[179\]\[27\],7.78µm
u_bram.bram\[199\]\[5\],7.78µm
u_bram.bram\[211\]\[4\],7.78µm
u_bram.bram\[213\]\[4\],7.78µm
u_bram.bram\[223\]\[13\],7.78µm
u_bram.bram\[27\]\[28\],7.78µm
u_bram.bram\[29\]\[28\],7.78µm
u_bram.bram\[3\]\[11\],7.78µm
u_bram.bram\[47\]\[20\],7.78µm
u_bram.bram\[47\]\[27\],7.78µm
u_bram.bram\[67\]\[12\],7.78µm
u_bram.bram\[72\]\[25\],7.78µm
u_bram.bram\[83\]\[13\],7.78µm
u_bram.bram\[87\]\[11\],7.78µm
u_bram.bram\[87\]\[19\],7.78µm
u_bram.bram\[95\]\[5\],7.78µm
u_bram.bram\[96\]\[15\],7.78µm
_02465_,7.775µm
u_bram.bram\[34\]\[29\],7.77µm
u_bram.bram\[34\]\[4\],7.77µm
u_bram.bram\[74\]\[24\],7.77µm
_05729_,7.765µm
_12051_,7.765µm
u_bram.bram\[162\]\[14\],7.765µm
_10025_,7.76µm
_11712_,7.76µm
_12351_,7.76µm
u_bram.bram\[103\]\[18\],7.76µm
u_bram.bram\[123\]\[5\],7.76µm
u_bram.bram\[156\]\[3\],7.76µm
u_bram.bram\[181\]\[22\],7.76µm
u_bram.bram\[220\]\[14\],7.76µm
u_bram.bram\[242\]\[28\],7.76µm
u_bram.bram\[28\]\[22\],7.76µm
u_bram.bram\[154\]\[19\],7.75µm
_00420_,7.745µm
_06764_,7.745µm
_07430_,7.745µm
u_bram.bram\[105\]\[19\],7.74µm
u_bram.bram\[124\]\[16\],7.74µm
u_bram.bram\[139\]\[15\],7.74µm
u_bram.bram\[141\]\[18\],7.74µm
u_bram.bram\[141\]\[8\],7.74µm
u_bram.bram\[143\]\[16\],7.74µm
u_bram.bram\[203\]\[12\],7.74µm
u_bram.bram\[215\]\[15\],7.74µm
u_bram.bram\[247\]\[8\],7.74µm
u_bram.bram\[248\]\[22\],7.74µm
u_bram.bram\[27\]\[19\],7.74µm
u_bram.bram\[27\]\[31\],7.74µm
u_bram.bram\[57\]\[28\],7.74µm
u_bram.bram\[73\]\[22\],7.74µm
u_bram.bram\[73\]\[7\],7.74µm
u_bram.bram\[81\]\[10\],7.74µm
u_bram.bram\[92\]\[1\],7.74µm
u_bram.bram\[95\]\[4\],7.74µm
_03053_,7.725µm
_08683_,7.72µm
_10671_,7.72µm
_13617_,7.72µm
_13653_,7.72µm
_13720_,7.72µm
_09325_,7.705µm
_09034_,7.7µm
_09426_,7.7µm
_09541_,7.7µm
_10263_,7.7µm
_10953_,7.7µm
_13852_,7.7µm
_01323_,7.685µm
_07286_,7.685µm
_09095_,7.68µm
_10567_,7.68µm
_10850_,7.68µm
_12970_,7.68µm
_13274_,7.68µm
_13881_,7.68µm
u_bram.bram\[107\]\[12\],7.68µm
u_bram.bram\[136\]\[1\],7.68µm
u_bram.bram\[144\]\[8\],7.68µm
u_bram.bram\[163\]\[9\],7.68µm
u_bram.bram\[167\]\[4\],7.68µm
u_bram.bram\[184\]\[16\],7.68µm
u_bram.bram\[204\]\[21\],7.68µm
u_bram.bram\[220\]\[17\],7.68µm
u_bram.bram\[245\]\[15\],7.68µm
u_bram.bram\[40\]\[28\],7.68µm
u_bram.bram\[73\]\[1\],7.68µm
u_bram.bram\[96\]\[9\],7.68µm
u_bram.bram\[190\]\[8\],7.67µm
u_bram.bram\[38\]\[19\],7.67µm
u_bram.bram\[6\]\[18\],7.67µm
u_bram.bram\[70\]\[2\],7.665µm
_09416_,7.66µm
_12085_,7.66µm
_13311_,7.66µm
_13888_,7.66µm
u_bram.bram\[135\]\[3\],7.66µm
u_bram.bram\[141\]\[26\],7.66µm
u_bram.bram\[156\]\[12\],7.66µm
u_bram.bram\[175\]\[10\],7.66µm
u_bram.bram\[246\]\[24\],7.66µm
u_bram.bram\[43\]\[28\],7.66µm
u_bram.bram\[83\]\[1\],7.66µm
u_bram.bram\[90\]\[18\],7.66µm
u_bram.bram\[92\]\[31\],7.66µm
_05045_,7.655µm
u_bram.bram\[206\]\[8\],7.65µm
_08537_,7.64µm
_08816_,7.64µm
_09006_,7.64µm
_09308_,7.64µm
_10621_,7.64µm
_12086_,7.64µm
_12247_,7.64µm
_13955_,7.64µm
u_bram.bram\[101\]\[27\],7.64µm
u_bram.bram\[105\]\[12\],7.64µm
u_bram.bram\[105\]\[15\],7.64µm
u_bram.bram\[109\]\[23\],7.64µm
u_bram.bram\[113\]\[12\],7.64µm
u_bram.bram\[121\]\[1\],7.64µm
u_bram.bram\[125\]\[30\],7.64µm
u_bram.bram\[132\]\[10\],7.64µm
u_bram.bram\[133\]\[13\],7.64µm
u_bram.bram\[137\]\[12\],7.64µm
u_bram.bram\[148\]\[29\],7.64µm
u_bram.bram\[149\]\[24\],7.64µm
u_bram.bram\[149\]\[30\],7.64µm
u_bram.bram\[151\]\[23\],7.64µm
u_bram.bram\[157\]\[4\],7.64µm
u_bram.bram\[163\]\[1\],7.64µm
u_bram.bram\[164\]\[5\],7.64µm
u_bram.bram\[169\]\[21\],7.64µm
u_bram.bram\[171\]\[21\],7.64µm
u_bram.bram\[173\]\[14\],7.64µm
u_bram.bram\[175\]\[30\],7.64µm
u_bram.bram\[17\]\[31\],7.64µm
u_bram.bram\[181\]\[24\],7.64µm
u_bram.bram\[181\]\[8\],7.64µm
u_bram.bram\[183\]\[27\],7.64µm
u_bram.bram\[185\]\[0\],7.64µm
u_bram.bram\[189\]\[7\],7.64µm
u_bram.bram\[197\]\[0\],7.64µm
u_bram.bram\[19\]\[14\],7.64µm
u_bram.bram\[204\]\[0\],7.64µm
u_bram.bram\[204\]\[16\],7.64µm
u_bram.bram\[209\]\[23\],7.64µm
u_bram.bram\[211\]\[27\],7.64µm
u_bram.bram\[213\]\[0\],7.64µm
u_bram.bram\[217\]\[0\],7.64µm
u_bram.bram\[217\]\[3\],7.64µm
u_bram.bram\[21\]\[18\],7.64µm
u_bram.bram\[224\]\[24\],7.64µm
u_bram.bram\[242\]\[25\],7.64µm
u_bram.bram\[252\]\[12\],7.64µm
u_bram.bram\[252\]\[7\],7.64µm
u_bram.bram\[28\]\[19\],7.64µm
u_bram.bram\[28\]\[8\],7.64µm
u_bram.bram\[29\]\[8\],7.64µm
u_bram.bram\[32\]\[29\],7.64µm
u_bram.bram\[3\]\[16\],7.64µm
u_bram.bram\[3\]\[29\],7.64µm
u_bram.bram\[49\]\[4\],7.64µm
u_bram.bram\[51\]\[17\],7.64µm
u_bram.bram\[51\]\[1\],7.64µm
u_bram.bram\[52\]\[4\],7.64µm
u_bram.bram\[52\]\[7\],7.64µm
u_bram.bram\[53\]\[20\],7.64µm
u_bram.bram\[57\]\[1\],7.64µm
u_bram.bram\[60\]\[27\],7.64µm
u_bram.bram\[61\]\[20\],7.64µm
u_bram.bram\[64\]\[18\],7.64µm
u_bram.bram\[69\]\[30\],7.64µm
u_bram.bram\[72\]\[28\],7.64µm
u_bram.bram\[72\]\[6\],7.64µm
u_bram.bram\[73\]\[0\],7.64µm
u_bram.bram\[73\]\[25\],7.64µm
u_bram.bram\[81\]\[2\],7.64µm
u_bram.bram\[81\]\[4\],7.64µm
u_bram.bram\[81\]\[6\],7.64µm
u_bram.bram\[87\]\[24\],7.64µm
u_bram.bram\[88\]\[15\],7.64µm
u_bram.bram\[88\]\[17\],7.64µm
u_bram.bram\[9\]\[22\],7.64µm
u_bram.bram\[9\]\[3\],7.64µm
u_bram.bram\[9\]\[9\],7.64µm
_01626_,7.635µm
_04776_,7.635µm
_01311_,7.625µm
_06470_,7.625µm
u_bram.bram\[0\]\[26\],7.62µm
u_bram.bram\[120\]\[8\],7.62µm
u_bram.bram\[188\]\[0\],7.62µm
u_bram.bram\[221\]\[12\],7.62µm
_00143_,7.605µm
_00421_,7.605µm
_01402_,7.605µm
_01876_,7.605µm
_02229_,7.605µm
_02430_,7.605µm
_02523_,7.605µm
_03259_,7.605µm
_03653_,7.605µm
_04196_,7.605µm
_04359_,7.605µm
_06251_,7.605µm
_06415_,7.605µm
_07114_,7.605µm
_07209_,7.605µm
_11237_,7.6µm
_11241_,7.6µm
_11593_,7.6µm
_11681_,7.6µm
_12353_,7.6µm
_12841_,7.6µm
_12868_,7.6µm
_12969_,7.6µm
_13083_,7.6µm
_13830_,7.6µm
u_bram.bram\[5\]\[0\],7.6µm
_08685_,7.585µm
_09540_,7.58µm
_09559_,7.58µm
_10993_,7.58µm
_12603_,7.58µm
_12836_,7.58µm
u_bram.bram\[180\]\[18\],7.58µm
_01454_,7.565µm
_03851_,7.565µm
_06245_,7.565µm
_06283_,7.565µm
_06817_,7.565µm
_11927_,7.565µm
_09161_,7.56µm
_09311_,7.56µm
_09336_,7.56µm
_09452_,7.56µm
_09736_,7.56µm
_10808_,7.56µm
_10900_,7.56µm
_11372_,7.56µm
_11990_,7.56µm
_12690_,7.56µm
_12715_,7.56µm
_13418_,7.56µm
_13873_,7.56µm
_13966_,7.56µm
u_bram.bram\[104\]\[7\],7.56µm
u_bram.bram\[11\]\[23\],7.56µm
u_bram.bram\[121\]\[13\],7.56µm
u_bram.bram\[141\]\[19\],7.56µm
u_bram.bram\[179\]\[11\],7.56µm
u_bram.bram\[181\]\[5\],7.56µm
u_bram.bram\[231\]\[2\],7.56µm
u_bram.bram\[245\]\[25\],7.56µm
u_bram.bram\[255\]\[1\],7.56µm
u_bram.bram\[31\]\[31\],7.56µm
u_bram.bram\[84\]\[29\],7.56µm
_01968_,7.555µm
_03724_,7.555µm
_03909_,7.555µm
_05581_,7.555µm
u_bram.bram\[102\]\[13\],7.55µm
u_bram.bram\[202\]\[12\],7.55µm
u_bram.bram\[206\]\[30\],7.55µm
u_bram.bram\[116\]\[31\],7.54µm
u_bram.bram\[147\]\[10\],7.54µm
u_bram.bram\[167\]\[30\],7.54µm
u_bram.bram\[211\]\[15\],7.54µm
u_bram.bram\[212\]\[29\],7.54µm
u_bram.bram\[217\]\[19\],7.54µm
u_bram.bram\[255\]\[0\],7.54µm
_12466_,7.525µm
_08563_,7.52µm
_08799_,7.52µm
_08971_,7.52µm
_09410_,7.52µm
_09464_,7.52µm
_09484_,7.52µm
_09517_,7.52µm
_09553_,7.52µm
_09568_,7.52µm
_09985_,7.52µm
_10088_,7.52µm
_10321_,7.52µm
_10731_,7.52µm
_11410_,7.52µm
_11847_,7.52µm
_11879_,7.52µm
_12324_,7.52µm
_12450_,7.52µm
_12876_,7.52µm
_13072_,7.52µm
_13439_,7.52µm
u_bram.bram\[132\]\[17\],7.52µm
u_bram.bram\[148\]\[25\],7.52µm
u_bram.bram\[148\]\[5\],7.52µm
u_bram.bram\[157\]\[0\],7.52µm
u_bram.bram\[158\]\[16\],7.52µm
u_bram.bram\[158\]\[26\],7.52µm
u_bram.bram\[158\]\[29\],7.52µm
u_bram.bram\[158\]\[5\],7.52µm
u_bram.bram\[159\]\[16\],7.52µm
u_bram.bram\[176\]\[10\],7.52µm
u_bram.bram\[176\]\[13\],7.52µm
u_bram.bram\[180\]\[12\],7.52µm
u_bram.bram\[181\]\[10\],7.52µm
u_bram.bram\[182\]\[26\],7.52µm
u_bram.bram\[196\]\[10\],7.52µm
u_bram.bram\[200\]\[22\],7.52µm
u_bram.bram\[203\]\[10\],7.52µm
u_bram.bram\[214\]\[12\],7.52µm
u_bram.bram\[215\]\[11\],7.52µm
u_bram.bram\[222\]\[0\],7.52µm
u_bram.bram\[222\]\[16\],7.52µm
u_bram.bram\[222\]\[18\],7.52µm
u_bram.bram\[222\]\[2\],7.52µm
u_bram.bram\[223\]\[20\],7.52µm
u_bram.bram\[242\]\[30\],7.52µm
u_bram.bram\[243\]\[17\],7.52µm
u_bram.bram\[244\]\[4\],7.52µm
u_bram.bram\[246\]\[28\],7.52µm
u_bram.bram\[249\]\[6\],7.52µm
u_bram.bram\[252\]\[16\],7.52µm
u_bram.bram\[26\]\[17\],7.52µm
u_bram.bram\[27\]\[14\],7.52µm
u_bram.bram\[28\]\[14\],7.52µm
u_bram.bram\[28\]\[16\],7.52µm
u_bram.bram\[28\]\[2\],7.52µm
u_bram.bram\[30\]\[7\],7.52µm
u_bram.bram\[51\]\[20\],7.52µm
u_bram.bram\[54\]\[10\],7.52µm
u_bram.bram\[54\]\[18\],7.52µm
u_bram.bram\[54\]\[7\],7.52µm
u_bram.bram\[55\]\[9\],7.52µm
u_bram.bram\[88\]\[14\],7.52µm
u_bram.bram\[89\]\[13\],7.52µm
u_bram.bram\[89\]\[9\],7.52µm
u_bram.bram\[90\]\[16\],7.52µm
u_bram.bram\[91\]\[10\],7.52µm
u_bram.bram\[92\]\[23\],7.52µm
u_bram.bram\[92\]\[3\],7.52µm
u_bram.bram\[93\]\[21\],7.52µm
u_bram.bram\[93\]\[30\],7.52µm
u_bram.bram\[93\]\[4\],7.52µm
u_bram.bram\[9\]\[6\],7.52µm
_00427_,7.505µm
_00471_,7.505µm
_02060_,7.505µm
_02064_,7.505µm
_03577_,7.505µm
_05383_,7.505µm
_05391_,7.505µm
_05702_,7.505µm
_05814_,7.505µm
_05826_,7.505µm
_06453_,7.505µm
_06647_,7.505µm
_06649_,7.505µm
_07221_,7.505µm
_10457_,7.505µm
_08889_,7.5µm
_12833_,7.5µm
_13893_,7.5µm
_01029_,7.495µm
_02250_,7.485µm
_03151_,7.485µm
_03815_,7.485µm
_05093_,7.485µm
_05192_,7.485µm
_07528_,7.485µm
_07916_,7.485µm
_09425_,7.48µm
_10133_,7.48µm
_10345_,7.48µm
_11058_,7.48µm
u_bram.bram\[156\]\[18\],7.48µm
_01114_,7.465µm
_03125_,7.465µm
_06549_,7.465µm
_06687_,7.465µm
_00196_,7.46µm
_05712_,7.46µm
_10796_,7.46µm
u_bram.bram\[116\]\[30\],7.46µm
u_bram.bram\[159\]\[13\],7.46µm
u_bram.bram\[213\]\[20\],7.46µm
u_bram.bram\[214\]\[1\],7.46µm
u_bram.bram\[247\]\[18\],7.46µm
_08289_,7.44µm
_09171_,7.44µm
_09723_,7.44µm
_10521_,7.44µm
_11492_,7.44µm
_14027_,7.44µm
u_bram.bram\[127\]\[16\],7.44µm
u_bram.bram\[132\]\[18\],7.44µm
u_bram.bram\[21\]\[16\],7.44µm
u_bram.bram\[21\]\[27\],7.44µm
u_bram.bram\[228\]\[22\],7.44µm
u_bram.bram\[235\]\[2\],7.44µm
u_bram.bram\[251\]\[19\],7.44µm
u_bram.bram\[255\]\[24\],7.44µm
u_bram.bram\[30\]\[21\],7.44µm
u_bram.bram\[36\]\[6\],7.44µm
u_bram.bram\[3\]\[24\],7.44µm
u_bram.bram\[3\]\[8\],7.44µm
u_bram.bram\[138\]\[10\],7.43µm
u_bram.bram\[190\]\[20\],7.425µm
_00862_,7.42µm
_10291_,7.42µm
_13991_,7.42µm
u_bram.bram\[118\]\[20\],7.42µm
u_bram.bram\[137\]\[7\],7.42µm
u_bram.bram\[144\]\[3\],7.42µm
u_bram.bram\[159\]\[1\],7.42µm
u_bram.bram\[177\]\[14\],7.42µm
u_bram.bram\[180\]\[8\],7.42µm
u_bram.bram\[207\]\[31\],7.42µm
u_bram.bram\[213\]\[24\],7.42µm
u_bram.bram\[232\]\[24\],7.42µm
u_bram.bram\[242\]\[16\],7.42µm
u_bram.bram\[247\]\[30\],7.42µm
u_bram.bram\[28\]\[11\],7.42µm
u_bram.bram\[29\]\[30\],7.42µm
u_bram.bram\[51\]\[13\],7.42µm
u_bram.bram\[91\]\[8\],7.42µm
u_bram.bram\[93\]\[12\],7.42µm
u_bram.bram\[94\]\[3\],7.42µm
u_bram.bram\[95\]\[3\],7.42µm
_05006_,7.415µm
u_bram.bram\[58\]\[3\],7.41µm
_11886_,7.405µm
_07253_,7.4µm
_11230_,7.4µm
u_bram.bram\[120\]\[24\],7.4µm
u_bram.bram\[16\]\[21\],7.4µm
u_bram.bram\[209\]\[11\],7.4µm
u_bram.bram\[221\]\[30\],7.4µm
u_bram.bram\[223\]\[14\],7.4µm
u_bram.bram\[32\]\[7\],7.4µm
u_bram.bram\[53\]\[22\],7.4µm
u_bram.bram\[65\]\[24\],7.4µm
u_bram.bram\[73\]\[30\],7.4µm
u_bram.bram\[94\]\[11\],7.4µm
u_bram.bram\[97\]\[20\],7.4µm
_01711_,7.395µm
_12963_,7.395µm
_00614_,7.385µm
_01278_,7.385µm
_01695_,7.385µm
_02091_,7.385µm
_02260_,7.385µm
_02655_,7.385µm
_03301_,7.385µm
_03890_,7.385µm
_05290_,7.385µm
_05710_,7.385µm
_05907_,7.385µm
_06314_,7.385µm
_07246_,7.385µm
_08269_,7.38µm
_10326_,7.38µm
_10649_,7.38µm
_11273_,7.38µm
_14012_,7.38µm
u_bram.bram\[215\]\[19\],7.38µm
u_bram.bram\[28\]\[10\],7.38µm
_06648_,7.375µm
_01124_,7.365µm
_01726_,7.365µm
_03814_,7.365µm
_05773_,7.365µm
_08785_,7.36µm
_11451_,7.36µm
_11496_,7.36µm
_00321_,7.345µm
_01702_,7.345µm
_03309_,7.345µm
_03343_,7.345µm
_04275_,7.345µm
_05141_,7.345µm
_06702_,7.345µm
_07609_,7.345µm
_11453_,7.34µm
_11754_,7.34µm
u_bram.bram\[176\]\[20\],7.34µm
u_bram.bram\[181\]\[6\],7.34µm
u_bram.bram\[221\]\[18\],7.34µm
u_bram.bram\[241\]\[16\],7.34µm
u_bram.bram\[243\]\[14\],7.34µm
u_bram.bram\[245\]\[13\],7.34µm
u_bram.bram\[246\]\[8\],7.34µm
u_bram.bram\[53\]\[26\],7.34µm
_09757_,7.33µm
u_bram.bram\[34\]\[28\],7.325µm
u_bram.bram\[58\]\[20\],7.325µm
_01224_,7.32µm
u_bram.bram\[104\]\[19\],7.32µm
u_bram.bram\[160\]\[3\],7.32µm
u_bram.bram\[213\]\[16\],7.32µm
u_bram.bram\[223\]\[10\],7.32µm
u_bram.bram\[247\]\[20\],7.32µm
u_bram.bram\[247\]\[7\],7.32µm
u_bram.bram\[252\]\[2\],7.32µm
u_bram.bram\[26\]\[14\],7.32µm
u_bram.bram\[53\]\[23\],7.32µm
u_bram.bram\[92\]\[5\],7.32µm
u_bram.bram\[37\]\[11\],7.315µm
u_bram.bram\[170\]\[28\],7.31µm
_00014_,7.305µm
_04307_,7.305µm
_05454_,7.305µm
_08740_,7.3µm
u_bram.bram\[129\]\[26\],7.3µm
u_bram.bram\[151\]\[14\],7.3µm
u_bram.bram\[159\]\[14\],7.3µm
u_bram.bram\[171\]\[4\],7.3µm
u_bram.bram\[180\]\[19\],7.3µm
u_bram.bram\[203\]\[23\],7.3µm
u_bram.bram\[229\]\[15\],7.3µm
u_bram.bram\[56\]\[5\],7.3µm
u_bram.bram\[8\]\[14\],7.3µm
_01607_,7.285µm
_08585_,7.28µm
_13031_,7.28µm
u_bram.bram\[242\]\[13\],7.28µm
_06889_,7.265µm
_09198_,7.265µm
_12116_,7.265µm
_11556_,7.245µm
_13831_,7.245µm
_08530_,7.24µm
_13543_,7.24µm
_13715_,7.24µm
u_bram.bram\[55\]\[13\],7.23µm
w_data[13],7.23µm
_03088_,7.225µm
_03971_,7.225µm
_06220_,7.225µm
_07017_,7.225µm
_08739_,7.22µm
_08870_,7.22µm
_09177_,7.22µm
_09463_,7.22µm
_09940_,7.22µm
_10287_,7.22µm
_10548_,7.22µm
_10733_,7.22µm
_11087_,7.22µm
_11737_,7.22µm
_11739_,7.22µm
_11920_,7.22µm
_12205_,7.22µm
_12212_,7.22µm
_12228_,7.22µm
u_bram.bram\[108\]\[7\],7.22µm
u_bram.bram\[136\]\[27\],7.22µm
u_bram.bram\[161\]\[9\],7.22µm
u_bram.bram\[164\]\[28\],7.22µm
u_bram.bram\[165\]\[27\],7.22µm
u_bram.bram\[168\]\[16\],7.22µm
u_bram.bram\[171\]\[24\],7.22µm
u_bram.bram\[19\]\[5\],7.22µm
u_bram.bram\[227\]\[5\],7.22µm
u_bram.bram\[3\]\[18\],7.22µm
u_bram.bram\[48\]\[28\],7.22µm
u_bram.bram\[10\]\[18\],7.21µm
u_bram.bram\[206\]\[1\],7.21µm
u_bram.bram\[238\]\[3\],7.21µm
u_bram.bram\[58\]\[26\],7.21µm
_00152_,7.205µm
_05350_,7.205µm
u_bram.bram\[2\]\[20\],7.205µm
_12751_,7.2µm
u_bram.bram\[113\]\[4\],7.2µm
u_bram.bram\[12\]\[24\],7.2µm
u_bram.bram\[132\]\[15\],7.2µm
u_bram.bram\[132\]\[21\],7.2µm
u_bram.bram\[144\]\[19\],7.2µm
u_bram.bram\[153\]\[28\],7.2µm
u_bram.bram\[182\]\[6\],7.2µm
u_bram.bram\[200\]\[16\],7.2µm
u_bram.bram\[211\]\[10\],7.2µm
u_bram.bram\[211\]\[2\],7.2µm
_07491_,7.195µm
_12462_,7.195µm
_08698_,7.18µm
_08957_,7.18µm
_08978_,7.18µm
_09473_,7.18µm
_09582_,7.18µm
_09648_,7.18µm
_09984_,7.18µm
_10120_,7.18µm
_11177_,7.18µm
_11621_,7.18µm
_11768_,7.18µm
_12268_,7.18µm
_12757_,7.18µm
_13144_,7.18µm
_13528_,7.18µm
_13977_,7.18µm
u_bram.bram\[100\]\[27\],7.18µm
u_bram.bram\[104\]\[6\],7.18µm
u_bram.bram\[116\]\[19\],7.18µm
u_bram.bram\[117\]\[27\],7.18µm
u_bram.bram\[11\]\[15\],7.18µm
u_bram.bram\[120\]\[28\],7.18µm
u_bram.bram\[124\]\[7\],7.18µm
u_bram.bram\[128\]\[13\],7.18µm
u_bram.bram\[129\]\[18\],7.18µm
u_bram.bram\[12\]\[14\],7.18µm
u_bram.bram\[132\]\[12\],7.18µm
u_bram.bram\[135\]\[5\],7.18µm
u_bram.bram\[136\]\[5\],7.18µm
u_bram.bram\[13\]\[29\],7.18µm
u_bram.bram\[140\]\[16\],7.18µm
u_bram.bram\[140\]\[19\],7.18µm
u_bram.bram\[145\]\[19\],7.18µm
u_bram.bram\[148\]\[30\],7.18µm
u_bram.bram\[149\]\[15\],7.18µm
u_bram.bram\[157\]\[21\],7.18µm
u_bram.bram\[157\]\[6\],7.18µm
u_bram.bram\[159\]\[6\],7.18µm
u_bram.bram\[160\]\[5\],7.18µm
u_bram.bram\[173\]\[18\],7.18µm
u_bram.bram\[173\]\[21\],7.18µm
u_bram.bram\[173\]\[29\],7.18µm
u_bram.bram\[177\]\[18\],7.18µm
u_bram.bram\[179\]\[19\],7.18µm
u_bram.bram\[179\]\[2\],7.18µm
u_bram.bram\[180\]\[4\],7.18µm
u_bram.bram\[183\]\[31\],7.18µm
u_bram.bram\[188\]\[16\],7.18µm
u_bram.bram\[192\]\[2\],7.18µm
u_bram.bram\[193\]\[10\],7.18µm
u_bram.bram\[193\]\[1\],7.18µm
u_bram.bram\[196\]\[26\],7.18µm
u_bram.bram\[196\]\[28\],7.18µm
u_bram.bram\[209\]\[10\],7.18µm
u_bram.bram\[213\]\[22\],7.18µm
u_bram.bram\[225\]\[15\],7.18µm
u_bram.bram\[227\]\[3\],7.18µm
u_bram.bram\[237\]\[20\],7.18µm
u_bram.bram\[241\]\[24\],7.18µm
u_bram.bram\[244\]\[14\],7.18µm
u_bram.bram\[244\]\[1\],7.18µm
u_bram.bram\[255\]\[21\],7.18µm
u_bram.bram\[25\]\[4\],7.18µm
u_bram.bram\[26\]\[24\],7.18µm
u_bram.bram\[29\]\[11\],7.18µm
u_bram.bram\[33\]\[1\],7.18µm
u_bram.bram\[33\]\[21\],7.18µm
u_bram.bram\[35\]\[14\],7.18µm
u_bram.bram\[36\]\[29\],7.18µm
u_bram.bram\[37\]\[9\],7.18µm
u_bram.bram\[44\]\[23\],7.18µm
u_bram.bram\[45\]\[26\],7.18µm
u_bram.bram\[48\]\[17\],7.18µm
u_bram.bram\[48\]\[2\],7.18µm
u_bram.bram\[4\]\[22\],7.18µm
u_bram.bram\[51\]\[2\],7.18µm
u_bram.bram\[52\]\[21\],7.18µm
u_bram.bram\[53\]\[19\],7.18µm
u_bram.bram\[55\]\[25\],7.18µm
u_bram.bram\[57\]\[13\],7.18µm
u_bram.bram\[80\]\[16\],7.18µm
u_bram.bram\[84\]\[21\],7.18µm
u_bram.bram\[88\]\[10\],7.18µm
u_bram.bram\[89\]\[30\],7.18µm
u_bram.bram\[8\]\[5\],7.18µm
u_bram.bram\[8\]\[7\],7.18µm
u_bram.bram\[91\]\[0\],7.18µm
u_bram.bram\[91\]\[20\],7.18µm
u_bram.bram\[91\]\[28\],7.18µm
u_bram.bram\[95\]\[10\],7.18µm
_07296_,7.175µm
_00641_,7.165µm
_01032_,7.165µm
_01144_,7.165µm
_01792_,7.165µm
_02018_,7.165µm
_02084_,7.165µm
_02353_,7.165µm
_02605_,7.165µm
_02723_,7.165µm
_02739_,7.165µm
_02740_,7.165µm
_02846_,7.165µm
_02856_,7.165µm
_02872_,7.165µm
_03026_,7.165µm
_03195_,7.165µm
_03223_,7.165µm
_03282_,7.165µm
_03315_,7.165µm
_03478_,7.165µm
_03604_,7.165µm
_03912_,7.165µm
_03916_,7.165µm
_03973_,7.165µm
_04106_,7.165µm
_04108_,7.165µm
_04461_,7.165µm
_05001_,7.165µm
_05148_,7.165µm
_05398_,7.165µm
_05443_,7.165µm
_05455_,7.165µm
_05615_,7.165µm
_05760_,7.165µm
_05839_,7.165µm
_06108_,7.165µm
_06349_,7.165µm
_06446_,7.165µm
_06529_,7.165µm
_06605_,7.165µm
_06750_,7.165µm
_06932_,7.165µm
_07069_,7.165µm
_07222_,7.165µm
_07536_,7.165µm
_07539_,7.165µm
_08216_,7.165µm
_13890_,7.16µm
u_bram.bram\[200\]\[9\],7.16µm
u_bram.bram\[242\]\[0\],7.16µm
u_bram.bram\[243\]\[20\],7.16µm
_06729_,7.155µm
_00247_,7.145µm
_00866_,7.145µm
_00923_,7.145µm
_01941_,7.145µm
_02056_,7.145µm
_02447_,7.145µm
_02475_,7.145µm
_02576_,7.145µm
_02766_,7.145µm
_02974_,7.145µm
_03118_,7.145µm
_03152_,7.145µm
_03355_,7.145µm
_03691_,7.145µm
_03703_,7.145µm
_03895_,7.145µm
_05293_,7.145µm
_05527_,7.145µm
_05534_,7.145µm
_05728_,7.145µm
_06465_,7.145µm
_06876_,7.145µm
_07929_,7.145µm
_09084_,7.14µm
_10773_,7.14µm
_10892_,7.14µm
_11516_,7.14µm
_12208_,7.14µm
_12385_,7.14µm
_13473_,7.14µm
_12097_,7.125µm
_13679_,7.12µm
u_bram.bram\[24\]\[7\],7.12µm
_00515_,7.105µm
_00543_,7.105µm
_01199_,7.105µm
_01737_,7.105µm
_02608_,7.105µm
_06806_,7.105µm
_07722_,7.105µm
_07986_,7.105µm
_08046_,7.105µm
u_bram.bram\[190\]\[6\],7.105µm
_04672_,7.1µm
_08883_,7.1µm
_09363_,7.1µm
_11498_,7.1µm
_12286_,7.1µm
_12732_,7.1µm
_12744_,7.1µm
_12894_,7.1µm
_13402_,7.1µm
_13463_,7.1µm
_13724_,7.1µm
u_bram.bram\[120\]\[19\],7.1µm
u_bram.bram\[135\]\[4\],7.1µm
u_bram.bram\[155\]\[17\],7.1µm
u_bram.bram\[158\]\[31\],7.1µm
u_bram.bram\[159\]\[7\],7.1µm
u_bram.bram\[179\]\[13\],7.1µm
u_bram.bram\[182\]\[8\],7.1µm
u_bram.bram\[184\]\[21\],7.1µm
u_bram.bram\[219\]\[23\],7.1µm
u_bram.bram\[221\]\[29\],7.1µm
u_bram.bram\[221\]\[3\],7.1µm
u_bram.bram\[252\]\[10\],7.1µm
u_bram.bram\[26\]\[4\],7.1µm
u_bram.bram\[36\]\[7\],7.1µm
u_bram.bram\[87\]\[21\],7.1µm
u_bram.bram\[213\]\[25\],7.095µm
_11599_,7.08µm
_11821_,7.08µm
_12159_,7.08µm
u_bram.bram\[118\]\[29\],7.08µm
u_bram.bram\[135\]\[18\],7.08µm
u_bram.bram\[178\]\[6\],7.08µm
u_bram.bram\[203\]\[2\],7.08µm
u_bram.bram\[252\]\[1\],7.08µm
u_bram.bram\[40\]\[5\],7.08µm
_08258_,7.06µm
_10073_,7.06µm
_10504_,7.06µm
_10936_,7.06µm
_11445_,7.06µm
_11975_,7.06µm
_12079_,7.06µm
_12202_,7.06µm
_12735_,7.06µm
_12920_,7.06µm
r_ptr_sync_gray\[0\],7.06µm
u_bram.bram\[108\]\[31\],7.06µm
u_bram.bram\[116\]\[1\],7.06µm
u_bram.bram\[117\]\[28\],7.06µm
u_bram.bram\[133\]\[29\],7.06µm
u_bram.bram\[148\]\[4\],7.06µm
u_bram.bram\[150\]\[10\],7.06µm
u_bram.bram\[150\]\[9\],7.06µm
u_bram.bram\[151\]\[22\],7.06µm
u_bram.bram\[159\]\[0\],7.06µm
u_bram.bram\[159\]\[26\],7.06µm
u_bram.bram\[159\]\[5\],7.06µm
u_bram.bram\[179\]\[12\],7.06µm
u_bram.bram\[180\]\[20\],7.06µm
u_bram.bram\[180\]\[31\],7.06µm
u_bram.bram\[182\]\[16\],7.06µm
u_bram.bram\[183\]\[12\],7.06µm
u_bram.bram\[189\]\[14\],7.06µm
u_bram.bram\[195\]\[4\],7.06µm
u_bram.bram\[199\]\[18\],7.06µm
u_bram.bram\[214\]\[5\],7.06µm
u_bram.bram\[214\]\[6\],7.06µm
u_bram.bram\[216\]\[19\],7.06µm
u_bram.bram\[220\]\[30\],7.06µm
u_bram.bram\[220\]\[3\],7.06µm
u_bram.bram\[220\]\[5\],7.06µm
u_bram.bram\[220\]\[8\],7.06µm
u_bram.bram\[222\]\[27\],7.06µm
u_bram.bram\[222\]\[29\],7.06µm
u_bram.bram\[23\]\[2\],7.06µm
u_bram.bram\[240\]\[13\],7.06µm
u_bram.bram\[242\]\[4\],7.06µm
u_bram.bram\[246\]\[7\],7.06µm
u_bram.bram\[25\]\[18\],7.06µm
u_bram.bram\[25\]\[5\],7.06µm
u_bram.bram\[26\]\[25\],7.06µm
u_bram.bram\[27\]\[27\],7.06µm
u_bram.bram\[29\]\[29\],7.06µm
u_bram.bram\[30\]\[18\],7.06µm
u_bram.bram\[30\]\[22\],7.06µm
u_bram.bram\[30\]\[23\],7.06µm
u_bram.bram\[48\]\[8\],7.06µm
u_bram.bram\[52\]\[24\],7.06µm
u_bram.bram\[53\]\[6\],7.06µm
u_bram.bram\[54\]\[0\],7.06µm
u_bram.bram\[55\]\[22\],7.06µm
u_bram.bram\[81\]\[5\],7.06µm
u_bram.bram\[88\]\[22\],7.06µm
u_bram.bram\[89\]\[16\],7.06µm
u_bram.bram\[89\]\[1\],7.06µm
u_bram.bram\[90\]\[9\],7.06µm
u_bram.bram\[91\]\[5\],7.06µm
_00241_,7.055µm
_00412_,7.045µm
_00745_,7.045µm
_01098_,7.045µm
_01274_,7.045µm
_01301_,7.045µm
_04386_,7.045µm
_04428_,7.045µm
_05264_,7.045µm
_06401_,7.045µm
_06785_,7.045µm
_06865_,7.045µm
_06958_,7.045µm
_06961_,7.045µm
_06968_,7.045µm
_07103_,7.045µm
_07341_,7.045µm
_07630_,7.045µm
_07673_,7.045µm
_07676_,7.045µm
_14021_,7.04µm
_01394_,7.025µm
_02034_,7.025µm
_02700_,7.025µm
_03462_,7.025µm
_04551_,7.025µm
_05528_,7.025µm
_06796_,7.025µm
_07137_,7.025µm
_07900_,7.025µm
_08174_,7.025µm
_02196_,7.005µm
_06148_,7.005µm
_06491_,7.005µm
_09057_,7µm
_09526_,7µm
_09995_,7µm
_11857_,7µm
_13351_,7µm
_13395_,7µm
_13511_,7µm
_13932_,7µm
u_bram.bram\[177\]\[31\],7µm
u_bram.bram\[181\]\[9\],7µm
u_bram.bram\[182\]\[25\],7µm
u_bram.bram\[221\]\[5\],7µm
u_bram.bram\[222\]\[12\],7µm
u_bram.bram\[241\]\[28\],7µm
u_bram.bram\[31\]\[16\],7µm
u_bram.bram\[31\]\[4\],7µm
_00495_,6.985µm
_00792_,6.985µm
_01137_,6.985µm
_01660_,6.985µm
_01810_,6.985µm
_02247_,6.985µm
_02622_,6.985µm
_02787_,6.985µm
_03914_,6.985µm
_04153_,6.985µm
_05307_,6.985µm
_05374_,6.985µm
_06808_,6.985µm
_07592_,6.985µm
_07873_,6.985µm
_08641_,6.98µm
_09961_,6.98µm
_10781_,6.98µm
_11278_,6.98µm
_12618_,6.98µm
_13462_,6.98µm
_13760_,6.98µm
_13921_,6.98µm
u_bram.bram\[104\]\[20\],6.98µm
u_bram.bram\[112\]\[21\],6.98µm
u_bram.bram\[128\]\[0\],6.98µm
u_bram.bram\[149\]\[6\],6.98µm
u_bram.bram\[151\]\[30\],6.98µm
u_bram.bram\[163\]\[24\],6.98µm
u_bram.bram\[176\]\[12\],6.98µm
u_bram.bram\[177\]\[16\],6.98µm
u_bram.bram\[192\]\[12\],6.98µm
u_bram.bram\[213\]\[3\],6.98µm
u_bram.bram\[241\]\[21\],6.98µm
u_bram.bram\[25\]\[30\],6.98µm
u_bram.bram\[40\]\[27\],6.98µm
u_bram.bram\[49\]\[8\],6.98µm
u_bram.bram\[55\]\[5\],6.98µm
u_bram.bram\[72\]\[5\],6.98µm
u_bram.bram\[80\]\[7\],6.98µm
u_bram.bram\[146\]\[18\],6.97µm
u_bram.bram\[146\]\[20\],6.97µm
u_bram.bram\[82\]\[22\],6.97µm
_02600_,6.96µm
_04554_,6.96µm
_09554_,6.96µm
_10167_,6.96µm
_10304_,6.96µm
_11666_,6.96µm
u_bram.bram\[104\]\[24\],6.96µm
u_bram.bram\[121\]\[27\],6.96µm
u_bram.bram\[132\]\[26\],6.96µm
u_bram.bram\[143\]\[31\],6.96µm
u_bram.bram\[149\]\[10\],6.96µm
u_bram.bram\[149\]\[23\],6.96µm
u_bram.bram\[149\]\[9\],6.96µm
u_bram.bram\[151\]\[24\],6.96µm
u_bram.bram\[16\]\[27\],6.96µm
u_bram.bram\[178\]\[23\],6.96µm
u_bram.bram\[183\]\[16\],6.96µm
u_bram.bram\[197\]\[16\],6.96µm
u_bram.bram\[213\]\[29\],6.96µm
u_bram.bram\[25\]\[22\],6.96µm
u_bram.bram\[30\]\[20\],6.96µm
u_bram.bram\[37\]\[15\],6.96µm
u_bram.bram\[93\]\[27\],6.96µm
u_fifo_ctrl.r_bin_next\[6\],6.96µm
_13700_,6.95µm
u_bram.bram\[142\]\[29\],6.95µm
u_bram.bram\[250\]\[12\],6.95µm
_10538_,6.94µm
_10732_,6.94µm
_10771_,6.94µm
_12815_,6.94µm
u_bram.bram\[119\]\[5\],6.94µm
u_bram.bram\[133\]\[27\],6.94µm
u_bram.bram\[141\]\[4\],6.94µm
u_bram.bram\[148\]\[15\],6.94µm
u_bram.bram\[160\]\[12\],6.94µm
u_bram.bram\[168\]\[1\],6.94µm
u_bram.bram\[178\]\[3\],6.94µm
u_bram.bram\[213\]\[21\],6.94µm
u_bram.bram\[247\]\[19\],6.94µm
u_bram.bram\[56\]\[13\],6.94µm
u_bram.bram\[8\]\[22\],6.94µm
_03966_,6.935µm
u_bram.bram\[171\]\[19\],6.93µm
_00155_,6.925µm
_00291_,6.925µm
_00893_,6.925µm
_01436_,6.925µm
_01837_,6.925µm
_02832_,6.925µm
_03559_,6.925µm
_03695_,6.925µm
_03915_,6.925µm
_03950_,6.925µm
_04018_,6.925µm
_04955_,6.925µm
_04962_,6.925µm
_05120_,6.925µm
_05577_,6.925µm
_05790_,6.925µm
_06188_,6.925µm
_06280_,6.925µm
_06379_,6.925µm
_07983_,6.925µm
_09597_,6.92µm
_09978_,6.92µm
_11917_,6.92µm
_13984_,6.92µm
u_bram.bram\[220\]\[11\],6.92µm
u_bram.bram\[243\]\[1\],6.92µm
_02349_,6.905µm
_02368_,6.905µm
_04039_,6.905µm
_05368_,6.905µm
_08654_,6.9µm
_10761_,6.9µm
_12497_,6.9µm
_12828_,6.9µm
_13522_,6.9µm
u_bram.bram\[181\]\[7\],6.89µm
_00314_,6.885µm
_00814_,6.885µm
_02006_,6.885µm
_02166_,6.885µm
_02689_,6.885µm
_05811_,6.885µm
u_bram.bram\[70\]\[9\],6.885µm
_05236_,6.88µm
_10448_,6.88µm
_13255_,6.88µm
_13574_,6.88µm
u_bram.bram\[156\]\[11\],6.88µm
u_bram.bram\[213\]\[27\],6.88µm
u_bram.bram\[222\]\[4\],6.88µm
u_bram.bram\[24\]\[6\],6.88µm
u_bram.bram\[54\]\[13\],6.88µm
u_bram.bram\[95\]\[25\],6.88µm
u_fifo_ctrl.u_w_b2g.gray_out\[1\],6.88µm
_00401_,6.875µm
_07404_,6.875µm
_12942_,6.87µm
u_bram.bram\[122\]\[15\],6.87µm
_04248_,6.865µm
_11778_,6.86µm
_12643_,6.86µm
r_ptr_gray\[3\],6.86µm
u_bram.bram\[0\]\[18\],6.86µm
u_bram.bram\[117\]\[3\],6.86µm
u_bram.bram\[119\]\[9\],6.86µm
u_bram.bram\[12\]\[31\],6.86µm
u_bram.bram\[17\]\[30\],6.86µm
u_bram.bram\[243\]\[16\],6.86µm
u_bram.bram\[247\]\[4\],6.86µm
u_bram.bram\[26\]\[9\],6.86µm
u_bram.bram\[64\]\[19\],6.86µm
u_bram.bram\[77\]\[4\],6.86µm
u_bram.bram\[80\]\[9\],6.86µm
u_bram.bram\[81\]\[23\],6.86µm
u_bram.bram\[96\]\[16\],6.86µm
u_bram.bram\[218\]\[24\],6.845µm
_08768_,6.84µm
_11558_,6.84µm
_13020_,6.84µm
u_bram.bram\[113\]\[14\],6.84µm
u_bram.bram\[159\]\[9\],6.84µm
u_bram.bram\[15\]\[7\],6.84µm
u_bram.bram\[200\]\[5\],6.84µm
u_bram.bram\[223\]\[3\],6.84µm
u_bram.bram\[255\]\[9\],6.84µm
_00023_,6.825µm
_00096_,6.825µm
_00098_,6.825µm
_00141_,6.825µm
_00146_,6.825µm
_00163_,6.825µm
_00208_,6.825µm
_00591_,6.825µm
_00720_,6.825µm
_00763_,6.825µm
_00783_,6.825µm
_00805_,6.825µm
_00901_,6.825µm
_00904_,6.825µm
_00915_,6.825µm
_01118_,6.825µm
_01120_,6.825µm
_01129_,6.825µm
_01136_,6.825µm
_01146_,6.825µm
_01272_,6.825µm
_01347_,6.825µm
_01433_,6.825µm
_01535_,6.825µm
_01617_,6.825µm
_01637_,6.825µm
_01745_,6.825µm
_01767_,6.825µm
_01828_,6.825µm
_01838_,6.825µm
_01885_,6.825µm
_01904_,6.825µm
_01906_,6.825µm
_01923_,6.825µm
_01939_,6.825µm
_01961_,6.825µm
_02076_,6.825µm
_02111_,6.825µm
_02139_,6.825µm
_02172_,6.825µm
_02246_,6.825µm
_02460_,6.825µm
_02569_,6.825µm
_02646_,6.825µm
_02738_,6.825µm
_02750_,6.825µm
_02817_,6.825µm
_02867_,6.825µm
_02959_,6.825µm
_03017_,6.825µm
_03086_,6.825µm
_03090_,6.825µm
_03185_,6.825µm
_03191_,6.825µm
_03235_,6.825µm
_03250_,6.825µm
_03317_,6.825µm
_03328_,6.825µm
_03345_,6.825µm
_03391_,6.825µm
_03441_,6.825µm
_03486_,6.825µm
_03642_,6.825µm
_03738_,6.825µm
_03743_,6.825µm
_03821_,6.825µm
_03960_,6.825µm
_04008_,6.825µm
_04061_,6.825µm
_04073_,6.825µm
_04081_,6.825µm
_04345_,6.825µm
_04483_,6.825µm
_04576_,6.825µm
_04749_,6.825µm
_04818_,6.825µm
_04834_,6.825µm
_04863_,6.825µm
_04878_,6.825µm
_04908_,6.825µm
_04936_,6.825µm
_05005_,6.825µm
_05180_,6.825µm
_05211_,6.825µm
_05221_,6.825µm
_05363_,6.825µm
_05364_,6.825µm
_05564_,6.825µm
_05627_,6.825µm
_05648_,6.825µm
_05668_,6.825µm
_05678_,6.825µm
_05683_,6.825µm
_05744_,6.825µm
_05745_,6.825µm
_05751_,6.825µm
_05793_,6.825µm
_05886_,6.825µm
_06015_,6.825µm
_06030_,6.825µm
_06031_,6.825µm
_06094_,6.825µm
_06124_,6.825µm
_06169_,6.825µm
_06274_,6.825µm
_06398_,6.825µm
_06525_,6.825µm
_06577_,6.825µm
_06582_,6.825µm
_06638_,6.825µm
_06789_,6.825µm
_06882_,6.825µm
_06884_,6.825µm
_06894_,6.825µm
_07023_,6.825µm
_07026_,6.825µm
_07101_,6.825µm
_07327_,6.825µm
_07340_,6.825µm
_07358_,6.825µm
_07366_,6.825µm
_07383_,6.825µm
_07422_,6.825µm
_07441_,6.825µm
_07507_,6.825µm
_07621_,6.825µm
_07641_,6.825µm
_07682_,6.825µm
_07802_,6.825µm
_08061_,6.825µm
_08195_,6.825µm
_09807_,6.82µm
u_bram.bram\[116\]\[7\],6.82µm
u_bram.bram\[212\]\[6\],6.82µm
u_bram.bram\[94\]\[6\],6.82µm
_07400_,6.815µm
_00395_,6.805µm
_01536_,6.805µm
_01829_,6.805µm
_01874_,6.805µm
_02298_,6.805µm
_03153_,6.805µm
_04780_,6.805µm
_05020_,6.805µm
_06181_,6.805µm
_07679_,6.805µm
_08637_,6.8µm
_09302_,6.8µm
_12405_,6.8µm
_13118_,6.8µm
_04799_,6.795µm
_04610_,6.785µm
_04697_,6.785µm
_05840_,6.785µm
_07149_,6.785µm
_07514_,6.785µm
_09159_,6.78µm
_10807_,6.78µm
u_bram.bram\[30\]\[11\],6.78µm
w_data[1],6.77µm
_00698_,6.765µm
_01449_,6.765µm
_05704_,6.765µm
_04677_,6.76µm
_09299_,6.76µm
_09376_,6.76µm
_09378_,6.76µm
_09562_,6.76µm
_09800_,6.76µm
_10213_,6.76µm
_10265_,6.76µm
_10505_,6.76µm
_11015_,6.76µm
_12114_,6.76µm
_13199_,6.76µm
_13552_,6.76µm
u_bram.bram\[120\]\[2\],6.76µm
u_bram.bram\[177\]\[28\],6.76µm
u_bram.bram\[200\]\[28\],6.76µm
u_bram.bram\[201\]\[12\],6.76µm
u_bram.bram\[204\]\[8\],6.76µm
u_bram.bram\[248\]\[16\],6.76µm
u_bram.bram\[248\]\[19\],6.76µm
u_bram.bram\[248\]\[29\],6.76µm
u_bram.bram\[251\]\[24\],6.76µm
u_bram.bram\[252\]\[14\],6.76µm
u_bram.bram\[40\]\[15\],6.76µm
u_bram.bram\[44\]\[28\],6.76µm
u_bram.bram\[68\]\[11\],6.76µm
u_bram.bram\[75\]\[1\],6.76µm
u_bram.bram\[174\]\[18\],6.75µm
u_bram.bram\[18\]\[21\],6.75µm
u_bram.bram\[42\]\[11\],6.75µm
u_bram.bram\[98\]\[9\],6.75µm
_01213_,6.745µm
_10066_,6.74µm
u_bram.bram\[147\]\[15\],6.74µm
u_bram.bram\[157\]\[22\],6.74µm
u_bram.bram\[184\]\[26\],6.74µm
u_bram.bram\[219\]\[30\],6.74µm
u_bram.bram\[222\]\[20\],6.74µm
u_bram.bram\[249\]\[18\],6.74µm
u_bram.bram\[33\]\[24\],6.74µm
_05959_,6.735µm
_06978_,6.735µm
_08313_,6.72µm
_08752_,6.72µm
_09228_,6.72µm
_09263_,6.72µm
_09483_,6.72µm
_09693_,6.72µm
_09827_,6.72µm
_10818_,6.72µm
_11012_,6.72µm
_11142_,6.72µm
_11773_,6.72µm
_12874_,6.72µm
_12918_,6.72µm
u_bram.bram\[0\]\[0\],6.72µm
u_bram.bram\[0\]\[4\],6.72µm
u_bram.bram\[104\]\[23\],6.72µm
u_bram.bram\[107\]\[26\],6.72µm
u_bram.bram\[108\]\[11\],6.72µm
u_bram.bram\[113\]\[10\],6.72µm
u_bram.bram\[117\]\[15\],6.72µm
u_bram.bram\[125\]\[18\],6.72µm
u_bram.bram\[129\]\[3\],6.72µm
u_bram.bram\[132\]\[2\],6.72µm
u_bram.bram\[148\]\[27\],6.72µm
u_bram.bram\[151\]\[20\],6.72µm
u_bram.bram\[152\]\[28\],6.72µm
u_bram.bram\[159\]\[20\],6.72µm
u_bram.bram\[159\]\[22\],6.72µm
u_bram.bram\[169\]\[29\],6.72µm
u_bram.bram\[16\]\[8\],6.72µm
u_bram.bram\[177\]\[17\],6.72µm
u_bram.bram\[17\]\[9\],6.72µm
u_bram.bram\[185\]\[20\],6.72µm
u_bram.bram\[185\]\[7\],6.72µm
u_bram.bram\[195\]\[29\],6.72µm
u_bram.bram\[200\]\[3\],6.72µm
u_bram.bram\[208\]\[27\],6.72µm
u_bram.bram\[208\]\[5\],6.72µm
u_bram.bram\[221\]\[16\],6.72µm
u_bram.bram\[221\]\[24\],6.72µm
u_bram.bram\[223\]\[9\],6.72µm
u_bram.bram\[229\]\[11\],6.72µm
u_bram.bram\[229\]\[5\],6.72µm
u_bram.bram\[241\]\[12\],6.72µm
u_bram.bram\[241\]\[29\],6.72µm
u_bram.bram\[244\]\[25\],6.72µm
u_bram.bram\[244\]\[30\],6.72µm
u_bram.bram\[245\]\[9\],6.72µm
u_bram.bram\[247\]\[31\],6.72µm
u_bram.bram\[29\]\[31\],6.72µm
u_bram.bram\[29\]\[5\],6.72µm
u_bram.bram\[32\]\[13\],6.72µm
u_bram.bram\[36\]\[18\],6.72µm
u_bram.bram\[36\]\[5\],6.72µm
u_bram.bram\[49\]\[21\],6.72µm
u_bram.bram\[4\]\[19\],6.72µm
u_bram.bram\[50\]\[22\],6.72µm
u_bram.bram\[52\]\[14\],6.72µm
u_bram.bram\[53\]\[11\],6.72µm
u_bram.bram\[5\]\[14\],6.72µm
u_bram.bram\[61\]\[22\],6.72µm
u_bram.bram\[77\]\[16\],6.72µm
u_bram.bram\[80\]\[6\],6.72µm
u_bram.bram\[81\]\[18\],6.72µm
u_bram.bram\[84\]\[10\],6.72µm
u_bram.bram\[88\]\[11\],6.72µm
u_bram.bram\[89\]\[4\],6.72µm
u_bram.bram\[8\]\[18\],6.72µm
u_bram.bram\[91\]\[15\],6.72µm
u_bram.bram\[95\]\[7\],6.72µm
_00137_,6.705µm
_00147_,6.705µm
_00294_,6.705µm
_00312_,6.705µm
_00423_,6.705µm
_00425_,6.705µm
_00474_,6.705µm
_00583_,6.705µm
_00695_,6.705µm
_00771_,6.705µm
_00908_,6.705µm
_00992_,6.705µm
_01300_,6.705µm
_01308_,6.705µm
_01313_,6.705µm
_01543_,6.705µm
_01647_,6.705µm
_01815_,6.705µm
_02179_,6.705µm
_02261_,6.705µm
_02326_,6.705µm
_02774_,6.705µm
_02781_,6.705µm
_03045_,6.705µm
_03233_,6.705µm
_03265_,6.705µm
_03304_,6.705µm
_03385_,6.705µm
_03449_,6.705µm
_03611_,6.705µm
_03734_,6.705µm
_04026_,6.705µm
_04393_,6.705µm
_04394_,6.705µm
_04412_,6.705µm
_04426_,6.705µm
_04459_,6.705µm
_04619_,6.705µm
_04633_,6.705µm
_04634_,6.705µm
_04640_,6.705µm
_04783_,6.705µm
_04814_,6.705µm
_04824_,6.705µm
_04916_,6.705µm
_04928_,6.705µm
_04937_,6.705µm
_04967_,6.705µm
_04986_,6.705µm
_04987_,6.705µm
_05059_,6.705µm
_05188_,6.705µm
_05232_,6.705µm
_05242_,6.705µm
_05388_,6.705µm
_05619_,6.705µm
_05675_,6.705µm
_05799_,6.705µm
_05816_,6.705µm
_05891_,6.705µm
_05910_,6.705µm
_06308_,6.705µm
_06391_,6.705µm
_06431_,6.705µm
_06562_,6.705µm
_06615_,6.705µm
_06668_,6.705µm
_06712_,6.705µm
_06792_,6.705µm
_06824_,6.705µm
_06848_,6.705µm
_06920_,6.705µm
_07018_,6.705µm
_07211_,6.705µm
_07231_,6.705µm
_07311_,6.705µm
_07389_,6.705µm
_07427_,6.705µm
_07442_,6.705µm
_07464_,6.705µm
_07473_,6.705µm
_07517_,6.705µm
_07608_,6.705µm
_07734_,6.705µm
_07757_,6.705µm
_07911_,6.705µm
_07949_,6.705µm
_08102_,6.705µm
_08132_,6.705µm
_10122_,6.7µm
_02115_,6.695µm
_04037_,6.695µm
_05435_,6.695µm
_06914_,6.695µm
_07481_,6.695µm
_00037_,6.685µm
_00388_,6.685µm
_00451_,6.685µm
_00584_,6.685µm
_00625_,6.685µm
_00685_,6.685µm
_00776_,6.685µm
_00916_,6.685µm
_01083_,6.685µm
_01149_,6.685µm
_01294_,6.685µm
_01477_,6.685µm
_01598_,6.685µm
_01699_,6.685µm
_02132_,6.685µm
_02237_,6.685µm
_02310_,6.685µm
_02606_,6.685µm
_02662_,6.685µm
_02703_,6.685µm
_02824_,6.685µm
_03407_,6.685µm
_03427_,6.685µm
_03453_,6.685µm
_03600_,6.685µm
_03647_,6.685µm
_03740_,6.685µm
_03825_,6.685µm
_04098_,6.685µm
_04118_,6.685µm
_04130_,6.685µm
_04571_,6.685µm
_04579_,6.685µm
_04731_,6.685µm
_04960_,6.685µm
_05250_,6.685µm
_05355_,6.685µm
_05486_,6.685µm
_05540_,6.685µm
_05606_,6.685µm
_06062_,6.685µm
_06689_,6.685µm
_06828_,6.685µm
_06842_,6.685µm
_06973_,6.685µm
_07083_,6.685µm
_07216_,6.685µm
_07226_,6.685µm
_07898_,6.685µm
_07926_,6.685µm
_12250_,6.685µm
_08180_,6.66µm
_11011_,6.66µm
_11905_,6.66µm
_13544_,6.66µm
_00034_,6.645µm
_00222_,6.645µm
_00539_,6.645µm
_00861_,6.645µm
_01090_,6.645µm
_01141_,6.645µm
_01524_,6.645µm
_01933_,6.645µm
_02582_,6.645µm
_02644_,6.645µm
_03599_,6.645µm
_04070_,6.645µm
_04085_,6.645µm
_04226_,6.645µm
_04513_,6.645µm
_04821_,6.645µm
_04907_,6.645µm
_04912_,6.645µm
_05173_,6.645µm
_05239_,6.645µm
_05493_,6.645µm
_05552_,6.645µm
_05960_,6.645µm
_06206_,6.645µm
_06499_,6.645µm
_06763_,6.645µm
_07468_,6.645µm
_08183_,6.645µm
_08204_,6.645µm
_09234_,6.64µm
_09606_,6.64µm
_09725_,6.64µm
_10013_,6.64µm
_10178_,6.64µm
_10495_,6.64µm
_11455_,6.64µm
_11545_,6.64µm
_11592_,6.64µm
_11707_,6.64µm
_11717_,6.64µm
_12315_,6.64µm
_12338_,6.64µm
_12408_,6.64µm
_12630_,6.64µm
_12710_,6.64µm
_12807_,6.64µm
_12907_,6.64µm
_13035_,6.64µm
u_bram.bram\[149\]\[29\],6.64µm
u_bram.bram\[168\]\[21\],6.64µm
u_bram.bram\[181\]\[31\],6.64µm
u_bram.bram\[196\]\[29\],6.64µm
u_bram.bram\[200\]\[0\],6.64µm
u_bram.bram\[217\]\[25\],6.64µm
u_bram.bram\[222\]\[21\],6.64µm
u_bram.bram\[24\]\[11\],6.64µm
u_bram.bram\[24\]\[20\],6.64µm
u_bram.bram\[31\]\[2\],6.64µm
u_bram.bram\[31\]\[30\],6.64µm
u_bram.bram\[40\]\[26\],6.64µm
u_bram.bram\[92\]\[8\],6.64µm
_06900_,6.635µm
_12701_,6.63µm
_03007_,6.625µm
_07367_,6.625µm
_03350_,6.62µm
_06524_,6.62µm
_13208_,6.62µm
u_bram.bram\[116\]\[25\],6.62µm
u_bram.bram\[11\]\[28\],6.62µm
u_bram.bram\[45\]\[30\],6.62µm
u_bram.bram\[88\]\[5\],6.62µm
u_bram.bram\[9\]\[16\],6.62µm
_06129_,6.615µm
_08548_,6.6µm
_09217_,6.6µm
_09293_,6.6µm
_09321_,6.6µm
_10382_,6.6µm
_10477_,6.6µm
_10590_,6.6µm
_10879_,6.6µm
_10925_,6.6µm
_11133_,6.6µm
_11283_,6.6µm
_11465_,6.6µm
_11479_,6.6µm
_11869_,6.6µm
_11963_,6.6µm
_12031_,6.6µm
_12267_,6.6µm
_12988_,6.6µm
u_bram.bram\[101\]\[19\],6.6µm
u_bram.bram\[116\]\[15\],6.6µm
u_bram.bram\[121\]\[6\],6.6µm
u_bram.bram\[13\]\[18\],6.6µm
u_bram.bram\[141\]\[15\],6.6µm
u_bram.bram\[157\]\[30\],6.6µm
u_bram.bram\[182\]\[13\],6.6µm
u_bram.bram\[189\]\[23\],6.6µm
u_bram.bram\[20\]\[15\],6.6µm
u_bram.bram\[212\]\[12\],6.6µm
u_bram.bram\[214\]\[17\],6.6µm
u_bram.bram\[220\]\[19\],6.6µm
u_bram.bram\[222\]\[14\],6.6µm
u_bram.bram\[244\]\[13\],6.6µm
u_bram.bram\[30\]\[0\],6.6µm
u_bram.bram\[50\]\[10\],6.6µm
u_bram.bram\[81\]\[15\],6.6µm
u_bram.bram\[85\]\[12\],6.6µm
u_bram.bram\[88\]\[12\],6.6µm
u_bram.bram\[89\]\[6\],6.6µm
u_bram.bram\[90\]\[30\],6.6µm
u_bram.bram\[94\]\[23\],6.6µm
u_bram.bram\[95\]\[15\],6.6µm
_00844_,6.595µm
_03081_,6.595µm
_09224_,6.58µm
_09585_,6.58µm
_12638_,6.58µm
_00652_,6.565µm
_01125_,6.565µm
_01270_,6.565µm
_03057_,6.565µm
_03719_,6.565µm
_04791_,6.565µm
_05149_,6.565µm
_06598_,6.565µm
_08020_,6.565µm
_00248_,6.545µm
_03362_,6.545µm
_06976_,6.545µm
_07776_,6.54µm
_09102_,6.54µm
_10693_,6.54µm
_10844_,6.54µm
_10849_,6.54µm
_11200_,6.54µm
_11398_,6.54µm
_11953_,6.54µm
_12301_,6.54µm
_13652_,6.54µm
u_bram.bram\[148\]\[23\],6.54µm
u_bram.bram\[150\]\[13\],6.54µm
u_bram.bram\[177\]\[26\],6.54µm
u_bram.bram\[212\]\[4\],6.54µm
u_bram.bram\[240\]\[7\],6.54µm
u_bram.bram\[241\]\[27\],6.54µm
u_bram.bram\[241\]\[8\],6.54µm
u_bram.bram\[89\]\[7\],6.54µm
_09650_,6.53µm
_13806_,6.53µm
_00020_,6.525µm
_00703_,6.525µm
_01217_,6.525µm
_01321_,6.525µm
_01622_,6.525µm
_02535_,6.525µm
_02721_,6.525µm
_03458_,6.525µm
_04035_,6.525µm
_04321_,6.525µm
_04529_,6.525µm
_04820_,6.525µm
_04949_,6.525µm
_05898_,6.525µm
_06254_,6.525µm
_06534_,6.525µm
_06821_,6.525µm
_07051_,6.525µm
_09131_,6.52µm
_09573_,6.52µm
_10347_,6.52µm
_12922_,6.52µm
u_bram.bram\[15\]\[10\],6.52µm
u_bram.bram\[161\]\[8\],6.52µm
u_bram.bram\[196\]\[30\],6.52µm
u_bram.bram\[214\]\[23\],6.52µm
u_bram.bram\[232\]\[10\],6.52µm
u_bram.bram\[255\]\[5\],6.52µm
u_bram.bram\[30\]\[2\],6.52µm
u_bram.bram\[72\]\[10\],6.52µm
u_bram.bram\[117\]\[1\],6.5µm
u_bram.bram\[119\]\[23\],6.5µm
u_bram.bram\[144\]\[31\],6.5µm
u_bram.bram\[149\]\[18\],6.5µm
u_bram.bram\[156\]\[19\],6.5µm
u_bram.bram\[164\]\[9\],6.5µm
u_bram.bram\[168\]\[11\],6.5µm
u_bram.bram\[16\]\[4\],6.5µm
u_bram.bram\[176\]\[17\],6.5µm
u_bram.bram\[183\]\[19\],6.5µm
u_bram.bram\[232\]\[26\],6.5µm
u_bram.bram\[240\]\[8\],6.5µm
u_bram.bram\[241\]\[20\],6.5µm
u_bram.bram\[242\]\[3\],6.5µm
u_bram.bram\[244\]\[29\],6.5µm
u_bram.bram\[247\]\[21\],6.5µm
u_bram.bram\[26\]\[20\],6.5µm
u_bram.bram\[31\]\[20\],6.5µm
u_bram.bram\[53\]\[24\],6.5µm
u_bram.bram\[56\]\[21\],6.5µm
u_bram.bram\[63\]\[1\],6.5µm
u_bram.bram\[84\]\[15\],6.5µm
u_bram.bram\[89\]\[18\],6.5µm
_10108_,6.49µm
_05258_,6.48µm
_11944_,6.48µm
_12925_,6.48µm
u_bram.bram\[100\]\[7\],6.48µm
u_bram.bram\[112\]\[27\],6.48µm
u_bram.bram\[184\]\[23\],6.48µm
u_bram.bram\[212\]\[31\],6.48µm
u_bram.bram\[21\]\[14\],6.48µm
u_bram.bram\[56\]\[9\],6.48µm
u_bram.bram\[5\]\[17\],6.48µm
_02343_,6.475µm
_07974_,6.475µm
_11366_,6.475µm
_00041_,6.465µm
_00081_,6.465µm
_00521_,6.465µm
_01132_,6.465µm
_01264_,6.465µm
_01548_,6.465µm
_02159_,6.465µm
_02387_,6.465µm
_02725_,6.465µm
_03587_,6.465µm
_03786_,6.465µm
_03858_,6.465µm
_04587_,6.465µm
_04934_,6.465µm
_05114_,6.465µm
_05294_,6.465µm
_05379_,6.465µm
_05591_,6.465µm
_05807_,6.465µm
_06157_,6.465µm
_06303_,6.465µm
_06381_,6.465µm
_06425_,6.465µm
_06520_,6.465µm
_07176_,6.465µm
_07373_,6.465µm
_07525_,6.465µm
_01069_,6.445µm
_02007_,6.445µm
_06289_,6.445µm
_07989_,6.445µm
_08891_,6.44µm
_10530_,6.44µm
_10611_,6.44µm
_11303_,6.44µm
_11425_,6.44µm
_11965_,6.44µm
_12008_,6.44µm
_12257_,6.44µm
_12561_,6.44µm
_13332_,6.44µm
u_bram.bram\[1\]\[31\],6.43µm
_03308_,6.425µm
_04144_,6.425µm
_04419_,6.425µm
_04976_,6.425µm
_05043_,6.425µm
_05456_,6.425µm
_06569_,6.425µm
_06903_,6.425µm
_07799_,6.425µm
_08639_,6.425µm
_08930_,6.42µm
_11922_,6.42µm
u_bram.bram\[117\]\[4\],6.42µm
u_bram.bram\[119\]\[15\],6.42µm
u_bram.bram\[119\]\[1\],6.42µm
u_bram.bram\[119\]\[3\],6.42µm
u_bram.bram\[149\]\[20\],6.42µm
u_bram.bram\[156\]\[17\],6.42µm
u_bram.bram\[183\]\[9\],6.42µm
u_bram.bram\[223\]\[22\],6.42µm
u_bram.bram\[223\]\[27\],6.42µm
u_bram.bram\[243\]\[30\],6.42µm
u_bram.bram\[247\]\[14\],6.42µm
u_bram.bram\[247\]\[17\],6.42µm
u_bram.bram\[247\]\[28\],6.42µm
u_bram.bram\[26\]\[1\],6.42µm
u_bram.bram\[28\]\[12\],6.42µm
u_bram.bram\[91\]\[22\],6.42µm
u_bram.bram\[93\]\[19\],6.42µm
u_bram.bram\[95\]\[28\],6.42µm
u_bram.bram\[174\]\[20\],6.41µm
_09486_,6.4µm
u_bram.bram\[100\]\[16\],6.4µm
u_bram.bram\[104\]\[1\],6.4µm
u_bram.bram\[108\]\[18\],6.4µm
u_bram.bram\[117\]\[14\],6.4µm
u_bram.bram\[117\]\[20\],6.4µm
u_bram.bram\[128\]\[29\],6.4µm
u_bram.bram\[164\]\[15\],6.4µm
u_bram.bram\[192\]\[22\],6.4µm
u_bram.bram\[196\]\[0\],6.4µm
u_bram.bram\[211\]\[29\],6.4µm
u_bram.bram\[24\]\[10\],6.4µm
u_bram.bram\[56\]\[27\],6.4µm
u_bram.bram\[56\]\[6\],6.4µm
u_bram.bram\[68\]\[7\],6.4µm
u_bram.bram\[72\]\[20\],6.4µm
u_bram.bram\[76\]\[8\],6.4µm
u_bram.bram\[88\]\[1\],6.4µm
u_bram.bram\[88\]\[28\],6.4µm
_09062_,6.38µm
_13587_,6.38µm
u_bram.bram\[182\]\[22\],6.38µm
u_bram.bram\[193\]\[7\],6.38µm
u_bram.bram\[212\]\[22\],6.38µm
u_bram.bram\[247\]\[6\],6.38µm
u_bram.bram\[251\]\[27\],6.38µm
u_bram.bram\[36\]\[16\],6.38µm
u_bram.bram\[91\]\[1\],6.38µm
u_bram.bram\[93\]\[29\],6.38µm
_00029_,6.365µm
_00087_,6.365µm
_00121_,6.365µm
_00158_,6.365µm
_00217_,6.365µm
_00239_,6.365µm
_00261_,6.365µm
_00379_,6.365µm
_00393_,6.365µm
_00406_,6.365µm
_00415_,6.365µm
_00465_,6.365µm
_00589_,6.365µm
_00593_,6.365µm
_00602_,6.365µm
_00640_,6.365µm
_00770_,6.365µm
_00794_,6.365µm
_00852_,6.365µm
_00860_,6.365µm
_00880_,6.365µm
_00912_,6.365µm
_00926_,6.365µm
_00970_,6.365µm
_00984_,6.365µm
_01007_,6.365µm
_01017_,6.365µm
_01138_,6.365µm
_01140_,6.365µm
_01160_,6.365µm
_01176_,6.365µm
_01178_,6.365µm
_01248_,6.365µm
_01261_,6.365µm
_01275_,6.365µm
_01302_,6.365µm
_01314_,6.365µm
_01352_,6.365µm
_01392_,6.365µm
_01400_,6.365µm
_01518_,6.365µm
_01529_,6.365µm
_01610_,6.365µm
_01614_,6.365µm
_01629_,6.365µm
_01685_,6.365µm
_01701_,6.365µm
_01773_,6.365µm
_01807_,6.365µm
_01867_,6.365µm
_01896_,6.365µm
_01955_,6.365µm
_01966_,6.365µm
_01987_,6.365µm
_02062_,6.365µm
_02160_,6.365µm
_02299_,6.365µm
_02308_,6.365µm
_02357_,6.365µm
_02379_,6.365µm
_02384_,6.365µm
_02401_,6.365µm
_02407_,6.365µm
_02411_,6.365µm
_02441_,6.365µm
_02483_,6.365µm
_02505_,6.365µm
_02519_,6.365µm
_02530_,6.365µm
_02575_,6.365µm
_02603_,6.365µm
_02683_,6.365µm
_02717_,6.365µm
_02800_,6.365µm
_02813_,6.365µm
_02838_,6.365µm
_03093_,6.365µm
_03128_,6.365µm
_03188_,6.365µm
_03215_,6.365µm
_03236_,6.365µm
_03261_,6.365µm
_03284_,6.365µm
_03319_,6.365µm
_03370_,6.365µm
_03371_,6.365µm
_03374_,6.365µm
_03384_,6.365µm
_03399_,6.365µm
_03403_,6.365µm
_03404_,6.365µm
_03451_,6.365µm
_03467_,6.365µm
_03482_,6.365µm
_03492_,6.365µm
_03583_,6.365µm
_03597_,6.365µm
_03620_,6.365µm
_03715_,6.365µm
_03747_,6.365µm
_03762_,6.365µm
_03784_,6.365µm
_03796_,6.365µm
_03921_,6.365µm
_03939_,6.365µm
_04025_,6.365µm
_04060_,6.365µm
_04099_,6.365µm
_04109_,6.365µm
_04133_,6.365µm
_04209_,6.365µm
_04291_,6.365µm
_04363_,6.365µm
_04396_,6.365µm
_04402_,6.365µm
_04429_,6.365µm
_04488_,6.365µm
_04496_,6.365µm
_04548_,6.365µm
_04572_,6.365µm
_04592_,6.365µm
_04620_,6.365µm
_04624_,6.365µm
_04645_,6.365µm
_04747_,6.365µm
_04771_,6.365µm
_04861_,6.365µm
_04862_,6.365µm
_04864_,6.365µm
_04867_,6.365µm
_04873_,6.365µm
_04910_,6.365µm
_04981_,6.365µm
_04985_,6.365µm
_05060_,6.365µm
_05102_,6.365µm
_05140_,6.365µm
_05189_,6.365µm
_05216_,6.365µm
_05352_,6.365µm
_05382_,6.365µm
_05401_,6.365µm
_05410_,6.365µm
_05429_,6.365µm
_05495_,6.365µm
_05497_,6.365µm
_05502_,6.365µm
_05506_,6.365µm
_05526_,6.365µm
_05594_,6.365µm
_05601_,6.365µm
_05692_,6.365µm
_05699_,6.365µm
_05746_,6.365µm
_05894_,6.365µm
_05957_,6.365µm
_06019_,6.365µm
_06028_,6.365µm
_06134_,6.365µm
_06139_,6.365µm
_06151_,6.365µm
_06166_,6.365µm
_06186_,6.365µm
_06194_,6.365µm
_06201_,6.365µm
_06211_,6.365µm
_06214_,6.365µm
_06273_,6.365µm
_06292_,6.365µm
_06383_,6.365µm
_06403_,6.365µm
_06455_,6.365µm
_06468_,6.365µm
_06469_,6.365µm
_06508_,6.365µm
_06523_,6.365µm
_06543_,6.365µm
_06553_,6.365µm
_06554_,6.365µm
_06555_,6.365µm
_06574_,6.365µm
_06583_,6.365µm
_06586_,6.365µm
_06591_,6.365µm
_06611_,6.365µm
_06617_,6.365µm
_06657_,6.365µm
_06675_,6.365µm
_06761_,6.365µm
_06787_,6.365µm
_06802_,6.365µm
_06830_,6.365µm
_06895_,6.365µm
_06905_,6.365µm
_07067_,6.365µm
_07075_,6.365µm
_07097_,6.365µm
_07098_,6.365µm
_07099_,6.365µm
_07106_,6.365µm
_07148_,6.365µm
_07182_,6.365µm
_07237_,6.365µm
_07331_,6.365µm
_07381_,6.365µm
_07425_,6.365µm
_07497_,6.365µm
_07500_,6.365µm
_07508_,6.365µm
_07566_,6.365µm
_07595_,6.365µm
_07613_,6.365µm
_07644_,6.365µm
_07652_,6.365µm
_07662_,6.365µm
_07693_,6.365µm
_07826_,6.365µm
_07858_,6.365µm
_07874_,6.365µm
_07947_,6.365µm
_07957_,6.365µm
_07959_,6.365µm
_07968_,6.365µm
_07991_,6.365µm
_08002_,6.365µm
_08004_,6.365µm
_08005_,6.365µm
_08073_,6.365µm
_08081_,6.365µm
_08090_,6.365µm
_08120_,6.365µm
_08217_,6.365µm
_12075_,6.36µm
_00350_,6.355µm
_01371_,6.355µm
_02612_,6.355µm
_03461_,6.355µm
_07254_,6.355µm
_03767_,6.345µm
_04490_,6.345µm
_06481_,6.345µm
_08164_,6.345µm
_02528_,6.325µm
_04933_,6.325µm
_06320_,6.325µm
_06858_,6.325µm
_07556_,6.325µm
_11210_,6.325µm
_11276_,6.325µm
_09694_,6.32µm
_09741_,6.32µm
_09979_,6.32µm
_13764_,6.32µm
r_data[3],6.31µm
w_data[16],6.31µm
w_data[4],6.31µm
_00028_,6.305µm
_00090_,6.305µm
_00322_,6.305µm
_00839_,6.305µm
_01881_,6.305µm
_02199_,6.305µm
_02560_,6.305µm
_02896_,6.305µm
_03043_,6.305µm
_05409_,6.305µm
_05821_,6.305µm
_06444_,6.305µm
_06760_,6.305µm
_07141_,6.305µm
_08106_,6.305µm
_08643_,6.305µm
_08235_,6.3µm
_08542_,6.3µm
_09088_,6.3µm
_09674_,6.3µm
_10351_,6.3µm
_10703_,6.3µm
_10714_,6.3µm
_12171_,6.3µm
_12713_,6.3µm
_13295_,6.3µm
_13978_,6.3µm
_13989_,6.3µm
u_bram.bram\[124\]\[31\],6.3µm
u_bram.bram\[124\]\[8\],6.3µm
u_bram.bram\[125\]\[5\],6.3µm
u_bram.bram\[141\]\[27\],6.3µm
u_bram.bram\[172\]\[6\],6.3µm
u_bram.bram\[200\]\[21\],6.3µm
u_bram.bram\[215\]\[31\],6.3µm
u_bram.bram\[228\]\[21\],6.3µm
u_bram.bram\[229\]\[16\],6.3µm
u_bram.bram\[31\]\[24\],6.3µm
u_bram.bram\[32\]\[0\],6.3µm
u_bram.bram\[47\]\[30\],6.3µm
u_bram.bram\[76\]\[28\],6.3µm
u_bram.bram\[92\]\[19\],6.3µm
u_bram.bram\[210\]\[20\],6.29µm
_04693_,6.285µm
u_bram.bram\[104\]\[25\],6.28µm
u_bram.bram\[173\]\[23\],6.28µm
u_bram.bram\[31\]\[27\],6.28µm
u_bram.bram\[43\]\[24\],6.28µm
u_bram.bram\[54\]\[14\],6.28µm
_01287_,6.275µm
_03687_,6.275µm
_05450_,6.275µm
_12275_,6.265µm
_08567_,6.26µm
_09627_,6.26µm
_10061_,6.26µm
_10149_,6.26µm
_10341_,6.26µm
_10547_,6.26µm
_10639_,6.26µm
_11097_,6.26µm
_11099_,6.26µm
_11298_,6.26µm
_12425_,6.26µm
_12518_,6.26µm
_13061_,6.26µm
_13177_,6.26µm
_13298_,6.26µm
_13457_,6.26µm
_14022_,6.26µm
u_bram.bram\[132\]\[6\],6.26µm
u_bram.bram\[145\]\[18\],6.26µm
u_bram.bram\[169\]\[1\],6.26µm
u_bram.bram\[177\]\[3\],6.26µm
u_bram.bram\[184\]\[30\],6.26µm
u_bram.bram\[188\]\[7\],6.26µm
u_bram.bram\[20\]\[27\],6.26µm
u_bram.bram\[242\]\[6\],6.26µm
u_bram.bram\[255\]\[7\],6.26µm
u_bram.bram\[25\]\[19\],6.26µm
u_bram.bram\[25\]\[2\],6.26µm
u_bram.bram\[28\]\[9\],6.26µm
u_bram.bram\[31\]\[21\],6.26µm
u_bram.bram\[44\]\[1\],6.26µm
u_bram.bram\[5\]\[7\],6.26µm
u_bram.bram\[93\]\[16\],6.26µm
_12698_,6.24µm
_00044_,6.235µm
_02026_,6.235µm
_02248_,6.235µm
_03094_,6.235µm
_04200_,6.235µm
_00133_,6.225µm
_00179_,6.225µm
_00601_,6.225µm
_00635_,6.225µm
_01866_,6.225µm
_02017_,6.225µm
_02144_,6.225µm
_02148_,6.225µm
_02150_,6.225µm
_02355_,6.225µm
_02451_,6.225µm
_02558_,6.225µm
_02574_,6.225µm
_02668_,6.225µm
_02724_,6.225µm
_02831_,6.225µm
_03055_,6.225µm
_03229_,6.225µm
_03526_,6.225µm
_03887_,6.225µm
_03977_,6.225µm
_04204_,6.225µm
_04535_,6.225µm
_04729_,6.225µm
_04829_,6.225µm
_05428_,6.225µm
_05463_,6.225µm
_05519_,6.225µm
_05695_,6.225µm
_05829_,6.225µm
_06165_,6.225µm
_06284_,6.225µm
_06429_,6.225µm
_06972_,6.225µm
_07260_,6.225µm
_07330_,6.225µm
_07420_,6.225µm
_07520_,6.225µm
_07777_,6.225µm
_07953_,6.225µm
_08177_,6.225µm
_10344_,6.205µm
_12661_,6.2µm
_12664_,6.2µm
_00138_,6.185µm
_00144_,6.185µm
_00545_,6.185µm
_00768_,6.185µm
_00782_,6.185µm
_00897_,6.185µm
_01020_,6.185µm
_01158_,6.185µm
_01169_,6.185µm
_01232_,6.185µm
_01254_,6.185µm
_01295_,6.185µm
_01384_,6.185µm
_01678_,6.185µm
_01848_,6.185µm
_02048_,6.185µm
_02088_,6.185µm
_02312_,6.185µm
_02504_,6.185µm
_02549_,6.185µm
_02948_,6.185µm
_03036_,6.185µm
_03063_,6.185µm
_03178_,6.185µm
_03224_,6.185µm
_03408_,6.185µm
_03488_,6.185µm
_03662_,6.185µm
_03732_,6.185µm
_03935_,6.185µm
_04111_,6.185µm
_04134_,6.185µm
_04163_,6.185µm
_04244_,6.185µm
_04320_,6.185µm
_04471_,6.185µm
_04512_,6.185µm
_04527_,6.185µm
_04905_,6.185µm
_05004_,6.185µm
_05278_,6.185µm
_05405_,6.185µm
_05643_,6.185µm
_05670_,6.185µm
_05817_,6.185µm
_05953_,6.185µm
_05994_,6.185µm
_06275_,6.185µm
_06375_,6.185µm
_06823_,6.185µm
_07060_,6.185µm
_07062_,6.185µm
_07163_,6.185µm
_07206_,6.185µm
_07371_,6.185µm
_07605_,6.185µm
_07610_,6.185µm
_07709_,6.185µm
_08108_,6.185µm
_08110_,6.185µm
_08222_,6.185µm
_04650_,6.18µm
_08748_,6.18µm
_08893_,6.18µm
_08910_,6.18µm
_09805_,6.18µm
_10235_,6.18µm
_10597_,6.18µm
_10627_,6.18µm
_10648_,6.18µm
_10735_,6.18µm
_11803_,6.18µm
_11910_,6.18µm
_12496_,6.18µm
_12545_,6.18µm
_13056_,6.18µm
u_bram.bram\[0\]\[7\],6.18µm
u_bram.bram\[104\]\[29\],6.18µm
u_bram.bram\[120\]\[7\],6.18µm
u_bram.bram\[136\]\[0\],6.18µm
u_bram.bram\[140\]\[24\],6.18µm
u_bram.bram\[149\]\[26\],6.18µm
u_bram.bram\[156\]\[30\],6.18µm
u_bram.bram\[158\]\[4\],6.18µm
u_bram.bram\[178\]\[17\],6.18µm
u_bram.bram\[182\]\[21\],6.18µm
u_bram.bram\[183\]\[5\],6.18µm
u_bram.bram\[192\]\[26\],6.18µm
u_bram.bram\[20\]\[28\],6.18µm
u_bram.bram\[241\]\[10\],6.18µm
u_bram.bram\[242\]\[22\],6.18µm
u_bram.bram\[248\]\[6\],6.18µm
u_bram.bram\[249\]\[12\],6.18µm
u_bram.bram\[24\]\[19\],6.18µm
u_bram.bram\[25\]\[9\],6.18µm
u_bram.bram\[31\]\[10\],6.18µm
u_bram.bram\[76\]\[13\],6.18µm
u_bram.bram\[88\]\[20\],6.18µm
u_bram.bram\[95\]\[18\],6.18µm
_03221_,6.175µm
u_bram.bram\[15\]\[17\],6.16µm
u_bram.bram\[181\]\[21\],6.16µm
u_bram.bram\[205\]\[9\],6.16µm
u_bram.bram\[25\]\[1\],6.16µm
u_bram.bram\[27\]\[29\],6.16µm
_08656_,6.14µm
_09010_,6.14µm
_09826_,6.14µm
_09867_,6.14µm
_10084_,6.14µm
_10261_,6.14µm
_10615_,6.14µm
_10766_,6.14µm
_10829_,6.14µm
_10911_,6.14µm
_10956_,6.14µm
_10982_,6.14µm
_11117_,6.14µm
_11123_,6.14µm
_11248_,6.14µm
_11521_,6.14µm
_11539_,6.14µm
_11689_,6.14µm
_11798_,6.14µm
_12128_,6.14µm
_12483_,6.14µm
_13152_,6.14µm
_13551_,6.14µm
_14026_,6.14µm
u_bram.bram\[117\]\[5\],6.14µm
u_bram.bram\[119\]\[11\],6.14µm
u_bram.bram\[119\]\[16\],6.14µm
u_bram.bram\[178\]\[27\],6.14µm
u_bram.bram\[223\]\[5\],6.14µm
u_bram.bram\[28\]\[6\],6.14µm
u_bram.bram\[50\]\[21\],6.14µm
u_bram.bram\[88\]\[19\],6.14µm
u_bram.bram\[92\]\[28\],6.14µm
u_fifo_ctrl.u_w_b2g.binary_in\[8\],6.14µm
_01813_,6.135µm
_03590_,6.135µm
_06738_,6.135µm
_13638_,6.135µm
_09544_,6.12µm
_00402_,6.105µm
_01327_,6.105µm
_02151_,6.105µm
_02254_,6.105µm
_02345_,6.105µm
_02555_,6.105µm
_02752_,6.105µm
_03633_,6.105µm
_03723_,6.105µm
_04847_,6.105µm
_05021_,6.105µm
_05635_,6.105µm
_06340_,6.105µm
_06430_,6.105µm
_06766_,6.105µm
_06873_,6.105µm
_06939_,6.105µm
_07560_,6.105µm
_01705_,6.085µm
_05510_,6.085µm
_06389_,6.085µm
_06664_,6.085µm
_07133_,6.085µm
_00193_,6.08µm
_09396_,6.08µm
_09770_,6.08µm
_10090_,6.08µm
_10670_,6.08µm
_11377_,6.08µm
u_bram.bram\[156\]\[8\],6.08µm
u_bram.bram\[213\]\[9\],6.08µm
u_bram.bram\[242\]\[26\],6.08µm
u_bram.bram\[245\]\[0\],6.08µm
u_bram.bram\[51\]\[10\],6.08µm
u_bram.bram\[52\]\[27\],6.08µm
_11250_,6.07µm
u_bram.bram\[134\]\[27\],6.07µm
_00847_,6.065µm
_01599_,6.065µm
_01602_,6.065µm
_01605_,6.065µm
_03131_,6.065µm
_03494_,6.065µm
_03714_,6.065µm
_03840_,6.065µm
_04009_,6.065µm
_04266_,6.065µm
_04433_,6.065µm
_04738_,6.065µm
_05573_,6.065µm
_05887_,6.065µm
_05944_,6.065µm
_06113_,6.065µm
_06644_,6.065µm
_06681_,6.065µm
_06874_,6.065µm
_07298_,6.065µm
_07339_,6.065µm
_04652_,6.06µm
_08544_,6.06µm
_08584_,6.06µm
_12847_,6.06µm
_13549_,6.06µm
u_bram.bram\[104\]\[30\],6.06µm
u_bram.bram\[128\]\[9\],6.06µm
u_bram.bram\[132\]\[7\],6.06µm
u_bram.bram\[133\]\[9\],6.06µm
u_bram.bram\[144\]\[6\],6.06µm
u_bram.bram\[156\]\[29\],6.06µm
u_bram.bram\[243\]\[18\],6.06µm
u_bram.bram\[5\]\[8\],6.06µm
u_bram.bram\[8\]\[13\],6.06µm
u_bram.bram\[96\]\[21\],6.06µm
u_bram.bram\[97\]\[4\],6.06µm
u_fifo_ctrl.r_bin_next\[4\],6.06µm
_01107_,6.04µm
_02306_,6.04µm
_03720_,6.04µm
_04241_,6.04µm
_06237_,6.04µm
_06565_,6.04µm
_06942_,6.04µm
_11018_,6.04µm
u_bram.bram\[118\]\[31\],6.04µm
u_bram.bram\[128\]\[1\],6.04µm
u_bram.bram\[136\]\[30\],6.04µm
u_bram.bram\[144\]\[28\],6.04µm
u_bram.bram\[179\]\[6\],6.04µm
u_bram.bram\[179\]\[8\],6.04µm
u_bram.bram\[183\]\[26\],6.04µm
u_bram.bram\[213\]\[11\],6.04µm
u_bram.bram\[213\]\[7\],6.04µm
u_bram.bram\[215\]\[26\],6.04µm
u_bram.bram\[222\]\[13\],6.04µm
u_bram.bram\[223\]\[7\],6.04µm
u_bram.bram\[23\]\[21\],6.04µm
u_bram.bram\[243\]\[31\],6.04µm
u_bram.bram\[247\]\[24\],6.04µm
u_bram.bram\[248\]\[24\],6.04µm
u_bram.bram\[24\]\[25\],6.04µm
u_bram.bram\[27\]\[7\],6.04µm
u_bram.bram\[44\]\[3\],6.04µm
u_bram.bram\[54\]\[12\],6.04µm
u_bram.bram\[55\]\[3\],6.04µm
u_bram.bram\[95\]\[13\],6.04µm
u_bram.bram\[96\]\[25\],6.04µm
u_bram.bram\[97\]\[12\],6.04µm
_03953_,6.035µm
_08743_,6.02µm
_11386_,6.02µm
_11732_,6.02µm
_13117_,6.02µm
u_bram.bram\[4\]\[2\],6.02µm
_00921_,6.015µm
_01732_,6.015µm
_02524_,6.015µm
_04065_,6.015µm
_04762_,6.015µm
_06158_,6.015µm
_06633_,6.015µm
_00148_,6.005µm
_00197_,6.005µm
_00246_,6.005µm
_00345_,6.005µm
_00361_,6.005µm
_00384_,6.005µm
_00519_,6.005µm
_00538_,6.005µm
_00943_,6.005µm
_00969_,6.005µm
_01009_,6.005µm
_01161_,6.005µm
_02096_,6.005µm
_02174_,6.005µm
_02520_,6.005µm
_02581_,6.005µm
_02658_,6.005µm
_02663_,6.005µm
_02733_,6.005µm
_02834_,6.005µm
_03257_,6.005µm
_03373_,6.005µm
_03496_,6.005µm
_03658_,6.005µm
_04020_,6.005µm
_04126_,6.005µm
_04205_,6.005µm
_04232_,6.005µm
_04521_,6.005µm
_05086_,6.005µm
_05267_,6.005µm
_05369_,6.005µm
_05378_,6.005µm
_05411_,6.005µm
_05687_,6.005µm
_05908_,6.005µm
_06208_,6.005µm
_06282_,6.005µm
_06304_,6.005µm
_06436_,6.005µm
_06715_,6.005µm
_06836_,6.005µm
_06840_,6.005µm
_06960_,6.005µm
_07168_,6.005µm
_07917_,6.005µm
_08206_,6.005µm
_01322_,5.985µm
_01435_,5.985µm
_01674_,5.985µm
_01710_,5.985µm
_03114_,5.985µm
_03865_,5.985µm
_04560_,5.985µm
_04679_,5.985µm
_05918_,5.985µm
_06509_,5.985µm
_06860_,5.985µm
_07569_,5.985µm
_08057_,5.985µm
_09415_,5.98µm
_09760_,5.98µm
_10472_,5.98µm
_10903_,5.98µm
_12240_,5.98µm
_12412_,5.98µm
_13745_,5.98µm
r_data[24],5.97µm
r_data[30],5.97µm
r_data[6],5.97µm
rrst_n,5.97µm
_00351_,5.965µm
_00453_,5.965µm
_01357_,5.965µm
_02117_,5.965µm
_02256_,5.965µm
_02462_,5.965µm
_02609_,5.965µm
_02652_,5.965µm
_02756_,5.965µm
_02803_,5.965µm
_02815_,5.965µm
_02878_,5.965µm
_03144_,5.965µm
_03169_,5.965µm
_03726_,5.965µm
_03818_,5.965µm
_04075_,5.965µm
_04094_,5.965µm
_04101_,5.965µm
_04318_,5.965µm
_04369_,5.965µm
_04539_,5.965µm
_05017_,5.965µm
_05065_,5.965µm
_05567_,5.965µm
_05598_,5.965µm
_05803_,5.965µm
_06096_,5.965µm
_06244_,5.965µm
_06390_,5.965µm
_06405_,5.965µm
_06462_,5.965µm
_07115_,5.965µm
_07123_,5.965µm
_07179_,5.965µm
_07574_,5.965µm
_09671_,5.965µm
_04660_,5.96µm
_09936_,5.96µm
_10210_,5.96µm
_11667_,5.96µm
_12576_,5.96µm
u_bram.bram\[150\]\[21\],5.96µm
u_bram.bram\[150\]\[8\],5.96µm
u_bram.bram\[151\]\[10\],5.96µm
u_bram.bram\[214\]\[22\],5.96µm
u_bram.bram\[220\]\[1\],5.96µm
u_bram.bram\[223\]\[24\],5.96µm
u_bram.bram\[240\]\[31\],5.96µm
u_bram.bram\[25\]\[24\],5.96µm
u_bram.bram\[29\]\[2\],5.96µm
u_bram.bram\[55\]\[19\],5.96µm
u_bram.bram\[93\]\[31\],5.96µm
u_bram.bram\[94\]\[9\],5.96µm
u_fifo_ctrl.r_bin_next\[5\],5.96µm
u_fifo_ctrl.u_w_b2g.gray_out\[7\],5.96µm
_11730_,5.95µm
_13911_,5.95µm
_03351_,5.945µm
_03780_,5.945µm
_04044_,5.945µm
_04499_,5.945µm
_04746_,5.945µm
_04764_,5.945µm
_06708_,5.945µm
u_bram.bram\[6\]\[2\],5.945µm
_02286_,5.94µm
_13102_,5.94µm
_13310_,5.94µm
u_bram.bram\[100\]\[10\],5.94µm
u_bram.bram\[117\]\[9\],5.94µm
u_bram.bram\[180\]\[13\],5.94µm
u_bram.bram\[183\]\[23\],5.94µm
u_bram.bram\[187\]\[27\],5.94µm
u_bram.bram\[189\]\[24\],5.94µm
u_bram.bram\[192\]\[5\],5.94µm
u_bram.bram\[200\]\[17\],5.94µm
u_bram.bram\[201\]\[16\],5.94µm
u_bram.bram\[211\]\[21\],5.94µm
u_bram.bram\[213\]\[10\],5.94µm
u_bram.bram\[223\]\[30\],5.94µm
u_bram.bram\[233\]\[18\],5.94µm
u_bram.bram\[233\]\[23\],5.94µm
u_bram.bram\[235\]\[17\],5.94µm
u_bram.bram\[242\]\[17\],5.94µm
u_bram.bram\[243\]\[19\],5.94µm
u_bram.bram\[24\]\[22\],5.94µm
u_bram.bram\[253\]\[10\],5.94µm
u_bram.bram\[25\]\[14\],5.94µm
u_bram.bram\[25\]\[25\],5.94µm
u_bram.bram\[69\]\[9\],5.94µm
u_bram.bram\[9\]\[29\],5.94µm
_09028_,5.92µm
_09368_,5.92µm
_10989_,5.92µm
_11494_,5.92µm
_11554_,5.92µm
_12444_,5.92µm
u_fifo_ctrl.u_w_b2g.gray_out\[5\],5.92µm
_11906_,5.9µm
_14028_,5.9µm
u_bram.bram\[183\]\[18\],5.9µm
_00111_,5.895µm
_00283_,5.895µm
_00697_,5.895µm
_01291_,5.895µm
_01697_,5.895µm
_02220_,5.895µm
_02381_,5.895µm
_02423_,5.895µm
_02736_,5.895µm
_02743_,5.895µm
_02849_,5.895µm
_04002_,5.895µm
_04487_,5.895µm
_04755_,5.895µm
_05050_,5.895µm
_05107_,5.895µm
_05124_,5.895µm
_05177_,5.895µm
_05215_,5.895µm
_06348_,5.895µm
_07120_,5.895µm
_07417_,5.895µm
_08009_,5.895µm
_10174_,5.895µm
_02615_,5.885µm
_02972_,5.885µm
_03852_,5.885µm
_04183_,5.885µm
_04549_,5.885µm
_05163_,5.885µm
_06490_,5.885µm
_07169_,5.885µm
_13500_,5.885µm
w_data[26],5.87µm
_01825_,5.865µm
_03156_,5.865µm
_05968_,5.865µm
r_ptr_gray\[4\],5.865µm
_10303_,5.86µm
r_ptr_gray\[5\],5.86µm
u_bram.bram\[178\]\[10\],5.86µm
_00244_,5.845µm
_00370_,5.845µm
_00392_,5.845µm
_00712_,5.845µm
_00899_,5.845µm
_00933_,5.845µm
_00989_,5.845µm
_01111_,5.845µm
_01666_,5.845µm
_01696_,5.845µm
_01953_,5.845µm
_01988_,5.845µm
_02141_,5.845µm
_02316_,5.845µm
_02793_,5.845µm
_03076_,5.845µm
_03602_,5.845µm
_03727_,5.845µm
_05007_,5.845µm
_05551_,5.845µm
_05774_,5.845µm
_06593_,5.845µm
_06774_,5.845µm
_07007_,5.845µm
_07086_,5.845µm
_07411_,5.845µm
_07625_,5.845µm
_07816_,5.845µm
_04663_,5.84µm
_09090_,5.84µm
_09256_,5.84µm
_09262_,5.84µm
_09841_,5.84µm
_10728_,5.84µm
_10754_,5.84µm
_11297_,5.84µm
_11317_,5.84µm
_11405_,5.84µm
_11668_,5.84µm
_12278_,5.84µm
_12852_,5.84µm
_13276_,5.84µm
u_bram.bram\[0\]\[30\],5.84µm
u_bram.bram\[100\]\[28\],5.84µm
u_bram.bram\[105\]\[20\],5.84µm
u_bram.bram\[152\]\[27\],5.84µm
u_bram.bram\[169\]\[7\],5.84µm
u_bram.bram\[16\]\[28\],5.84µm
u_bram.bram\[16\]\[6\],5.84µm
u_bram.bram\[185\]\[25\],5.84µm
u_bram.bram\[205\]\[13\],5.84µm
u_bram.bram\[252\]\[28\],5.84µm
u_bram.bram\[26\]\[2\],5.84µm
u_bram.bram\[32\]\[2\],5.84µm
u_bram.bram\[36\]\[15\],5.84µm
u_bram.bram\[4\]\[18\],5.84µm
u_bram.bram\[4\]\[30\],5.84µm
u_bram.bram\[76\]\[20\],5.84µm
u_bram.bram\[84\]\[27\],5.84µm
u_bram.bram\[96\]\[28\],5.84µm
u_bram.bram\[96\]\[5\],5.84µm
u_bram.bram\[9\]\[4\],5.84µm
_08243_,5.82µm
_08741_,5.82µm
_11447_,5.82µm
u_bram.bram\[141\]\[23\],5.82µm
u_bram.bram\[156\]\[27\],5.82µm
u_bram.bram\[158\]\[13\],5.82µm
u_bram.bram\[171\]\[6\],5.82µm
u_bram.bram\[224\]\[21\],5.82µm
u_bram.bram\[233\]\[25\],5.82µm
u_bram.bram\[240\]\[28\],5.82µm
u_bram.bram\[247\]\[0\],5.82µm
u_bram.bram\[31\]\[25\],5.82µm
_01719_,5.815µm
_05018_,5.815µm
_05988_,5.815µm
_06788_,5.815µm
_07110_,5.815µm
_08636_,5.8µm
_08895_,5.8µm
_08913_,5.8µm
_09009_,5.8µm
_09254_,5.8µm
_09492_,5.8µm
_10076_,5.8µm
_10080_,5.8µm
_10238_,5.8µm
_10358_,5.8µm
_10411_,5.8µm
_10607_,5.8µm
_10775_,5.8µm
_11110_,5.8µm
_11187_,5.8µm
_11329_,5.8µm
_11392_,5.8µm
_11761_,5.8µm
_12062_,5.8µm
_12174_,5.8µm
_12260_,5.8µm
_12264_,5.8µm
_12293_,5.8µm
_12391_,5.8µm
_12580_,5.8µm
_12689_,5.8µm
_12719_,5.8µm
_12726_,5.8µm
_12972_,5.8µm
_13018_,5.8µm
_13129_,5.8µm
_13207_,5.8µm
_13223_,5.8µm
_13527_,5.8µm
_14004_,5.8µm
u_bram.bram\[112\]\[1\],5.8µm
u_bram.bram\[157\]\[11\],5.8µm
u_bram.bram\[172\]\[31\],5.8µm
u_bram.bram\[176\]\[25\],5.8µm
u_bram.bram\[178\]\[15\],5.8µm
u_bram.bram\[181\]\[25\],5.8µm
u_bram.bram\[196\]\[20\],5.8µm
u_bram.bram\[208\]\[24\],5.8µm
u_bram.bram\[48\]\[29\],5.8µm
u_bram.bram\[49\]\[12\],5.8µm
u_bram.bram\[76\]\[21\],5.8µm
_07259_,5.775µm
_13460_,5.775µm
_00063_,5.765µm
_00190_,5.765µm
_00268_,5.765µm
_00346_,5.765µm
_00422_,5.765µm
_00473_,5.765µm
_00741_,5.765µm
_00919_,5.765µm
_01003_,5.765µm
_01061_,5.765µm
_01070_,5.765µm
_01307_,5.765µm
_01483_,5.765µm
_01585_,5.765µm
_01653_,5.765µm
_01661_,5.765µm
_01785_,5.765µm
_01832_,5.765µm
_01879_,5.765µm
_01883_,5.765µm
_01908_,5.765µm
_02073_,5.765µm
_02399_,5.765µm
_02419_,5.765µm
_02521_,5.765µm
_02722_,5.765µm
_02811_,5.765µm
_02842_,5.765µm
_02885_,5.765µm
_02991_,5.765µm
_03035_,5.765µm
_03047_,5.765µm
_03344_,5.765µm
_03588_,5.765µm
_03612_,5.765µm
_03684_,5.765µm
_03705_,5.765µm
_04058_,5.765µm
_04303_,5.765µm
_04514_,5.765µm
_04930_,5.765µm
_05089_,5.765µm
_05262_,5.765µm
_05313_,5.765µm
_05359_,5.765µm
_05549_,5.765µm
_05580_,5.765µm
_05589_,5.765µm
_05823_,5.765µm
_05919_,5.765µm
_05940_,5.765µm
_05965_,5.765µm
_06022_,5.765µm
_06027_,5.765µm
_06063_,5.765µm
_06068_,5.765µm
_06183_,5.765µm
_06219_,5.765µm
_06343_,5.765µm
_06357_,5.765µm
_06409_,5.765µm
_06616_,5.765µm
_06822_,5.765µm
_06964_,5.765µm
_06985_,5.765µm
_07000_,5.765µm
_07096_,5.765µm
_07125_,5.765µm
_07380_,5.765µm
_07386_,5.765µm
_07418_,5.765µm
_07511_,5.765µm
_07628_,5.765µm
_07634_,5.765µm
_07737_,5.765µm
_07854_,5.765µm
_07895_,5.765µm
_07896_,5.765µm
_08115_,5.765µm
_09236_,5.745µm
_12183_,5.745µm
_03477_,5.74µm
_09869_,5.74µm
_09975_,5.74µm
_10302_,5.74µm
_12158_,5.74µm
_03066_,5.725µm
_04159_,5.725µm
_06090_,5.725µm
_06130_,5.725µm
_06248_,5.725µm
_07324_,5.725µm
_08538_,5.72µm
_08861_,5.72µm
_08875_,5.72µm
_09052_,5.72µm
_09114_,5.72µm
_09372_,5.72µm
_09519_,5.72µm
_09724_,5.72µm
_10764_,5.72µm
_10969_,5.72µm
_10994_,5.72µm
_11059_,5.72µm
_11126_,5.72µm
_11685_,5.72µm
_11970_,5.72µm
_12054_,5.72µm
_12377_,5.72µm
_12659_,5.72µm
_12921_,5.72µm
_13275_,5.72µm
_13377_,5.72µm
_13705_,5.72µm
_13717_,5.72µm
_13730_,5.72µm
_13854_,5.72µm
_13967_,5.72µm
u_bram.bram\[100\]\[30\],5.72µm
u_bram.bram\[120\]\[15\],5.72µm
u_bram.bram\[120\]\[22\],5.72µm
u_bram.bram\[12\]\[6\],5.72µm
u_bram.bram\[136\]\[26\],5.72µm
u_bram.bram\[136\]\[28\],5.72µm
u_bram.bram\[140\]\[28\],5.72µm
u_bram.bram\[144\]\[10\],5.72µm
u_bram.bram\[151\]\[28\],5.72µm
u_bram.bram\[16\]\[11\],5.72µm
u_bram.bram\[179\]\[4\],5.72µm
u_bram.bram\[188\]\[21\],5.72µm
u_bram.bram\[196\]\[4\],5.72µm
u_bram.bram\[208\]\[16\],5.72µm
u_bram.bram\[247\]\[16\],5.72µm
u_bram.bram\[252\]\[18\],5.72µm
u_bram.bram\[252\]\[9\],5.72µm
u_bram.bram\[40\]\[12\],5.72µm
u_bram.bram\[40\]\[9\],5.72µm
u_bram.bram\[44\]\[11\],5.72µm
u_bram.bram\[64\]\[16\],5.72µm
u_bram.bram\[68\]\[16\],5.72µm
u_bram.bram\[72\]\[9\],5.72µm
u_bram.bram\[84\]\[25\],5.72µm
u_bram.bram\[8\]\[21\],5.72µm
u_bram.bram\[8\]\[9\],5.72µm
_00743_,5.715µm
_07356_,5.715µm
_10539_,5.705µm
_00347_,5.7µm
_01582_,5.7µm
_02363_,5.7µm
_03761_,5.7µm
_11935_,5.7µm
u_bram.bram\[117\]\[12\],5.7µm
u_bram.bram\[151\]\[17\],5.7µm
u_bram.bram\[212\]\[28\],5.7µm
u_bram.bram\[95\]\[17\],5.7µm
_01079_,5.695µm
_01729_,5.695µm
_08718_,5.68µm
_08742_,5.68µm
_09261_,5.68µm
_09549_,5.68µm
_09561_,5.68µm
_09680_,5.68µm
_09761_,5.68µm
_09950_,5.68µm
_10474_,5.68µm
_10517_,5.68µm
_10559_,5.68µm
_10605_,5.68µm
_10872_,5.68µm
_10883_,5.68µm
_11347_,5.68µm
_11450_,5.68µm
_11813_,5.68µm
_11859_,5.68µm
_12166_,5.68µm
_12616_,5.68µm
_12621_,5.68µm
_12756_,5.68µm
_12835_,5.68µm
_13564_,5.68µm
_13708_,5.68µm
_13960_,5.68µm
_14020_,5.68µm
u_bram.bram\[157\]\[5\],5.68µm
u_bram.bram\[182\]\[11\],5.68µm
u_bram.bram\[212\]\[25\],5.68µm
u_bram.bram\[222\]\[17\],5.68µm
u_bram.bram\[222\]\[23\],5.68µm
u_bram.bram\[246\]\[11\],5.68µm
u_bram.bram\[246\]\[9\],5.68µm
u_bram.bram\[247\]\[11\],5.68µm
u_bram.bram\[92\]\[2\],5.68µm
u_bram.bram\[94\]\[15\],5.68µm
_02470_,5.675µm
_02510_,5.675µm
_04230_,5.675µm
_05119_,5.675µm
_00123_,5.645µm
_00579_,5.645µm
_00890_,5.645µm
_01689_,5.645µm
_01834_,5.645µm
_01978_,5.645µm
_02082_,5.645µm
_02189_,5.645µm
_02771_,5.645µm
_02949_,5.645µm
_03803_,5.645µm
_04146_,5.645µm
_04617_,5.645µm
_04686_,5.645µm
_04720_,5.645µm
_04790_,5.645µm
_04849_,5.645µm
_04939_,5.645µm
_05079_,5.645µm
_05159_,5.645µm
_05160_,5.645µm
_05629_,5.645µm
_06892_,5.645µm
_07439_,5.645µm
_07696_,5.645µm
r_data[15],5.63µm
r_data[18],5.63µm
r_data[1],5.63µm
r_data[28],5.63µm
w_data[30],5.63µm
w_data[3],5.63µm
_00569_,5.625µm
_01679_,5.625µm
_03677_,5.625µm
_06270_,5.625µm
_13288_,5.625µm
_01267_,5.62µm
_02571_,5.62µm
_09539_,5.62µm
_10854_,5.62µm
_11054_,5.62µm
_11113_,5.62µm
_11287_,5.62µm
_11349_,5.62µm
_11553_,5.62µm
_11806_,5.62µm
_12001_,5.62µm
u_bram.bram\[151\]\[25\],5.62µm
u_bram.bram\[158\]\[24\],5.62µm
u_bram.bram\[176\]\[11\],5.62µm
u_bram.bram\[177\]\[5\],5.62µm
u_bram.bram\[178\]\[25\],5.62µm
u_bram.bram\[183\]\[13\],5.62µm
u_bram.bram\[212\]\[19\],5.62µm
u_bram.bram\[220\]\[28\],5.62µm
u_bram.bram\[221\]\[7\],5.62µm
u_bram.bram\[223\]\[0\],5.62µm
u_bram.bram\[223\]\[31\],5.62µm
u_bram.bram\[244\]\[16\],5.62µm
u_bram.bram\[29\]\[14\],5.62µm
u_bram.bram\[29\]\[1\],5.62µm
u_bram.bram\[31\]\[7\],5.62µm
u_bram.bram\[90\]\[11\],5.62µm
u_bram.bram\[93\]\[7\],5.62µm
u_bram.bram\[94\]\[1\],5.62µm
_11796_,5.61µm
_00053_,5.605µm
_00357_,5.605µm
_02624_,5.605µm
_02966_,5.605µm
_03359_,5.605µm
_03541_,5.605µm
_03752_,5.605µm
_04086_,5.605µm
_04694_,5.605µm
_05201_,5.605µm
_05762_,5.605µm
_06502_,5.605µm
_07250_,5.605µm
_07271_,5.605µm
_07275_,5.605µm
_07792_,5.605µm
_08937_,5.6µm
_09054_,5.6µm
_11121_,5.6µm
_11884_,5.6µm
_11989_,5.6µm
_12019_,5.6µm
u_bram.bram\[140\]\[6\],5.6µm
u_bram.bram\[152\]\[23\],5.6µm
u_bram.bram\[175\]\[1\],5.6µm
u_bram.bram\[180\]\[21\],5.6µm
u_bram.bram\[183\]\[15\],5.6µm
u_bram.bram\[228\]\[12\],5.6µm
u_bram.bram\[241\]\[1\],5.6µm
u_bram.bram\[248\]\[25\],5.6µm
u_bram.bram\[29\]\[4\],5.6µm
u_bram.bram\[4\]\[5\],5.6µm
u_bram.bram\[68\]\[6\],5.6µm
_00563_,5.58µm
_01067_,5.58µm
_01106_,5.58µm
_01720_,5.58µm
_02025_,5.58µm
_02630_,5.58µm
_02735_,5.58µm
_03783_,5.58µm
_03964_,5.58µm
_07004_,5.58µm
_07370_,5.58µm
_10701_,5.58µm
_10933_,5.58µm
_11105_,5.58µm
_11731_,5.58µm
_12507_,5.58µm
u_bram.bram\[152\]\[2\],5.58µm
u_bram.bram\[183\]\[3\],5.58µm
u_bram.bram\[209\]\[28\],5.58µm
u_bram.bram\[243\]\[27\],5.58µm
u_bram.bram\[44\]\[25\],5.58µm
u_bram.bram\[51\]\[26\],5.58µm
u_bram.bram\[94\]\[30\],5.58µm
u_bram.bram\[95\]\[22\],5.58µm
_10568_,5.56µm
_11851_,5.56µm
_13403_,5.56µm
u_bram.bram\[240\]\[19\],5.56µm
_01823_,5.555µm
_02245_,5.555µm
_03832_,5.555µm
_03880_,5.555µm
_04455_,5.555µm
_04906_,5.555µm
_05322_,5.555µm
_05478_,5.555µm
_05757_,5.555µm
_06107_,5.555µm
_07360_,5.555µm
_09864_,5.555µm
_10711_,5.555µm
_00052_,5.545µm
_00210_,5.545µm
_00533_,5.545µm
_00615_,5.545µm
_00633_,5.545µm
_00710_,5.545µm
_01324_,5.545µm
_01690_,5.545µm
_01831_,5.545µm
_01898_,5.545µm
_01921_,5.545µm
_02395_,5.545µm
_02416_,5.545µm
_02579_,5.545µm
_02635_,5.545µm
_02656_,5.545µm
_02696_,5.545µm
_03256_,5.545µm
_03337_,5.545µm
_03444_,5.545µm
_03487_,5.545µm
_03520_,5.545µm
_03640_,5.545µm
_03663_,5.545µm
_03667_,5.545µm
_03867_,5.545µm
_04408_,5.545µm
_04413_,5.545µm
_04704_,5.545µm
_04726_,5.545µm
_04851_,5.545µm
_04940_,5.545µm
_05286_,5.545µm
_05396_,5.545µm
_05441_,5.545µm
_05509_,5.545µm
_05718_,5.545µm
_05943_,5.545µm
_06135_,5.545µm
_06241_,5.545µm
_06372_,5.545µm
_06493_,5.545µm
_06871_,5.545µm
_07029_,5.545µm
_07282_,5.545µm
_07429_,5.545µm
_07523_,5.545µm
_07537_,5.545µm
_07733_,5.545µm
_07815_,5.545µm
_07831_,5.545µm
_07970_,5.545µm
_08035_,5.545µm
_08069_,5.545µm
w_data[0],5.53µm
_00721_,5.525µm
_00773_,5.525µm
_02627_,5.525µm
_03149_,5.525µm
_03913_,5.525µm
_04545_,5.525µm
_07399_,5.525µm
_07753_,5.525µm
_07933_,5.525µm
_08664_,5.52µm
_09129_,5.52µm
_09721_,5.52µm
_10915_,5.52µm
_11279_,5.52µm
_11389_,5.52µm
_11625_,5.52µm
_11767_,5.52µm
_12831_,5.52µm
_13119_,5.52µm
_00043_,5.505µm
_00386_,5.505µm
_00478_,5.505µm
_00631_,5.505µm
_00642_,5.505µm
_00869_,5.505µm
_00910_,5.505µm
_01019_,5.505µm
_01103_,5.505µm
_01172_,5.505µm
_01225_,5.505µm
_01230_,5.505µm
_01268_,5.505µm
_01304_,5.505µm
_01364_,5.505µm
_01608_,5.505µm
_01621_,5.505µm
_01734_,5.505µm
_01775_,5.505µm
_01851_,5.505µm
_01856_,5.505µm
_02024_,5.505µm
_02116_,5.505µm
_02175_,5.505µm
_02273_,5.505µm
_02396_,5.505µm
_02413_,5.505µm
_02429_,5.505µm
_02443_,5.505µm
_02742_,5.505µm
_02880_,5.505µm
_03072_,5.505µm
_03145_,5.505µm
_03210_,5.505µm
_03321_,5.505µm
_03414_,5.505µm
_03436_,5.505µm
_03603_,5.505µm
_03614_,5.505µm
_03744_,5.505µm
_03789_,5.505µm
_04041_,5.505µm
_04051_,5.505µm
_04055_,5.505µm
_04095_,5.505µm
_04511_,5.505µm
_04752_,5.505µm
_04915_,5.505µm
_04969_,5.505µm
_05147_,5.505µm
_05151_,5.505µm
_05161_,5.505µm
_05318_,5.505µm
_05353_,5.505µm
_05440_,5.505µm
_06144_,5.505µm
_06155_,5.505µm
_06385_,5.505µm
_06435_,5.505µm
_06683_,5.505µm
_06742_,5.505µm
_06749_,5.505µm
_06879_,5.505µm
_07049_,5.505µm
_07156_,5.505µm
_07208_,5.505µm
_07424_,5.505µm
_07647_,5.505µm
_07721_,5.505µm
_07868_,5.505µm
_07870_,5.505µm
_08179_,5.505µm
_04653_,5.5µm
_07150_,5.5µm
_08719_,5.5µm
_08721_,5.5µm
_09200_,5.5µm
_12066_,5.5µm
_12442_,5.5µm
r_ptr_gray_meta\[0\],5.5µm
u_bram.bram\[177\]\[13\],5.5µm
u_bram.bram\[177\]\[2\],5.5µm
u_bram.bram\[244\]\[21\],5.5µm
u_bram.bram\[245\]\[30\],5.5µm
u_bram.bram\[28\]\[25\],5.5µm
u_bram.bram\[52\]\[10\],5.5µm
u_bram.bram\[53\]\[9\],5.5µm
u_bram.bram\[55\]\[10\],5.5µm
u_bram.bram\[55\]\[18\],5.5µm
u_bram.bram\[88\]\[24\],5.5µm
u_bram.bram\[88\]\[8\],5.5µm
_11710_,5.49µm
_13182_,5.49µm
_07576_,5.48µm
_13097_,5.48µm
r_ptr_sync_gray\[8\],5.48µm
u_bram.bram\[108\]\[5\],5.48µm
u_bram.bram\[148\]\[18\],5.48µm
u_bram.bram\[157\]\[2\],5.48µm
u_bram.bram\[157\]\[7\],5.48µm
u_bram.bram\[159\]\[2\],5.48µm
u_bram.bram\[171\]\[31\],5.48µm
u_bram.bram\[176\]\[5\],5.48µm
u_bram.bram\[181\]\[27\],5.48µm
u_bram.bram\[215\]\[2\],5.48µm
u_bram.bram\[221\]\[9\],5.48µm
u_bram.bram\[243\]\[21\],5.48µm
u_bram.bram\[25\]\[16\],5.48µm
u_bram.bram\[26\]\[22\],5.48µm
_00356_,5.475µm
_00669_,5.475µm
_01000_,5.475µm
_01554_,5.475µm
_01808_,5.475µm
_02424_,5.475µm
_03106_,5.475µm
_03269_,5.475µm
_03360_,5.475µm
_03365_,5.475µm
_03529_,5.475µm
_03886_,5.475µm
_04052_,5.475µm
_04639_,5.475µm
_04921_,5.475µm
_05260_,5.475µm
_05565_,5.475µm
_05599_,5.475µm
_05815_,5.475µm
_05875_,5.475µm
_05954_,5.475µm
_06333_,5.475µm
_06631_,5.475µm
_07042_,5.475µm
_07081_,5.475µm
_07803_,5.475µm
_08044_,5.475µm
_08167_,5.475µm
_08638_,5.46µm
_08725_,5.46µm
_08950_,5.46µm
_09997_,5.46µm
_10928_,5.46µm
_11598_,5.46µm
_11943_,5.46µm
_12233_,5.46µm
_12749_,5.46µm
_12917_,5.46µm
_13046_,5.46µm
_13571_,5.46µm
u_bram.bram\[24\]\[31\],5.46µm
_06678_,5.445µm
_09654_,5.44µm
_00172_,5.435µm
_00328_,5.435µm
_00572_,5.435µm
_00655_,5.435µm
_00820_,5.435µm
_00838_,5.435µm
_01001_,5.435µm
_01089_,5.435µm
_01411_,5.435µm
_01976_,5.435µm
_02033_,5.435µm
_02049_,5.435µm
_02050_,5.435µm
_02201_,5.435µm
_02358_,5.435µm
_02760_,5.435µm
_02798_,5.435µm
_02851_,5.435µm
_02887_,5.435µm
_04006_,5.435µm
_04904_,5.435µm
_05723_,5.435µm
_05749_,5.435µm
_05836_,5.435µm
_05850_,5.435µm
_06025_,5.435µm
_06147_,5.435µm
_06346_,5.435µm
_06709_,5.435µm
_07008_,5.435µm
_07105_,5.435µm
_07129_,5.435µm
_07374_,5.435µm
_07601_,5.435µm
_07963_,5.435µm
_08144_,5.435µm
_00002_,5.425µm
_01196_,5.425µm
_01243_,5.425µm
_01265_,5.425µm
_01378_,5.425µm
_02415_,5.425µm
_02448_,5.425µm
_03425_,5.425µm
_03849_,5.425µm
_04340_,5.425µm
_04364_,5.425µm
_05741_,5.425µm
_07479_,5.425µm
_07529_,5.425µm
_07649_,5.425µm
_07851_,5.425µm
_07988_,5.425µm
w_data[22],5.41µm
_04309_,5.405µm
_04520_,5.405µm
_08854_,5.405µm
_09026_,5.405µm
_09516_,5.405µm
_08604_,5.4µm
_08655_,5.4µm
_09063_,5.4µm
_09274_,5.4µm
_10236_,5.4µm
_10489_,5.4µm
_12402_,5.4µm
_13872_,5.4µm
_03255_,5.385µm
_08301_,5.38µm
_08976_,5.38µm
_09259_,5.38µm
_09287_,5.38µm
_09353_,5.38µm
_09433_,5.38µm
_09595_,5.38µm
_09834_,5.38µm
_10546_,5.38µm
_10636_,5.38µm
_11132_,5.38µm
_11285_,5.38µm
_11333_,5.38µm
_11412_,5.38µm
_11429_,5.38µm
_11476_,5.38µm
_11651_,5.38µm
_11951_,5.38µm
_12538_,5.38µm
_13145_,5.38µm
_13258_,5.38µm
_13265_,5.38µm
_13621_,5.38µm
_13722_,5.38µm
_13774_,5.38µm
u_bram.bram\[112\]\[8\],5.38µm
u_bram.bram\[168\]\[0\],5.38µm
u_bram.bram\[76\]\[10\],5.38µm
w_ptr_gray_meta\[7\],5.38µm
u_bram.bram\[150\]\[12\],5.36µm
u_bram.bram\[251\]\[14\],5.36µm
_00004_,5.355µm
_01173_,5.355µm
_04822_,5.355µm
_04938_,5.355µm
_12752_,5.345µm
_08275_,5.34µm
_08869_,5.34µm
_08912_,5.34µm
_09074_,5.34µm
_09139_,5.34µm
_09178_,5.34µm
_09465_,5.34µm
_09593_,5.34µm
_09610_,5.34µm
_10157_,5.34µm
_10285_,5.34µm
_10387_,5.34µm
_10412_,5.34µm
_10482_,5.34µm
_11109_,5.34µm
_11443_,5.34µm
_11472_,5.34µm
_11565_,5.34µm
_11605_,5.34µm
_11674_,5.34µm
_12026_,5.34µm
_12103_,5.34µm
_12381_,5.34µm
_12692_,5.34µm
_12711_,5.34µm
_12866_,5.34µm
_12960_,5.34µm
_13009_,5.34µm
_13086_,5.34µm
_13092_,5.34µm
_13143_,5.34µm
_13232_,5.34µm
_13449_,5.34µm
_13519_,5.34µm
_13577_,5.34µm
_13747_,5.34µm
_13815_,5.34µm
_13896_,5.34µm
_13968_,5.34µm
_13987_,5.34µm
u_bram.bram\[119\]\[30\],5.34µm
u_bram.bram\[145\]\[6\],5.34µm
u_bram.bram\[165\]\[25\],5.34µm
u_bram.bram\[172\]\[23\],5.34µm
u_bram.bram\[173\]\[19\],5.34µm
u_bram.bram\[178\]\[1\],5.34µm
u_bram.bram\[189\]\[13\],5.34µm
u_bram.bram\[193\]\[18\],5.34µm
u_bram.bram\[208\]\[19\],5.34µm
u_bram.bram\[221\]\[11\],5.34µm
u_bram.bram\[252\]\[15\],5.34µm
u_bram.bram\[28\]\[18\],5.34µm
u_bram.bram\[28\]\[26\],5.34µm
u_bram.bram\[79\]\[11\],5.34µm
_06883_,5.315µm
_00115_,5.305µm
_00120_,5.305µm
_00150_,5.305µm
_00191_,5.305µm
_00419_,5.305µm
_00476_,5.305µm
_00622_,5.305µm
_00766_,5.305µm
_01051_,5.305µm
_01064_,5.305µm
_01152_,5.305µm
_01153_,5.305µm
_01156_,5.305µm
_01361_,5.305µm
_01434_,5.305µm
_01555_,5.305µm
_01596_,5.305µm
_01633_,5.305µm
_01665_,5.305µm
_01784_,5.305µm
_01929_,5.305µm
_01931_,5.305µm
_01967_,5.305µm
_01984_,5.305µm
_02004_,5.305µm
_02009_,5.305µm
_02054_,5.305µm
_02223_,5.305µm
_02547_,5.305µm
_02548_,5.305µm
_02557_,5.305µm
_02664_,5.305µm
_02716_,5.305µm
_02747_,5.305µm
_02782_,5.305µm
_02936_,5.305µm
_02973_,5.305µm
_03173_,5.305µm
_03340_,5.305µm
_03421_,5.305µm
_03525_,5.305µm
_03592_,5.305µm
_03645_,5.305µm
_03671_,5.305µm
_03676_,5.305µm
_03741_,5.305µm
_03903_,5.305µm
_03923_,5.305µm
_03929_,5.305µm
_03933_,5.305µm
_04045_,5.305µm
_04050_,5.305µm
_04097_,5.305µm
_04250_,5.305µm
_04328_,5.305µm
_04436_,5.305µm
_04474_,5.305µm
_04492_,5.305µm
_04785_,5.305µm
_04796_,5.305µm
_04859_,5.305µm
_04874_,5.305µm
_04891_,5.305µm
_04993_,5.305µm
_05011_,5.305µm
_05022_,5.305µm
_05047_,5.305µm
_05064_,5.305µm
_05070_,5.305µm
_05088_,5.305µm
_05269_,5.305µm
_05320_,5.305µm
_05334_,5.305µm
_05376_,5.305µm
_05520_,5.305µm
_05522_,5.305µm
_05550_,5.305µm
_05612_,5.305µm
_05618_,5.305µm
_05858_,5.305µm
_05934_,5.305µm
_05985_,5.305µm
_06047_,5.305µm
_06143_,5.305µm
_06207_,5.305µm
_06252_,5.305µm
_06421_,5.305µm
_06476_,5.305µm
_06484_,5.305µm
_06535_,5.305µm
_06590_,5.305µm
_06650_,5.305µm
_06771_,5.305µm
_06772_,5.305µm
_06799_,5.305µm
_06801_,5.305µm
_06982_,5.305µm
_07126_,5.305µm
_07191_,5.305µm
_07199_,5.305µm
_07214_,5.305µm
_07258_,5.305µm
_07323_,5.305µm
_07355_,5.305µm
_07385_,5.305µm
_07642_,5.305µm
_07674_,5.305µm
_07742_,5.305µm
_07850_,5.305µm
_07932_,5.305µm
_07977_,5.305µm
_08049_,5.305µm
_08098_,5.305µm
_08223_,5.305µm
iso_en,5.29µm
r_data[11],5.29µm
r_data[13],5.29µm
r_data[22],5.29µm
r_data[7],5.29µm
w_data[5],5.29µm
_08745_,5.28µm
_09405_,5.28µm
_10254_,5.28µm
_10563_,5.28µm
_13032_,5.28µm
_13999_,5.28µm
_00177_,5.265µm
_00298_,5.265µm
_00332_,5.265µm
_00503_,5.265µm
_02341_,5.265µm
_03636_,5.265µm
_03713_,5.265µm
_03836_,5.265µm
_03876_,5.265µm
_06177_,5.265µm
_06240_,5.265µm
_06744_,5.265µm
_07880_,5.265µm
_08264_,5.26µm
_08520_,5.26µm
_08531_,5.26µm
_08797_,5.26µm
_09394_,5.26µm
_09590_,5.26µm
_09605_,5.26µm
_09811_,5.26µm
_10093_,5.26µm
_10430_,5.26µm
_10541_,5.26µm
_10583_,5.26µm
_10692_,5.26µm
_10823_,5.26µm
_11246_,5.26µm
_11399_,5.26µm
_11661_,5.26µm
_11912_,5.26µm
_12040_,5.26µm
_12077_,5.26µm
_12162_,5.26µm
_12227_,5.26µm
_12552_,5.26µm
_13237_,5.26µm
_13238_,5.26µm
_13243_,5.26µm
_13356_,5.26µm
_13450_,5.26µm
_13585_,5.26µm
u_bram.bram\[160\]\[8\],5.26µm
u_bram.bram\[169\]\[19\],5.26µm
u_bram.bram\[192\]\[13\],5.26µm
u_bram.bram\[241\]\[4\],5.26µm
u_bram.bram\[32\]\[19\],5.26µm
u_bram.bram\[36\]\[11\],5.26µm
_00311_,5.255µm
_01722_,5.255µm
_00353_,5.24µm
_02042_,5.24µm
_11632_,5.24µm
u_bram.bram\[120\]\[25\],5.24µm
_08635_,5.22µm
_08786_,5.22µm
_08980_,5.22µm
_09008_,5.22µm
_09584_,5.22µm
_09608_,5.22µm
_09843_,5.22µm
_10127_,5.22µm
_10229_,5.22µm
_10252_,5.22µm
_10600_,5.22µm
_10608_,5.22µm
_10691_,5.22µm
_10822_,5.22µm
_11034_,5.22µm
_11357_,5.22µm
_11370_,5.22µm
_11616_,5.22µm
_12124_,5.22µm
_12140_,5.22µm
_12206_,5.22µm
_12486_,5.22µm
_12537_,5.22µm
_12541_,5.22µm
_12684_,5.22µm
_12724_,5.22µm
_12854_,5.22µm
_12897_,5.22µm
_13030_,5.22µm
_13535_,5.22µm
_13595_,5.22µm
_13763_,5.22µm
_13804_,5.22µm
_13871_,5.22µm
u_bram.bram\[156\]\[23\],5.22µm
u_bram.bram\[182\]\[17\],5.22µm
u_bram.bram\[240\]\[5\],5.22µm
u_bram.bram\[244\]\[20\],5.22µm
u_bram.bram\[92\]\[6\],5.22µm
_00129_,5.215µm
_02598_,5.215µm
_01188_,5.205µm
_00373_,5.185µm
_01426_,5.185µm
_01562_,5.185µm
_02702_,5.185µm
_03770_,5.185µm
_04803_,5.185µm
_05667_,5.185µm
_06029_,5.185µm
_06724_,5.185µm
_07154_,5.185µm
_07293_,5.185µm
_07342_,5.185µm
_07538_,5.185µm
_07698_,5.185µm
_07783_,5.185µm
_08219_,5.185µm
_10518_,5.17µm
_00687_,5.165µm
_01600_,5.165µm
_02030_,5.165µm
_03286_,5.165µm
_04300_,5.165µm
_04399_,5.165µm
_04416_,5.165µm
_04430_,5.165µm
_04947_,5.165µm
_06887_,5.165µm
_06980_,5.165µm
_07631_,5.165µm
_00962_,5.16µm
_05449_,5.16µm
_10542_,5.16µm
_12780_,5.16µm
u_bram.bram\[148\]\[14\],5.16µm
u_bram.bram\[178\]\[13\],5.16µm
u_bram.bram\[212\]\[16\],5.16µm
u_bram.bram\[221\]\[2\],5.16µm
u_bram.bram\[25\]\[12\],5.16µm
u_bram.bram\[26\]\[19\],5.16µm
u_bram.bram\[30\]\[13\],5.16µm
u_bram.bram\[30\]\[28\],5.16µm
u_bram.bram\[50\]\[1\],5.16µm
u_bram.bram\[54\]\[16\],5.16µm
u_bram.bram\[54\]\[3\],5.16µm
u_bram.bram\[88\]\[21\],5.16µm
_09132_,5.15µm
u_bram.bram\[34\]\[26\],5.15µm
_09025_,5.14µm
_10071_,5.14µm
_11750_,5.14µm
_12699_,5.14µm
_13079_,5.14µm
_13362_,5.14µm
_13900_,5.14µm
u_bram.bram\[123\]\[0\],5.14µm
u_bram.bram\[136\]\[23\],5.14µm
u_bram.bram\[140\]\[25\],5.14µm
u_bram.bram\[16\]\[19\],5.14µm
u_bram.bram\[177\]\[1\],5.14µm
u_bram.bram\[179\]\[28\],5.14µm
u_bram.bram\[195\]\[17\],5.14µm
u_bram.bram\[248\]\[5\],5.14µm
u_bram.bram\[27\]\[21\],5.14µm
u_bram.bram\[31\]\[23\],5.14µm
u_bram.bram\[32\]\[15\],5.14µm
u_bram.bram\[44\]\[21\],5.14µm
u_bram.bram\[55\]\[14\],5.14µm
u_bram.bram\[56\]\[3\],5.14µm
u_bram.bram\[68\]\[3\],5.14µm
u_bram.bram\[68\]\[4\],5.14µm
u_bram.bram\[76\]\[22\],5.14µm
u_bram.bram\[84\]\[28\],5.14µm
u_bram.bram\[8\]\[11\],5.14µm
_00722_,5.135µm
_01538_,5.135µm
_01704_,5.135µm
_02265_,5.135µm
_02985_,5.135µm
_03175_,5.135µm
_03827_,5.135µm
_04605_,5.135µm
_05344_,5.135µm
_05394_,5.135µm
_06399_,5.135µm
_06433_,5.135µm
_06662_,5.135µm
_07390_,5.135µm
_07405_,5.135µm
_08024_,5.135µm
_08168_,5.135µm
_10690_,5.135µm
_08919_,5.12µm
_09295_,5.12µm
_09509_,5.12µm
_09732_,5.12µm
_09775_,5.12µm
_10299_,5.12µm
_11166_,5.12µm
_12012_,5.12µm
_12071_,5.12µm
_12186_,5.12µm
_12455_,5.12µm
_12728_,5.12µm
_13271_,5.12µm
u_bram.bram\[231\]\[17\],5.12µm
u_bram.bram\[26\]\[30\],5.12µm
_01812_,5.115µm
_11617_,5.1µm
_00169_,5.095µm
_00598_,5.095µm
_01065_,5.095µm
_01071_,5.095µm
_01212_,5.095µm
_01728_,5.095µm
_01817_,5.095µm
_01882_,5.095µm
_02052_,5.095µm
_02077_,5.095µm
_02601_,5.095µm
_03168_,5.095µm
_03358_,5.095µm
_03548_,5.095µm
_03652_,5.095µm
_03739_,5.095µm
_04330_,5.095µm
_05095_,5.095µm
_05345_,5.095µm
_05466_,5.095µm
_05467_,5.095µm
_05962_,5.095µm
_06098_,5.095µm
_06115_,5.095µm
_06361_,5.095µm
_06568_,5.095µm
_06739_,5.095µm
_07003_,5.095µm
_07112_,5.095µm
_07180_,5.095µm
_07241_,5.095µm
_07369_,5.095µm
_07535_,5.095µm
_07749_,5.095µm
_07786_,5.095µm
_08043_,5.095µm
_12598_,5.095µm
_00042_,5.085µm
_00365_,5.085µm
_00418_,5.085µm
_00468_,5.085µm
_00870_,5.085µm
_00892_,5.085µm
_00906_,5.085µm
_00922_,5.085µm
_00980_,5.085µm
_01108_,5.085µm
_01123_,5.085µm
_01309_,5.085µm
_01338_,5.085µm
_01416_,5.085µm
_01467_,5.085µm
_01776_,5.085µm
_01803_,5.085µm
_01938_,5.085µm
_02032_,5.085µm
_02122_,5.085µm
_02147_,5.085µm
_02288_,5.085µm
_02339_,5.085µm
_02372_,5.085µm
_02489_,5.085µm
_02692_,5.085µm
_02844_,5.085µm
_02882_,5.085µm
_02952_,5.085µm
_02999_,5.085µm
_03163_,5.085µm
_03164_,5.085µm
_03204_,5.085µm
_03214_,5.085µm
_03545_,5.085µm
_03567_,5.085µm
_03619_,5.085µm
_03686_,5.085µm
_03808_,5.085µm
_03859_,5.085µm
_04132_,5.085µm
_04138_,5.085µm
_04151_,5.085µm
_04225_,5.085µm
_04299_,5.085µm
_04329_,5.085µm
_04352_,5.085µm
_04713_,5.085µm
_04826_,5.085µm
_05046_,5.085µm
_05111_,5.085µm
_05225_,5.085µm
_05360_,5.085µm
_05448_,5.085µm
_05532_,5.085µm
_05539_,5.085µm
_05763_,5.085µm
_05782_,5.085µm
_05902_,5.085µm
_05987_,5.085µm
_06000_,5.085µm
_06010_,5.085µm
_06187_,5.085µm
_06215_,5.085µm
_06368_,5.085µm
_06599_,5.085µm
_06624_,5.085µm
_06627_,5.085µm
_06707_,5.085µm
_06755_,5.085µm
_06773_,5.085µm
_06810_,5.085µm
_06996_,5.085µm
_07080_,5.085µm
_07151_,5.085µm
_07248_,5.085µm
_07305_,5.085µm
_07354_,5.085µm
_07451_,5.085µm
_07474_,5.085µm
_07521_,5.085µm
_07548_,5.085µm
_07587_,5.085µm
_07869_,5.085µm
_08186_,5.085µm
_08205_,5.085µm
_12203_,5.07µm
_00342_,5.065µm
_01762_,5.065µm
_02186_,5.065µm
_03387_,5.065µm
_04021_,5.065µm
_06762_,5.065µm
_07194_,5.065µm
_07583_,5.065µm
_08623_,5.06µm
_08964_,5.06µm
_08999_,5.06µm
_09764_,5.06µm
_10438_,5.06µm
_10824_,5.06µm
_10975_,5.06µm
_11469_,5.06µm
_11488_,5.06µm
_13185_,5.06µm
_13191_,5.06µm
_13313_,5.06µm
_13789_,5.06µm
_00116_,5.045µm
_01228_,5.045µm
_01671_,5.045µm
_02121_,5.045µm
_02350_,5.045µm
_02370_,5.045µm
_02708_,5.045µm
_02730_,5.045µm
_02939_,5.045µm
_03505_,5.045µm
_03516_,5.045µm
_03527_,5.045µm
_04739_,5.045µm
_04765_,5.045µm
_05217_,5.045µm
_05266_,5.045µm
_05425_,5.045µm
_05446_,5.045µm
_05638_,5.045µm
_06127_,5.045µm
_06171_,5.045µm
_06410_,5.045µm
_07291_,5.045µm
_07292_,5.045µm
_07297_,5.045µm
_07717_,5.045µm
_07759_,5.045µm
_07811_,5.045µm
_07999_,5.045µm
_08145_,5.045µm
_08150_,5.045µm
_08152_,5.045µm
_00524_,5.04µm
_09324_,5.04µm
_10386_,5.04µm
_10493_,5.04µm
_11555_,5.04µm
_11660_,5.04µm
_11885_,5.04µm
_11901_,5.04µm
_12292_,5.04µm
_13483_,5.04µm
_13788_,5.04µm
u_bram.bram\[176\]\[3\],5.04µm
u_bram.bram\[181\]\[16\],5.04µm
u_bram.bram\[243\]\[13\],5.04µm
u_bram.bram\[27\]\[3\],5.04µm
u_bram.bram\[89\]\[29\],5.04µm
_13309_,5.03µm
_12209_,5.02µm
u_bram.bram\[157\]\[8\],5.02µm
u_bram.bram\[159\]\[3\],5.02µm
u_bram.bram\[160\]\[27\],5.02µm
u_bram.bram\[217\]\[6\],5.02µm
u_bram.bram\[237\]\[25\],5.02µm
u_bram.bram\[31\]\[8\],5.02µm
_00957_,5.015µm
_09828_,5.015µm
_08868_,5µm
_09240_,5µm
_10712_,5µm
_10801_,5µm
_11163_,5µm
_11384_,5µm
_12357_,5µm
_12850_,5µm
_12961_,5µm
_13765_,5µm
_00008_,4.985µm
_01827_,4.985µm
_06999_,4.985µm
_00297_,4.975µm
_01110_,4.975µm
_01724_,4.975µm
_03955_,4.975µm
_04798_,4.975µm
_05472_,4.975µm
_06354_,4.975µm
_08028_,4.975µm
_00145_,4.965µm
_00232_,4.965µm
_00996_,4.965µm
_03049_,4.965µm
_04559_,4.965µm
_04876_,4.965µm
_06797_,4.965µm
_07413_,4.965µm
_07704_,4.965µm
_08040_,4.965µm
_08809_,4.965µm
_12316_,4.965µm
r_data[17],4.95µm
r_data[25],4.95µm
r_data[27],4.95µm
r_data[29],4.95µm
_04405_,4.945µm
_05641_,4.945µm
_09601_,4.94µm
_09833_,4.94µm
_09915_,4.94µm
_11257_,4.94µm
_11630_,4.94µm
_11946_,4.94µm
_12492_,4.94µm
_13205_,4.94µm
_13683_,4.94µm
_13908_,4.94µm
u_fifo_ctrl.u_r_g2b.gray_in\[2\],4.94µm
_03983_,4.925µm
_04671_,4.92µm
_08837_,4.92µm
_08990_,4.92µm
_09085_,4.92µm
_09086_,4.92µm
_09542_,4.92µm
_10067_,4.92µm
_10089_,4.92µm
_10414_,4.92µm
_10435_,4.92µm
_10535_,4.92µm
_10873_,4.92µm
_10992_,4.92µm
_11174_,4.92µm
_11325_,4.92µm
_11379_,4.92µm
_11406_,4.92µm
_11458_,4.92µm
_11940_,4.92µm
_12065_,4.92µm
_12112_,4.92µm
_12123_,4.92µm
_12146_,4.92µm
_12380_,4.92µm
_12382_,4.92µm
_12759_,4.92µm
_13002_,4.92µm
_13105_,4.92µm
_13376_,4.92µm
_13579_,4.92µm
_13601_,4.92µm
_13631_,4.92µm
u_bram.bram\[100\]\[3\],4.92µm
u_bram.bram\[12\]\[29\],4.92µm
u_bram.bram\[137\]\[4\],4.92µm
u_bram.bram\[144\]\[23\],4.92µm
u_bram.bram\[153\]\[9\],4.92µm
u_bram.bram\[184\]\[24\],4.92µm
u_bram.bram\[54\]\[24\],4.92µm
u_bram.bram\[57\]\[17\],4.92µm
u_bram.bram\[96\]\[18\],4.92µm
_09040_,4.9µm
_10041_,4.9µm
_11854_,4.9µm
_13836_,4.9µm
_00500_,4.895µm
_04104_,4.895µm
_06793_,4.895µm
_05890_,4.885µm
_13358_,4.885µm
_08694_,4.88µm
_08771_,4.88µm
_08812_,4.88µm
_09097_,4.88µm
_09454_,4.88µm
_09779_,4.88µm
_09892_,4.88µm
_10237_,4.88µm
_10378_,4.88µm
_10420_,4.88µm
_10463_,4.88µm
_10912_,4.88µm
_11238_,4.88µm
_11457_,4.88µm
_11636_,4.88µm
_11696_,4.88µm
_11837_,4.88µm
_11932_,4.88µm
_12333_,4.88µm
_12601_,4.88µm
_12694_,4.88µm
_12763_,4.88µm
_12842_,4.88µm
_12858_,4.88µm
_12878_,4.88µm
_13012_,4.88µm
_13066_,4.88µm
_13093_,4.88µm
_13297_,4.88µm
_13458_,4.88µm
_13509_,4.88µm
_13965_,4.88µm
u_bram.bram\[117\]\[23\],4.88µm
u_bram.bram\[128\]\[28\],4.88µm
u_bram.bram\[168\]\[9\],4.88µm
u_bram.bram\[16\]\[22\],4.88µm
u_bram.bram\[177\]\[11\],4.88µm
u_bram.bram\[180\]\[5\],4.88µm
u_bram.bram\[77\]\[3\],4.88µm
u_bram.bram\[80\]\[12\],4.88µm
_02871_,4.875µm
_03415_,4.865µm
_00157_,4.845µm
_00303_,4.845µm
_00355_,4.845µm
_00371_,4.845µm
_00400_,4.845µm
_00405_,4.845µm
_00433_,4.845µm
_00528_,4.845µm
_00610_,4.845µm
_00758_,4.845µm
_00821_,4.845µm
_00883_,4.845µm
_00885_,4.845µm
_01055_,4.845µm
_01187_,4.845µm
_01234_,4.845µm
_01240_,4.845µm
_01315_,4.845µm
_01377_,4.845µm
_01496_,4.845µm
_01515_,4.845µm
_01520_,4.845µm
_01547_,4.845µm
_01573_,4.845µm
_01597_,4.845µm
_01657_,4.845µm
_01723_,4.845µm
_01830_,4.845µm
_02167_,4.845µm
_02182_,4.845µm
_02211_,4.845µm
_02268_,4.845µm
_02295_,4.845µm
_02406_,4.845µm
_02496_,4.845µm
_02596_,4.845µm
_02699_,4.845µm
_02748_,4.845µm
_02808_,4.845µm
_02946_,4.845µm
_02987_,4.845µm
_03070_,4.845µm
_03184_,4.845µm
_03264_,4.845µm
_03320_,4.845µm
_03410_,4.845µm
_03460_,4.845µm
_03498_,4.845µm
_03675_,4.845µm
_03805_,4.845µm
_03951_,4.845µm
_03963_,4.845µm
_04080_,4.845µm
_04093_,4.845µm
_04119_,4.845µm
_04267_,4.845µm
_04347_,4.845µm
_04400_,4.845µm
_04446_,4.845µm
_04466_,4.845µm
_04777_,4.845µm
_04782_,4.845µm
_04806_,4.845µm
_04830_,4.845µm
_04870_,4.845µm
_04887_,4.845µm
_04927_,4.845µm
_05071_,4.845µm
_05091_,4.845µm
_05129_,4.845µm
_05171_,4.845µm
_05185_,4.845µm
_05304_,4.845µm
_05328_,4.845µm
_05348_,4.845µm
_05371_,4.845µm
_05403_,4.845µm
_05474_,4.845µm
_05491_,4.845µm
_05553_,4.845µm
_05560_,4.845µm
_05607_,4.845µm
_05621_,4.845µm
_05673_,4.845µm
_05713_,4.845µm
_05771_,4.845µm
_05878_,4.845µm
_05892_,4.845µm
_05906_,4.845µm
_05929_,4.845µm
_05951_,4.845µm
_06014_,4.845µm
_06102_,4.845µm
_06454_,4.845µm
_06461_,4.845µm
_06658_,4.845µm
_06740_,4.845µm
_06832_,4.845µm
_06843_,4.845µm
_07054_,4.845µm
_07055_,4.845µm
_07134_,4.845µm
_07215_,4.845µm
_07230_,4.845µm
_07238_,4.845µm
_07312_,4.845µm
_07444_,4.845µm
_07461_,4.845µm
_07465_,4.845µm
_07555_,4.845µm
_07582_,4.845µm
_07636_,4.845µm
_07672_,4.845µm
_07685_,4.845µm
_07686_,4.845µm
_07774_,4.845µm
_07789_,4.845µm
_07807_,4.845µm
_08033_,4.845µm
_08066_,4.845µm
_08165_,4.845µm
_10384_,4.825µm
_12271_,4.825µm
_04460_,4.82µm
_08253_,4.82µm
_09023_,4.82µm
_11129_,4.82µm
_11580_,4.82µm
_02741_,4.805µm
_02780_,4.805µm
_03982_,4.805µm
_05058_,4.805µm
_05366_,4.8µm
_08947_,4.8µm
_09055_,4.8µm
_09069_,4.8µm
_09118_,4.8µm
_09686_,4.8µm
_09906_,4.8µm
_10022_,4.8µm
_10115_,4.8µm
_10614_,4.8µm
_10805_,4.8µm
_10979_,4.8µm
_11775_,4.8µm
_11795_,4.8µm
_11865_,4.8µm
_11880_,4.8µm
_12153_,4.8µm
_12246_,4.8µm
_12259_,4.8µm
_12445_,4.8µm
_12454_,4.8µm
_12464_,4.8µm
_12491_,4.8µm
_12605_,4.8µm
_12678_,4.8µm
_13099_,4.8µm
_13121_,4.8µm
_13131_,4.8µm
_13230_,4.8µm
_13620_,4.8µm
_13736_,4.8µm
u_bram.bram\[153\]\[7\],4.8µm
u_bram.bram\[249\]\[3\],4.8µm
_10549_,4.78µm
_03544_,4.775µm
_09808_,4.765µm
_08317_,4.76µm
_09550_,4.76µm
_09631_,4.76µm
_09652_,4.76µm
_11124_,4.76µm
_11585_,4.76µm
_12251_,4.76µm
_12298_,4.76µm
_12487_,4.76µm
_12769_,4.76µm
_13053_,4.76µm
_13506_,4.76µm
_13662_,4.76µm
_00945_,4.755µm
_02920_,4.755µm
_04699_,4.755µm
_05967_,4.755µm
_06255_,4.755µm
_07903_,4.755µm
w_data[14],4.73µm
_00016_,4.725µm
_00441_,4.725µm
_00684_,4.725µm
_00738_,4.725µm
_00903_,4.725µm
_01638_,4.725µm
_01786_,4.725µm
_01853_,4.725µm
_02277_,4.725µm
_03476_,4.725µm
_03824_,4.725µm
_03940_,4.725µm
_03998_,4.725µm
_04048_,4.725µm
_04053_,4.725µm
_04435_,4.725µm
_04589_,4.725µm
_05218_,4.725µm
_05610_,4.725µm
_06291_,4.725µm
_06719_,4.725µm
_06986_,4.725µm
_07658_,4.725µm
_07967_,4.725µm
_08091_,4.725µm
_08720_,4.725µm
_10191_,4.725µm
_06510_,4.705µm
_06231_,4.7µm
_08688_,4.7µm
_09162_,4.7µm
_09195_,4.7µm
_09229_,4.7µm
_10464_,4.7µm
_11725_,4.7µm
_11727_,4.7µm
_13580_,4.7µm
_14029_,4.7µm
u_bram.bram\[119\]\[2\],4.7µm
u_bram.bram\[151\]\[12\],4.7µm
u_bram.bram\[178\]\[22\],4.7µm
u_bram.bram\[247\]\[5\],4.7µm
u_bram.bram\[27\]\[5\],4.7µm
u_bram.bram\[29\]\[12\],4.7µm
u_bram.bram\[31\]\[26\],4.7µm
u_bram.bram\[48\]\[10\],4.7µm
u_bram.bram\[53\]\[1\],4.7µm
_11320_,4.69µm
_08682_,4.68µm
_08853_,4.68µm
_09042_,4.68µm
_09206_,4.68µm
_10081_,4.68µm
_11815_,4.68µm
_11852_,4.68µm
_12399_,4.68µm
_13203_,4.68µm
_13329_,4.68µm
_13636_,4.68µm
u_bram.bram\[104\]\[21\],4.68µm
u_bram.bram\[125\]\[28\],4.68µm
u_bram.bram\[144\]\[2\],4.68µm
u_bram.bram\[149\]\[5\],4.68µm
u_bram.bram\[222\]\[28\],4.68µm
u_bram.bram\[72\]\[27\],4.68µm
u_bram.bram\[88\]\[0\],4.68µm
_02338_,4.675µm
_11292_,4.66µm
u_bram.bram\[165\]\[19\],4.66µm
u_bram.bram\[220\]\[6\],4.66µm
u_bram.bram\[36\]\[28\],4.66µm
_04313_,4.655µm
_03754_,4.635µm
_05777_,4.635µm
_05867_,4.635µm
_07784_,4.635µm
_00062_,4.625µm
_00142_,4.625µm
_00233_,4.625µm
_00235_,4.625µm
_00488_,4.625µm
_00499_,4.625µm
_00617_,4.625µm
_00644_,4.625µm
_00688_,4.625µm
_00690_,4.625µm
_00692_,4.625µm
_00774_,4.625µm
_00975_,4.625µm
_00990_,4.625µm
_01033_,4.625µm
_01060_,4.625µm
_01091_,4.625µm
_01166_,4.625µm
_01183_,4.625µm
_01258_,4.625µm
_01460_,4.625µm
_01494_,4.625µm
_01517_,4.625µm
_01525_,4.625µm
_01591_,4.625µm
_01631_,4.625µm
_01718_,4.625µm
_01731_,4.625µm
_01759_,4.625µm
_01768_,4.625µm
_01780_,4.625µm
_01787_,4.625µm
_01839_,4.625µm
_01861_,4.625µm
_01891_,4.625µm
_01917_,4.625µm
_01934_,4.625µm
_01937_,4.625µm
_01982_,4.625µm
_01993_,4.625µm
_02036_,4.625µm
_02038_,4.625µm
_02145_,4.625µm
_02152_,4.625µm
_02158_,4.625µm
_02168_,4.625µm
_02194_,4.625µm
_02238_,4.625µm
_02367_,4.625µm
_02553_,4.625µm
_02568_,4.625µm
_02661_,4.625µm
_02690_,4.625µm
_02812_,4.625µm
_02818_,4.625µm
_02870_,4.625µm
_02908_,4.625µm
_02989_,4.625µm
_03177_,4.625µm
_03211_,4.625µm
_03225_,4.625µm
_03346_,4.625µm
_03400_,4.625µm
_03406_,4.625µm
_03522_,4.625µm
_03569_,4.625µm
_03649_,4.625µm
_03689_,4.625µm
_03698_,4.625µm
_03958_,4.625µm
_04128_,4.625µm
_04227_,4.625µm
_04228_,4.625µm
_04263_,4.625µm
_04327_,4.625µm
_04331_,4.625µm
_04338_,4.625µm
_04368_,4.625µm
_04410_,4.625µm
_04505_,4.625µm
_04508_,4.625µm
_04516_,4.625µm
_04600_,4.625µm
_04722_,4.625µm
_04860_,4.625µm
_04954_,4.625µm
_05028_,4.625µm
_05038_,4.625µm
_05127_,4.625µm
_05199_,4.625µm
_05265_,4.625µm
_05327_,4.625µm
_05393_,4.625µm
_05421_,4.625µm
_05422_,4.625µm
_05489_,4.625µm
_05584_,4.625µm
_05630_,4.625µm
_05664_,4.625µm
_05694_,4.625µm
_05714_,4.625µm
_05784_,4.625µm
_05956_,4.625µm
_05976_,4.625µm
_05978_,4.625µm
_05997_,4.625µm
_06065_,4.625µm
_06104_,4.625µm
_06126_,4.625µm
_06138_,4.625µm
_06178_,4.625µm
_06191_,4.625µm
_06202_,4.625µm
_06294_,4.625µm
_06350_,4.625µm
_06353_,4.625µm
_06371_,4.625µm
_06382_,4.625µm
_06467_,4.625µm
_06489_,4.625µm
_06521_,4.625µm
_06522_,4.625µm
_06531_,4.625µm
_06618_,4.625µm
_06661_,4.625µm
_06878_,4.625µm
_06965_,4.625µm
_07014_,4.625µm
_07016_,4.625µm
_07043_,4.625µm
_07094_,4.625µm
_07359_,4.625µm
_07393_,4.625µm
_07432_,4.625µm
_07484_,4.625µm
_07499_,4.625µm
_07593_,4.625µm
_07654_,4.625µm
_07671_,4.625µm
_07840_,4.625µm
_07864_,4.625µm
_07878_,4.625µm
_07935_,4.625µm
_07941_,4.625µm
_08051_,4.625µm
_08146_,4.625µm
_08155_,4.625µm
_08197_,4.625µm
r_data[0],4.61µm
r_data[10],4.61µm
r_data[12],4.61µm
r_data[16],4.61µm
r_data[21],4.61µm
r_data[2],4.61µm
r_data[9],4.61µm
w_data[18],4.61µm
w_data[23],4.61µm
w_data[28],4.61µm
w_data[2],4.61µm
w_data[6],4.61µm
_01013_,4.605µm
_01383_,4.605µm
_01990_,4.605µm
_02058_,4.605µm
_03571_,4.605µm
_03717_,4.605µm
_04371_,4.605µm
_04615_,4.605µm
_05625_,4.605µm
_06145_,4.605µm
_06449_,4.605µm
_09625_,4.6µm
_10188_,4.6µm
_10195_,4.6µm
_10209_,4.6µm
_10334_,4.6µm
_11748_,4.6µm
_11755_,4.6µm
_12288_,4.6µm
_12419_,4.6µm
_13602_,4.6µm
_13678_,4.6µm
_00077_,4.585µm
_00531_,4.585µm
_00558_,4.585µm
_00986_,4.585µm
_01093_,4.585µm
_01126_,4.585µm
_01219_,4.585µm
_01960_,4.585µm
_02169_,4.585µm
_02197_,4.585µm
_02340_,4.585µm
_02958_,4.585µm
_03368_,4.585µm
_03857_,4.585µm
_04071_,4.585µm
_04357_,4.585µm
_04687_,4.585µm
_04801_,4.585µm
_04983_,4.585µm
_05115_,4.585µm
_05798_,4.585µm
_06132_,4.585µm
_06608_,4.585µm
_07057_,4.585µm
_07229_,4.585µm
_07930_,4.585µm
_08151_,4.585µm
_08154_,4.585µm
_08189_,4.585µm
_03262_,4.58µm
_08974_,4.58µm
_12446_,4.58µm
_12700_,4.58µm
_12882_,4.58µm
_13930_,4.58µm
u_bram.bram\[114\]\[0\],4.58µm
u_bram.bram\[177\]\[21\],4.58µm
u_bram.bram\[178\]\[24\],4.58µm
_02796_,4.56µm
_08565_,4.56µm
_09653_,4.56µm
_10036_,4.56µm
_10891_,4.56µm
_13739_,4.56µm
u_bram.bram\[44\]\[13\],4.56µm
u_bram.bram\[72\]\[11\],4.56µm
u_bram.bram\[8\]\[1\],4.56µm
_00780_,4.555µm
_01113_,4.555µm
_13354_,4.555µm
_07256_,4.545µm
_09237_,4.54µm
_09241_,4.54µm
_09275_,4.54µm
_09846_,4.54µm
_10281_,4.54µm
_10452_,4.54µm
_10519_,4.54µm
_10905_,4.54µm
_11148_,4.54µm
_12118_,4.54µm
_12164_,4.54µm
_12190_,4.54µm
_12508_,4.54µm
_12524_,4.54µm
_06250_,4.525µm
_06426_,4.525µm
_06852_,4.525µm
_00126_,4.505µm
_00623_,4.505µm
_01066_,4.505µm
_01259_,4.505µm
_01646_,4.505µm
_01746_,4.505µm
_02252_,4.505µm
_02311_,4.505µm
_02442_,4.505µm
_02903_,4.505µm
_03051_,4.505µm
_03452_,4.505µm
_04145_,4.505µm
_04308_,4.505µm
_04950_,4.505µm
_05103_,4.505µm
_05788_,4.505µm
_06033_,4.505µm
_06172_,4.505µm
_06437_,4.505µm
_06839_,4.505µm
_07088_,4.505µm
_07586_,4.505µm
_07639_,4.505µm
_08788_,4.505µm
_12615_,4.505µm
_00581_,4.485µm
_00971_,4.485µm
_01390_,4.485µm
_01926_,4.485µm
_03392_,4.485µm
_03566_,4.485µm
_11057_,4.485µm
_09954_,4.48µm
_11141_,4.48µm
_12441_,4.48µm
_12880_,4.48µm
r_ptr_sync_gray\[4\],4.48µm
_09064_,4.465µm
_08577_,4.46µm
_08608_,4.46µm
_08658_,4.46µm
_08667_,4.46µm
_08941_,4.46µm
_09270_,4.46µm
_09406_,4.46µm
_09617_,4.46µm
_10175_,4.46µm
_10240_,4.46µm
_10255_,4.46µm
_10485_,4.46µm
_10599_,4.46µm
_11306_,4.46µm
_11342_,4.46µm
_11391_,4.46µm
_11708_,4.46µm
_11789_,4.46µm
_11833_,4.46µm
_12107_,4.46µm
_12119_,4.46µm
_12471_,4.46µm
_12636_,4.46µm
_12887_,4.46µm
_13095_,4.46µm
_13399_,4.46µm
_13436_,4.46µm
_13869_,4.46µm
_13876_,4.46µm
_13894_,4.46µm
_13976_,4.46µm
u_bram.bram\[120\]\[18\],4.46µm
u_bram.bram\[120\]\[4\],4.46µm
u_bram.bram\[124\]\[1\],4.46µm
u_bram.bram\[133\]\[19\],4.46µm
u_bram.bram\[143\]\[7\],4.46µm
u_bram.bram\[188\]\[8\],4.46µm
u_bram.bram\[188\]\[9\],4.46µm
u_bram.bram\[193\]\[30\],4.46µm
u_bram.bram\[205\]\[11\],4.46µm
u_bram.bram\[205\]\[17\],4.46µm
u_bram.bram\[20\]\[22\],4.46µm
u_bram.bram\[20\]\[6\],4.46µm
u_bram.bram\[224\]\[12\],4.46µm
u_bram.bram\[240\]\[3\],4.46µm
u_bram.bram\[33\]\[18\],4.46µm
u_bram.bram\[4\]\[9\],4.46µm
u_bram.bram\[54\]\[6\],4.46µm
u_fifo_ctrl.u_r_g2b.gray_in\[5\],4.46µm
_08949_,4.44µm
_09428_,4.44µm
_09459_,4.44µm
_11005_,4.44µm
_13808_,4.44µm
u_bram.bram\[172\]\[13\],4.44µm
_01692_,4.435µm
_01749_,4.435µm
_02216_,4.435µm
_02929_,4.435µm
_03126_,4.435µm
_00646_,4.425µm
_01320_,4.425µm
_08560_,4.42µm
_08581_,4.42µm
_09021_,4.42µm
_09053_,4.42µm
_09434_,4.42µm
_09748_,4.42µm
_10047_,4.42µm
_10612_,4.42µm
_10646_,4.42µm
_10700_,4.42µm
_10996_,4.42µm
_11253_,4.42µm
_11623_,4.42µm
_11740_,4.42µm
_12018_,4.42µm
_12037_,4.42µm
_12331_,4.42µm
_12470_,4.42µm
_12733_,4.42µm
_13241_,4.42µm
_13245_,4.42µm
_13592_,4.42µm
u_bram.bram\[17\]\[2\],4.42µm
u_bram.bram\[65\]\[26\],4.42µm
u_bram.bram\[80\]\[23\],4.42µm
_01589_,4.405µm
_02212_,4.405µm
_03095_,4.405µm
_03102_,4.405µm
_03987_,4.405µm
_00036_,4.385µm
_00048_,4.385µm
_00165_,4.385µm
_00300_,4.385µm
_00431_,4.385µm
_00436_,4.385µm
_00514_,4.385µm
_00575_,4.385µm
_00596_,4.385µm
_00618_,4.385µm
_00661_,4.385µm
_00666_,4.385µm
_00725_,4.385µm
_00889_,4.385µm
_01119_,4.385µm
_01551_,4.385µm
_01563_,4.385µm
_01594_,4.385µm
_01618_,4.385µm
_01707_,4.385µm
_01915_,4.385µm
_01986_,4.385µm
_02000_,4.385µm
_02270_,4.385µm
_02377_,4.385µm
_02390_,4.385µm
_02585_,4.385µm
_02678_,4.385µm
_02732_,4.385µm
_02858_,4.385µm
_02881_,4.385µm
_02917_,4.385µm
_02945_,4.385µm
_02971_,4.385µm
_03025_,4.385µm
_03174_,4.385µm
_03187_,4.385µm
_03197_,4.385µm
_03263_,4.385µm
_03267_,4.385µm
_03356_,4.385µm
_03515_,4.385µm
_03523_,4.385µm
_03841_,4.385µm
_04059_,4.385µm
_04122_,4.385µm
_04210_,4.385µm
_04242_,4.385µm
_04342_,4.385µm
_04343_,4.385µm
_04346_,4.385µm
_04441_,4.385µm
_04528_,4.385µm
_04530_,4.385µm
_04643_,4.385µm
_04919_,4.385µm
_04974_,4.385µm
_05072_,4.385µm
_05075_,4.385µm
_05080_,4.385µm
_05135_,4.385µm
_05297_,4.385µm
_05301_,4.385µm
_05306_,4.385µm
_05332_,4.385µm
_05367_,4.385µm
_05438_,4.385µm
_05442_,4.385µm
_05570_,4.385µm
_05571_,4.385µm
_05574_,4.385µm
_05600_,4.385µm
_05616_,4.385µm
_05654_,4.385µm
_05705_,4.385µm
_05809_,4.385µm
_05819_,4.385µm
_05843_,4.385µm
_05911_,4.385µm
_05930_,4.385µm
_06153_,4.385µm
_06233_,4.385µm
_06277_,4.385µm
_06315_,4.385µm
_06317_,4.385µm
_06472_,4.385µm
_06547_,4.385µm
_06576_,4.385µm
_06737_,4.385µm
_06770_,4.385µm
_06784_,4.385µm
_06910_,4.385µm
_06988_,4.385µm
_06995_,4.385µm
_07065_,4.385µm
_07153_,4.385µm
_07185_,4.385µm
_07268_,4.385µm
_07453_,4.385µm
_07462_,4.385µm
_07683_,4.385µm
_07700_,4.385µm
_07738_,4.385µm
_07918_,4.385µm
_07954_,4.385µm
_07976_,4.385µm
_08019_,4.385µm
_08050_,4.385µm
_08087_,4.385µm
_08133_,4.385µm
_08178_,4.385µm
_08210_,4.385µm
_08526_,4.36µm
_08914_,4.36µm
_09137_,4.36µm
_11812_,4.36µm
_12011_,4.36µm
_12901_,4.36µm
_13026_,4.36µm
_13416_,4.36µm
u_fifo_ctrl.u_r_g2b.gray_in\[3\],4.36µm
_09082_,4.34µm
_09182_,4.34µm
_09255_,4.34µm
_09305_,4.34µm
_09458_,4.34µm
_09614_,4.34µm
_10391_,4.34µm
_10441_,4.34µm
_10443_,4.34µm
_10456_,4.34µm
_10680_,4.34µm
_10923_,4.34µm
_10945_,4.34µm
_11002_,4.34µm
_11327_,4.34µm
_11411_,4.34µm
_11718_,4.34µm
_11745_,4.34µm
_12027_,4.34µm
_12053_,4.34µm
_12201_,4.34µm
_12238_,4.34µm
_12423_,4.34µm
_12549_,4.34µm
_12593_,4.34µm
_12624_,4.34µm
_13036_,4.34µm
_13181_,4.34µm
_13375_,4.34µm
_13666_,4.34µm
_13731_,4.34µm
_13766_,4.34µm
_13784_,4.34µm
u_bram.bram\[109\]\[28\],4.34µm
u_bram.bram\[249\]\[21\],4.34µm
net278,4.34µm
_03271_,4.335µm
_08952_,4.335µm
_00875_,4.295µm
_01226_,4.295µm
_01423_,4.295µm
_02773_,4.295µm
_03556_,4.295µm
_04794_,4.295µm
_05082_,4.295µm
_06730_,4.295µm
_07752_,4.295µm
r_data[23],4.27µm
r_data[4],4.27µm
r_data[8],4.27µm
_00055_,4.265µm
_00634_,4.265µm
_00796_,4.265µm
_00966_,4.265µm
_01269_,4.265µm
_01389_,4.265µm
_01512_,4.265µm
_01570_,4.265µm
_02233_,4.265µm
_02269_,4.265µm
_03219_,4.265µm
_03417_,4.265µm
_03874_,4.265µm
_03889_,4.265µm
_03896_,4.265µm
_03919_,4.265µm
_04179_,4.265µm
_04542_,4.265µm
_04574_,4.265µm
_06238_,4.265µm
_06756_,4.265µm
_06829_,4.265µm
_06856_,4.265µm
_06870_,4.265µm
_06950_,4.265µm
_06955_,4.265µm
_07490_,4.265µm
_00167_,4.26µm
_00329_,4.245µm
_00168_,4.24µm
_02225_,4.24µm
_03107_,4.24µm
_04268_,4.24µm
_06748_,4.24µm
_08992_,4.24µm
_09315_,4.24µm
_09500_,4.24µm
_09700_,4.24µm
_09756_,4.24µm
_10368_,4.24µm
_10967_,4.24µm
_11261_,4.24µm
_11430_,4.24µm
_12156_,4.24µm
_13540_,4.24µm
u_bram.bram\[116\]\[16\],4.24µm
u_bram.bram\[156\]\[10\],4.24µm
u_bram.bram\[25\]\[31\],4.24µm
_09098_,4.22µm
_10442_,4.22µm
_11891_,4.22µm
_11993_,4.22µm
_12232_,4.22µm
_12625_,4.22µm
u_bram.bram\[100\]\[26\],4.22µm
u_bram.bram\[112\]\[16\],4.22µm
u_bram.bram\[112\]\[18\],4.22µm
u_bram.bram\[128\]\[27\],4.22µm
u_bram.bram\[136\]\[14\],4.22µm
u_bram.bram\[145\]\[17\],4.22µm
u_bram.bram\[16\]\[7\],4.22µm
u_bram.bram\[200\]\[23\],4.22µm
u_bram.bram\[204\]\[30\],4.22µm
u_bram.bram\[209\]\[1\],4.22µm
u_bram.bram\[232\]\[6\],4.22µm
u_bram.bram\[248\]\[17\],4.22µm
u_bram.bram\[32\]\[25\],4.22µm
u_bram.bram\[36\]\[0\],4.22µm
u_bram.bram\[56\]\[28\],4.22µm
u_bram.bram\[68\]\[28\],4.22µm
_03363_,4.215µm
_06232_,4.215µm
_13655_,4.215µm
_08723_,4.2µm
_10377_,4.2µm
_10880_,4.2µm
_12326_,4.2µm
_12335_,4.2µm
_12889_,4.2µm
_13444_,4.2µm
_13547_,4.2µm
_13994_,4.2µm
u_bram.bram\[241\]\[26\],4.2µm
_06684_,4.195µm
_13160_,4.18µm
_00286_,4.165µm
_00293_,4.165µm
_00319_,4.165µm
_00428_,4.165µm
_00429_,4.165µm
_00438_,4.165µm
_00450_,4.165µm
_00627_,4.165µm
_00682_,4.165µm
_00705_,4.165µm
_00759_,4.165µm
_00760_,4.165µm
_00846_,4.165µm
_00868_,4.165µm
_00882_,4.165µm
_00891_,4.165µm
_00932_,4.165µm
_00973_,4.165µm
_01145_,4.165µm
_01184_,4.165µm
_01445_,4.165µm
_01453_,4.165µm
_01510_,4.165µm
_01514_,4.165µm
_01522_,4.165µm
_01574_,4.165µm
_01580_,4.165µm
_01592_,4.165µm
_01649_,4.165µm
_01845_,4.165µm
_01850_,4.165µm
_01855_,4.165µm
_02087_,4.165µm
_02097_,4.165µm
_02098_,4.165µm
_02209_,4.165µm
_02439_,4.165µm
_02445_,4.165µm
_02567_,4.165µm
_02580_,4.165µm
_02632_,4.165µm
_02767_,4.165µm
_02791_,4.165µm
_02890_,4.165µm
_02935_,4.165µm
_02950_,4.165µm
_03048_,4.165µm
_03084_,4.165µm
_03239_,4.165µm
_03475_,4.165µm
_03605_,4.165µm
_03630_,4.165µm
_03651_,4.165µm
_03766_,4.165µm
_03812_,4.165µm
_03873_,4.165µm
_03897_,4.165µm
_04082_,4.165µm
_04292_,4.165µm
_04296_,4.165µm
_04297_,4.165µm
_04397_,4.165µm
_04500_,4.165µm
_04515_,4.165µm
_04612_,4.165µm
_04709_,4.165µm
_04767_,4.165µm
_04865_,4.165µm
_04931_,4.165µm
_04942_,4.165µm
_04958_,4.165µm
_05024_,4.165µm
_05036_,4.165µm
_05067_,4.165µm
_05224_,4.165µm
_05245_,4.165µm
_05299_,4.165µm
_05357_,4.165µm
_05465_,4.165µm
_05511_,4.165µm
_05686_,4.165µm
_05986_,4.165µm
_06136_,4.165µm
_06193_,4.165µm
_06203_,4.165µm
_06229_,4.165µm
_06296_,4.165µm
_06527_,4.165µm
_06660_,4.165µm
_06666_,4.165µm
_06685_,4.165µm
_06754_,4.165µm
_06794_,4.165µm
_06835_,4.165µm
_06934_,4.165µm
_06990_,4.165µm
_07278_,4.165µm
_07299_,4.165µm
_07309_,4.165µm
_07750_,4.165µm
_07791_,4.165µm
_07886_,4.165µm
_07943_,4.165µm
_07951_,4.165µm
_07964_,4.165µm
_07987_,4.165µm
_08188_,4.165µm
_00003_,4.145µm
_00390_,4.145µm
_00660_,4.145µm
_01662_,4.145µm
_01793_,4.145µm
_02090_,4.145µm
_02101_,4.145µm
_02275_,4.145µm
_02322_,4.145µm
_02577_,4.145µm
_02866_,4.145µm
_03091_,4.145µm
_03170_,4.145µm
_03438_,4.145µm
_03690_,4.145µm
_03711_,4.145µm
_03980_,4.145µm
_04024_,4.145µm
_04112_,4.145µm
_04125_,4.145µm
_04477_,4.145µm
_04623_,4.145µm
_04630_,4.145µm
_04855_,4.145µm
_05395_,4.145µm
_05530_,4.145µm
_05665_,4.145µm
_05738_,4.145µm
_05770_,4.145µm
_06300_,4.145µm
_06321_,4.145µm
_06505_,4.145µm
_06518_,4.145µm
_06671_,4.145µm
_06697_,4.145µm
_06717_,4.145µm
_06805_,4.145µm
_06991_,4.145µm
_07068_,4.145µm
_07349_,4.145µm
_07362_,4.145µm
_07382_,4.145µm
_07653_,4.145µm
_07729_,4.145µm
_07756_,4.145µm
_07934_,4.145µm
_08621_,4.14µm
_09029_,4.14µm
_09058_,4.14µm
_09632_,4.14µm
_09647_,4.14µm
_10105_,4.14µm
_10262_,4.14µm
_10555_,4.14µm
_10561_,4.14µm
_11400_,4.14µm
_12194_,4.14µm
_12343_,4.14µm
_12765_,4.14µm
_13134_,4.14µm
_13357_,4.14µm
_13381_,4.14µm
_11858_,4.13µm
_00305_,4.125µm
_03008_,4.125µm
_03816_,4.125µm
_05233_,4.125µm
_00677_,4.12µm
_05503_,4.12µm
_08856_,4.12µm
_09155_,4.12µm
_09309_,4.12µm
_09588_,4.12µm
_09823_,4.12µm
_09865_,4.12µm
_10100_,4.12µm
_10882_,4.12µm
_10932_,4.12µm
_11387_,4.12µm
_12356_,4.12µm
_13997_,4.12µm
_09476_,4.11µm
_10211_,4.1µm
_11128_,4.1µm
_11843_,4.1µm
_13957_,4.1µm
u_bram.bram\[120\]\[11\],4.1µm
u_bram.bram\[148\]\[0\],4.1µm
u_bram.bram\[160\]\[13\],4.1µm
u_bram.bram\[185\]\[6\],4.1µm
u_bram.bram\[200\]\[24\],4.1µm
u_bram.bram\[248\]\[23\],4.1µm
_08034_,4.095µm
_12009_,4.095µm
_09496_,4.08µm
_09999_,4.08µm
_11575_,4.08µm
_11638_,4.08µm
_12449_,4.08µm
_13069_,4.08µm
_13396_,4.08µm
_13482_,4.08µm
_00125_,4.065µm
_00403_,4.065µm
_00752_,4.065µm
_02621_,4.065µm
_04127_,4.065µm
_04201_,4.065µm
_04744_,4.065µm
_05900_,4.065µm
_06249_,4.065µm
_07806_,4.065µm
_00280_,4.045µm
_00331_,4.045µm
_00961_,4.045µm
_01276_,4.045µm
_01977_,4.045µm
_02334_,4.045µm
_03598_,4.045µm
_03637_,4.045µm
_03666_,4.045µm
_04077_,4.045µm
_05049_,4.045µm
_05101_,4.045µm
_05524_,4.045µm
_06070_,4.045µm
_06170_,4.045µm
_06713_,4.045µm
_07173_,4.045µm
_07225_,4.045µm
_07510_,4.045µm
_07723_,4.045µm
_09998_,4.045µm
_13137_,4.045µm
_12946_,4.04µm
_02374_,4.025µm
_03792_,4.025µm
_04281_,4.025µm
_09153_,4.025µm
_09824_,4.025µm
_00762_,4.02µm
_08296_,4.02µm
_08543_,4.02µm
_09346_,4.02µm
_09787_,4.02µm
_10145_,4.02µm
_10973_,4.02µm
_11576_,4.02µm
_11626_,4.02µm
_13534_,4.02µm
_13939_,4.02µm
r_ptr_gray\[0\],4.02µm
_12426_,4.005µm
_04662_,4µm
_04665_,4µm
_08288_,4µm
_08576_,4µm
_08819_,4µm
_08857_,4µm
_09170_,4µm
_09485_,4µm
_09638_,4µm
_09681_,4µm
_09747_,4µm
_09767_,4µm
_10069_,4µm
_10094_,4µm
_10311_,4µm
_10566_,4µm
_10634_,4µm
_10679_,4µm
_11456_,4µm
_11675_,4µm
_11766_,4µm
_12151_,4µm
_12210_,4µm
_12388_,4µm
_12469_,4µm
_12503_,4µm
_12536_,4µm
_12559_,4µm
_12778_,4µm
_12993_,4µm
_13025_,4µm
_13077_,4µm
_13412_,4µm
_13664_,4µm
_13771_,4µm
_13947_,4µm
u_bram.bram\[129\]\[30\],4µm
u_bram.bram\[157\]\[18\],4µm
u_bram.bram\[26\]\[18\],4µm
u_bram.bram\[53\]\[0\],4µm
u_bram.bram\[56\]\[26\],4µm
_10102_,3.995µm
_10239_,3.98µm
_10471_,3.98µm
_12597_,3.98µm
_12895_,3.98µm
_12944_,3.98µm
_00128_,3.975µm
_00221_,3.975µm
_00256_,3.975µm
_00274_,3.975µm
_00530_,3.975µm
_00856_,3.975µm
_00947_,3.975µm
_00994_,3.975µm
_01676_,3.975µm
_01712_,3.975µm
_02469_,3.975µm
_03585_,3.975µm
_03978_,3.975µm
_04254_,3.975µm
_04740_,3.975µm
_04792_,3.975µm
_04845_,3.975µm
_04929_,3.975µm
_04951_,3.975µm
_05317_,3.975µm
_05548_,3.975µm
_06048_,3.975µm
_06078_,3.975µm
_06434_,3.975µm
_06457_,3.975µm
_06477_,3.975µm
_07082_,3.975µm
_07618_,3.975µm
_07740_,3.975µm
_02053_,3.965µm
_05870_,3.965µm
_12578_,3.96µm
_06480_,3.945µm
_11040_,3.94µm
_02573_,3.935µm
r_data[14],3.93µm
r_data[19],3.93µm
r_data[20],3.93µm
r_data[26],3.93µm
r_data[31],3.93µm
r_data[5],3.93µm
_00000_,3.925µm
_00001_,3.925µm
_00038_,3.925µm
_00049_,3.925µm
_00084_,3.925µm
_00114_,3.925µm
_00182_,3.925µm
_00230_,3.925µm
_00242_,3.925µm
_00276_,3.925µm
_00330_,3.925µm
_00364_,3.925µm
_00382_,3.925µm
_00396_,3.925µm
_00452_,3.925µm
_00481_,3.925µm
_00504_,3.925µm
_00526_,3.925µm
_00532_,3.925µm
_00534_,3.925µm
_00643_,3.925µm
_00694_,3.925µm
_00785_,3.925µm
_00790_,3.925µm
_00795_,3.925µm
_00828_,3.925µm
_00831_,3.925µm
_00842_,3.925µm
_00917_,3.925µm
_00929_,3.925µm
_01008_,3.925µm
_01014_,3.925µm
_01095_,3.925µm
_01099_,3.925µm
_01127_,3.925µm
_01185_,3.925µm
_01237_,3.925µm
_01238_,3.925µm
_01271_,3.925µm
_01296_,3.925µm
_01303_,3.925µm
_01332_,3.925µm
_01346_,3.925µm
_01356_,3.925µm
_01362_,3.925µm
_01366_,3.925µm
_01418_,3.925µm
_01420_,3.925µm
_01442_,3.925µm
_01446_,3.925µm
_01531_,3.925µm
_01566_,3.925µm
_01578_,3.925µm
_01579_,3.925µm
_01583_,3.925µm
_01604_,3.925µm
_01664_,3.925µm
_01681_,3.925µm
_01688_,3.925µm
_01691_,3.925µm
_01741_,3.925µm
_01748_,3.925µm
_01750_,3.925µm
_01751_,3.925µm
_01752_,3.925µm
_01836_,3.925µm
_01841_,3.925µm
_01864_,3.925µm
_01895_,3.925µm
_01973_,3.925µm
_01994_,3.925µm
_01995_,3.925µm
_01997_,3.925µm
_02044_,3.925µm
_02074_,3.925µm
_02080_,3.925µm
_02103_,3.925µm
_02112_,3.925µm
_02118_,3.925µm
_02135_,3.925µm
_02163_,3.925µm
_02181_,3.925µm
_02227_,3.925µm
_02262_,3.925µm
_02300_,3.925µm
_02307_,3.925µm
_02344_,3.925µm
_02352_,3.925µm
_02364_,3.925µm
_02393_,3.925µm
_02397_,3.925µm
_02459_,3.925µm
_02474_,3.925µm
_02485_,3.925µm
_02500_,3.925µm
_02572_,3.925µm
_02584_,3.925µm
_02602_,3.925µm
_02616_,3.925µm
_02653_,3.925µm
_02691_,3.925µm
_02765_,3.925µm
_02797_,3.925µm
_02814_,3.925µm
_02843_,3.925µm
_02869_,3.925µm
_02902_,3.925µm
_02962_,3.925µm
_02986_,3.925µm
_03010_,3.925µm
_03054_,3.925µm
_03109_,3.925µm
_03132_,3.925µm
_03165_,3.925µm
_03182_,3.925µm
_03243_,3.925µm
_03278_,3.925µm
_03280_,3.925µm
_03283_,3.925µm
_03297_,3.925µm
_03299_,3.925µm
_03302_,3.925µm
_03401_,3.925µm
_03409_,3.925µm
_03466_,3.925µm
_03524_,3.925µm
_03528_,3.925µm
_03532_,3.925µm
_03580_,3.925µm
_03618_,3.925µm
_03621_,3.925µm
_03656_,3.925µm
_03685_,3.925µm
_03716_,3.925µm
_03736_,3.925µm
_03737_,3.925µm
_03779_,3.925µm
_03883_,3.925µm
_03900_,3.925µm
_03907_,3.925µm
_04023_,3.925µm
_04064_,3.925µm
_04068_,3.925µm
_04175_,3.925µm
_04198_,3.925µm
_04208_,3.925µm
_04229_,3.925µm
_04243_,3.925µm
_04274_,3.925µm
_04276_,3.925µm
_04375_,3.925µm
_04392_,3.925µm
_04409_,3.925µm
_04414_,3.925µm
_04421_,3.925µm
_04432_,3.925µm
_04463_,3.925µm
_04465_,3.925µm
_04482_,3.925µm
_04486_,3.925µm
_04507_,3.925µm
_04552_,3.925µm
_04582_,3.925µm
_04595_,3.925µm
_04603_,3.925µm
_04714_,3.925µm
_04716_,3.925µm
_04719_,3.925µm
_04735_,3.925µm
_04811_,3.925µm
_04833_,3.925µm
_04892_,3.925µm
_04896_,3.925µm
_04982_,3.925µm
_04988_,3.925µm
_04996_,3.925µm
_04999_,3.925µm
_05025_,3.925µm
_05040_,3.925µm
_05077_,3.925µm
_05112_,3.925µm
_05152_,3.925µm
_05254_,3.925µm
_05256_,3.925µm
_05273_,3.925µm
_05305_,3.925µm
_05437_,3.925µm
_05459_,3.925µm
_05566_,3.925µm
_05590_,3.925µm
_05657_,3.925µm
_05685_,3.925µm
_05688_,3.925µm
_05779_,3.925µm
_05792_,3.925µm
_05827_,3.925µm
_05864_,3.925µm
_05876_,3.925µm
_05955_,3.925µm
_05982_,3.925µm
_05992_,3.925µm
_06061_,3.925µm
_06119_,3.925µm
_06162_,3.925µm
_06195_,3.925µm
_06197_,3.925µm
_06226_,3.925µm
_06276_,3.925µm
_06306_,3.925µm
_06338_,3.925µm
_06443_,3.925µm
_06451_,3.925µm
_06463_,3.925µm
_06558_,3.925µm
_06561_,3.925µm
_06632_,3.925µm
_06696_,3.925µm
_06700_,3.925µm
_06701_,3.925µm
_06721_,3.925µm
_06814_,3.925µm
_06831_,3.925µm
_06868_,3.925µm
_06881_,3.925µm
_06902_,3.925µm
_06917_,3.925µm
_07047_,3.925µm
_07050_,3.925µm
_07066_,3.925µm
_07175_,3.925µm
_07177_,3.925µm
_07204_,3.925µm
_07205_,3.925µm
_07252_,3.925µm
_07290_,3.925µm
_07314_,3.925µm
_07333_,3.925µm
_07338_,3.925µm
_07384_,3.925µm
_07397_,3.925µm
_07406_,3.925µm
_07457_,3.925µm
_07467_,3.925µm
_07488_,3.925µm
_07533_,3.925µm
_07565_,3.925µm
_07600_,3.925µm
_07624_,3.925µm
_07640_,3.925µm
_07665_,3.925µm
_07684_,3.925µm
_07735_,3.925µm
_07800_,3.925µm
_07853_,3.925µm
_07866_,3.925µm
_07937_,3.925µm
_07940_,3.925µm
_07975_,3.925µm
_08012_,3.925µm
_08047_,3.925µm
_08109_,3.925µm
_08185_,3.925µm
_08208_,3.925µm
_08215_,3.925µm
_12526_,3.925µm
_10797_,3.905µm
_03793_,3.9µm
_09560_,3.9µm
_09734_,3.9µm
_10259_,3.9µm
_10946_,3.9µm
_11907_,3.9µm
_13242_,3.9µm
_10502_,3.885µm
_13141_,3.885µm
_08532_,3.88µm
_08607_,3.88µm
_08627_,3.88µm
_08738_,3.88µm
_08763_,3.88µm
_08873_,3.88µm
_09005_,3.88µm
_09196_,3.88µm
_09285_,3.88µm
_09398_,3.88µm
_09475_,3.88µm
_09543_,3.88µm
_09581_,3.88µm
_09678_,3.88µm
_09696_,3.88µm
_09872_,3.88µm
_10006_,3.88µm
_10179_,3.88µm
_10192_,3.88µm
_10314_,3.88µm
_10455_,3.88µm
_10591_,3.88µm
_10795_,3.88µm
_11153_,3.88µm
_11345_,3.88µm
_11464_,3.88µm
_11532_,3.88µm
_11624_,3.88µm
_11747_,3.88µm
_11811_,3.88µm
_11868_,3.88µm
_11976_,3.88µm
_12059_,3.88µm
_12078_,3.88µm
_12165_,3.88µm
_12188_,3.88µm
_12352_,3.88µm
_12481_,3.88µm
_12502_,3.88µm
_12614_,3.88µm
_12851_,3.88µm
_12950_,3.88µm
_12980_,3.88µm
_13059_,3.88µm
_13139_,3.88µm
_13318_,3.88µm
_13369_,3.88µm
_13415_,3.88µm
_13471_,3.88µm
_13525_,3.88µm
_13719_,3.88µm
_03279_,3.875µm
_03422_,3.875µm
_13277_,3.87µm
_03997_,3.865µm
_10078_,3.84µm
_00101_,3.805µm
_00262_,3.805µm
_00366_,3.805µm
_00857_,3.805µm
_00858_,3.805µm
_00865_,3.805µm
_01002_,3.805µm
_01005_,3.805µm
_01112_,3.805µm
_01288_,3.805µm
_01339_,3.805µm
_01376_,3.805µm
_01386_,3.805µm
_01472_,3.805µm
_01533_,3.805µm
_01616_,3.805µm
_01721_,3.805µm
_01930_,3.805µm
_01940_,3.805µm
_02071_,3.805µm
_02075_,3.805µm
_02086_,3.805µm
_02124_,3.805µm
_02136_,3.805µm
_02170_,3.805µm
_02287_,3.805µm
_02296_,3.805µm
_02647_,3.805µm
_02673_,3.805µm
_02940_,3.805µm
_03150_,3.805µm
_03196_,3.805µm
_03426_,3.805µm
_03442_,3.805µm
_03576_,3.805µm
_03674_,3.805µm
_03938_,3.805µm
_03961_,3.805µm
_04028_,3.805µm
_04040_,3.805µm
_04131_,3.805µm
_04172_,3.805µm
_04290_,3.805µm
_04350_,3.805µm
_04458_,3.805µm
_04502_,3.805µm
_04562_,3.805µm
_04812_,3.805µm
_04836_,3.805µm
_04966_,3.805µm
_05034_,3.805µm
_05061_,3.805µm
_05164_,3.805µm
_05310_,3.805µm
_05362_,3.805µm
_05523_,3.805µm
_05535_,3.805µm
_05659_,3.805µm
_05679_,3.805µm
_05701_,3.805µm
_05737_,3.805µm
_05768_,3.805µm
_05791_,3.805µm
_05896_,3.805µm
_06087_,3.805µm
_06163_,3.805µm
_06190_,3.805µm
_06374_,3.805µm
_06571_,3.805µm
_06626_,3.805µm
_06645_,3.805µm
_06651_,3.805µm
_06800_,3.805µm
_06859_,3.805µm
_06993_,3.805µm
_07079_,3.805µm
_07084_,3.805µm
_07107_,3.805µm
_07189_,3.805µm
_07320_,3.805µm
_07334_,3.805µm
_07478_,3.805µm
_07496_,3.805µm
_07585_,3.805µm
_07814_,3.805µm
_07830_,3.805µm
_07857_,3.805µm
_07961_,3.805µm
_07985_,3.805µm
_08074_,3.805µm
_08116_,3.805µm
_08194_,3.805µm
_08218_,3.805µm
_00777_,3.8µm
_00007_,3.78µm
_00075_,3.78µm
_00490_,3.78µm
_00537_,3.78µm
_00830_,3.78µm
_00863_,3.78µm
_01142_,3.78µm
_01381_,3.78µm
_01504_,3.78µm
_03024_,3.78µm
_03141_,3.78µm
_03202_,3.78µm
_03274_,3.78µm
_03306_,3.78µm
_03593_,3.78µm
_04003_,3.78µm
_04004_,3.78µm
_04401_,3.78µm
_04570_,3.78µm
_04690_,3.78µm
_04734_,3.78µm
_04888_,3.78µm
_05772_,3.78µm
_05860_,3.78µm
_06041_,3.78µm
_06356_,3.78µm
_06448_,3.78µm
_06552_,3.78µm
_06758_,3.78µm
_07035_,3.78µm
_07195_,3.78µm
_07376_,3.78µm
_07638_,3.78µm
_07718_,3.78µm
_07845_,3.78µm
_08089_,3.78µm
_08092_,3.78µm
_08153_,3.78µm
_08630_,3.78µm
_08885_,3.78µm
_09045_,3.78µm
_09911_,3.78µm
_10513_,3.78µm
_11619_,3.78µm
_13796_,3.78µm
u_bram.bram\[148\]\[28\],3.78µm
u_bram.bram\[213\]\[13\],3.78µm
u_bram.bram\[26\]\[26\],3.78µm
u_bram.bram\[89\]\[27\],3.78µm
u_bram.bram\[94\]\[27\],3.78µm
_09070_,3.77µm
_10451_,3.77µm
_11143_,3.77µm
_09107_,3.76µm
_09780_,3.76µm
_09980_,3.76µm
_10672_,3.76µm
_11793_,3.76µm
_13196_,3.76µm
_13548_,3.76µm
_13884_,3.76µm
_13934_,3.76µm
u_bram.bram\[0\]\[25\],3.76µm
u_bram.bram\[100\]\[23\],3.76µm
u_bram.bram\[128\]\[6\],3.76µm
u_bram.bram\[140\]\[14\],3.76µm
u_bram.bram\[144\]\[20\],3.76µm
u_bram.bram\[144\]\[22\],3.76µm
u_bram.bram\[144\]\[5\],3.76µm
u_bram.bram\[200\]\[2\],3.76µm
u_bram.bram\[20\]\[29\],3.76µm
u_bram.bram\[36\]\[8\],3.76µm
u_bram.bram\[57\]\[8\],3.76µm
u_bram.bram\[84\]\[31\],3.76µm
u_bram.bram\[96\]\[10\],3.76µm
_01155_,3.755µm
_01888_,3.755µm
_06235_,3.755µm
_07655_,3.755µm
_07839_,3.755µm
_08831_,3.74µm
_09135_,3.74µm
_09348_,3.74µm
_09633_,3.74µm
_13637_,3.74µm
u_bram.bram\[101\]\[21\],3.74µm
_00316_,3.735µm
_00574_,3.735µm
_13186_,3.72µm
_00106_,3.705µm
_00154_,3.705µm
_00174_,3.705µm
_00253_,3.705µm
_00333_,3.705µm
_00368_,3.705µm
_00378_,3.705µm
_00380_,3.705µm
_00448_,3.705µm
_00454_,3.705µm
_00560_,3.705µm
_00586_,3.705µm
_00594_,3.705µm
_00605_,3.705µm
_00616_,3.705µm
_00675_,3.705µm
_00713_,3.705µm
_00791_,3.705µm
_00819_,3.705µm
_00853_,3.705µm
_00859_,3.705µm
_00867_,3.705µm
_00956_,3.705µm
_01016_,3.705µm
_01024_,3.705µm
_01037_,3.705µm
_01040_,3.705µm
_01179_,3.705µm
_01189_,3.705µm
_01305_,3.705µm
_01316_,3.705µm
_01330_,3.705µm
_01335_,3.705µm
_01398_,3.705µm
_01428_,3.705µm
_01539_,3.705µm
_01714_,3.705µm
_01799_,3.705µm
_01805_,3.705µm
_01925_,3.705µm
_01950_,3.705µm
_01956_,3.705µm
_02067_,3.705µm
_02106_,3.705µm
_02131_,3.705µm
_02161_,3.705µm
_02198_,3.705µm
_02351_,3.705µm
_02398_,3.705µm
_02578_,3.705µm
_02643_,3.705µm
_02682_,3.705µm
_02728_,3.705µm
_02806_,3.705µm
_02847_,3.705µm
_02861_,3.705µm
_02915_,3.705µm
_02926_,3.705µm
_02927_,3.705µm
_02967_,3.705µm
_02990_,3.705µm
_03006_,3.705µm
_03011_,3.705µm
_03031_,3.705µm
_03034_,3.705µm
_03040_,3.705µm
_03062_,3.705µm
_03064_,3.705µm
_03162_,3.705µm
_03180_,3.705µm
_03341_,3.705µm
_03383_,3.705µm
_03481_,3.705µm
_03595_,3.705µm
_03638_,3.705µm
_03729_,3.705µm
_03788_,3.705µm
_03905_,3.705µm
_03926_,3.705µm
_03959_,3.705µm
_04027_,3.705µm
_04062_,3.705µm
_04135_,3.705µm
_04136_,3.705µm
_04217_,3.705µm
_04381_,3.705µm
_04395_,3.705µm
_04456_,3.705µm
_04462_,3.705µm
_04473_,3.705µm
_04485_,3.705µm
_04590_,3.705µm
_04631_,3.705µm
_04786_,3.705µm
_04842_,3.705µm
_04923_,3.705µm
_05033_,3.705µm
_05055_,3.705µm
_05123_,3.705µm
_05183_,3.705µm
_05212_,3.705µm
_05223_,3.705µm
_05229_,3.705µm
_05243_,3.705µm
_05252_,3.705µm
_05325_,3.705µm
_05543_,3.705µm
_05578_,3.705µm
_05604_,3.705µm
_05622_,3.705µm
_05680_,3.705µm
_05832_,3.705µm
_05862_,3.705µm
_06012_,3.705µm
_06111_,3.705µm
_06160_,3.705µm
_06182_,3.705µm
_06198_,3.705µm
_06302_,3.705µm
_06327_,3.705µm
_06400_,3.705µm
_06473_,3.705µm
_06503_,3.705µm
_06541_,3.705µm
_06578_,3.705µm
_06581_,3.705µm
_06592_,3.705µm
_06604_,3.705µm
_06674_,3.705µm
_06710_,3.705µm
_06795_,3.705µm
_06851_,3.705µm
_06898_,3.705µm
_06921_,3.705µm
_06946_,3.705µm
_06969_,3.705µm
_06997_,3.705µm
_07009_,3.705µm
_07160_,3.705µm
_07164_,3.705µm
_07196_,3.705µm
_07200_,3.705µm
_07245_,3.705µm
_07392_,3.705µm
_07398_,3.705µm
_07437_,3.705µm
_07545_,3.705µm
_07567_,3.705µm
_07614_,3.705µm
_07680_,3.705µm
_07887_,3.705µm
_07888_,3.705µm
_07913_,3.705µm
_07923_,3.705µm
_08032_,3.705µm
_08093_,3.705µm
_12101_,3.7µm
_00017_,3.685µm
_00553_,3.685µm
_00977_,3.685µm
_01053_,3.685µm
_01117_,3.685µm
_01342_,3.685µm
_01407_,3.685µm
_01410_,3.685µm
_01474_,3.685µm
_01484_,3.685µm
_01487_,3.685µm
_01675_,3.685µm
_01789_,3.685µm
_01800_,3.685µm
_02128_,3.685µm
_02930_,3.685µm
_03065_,3.685µm
_03608_,3.685µm
_05365_,3.685µm
_05372_,3.685µm
_05739_,3.685µm
_05754_,3.685µm
_05880_,3.685µm
_06639_,3.685µm
_06705_,3.685µm
_06888_,3.685µm
_07283_,3.685µm
_07443_,3.685µm
_07452_,3.685µm
_08163_,3.685µm
_08826_,3.68µm
_09286_,3.68µm
_09322_,3.68µm
_10159_,3.68µm
_10593_,3.68µm
_10832_,3.68µm
_11150_,3.68µm
_11207_,3.68µm
_11220_,3.68µm
_11234_,3.68µm
_11587_,3.68µm
_12182_,3.68µm
_12359_,3.68µm
_12902_,3.68µm
_13106_,3.68µm
_13426_,3.68µm
_13824_,3.68µm
_12058_,3.665µm
_00181_,3.66µm
_01491_,3.66µm
_02185_,3.66µm
_03213_,3.66µm
_03613_,3.66µm
_04152_,3.66µm
_04195_,3.66µm
_04654_,3.66µm
_10012_,3.66µm
_10155_,3.66µm
_10798_,3.66µm
_11570_,3.66µm
_11690_,3.66µm
_12610_,3.66µm
_13218_,3.66µm
_13946_,3.66µm
_12789_,3.65µm
_13392_,3.65µm
_10173_,3.64µm
_11733_,3.64µm
u_bram.bram\[109\]\[20\],3.64µm
u_bram.bram\[217\]\[1\],3.64µm
u_bram.bram\[233\]\[29\],3.64µm
_00050_,3.635µm
_03361_,3.635µm
_05888_,3.635µm
_06563_,3.635µm
_07695_,3.635µm
_08813_,3.635µm
_00051_,3.625µm
_02041_,3.625µm
_05105_,3.625µm
_00577_,3.605µm
_01493_,3.605µm
_02484_,3.605µm
_07872_,3.605µm
_09329_,3.6µm
_00407_,3.585µm
_00513_,3.585µm
_00706_,3.585µm
_00727_,3.585µm
_00751_,3.585µm
_01754_,3.585µm
_01944_,3.585µm
_02418_,3.585µm
_02449_,3.585µm
_02937_,3.585µm
_03190_,3.585µm
_03329_,3.585µm
_03447_,3.585µm
_03735_,3.585µm
_04212_,3.585µm
_04497_,3.585µm
_04583_,3.585µm
_05146_,3.585µm
_05529_,3.585µm
_05642_,3.585µm
_05806_,3.585µm
_05936_,3.585µm
_06329_,3.585µm
_06516_,3.585µm
_07210_,3.585µm
_07223_,3.585µm
_07747_,3.585µm
_07804_,3.585µm
_09845_,3.585µm
_11036_,3.585µm
_01401_,3.565µm
_09284_,3.565µm
_08257_,3.56µm
_08575_,3.56µm
_08648_,3.56µm
_08765_,3.56µm
_08818_,3.56µm
_09269_,3.56µm
_10072_,3.56µm
_10527_,3.56µm
_11066_,3.56µm
_11284_,3.56µm
_11332_,3.56µm
_11760_,3.56µm
_12106_,3.56µm
_12387_,3.56µm
_12431_,3.56µm
_12544_,3.56µm
_12558_,3.56µm
_12668_,3.56µm
_12691_,3.56µm
_12816_,3.56µm
_12990_,3.56µm
_13008_,3.56µm
_13469_,3.56µm
_13490_,3.56µm
_13533_,3.56µm
_13844_,3.56µm
_04667_,3.54µm
_04668_,3.54µm
_08598_,3.54µm
_08649_,3.54µm
_08657_,3.54µm
_08836_,3.54µm
_08904_,3.54µm
_09205_,3.54µm
_09260_,3.54µm
_09264_,3.54µm
_09267_,3.54µm
_09420_,3.54µm
_09609_,3.54µm
_09666_,3.54µm
_09739_,3.54µm
_09769_,3.54µm
_09831_,3.54µm
_09873_,3.54µm
_09914_,3.54µm
_09943_,3.54µm
_09955_,3.54µm
_09987_,3.54µm
_10200_,3.54µm
_10267_,3.54µm
_10301_,3.54µm
_10323_,3.54µm
_10393_,3.54µm
_10437_,3.54µm
_10460_,3.54µm
_10632_,3.54µm
_10656_,3.54µm
_10784_,3.54µm
_10785_,3.54µm
_10809_,3.54µm
_11085_,3.54µm
_11112_,3.54µm
_11167_,3.54µm
_11197_,3.54µm
_11312_,3.54µm
_11360_,3.54µm
_11369_,3.54µm
_11805_,3.54µm
_11855_,3.54µm
_11860_,3.54µm
_11866_,3.54µm
_11967_,3.54µm
_12000_,3.54µm
_12021_,3.54µm
_12032_,3.54µm
_12055_,3.54µm
_12100_,3.54µm
_12157_,3.54µm
_12195_,3.54µm
_12216_,3.54µm
_12274_,3.54µm
_12453_,3.54µm
_12467_,3.54µm
_12572_,3.54µm
_12604_,3.54µm
_12844_,3.54µm
_12911_,3.54µm
_12952_,3.54µm
_13363_,3.54µm
_13470_,3.54µm
_13531_,3.54µm
_13536_,3.54µm
_13591_,3.54µm
_13623_,3.54µm
_13665_,3.54µm
_13713_,3.54µm
_13782_,3.54µm
_13792_,3.54µm
_14009_,3.54µm
u_bram.bram\[160\]\[7\],3.54µm
u_bram.bram\[172\]\[26\],3.54µm
u_bram.bram\[200\]\[13\],3.54µm
u_bram.bram\[232\]\[3\],3.54µm
u_bram.bram\[32\]\[4\],3.54µm
u_bram.bram\[36\]\[1\],3.54µm
_08246_,3.52µm
_13758_,3.52µm
_01341_,3.515µm
_01397_,3.515µm
_01500_,3.515µm
_02336_,3.515µm
_04819_,3.515µm
_02187_,3.505µm
_07203_,3.505µm
_07688_,3.505µm
_01511_,3.485µm
_01880_,3.485µm
_05505_,3.485µm
_05734_,3.485µm
_06951_,3.485µm
_00005_,3.465µm
_00026_,3.465µm
_00032_,3.465µm
_00035_,3.465µm
_00095_,3.465µm
_00122_,3.465µm
_00130_,3.465µm
_00153_,3.465µm
_00162_,3.465µm
_00184_,3.465µm
_00187_,3.465µm
_00194_,3.465µm
_00204_,3.465µm
_00207_,3.465µm
_00215_,3.465µm
_00224_,3.465µm
_00231_,3.465µm
_00236_,3.465µm
_00237_,3.465µm
_00240_,3.465µm
_00263_,3.465µm
_00271_,3.465µm
_00279_,3.465µm
_00288_,3.465µm
_00290_,3.465µm
_00302_,3.465µm
_00307_,3.465µm
_00359_,3.465µm
_00372_,3.465µm
_00376_,3.465µm
_00383_,3.465µm
_00399_,3.465µm
_00414_,3.465µm
_00432_,3.465µm
_00457_,3.465µm
_00459_,3.465µm
_00462_,3.465µm
_00466_,3.465µm
_00511_,3.465µm
_00516_,3.465µm
_00535_,3.465µm
_00566_,3.465µm
_00570_,3.465µm
_00592_,3.465µm
_00608_,3.465µm
_00609_,3.465µm
_00619_,3.465µm
_00620_,3.465µm
_00628_,3.465µm
_00629_,3.465µm
_00632_,3.465µm
_00671_,3.465µm
_00674_,3.465µm
_00678_,3.465µm
_00686_,3.465µm
_00693_,3.465µm
_00709_,3.465µm
_00734_,3.465µm
_00744_,3.465µm
_00746_,3.465µm
_00750_,3.465µm
_00756_,3.465µm
_00772_,3.465µm
_00778_,3.465µm
_00781_,3.465µm
_00788_,3.465µm
_00789_,3.465µm
_00798_,3.465µm
_00800_,3.465µm
_00801_,3.465µm
_00824_,3.465µm
_00850_,3.465µm
_00878_,3.465µm
_00884_,3.465µm
_00886_,3.465µm
_00888_,3.465µm
_00894_,3.465µm
_00896_,3.465µm
_00898_,3.465µm
_00920_,3.465µm
_00927_,3.465µm
_00936_,3.465µm
_00952_,3.465µm
_00978_,3.465µm
_00985_,3.465µm
_00991_,3.465µm
_00997_,3.465µm
_01006_,3.465µm
_01015_,3.465µm
_01025_,3.465µm
_01026_,3.465µm
_01046_,3.465µm
_01052_,3.465µm
_01057_,3.465µm
_01058_,3.465µm
_01094_,3.465µm
_01104_,3.465µm
_01122_,3.465µm
_01128_,3.465µm
_01147_,3.465µm
_01148_,3.465µm
_01159_,3.465µm
_01162_,3.465µm
_01180_,3.465µm
_01227_,3.465µm
_01239_,3.465µm
_01241_,3.465µm
_01256_,3.465µm
_01281_,3.465µm
_01283_,3.465µm
_01290_,3.465µm
_01298_,3.465µm
_01299_,3.465µm
_01340_,3.465µm
_01353_,3.465µm
_01363_,3.465µm
_01365_,3.465µm
_01399_,3.465µm
_01430_,3.465µm
_01431_,3.465µm
_01443_,3.465µm
_01448_,3.465µm
_01456_,3.465µm
_01457_,3.465µm
_01461_,3.465µm
_01465_,3.465µm
_01482_,3.465µm
_01490_,3.465µm
_01495_,3.465µm
_01501_,3.465µm
_01507_,3.465µm
_01534_,3.465µm
_01544_,3.465µm
_01549_,3.465µm
_01556_,3.465µm
_01558_,3.465µm
_01559_,3.465µm
_01564_,3.465µm
_01565_,3.465µm
_01567_,3.465µm
_01609_,3.465µm
_01615_,3.465µm
_01619_,3.465µm
_01624_,3.465µm
_01632_,3.465µm
_01645_,3.465µm
_01648_,3.465µm
_01655_,3.465µm
_01668_,3.465µm
_01673_,3.465µm
_01686_,3.465µm
_01687_,3.465µm
_01693_,3.465µm
_01700_,3.465µm
_01730_,3.465µm
_01742_,3.465µm
_01747_,3.465µm
_01763_,3.465µm
_01766_,3.465µm
_01772_,3.465µm
_01791_,3.465µm
_01806_,3.465µm
_01814_,3.465µm
_01822_,3.465µm
_01835_,3.465µm
_01842_,3.465µm
_01843_,3.465µm
_01857_,3.465µm
_01865_,3.465µm
_01869_,3.465µm
_01884_,3.465µm
_01887_,3.465µm
_01901_,3.465µm
_01903_,3.465µm
_01905_,3.465µm
_01907_,3.465µm
_01909_,3.465µm
_01913_,3.465µm
_01914_,3.465µm
_01916_,3.465µm
_01946_,3.465µm
_01947_,3.465µm
_01949_,3.465µm
_01951_,3.465µm
_01959_,3.465µm
_01970_,3.465µm
_01971_,3.465µm
_01974_,3.465µm
_01980_,3.465µm
_01983_,3.465µm
_02010_,3.465µm
_02013_,3.465µm
_02014_,3.465µm
_02019_,3.465µm
_02020_,3.465µm
_02066_,3.465µm
_02070_,3.465µm
_02083_,3.465µm
_02085_,3.465µm
_02102_,3.465µm
_02105_,3.465µm
_02107_,3.465µm
_02127_,3.465µm
_02226_,3.465µm
_02239_,3.465µm
_02243_,3.465µm
_02249_,3.465µm
_02255_,3.465µm
_02259_,3.465µm
_02263_,3.465µm
_02283_,3.465µm
_02285_,3.465µm
_02289_,3.465µm
_02290_,3.465µm
_02297_,3.465µm
_02301_,3.465µm
_02303_,3.465µm
_02305_,3.465µm
_02317_,3.465µm
_02335_,3.465µm
_02366_,3.465µm
_02369_,3.465µm
_02375_,3.465µm
_02380_,3.465µm
_02391_,3.465µm
_02394_,3.465µm
_02404_,3.465µm
_02405_,3.465µm
_02412_,3.465µm
_02428_,3.465µm
_02431_,3.465µm
_02440_,3.465µm
_02454_,3.465µm
_02461_,3.465µm
_02478_,3.465µm
_02487_,3.465µm
_02488_,3.465µm
_02492_,3.465µm
_02507_,3.465µm
_02511_,3.465µm
_02513_,3.465µm
_02517_,3.465µm
_02540_,3.465µm
_02542_,3.465µm
_02583_,3.465µm
_02625_,3.465µm
_02642_,3.465µm
_02669_,3.465µm
_02674_,3.465µm
_02676_,3.465µm
_02686_,3.465µm
_02688_,3.465µm
_02694_,3.465µm
_02697_,3.465µm
_02709_,3.465µm
_02713_,3.465µm
_02715_,3.465µm
_02726_,3.465µm
_02749_,3.465µm
_02753_,3.465µm
_02757_,3.465µm
_02758_,3.465µm
_02768_,3.465µm
_02769_,3.465µm
_02785_,3.465µm
_02792_,3.465µm
_02794_,3.465µm
_02795_,3.465µm
_02801_,3.465µm
_02804_,3.465µm
_02805_,3.465µm
_02819_,3.465µm
_02826_,3.465µm
_02837_,3.465µm
_02845_,3.465µm
_02852_,3.465µm
_02853_,3.465µm
_02854_,3.465µm
_02860_,3.465µm
_02862_,3.465µm
_02868_,3.465µm
_02892_,3.465µm
_02899_,3.465µm
_02901_,3.465µm
_02905_,3.465µm
_02906_,3.465µm
_02912_,3.465µm
_02923_,3.465µm
_02933_,3.465µm
_02942_,3.465µm
_02965_,3.465µm
_02984_,3.465µm
_02994_,3.465µm
_03014_,3.465µm
_03020_,3.465µm
_03023_,3.465µm
_03027_,3.465µm
_03029_,3.465µm
_03037_,3.465µm
_03079_,3.465µm
_03098_,3.465µm
_03100_,3.465µm
_03134_,3.465µm
_03148_,3.465µm
_03158_,3.465µm
_03198_,3.465µm
_03203_,3.465µm
_03208_,3.465µm
_03212_,3.465µm
_03227_,3.465µm
_03231_,3.465µm
_03238_,3.465µm
_03248_,3.465µm
_03253_,3.465µm
_03254_,3.465µm
_03270_,3.465µm
_03277_,3.465µm
_03290_,3.465µm
_03300_,3.465µm
_03305_,3.465µm
_03307_,3.465µm
_03310_,3.465µm
_03311_,3.465µm
_03313_,3.465µm
_03322_,3.465µm
_03323_,3.465µm
_03325_,3.465µm
_03332_,3.465µm
_03333_,3.465µm
_03375_,3.465µm
_03411_,3.465µm
_03418_,3.465µm
_03424_,3.465µm
_03430_,3.465µm
_03439_,3.465µm
_03440_,3.465µm
_03446_,3.465µm
_03490_,3.465µm
_03539_,3.465µm
_03547_,3.465µm
_03549_,3.465µm
_03553_,3.465µm
_03561_,3.465µm
_03601_,3.465µm
_03607_,3.465µm
_03609_,3.465µm
_03624_,3.465µm
_03626_,3.465µm
_03628_,3.465µm
_03639_,3.465µm
_03643_,3.465µm
_03644_,3.465µm
_03648_,3.465µm
_03655_,3.465µm
_03673_,3.465µm
_03679_,3.465µm
_03681_,3.465µm
_03692_,3.465µm
_03699_,3.465µm
_03701_,3.465µm
_03704_,3.465µm
_03706_,3.465µm
_03709_,3.465µm
_03718_,3.465µm
_03722_,3.465µm
_03725_,3.465µm
_03730_,3.465µm
_03731_,3.465µm
_03733_,3.465µm
_03748_,3.465µm
_03750_,3.465µm
_03785_,3.465µm
_03799_,3.465µm
_03802_,3.465µm
_03804_,3.465µm
_03809_,3.465µm
_03834_,3.465µm
_03853_,3.465µm
_03855_,3.465µm
_03891_,3.465µm
_03894_,3.465µm
_03898_,3.465µm
_03899_,3.465µm
_03901_,3.465µm
_03918_,3.465µm
_03931_,3.465µm
_03934_,3.465µm
_03954_,3.465µm
_03956_,3.465µm
_04016_,3.465µm
_04057_,3.465µm
_04069_,3.465µm
_04103_,3.465µm
_04113_,3.465µm
_04120_,3.465µm
_04121_,3.465µm
_04123_,3.465µm
_04149_,3.465µm
_04166_,3.465µm
_04174_,3.465µm
_04188_,3.465µm
_04203_,3.465µm
_04207_,3.465µm
_04211_,3.465µm
_04214_,3.465µm
_04224_,3.465µm
_04231_,3.465µm
_04233_,3.465µm
_04235_,3.465µm
_04249_,3.465µm
_04255_,3.465µm
_04269_,3.465µm
_04270_,3.465µm
_04271_,3.465µm
_04312_,3.465µm
_04319_,3.465µm
_04322_,3.465µm
_04355_,3.465µm
_04378_,3.465µm
_04382_,3.465µm
_04387_,3.465µm
_04388_,3.465µm
_04389_,3.465µm
_04391_,3.465µm
_04417_,3.465µm
_04418_,3.465µm
_04425_,3.465µm
_04431_,3.465µm
_04439_,3.465µm
_04444_,3.465µm
_04452_,3.465µm
_04457_,3.465µm
_04464_,3.465µm
_04470_,3.465µm
_04484_,3.465µm
_04495_,3.465µm
_04537_,3.465µm
_04556_,3.465µm
_04561_,3.465µm
_04563_,3.465µm
_04569_,3.465µm
_04578_,3.465µm
_04584_,3.465µm
_04585_,3.465µm
_04593_,3.465µm
_04597_,3.465µm
_04601_,3.465µm
_04608_,3.465µm
_04614_,3.465µm
_04626_,3.465µm
_04628_,3.465µm
_04644_,3.465µm
_04646_,3.465µm
_04689_,3.465µm
_04705_,3.465µm
_04717_,3.465µm
_04724_,3.465µm
_04725_,3.465µm
_04730_,3.465µm
_04733_,3.465µm
_04737_,3.465µm
_04741_,3.465µm
_04761_,3.465µm
_04763_,3.465µm
_04807_,3.465µm
_04809_,3.465µm
_04810_,3.465µm
_04815_,3.465µm
_04831_,3.465µm
_04841_,3.465µm
_04857_,3.465µm
_04879_,3.465µm
_04890_,3.465µm
_04897_,3.465µm
_04922_,3.465µm
_04941_,3.465µm
_04944_,3.465µm
_04963_,3.465µm
_04964_,3.465µm
_04970_,3.465µm
_04971_,3.465µm
_04989_,3.465µm
_04998_,3.465µm
_05002_,3.465µm
_05009_,3.465µm
_05012_,3.465µm
_05013_,3.465µm
_05029_,3.465µm
_05030_,3.465µm
_05037_,3.465µm
_05039_,3.465µm
_05041_,3.465µm
_05069_,3.465µm
_05090_,3.465µm
_05117_,3.465µm
_05130_,3.465µm
_05131_,3.465µm
_05157_,3.465µm
_05169_,3.465µm
_05184_,3.465µm
_05230_,3.465µm
_05231_,3.465µm
_05241_,3.465µm
_05268_,3.465µm
_05275_,3.465µm
_05280_,3.465µm
_05283_,3.465µm
_05284_,3.465µm
_05291_,3.465µm
_05303_,3.465µm
_05312_,3.465µm
_05315_,3.465µm
_05337_,3.465µm
_05358_,3.465µm
_05361_,3.465µm
_05377_,3.465µm
_05380_,3.465µm
_05384_,3.465µm
_05387_,3.465µm
_05407_,3.465µm
_05408_,3.465µm
_05416_,3.465µm
_05430_,3.465µm
_05433_,3.465µm
_05445_,3.465µm
_05453_,3.465µm
_05458_,3.465µm
_05462_,3.465µm
_05479_,3.465µm
_05480_,3.465µm
_05485_,3.465µm
_05494_,3.465µm
_05500_,3.465µm
_05536_,3.465µm
_05545_,3.465µm
_05558_,3.465µm
_05568_,3.465µm
_05579_,3.465µm
_05583_,3.465µm
_05587_,3.465µm
_05596_,3.465µm
_05608_,3.465µm
_05613_,3.465µm
_05614_,3.465µm
_05620_,3.465µm
_05628_,3.465µm
_05631_,3.465µm
_05632_,3.465µm
_05637_,3.465µm
_05644_,3.465µm
_05647_,3.465µm
_05649_,3.465µm
_05650_,3.465µm
_05662_,3.465µm
_05663_,3.465µm
_05666_,3.465µm
_05681_,3.465µm
_05691_,3.465µm
_05697_,3.465µm
_05711_,3.465µm
_05716_,3.465µm
_05725_,3.465µm
_05755_,3.465µm
_05767_,3.465µm
_05783_,3.465µm
_05785_,3.465µm
_05789_,3.465µm
_05802_,3.465µm
_05810_,3.465µm
_05812_,3.465µm
_05830_,3.465µm
_05847_,3.465µm
_05866_,3.465µm
_05873_,3.465µm
_05874_,3.465µm
_05879_,3.465µm
_05881_,3.465µm
_05897_,3.465µm
_05899_,3.465µm
_05904_,3.465µm
_05909_,3.465µm
_05915_,3.465µm
_05927_,3.465µm
_05928_,3.465µm
_05931_,3.465µm
_05942_,3.465µm
_05947_,3.465µm
_05958_,3.465µm
_05963_,3.465µm
_05971_,3.465µm
_05975_,3.465µm
_06021_,3.465µm
_06026_,3.465µm
_06037_,3.465µm
_06039_,3.465µm
_06043_,3.465µm
_06046_,3.465µm
_06050_,3.465µm
_06058_,3.465µm
_06059_,3.465µm
_06071_,3.465µm
_06076_,3.465µm
_06081_,3.465µm
_06082_,3.465µm
_06084_,3.465µm
_06091_,3.465µm
_06100_,3.465µm
_06110_,3.465µm
_06118_,3.465µm
_06140_,3.465µm
_06142_,3.465µm
_06146_,3.465µm
_06167_,3.465µm
_06180_,3.465µm
_06213_,3.465µm
_06239_,3.465µm
_06262_,3.465µm
_06272_,3.465µm
_06286_,3.465µm
_06295_,3.465µm
_06298_,3.465µm
_06301_,3.465µm
_06305_,3.465µm
_06309_,3.465µm
_06313_,3.465µm
_06330_,3.465µm
_06376_,3.465µm
_06396_,3.465µm
_06404_,3.465µm
_06417_,3.465µm
_06419_,3.465µm
_06422_,3.465µm
_06423_,3.465µm
_06428_,3.465µm
_06432_,3.465µm
_06442_,3.465µm
_06460_,3.465µm
_06464_,3.465µm
_06504_,3.465µm
_06538_,3.465µm
_06539_,3.465µm
_06544_,3.465µm
_06550_,3.465µm
_06551_,3.465µm
_06556_,3.465µm
_06559_,3.465µm
_06570_,3.465µm
_06579_,3.465µm
_06594_,3.465µm
_06595_,3.465µm
_06614_,3.465µm
_06625_,3.465µm
_06629_,3.465µm
_06634_,3.465µm
_06635_,3.465µm
_06637_,3.465µm
_06653_,3.465µm
_06654_,3.465µm
_06682_,3.465µm
_06690_,3.465µm
_06693_,3.465µm
_06714_,3.465µm
_06726_,3.465µm
_06765_,3.465µm
_06769_,3.465µm
_06780_,3.465µm
_06825_,3.465µm
_06844_,3.465µm
_06853_,3.465µm
_06867_,3.465µm
_06875_,3.465µm
_06880_,3.465µm
_06906_,3.465µm
_06913_,3.465µm
_06927_,3.465µm
_06940_,3.465µm
_06941_,3.465µm
_06957_,3.465µm
_06959_,3.465µm
_06977_,3.465µm
_07019_,3.465µm
_07053_,3.465µm
_07070_,3.465µm
_07085_,3.465µm
_07095_,3.465µm
_07145_,3.465µm
_07159_,3.465µm
_07172_,3.465µm
_07186_,3.465µm
_07187_,3.465µm
_07190_,3.465µm
_07198_,3.465µm
_07202_,3.465µm
_07217_,3.465µm
_07228_,3.465µm
_07236_,3.465µm
_07240_,3.465µm
_07304_,3.465µm
_07310_,3.465µm
_07329_,3.465µm
_07332_,3.465µm
_07344_,3.465µm
_07346_,3.465µm
_07361_,3.465µm
_07365_,3.465µm
_07395_,3.465µm
_07401_,3.465µm
_07410_,3.465µm
_07466_,3.465µm
_07471_,3.465µm
_07486_,3.465µm
_07487_,3.465µm
_07512_,3.465µm
_07543_,3.465µm
_07546_,3.465µm
_07562_,3.465µm
_07563_,3.465µm
_07564_,3.465µm
_07570_,3.465µm
_07578_,3.465µm
_07611_,3.465µm
_07616_,3.465µm
_07627_,3.465µm
_07656_,3.465µm
_07675_,3.465µm
_07677_,3.465µm
_07697_,3.465µm
_07699_,3.465µm
_07726_,3.465µm
_07731_,3.465µm
_07736_,3.465µm
_07745_,3.465µm
_07758_,3.465µm
_07794_,3.465µm
_07797_,3.465µm
_07801_,3.465µm
_07813_,3.465µm
_07817_,3.465µm
_07821_,3.465µm
_07843_,3.465µm
_07847_,3.465µm
_07848_,3.465µm
_07852_,3.465µm
_07855_,3.465µm
_07861_,3.465µm
_07884_,3.465µm
_07908_,3.465µm
_07914_,3.465µm
_07915_,3.465µm
_07920_,3.465µm
_07927_,3.465µm
_07931_,3.465µm
_07942_,3.465µm
_07946_,3.465µm
_07952_,3.465µm
_07965_,3.465µm
_07979_,3.465µm
_07981_,3.465µm
_07997_,3.465µm
_07998_,3.465µm
_08003_,3.465µm
_08059_,3.465µm
_08062_,3.465µm
_08067_,3.465µm
_08075_,3.465µm
_08078_,3.465µm
_08079_,3.465µm
_08082_,3.465µm
_08083_,3.465µm
_08096_,3.465µm
_08097_,3.465µm
_08099_,3.465µm
_08101_,3.465µm
_08114_,3.465µm
_08117_,3.465µm
_08126_,3.465µm
_08131_,3.465µm
_08135_,3.465µm
_08166_,3.465µm
_08172_,3.465µm
_08187_,3.465µm
_08203_,3.465µm
_08209_,3.465µm
_08211_,3.465µm
_08214_,3.465µm
_08221_,3.465µm
_12875_,3.465µm
_09242_,3.445µm
_00363_,3.44µm
_00424_,3.44µm
_00667_,3.44µm
_02432_,3.44µm
_02879_,3.44µm
_03275_,3.44µm
_05742_,3.44µm
_06049_,3.44µm
_06677_,3.44µm
_08587_,3.44µm
_09258_,3.44µm
_09655_,3.44µm
_11322_,3.44µm
_11735_,3.44µm
_11921_,3.44µm
_12191_,3.44µm
_12620_,3.44µm
_13465_,3.44µm
_13811_,3.44µm
_13120_,3.425µm
_04674_,3.42µm
_08549_,3.42µm
_08824_,3.42µm
_08926_,3.42µm
_08927_,3.42µm
_08961_,3.42µm
_09174_,3.42µm
_09331_,3.42µm
_09413_,3.42µm
_09506_,3.42µm
_09856_,3.42µm
_09894_,3.42µm
_09908_,3.42µm
_09956_,3.42µm
_09962_,3.42µm
_10034_,3.42µm
_10079_,3.42µm
_10329_,3.42µm
_10469_,3.42µm
_10486_,3.42µm
_10520_,3.42µm
_10678_,3.42µm
_10763_,3.42µm
_10778_,3.42µm
_10787_,3.42µm
_10877_,3.42µm
_10906_,3.42µm
_10940_,3.42µm
_10950_,3.42µm
_11023_,3.42µm
_11035_,3.42µm
_11115_,3.42µm
_11118_,3.42µm
_11208_,3.42µm
_11236_,3.42µm
_11423_,3.42µm
_11515_,3.42µm
_11583_,3.42µm
_11597_,3.42µm
_11629_,3.42µm
_11804_,3.42µm
_11827_,3.42µm
_12041_,3.42µm
_12249_,3.42µm
_12374_,3.42µm
_12397_,3.42µm
_12581_,3.42µm
_12637_,3.42µm
_12729_,3.42µm
_12777_,3.42µm
_12787_,3.42µm
_12809_,3.42µm
_13075_,3.42µm
_13225_,3.42µm
_13269_,3.42µm
_13394_,3.42µm
_13480_,3.42µm
_13488_,3.42µm
_13761_,3.42µm
_13772_,3.42µm
_13916_,3.42µm
r_ptr_sync_gray\[6\],3.42µm
u_bram.bram\[140\]\[29\],3.42µm
u_bram.bram\[33\]\[20\],3.42µm
u_fifo_ctrl.w_bin_counter\[8\],3.42µm
_00568_,3.415µm
_00637_,3.415µm
_01783_,3.415µm
_02219_,3.415µm
_04089_,3.415µm
_04707_,3.405µm
_03790_,3.395µm
_00213_,3.345µm
_00426_,3.345µm
_00445_,3.345µm
_00651_,3.345µm
_00653_,3.345µm
_00662_,3.345µm
_00663_,3.345µm
_00876_,3.345µm
_01337_,3.345µm
_01437_,3.345µm
_01444_,3.345µm
_01672_,3.345µm
_01683_,3.345µm
_02069_,3.345µm
_02119_,3.345µm
_02153_,3.345µm
_02410_,3.345µm
_02486_,3.345µm
_02518_,3.345µm
_02563_,3.345µm
_02565_,3.345µm
_02666_,3.345µm
_02737_,3.345µm
_02897_,3.345µm
_03041_,3.345µm
_03044_,3.345µm
_03071_,3.345µm
_03120_,3.345µm
_03288_,3.345µm
_03352_,3.345µm
_03376_,3.345µm
_03396_,3.345µm
_03495_,3.345µm
_03756_,3.345µm
_03893_,3.345µm
_03972_,3.345µm
_04137_,3.345µm
_04526_,3.345µm
_04553_,3.345µm
_04712_,3.345µm
_04732_,3.345µm
_04743_,3.345µm
_04769_,3.345µm
_04808_,3.345µm
_04827_,3.345µm
_05062_,3.345µm
_05081_,3.345µm
_05165_,3.345µm
_05209_,3.345µm
_05238_,3.345µm
_05397_,3.345µm
_05569_,3.345µm
_05750_,3.345µm
_05761_,3.345µm
_05780_,3.345µm
_05837_,3.345µm
_05838_,3.345µm
_05845_,3.345µm
_05961_,3.345µm
_06023_,3.345µm
_06247_,3.345µm
_06352_,3.345µm
_06424_,3.345µm
_06663_,3.345µm
_06686_,3.345µm
_06933_,3.345µm
_06936_,3.345µm
_07235_,3.345µm
_07287_,3.345µm
_07302_,3.345µm
_07522_,3.345µm
_07534_,3.345µm
_07596_,3.345µm
_07859_,3.345µm
_08094_,3.345µm
_08124_,3.345µm
_08157_,3.345µm
_00295_,3.34µm
_03947_,3.34µm
_00304_,3.32µm
_00326_,3.32µm
_00343_,3.32µm
_00556_,3.32µm
_00573_,3.32µm
_00612_,3.32µm
_00626_,3.32µm
_00658_,3.32µm
_00714_,3.32µm
_00740_,3.32µm
_00810_,3.32µm
_00832_,3.32µm
_00843_,3.32µm
_00907_,3.32µm
_00928_,3.32µm
_00938_,3.32µm
_00974_,3.32µm
_01074_,3.32µm
_01191_,3.32µm
_01498_,3.32µm
_01627_,3.32µm
_01709_,3.32µm
_01765_,3.32µm
_01886_,3.32µm
_02133_,3.32µm
_02235_,3.32µm
_02499_,3.32µm
_02777_,3.32µm
_02904_,3.32µm
_02914_,3.32µm
_03123_,3.32µm
_03216_,3.32µm
_03348_,3.32µm
_03578_,3.32µm
_03854_,3.32µm
_03856_,3.32µm
_03911_,3.32µm
_04218_,3.32µm
_04284_,3.32µm
_04333_,3.32µm
_04510_,3.32µm
_04557_,3.32µm
_04685_,3.32µm
_04775_,3.32µm
_04797_,3.32µm
_04925_,3.32µm
_05092_,3.32µm
_05094_,3.32µm
_05136_,3.32µm
_05208_,3.32µm
_05227_,3.32µm
_05249_,3.32µm
_05276_,3.32µm
_05516_,3.32µm
_05660_,3.32µm
_05689_,3.32µm
_05801_,3.32µm
_05966_,3.32µm
_06074_,3.32µm
_06114_,3.32µm
_06265_,3.32µm
_06377_,3.32µm
_06500_,3.32µm
_06820_,3.32µm
_07136_,3.32µm
_07459_,3.32µm
_07501_,3.32µm
_07598_,3.32µm
_07623_,3.32µm
_07724_,3.32µm
_07761_,3.32µm
_07822_,3.32µm
_07823_,3.32µm
_07904_,3.32µm
_07905_,3.32µm
_07906_,3.32µm
_08058_,3.32µm
_08068_,3.32µm
_08158_,3.32µm
_09115_,3.32µm
_09819_,3.32µm
_09901_,3.32µm
_10233_,3.32µm
_10687_,3.32µm
_10881_,3.32µm
_11079_,3.32µm
_11179_,3.32µm
_12319_,3.32µm
_13022_,3.32µm
_13697_,3.32µm
_13803_,3.32µm
u_bram.bram\[180\]\[26\],3.32µm
_09304_,3.31µm
_09030_,3.305µm
_08862_,3.3µm
_09306_,3.3µm
_09844_,3.3µm
_10324_,3.3µm
_10421_,3.3µm
_11538_,3.3µm
_12365_,3.3µm
_12919_,3.3µm
_13612_,3.3µm
_13663_,3.3µm
u_bram.bram\[113\]\[30\],3.3µm
u_fifo_ctrl.u_w_b2g.binary_in\[5\],3.3µm
_00735_,3.295µm
_01586_,3.295µm
_02365_,3.295µm
_02433_,3.295µm
_02468_,3.295µm
_04926_,3.295µm
_07827_,3.295µm
_13049_,3.295µm
_08832_,3.28µm
_13504_,3.28µm
_07118_,3.275µm
_12120_,3.26µm
_00024_,3.245µm
_00056_,3.245µm
_00076_,3.245µm
_00103_,3.245µm
_00112_,3.245µm
_00175_,3.245µm
_00275_,3.245µm
_00287_,3.245µm
_00349_,3.245µm
_00374_,3.245µm
_00389_,3.245µm
_00410_,3.245µm
_00413_,3.245µm
_00416_,3.245µm
_00435_,3.245µm
_00475_,3.245µm
_00480_,3.245µm
_00482_,3.245µm
_00483_,3.245µm
_00564_,3.245µm
_00565_,3.245µm
_00587_,3.245µm
_00656_,3.245µm
_00718_,3.245µm
_00723_,3.245µm
_00739_,3.245µm
_00747_,3.245µm
_00757_,3.245µm
_00799_,3.245µm
_00806_,3.245µm
_00845_,3.245µm
_00855_,3.245µm
_00953_,3.245µm
_01022_,3.245µm
_01102_,3.245µm
_01194_,3.245µm
_01245_,3.245µm
_01263_,3.245µm
_01266_,3.245µm
_01310_,3.245µm
_01368_,3.245µm
_01388_,3.245µm
_01470_,3.245µm
_01561_,3.245µm
_01636_,3.245µm
_01717_,3.245µm
_01740_,3.245µm
_01756_,3.245µm
_01770_,3.245µm
_01862_,3.245µm
_01868_,3.245µm
_01920_,3.245µm
_01957_,3.245µm
_02015_,3.245µm
_02045_,3.245µm
_02055_,3.245µm
_02109_,3.245µm
_02125_,3.245µm
_02177_,3.245µm
_02240_,3.245µm
_02266_,3.245µm
_02279_,3.245µm
_02346_,3.245µm
_02392_,3.245µm
_02408_,3.245µm
_02436_,3.245µm
_02456_,3.245µm
_02490_,3.245µm
_02502_,3.245µm
_02509_,3.245µm
_02514_,3.245µm
_02533_,3.245µm
_02534_,3.245µm
_02550_,3.245µm
_02564_,3.245µm
_02586_,3.245µm
_02623_,3.245µm
_02638_,3.245µm
_02649_,3.245µm
_02654_,3.245µm
_02659_,3.245µm
_02684_,3.245µm
_02746_,3.245µm
_02754_,3.245µm
_02857_,3.245µm
_02859_,3.245µm
_02928_,3.245µm
_02969_,3.245µm
_03003_,3.245µm
_03033_,3.245µm
_03069_,3.245µm
_03285_,3.245µm
_03334_,3.245µm
_03390_,3.245µm
_03433_,3.245µm
_03435_,3.245µm
_03470_,3.245µm
_03506_,3.245µm
_03536_,3.245µm
_03664_,3.245µm
_03708_,3.245µm
_03742_,3.245µm
_03806_,3.245µm
_03810_,3.245µm
_03835_,3.245µm
_03885_,3.245µm
_03902_,3.245µm
_03927_,3.245µm
_03965_,3.245µm
_04029_,3.245µm
_04115_,3.245µm
_04124_,3.245µm
_04171_,3.245µm
_04238_,3.245µm
_04260_,3.245µm
_04261_,3.245µm
_04325_,3.245µm
_04361_,3.245µm
_04524_,3.245µm
_04532_,3.245µm
_04607_,3.245µm
_04616_,3.245µm
_04622_,3.245µm
_04723_,3.245µm
_04772_,3.245µm
_04773_,3.245µm
_04852_,3.245µm
_04871_,3.245µm
_04899_,3.245µm
_04920_,3.245µm
_04946_,3.245µm
_04957_,3.245µm
_04990_,3.245µm
_05023_,3.245µm
_05044_,3.245µm
_05057_,3.245µm
_05099_,3.245µm
_05198_,3.245µm
_05302_,3.245µm
_05556_,3.245µm
_05582_,3.245µm
_05707_,3.245µm
_05721_,3.245µm
_05740_,3.245µm
_05775_,3.245µm
_05800_,3.245µm
_05882_,3.245µm
_05905_,3.245µm
_05922_,3.245µm
_05939_,3.245µm
_05948_,3.245µm
_06051_,3.245µm
_06067_,3.245µm
_06173_,3.245µm
_06209_,3.245µm
_06228_,3.245µm
_06281_,3.245µm
_06285_,3.245µm
_06288_,3.245µm
_06334_,3.245µm
_06342_,3.245µm
_06438_,3.245µm
_06452_,3.245µm
_06456_,3.245µm
_06511_,3.245µm
_06526_,3.245µm
_06537_,3.245µm
_06546_,3.245µm
_06613_,3.245µm
_06669_,3.245µm
_06691_,3.245µm
_06777_,3.245µm
_06813_,3.245µm
_06826_,3.245µm
_06827_,3.245µm
_06841_,3.245µm
_06877_,3.245µm
_06891_,3.245µm
_06918_,3.245µm
_06924_,3.245µm
_06948_,3.245µm
_06954_,3.245µm
_07021_,3.245µm
_07063_,3.245µm
_07077_,3.245µm
_07087_,3.245µm
_07171_,3.245µm
_07307_,3.245µm
_07317_,3.245µm
_07363_,3.245µm
_07394_,3.245µm
_07423_,3.245µm
_07445_,3.245µm
_07472_,3.245µm
_07492_,3.245µm
_07493_,3.245µm
_07498_,3.245µm
_07513_,3.245µm
_07540_,3.245µm
_07581_,3.245µm
_07666_,3.245µm
_07687_,3.245µm
_07692_,3.245µm
_07706_,3.245µm
_07707_,3.245µm
_07743_,3.245µm
_07751_,3.245µm
_07772_,3.245µm
_07793_,3.245µm
_07824_,3.245µm
_07844_,3.245µm
_07849_,3.245µm
_07863_,3.245µm
_07865_,3.245µm
_08080_,3.245µm
_08105_,3.245µm
_08134_,3.245µm
_08207_,3.245µm
_00665_,3.225µm
_00769_,3.225µm
_00829_,3.225µm
_01206_,3.225µm
_01231_,3.225µm
_01438_,3.225µm
_01519_,3.225µm
_01523_,3.225µm
_01541_,3.225µm
_01824_,3.225µm
_02029_,3.225µm
_02068_,3.225µm
_02587_,3.225µm
_03245_,3.225µm
_03413_,3.225µm
_03518_,3.225µm
_03558_,3.225µm
_03683_,3.225µm
_05481_,3.225µm
_05669_,3.225µm
_05715_,3.225µm
_05736_,3.225µm
_05752_,3.225µm
_06001_,3.225µm
_06105_,3.225µm
_06243_,3.225µm
_06475_,3.225µm
_06478_,3.225µm
_07575_,3.225µm
_08037_,3.225µm
_08045_,3.225µm
u_fifo_ctrl.u_w_b2g.binary_in\[1\],3.225µm
_08574_,3.22µm
_08806_,3.22µm
_08972_,3.22µm
_09197_,3.22µm
_09749_,3.22µm
_10201_,3.22µm
_10280_,3.22µm
_10331_,3.22µm
_10768_,3.22µm
_10902_,3.22µm
_12113_,3.22µm
_12196_,3.22µm
_12229_,3.22µm
_12313_,3.22µm
_12440_,3.22µm
_13128_,3.22µm
_13213_,3.22µm
_00238_,3.2µm
_04648_,3.2µm
_04657_,3.2µm
_04675_,3.2µm
_08899_,3.2µm
_09499_,3.2µm
_09778_,3.2µm
_09851_,3.2µm
_09928_,3.2µm
_10624_,3.2µm
_11055_,3.2µm
_11665_,3.2µm
_12923_,3.2µm
_13076_,3.2µm
_13699_,3.2µm
_13807_,3.2µm
_14019_,3.2µm
r_ptr_gray\[7\],3.2µm
r_ptr_gray_meta\[1\],3.2µm
_12488_,3.19µm
_13481_,3.19µm
_13790_,3.185µm
_09422_,3.18µm
_10039_,3.18µm
_10619_,3.18µm
_13306_,3.18µm
_00369_,3.175µm
_00557_,3.175µm
_00786_,3.175µm
_00803_,3.175µm
_00818_,3.175µm
_00924_,3.175µm
_01135_,3.175µm
_01222_,3.175µm
_01235_,3.175µm
_01385_,3.175µm
_01458_,3.175µm
_01502_,3.175µm
_01508_,3.175µm
_01550_,3.175µm
_01795_,3.175µm
_01942_,3.175µm
_01943_,3.175µm
_02222_,3.175µm
_02251_,3.175µm
_02292_,3.175µm
_02321_,3.175µm
_02323_,3.175µm
_02480_,3.175µm
_02707_,3.175µm
_02710_,3.175µm
_02875_,3.175µm
_02891_,3.175µm
_03142_,3.175µm
_03353_,3.175µm
_03473_,3.175µm
_03480_,3.175µm
_03534_,3.175µm
_03707_,3.175µm
_03843_,3.175µm
_04043_,3.175µm
_04105_,3.175µm
_04114_,3.175µm
_04168_,3.175µm
_04258_,3.175µm
_04323_,3.175µm
_04609_,3.175µm
_04911_,3.175µm
_05108_,3.175µm
_05133_,3.175µm
_05134_,3.175µm
_05172_,3.175µm
_05246_,3.175µm
_05292_,3.175µm
_05300_,3.175µm
_05461_,3.175µm
_05533_,3.175µm
_05538_,3.175µm
_05544_,3.175µm
_05555_,3.175µm
_05586_,3.175µm
_05727_,3.175µm
_05938_,3.175µm
_06053_,3.175µm
_06055_,3.175µm
_06069_,3.175µm
_06092_,3.175µm
_06103_,3.175µm
_06200_,3.175µm
_06397_,3.175µm
_06412_,3.175µm
_06495_,3.175µm
_06703_,3.175µm
_06753_,3.175µm
_06798_,3.175µm
_06811_,3.175µm
_06834_,3.175µm
_06911_,3.175µm
_06931_,3.175µm
_07024_,3.175µm
_07407_,3.175µm
_07708_,3.175µm
_07875_,3.175µm
_07956_,3.175µm
_07966_,3.175µm
_08006_,3.175µm
_08039_,3.175µm
_00648_,3.165µm
_02342_,3.165µm
_03393_,3.165µm
_04141_,3.165µm
_04586_,3.165µm
_06408_,3.165µm
_08212_,3.165µm
_10642_,3.165µm
_00156_,3.145µm
_01486_,3.145µm
_02455_,3.145µm
_02670_,3.145µm
_03521_,3.145µm
_03949_,3.145µm
_04181_,3.145µm
_04533_,3.145µm
_05271_,3.145µm
_05341_,3.145µm
_05414_,3.145µm
_05592_,3.145µm
_05853_,3.145µm
_06915_,3.145µm
_07301_,3.145µm
_07502_,3.145µm
_12254_,3.14µm
_12900_,3.14µm
_13272_,3.14µm
_00249_,3.125µm
_00277_,3.125µm
_00447_,3.125µm
_00606_,3.125µm
_00636_,3.125µm
_00639_,3.125µm
_01035_,3.125µm
_01036_,3.125µm
_01059_,3.125µm
_01165_,3.125µm
_01218_,3.125µm
_01439_,3.125µm
_01479_,3.125µm
_01571_,3.125µm
_01777_,3.125µm
_01840_,3.125µm
_01844_,3.125µm
_02218_,3.125µm
_02348_,3.125µm
_02648_,3.125µm
_02650_,3.125µm
_02712_,3.125µm
_02840_,3.125µm
_02841_,3.125µm
_03431_,3.125µm
_03450_,3.125µm
_03491_,3.125µm
_03503_,3.125µm
_03596_,3.125µm
_03623_,3.125µm
_03765_,3.125µm
_03807_,3.125µm
_04215_,3.125µm
_04316_,3.125µm
_04324_,3.125µm
_04362_,3.125µm
_04558_,3.125µm
_04823_,3.125µm
_04838_,3.125µm
_04872_,3.125µm
_04900_,3.125µm
_05014_,3.125µm
_05155_,3.125µm
_05863_,3.125µm
_05868_,3.125µm
_06038_,3.125µm
_06672_,3.125µm
_06775_,3.125µm
_07059_,3.125µm
_07232_,3.125µm
_07306_,3.125µm
_07460_,3.125µm
_07494_,3.125µm
_07552_,3.125µm
_07620_,3.125µm
_07877_,3.125µm
_08107_,3.125µm
_08119_,3.125µm
_09456_,3.125µm
_09583_,3.125µm
_12574_,3.125µm
_11495_,3.105µm
_08817_,3.1µm
_08935_,3.1µm
_09019_,3.1µm
_09351_,3.1µm
_09512_,3.1µm
_09607_,3.1µm
_09832_,3.1µm
_09918_,3.1µm
_09974_,3.1µm
_10091_,3.1µm
_10153_,3.1µm
_10253_,3.1µm
_10475_,3.1µm
_10494_,3.1µm
_10821_,3.1µm
_11171_,3.1µm
_11615_,3.1µm
_11705_,3.1µm
_11996_,3.1µm
_12207_,3.1µm
_12468_,3.1µm
_12653_,3.1µm
_12660_,3.1µm
_13672_,3.1µm
_13882_,3.1µm
_13935_,3.1µm
_13981_,3.1µm
r_ptr_gray\[6\],3.1µm
r_ptr_sync_gray\[3\],3.1µm
_13204_,3.095µm
_09176_,3.085µm
_04649_,3.08µm
_04655_,3.08µm
_08533_,3.08µm
_08551_,3.08µm
_08626_,3.08µm
_08711_,3.08µm
_08754_,3.08µm
_08876_,3.08µm
_08939_,3.08µm
_08965_,3.08µm
_09141_,3.08µm
_09142_,3.08µm
_09181_,3.08µm
_09314_,3.08µm
_09439_,3.08µm
_09570_,3.08µm
_09699_,3.08µm
_09813_,3.08µm
_09907_,3.08µm
_09977_,3.08µm
_10026_,3.08µm
_10029_,3.08µm
_10114_,3.08µm
_10180_,3.08µm
_10217_,3.08µm
_10282_,3.08µm
_10300_,3.08µm
_10305_,3.08µm
_10333_,3.08µm
_10413_,3.08µm
_10440_,3.08µm
_10586_,3.08µm
_10653_,3.08µm
_10770_,3.08µm
_10825_,3.08µm
_11169_,3.08µm
_11501_,3.08µm
_11514_,3.08µm
_11533_,3.08µm
_11603_,3.08µm
_11677_,3.08µm
_11697_,3.08µm
_11889_,3.08µm
_11978_,3.08µm
_11992_,3.08µm
_12034_,3.08µm
_12043_,3.08µm
_12160_,3.08µm
_12217_,3.08µm
_12241_,3.08µm
_12346_,3.08µm
_12375_,3.08µm
_12493_,3.08µm
_12511_,3.08µm
_12554_,3.08µm
_12602_,3.08µm
_12687_,3.08µm
_12722_,3.08µm
_12848_,3.08µm
_12896_,3.08µm
_12908_,3.08µm
_12973_,3.08µm
_13007_,3.08µm
_13104_,3.08µm
_13165_,3.08µm
_13211_,3.08µm
_13314_,3.08µm
_13478_,3.08µm
_13641_,3.08µm
_13648_,3.08µm
_13709_,3.08µm
_13711_,3.08µm
_14010_,3.08µm
r_ptr_gray_meta\[2\],3.08µm
r_ptr_sync_gray\[1\],3.08µm
u_bram.bram\[104\]\[8\],3.08µm
u_bram.bram\[232\]\[28\],3.08µm
u_bram.bram\[236\]\[5\],3.08µm
u_bram.bram\[32\]\[11\],3.08µm
u_bram.bram\[56\]\[11\],3.08µm
_12029_,3.06µm
_00310_,3.055µm
_00561_,3.055µm
_01735_,3.055µm
_06224_,3.055µm
_06337_,3.055µm
_07924_,3.055µm
_07950_,3.055µm
_00335_,3.045µm
_00456_,3.045µm
_00659_,3.045µm
_00754_,3.045µm
_01249_,3.045µm
_01351_,3.045µm
_02114_,3.045µm
_02437_,3.045µm
_02471_,3.045µm
_02479_,3.045µm
_02631_,3.045µm
_02704_,3.045µm
_02706_,3.045µm
_03287_,3.045µm
_03336_,3.045µm
_03646_,3.045µm
_03877_,3.045µm
_04090_,3.045µm
_04365_,3.045µm
_04437_,3.045µm
_04518_,3.045µm
_04698_,3.045µm
_04787_,3.045µm
_04881_,3.045µm
_04924_,3.045µm
_05098_,3.045µm
_05205_,3.045µm
_06236_,3.045µm
_06416_,3.045µm
_06588_,3.045µm
_07011_,3.045µm
_07038_,3.045µm
_07039_,3.045µm
_07899_,3.045µm
_08088_,3.045µm
_08112_,3.045µm
_08121_,3.045µm
_10296_,3.035µm
_00025_,3.005µm
_00045_,3.005µm
_00061_,3.005µm
_00073_,3.005µm
_00127_,3.005µm
_00139_,3.005µm
_00159_,3.005µm
_00192_,3.005µm
_00252_,3.005µm
_00269_,3.005µm
_00362_,3.005µm
_00458_,3.005µm
_00479_,3.005µm
_00484_,3.005µm
_00507_,3.005µm
_00588_,3.005µm
_00657_,3.005µm
_00670_,3.005µm
_00673_,3.005µm
_00676_,3.005µm
_00700_,3.005µm
_00779_,3.005µm
_00815_,3.005µm
_00881_,3.005µm
_00925_,3.005µm
_00951_,3.005µm
_00954_,3.005µm
_00964_,3.005µm
_00979_,3.005µm
_00981_,3.005µm
_01021_,3.005µm
_01030_,3.005µm
_01056_,3.005µm
_01063_,3.005µm
_01072_,3.005µm
_01080_,3.005µm
_01084_,3.005µm
_01096_,3.005µm
_01109_,3.005µm
_01134_,3.005µm
_01203_,3.005µm
_01325_,3.005µm
_01349_,3.005µm
_01408_,3.005µm
_01417_,3.005µm
_01432_,3.005µm
_01553_,3.005µm
_01620_,3.005µm
_01634_,3.005µm
_01684_,3.005µm
_01753_,3.005µm
_01790_,3.005µm
_01794_,3.005µm
_01899_,3.005µm
_01910_,3.005µm
_01945_,3.005µm
_01958_,3.005µm
_01963_,3.005µm
_01999_,3.005µm
_02095_,3.005µm
_02108_,3.005µm
_02140_,3.005µm
_02143_,3.005µm
_02165_,3.005µm
_02274_,3.005µm
_02293_,3.005µm
_02294_,3.005µm
_02325_,3.005µm
_02330_,3.005µm
_02373_,3.005µm
_02425_,3.005µm
_02467_,3.005µm
_02595_,3.005µm
_02705_,3.005µm
_02719_,3.005µm
_02799_,3.005µm
_02911_,3.005µm
_02931_,3.005µm
_02932_,3.005µm
_02963_,3.005µm
_03019_,3.005µm
_03097_,3.005µm
_03108_,3.005µm
_03119_,3.005µm
_03127_,3.005µm
_03242_,3.005µm
_03246_,3.005µm
_03349_,3.005µm
_03443_,3.005µm
_03508_,3.005µm
_03537_,3.005µm
_03551_,3.005µm
_03579_,3.005µm
_03625_,3.005µm
_03641_,3.005µm
_03657_,3.005µm
_03659_,3.005µm
_03672_,3.005µm
_03688_,3.005µm
_03697_,3.005µm
_03760_,3.005µm
_03787_,3.005µm
_03791_,3.005µm
_03826_,3.005µm
_03837_,3.005µm
_03910_,3.005µm
_03922_,3.005µm
_04013_,3.005µm
_04032_,3.005µm
_04063_,3.005µm
_04067_,3.005µm
_04078_,3.005µm
_04088_,3.005µm
_04117_,3.005µm
_04143_,3.005µm
_04177_,3.005µm
_04180_,3.005µm
_04189_,3.005µm
_04223_,3.005µm
_04257_,3.005µm
_04279_,3.005µm
_04334_,3.005µm
_04356_,3.005µm
_04377_,3.005µm
_04407_,3.005µm
_04475_,3.005µm
_04536_,3.005µm
_04544_,3.005µm
_04546_,3.005µm
_04555_,3.005µm
_04567_,3.005µm
_04621_,3.005µm
_04680_,3.005µm
_04721_,3.005µm
_04766_,3.005µm
_04837_,3.005µm
_04844_,3.005µm
_04885_,3.005µm
_04972_,3.005µm
_04992_,3.005µm
_05000_,3.005µm
_05076_,3.005µm
_05137_,3.005µm
_05154_,3.005µm
_05158_,3.005µm
_05166_,3.005µm
_05235_,3.005µm
_05289_,3.005µm
_05375_,3.005µm
_05385_,3.005µm
_05390_,3.005µm
_05423_,3.005µm
_05513_,3.005µm
_05517_,3.005µm
_05602_,3.005µm
_05639_,3.005µm
_05652_,3.005µm
_05671_,3.005µm
_05693_,3.005µm
_05769_,3.005µm
_05808_,3.005µm
_05846_,3.005µm
_05869_,3.005µm
_05895_,3.005µm
_05903_,3.005µm
_05916_,3.005µm
_05920_,3.005µm
_05933_,3.005µm
_06120_,3.005µm
_06123_,3.005µm
_06212_,3.005µm
_06253_,3.005µm
_06299_,3.005µm
_06316_,3.005µm
_06319_,3.005µm
_06326_,3.005µm
_06331_,3.005µm
_06345_,3.005µm
_06487_,3.005µm
_06572_,3.005µm
_06628_,3.005µm
_06656_,3.005µm
_06711_,3.005µm
_06757_,3.005µm
_06861_,3.005µm
_06864_,3.005µm
_06901_,3.005µm
_06949_,3.005µm
_06974_,3.005µm
_07012_,3.005µm
_07052_,3.005µm
_07102_,3.005µm
_07155_,3.005µm
_07181_,3.005µm
_07289_,3.005µm
_07325_,3.005µm
_07326_,3.005µm
_07403_,3.005µm
_07408_,3.005µm
_07414_,3.005µm
_07428_,3.005µm
_07480_,3.005µm
_07519_,3.005µm
_07526_,3.005µm
_07541_,3.005µm
_07607_,3.005µm
_07660_,3.005µm
_07725_,3.005µm
_07798_,3.005µm
_07805_,3.005µm
_07825_,3.005µm
_07829_,3.005µm
_07919_,3.005µm
_07978_,3.005µm
_07993_,3.005µm
_08000_,3.005µm
_08008_,3.005µm
_08014_,3.005µm
_08038_,3.005µm
_08071_,3.005µm
_08125_,3.005µm
_08147_,3.005µm
_08162_,3.005µm
_08202_,3.005µm
_08220_,3.005µm
_12443_,2.99µm
_08706_,2.985µm
_09937_,2.985µm
_11840_,2.985µm
_01139_,2.98µm
_01450_,2.98µm
_01859_,2.98µm
_02388_,2.98µm
_02996_,2.98µm
_03038_,2.98µm
_03318_,2.98µm
_05219_,2.98µm
_05285_,2.98µm
_06264_,2.98µm
_06981_,2.98µm
_07264_,2.98µm
_08297_,2.98µm
_09072_,2.98µm
_09392_,2.98µm
_10260_,2.98µm
_10780_,2.98µm
_11213_,2.98µm
_11336_,2.98µm
_11818_,2.98µm
_12376_,2.98µm
_12439_,2.98µm
_12703_,2.98µm
_13651_,2.98µm
_09136_,2.965µm
_10543_,2.965µm
_10562_,2.965µm
_10694_,2.965µm
_08250_,2.96µm
_08263_,2.96µm
_08562_,2.96µm
_08602_,2.96µm
_08645_,2.96µm
_08753_,2.96µm
_08936_,2.96µm
_08959_,2.96µm
_09075_,2.96µm
_09087_,2.96µm
_09122_,2.96µm
_09134_,2.96µm
_09151_,2.96µm
_09303_,2.96µm
_09333_,2.96µm
_09345_,2.96µm
_09352_,2.96µm
_09389_,2.96µm
_09477_,2.96µm
_09596_,2.96µm
_09673_,2.96µm
_09782_,2.96µm
_09847_,2.96µm
_09996_,2.96µm
_10015_,2.96µm
_10343_,2.96µm
_10355_,2.96µm
_10427_,2.96µm
_10540_,2.96µm
_10626_,2.96µm
_10665_,2.96µm
_10668_,2.96µm
_10738_,2.96µm
_10814_,2.96µm
_10959_,2.96µm
_11381_,2.96µm
_11524_,2.96µm
_11620_,2.96µm
_11647_,2.96µm
_11652_,2.96µm
_11825_,2.96µm
_11867_,2.96µm
_11986_,2.96µm
_12074_,2.96µm
_12099_,2.96µm
_12141_,2.96µm
_12144_,2.96µm
_12248_,2.96µm
_12341_,2.96µm
_12345_,2.96µm
_12355_,2.96µm
_12401_,2.96µm
_12452_,2.96µm
_12517_,2.96µm
_12736_,2.96µm
_12800_,2.96µm
_12873_,2.96µm
_12879_,2.96µm
_12886_,2.96µm
_12930_,2.96µm
_12941_,2.96µm
_12983_,2.96µm
_13047_,2.96µm
_13084_,2.96µm
_13103_,2.96µm
_13147_,2.96µm
_13187_,2.96µm
_13198_,2.96µm
_13217_,2.96µm
_13397_,2.96µm
_13502_,2.96µm
_13542_,2.96µm
_13569_,2.96µm
_13616_,2.96µm
_13622_,2.96µm
_13643_,2.96µm
_13740_,2.96µm
_13743_,2.96µm
_13756_,2.96µm
_13853_,2.96µm
_13897_,2.96µm
_13931_,2.96µm
_14024_,2.96µm
r_ptr_sync_gray\[5\],2.96µm
_01260_,2.955µm
_01293_,2.955µm
_02378_,2.955µm
_02790_,2.955µm
_03412_,2.955µm
_03468_,2.955µm
_03879_,2.955µm
_04550_,2.955µm
_04700_,2.955µm
_05051_,2.955µm
_05708_,2.955µm
_06161_,2.955µm
_06185_,2.955µm
_06458_,2.955µm
_06596_,2.955µm
_06786_,2.955µm
_07532_,2.955µm
_07589_,2.955µm
_11774_,2.955µm
_04169_,2.945µm
_13850_,2.935µm
_00582_,2.885µm
_00701_,2.885µm
_00767_,2.885µm
_00958_,2.885µm
_01455_,2.885µm
_01542_,2.885µm
_01708_,2.885µm
_01733_,2.885µm
_01924_,2.885µm
_02078_,2.885µm
_02092_,2.885µm
_02113_,2.885µm
_02302_,2.885µm
_02337_,2.885µm
_02588_,2.885µm
_02599_,2.885µm
_02607_,2.885µm
_02809_,2.885µm
_02836_,2.885µm
_02894_,2.885µm
_02970_,2.885µm
_03013_,2.885µm
_03060_,2.885µm
_03138_,2.885µm
_03167_,2.885µm
_03338_,2.885µm
_03366_,2.885µm
_03483_,2.885µm
_03519_,2.885µm
_03981_,2.885µm
_03992_,2.885µm
_03995_,2.885µm
_04019_,2.885µm
_04193_,2.885µm
_04503_,2.885µm
_04632_,2.885µm
_04695_,2.885µm
_05200_,2.885µm
_05213_,2.885µm
_05859_,2.885µm
_05932_,2.885µm
_05999_,2.885µm
_06004_,2.885µm
_06234_,2.885µm
_06279_,2.885µm
_06692_,2.885µm
_06725_,2.885µm
_06732_,2.885µm
_06751_,2.885µm
_06819_,2.885µm
_06944_,2.885µm
_06992_,2.885µm
_07396_,2.885µm
_07551_,2.885µm
_07846_,2.885µm
_07885_,2.885µm
_07938_,2.885µm
_07955_,2.885µm
_00189_,2.88µm
_02614_,2.88µm
_04007_,2.88µm
_04033_,2.88µm
_04148_,2.88µm
_05871_,2.88µm
_05872_,2.88µm
_07295_,2.88µm
_08142_,2.88µm
_00027_,2.86µm
_00089_,2.86µm
_00205_,2.86µm
_00285_,2.86µm
_00315_,2.86µm
_00334_,2.86µm
_00578_,2.86µm
_00733_,2.86µm
_00764_,2.86µm
_00946_,2.86µm
_00955_,2.86µm
_01076_,2.86µm
_01121_,2.86µm
_01242_,2.86µm
_01244_,2.86µm
_01306_,2.86µm
_01391_,2.86µm
_01405_,2.86µm
_01471_,2.86µm
_01581_,2.86µm
_01725_,2.86µm
_01743_,2.86µm
_01755_,2.86µm
_01769_,2.86µm
_01877_,2.86µm
_01919_,2.86µm
_01927_,2.86µm
_01985_,2.86µm
_01992_,2.86µm
_02214_,2.86µm
_02241_,2.86µm
_02360_,2.86µm
_02376_,2.86µm
_02617_,2.86µm
_02665_,2.86µm
_02759_,2.86µm
_02763_,2.86µm
_02976_,2.86µm
_03101_,2.86µm
_03166_,2.86µm
_03172_,2.86µm
_03303_,2.86µm
_03379_,2.86µm
_03493_,2.86µm
_03497_,2.86µm
_03552_,2.86µm
_03555_,2.86µm
_03574_,2.86µm
_03629_,2.86µm
_03777_,2.86µm
_03839_,2.86µm
_03988_,2.86µm
_04066_,2.86µm
_04083_,2.86µm
_04240_,2.86µm
_04311_,2.86µm
_04538_,2.86µm
_04568_,2.86µm
_04577_,2.86µm
_04581_,2.86µm
_04684_,2.86µm
_04692_,2.86µm
_04869_,2.86µm
_04875_,2.86µm
_04886_,2.86µm
_05170_,2.86µm
_05253_,2.86µm
_05316_,2.86µm
_05333_,2.86µm
_05349_,2.86µm
_05473_,2.86µm
_05475_,2.86µm
_05490_,2.86µm
_05593_,2.86µm
_05709_,2.86µm
_05795_,2.86µm
_05841_,2.86µm
_05856_,2.86µm
_05865_,2.86µm
_05991_,2.86µm
_06152_,2.86µm
_06378_,2.86µm
_06380_,2.86µm
_06384_,2.86µm
_06496_,2.86µm
_06727_,2.86µm
_06734_,2.86µm
_06735_,2.86µm
_06812_,2.86µm
_07032_,2.86µm
_07071_,2.86µm
_07140_,2.86µm
_07300_,2.86µm
_07368_,2.86µm
_07375_,2.86µm
_07571_,2.86µm
_07659_,2.86µm
_07762_,2.86µm
_07763_,2.86µm
_07862_,2.86µm
_08128_,2.86µm
_08140_,2.86µm
_08622_,2.86µm
_09150_,2.86µm
_09301_,2.86µm
_09373_,2.86µm
_09435_,2.86µm
_09586_,2.86µm
_10123_,2.86µm
_10129_,2.86µm
_10137_,2.86µm
_10232_,2.86µm
_10295_,2.86µm
_10759_,2.86µm
_10888_,2.86µm
_11862_,2.86µm
_11899_,2.86µm
_12553_,2.86µm
_13149_,2.86µm
_13321_,2.86µm
_13741_,2.86µm
_00118_,2.84µm
_08319_,2.84µm
_08603_,2.84µm
_08751_,2.84µm
_08863_,2.84µm
_08987_,2.84µm
_09921_,2.84µm
_10752_,2.84µm
_11282_,2.84µm
_11536_,2.84µm
_12398_,2.84µm
_13435_,2.84µm
_13922_,2.84µm
u_bram.bram\[173\]\[30\],2.84µm
_00132_,2.835µm
_00164_,2.835µm
_00704_,2.835µm
_00944_,2.835µm
_00949_,2.835µm
_01034_,2.835µm
_01116_,2.835µm
_01572_,2.835µm
_01575_,2.835µm
_02173_,2.835µm
_02327_,2.835µm
_03133_,2.835µm
_03226_,2.835µm
_03339_,2.835µm
_03546_,2.835µm
_03660_,2.835µm
_04283_,2.835µm
_05031_,2.835µm
_05187_,2.835µm
_05575_,2.835µm
_06060_,2.835µm
_06698_,2.835µm
_06967_,2.835µm
_07431_,2.835µm
_07820_,2.835µm
_10002_,2.835µm
_09288_,2.8µm
_09634_,2.8µm
_11426_,2.8µm
_13292_,2.8µm
_00808_,2.795µm
_00006_,2.785µm
_00010_,2.785µm
_00013_,2.785µm
_00033_,2.785µm
_00067_,2.785µm
_00080_,2.785µm
_00083_,2.785µm
_00086_,2.785µm
_00088_,2.785µm
_00091_,2.785µm
_00092_,2.785µm
_00099_,2.785µm
_00104_,2.785µm
_00105_,2.785µm
_00107_,2.785µm
_00109_,2.785µm
_00113_,2.785µm
_00124_,2.785µm
_00135_,2.785µm
_00151_,2.785µm
_00160_,2.785µm
_00161_,2.785µm
_00166_,2.785µm
_00188_,2.785µm
_00200_,2.785µm
_00201_,2.785µm
_00203_,2.785µm
_00211_,2.785µm
_00214_,2.785µm
_00216_,2.785µm
_00223_,2.785µm
_00243_,2.785µm
_00245_,2.785µm
_00254_,2.785µm
_00255_,2.785µm
_00258_,2.785µm
_00259_,2.785µm
_00264_,2.785µm
_00265_,2.785µm
_00267_,2.785µm
_00272_,2.785µm
_00281_,2.785µm
_00282_,2.785µm
_00289_,2.785µm
_00354_,2.785µm
_00358_,2.785µm
_00360_,2.785µm
_00377_,2.785µm
_00381_,2.785µm
_00385_,2.785µm
_00391_,2.785µm
_00394_,2.785µm
_00397_,2.785µm
_00404_,2.785µm
_00408_,2.785µm
_00409_,2.785µm
_00417_,2.785µm
_00430_,2.785µm
_00442_,2.785µm
_00477_,2.785µm
_00492_,2.785µm
_00493_,2.785µm
_00497_,2.785µm
_00509_,2.785µm
_00518_,2.785µm
_00523_,2.785µm
_00529_,2.785µm
_00544_,2.785µm
_00551_,2.785µm
_00607_,2.785µm
_00613_,2.785µm
_00624_,2.785µm
_00654_,2.785µm
_00668_,2.785µm
_00679_,2.785µm
_00680_,2.785µm
_00691_,2.785µm
_00707_,2.785µm
_00711_,2.785µm
_00715_,2.785µm
_00729_,2.785µm
_00748_,2.785µm
_00755_,2.785µm
_00784_,2.785µm
_00797_,2.785µm
_00802_,2.785µm
_00827_,2.785µm
_00841_,2.785µm
_00851_,2.785µm
_00872_,2.785µm
_00874_,2.785µm
_00895_,2.785µm
_00911_,2.785µm
_00913_,2.785µm
_00914_,2.785µm
_00930_,2.785µm
_00931_,2.785µm
_00967_,2.785µm
_00983_,2.785µm
_00987_,2.785µm
_00988_,2.785µm
_00998_,2.785µm
_01010_,2.785µm
_01018_,2.785µm
_01023_,2.785µm
_01039_,2.785µm
_01041_,2.785µm
_01042_,2.785µm
_01043_,2.785µm
_01045_,2.785µm
_01047_,2.785µm
_01050_,2.785µm
_01054_,2.785µm
_01062_,2.785µm
_01100_,2.785µm
_01105_,2.785µm
_01131_,2.785µm
_01150_,2.785µm
_01151_,2.785µm
_01171_,2.785µm
_01177_,2.785µm
_01181_,2.785µm
_01182_,2.785µm
_01190_,2.785µm
_01198_,2.785µm
_01200_,2.785µm
_01215_,2.785µm
_01233_,2.785µm
_01246_,2.785µm
_01247_,2.785µm
_01262_,2.785µm
_01273_,2.785µm
_01282_,2.785µm
_01284_,2.785µm
_01285_,2.785µm
_01289_,2.785µm
_01292_,2.785µm
_01317_,2.785µm
_01319_,2.785µm
_01326_,2.785µm
_01328_,2.785µm
_01344_,2.785µm
_01345_,2.785µm
_01348_,2.785µm
_01350_,2.785µm
_01360_,2.785µm
_01379_,2.785µm
_01380_,2.785µm
_01387_,2.785µm
_01393_,2.785µm
_01396_,2.785µm
_01413_,2.785µm
_01414_,2.785µm
_01419_,2.785µm
_01429_,2.785µm
_01451_,2.785µm
_01459_,2.785µm
_01468_,2.785µm
_01488_,2.785µm
_01505_,2.785µm
_01513_,2.785µm
_01516_,2.785µm
_01526_,2.785µm
_01528_,2.785µm
_01532_,2.785µm
_01540_,2.785µm
_01545_,2.785µm
_01546_,2.785µm
_01557_,2.785µm
_01560_,2.785µm
_01569_,2.785µm
_01611_,2.785µm
_01613_,2.785µm
_01630_,2.785µm
_01639_,2.785µm
_01643_,2.785µm
_01644_,2.785µm
_01667_,2.785µm
_01669_,2.785µm
_01680_,2.785µm
_01744_,2.785µm
_01758_,2.785µm
_01764_,2.785µm
_01778_,2.785µm
_01779_,2.785µm
_01781_,2.785µm
_01782_,2.785µm
_01788_,2.785µm
_01796_,2.785µm
_01797_,2.785µm
_01798_,2.785µm
_01821_,2.785µm
_01826_,2.785µm
_01854_,2.785µm
_01860_,2.785µm
_01863_,2.785µm
_01871_,2.785µm
_01878_,2.785µm
_01890_,2.785µm
_01892_,2.785µm
_01894_,2.785µm
_01897_,2.785µm
_01911_,2.785µm
_01918_,2.785µm
_01928_,2.785µm
_01952_,2.785µm
_01954_,2.785µm
_01962_,2.785µm
_01972_,2.785µm
_02016_,2.785µm
_02035_,2.785µm
_02057_,2.785µm
_02089_,2.785µm
_02093_,2.785µm
_02094_,2.785µm
_02100_,2.785µm
_02104_,2.785µm
_02110_,2.785µm
_02123_,2.785µm
_02130_,2.785µm
_02134_,2.785µm
_02137_,2.785µm
_02142_,2.785µm
_02149_,2.785µm
_02154_,2.785µm
_02155_,2.785µm
_02156_,2.785µm
_02164_,2.785µm
_02178_,2.785µm
_02180_,2.785µm
_02193_,2.785µm
_02202_,2.785µm
_02242_,2.785µm
_02271_,2.785µm
_02272_,2.785µm
_02281_,2.785µm
_02291_,2.785µm
_02318_,2.785µm
_02324_,2.785µm
_02333_,2.785µm
_02361_,2.785µm
_02362_,2.785µm
_02382_,2.785µm
_02400_,2.785µm
_02402_,2.785µm
_02403_,2.785µm
_02420_,2.785µm
_02421_,2.785µm
_02422_,2.785µm
_02434_,2.785µm
_02444_,2.785µm
_02452_,2.785µm
_02463_,2.785µm
_02464_,2.785µm
_02466_,2.785µm
_02481_,2.785µm
_02493_,2.785µm
_02498_,2.785µm
_02501_,2.785µm
_02515_,2.785µm
_02527_,2.785µm
_02529_,2.785µm
_02531_,2.785µm
_02537_,2.785µm
_02539_,2.785µm
_02541_,2.785µm
_02551_,2.785µm
_02552_,2.785µm
_02554_,2.785µm
_02562_,2.785µm
_02566_,2.785µm
_02590_,2.785µm
_02604_,2.785µm
_02634_,2.785µm
_02636_,2.785µm
_02641_,2.785µm
_02660_,2.785µm
_02671_,2.785µm
_02687_,2.785µm
_02711_,2.785µm
_02720_,2.785µm
_02729_,2.785µm
_02731_,2.785µm
_02734_,2.785µm
_02745_,2.785µm
_02810_,2.785µm
_02820_,2.785µm
_02822_,2.785µm
_02825_,2.785µm
_02828_,2.785µm
_02830_,2.785µm
_02864_,2.785µm
_02865_,2.785µm
_02873_,2.785µm
_02876_,2.785µm
_02907_,2.785µm
_02918_,2.785µm
_02919_,2.785µm
_02938_,2.785µm
_02944_,2.785µm
_02953_,2.785µm
_02977_,2.785µm
_03004_,2.785µm
_03018_,2.785µm
_03022_,2.785µm
_03030_,2.785µm
_03039_,2.785µm
_03067_,2.785µm
_03083_,2.785µm
_03087_,2.785µm
_03111_,2.785µm
_03112_,2.785µm
_03115_,2.785µm
_03116_,2.785µm
_03121_,2.785µm
_03192_,2.785µm
_03193_,2.785µm
_03199_,2.785µm
_03200_,2.785µm
_03201_,2.785µm
_03220_,2.785µm
_03234_,2.785µm
_03241_,2.785µm
_03244_,2.785µm
_03266_,2.785µm
_03292_,2.785µm
_03295_,2.785µm
_03327_,2.785µm
_03335_,2.785µm
_03377_,2.785µm
_03382_,2.785µm
_03397_,2.785µm
_03402_,2.785µm
_03405_,2.785µm
_03416_,2.785µm
_03419_,2.785µm
_03420_,2.785µm
_03429_,2.785µm
_03437_,2.785µm
_03454_,2.785µm
_03455_,2.785µm
_03456_,2.785µm
_03457_,2.785µm
_03472_,2.785µm
_03531_,2.785µm
_03535_,2.785µm
_03554_,2.785µm
_03564_,2.785µm
_03568_,2.785µm
_03594_,2.785µm
_03610_,2.785µm
_03627_,2.785µm
_03632_,2.785µm
_03635_,2.785µm
_03654_,2.785µm
_03665_,2.785µm
_03670_,2.785µm
_03682_,2.785µm
_03700_,2.785µm
_03712_,2.785µm
_03757_,2.785µm
_03778_,2.785µm
_03781_,2.785µm
_03794_,2.785µm
_03798_,2.785µm
_03813_,2.785µm
_03820_,2.785µm
_03842_,2.785µm
_03850_,2.785µm
_03863_,2.785µm
_03871_,2.785µm
_03881_,2.785µm
_03882_,2.785µm
_03892_,2.785µm
_03906_,2.785µm
_03941_,2.785µm
_03942_,2.785µm
_03943_,2.785µm
_03944_,2.785µm
_03948_,2.785µm
_03968_,2.785µm
_03969_,2.785µm
_03985_,2.785µm
_04011_,2.785µm
_04031_,2.785µm
_04034_,2.785µm
_04054_,2.785µm
_04072_,2.785µm
_04074_,2.785µm
_04129_,2.785µm
_04140_,2.785µm
_04150_,2.785µm
_04156_,2.785µm
_04158_,2.785µm
_04182_,2.785µm
_04187_,2.785µm
_04191_,2.785µm
_04206_,2.785µm
_04220_,2.785µm
_04221_,2.785µm
_04222_,2.785µm
_04237_,2.785µm
_04246_,2.785µm
_04251_,2.785µm
_04256_,2.785µm
_04265_,2.785µm
_04273_,2.785µm
_04280_,2.785µm
_04286_,2.785µm
_04288_,2.785µm
_04295_,2.785µm
_04301_,2.785µm
_04304_,2.785µm
_04306_,2.785µm
_04314_,2.785µm
_04366_,2.785µm
_04373_,2.785µm
_04380_,2.785µm
_04390_,2.785µm
_04411_,2.785µm
_04422_,2.785µm
_04423_,2.785µm
_04438_,2.785µm
_04443_,2.785µm
_04451_,2.785µm
_04453_,2.785µm
_04467_,2.785µm
_04478_,2.785µm
_04480_,2.785µm
_04481_,2.785µm
_04491_,2.785µm
_04498_,2.785µm
_04501_,2.785µm
_04519_,2.785µm
_04522_,2.785µm
_04534_,2.785µm
_04543_,2.785µm
_04591_,2.785µm
_04596_,2.785µm
_04599_,2.785µm
_04604_,2.785µm
_04611_,2.785µm
_04613_,2.785µm
_04627_,2.785µm
_04629_,2.785µm
_04641_,2.785µm
_04702_,2.785µm
_04706_,2.785µm
_04711_,2.785µm
_04727_,2.785µm
_04736_,2.785µm
_04793_,2.785µm
_04813_,2.785µm
_04817_,2.785µm
_04832_,2.785µm
_04835_,2.785µm
_04843_,2.785µm
_04846_,2.785µm
_04853_,2.785µm
_04854_,2.785µm
_04868_,2.785µm
_04877_,2.785µm
_04889_,2.785µm
_04893_,2.785µm
_04894_,2.785µm
_04898_,2.785µm
_04902_,2.785µm
_04913_,2.785µm
_04914_,2.785µm
_04948_,2.785µm
_04952_,2.785µm
_04953_,2.785µm
_04959_,2.785µm
_04973_,2.785µm
_04984_,2.785µm
_04995_,2.785µm
_04997_,2.785µm
_05015_,2.785µm
_05052_,2.785µm
_05053_,2.785µm
_05054_,2.785µm
_05066_,2.785µm
_05073_,2.785µm
_05100_,2.785µm
_05104_,2.785µm
_05109_,2.785µm
_05113_,2.785µm
_05118_,2.785µm
_05126_,2.785µm
_05132_,2.785µm
_05142_,2.785µm
_05143_,2.785µm
_05150_,2.785µm
_05153_,2.785µm
_05162_,2.785µm
_05168_,2.785µm
_05175_,2.785µm
_05190_,2.785µm
_05228_,2.785µm
_05234_,2.785µm
_05240_,2.785µm
_05251_,2.785µm
_05255_,2.785µm
_05257_,2.785µm
_05274_,2.785µm
_05277_,2.785µm
_05279_,2.785µm
_05281_,2.785µm
_05282_,2.785µm
_05287_,2.785µm
_05288_,2.785µm
_05298_,2.785µm
_05311_,2.785µm
_05330_,2.785µm
_05347_,2.785µm
_05356_,2.785µm
_05370_,2.785µm
_05386_,2.785µm
_05389_,2.785µm
_05392_,2.785µm
_05399_,2.785µm
_05400_,2.785µm
_05406_,2.785µm
_05412_,2.785µm
_05413_,2.785µm
_05415_,2.785µm
_05417_,2.785µm
_05418_,2.785µm
_05419_,2.785µm
_05427_,2.785µm
_05431_,2.785µm
_05447_,2.785µm
_05477_,2.785µm
_05482_,2.785µm
_05484_,2.785µm
_05499_,2.785µm
_05504_,2.785µm
_05508_,2.785µm
_05512_,2.785µm
_05514_,2.785µm
_05518_,2.785µm
_05521_,2.785µm
_05531_,2.785µm
_05541_,2.785µm
_05542_,2.785µm
_05546_,2.785µm
_05557_,2.785µm
_05562_,2.785µm
_05603_,2.785µm
_05611_,2.785µm
_05617_,2.785µm
_05633_,2.785µm
_05645_,2.785µm
_05655_,2.785µm
_05672_,2.785µm
_05674_,2.785µm
_05676_,2.785µm
_05690_,2.785µm
_05700_,2.785µm
_05717_,2.785µm
_05731_,2.785µm
_05753_,2.785µm
_05756_,2.785µm
_05781_,2.785µm
_05787_,2.785µm
_05794_,2.785µm
_05797_,2.785µm
_05813_,2.785µm
_05818_,2.785µm
_05822_,2.785µm
_05825_,2.785µm
_05851_,2.785µm
_05852_,2.785µm
_05885_,2.785µm
_05901_,2.785µm
_05913_,2.785µm
_05914_,2.785µm
_05921_,2.785µm
_05926_,2.785µm
_05935_,2.785µm
_05949_,2.785µm
_05950_,2.785µm
_05969_,2.785µm
_05973_,2.785µm
_05996_,2.785µm
_06005_,2.785µm
_06020_,2.785µm
_06035_,2.785µm
_06044_,2.785µm
_06052_,2.785µm
_06064_,2.785µm
_06066_,2.785µm
_06073_,2.785µm
_06075_,2.785µm
_06077_,2.785µm
_06083_,2.785µm
_06086_,2.785µm
_06093_,2.785µm
_06125_,2.785µm
_06164_,2.785µm
_06168_,2.785µm
_06174_,2.785µm
_06179_,2.785µm
_06205_,2.785µm
_06210_,2.785µm
_06260_,2.785µm
_06290_,2.785µm
_06310_,2.785µm
_06328_,2.785µm
_06386_,2.785µm
_06388_,2.785µm
_06395_,2.785µm
_06402_,2.785µm
_06406_,2.785µm
_06414_,2.785µm
_06418_,2.785µm
_06427_,2.785µm
_06441_,2.785µm
_06450_,2.785µm
_06466_,2.785µm
_06494_,2.785µm
_06506_,2.785µm
_06514_,2.785µm
_06515_,2.785µm
_06533_,2.785µm
_06540_,2.785µm
_06542_,2.785µm
_06545_,2.785µm
_06557_,2.785µm
_06560_,2.785µm
_06564_,2.785µm
_06575_,2.785µm
_06587_,2.785µm
_06607_,2.785µm
_06622_,2.785µm
_06623_,2.785µm
_06630_,2.785µm
_06636_,2.785µm
_06665_,2.785µm
_06673_,2.785µm
_06694_,2.785µm
_06720_,2.785µm
_06728_,2.785µm
_06779_,2.785µm
_06781_,2.785µm
_06783_,2.785µm
_06791_,2.785µm
_06803_,2.785µm
_06807_,2.785µm
_06815_,2.785µm
_06818_,2.785µm
_06833_,2.785µm
_06838_,2.785µm
_06846_,2.785µm
_06847_,2.785µm
_06850_,2.785µm
_06855_,2.785µm
_06866_,2.785µm
_06872_,2.785µm
_06886_,2.785µm
_06897_,2.785µm
_06904_,2.785µm
_06908_,2.785µm
_06909_,2.785µm
_06912_,2.785µm
_06926_,2.785µm
_06930_,2.785µm
_06935_,2.785µm
_06937_,2.785µm
_06945_,2.785µm
_06947_,2.785µm
_06953_,2.785µm
_06970_,2.785µm
_06975_,2.785µm
_06979_,2.785µm
_06994_,2.785µm
_06998_,2.785µm
_07022_,2.785µm
_07034_,2.785µm
_07041_,2.785µm
_07048_,2.785µm
_07056_,2.785µm
_07058_,2.785µm
_07072_,2.785µm
_07078_,2.785µm
_07089_,2.785µm
_07090_,2.785µm
_07092_,2.785µm
_07100_,2.785µm
_07104_,2.785µm
_07108_,2.785µm
_07109_,2.785µm
_07116_,2.785µm
_07132_,2.785µm
_07139_,2.785µm
_07152_,2.785µm
_07161_,2.785µm
_07165_,2.785µm
_07167_,2.785µm
_07183_,2.785µm
_07193_,2.785µm
_07201_,2.785µm
_07213_,2.785µm
_07220_,2.785µm
_07224_,2.785µm
_07234_,2.785µm
_07303_,2.785µm
_07308_,2.785µm
_07313_,2.785µm
_07315_,2.785µm
_07318_,2.785µm
_07319_,2.785µm
_07321_,2.785µm
_07322_,2.785µm
_07335_,2.785µm
_07336_,2.785µm
_07343_,2.785µm
_07348_,2.785µm
_07350_,2.785µm
_07353_,2.785µm
_07364_,2.785µm
_07412_,2.785µm
_07416_,2.785µm
_07434_,2.785µm
_07436_,2.785µm
_07440_,2.785µm
_07455_,2.785µm
_07456_,2.785µm
_07463_,2.785µm
_07469_,2.785µm
_07470_,2.785µm
_07477_,2.785µm
_07483_,2.785µm
_07505_,2.785µm
_07506_,2.785µm
_07515_,2.785µm
_07518_,2.785µm
_07527_,2.785µm
_07530_,2.785µm
_07547_,2.785µm
_07550_,2.785µm
_07559_,2.785µm
_07572_,2.785µm
_07579_,2.785µm
_07594_,2.785µm
_07603_,2.785µm
_07622_,2.785µm
_07626_,2.785µm
_07632_,2.785µm
_07635_,2.785µm
_07643_,2.785µm
_07648_,2.785µm
_07650_,2.785µm
_07661_,2.785µm
_07663_,2.785µm
_07670_,2.785µm
_07691_,2.785µm
_07703_,2.785µm
_07712_,2.785µm
_07728_,2.785µm
_07730_,2.785µm
_07746_,2.785µm
_07748_,2.785µm
_07754_,2.785µm
_07765_,2.785µm
_07775_,2.785µm
_07781_,2.785µm
_07790_,2.785µm
_07796_,2.785µm
_07810_,2.785µm
_07828_,2.785µm
_07833_,2.785µm
_07834_,2.785µm
_07835_,2.785µm
_07842_,2.785µm
_07856_,2.785µm
_07867_,2.785µm
_07871_,2.785µm
_07876_,2.785µm
_07901_,2.785µm
_07922_,2.785µm
_07925_,2.785µm
_07958_,2.785µm
_07962_,2.785µm
_07980_,2.785µm
_07990_,2.785µm
_07994_,2.785µm
_07995_,2.785µm
_07996_,2.785µm
_08036_,2.785µm
_08042_,2.785µm
_08065_,2.785µm
_08077_,2.785µm
_08084_,2.785µm
_08085_,2.785µm
_08086_,2.785µm
_08095_,2.785µm
_08100_,2.785µm
_08103_,2.785µm
_08127_,2.785µm
_08129_,2.785µm
_08160_,2.785µm
_08193_,2.785µm
_08199_,2.785µm
_08200_,2.785µm
_08213_,2.785µm
_02215_,2.765µm
_05698_,2.765µm
_06439_,2.765µm
_06952_,2.765µm
_07388_,2.765µm
_03758_,2.76µm
_08783_,2.76µm
_08991_,2.76µm
_09179_,2.76µm
_09687_,2.76µm
_09701_,2.76µm
_09923_,2.76µm
_10009_,2.76µm
_10623_,2.76µm
_10815_,2.76µm
_10876_,2.76µm
_11004_,2.76µm
_11048_,2.76µm
_11487_,2.76µm
_12253_,2.76µm
_12966_,2.76µm
_13508_,2.76µm
_13855_,2.76µm
_13902_,2.76µm
_08618_,2.75µm
_04659_,2.74µm
_04676_,2.74µm
_08790_,2.74µm
_08829_,2.74µm
_08874_,2.74µm
_08896_,2.74µm
_09154_,2.74µm
_09474_,2.74µm
_09478_,2.74µm
_09670_,2.74µm
_10274_,2.74µm
_10342_,2.74µm
_10363_,2.74µm
_10432_,2.74µm
_10582_,2.74µm
_10598_,2.74µm
_10709_,2.74µm
_10794_,2.74µm
_10907_,2.74µm
_11185_,2.74µm
_11383_,2.74µm
_11401_,2.74µm
_11470_,2.74µm
_11749_,2.74µm
_12272_,2.74µm
_12523_,2.74µm
_12613_,2.74µm
_12676_,2.74µm
_12747_,2.74µm
_12872_,2.74µm
_13054_,2.74µm
_13114_,2.74µm
_13299_,2.74µm
_13374_,2.74µm
_13419_,2.74µm
_13805_,2.74µm
_13848_,2.74µm
_04383_,2.735µm
_08545_,2.73µm
_09408_,2.73µm
_11314_,2.73µm
_11382_,2.73µm
_11923_,2.73µm
_08302_,2.72µm
_09024_,2.72µm
_10640_,2.72µm
_00015_,2.715µm
_00019_,2.715µm
_00069_,2.715µm
_00094_,2.715µm
_00176_,2.715µm
_00220_,2.715µm
_00251_,2.715µm
_00352_,2.715µm
_00496_,2.715µm
_00510_,2.715µm
_00559_,2.715µm
_00719_,2.715µm
_00840_,2.715µm
_00905_,2.715µm
_00942_,2.715µm
_00948_,2.715µm
_00995_,2.715µm
_01068_,2.715µm
_01221_,2.715µm
_01279_,2.715µm
_01331_,2.715µm
_01372_,2.715µm
_01440_,2.715µm
_01469_,2.715µm
_01475_,2.715µm
_01476_,2.715µm
_01568_,2.715µm
_01577_,2.715µm
_01584_,2.715µm
_01588_,2.715µm
_01659_,2.715µm
_01706_,2.715µm
_01761_,2.715µm
_01801_,2.715µm
_01804_,2.715µm
_01816_,2.715µm
_01932_,2.715µm
_01998_,2.715µm
_02039_,2.715µm
_02099_,2.715µm
_02213_,2.715µm
_02354_,2.715µm
_02457_,2.715µm
_02494_,2.715µm
_02559_,2.715µm
_02593_,2.715µm
_02783_,2.715µm
_02784_,2.715µm
_02961_,2.715µm
_03073_,2.715µm
_03326_,2.715µm
_03469_,2.715µm
_03471_,2.715µm
_03514_,2.715µm
_03530_,2.715µm
_03606_,2.715µm
_03753_,2.715µm
_03772_,2.715µm
_03829_,2.715µm
_03846_,2.715µm
_03868_,2.715µm
_03937_,2.715µm
_03993_,2.715µm
_04000_,2.715µm
_04202_,2.715µm
_04335_,2.715µm
_04354_,2.715µm
_04580_,2.715µm
_04588_,2.715µm
_04681_,2.715µm
_04701_,2.715µm
_04758_,2.715µm
_04770_,2.715µm
_04795_,2.715µm
_05016_,2.715µm
_05202_,2.715µm
_05335_,2.715µm
_05339_,2.715µm
_05342_,2.715µm
_05351_,2.715µm
_05496_,2.715µm
_05515_,2.715µm
_05554_,2.715µm
_05661_,2.715µm
_05706_,2.715µm
_05857_,2.715µm
_05970_,2.715µm
_05989_,2.715µm
_06006_,2.715µm
_06017_,2.715µm
_06121_,2.715µm
_06184_,2.715µm
_06344_,2.715µm
_06482_,2.715µm
_06733_,2.715µm
_06923_,2.715µm
_07013_,2.715µm
_07111_,2.715µm
_07243_,2.715µm
_07281_,2.715µm
_07454_,2.715µm
_07476_,2.715µm
_07602_,2.715µm
_07702_,2.715µm
_07770_,2.715µm
_07809_,2.715µm
_07838_,2.715µm
_07881_,2.715µm
_08111_,2.715µm
_08148_,2.715µm
_08175_,2.715µm
_08985_,2.715µm
_09849_,2.715µm
_13220_,2.715µm
_00066_,2.705µm
_01252_,2.705µm
_01370_,2.705µm
_02855_,2.705µm
_03575_,2.705µm
_04194_,2.705µm
_04239_,2.705µm
_05319_,2.705µm
_07764_,2.705µm
_09202_,2.68µm
_10042_,2.68µm
_10588_,2.68µm
_11214_,2.68µm
_12793_,2.68µm
_13704_,2.68µm
_00117_,2.665µm
_00508_,2.665µm
_02667_,2.665µm
_06336_,2.665µm
_09889_,2.66µm
_08689_,2.645µm
_10283_,2.645µm
_08732_,2.64µm
_08918_,2.64µm
_09047_,2.64µm
_09065_,2.64µm
_09457_,2.64µm
_09781_,2.64µm
_09932_,2.64µm
_10104_,2.64µm
_10150_,2.64µm
_10831_,2.64µm
_10913_,2.64µm
_11212_,2.64µm
_11319_,2.64µm
_11326_,2.64µm
_11338_,2.64µm
_11490_,2.64µm
_11513_,2.64µm
_11729_,2.64µm
_11759_,2.64µm
_11877_,2.64µm
_11881_,2.64µm
_11925_,2.64µm
_11933_,2.64µm
_12033_,2.64µm
_12142_,2.64µm
_12167_,2.64µm
_12184_,2.64µm
_12366_,2.64µm
_12378_,2.64µm
_12527_,2.64µm
_12550_,2.64µm
_12569_,2.64µm
_12743_,2.64µm
_12859_,2.64µm
_13073_,2.64µm
_13126_,2.64µm
_13222_,2.64µm
_13368_,2.64µm
_13384_,2.64µm
_13633_,2.64µm
_13762_,2.64µm
r_ptr_gray_meta\[7\],2.64µm
_09520_,2.625µm
_10868_,2.625µm
_04656_,2.62µm
_04670_,2.62µm
_04678_,2.62µm
_08266_,2.62µm
_08815_,2.62µm
_08880_,2.62µm
_08916_,2.62µm
_08969_,2.62µm
_09048_,2.62µm
_09099_,2.62µm
_09121_,2.62µm
_09127_,2.62µm
_09192_,2.62µm
_09226_,2.62µm
_09246_,2.62µm
_09407_,2.62µm
_09507_,2.62µm
_09524_,2.62µm
_09594_,2.62µm
_09600_,2.62µm
_09659_,2.62µm
_09679_,2.62µm
_09715_,2.62µm
_09731_,2.62µm
_09898_,2.62µm
_09900_,2.62µm
_09957_,2.62µm
_10031_,2.62µm
_10046_,2.62µm
_10087_,2.62µm
_10193_,2.62µm
_10230_,2.62µm
_10243_,2.62µm
_10268_,2.62µm
_10428_,2.62µm
_10479_,2.62µm
_10507_,2.62µm
_10545_,2.62µm
_10613_,2.62µm
_10669_,2.62µm
_10697_,2.62µm
_10819_,2.62µm
_10952_,2.62µm
_11025_,2.62µm
_11130_,2.62µm
_11155_,2.62µm
_11170_,2.62µm
_11259_,2.62µm
_11335_,2.62µm
_11348_,2.62µm
_11371_,2.62µm
_11467_,2.62µm
_11662_,2.62µm
_11672_,2.62µm
_11713_,2.62µm
_11719_,2.62µm
_11799_,2.62µm
_12030_,2.62µm
_12096_,2.62µm
_12239_,2.62µm
_12309_,2.62µm
_12371_,2.62µm
_12583_,2.62µm
_12658_,2.62µm
_12662_,2.62µm
_12683_,2.62µm
_12838_,2.62µm
_12877_,2.62µm
_12898_,2.62µm
_12931_,2.62µm
_12987_,2.62µm
_13189_,2.62µm
_13312_,2.62µm
_13319_,2.62µm
_13404_,2.62µm
_13425_,2.62µm
_13448_,2.62µm
_13459_,2.62µm
_13467_,2.62µm
_13498_,2.62µm
_13505_,2.62µm
_13524_,2.62µm
_13550_,2.62µm
_13554_,2.62µm
_13682_,2.62µm
_13729_,2.62µm
_13750_,2.62µm
_13795_,2.62µm
_13835_,2.62µm
_13937_,2.62µm
_14008_,2.62µm
u_bram.bram\[233\]\[13\],2.62µm
_00306_,2.6µm
_00517_,2.595µm
_01044_,2.595µm
_01202_,2.595µm
_01872_,2.595µm
_03194_,2.595µm
_03990_,2.595µm
_04602_,2.595µm
_05237_,2.595µm
_05572_,2.595µm
_06199_,2.595µm
_06339_,2.595µm
_07633_,2.595µm
_00250_,2.585µm
_00257_,2.585µm
_00284_,2.585µm
_00301_,2.585µm
_00540_,2.585µm
_00681_,2.585µm
_00877_,2.585µm
_00879_,2.585µm
_01280_,2.585µm
_01576_,2.585µm
_02230_,2.585µm
_02309_,2.585µm
_02329_,2.585µm
_02506_,2.585µm
_02512_,2.585µm
_02610_,2.585µm
_02651_,2.585µm
_02850_,2.585µm
_03171_,2.585µm
_03485_,2.585µm
_03774_,2.585µm
_03795_,2.585µm
_03875_,2.585µm
_03932_,2.585µm
_04056_,2.585µm
_04332_,2.585µm
_04547_,2.585µm
_04598_,2.585µm
_04636_,2.585µm
_04742_,2.585µm
_04779_,2.585µm
_04975_,2.585µm
_04979_,2.585µm
_05096_,2.585µm
_05248_,2.585µm
_05336_,2.585µm
_05498_,2.585µm
_06034_,2.585µm
_06246_,2.585µm
_06258_,2.585µm
_06287_,2.585µm
_06358_,2.585µm
_06483_,2.585µm
_06548_,2.585µm
_06680_,2.585µm
_06747_,2.585µm
_07146_,2.585µm
_07542_,2.585µm
_07561_,2.585µm
_07767_,2.585µm
_08169_,2.585µm
_08173_,2.585µm
_00011_,2.545µm
_00018_,2.545µm
_00040_,2.545µm
_00082_,2.545µm
_00108_,2.545µm
_00140_,2.545µm
_00180_,2.545µm
_00198_,2.545µm
_00199_,2.545µm
_00260_,2.545µm
_00323_,2.545µm
_00324_,2.545µm
_00325_,2.545µm
_00434_,2.545µm
_00444_,2.545µm
_00449_,2.545µm
_00485_,2.545µm
_00494_,2.545µm
_00506_,2.545µm
_00520_,2.545µm
_00549_,2.545µm
_00580_,2.545µm
_00590_,2.545µm
_00664_,2.545µm
_00742_,2.545µm
_00753_,2.545µm
_00816_,2.545µm
_00833_,2.545µm
_00835_,2.545µm
_00918_,2.545µm
_00935_,2.545µm
_00939_,2.545µm
_00960_,2.545µm
_00968_,2.545µm
_01077_,2.545µm
_01082_,2.545µm
_01086_,2.545µm
_01193_,2.545µm
_01208_,2.545µm
_01216_,2.545µm
_01343_,2.545µm
_01369_,2.545µm
_01374_,2.545µm
_01406_,2.545µm
_01415_,2.545µm
_01421_,2.545µm
_01466_,2.545µm
_01480_,2.545µm
_01481_,2.545µm
_01530_,2.545µm
_01537_,2.545µm
_01606_,2.545µm
_01625_,2.545µm
_01658_,2.545µm
_01802_,2.545µm
_01981_,2.545µm
_01996_,2.545µm
_02002_,2.545µm
_02008_,2.545µm
_02061_,2.545µm
_02065_,2.545µm
_02171_,2.545µm
_02183_,2.545µm
_02205_,2.545µm
_02208_,2.545µm
_02244_,2.545µm
_02383_,2.545µm
_02546_,2.545µm
_02611_,2.545µm
_02619_,2.545µm
_02620_,2.545µm
_02633_,2.545µm
_02657_,2.545µm
_02762_,2.545µm
_02764_,2.545µm
_02770_,2.545µm
_02776_,2.545µm
_02778_,2.545µm
_02786_,2.545µm
_02788_,2.545µm
_02863_,2.545µm
_02884_,2.545µm
_02888_,2.545µm
_02909_,2.545µm
_02921_,2.545µm
_02925_,2.545µm
_02960_,2.545µm
_02978_,2.545µm
_02980_,2.545µm
_02981_,2.545µm
_02995_,2.545µm
_03000_,2.545µm
_03001_,2.545µm
_03061_,2.545µm
_03074_,2.545µm
_03103_,2.545µm
_03110_,2.545µm
_03146_,2.545µm
_03154_,2.545µm
_03159_,2.545µm
_03183_,2.545µm
_03249_,2.545µm
_03272_,2.545µm
_03312_,2.545µm
_03347_,2.545µm
_03369_,2.545µm
_03380_,2.545µm
_03398_,2.545µm
_03459_,2.545µm
_03463_,2.545µm
_03465_,2.545µm
_03484_,2.545µm
_03501_,2.545µm
_03533_,2.545µm
_03538_,2.545µm
_03540_,2.545µm
_03563_,2.545µm
_03591_,2.545µm
_03617_,2.545µm
_03693_,2.545µm
_03721_,2.545µm
_03728_,2.545µm
_03763_,2.545µm
_03764_,2.545µm
_03773_,2.545µm
_03831_,2.545µm
_03847_,2.545µm
_03864_,2.545µm
_03872_,2.545µm
_03924_,2.545µm
_03957_,2.545µm
_03962_,2.545µm
_03984_,2.545µm
_04165_,2.545µm
_04170_,2.545µm
_04216_,2.545µm
_04245_,2.545µm
_04272_,2.545µm
_04277_,2.545µm
_04285_,2.545µm
_04302_,2.545µm
_04341_,2.545µm
_04349_,2.545µm
_04372_,2.545µm
_04385_,2.545µm
_04398_,2.545µm
_04449_,2.545µm
_04450_,2.545µm
_04476_,2.545µm
_04494_,2.545µm
_04564_,2.545µm
_04594_,2.545µm
_04748_,2.545µm
_04757_,2.545µm
_04788_,2.545µm
_04804_,2.545µm
_04825_,2.545µm
_04839_,2.545µm
_04901_,2.545µm
_05008_,2.545µm
_05074_,2.545µm
_05085_,2.545µm
_05121_,2.545µm
_05128_,2.545µm
_05138_,2.545µm
_05191_,2.545µm
_05194_,2.545µm
_05247_,2.545µm
_05420_,2.545µm
_05457_,2.545µm
_05464_,2.545µm
_05585_,2.545µm
_05597_,2.545µm
_05609_,2.545µm
_05640_,2.545µm
_05722_,2.545µm
_05796_,2.545µm
_05831_,2.545µm
_05854_,2.545µm
_05917_,2.545µm
_05974_,2.545µm
_05981_,2.545µm
_05983_,2.545µm
_05984_,2.545µm
_05990_,2.545µm
_06003_,2.545µm
_06011_,2.545µm
_06013_,2.545µm
_06175_,2.545µm
_06217_,2.545µm
_06230_,2.545µm
_06256_,2.545µm
_06257_,2.545µm
_06263_,2.545µm
_06311_,2.545µm
_06335_,2.545µm
_06362_,2.545µm
_06364_,2.545µm
_06365_,2.545µm
_06366_,2.545µm
_06373_,2.545µm
_06413_,2.545µm
_06471_,2.545µm
_06485_,2.545µm
_06486_,2.545µm
_06497_,2.545µm
_06513_,2.545µm
_06530_,2.545µm
_06532_,2.545µm
_06600_,2.545µm
_06606_,2.545µm
_06609_,2.545µm
_06619_,2.545µm
_06641_,2.545µm
_06670_,2.545µm
_06699_,2.545µm
_06704_,2.545µm
_06845_,2.545µm
_06987_,2.545µm
_07015_,2.545µm
_07119_,2.545µm
_07121_,2.545µm
_07124_,2.545µm
_07143_,2.545µm
_07166_,2.545µm
_07197_,2.545µm
_07257_,2.545µm
_07261_,2.545µm
_07265_,2.545µm
_07267_,2.545µm
_07337_,2.545µm
_07419_,2.545µm
_07606_,2.545µm
_07629_,2.545µm
_07705_,2.545µm
_07714_,2.545µm
_07715_,2.545µm
_07720_,2.545µm
_07778_,2.545µm
_07860_,2.545µm
_07883_,2.545µm
_07890_,2.545µm
_07902_,2.545µm
_07907_,2.545µm
_07912_,2.545µm
_07971_,2.545µm
_07982_,2.545µm
_08007_,2.545µm
_08013_,2.545µm
_08053_,2.545µm
_08063_,2.545µm
_08136_,2.545µm
_08138_,2.545µm
_13634_,2.53µm
_13226_,2.525µm
_00512_,2.52µm
_00726_,2.52µm
_00848_,2.52µm
_01255_,2.52µm
_01694_,2.52µm
_02063_,2.52µm
_02913_,2.52µm
_03124_,2.52µm
_04525_,2.52µm
_05432_,2.52µm
_06925_,2.52µm
_07612_,2.52µm
_07936_,2.52µm
_08805_,2.52µm
_09124_,2.52µm
_09386_,2.52µm
_10086_,2.52µm
_10124_,2.52µm
_11120_,2.52µm
_11640_,2.52µm
_11646_,2.52µm
_12332_,2.52µm
_12510_,2.52µm
_13716_,2.52µm
_13913_,2.52µm
r_ptr_gray_meta\[5\],2.52µm
_09675_,2.505µm
_11280_,2.505µm
_13659_,2.505µm
_04647_,2.5µm
_08561_,2.5µm
_08647_,2.5µm
_08678_,2.5µm
_08693_,2.5µm
_08717_,2.5µm
_08731_,2.5µm
_08807_,2.5µm
_08811_,2.5µm
_08848_,2.5µm
_08882_,2.5µm
_08903_,2.5µm
_09046_,2.5µm
_09120_,2.5µm
_09218_,2.5µm
_09220_,2.5µm
_09292_,2.5µm
_09313_,2.5µm
_09332_,2.5µm
_09535_,2.5µm
_09618_,2.5µm
_09697_,2.5µm
_09735_,2.5µm
_09737_,2.5µm
_09754_,2.5µm
_09777_,2.5µm
_09866_,2.5µm
_10000_,2.5µm
_10092_,2.5µm
_10099_,2.5µm
_10126_,2.5µm
_10158_,2.5µm
_10247_,2.5µm
_10258_,2.5µm
_10266_,2.5µm
_10297_,2.5µm
_10332_,2.5µm
_10364_,2.5µm
_10392_,2.5µm
_10418_,2.5µm
_10433_,2.5µm
_10473_,2.5µm
_10506_,2.5µm
_10620_,2.5µm
_10755_,2.5µm
_10802_,2.5µm
_10894_,2.5µm
_10955_,2.5µm
_10988_,2.5µm
_11032_,2.5µm
_11045_,2.5µm
_11065_,2.5µm
_11100_,2.5µm
_11162_,2.5µm
_11175_,2.5µm
_11232_,2.5µm
_11252_,2.5µm
_11275_,2.5µm
_11337_,2.5µm
_11339_,2.5µm
_11380_,2.5µm
_11441_,2.5µm
_11449_,2.5µm
_11500_,2.5µm
_11506_,2.5µm
_11564_,2.5µm
_11890_,2.5µm
_11900_,2.5µm
_12095_,2.5µm
_12108_,2.5µm
_12170_,2.5µm
_12261_,2.5µm
_12344_,2.5µm
_12358_,2.5µm
_12592_,2.5µm
_12626_,2.5µm
_12682_,2.5µm
_12723_,2.5µm
_12766_,2.5µm
_12798_,2.5µm
_12904_,2.5µm
_12943_,2.5µm
_13163_,2.5µm
_13303_,2.5µm
_13307_,2.5µm
_13327_,2.5µm
_13380_,2.5µm
_13441_,2.5µm
_13611_,2.5µm
_13654_,2.5µm
_13681_,2.5µm
_13684_,2.5µm
_13816_,2.5µm
_13842_,2.5µm
_13847_,2.5µm
_13895_,2.5µm
_14011_,2.5µm
_00787_,2.495µm
_00982_,2.495µm
_01716_,2.495µm
_03002_,2.495µm
_03122_,2.495µm
_04294_,2.495µm
_04635_,2.495µm
_06407_,2.495µm
_07262_,2.495µm
_08190_,2.495µm
_13906_,2.495µm
_00225_,2.485µm
_00650_,2.485µm
_01004_,2.485µm
_01049_,2.485µm
_01088_,2.485µm
_01133_,2.485µm
_01204_,2.485µm
_01207_,2.485µm
_01214_,2.485µm
_01499_,2.485µm
_02508_,2.485µm
_02594_,2.485µm
_02727_,2.485µm
_03077_,2.485µm
_03324_,2.485µm
_03550_,2.485µm
_03616_,2.485µm
_03838_,2.485µm
_03967_,2.485µm
_03979_,2.485µm
_04001_,2.485µm
_04289_,2.485µm
_04298_,2.485µm
_04374_,2.485µm
_04756_,2.485µm
_05720_,2.485µm
_06101_,2.485µm
_06137_,2.485µm
_06324_,2.485µm
_06528_,2.485µm
_06736_,2.485µm
_06752_,2.485µm
_07421_,2.485µm
_07892_,2.485µm
_08181_,2.485µm
_04658_,2.465µm
r_ptr_gray\[1\],2.465µm
_02701_,2.425µm
_03046_,2.425µm
_03206_,2.425µm
_03237_,2.425µm
_03565_,2.425µm
_00022_,2.42µm
_00100_,2.42µm
_00185_,2.42µm
_00555_,2.42µm
_00736_,2.42µm
_01663_,2.42µm
_02253_,2.42µm
_02320_,2.42µm
_02592_,2.42µm
_02997_,2.42µm
_03157_,2.42µm
_03582_,2.42µm
_04091_,2.42µm
_04164_,2.42µm
_04703_,2.42µm
_05203_,2.42µm
_05488_,2.42µm
_05492_,2.42µm
_05824_,2.42µm
_06141_,2.42µm
_06363_,2.42µm
_06790_,2.42µm
_06809_,2.42µm
_07147_,2.42µm
_07387_,2.42µm
_07402_,2.42µm
_08001_,2.42µm
_08026_,2.42µm
_08055_,2.42µm
_08271_,2.4µm
_09156_,2.4µm
_09381_,2.4µm
_09479_,2.4µm
_09545_,2.4µm
_09792_,2.4µm
_10049_,2.4µm
_10269_,2.4µm
_10450_,2.4µm
_10478_,2.4µm
_10534_,2.4µm
_10587_,2.4µm
_10643_,2.4µm
_11031_,2.4µm
_11763_,2.4µm
_13566_,2.4µm
_08580_,2.39µm
_09370_,2.39µm
_09763_,2.39µm
_09931_,2.39µm
_12189_,2.39µm
_13567_,2.39µm
_13738_,2.39µm
_08770_,2.38µm
_09216_,2.38µm
_00064_,2.375µm
_00065_,2.375µm
_00186_,2.375µm
_00219_,2.375µm
_00318_,2.375µm
_00339_,2.375µm
_00340_,2.375µm
_00460_,2.375µm
_00467_,2.375µm
_00630_,2.375µm
_00647_,2.375µm
_01115_,2.375µm
_01236_,2.375µm
_01489_,2.375µm
_01492_,2.375µm
_01506_,2.375µm
_01509_,2.375µm
_02023_,2.375µm
_02146_,2.375µm
_02332_,2.375µm
_02389_,2.375µm
_02591_,2.375µm
_02626_,2.375µm
_02951_,2.375µm
_02998_,2.375µm
_03143_,2.375µm
_03161_,2.375µm
_03181_,2.375µm
_03189_,2.375µm
_03268_,2.375µm
_03395_,2.375µm
_03434_,2.375µm
_03489_,2.375µm
_03768_,2.375µm
_03782_,2.375µm
_03797_,2.375µm
_03878_,2.375µm
_03908_,2.375µm
_03986_,2.375µm
_04014_,2.375µm
_04022_,2.375µm
_04236_,2.375µm
_04310_,2.375µm
_04358_,2.375µm
_04903_,2.375µm
_05083_,2.375µm
_05156_,2.375µm
_05174_,2.375µm
_05193_,2.375µm
_05220_,2.375µm
_05261_,2.375µm
_05323_,2.375µm
_05343_,2.375µm
_05470_,2.375µm
_05471_,2.375µm
_05501_,2.375µm
_05653_,2.375µm
_05682_,2.375µm
_05764_,2.375µm
_05835_,2.375µm
_05849_,2.375µm
_05995_,2.375µm
_06128_,2.375µm
_06307_,2.375µm
_06312_,2.375µm
_06474_,2.375µm
_06507_,2.375µm
_06567_,2.375µm
_06716_,2.375µm
_06849_,2.375µm
_06854_,2.375µm
_07219_,2.375µm
_07249_,2.375µm
_07284_,2.375µm
_07294_,2.375µm
_07426_,2.375µm
_07701_,2.375µm
_07739_,2.375µm
_07837_,2.375µm
_08022_,2.375µm
_08054_,2.375µm
_09480_,2.375µm
_12812_,2.375µm
_11714_,2.34µm
_12447_,2.34µm
_00021_,2.325µm
_00054_,2.325µm
_00058_,2.325µm
_00070_,2.325µm
_00074_,2.325µm
_00110_,2.325µm
_00119_,2.325µm
_00131_,2.325µm
_00134_,2.325µm
_00183_,2.325µm
_00226_,2.325µm
_00228_,2.325µm
_00229_,2.325µm
_00234_,2.325µm
_00266_,2.325µm
_00270_,2.325µm
_00296_,2.325µm
_00398_,2.325µm
_00440_,2.325µm
_00446_,2.325µm
_00469_,2.325µm
_00472_,2.325µm
_00498_,2.325µm
_00525_,2.325µm
_00541_,2.325µm
_00542_,2.325µm
_00621_,2.325µm
_00775_,2.325µm
_00823_,2.325µm
_00849_,2.325µm
_00887_,2.325µm
_00902_,2.325µm
_00934_,2.325µm
_00937_,2.325µm
_00950_,2.325µm
_01011_,2.325µm
_01092_,2.325µm
_01097_,2.325µm
_01167_,2.325µm
_01174_,2.325µm
_01186_,2.325µm
_01192_,2.325µm
_01197_,2.325µm
_01251_,2.325µm
_01329_,2.325µm
_01333_,2.325µm
_01367_,2.325µm
_01373_,2.325µm
_01375_,2.325µm
_01404_,2.325µm
_01441_,2.325µm
_01447_,2.325µm
_01452_,2.325µm
_01462_,2.325µm
_01464_,2.325µm
_01478_,2.325µm
_01485_,2.325µm
_01497_,2.325µm
_01521_,2.325µm
_01587_,2.325µm
_01635_,2.325µm
_01650_,2.325µm
_01652_,2.325µm
_01670_,2.325µm
_01682_,2.325µm
_01715_,2.325µm
_01736_,2.325µm
_01738_,2.325µm
_01774_,2.325µm
_01809_,2.325µm
_01811_,2.325µm
_01833_,2.325µm
_01846_,2.325µm
_01847_,2.325µm
_01852_,2.325µm
_01858_,2.325µm
_01902_,2.325µm
_01922_,2.325µm
_01936_,2.325µm
_01965_,2.325µm
_01989_,2.325µm
_02003_,2.325µm
_02012_,2.325µm
_02021_,2.325µm
_02129_,2.325µm
_02157_,2.325µm
_02203_,2.325µm
_02207_,2.325µm
_02280_,2.325µm
_02284_,2.325µm
_02304_,2.325µm
_02314_,2.325µm
_02331_,2.325µm
_02347_,2.325µm
_02371_,2.325µm
_02386_,2.325µm
_02426_,2.325µm
_02438_,2.325µm
_02450_,2.325µm
_02482_,2.325µm
_02491_,2.325µm
_02495_,2.325µm
_02503_,2.325µm
_02522_,2.325µm
_02538_,2.325µm
_02543_,2.325µm
_02589_,2.325µm
_02629_,2.325µm
_02637_,2.325µm
_02685_,2.325µm
_02693_,2.325µm
_02695_,2.325µm
_02698_,2.325µm
_02718_,2.325µm
_02802_,2.325µm
_02807_,2.325µm
_02827_,2.325µm
_02829_,2.325µm
_02833_,2.325µm
_02835_,2.325µm
_02874_,2.325µm
_02877_,2.325µm
_02900_,2.325µm
_02916_,2.325µm
_02943_,2.325µm
_02993_,2.325µm
_03012_,2.325µm
_03015_,2.325µm
_03016_,2.325µm
_03052_,2.325µm
_03078_,2.325µm
_03099_,2.325µm
_03113_,2.325µm
_03117_,2.325µm
_03129_,2.325µm
_03137_,2.325µm
_03147_,2.325µm
_03222_,2.325µm
_03228_,2.325µm
_03230_,2.325µm
_03281_,2.325µm
_03293_,2.325µm
_03294_,2.325µm
_03316_,2.325µm
_03388_,2.325µm
_03428_,2.325µm
_03507_,2.325µm
_03512_,2.325µm
_03573_,2.325µm
_03584_,2.325µm
_03615_,2.325µm
_03622_,2.325µm
_03631_,2.325µm
_03650_,2.325µm
_03694_,2.325µm
_03696_,2.325µm
_03710_,2.325µm
_03769_,2.325µm
_03819_,2.325µm
_03833_,2.325µm
_03904_,2.325µm
_03920_,2.325µm
_03925_,2.325µm
_03928_,2.325µm
_03936_,2.325µm
_03970_,2.325µm
_03976_,2.325µm
_03999_,2.325µm
_04012_,2.325µm
_04042_,2.325µm
_04049_,2.325µm
_04100_,2.325µm
_04110_,2.325µm
_04139_,2.325µm
_04142_,2.325µm
_04154_,2.325µm
_04173_,2.325µm
_04185_,2.325µm
_04192_,2.325µm
_04199_,2.325µm
_04282_,2.325µm
_04337_,2.325µm
_04344_,2.325µm
_04353_,2.325µm
_04367_,2.325µm
_04370_,2.325µm
_04406_,2.325µm
_04415_,2.325µm
_04442_,2.325µm
_04445_,2.325µm
_04447_,2.325µm
_04472_,2.325µm
_04509_,2.325µm
_04517_,2.325µm
_04523_,2.325µm
_04531_,2.325µm
_04566_,2.325µm
_04638_,2.325µm
_04683_,2.325µm
_04688_,2.325µm
_04728_,2.325µm
_04750_,2.325µm
_04759_,2.325µm
_04760_,2.325µm
_04816_,2.325µm
_04828_,2.325µm
_04850_,2.325µm
_04880_,2.325µm
_04883_,2.325µm
_04884_,2.325µm
_04909_,2.325µm
_04994_,2.325µm
_05010_,2.325µm
_05097_,2.325µm
_05122_,2.325µm
_05167_,2.325µm
_05176_,2.325µm
_05178_,2.325µm
_05206_,2.325µm
_05214_,2.325µm
_05244_,2.325µm
_05259_,2.325µm
_05296_,2.325µm
_05329_,2.325µm
_05338_,2.325µm
_05354_,2.325µm
_05402_,2.325µm
_05424_,2.325µm
_05434_,2.325µm
_05444_,2.325µm
_05452_,2.325µm
_05487_,2.325µm
_05563_,2.325µm
_05576_,2.325µm
_05595_,2.325µm
_05623_,2.325µm
_05626_,2.325µm
_05634_,2.325µm
_05636_,2.325µm
_05684_,2.325µm
_05733_,2.325µm
_05735_,2.325µm
_05743_,2.325µm
_05766_,2.325µm
_05776_,2.325µm
_05820_,2.325µm
_05833_,2.325µm
_05834_,2.325µm
_05842_,2.325µm
_05893_,2.325µm
_05912_,2.325µm
_05937_,2.325µm
_05945_,2.325µm
_05972_,2.325µm
_06002_,2.325µm
_06024_,2.325µm
_06036_,2.325µm
_06040_,2.325µm
_06045_,2.325µm
_06057_,2.325µm
_06072_,2.325µm
_06080_,2.325µm
_06089_,2.325µm
_06106_,2.325µm
_06149_,2.325µm
_06154_,2.325µm
_06176_,2.325µm
_06192_,2.325µm
_06266_,2.325µm
_06318_,2.325µm
_06332_,2.325µm
_06387_,2.325µm
_06392_,2.325µm
_06420_,2.325µm
_06440_,2.325µm
_06512_,2.325µm
_06585_,2.325µm
_06603_,2.325µm
_06612_,2.325µm
_06640_,2.325µm
_06642_,2.325µm
_06646_,2.325µm
_06659_,2.325µm
_06676_,2.325µm
_06718_,2.325µm
_06776_,2.325µm
_06862_,2.325µm
_06869_,2.325µm
_06893_,2.325µm
_06899_,2.325µm
_06928_,2.325µm
_06938_,2.325µm
_06966_,2.325µm
_06983_,2.325µm
_07005_,2.325µm
_07025_,2.325µm
_07027_,2.325µm
_07036_,2.325µm
_07044_,2.325µm
_07061_,2.325µm
_07076_,2.325µm
_07091_,2.325µm
_07093_,2.325µm
_07131_,2.325µm
_07174_,2.325µm
_07192_,2.325µm
_07207_,2.325µm
_07218_,2.325µm
_07266_,2.325µm
_07276_,2.325µm
_07279_,2.325µm
_07433_,2.325µm
_07435_,2.325µm
_07458_,2.325µm
_07489_,2.325µm
_07495_,2.325µm
_07516_,2.325µm
_07531_,2.325µm
_07544_,2.325µm
_07558_,2.325µm
_07577_,2.325µm
_07584_,2.325µm
_07588_,2.325µm
_07615_,2.325µm
_07681_,2.325µm
_07690_,2.325µm
_07713_,2.325µm
_07744_,2.325µm
_07766_,2.325µm
_07773_,2.325µm
_07795_,2.325µm
_07819_,2.325µm
_07841_,2.325µm
_07939_,2.325µm
_07969_,2.325µm
_08018_,2.325µm
_08072_,2.325µm
_08076_,2.325µm
_08104_,2.325µm
_08113_,2.325µm
_08118_,2.325µm
_08123_,2.325µm
_08149_,2.325µm
_08156_,2.325µm
_08161_,2.325µm
_08191_,2.325µm
_08196_,2.325µm
r_ptr_gray\[2\],2.305µm
_08600_,2.3µm
_08615_,2.3µm
_08687_,2.3µm
_08712_,2.3µm
_08776_,2.3µm
_08865_,2.3µm
_09180_,2.3µm
_09222_,2.3µm
_09243_,2.3µm
_09319_,2.3µm
_09400_,2.3µm
_09466_,2.3µm
_09574_,2.3µm
_09640_,2.3µm
_09664_,2.3µm
_09682_,2.3µm
_09713_,2.3µm
_09727_,2.3µm
_09791_,2.3µm
_09855_,2.3µm
_09874_,2.3µm
_09916_,2.3µm
_09922_,2.3µm
_10040_,2.3µm
_10275_,2.3µm
_10309_,2.3µm
_10354_,2.3µm
_10454_,2.3µm
_10501_,2.3µm
_10843_,2.3µm
_10895_,2.3µm
_10914_,2.3µm
_10960_,2.3µm
_10971_,2.3µm
_10986_,2.3µm
_11046_,2.3µm
_11116_,2.3µm
_11134_,2.3µm
_11413_,2.3µm
_11420_,2.3µm
_11534_,2.3µm
_11535_,2.3µm
_11544_,2.3µm
_11567_,2.3µm
_11744_,2.3µm
_11826_,2.3µm
_11982_,2.3µm
_12016_,2.3µm
_12138_,2.3µm
_12281_,2.3µm
_12325_,2.3µm
_12389_,2.3µm
_12404_,2.3µm
_12490_,2.3µm
_12519_,2.3µm
_12560_,2.3µm
_12577_,2.3µm
_12632_,2.3µm
_12795_,2.3µm
_12909_,2.3µm
_13040_,2.3µm
_13052_,2.3µm
_13111_,2.3µm
_13285_,2.3µm
_13491_,2.3µm
_13657_,2.3µm
_13845_,2.3µm
_13923_,2.3µm
_13969_,2.3µm
_14006_,2.3µm
_08686_,2.28µm
_08958_,2.28µm
_09071_,2.28µm
_09495_,2.28µm
_09564_,2.28µm
_09580_,2.28µm
_10171_,2.28µm
_10426_,2.28µm
_10500_,2.28µm
_10560_,2.28µm
_10741_,2.28µm
_10847_,2.28µm
_10863_,2.28µm
_10884_,2.28µm
_10931_,2.28µm
_11145_,2.28µm
_11189_,2.28µm
_11277_,2.28µm
_11318_,2.28µm
_11633_,2.28µm
_11728_,2.28µm
_11772_,2.28µm
_11810_,2.28µm
_11831_,2.28µm
_11832_,2.28µm
_11984_,2.28µm
_12187_,2.28µm
_12270_,2.28µm
_12314_,2.28µm
_12330_,2.28µm
_12489_,2.28µm
_12782_,2.28µm
_12791_,2.28µm
_13155_,2.28µm
_13479_,2.28µm
_13632_,2.28µm
_13656_,2.28µm
_13661_,2.28µm
_13742_,2.28µm
_13777_,2.28µm
_13943_,2.28µm
w_ptr_gray_meta\[0\],2.28µm
_08960_,2.27µm
_12015_,2.27µm
_12532_,2.27µm
_12768_,2.27µm
_00502_,2.255µm
_01143_,2.255µm
_01422_,2.255µm
_01641_,2.255µm
_02028_,2.255µm
_02264_,2.255µm
_02628_,2.255µm
_02680_,2.255µm
_02821_,2.255µm
_02982_,2.255µm
_03139_,2.255µm
_03502_,2.255µm
_03581_,2.255µm
_03759_,2.255µm
_03975_,2.255µm
_04262_,2.255µm
_04468_,2.255µm
_04541_,2.255µm
_04802_,2.255µm
_05295_,2.255µm
_06016_,2.255µm
_06323_,2.255µm
_06741_,2.255µm
_07272_,2.255µm
_07446_,2.255µm
_07771_,2.255µm
_08070_,2.255µm
_09642_,2.255µm
_10974_,2.255µm
_11407_,2.255µm
_07144_,2.235µm
_00489_,2.225µm
_10369_,2.22µm
_10715_,2.22µm
_10934_,2.22µm
_11235_,2.22µm
_11734_,2.22µm
_12619_,2.22µm
_13963_,2.22µm
_00170_,2.205µm
_00562_,2.205µm
_00567_,2.205µm
_02526_,2.205µm
_05651_,2.205µm
_07244_,2.205µm
_10803_,2.185µm
_11902_,2.185µm
_08663_,2.18µm
_08902_,2.18µm
_09384_,2.18µm
_09431_,2.18µm
_09436_,2.18µm
_09447_,2.18µm
_09628_,2.18µm
_09711_,2.18µm
_10409_,2.18µm
_10609_,2.18µm
_10645_,2.18µm
_10677_,2.18µm
_10783_,2.18µm
_11101_,2.18µm
_11452_,2.18µm
_11517_,2.18µm
_11995_,2.18µm
_12323_,2.18µm
_12421_,2.18µm
_12806_,2.18µm
_13180_,2.18µm
_13521_,2.18µm
_13530_,2.18µm
_13553_,2.18µm
_10889_,2.165µm
_04661_,2.16µm
_04664_,2.16µm
_04666_,2.16µm
_04669_,2.16µm
_08316_,2.16µm
_08705_,2.16µm
_08764_,2.16µm
_08777_,2.16µm
_08791_,2.16µm
_08852_,2.16µm
_08867_,2.16µm
_08884_,2.16µm
_08920_,2.16µm
_08925_,2.16µm
_09003_,2.16µm
_09007_,2.16µm
_09201_,2.16µm
_09291_,2.16µm
_09399_,2.16µm
_09432_,2.16µm
_09471_,2.16µm
_09503_,2.16µm
_09525_,2.16µm
_09552_,2.16µm
_09565_,2.16µm
_09566_,2.16µm
_09611_,2.16µm
_09726_,2.16µm
_09785_,2.16µm
_09812_,2.16µm
_09854_,2.16µm
_09942_,2.16µm
_09945_,2.16µm
_09958_,2.16µm
_09965_,2.16µm
_10136_,2.16µm
_10197_,2.16µm
_10219_,2.16µm
_10375_,2.16µm
_10429_,2.16µm
_10462_,2.16µm
_10528_,2.16µm
_10647_,2.16µm
_10667_,2.16µm
_10675_,2.16µm
_10739_,2.16µm
_10756_,2.16µm
_10774_,2.16µm
_11024_,2.16µm
_11063_,2.16µm
_11082_,2.16µm
_11106_,2.16µm
_11165_,2.16µm
_11219_,2.16µm
_11258_,2.16µm
_11313_,2.16µm
_11442_,2.16µm
_11547_,2.16µm
_11622_,2.16µm
_11654_,2.16µm
_11691_,2.16µm
_11757_,2.16µm
_11801_,2.16µm
_11929_,2.16µm
_11969_,2.16µm
_11972_,2.16µm
_12052_,2.16µm
_12073_,2.16µm
_12084_,2.16µm
_12152_,2.16µm
_12168_,2.16µm
_12364_,2.16µm
_12410_,2.16µm
_12582_,2.16µm
_12669_,2.16µm
_12674_,2.16µm
_12679_,2.16µm
_12885_,2.16µm
_12914_,2.16µm
_12978_,2.16µm
_13176_,2.16µm
_13179_,2.16µm
_13188_,2.16µm
_13244_,2.16µm
_13248_,2.16µm
_13334_,2.16µm
_13414_,2.16µm
_13417_,2.16µm
_13558_,2.16µm
_13588_,2.16µm
_13670_,2.16µm
_13749_,2.16µm
_13794_,2.16µm
_13833_,2.16µm
_13837_,2.16µm
_13849_,2.16µm
_13874_,2.16µm
_13880_,2.16µm
_13928_,2.16µm
_13961_,2.16µm
r_ptr_gray_meta\[8\],2.16µm
u_bram.bram\[121\]\[28\],2.16µm
_10522_,2.155µm
_00009_,2.125µm
_00031_,2.125µm
_00039_,2.125µm
_00057_,2.125µm
_00059_,2.125µm
_00060_,2.125µm
_00173_,2.125µm
_00202_,2.125µm
_00209_,2.125µm
_00278_,2.125µm
_00327_,2.125µm
_00437_,2.125µm
_00439_,2.125µm
_00486_,2.125µm
_00585_,2.125µm
_00595_,2.125µm
_00599_,2.125µm
_00604_,2.125µm
_00717_,2.125µm
_00724_,2.125µm
_00728_,2.125µm
_00836_,2.125µm
_00976_,2.125µm
_01012_,2.125µm
_01078_,2.125µm
_01195_,2.125µm
_01201_,2.125µm
_01253_,2.125µm
_01312_,2.125µm
_01358_,2.125µm
_01473_,2.125µm
_01601_,2.125µm
_01948_,2.125µm
_01979_,2.125µm
_02011_,2.125µm
_02027_,2.125µm
_02224_,2.125µm
_02234_,2.125µm
_02282_,2.125µm
_02315_,2.125µm
_02414_,2.125µm
_02597_,2.125µm
_02714_,2.125µm
_02816_,2.125µm
_02883_,2.125µm
_02895_,2.125µm
_02941_,2.125µm
_02988_,2.125µm
_03155_,2.125µm
_03298_,2.125µm
_03314_,2.125µm
_03354_,2.125µm
_03432_,2.125µm
_03560_,2.125µm
_03755_,2.125µm
_03771_,2.125µm
_03845_,2.125µm
_03861_,2.125µm
_03917_,2.125µm
_03996_,2.125µm
_04036_,2.125µm
_04079_,2.125µm
_04084_,2.125µm
_04107_,2.125µm
_04147_,2.125µm
_04161_,2.125µm
_04186_,2.125µm
_04197_,2.125µm
_04219_,2.125µm
_04326_,2.125µm
_04360_,2.125µm
_04379_,2.125µm
_04420_,2.125µm
_04469_,2.125µm
_04565_,2.125µm
_04573_,2.125µm
_04575_,2.125µm
_04682_,2.125µm
_04745_,2.125µm
_04774_,2.125µm
_04840_,2.125µm
_05042_,2.125µm
_05056_,2.125µm
_05186_,2.125µm
_05204_,2.125µm
_05272_,2.125µm
_05373_,2.125µm
_05525_,2.125µm
_05561_,2.125µm
_05605_,2.125µm
_05624_,2.125µm
_05730_,2.125µm
_05924_,2.125µm
_05979_,2.125µm
_05993_,2.125µm
_06133_,2.125µm
_06189_,2.125µm
_06204_,2.125µm
_06267_,2.125µm
_06351_,2.125µm
_06492_,2.125µm
_06667_,2.125µm
_06688_,2.125µm
_06916_,2.125µm
_06922_,2.125µm
_06943_,2.125µm
_06956_,2.125µm
_06984_,2.125µm
_07002_,2.125µm
_07037_,2.125µm
_07127_,2.125µm
_07142_,2.125µm
_07227_,2.125µm
_07255_,2.125µm
_07351_,2.125µm
_07357_,2.125µm
_07450_,2.125µm
_07553_,2.125µm
_07604_,2.125µm
_07689_,2.125µm
_07732_,2.125µm
_07755_,2.125µm
_07788_,2.125µm
_07836_,2.125µm
_07893_,2.125µm
_07928_,2.125µm
_07960_,2.125µm
_08041_,2.125µm
_08048_,2.125µm
_08060_,2.125µm
_08130_,2.125µm
_08137_,2.125µm
_08143_,2.125µm
_08171_,2.125µm
_00012_,2.085µm
_00085_,2.085µm
_00527_,2.085µm
_00708_,2.085µm
_00813_,2.085µm
_00941_,2.085µm
_01130_,2.085µm
_01210_,2.085µm
_01354_,2.085µm
_01527_,2.085µm
_01873_,2.085µm
_01900_,2.085µm
_02031_,2.085µm
_02079_,2.085µm
_02138_,2.085µm
_02458_,2.085µm
_02618_,2.085µm
_02761_,2.085µm
_02848_,2.085µm
_02934_,2.085µm
_02957_,2.085µm
_03058_,2.085µm
_03130_,2.085µm
_03186_,2.085µm
_03260_,2.085µm
_03367_,2.085µm
_03445_,2.085µm
_03479_,2.085µm
_03500_,2.085µm
_03586_,2.085µm
_03680_,2.085µm
_03848_,2.085µm
_03946_,2.085µm
_04253_,2.085µm
_04348_,2.085µm
_04384_,2.085µm
_04540_,2.085µm
_04618_,2.085µm
_04751_,2.085µm
_04805_,2.085µm
_04965_,2.085µm
_05087_,2.085µm
_05196_,2.085µm
_05308_,2.085µm
_05321_,2.085µm
_05331_,2.085µm
_05439_,2.085µm
_05656_,2.085µm
_06008_,2.085µm
_06360_,2.085µm
_06566_,2.085µm
_06621_,2.085µm
_06679_,2.085µm
_06723_,2.085µm
_06971_,2.085µm
_07033_,2.085µm
_07274_,2.085µm
_07645_,2.085µm
_07710_,2.085µm
_07760_,2.085µm
_07780_,2.085µm
_07909_,2.085µm
_08011_,2.085µm
_08029_,2.085µm
_08182_,2.085µm
_06602_,2.08µm
_10622_,2.07µm
_12594_,2.07µm
_12707_,2.065µm
_08270_,2.06µm
_09031_,2.06µm
_10644_,2.06µm
_13333_,2.06µm
_08792_,2.045µm
_09157_,2.045µm
_09501_,2.045µm
_11600_,2.045µm
_08272_,2.04µm
_08568_,2.04µm
_08640_,2.04µm
_08661_,2.04µm
_08684_,2.04µm
_08695_,2.04µm
_08710_,2.04µm
_08755_,2.04µm
_08894_,2.04µm
_09364_,2.04µm
_09481_,2.04µm
_09514_,2.04µm
_09558_,2.04µm
_09587_,2.04µm
_09629_,2.04µm
_09677_,2.04µm
_09759_,2.04µm
_09822_,2.04µm
_09964_,2.04µm
_10212_,2.04µm
_10288_,2.04µm
_10346_,2.04µm
_10449_,2.04µm
_10633_,2.04µm
_10698_,2.04µm
_10758_,2.04µm
_10772_,2.04µm
_10841_,2.04µm
_10866_,2.04µm
_11013_,2.04µm
_11067_,2.04µm
_11140_,2.04µm
_11188_,2.04µm
_11191_,2.04µm
_11211_,2.04µm
_11290_,2.04µm
_11404_,2.04µm
_11604_,2.04µm
_11904_,2.04µm
_11950_,2.04µm
_12006_,2.04µm
_12087_,2.04µm
_12093_,2.04µm
_12291_,2.04µm
_12504_,2.04µm
_12551_,2.04µm
_12584_,2.04µm
_12596_,2.04µm
_12856_,2.04µm
_13060_,2.04µm
_13135_,2.04µm
_13287_,2.04µm
_13289_,2.04µm
_13639_,2.04µm
_13676_,2.04µm
_13825_,2.04µm
_13870_,2.04µm
_13912_,2.04µm
_13980_,2.04µm
_01087_,2.035µm
_01757_,2.035µm
_03005_,2.035µm
_03136_,2.035µm
_04184_,2.035µm
_00097_,2.025µm
_00337_,2.025µm
_00461_,2.025µm
_00522_,2.025µm
_00546_,2.025µm
_00699_,2.025µm
_00749_,2.025µm
_00793_,2.025µm
_01075_,2.025µm
_01211_,2.025µm
_01893_,2.025µm
_02059_,2.025µm
_02313_,2.025µm
_02497_,2.025µm
_02640_,2.025µm
_02681_,2.025µm
_02755_,2.025µm
_03068_,2.025µm
_03089_,2.025µm
_03092_,2.025µm
_03104_,2.025µm
_03252_,2.025µm
_03291_,2.025µm
_03378_,2.025µm
_03464_,2.025µm
_03589_,2.025µm
_03811_,2.025µm
_04351_,2.025µm
_04434_,2.025µm
_04606_,2.025µm
_04789_,2.025µm
_04858_,2.025µm
_05507_,2.025µm
_06007_,2.025µm
_06122_,2.025µm
_06369_,2.025µm
_06445_,2.025µm
_06767_,2.025µm
_06907_,2.025µm
_07178_,2.025µm
_07557_,2.025µm
_07568_,2.025µm
_07617_,2.025µm
_07694_,2.025µm
_07785_,2.025µm
_07787_,2.025µm
_07894_,2.025µm
_08021_,2.025µm
_08170_,2.025µm
_08747_,1.94µm
_09147_,1.94µm
_09175_,1.94µm
_11016_,1.94µm
_12244_,1.94µm
_12786_,1.94µm
_13291_,1.94µm
_13503_,1.94µm
_13809_,1.94µm
_13914_,1.94µm
_11149_,1.93µm
_13573_,1.93µm
_00227_,1.915µm
_00576_,1.915µm
_01640_,1.915µm
_03207_,1.915µm
_03751_,1.915µm
_04015_,1.915µm
_04708_,1.915µm
_06056_,1.915µm
_06519_,1.915µm
_06652_,1.915µm
_07378_,1.915µm
_07554_,1.915µm
_07646_,1.915µm
_07891_,1.915µm
_07910_,1.915µm
_12360_,1.915µm
_13485_,1.915µm
_10908_,1.88µm
_11581_,1.88µm
_13618_,1.88µm
_00047_,1.865µm
_00071_,1.865µm
_00078_,1.865µm
_00093_,1.865µm
_00149_,1.865µm
_00171_,1.865µm
_00292_,1.865µm
_00308_,1.865µm
_00309_,1.865µm
_00313_,1.865µm
_00317_,1.865µm
_00320_,1.865µm
_00338_,1.865µm
_00341_,1.865µm
_00344_,1.865µm
_00348_,1.865µm
_00443_,1.865µm
_00455_,1.865µm
_00505_,1.865µm
_00536_,1.865µm
_00547_,1.865µm
_00548_,1.865µm
_00554_,1.865µm
_00571_,1.865µm
_00597_,1.865µm
_00600_,1.865µm
_00689_,1.865µm
_00716_,1.865µm
_00730_,1.865µm
_00731_,1.865µm
_00732_,1.865µm
_00737_,1.865µm
_00765_,1.865µm
_00811_,1.865µm
_00812_,1.865µm
_00817_,1.865µm
_00822_,1.865µm
_00825_,1.865µm
_00826_,1.865µm
_00854_,1.865µm
_00864_,1.865µm
_00940_,1.865µm
_00959_,1.865µm
_00965_,1.865µm
_01038_,1.865µm
_01085_,1.865µm
_01101_,1.865µm
_01170_,1.865µm
_01209_,1.865µm
_01220_,1.865µm
_01229_,1.865µm
_01286_,1.865µm
_01297_,1.865µm
_01318_,1.865µm
_01334_,1.865µm
_01359_,1.865µm
_01382_,1.865µm
_01395_,1.865µm
_01403_,1.865µm
_01409_,1.865µm
_01424_,1.865µm
_01425_,1.865µm
_01463_,1.865µm
_01503_,1.865µm
_01552_,1.865µm
_01590_,1.865µm
_01595_,1.865µm
_01603_,1.865µm
_01612_,1.865µm
_01623_,1.865µm
_01628_,1.865µm
_01656_,1.865µm
_01703_,1.865µm
_01727_,1.865µm
_01820_,1.865µm
_01875_,1.865µm
_01889_,1.865µm
_01935_,1.865µm
_01964_,1.865µm
_01991_,1.865µm
_02005_,1.865µm
_02022_,1.865µm
_02037_,1.865µm
_02046_,1.865µm
_02051_,1.865µm
_02081_,1.865µm
_02120_,1.865µm
_02126_,1.865µm
_02162_,1.865µm
_02176_,1.865µm
_02184_,1.865µm
_02190_,1.865µm
_02191_,1.865µm
_02195_,1.865µm
_02200_,1.865µm
_02206_,1.865µm
_02221_,1.865µm
_02228_,1.865µm
_02231_,1.865µm
_02258_,1.865µm
_02276_,1.865µm
_02328_,1.865µm
_02356_,1.865µm
_02359_,1.865µm
_02385_,1.865µm
_02409_,1.865µm
_02446_,1.865µm
_02472_,1.865µm
_02477_,1.865µm
_02532_,1.865µm
_02536_,1.865µm
_02544_,1.865µm
_02545_,1.865µm
_02613_,1.865µm
_02639_,1.865µm
_02672_,1.865µm
_02677_,1.865µm
_02679_,1.865µm
_02744_,1.865µm
_02772_,1.865µm
_02775_,1.865µm
_02779_,1.865µm
_02789_,1.865µm
_02889_,1.865µm
_02893_,1.865µm
_02922_,1.865µm
_02924_,1.865µm
_02947_,1.865µm
_02954_,1.865µm
_02955_,1.865µm
_02956_,1.865µm
_02975_,1.865µm
_02979_,1.865µm
_02992_,1.865µm
_03009_,1.865µm
_03032_,1.865µm
_03056_,1.865µm
_03059_,1.865µm
_03082_,1.865µm
_03085_,1.865µm
_03096_,1.865µm
_03240_,1.865µm
_03247_,1.865µm
_03251_,1.865µm
_03258_,1.865µm
_03273_,1.865µm
_03276_,1.865µm
_03331_,1.865µm
_03342_,1.865µm
_03357_,1.865µm
_03364_,1.865µm
_03372_,1.865µm
_03389_,1.865µm
_03394_,1.865µm
_03474_,1.865µm
_03509_,1.865µm
_03513_,1.865µm
_03517_,1.865µm
_03562_,1.865µm
_03634_,1.865µm
_03661_,1.865µm
_03702_,1.865µm
_03745_,1.865µm
_03775_,1.865µm
_03776_,1.865µm
_03817_,1.865µm
_03822_,1.865µm
_03823_,1.865µm
_03844_,1.865µm
_03860_,1.865µm
_03866_,1.865µm
_03870_,1.865µm
_03989_,1.865µm
_03994_,1.865µm
_04005_,1.865µm
_04038_,1.865µm
_04046_,1.865µm
_04096_,1.865µm
_04157_,1.865µm
_04160_,1.865µm
_04247_,1.865µm
_04252_,1.865µm
_04259_,1.865µm
_04264_,1.865µm
_04278_,1.865µm
_04293_,1.865µm
_04315_,1.865µm
_04317_,1.865µm
_04336_,1.865µm
_04376_,1.865µm
_04404_,1.865µm
_04427_,1.865µm
_04448_,1.865µm
_04504_,1.865µm
_04506_,1.865µm
_04696_,1.865µm
_04710_,1.865µm
_04718_,1.865µm
_04753_,1.865µm
_04754_,1.865µm
_04768_,1.865µm
_04778_,1.865µm
_04781_,1.865µm
_04784_,1.865µm
_04895_,1.865µm
_04932_,1.865µm
_04956_,1.865µm
_04977_,1.865µm
_04978_,1.865µm
_04991_,1.865µm
_05035_,1.865µm
_05063_,1.865µm
_05078_,1.865µm
_05084_,1.865µm
_05106_,1.865µm
_05125_,1.865µm
_05144_,1.865µm
_05145_,1.865µm
_05195_,1.865µm
_05197_,1.865µm
_05207_,1.865µm
_05226_,1.865µm
_05451_,1.865µm
_05460_,1.865µm
_05476_,1.865µm
_05547_,1.865µm
_05559_,1.865µm
_05588_,1.865µm
_05646_,1.865µm
_05677_,1.865µm
_05703_,1.865µm
_05719_,1.865µm
_05726_,1.865µm
_05758_,1.865µm
_05759_,1.865µm
_05765_,1.865µm
_05778_,1.865µm
_05848_,1.865µm
_05861_,1.865µm
_05877_,1.865µm
_05883_,1.865µm
_05925_,1.865µm
_05941_,1.865µm
_05977_,1.865µm
_06009_,1.865µm
_06042_,1.865µm
_06054_,1.865µm
_06088_,1.865µm
_06099_,1.865µm
_06109_,1.865µm
_06112_,1.865µm
_06117_,1.865µm
_06156_,1.865µm
_06216_,1.865µm
_06218_,1.865µm
_06221_,1.865µm
_06222_,1.865µm
_06223_,1.865µm
_06227_,1.865µm
_06242_,1.865µm
_06268_,1.865µm
_06347_,1.865µm
_06355_,1.865µm
_06370_,1.865µm
_06411_,1.865µm
_06488_,1.865µm
_06498_,1.865µm
_06573_,1.865µm
_06589_,1.865µm
_06610_,1.865µm
_06655_,1.865µm
_06695_,1.865µm
_06706_,1.865µm
_06722_,1.865µm
_06731_,1.865µm
_06743_,1.865µm
_06745_,1.865µm
_06746_,1.865µm
_06759_,1.865µm
_06778_,1.865µm
_06837_,1.865µm
_06863_,1.865µm
_06919_,1.865µm
_07001_,1.865µm
_07006_,1.865µm
_07020_,1.865µm
_07030_,1.865µm
_07040_,1.865µm
_07045_,1.865µm
_07122_,1.865µm
_07130_,1.865µm
_07138_,1.865µm
_07157_,1.865µm
_07158_,1.865µm
_07239_,1.865µm
_07242_,1.865µm
_07247_,1.865µm
_07263_,1.865µm
_07270_,1.865µm
_07273_,1.865µm
_07277_,1.865µm
_07285_,1.865µm
_07288_,1.865µm
_07352_,1.865µm
_07377_,1.865µm
_07391_,1.865µm
_07415_,1.865µm
_07448_,1.865µm
_07482_,1.865µm
_07485_,1.865µm
_07504_,1.865µm
_07509_,1.865µm
_07524_,1.865µm
_07549_,1.865µm
_07580_,1.865µm
_07590_,1.865µm
_07591_,1.865µm
_07619_,1.865µm
_07637_,1.865µm
_07657_,1.865µm
_07664_,1.865µm
_07667_,1.865µm
_07668_,1.865µm
_07669_,1.865µm
_07678_,1.865µm
_07716_,1.865µm
_07727_,1.865µm
_07741_,1.865µm
_07768_,1.865µm
_07769_,1.865µm
_07779_,1.865µm
_07782_,1.865µm
_07808_,1.865µm
_07812_,1.865µm
_07882_,1.865µm
_07921_,1.865µm
_07972_,1.865µm
_07973_,1.865µm
_07984_,1.865µm
_08010_,1.865µm
_08017_,1.865µm
_08027_,1.865µm
_08030_,1.865µm
_08031_,1.865µm
_08052_,1.865µm
_08056_,1.865µm
_08141_,1.865µm
_08159_,1.865µm
_08176_,1.865µm
_08184_,1.865µm
_08192_,1.865µm
_08201_,1.865µm
_08589_,1.84µm
_08804_,1.84µm
_08830_,1.84µm
_08897_,1.84µm
_08945_,1.84µm
_08968_,1.84µm
_09418_,1.84µm
_10016_,1.84µm
_10264_,1.84µm
_10313_,1.84µm
_10515_,1.84µm
_10536_,1.84µm
_10578_,1.84µm
_10867_,1.84µm
_11021_,1.84µm
_11192_,1.84µm
_11228_,1.84µm
_11243_,1.84µm
_11424_,1.84µm
_11948_,1.84µm
_11971_,1.84µm
_12230_,1.84µm
_12642_,1.84µm
_12810_,1.84µm
_13101_,1.84µm
_13115_,1.84µm
_13270_,1.84µm
_13336_,1.84µm
_13353_,1.84µm
_13390_,1.84µm
_13609_,1.84µm
_13658_,1.84µm
r_ptr_gray_meta\[3\],1.84µm
_08787_,1.82µm
_08808_,1.82µm
_08890_,1.82µm
_08962_,1.82µm
_09002_,1.82µm
_09651_,1.82µm
_09762_,1.82µm
_10017_,1.82µm
_10020_,1.82µm
_10151_,1.82µm
_10604_,1.82µm
_10865_,1.82µm
_11491_,1.82µm
_11531_,1.82µm
_11753_,1.82µm
_11816_,1.82µm
_12007_,1.82µm
_12117_,1.82µm
_12181_,1.82µm
_12277_,1.82µm
_12750_,1.82µm
_12790_,1.82µm
_12984_,1.82µm
_13136_,1.82µm
_13286_,1.82µm
_13315_,1.82µm
_13352_,1.82µm
_13635_,1.82µm
_13701_,1.82µm
w_ptr_gray_meta\[5\],1.82µm
r_ptr_gray_meta\[6\],1.745µm
_08540_,1.72µm
_09391_,1.72µm
_11346_,1.72µm
_11991_,1.72µm
_12409_,1.72µm
_12857_,1.72µm
_13584_,1.72µm
_13998_,1.72µm
r_ptr_sync_gray\[2\],1.72µm
_09004_,1.705µm
_09116_,1.705µm
_11080_,1.705µm
_12294_,1.705µm
_08572_,1.7µm
_08632_,1.7µm
_08666_,1.7µm
_08703_,1.7µm
_08744_,1.7µm
_08746_,1.7µm
_08943_,1.7µm
_08955_,1.7µm
_08982_,1.7µm
_08989_,1.7µm
_09076_,1.7µm
_09110_,1.7µm
_09133_,1.7µm
_09163_,1.7µm
_09207_,1.7µm
_09248_,1.7µm
_09257_,1.7µm
_09334_,1.7µm
_09603_,1.7µm
_09615_,1.7µm
_09660_,1.7µm
_09888_,1.7µm
_09948_,1.7µm
_09967_,1.7µm
_10208_,1.7µm
_10246_,1.7µm
_10434_,1.7µm
_10496_,1.7µm
_10556_,1.7µm
_10592_,1.7µm
_10650_,1.7µm
_10779_,1.7µm
_10830_,1.7µm
_10852_,1.7µm
_10853_,1.7µm
_10938_,1.7µm
_10943_,1.7µm
_10980_,1.7µm
_10987_,1.7µm
_11069_,1.7µm
_11084_,1.7µm
_11510_,1.7µm
_11520_,1.7µm
_11522_,1.7µm
_11683_,1.7µm
_11846_,1.7µm
_11994_,1.7µm
_12599_,1.7µm
_12718_,1.7µm
_12721_,1.7µm
_12725_,1.7µm
_13016_,1.7µm
_13197_,1.7µm
_13254_,1.7µm
_13410_,1.7µm
_13420_,1.7µm
_13644_,1.7µm
_13933_,1.7µm
_08981_,1.61µm
_12354_,1.61µm
_10625_,1.6µm
_10965_,1.6µm
_10990_,1.6µm
_12832_,1.6µm
_00068_,1.575µm
_00299_,1.575µm
_00972_,1.575µm
_01205_,1.575µm
_01713_,1.575µm
_02257_,1.575µm
_02886_,1.575µm
_03135_,1.575µm
_03381_,1.575µm
_03511_,1.575µm
_03669_,1.575µm
_03828_,1.575µm
_03869_,1.575µm
_04339_,1.575µm
_05068_,1.575µm
_05844_,1.575µm
_06097_,1.575µm
_06580_,1.575µm
_06584_,1.575µm
_06890_,1.575µm
_07651_,1.575µm
_07948_,1.575µm
_08016_,1.575µm
_08734_,1.48µm
_09091_,1.48µm
_09272_,1.48µm
_09411_,1.48µm
_09604_,1.48µm
_09719_,1.48µm
_09784_,1.48µm
_10083_,1.48µm
_10101_,1.48µm
_10777_,1.48µm
_11607_,1.48µm
_11684_,1.48µm
_11897_,1.48µm
_12036_,1.48µm
_12044_,1.48µm
_12547_,1.48µm
_12811_,1.48µm
_13247_,1.48µm
_13594_,1.48µm
_13904_,1.48µm
_13962_,1.48µm
_13982_,1.48µm
_00030_,1.405µm
_00046_,1.405µm
_00072_,1.405µm
_00375_,1.405µm
_00649_,1.405µm
_00834_,1.405µm
_00837_,1.405µm
_00900_,1.405µm
_01164_,1.405µm
_01223_,1.405µm
_01427_,1.405µm
_01654_,1.405µm
_01969_,1.405µm
_02072_,1.405µm
_02278_,1.405µm
_02417_,1.405µm
_02898_,1.405µm
_02983_,1.405µm
_03160_,1.405µm
_03218_,1.405µm
_03296_,1.405µm
_03542_,1.405µm
_03801_,1.405µm
_03862_,1.405µm
_03991_,1.405µm
_04092_,1.405µm
_04102_,1.405µm
_04116_,1.405µm
_04155_,1.405µm
_04162_,1.405µm
_04479_,1.405µm
_04642_,1.405µm
_04691_,1.405µm
_04968_,1.405µm
_05019_,1.405µm
_05182_,1.405µm
_05222_,1.405µm
_05270_,1.405µm
_05326_,1.405µm
_05469_,1.405µm
_05537_,1.405µm
_05724_,1.405µm
_05732_,1.405µm
_05786_,1.405µm
_05964_,1.405µm
_05980_,1.405µm
_06095_,1.405µm
_06131_,1.405µm
_06271_,1.405µm
_06293_,1.405µm
_06479_,1.405µm
_06601_,1.405µm
_06857_,1.405µm
_07028_,1.405µm
_07031_,1.405µm
_07113_,1.405µm
_07117_,1.405µm
_07135_,1.405µm
_07573_,1.405µm
_07599_,1.405µm
_08015_,1.405µm
_08262_,1.38µm
_08312_,1.38µm
_08851_,1.38µm
_08924_,1.38µm
_08948_,1.38µm
_08998_,1.38µm
_09247_,1.38µm
_09347_,1.38µm
_09367_,1.38µm
_09419_,1.38µm
_09441_,1.38µm
_09505_,1.38µm
_09698_,1.38µm
_09744_,1.38µm
_09853_,1.38µm
_09893_,1.38µm
_09905_,1.38µm
_10007_,1.38µm
_10045_,1.38µm
_10059_,1.38µm
_10147_,1.38µm
_10199_,1.38µm
_10218_,1.38µm
_10407_,1.38µm
_10800_,1.38µm
_11154_,1.38µm
_11198_,1.38µm
_11305_,1.38µm
_11695_,1.38µm
_11911_,1.38µm
_11949_,1.38µm
_11999_,1.38µm
_12163_,1.38µm
_12173_,1.38µm
_12226_,1.38µm
_12322_,1.38µm
_12372_,1.38µm
_12460_,1.38µm
_12746_,1.38µm
_12829_,1.38µm
_12865_,1.38µm
_12951_,1.38µm
_13005_,1.38µm
_13070_,1.38µm
_13081_,1.38µm
_13125_,1.38µm
_13164_,1.38µm
_13677_,1.38µm
_13770_,1.38µm
_13938_,1.38µm
_13986_,1.38µm
_08559_,1.36µm
_08704_,1.36µm
_09027_,1.36µm
_09152_,1.36µm
_09691_,1.36µm
_09825_,1.36µm
_10415_,1.36µm
_10929_,1.36µm
_10944_,1.36µm
_11077_,1.36µm
_11209_,1.36µm
_11493_,1.36µm
_11794_,1.36µm
_12252_,1.36µm
_12420_,1.36µm
_12595_,1.36µm
_12617_,1.36µm
_12788_,1.36µm
_13051_,1.36µm
_13184_,1.36µm
_13355_,1.36µm
_13389_,1.36µm
_13487_,1.36µm
_13613_,1.36µm
_13675_,1.36µm
_13826_,1.36µm
_09374_,1.265µm
_10023_,1.265µm
_10348_,1.265µm
_11061_,1.265µm
_11254_,1.265µm
_11560_,1.265µm
_11800_,1.265µm
_12080_,1.265µm
_12967_,1.265µm
_13810_,1.265µm
_09130_,1.26µm
_09326_,1.26µm
_11486_,1.26µm
_11797_,1.26µm
_08726_,1.15µm
_08892_,1.15µm
_09414_,1.15µm
_09589_,1.15µm
_10277_,1.15µm
_10628_,1.15µm
_11403_,1.15µm
_11669_,1.15µm
_12076_,1.15µm
_12881_,1.15µm
_13055_,1.15µm
_13398_,1.15µm
_13744_,1.15µm
_13917_,1.15µm
_08810_,1.14µm
_09068_,1.14µm
_09672_,1.14µm
_09714_,1.14µm
_09951_,1.14µm
_10408_,1.14µm
_10537_,1.14µm
_10585_,1.14µm
_11446_,1.14µm
_11644_,1.14µm
_11966_,1.14µm
_12098_,1.14µm
_12269_,1.14µm
_12548_,1.14µm
_12635_,1.14µm
_13071_,1.14µm
_13074_,1.14µm
_09307_,1.02µm
_09494_,1.02µm
_09836_,1.02µm
_10811_,1.02µm
_10995_,1.02µm
_11507_,1.02µm
_12985_,1.02µm
_13041_,1.02µm
_08984_,0.92µm
_09341_,0.92µm
_09668_,0.92µm
_09934_,0.92µm
_10298_,0.92µm
_10424_,0.92µm
_10676_,0.92µm
_10782_,0.92µm
_10927_,0.92µm
_10949_,0.92µm
_11295_,0.92µm
_11341_,0.92µm
_11462_,0.92µm
_11542_,0.92µm
_11945_,0.92µm
_12204_,0.92µm
_12465_,0.92µm
_12663_,0.92µm
_12792_,0.92µm
_12860_,0.92µm
_13011_,0.92µm
_13068_,0.92µm
_13201_,0.92µm
_13219_,0.92µm
_13866_,0.92µm
_08620_,0.8µm
_08724_,0.8µm
_09001_,0.8µm
_09113_,0.8µm
_09199_,0.8µm
_09212_,0.8µm
_09233_,0.8µm
_09371_,0.8µm
_09390_,0.8µm
_09669_,0.8µm
_09738_,0.8µm
_09912_,0.8µm
_09935_,0.8µm
_10366_,0.8µm
_10385_,0.8µm
_10499_,0.8µm
_10688_,0.8µm
_10862_,0.8µm
_10886_,0.8µm
_11296_,0.8µm
_11363_,0.8µm
_11557_,0.8µm
_11578_,0.8µm
_11711_,0.8µm
_11752_,0.8µm
_11771_,0.8µm
_11903_,0.8µm
_11924_,0.8µm
_12180_,0.8µm
_12317_,0.8µm
_12463_,0.8µm
_12530_,0.8µm
_12940_,0.8µm
_12964_,0.8µm
_13024_,0.8µm
_13027_,0.8µm
_13138_,0.8µm
_13157_,0.8µm
_13183_,0.8µm
_13202_,0.8µm
_13615_,0.8µm
_13698_,0.8µm
_13787_,0.8µm
_08256_,0.46µm
_08911_,0.46µm
_09050_,0.46µm
_09280_,0.46µm
_10403_,0.46µm
_10439_,0.46µm
_10468_,0.46µm
_11300_,0.46µm
_11938_,0.46µm
_11973_,0.46µm
_12287_,0.46µm
_12665_,0.46µm
_12688_,0.46µm
_12839_,0.46µm
_12862_,0.46µm
_13555_,0.46µm
_13945_,0.46µm
