
===========================================================================
report_checks -unconstrained
===========================================================================
======================= nom_ff_n40C_1v95 Corner ===================================

Startpoint: wrst_n (input port clocked by wclk)
Endpoint: _31715_ (recovery check against rising-edge clock wclk)
Path Group: asynchronous
Path Type: max

Fanout         Cap        Slew       Delay        Time   Description
---------------------------------------------------------------------------------------------
                      0.000000    0.000000    0.000000   clock wclk (rise edge)
                                  0.000000    0.000000   clock network delay (ideal)
                                  2.000000    2.000000 ^ input external delay
    28    0.101276    0.117624    0.080131    2.080131 ^ wrst_n (in)
                                                         wrst_n (net)
                      0.117624    0.000000    2.080131 ^ _31715_/RESET_B (sky130_fd_sc_hd__dfrtp_2)
                                              2.080131   data arrival time

                      0.000000   10.000000   10.000000   clock wclk (rise edge)
                                  0.000000   10.000000   clock network delay (ideal)
                                  0.000000   10.000000   clock reconvergence pessimism
                                             10.000000 ^ _31715_/CLK (sky130_fd_sc_hd__dfrtp_2)
                                  0.106629   10.106629   library recovery time
                                             10.106629   data required time
---------------------------------------------------------------------------------------------
                                             10.106629   data required time
                                             -2.080131   data arrival time
---------------------------------------------------------------------------------------------
                                              8.026499   slack (MET)


Startpoint: _33238_ (rising edge-triggered flip-flop clocked by rclk)
Endpoint: _33014_ (rising edge-triggered flip-flop clocked by rclk)
Path Group: rclk
Path Type: max

Fanout         Cap        Slew       Delay        Time   Description
---------------------------------------------------------------------------------------------
                      0.000000    0.000000    0.000000   clock rclk (rise edge)
                                  0.000000    0.000000   clock network delay (ideal)
                      0.000000    0.000000    0.000000 ^ _33238_/CLK (sky130_fd_sc_hd__dfrtp_2)
  2035    6.630083   23.359291   16.080578   16.080578 ^ _33238_/Q (sky130_fd_sc_hd__dfrtp_2)
                                                         r_addr[1] (net)
                     23.359291    0.000000   16.080578 ^ _14147_/A (sky130_fd_sc_hd__inv_2)
   425    1.063138    8.544574   16.345190   32.425766 v _14147_/Y (sky130_fd_sc_hd__inv_2)
                                                         _08224_ (net)
                      8.544574    0.000000   32.425766 v _19394_/A (sky130_fd_sc_hd__or2_2)
     1    0.002245    0.178898    2.125965   34.551735 v _19394_/X (sky130_fd_sc_hd__or2_2)
                                                         _08787_ (net)
                      0.178898    0.000000   34.551735 v _19400_/A1 (sky130_fd_sc_hd__a221o_2)
     1    0.002282    0.072005    0.224745   34.776478 v _19400_/X (sky130_fd_sc_hd__a221o_2)
                                                         _08793_ (net)
                      0.072005    0.000000   34.776478 v _19401_/B1 (sky130_fd_sc_hd__o211a_2)
     1    0.002205    0.051095    0.096204   34.872681 v _19401_/X (sky130_fd_sc_hd__o211a_2)
                                                         _08794_ (net)
                      0.051095    0.000000   34.872681 v _19449_/A2 (sky130_fd_sc_hd__o31a_2)
     1    0.002303    0.038020    0.193143   35.065826 v _19449_/X (sky130_fd_sc_hd__o31a_2)
                                                         _08842_ (net)
                      0.038020    0.000000   35.065826 v _19450_/B1 (sky130_fd_sc_hd__o31a_2)
     1    0.001601    0.037737    0.067466   35.133289 v _19450_/X (sky130_fd_sc_hd__o31a_2)
                                                         _08843_ (net)
                      0.037737    0.000000   35.133289 v _19453_/B (sky130_fd_sc_hd__or3_2)
     1    0.002192    0.048611    0.248622   35.381912 v _19453_/X (sky130_fd_sc_hd__or3_2)
                                                         _08846_ (net)
                      0.048611    0.000000   35.381912 v _19454_/A3 (sky130_fd_sc_hd__a32o_2)
     1    0.002059    0.134938    0.132577   35.514492 v _19454_/X (sky130_fd_sc_hd__a32o_2)
                                                         _04648_ (net)
                      0.134938    0.000000   35.514492 v _33014_/D (sky130_fd_sc_hd__dfrtp_2)
                                             35.514492   data arrival time

                      0.000000   25.000000   25.000000   clock rclk (rise edge)
                                  0.000000   25.000000   clock network delay (ideal)
                                  0.000000   25.000000   clock reconvergence pessimism
                                             25.000000 ^ _33014_/CLK (sky130_fd_sc_hd__dfrtp_2)
                                 -0.113558   24.886440   library setup time
                                             24.886440   data required time
---------------------------------------------------------------------------------------------
                                             24.886440   data required time
                                            -35.514492   data arrival time
---------------------------------------------------------------------------------------------
                                            -10.628050   slack (VIOLATED)


Startpoint: _33246_ (rising edge-triggered flip-flop clocked by wclk)
Endpoint: w_full (output port clocked by wclk)
Path Group: wclk
Path Type: max

Fanout         Cap        Slew       Delay        Time   Description
---------------------------------------------------------------------------------------------
                      0.000000    0.000000    0.000000   clock wclk (rise edge)
                                  0.000000    0.000000   clock network delay (ideal)
                      0.000000    0.000000    0.000000 ^ _33246_/CLK (sky130_fd_sc_hd__dfrtp_2)
     3    5.003978   17.631783   12.186208   12.186208 ^ _33246_/Q (sky130_fd_sc_hd__dfrtp_2)
                                                         w_full (net)
                     17.631783    0.000000   12.186208 ^ w_full (out)
                                             12.186208   data arrival time

                      0.000000   10.000000   10.000000   clock wclk (rise edge)
                                  0.000000   10.000000   clock network delay (ideal)
                                  0.000000   10.000000   clock reconvergence pessimism
                                 -2.000000    8.000000   output external delay
                                              8.000000   data required time
---------------------------------------------------------------------------------------------
                                              8.000000   data required time
                                            -12.186208   data arrival time
---------------------------------------------------------------------------------------------
                                             -4.186208   slack (VIOLATED)




===========================================================================
report_checks --slack_max -0.01
============================================================================
======================= nom_ff_n40C_1v95 Corner ===================================

Startpoint: _33238_ (rising edge-triggered flip-flop clocked by rclk)
Endpoint: _33014_ (rising edge-triggered flip-flop clocked by rclk)
Path Group: rclk
Path Type: max

Fanout         Cap        Slew       Delay        Time   Description
---------------------------------------------------------------------------------------------
                      0.000000    0.000000    0.000000   clock rclk (rise edge)
                                  0.000000    0.000000   clock network delay (ideal)
                      0.000000    0.000000    0.000000 ^ _33238_/CLK (sky130_fd_sc_hd__dfrtp_2)
  2035    6.630083   23.359291   16.080578   16.080578 ^ _33238_/Q (sky130_fd_sc_hd__dfrtp_2)
                                                         r_addr[1] (net)
                     23.359291    0.000000   16.080578 ^ _14147_/A (sky130_fd_sc_hd__inv_2)
   425    1.063138    8.544574   16.345190   32.425766 v _14147_/Y (sky130_fd_sc_hd__inv_2)
                                                         _08224_ (net)
                      8.544574    0.000000   32.425766 v _19394_/A (sky130_fd_sc_hd__or2_2)
     1    0.002245    0.178898    2.125965   34.551735 v _19394_/X (sky130_fd_sc_hd__or2_2)
                                                         _08787_ (net)
                      0.178898    0.000000   34.551735 v _19400_/A1 (sky130_fd_sc_hd__a221o_2)
     1    0.002282    0.072005    0.224745   34.776478 v _19400_/X (sky130_fd_sc_hd__a221o_2)
                                                         _08793_ (net)
                      0.072005    0.000000   34.776478 v _19401_/B1 (sky130_fd_sc_hd__o211a_2)
     1    0.002205    0.051095    0.096204   34.872681 v _19401_/X (sky130_fd_sc_hd__o211a_2)
                                                         _08794_ (net)
                      0.051095    0.000000   34.872681 v _19449_/A2 (sky130_fd_sc_hd__o31a_2)
     1    0.002303    0.038020    0.193143   35.065826 v _19449_/X (sky130_fd_sc_hd__o31a_2)
                                                         _08842_ (net)
                      0.038020    0.000000   35.065826 v _19450_/B1 (sky130_fd_sc_hd__o31a_2)
     1    0.001601    0.037737    0.067466   35.133289 v _19450_/X (sky130_fd_sc_hd__o31a_2)
                                                         _08843_ (net)
                      0.037737    0.000000   35.133289 v _19453_/B (sky130_fd_sc_hd__or3_2)
     1    0.002192    0.048611    0.248622   35.381912 v _19453_/X (sky130_fd_sc_hd__or3_2)
                                                         _08846_ (net)
                      0.048611    0.000000   35.381912 v _19454_/A3 (sky130_fd_sc_hd__a32o_2)
     1    0.002059    0.134938    0.132577   35.514492 v _19454_/X (sky130_fd_sc_hd__a32o_2)
                                                         _04648_ (net)
                      0.134938    0.000000   35.514492 v _33014_/D (sky130_fd_sc_hd__dfrtp_2)
                                             35.514492   data arrival time

                      0.000000   25.000000   25.000000   clock rclk (rise edge)
                                  0.000000   25.000000   clock network delay (ideal)
                                  0.000000   25.000000   clock reconvergence pessimism
                                             25.000000 ^ _33014_/CLK (sky130_fd_sc_hd__dfrtp_2)
                                 -0.113558   24.886440   library setup time
                                             24.886440   data required time
---------------------------------------------------------------------------------------------
                                             24.886440   data required time
                                            -35.514492   data arrival time
---------------------------------------------------------------------------------------------
                                            -10.628050   slack (VIOLATED)


Startpoint: _33246_ (rising edge-triggered flip-flop clocked by wclk)
Endpoint: w_full (output port clocked by wclk)
Path Group: wclk
Path Type: max

Fanout         Cap        Slew       Delay        Time   Description
---------------------------------------------------------------------------------------------
                      0.000000    0.000000    0.000000   clock wclk (rise edge)
                                  0.000000    0.000000   clock network delay (ideal)
                      0.000000    0.000000    0.000000 ^ _33246_/CLK (sky130_fd_sc_hd__dfrtp_2)
     3    5.003978   17.631783   12.186208   12.186208 ^ _33246_/Q (sky130_fd_sc_hd__dfrtp_2)
                                                         w_full (net)
                     17.631783    0.000000   12.186208 ^ w_full (out)
                                             12.186208   data arrival time

                      0.000000   10.000000   10.000000   clock wclk (rise edge)
                                  0.000000   10.000000   clock network delay (ideal)
                                  0.000000   10.000000   clock reconvergence pessimism
                                 -2.000000    8.000000   output external delay
                                              8.000000   data required time
---------------------------------------------------------------------------------------------
                                              8.000000   data required time
                                            -12.186208   data arrival time
---------------------------------------------------------------------------------------------
                                             -4.186208   slack (VIOLATED)




===========================================================================
 report_check_types -max_slew -max_cap -max_fanout -violators
============================================================================
======================= nom_ff_n40C_1v95 Corner ===================================

max slew

Pin                                        Limit        Slew       Slack
------------------------------------------------------------------------
_14158_/A                               1.500000   45.927895  -44.427898 (VIOLATED)
_14159_/A                               1.500000   45.927895  -44.427898 (VIOLATED)
_14168_/A                               1.500000   45.927895  -44.427898 (VIOLATED)
_14201_/A1                              1.500000   45.927895  -44.427898 (VIOLATED)
_19126_/S0                              1.500000   45.927895  -44.427898 (VIOLATED)
_19127_/S0                              1.500000   45.927895  -44.427898 (VIOLATED)
_19130_/S0                              1.500000   45.927895  -44.427898 (VIOLATED)
_19131_/S                               1.500000   45.927895  -44.427898 (VIOLATED)
_19133_/S                               1.500000   45.927895  -44.427898 (VIOLATED)
_19136_/S0                              1.500000   45.927895  -44.427898 (VIOLATED)
_19137_/S0                              1.500000   45.927895  -44.427898 (VIOLATED)
_19140_/S0                              1.500000   45.927895  -44.427898 (VIOLATED)
_19141_/S0                              1.500000   45.927895  -44.427898 (VIOLATED)
_19144_/S0                              1.500000   45.927895  -44.427898 (VIOLATED)
_19145_/S0                              1.500000   45.927895  -44.427898 (VIOLATED)
_19148_/S                               1.500000   45.927895  -44.427898 (VIOLATED)
_19149_/S                               1.500000   45.927895  -44.427898 (VIOLATED)
_19152_/S0                              1.500000   45.927895  -44.427898 (VIOLATED)
_19154_/S0                              1.500000   45.927895  -44.427898 (VIOLATED)
_19156_/S0                              1.500000   45.927895  -44.427898 (VIOLATED)
_19158_/S0                              1.500000   45.927895  -44.427898 (VIOLATED)
_19159_/S0                              1.500000   45.927895  -44.427898 (VIOLATED)
_19162_/S0                              1.500000   45.927895  -44.427898 (VIOLATED)
_19163_/S0                              1.500000   45.927895  -44.427898 (VIOLATED)
_19165_/S                               1.500000   45.927895  -44.427898 (VIOLATED)
_19167_/S                               1.500000   45.927895  -44.427898 (VIOLATED)
_19169_/S0                              1.500000   45.927895  -44.427898 (VIOLATED)
_19172_/S0                              1.500000   45.927895  -44.427898 (VIOLATED)
_19173_/S0                              1.500000   45.927895  -44.427898 (VIOLATED)
_19176_/S0                              1.500000   45.927895  -44.427898 (VIOLATED)
_19177_/S0                              1.500000   45.927895  -44.427898 (VIOLATED)
_19180_/S0                              1.500000   45.927895  -44.427898 (VIOLATED)
_19182_/S0                              1.500000   45.927895  -44.427898 (VIOLATED)
_19184_/S                               1.500000   45.927895  -44.427898 (VIOLATED)
_19185_/S                               1.500000   45.927895  -44.427898 (VIOLATED)
_19186_/S                               1.500000   45.927895  -44.427898 (VIOLATED)
_19187_/S                               1.500000   45.927895  -44.427898 (VIOLATED)
_19190_/S0                              1.500000   45.927895  -44.427898 (VIOLATED)
_19192_/S0                              1.500000   45.927895  -44.427898 (VIOLATED)
_19194_/S0                              1.500000   45.927895  -44.427898 (VIOLATED)
_19195_/S0                              1.500000   45.927895  -44.427898 (VIOLATED)
_19203_/S0                              1.500000   45.927895  -44.427898 (VIOLATED)
_19205_/S0                              1.500000   45.927895  -44.427898 (VIOLATED)
_19207_/S                               1.500000   45.927895  -44.427898 (VIOLATED)
_19208_/S                               1.500000   45.927895  -44.427898 (VIOLATED)
_19209_/S                               1.500000   45.927895  -44.427898 (VIOLATED)
_19210_/S                               1.500000   45.927895  -44.427898 (VIOLATED)
_19213_/S0                              1.500000   45.927895  -44.427898 (VIOLATED)
_19214_/S0                              1.500000   45.927895  -44.427898 (VIOLATED)
_19217_/S0                              1.500000   45.927895  -44.427898 (VIOLATED)
_19218_/S0                              1.500000   45.927895  -44.427898 (VIOLATED)
_19221_/S0                              1.500000   45.927895  -44.427898 (VIOLATED)
_19222_/S0                              1.500000   45.927895  -44.427898 (VIOLATED)
_19225_/S0                              1.500000   45.927895  -44.427898 (VIOLATED)
_19226_/S                               1.500000   45.927895  -44.427898 (VIOLATED)
_19228_/S                               1.500000   45.927895  -44.427898 (VIOLATED)
_19231_/S0                              1.500000   45.927895  -44.427898 (VIOLATED)
_19232_/S0                              1.500000   45.927895  -44.427898 (VIOLATED)
_19235_/S0                              1.500000   45.927895  -44.427898 (VIOLATED)
_19236_/S0                              1.500000   45.927895  -44.427898 (VIOLATED)
_19239_/S0                              1.500000   45.927895  -44.427898 (VIOLATED)
_19240_/S0                              1.500000   45.927895  -44.427898 (VIOLATED)
_19242_/S                               1.500000   45.927895  -44.427898 (VIOLATED)
_19243_/S                               1.500000   45.927895  -44.427898 (VIOLATED)
_19246_/S                               1.500000   45.927895  -44.427898 (VIOLATED)
_19248_/S                               1.500000   45.927895  -44.427898 (VIOLATED)
_19252_/S0                              1.500000   45.927895  -44.427898 (VIOLATED)
_19253_/S0                              1.500000   45.927895  -44.427898 (VIOLATED)
_19256_/S0                              1.500000   45.927895  -44.427898 (VIOLATED)
_19257_/S0                              1.500000   45.927895  -44.427898 (VIOLATED)
_19260_/S0                              1.500000   45.927895  -44.427898 (VIOLATED)
_19262_/S0                              1.500000   45.927895  -44.427898 (VIOLATED)
_19264_/S                               1.500000   45.927895  -44.427898 (VIOLATED)
_19265_/S                               1.500000   45.927895  -44.427898 (VIOLATED)
_19266_/S                               1.500000   45.927895  -44.427898 (VIOLATED)
_19267_/S                               1.500000   45.927895  -44.427898 (VIOLATED)
_19270_/S0                              1.500000   45.927895  -44.427898 (VIOLATED)
_19271_/S0                              1.500000   45.927895  -44.427898 (VIOLATED)
_19274_/S0                              1.500000   45.927895  -44.427898 (VIOLATED)
_19275_/S0                              1.500000   45.927895  -44.427898 (VIOLATED)
_19285_/S0                              1.500000   45.927895  -44.427898 (VIOLATED)
_19286_/S0                              1.500000   45.927895  -44.427898 (VIOLATED)
_19289_/S                               1.500000   45.927895  -44.427898 (VIOLATED)
_19290_/S                               1.500000   45.927895  -44.427898 (VIOLATED)
_19293_/S                               1.500000   45.927895  -44.427898 (VIOLATED)
_19295_/S                               1.500000   45.927895  -44.427898 (VIOLATED)
_19298_/S0                              1.500000   45.927895  -44.427898 (VIOLATED)
_19299_/S0                              1.500000   45.927895  -44.427898 (VIOLATED)
_19302_/S0                              1.500000   45.927895  -44.427898 (VIOLATED)
_19303_/S0                              1.500000   45.927895  -44.427898 (VIOLATED)
_19306_/S0                              1.500000   45.927895  -44.427898 (VIOLATED)
_19307_/S0                              1.500000   45.927895  -44.427898 (VIOLATED)
_19310_/S                               1.500000   45.927895  -44.427898 (VIOLATED)
_19311_/S                               1.500000   45.927895  -44.427898 (VIOLATED)
_19314_/S0                              1.500000   45.927895  -44.427898 (VIOLATED)
_19316_/S0                              1.500000   45.927895  -44.427898 (VIOLATED)
_19317_/S0                              1.500000   45.927895  -44.427898 (VIOLATED)
_19320_/S0                              1.500000   45.927895  -44.427898 (VIOLATED)
_19321_/S0                              1.500000   45.927895  -44.427898 (VIOLATED)
_19324_/S                               1.500000   45.927895  -44.427898 (VIOLATED)
_19326_/S                               1.500000   45.927895  -44.427898 (VIOLATED)
_19328_/S0                              1.500000   45.927895  -44.427898 (VIOLATED)
_19330_/S                               1.500000   45.927895  -44.427898 (VIOLATED)
_19331_/S                               1.500000   45.927895  -44.427898 (VIOLATED)
_19334_/S0                              1.500000   45.927895  -44.427898 (VIOLATED)
_19336_/S0                              1.500000   45.927895  -44.427898 (VIOLATED)
_19337_/S0                              1.500000   45.927895  -44.427898 (VIOLATED)
_19340_/S0                              1.500000   45.927895  -44.427898 (VIOLATED)
_19341_/S0                              1.500000   45.927895  -44.427898 (VIOLATED)
_19344_/S0                              1.500000   45.927895  -44.427898 (VIOLATED)
_19346_/S0                              1.500000   45.927895  -44.427898 (VIOLATED)
_19348_/S                               1.500000   45.927895  -44.427898 (VIOLATED)
_19349_/S                               1.500000   45.927895  -44.427898 (VIOLATED)
_19352_/S                               1.500000   45.927895  -44.427898 (VIOLATED)
_19354_/S                               1.500000   45.927895  -44.427898 (VIOLATED)
_19358_/S0                              1.500000   45.927895  -44.427898 (VIOLATED)
_19359_/S0                              1.500000   45.927895  -44.427898 (VIOLATED)
_19362_/S0                              1.500000   45.927895  -44.427898 (VIOLATED)
_19363_/S0                              1.500000   45.927895  -44.427898 (VIOLATED)
_19371_/S0                              1.500000   45.927895  -44.427898 (VIOLATED)
_19373_/S0                              1.500000   45.927895  -44.427898 (VIOLATED)
_19375_/S                               1.500000   45.927895  -44.427898 (VIOLATED)
_19376_/S                               1.500000   45.927895  -44.427898 (VIOLATED)
_19377_/S                               1.500000   45.927895  -44.427898 (VIOLATED)
_19378_/S                               1.500000   45.927895  -44.427898 (VIOLATED)
_19381_/S0                              1.500000   45.927895  -44.427898 (VIOLATED)
_19382_/S0                              1.500000   45.927895  -44.427898 (VIOLATED)
_19385_/S0                              1.500000   45.927895  -44.427898 (VIOLATED)
_19386_/S0                              1.500000   45.927895  -44.427898 (VIOLATED)
_19389_/S0                              1.500000   45.927895  -44.427898 (VIOLATED)
_19390_/S0                              1.500000   45.927895  -44.427898 (VIOLATED)
_19392_/S                               1.500000   45.927895  -44.427898 (VIOLATED)
_19393_/S                               1.500000   45.927895  -44.427898 (VIOLATED)
_19396_/S                               1.500000   45.927895  -44.427898 (VIOLATED)
_19398_/S                               1.500000   45.927895  -44.427898 (VIOLATED)
_19402_/S0                              1.500000   45.927895  -44.427898 (VIOLATED)
_19403_/S0                              1.500000   45.927895  -44.427898 (VIOLATED)
_19406_/S0                              1.500000   45.927895  -44.427898 (VIOLATED)
_19407_/S0                              1.500000   45.927895  -44.427898 (VIOLATED)
_19410_/S0                              1.500000   45.927895  -44.427898 (VIOLATED)
_19411_/S0                              1.500000   45.927895  -44.427898 (VIOLATED)
_19413_/S                               1.500000   45.927895  -44.427898 (VIOLATED)
_19414_/S                               1.500000   45.927895  -44.427898 (VIOLATED)
_19417_/S                               1.500000   45.927895  -44.427898 (VIOLATED)
_19419_/S                               1.500000   45.927895  -44.427898 (VIOLATED)
_19423_/S0                              1.500000   45.927895  -44.427898 (VIOLATED)
_19424_/S0                              1.500000   45.927895  -44.427898 (VIOLATED)
_19427_/S0                              1.500000   45.927895  -44.427898 (VIOLATED)
_19428_/S0                              1.500000   45.927895  -44.427898 (VIOLATED)
_19431_/S0                              1.500000   45.927895  -44.427898 (VIOLATED)
_19432_/S0                              1.500000   45.927895  -44.427898 (VIOLATED)
_19435_/S0                              1.500000   45.927895  -44.427898 (VIOLATED)
_19436_/S                               1.500000   45.927895  -44.427898 (VIOLATED)
_19438_/S                               1.500000   45.927895  -44.427898 (VIOLATED)
_19441_/S0                              1.500000   45.927895  -44.427898 (VIOLATED)
_19442_/S0                              1.500000   45.927895  -44.427898 (VIOLATED)
_19445_/S0                              1.500000   45.927895  -44.427898 (VIOLATED)
_19446_/S0                              1.500000   45.927895  -44.427898 (VIOLATED)
_19455_/S0                              1.500000   45.927895  -44.427898 (VIOLATED)
_19456_/S0                              1.500000   45.927895  -44.427898 (VIOLATED)
_19459_/S                               1.500000   45.927895  -44.427898 (VIOLATED)
_19460_/S                               1.500000   45.927895  -44.427898 (VIOLATED)
_19463_/S                               1.500000   45.927895  -44.427898 (VIOLATED)
_19465_/S                               1.500000   45.927895  -44.427898 (VIOLATED)
_19468_/S0                              1.500000   45.927895  -44.427898 (VIOLATED)
_19469_/S0                              1.500000   45.927895  -44.427898 (VIOLATED)
_19472_/S0                              1.500000   45.927895  -44.427898 (VIOLATED)
_19473_/S0                              1.500000   45.927895  -44.427898 (VIOLATED)
_19476_/S                               1.500000   45.927895  -44.427898 (VIOLATED)
_19478_/S                               1.500000   45.927895  -44.427898 (VIOLATED)
_19480_/S0                              1.500000   45.927895  -44.427898 (VIOLATED)
_19482_/S                               1.500000   45.927895  -44.427898 (VIOLATED)
_19484_/S                               1.500000   45.927895  -44.427898 (VIOLATED)
_19486_/S0                              1.500000   45.927895  -44.427898 (VIOLATED)
_19489_/S0                              1.500000   45.927895  -44.427898 (VIOLATED)
_19490_/S0                              1.500000   45.927895  -44.427898 (VIOLATED)
_19493_/S0                              1.500000   45.927895  -44.427898 (VIOLATED)
_19494_/S0                              1.500000   45.927895  -44.427898 (VIOLATED)
_19497_/S                               1.500000   45.927895  -44.427898 (VIOLATED)
_19499_/S                               1.500000   45.927895  -44.427898 (VIOLATED)
_19501_/S0                              1.500000   45.927895  -44.427898 (VIOLATED)
_19503_/S                               1.500000   45.927895  -44.427898 (VIOLATED)
_19504_/S                               1.500000   45.927895  -44.427898 (VIOLATED)
_19507_/S0                              1.500000   45.927895  -44.427898 (VIOLATED)
_19509_/S0                              1.500000   45.927895  -44.427898 (VIOLATED)
_19510_/S0                              1.500000   45.927895  -44.427898 (VIOLATED)
_19513_/S0                              1.500000   45.927895  -44.427898 (VIOLATED)
_19514_/S0                              1.500000   45.927895  -44.427898 (VIOLATED)
_19517_/S0                              1.500000   45.927895  -44.427898 (VIOLATED)
_19519_/S0                              1.500000   45.927895  -44.427898 (VIOLATED)
_19521_/S                               1.500000   45.927895  -44.427898 (VIOLATED)
_19522_/S                               1.500000   45.927895  -44.427898 (VIOLATED)
_19525_/S                               1.500000   45.927895  -44.427898 (VIOLATED)
_19527_/S                               1.500000   45.927895  -44.427898 (VIOLATED)
_19531_/S0                              1.500000   45.927895  -44.427898 (VIOLATED)
_19532_/S0                              1.500000   45.927895  -44.427898 (VIOLATED)
_19535_/S0                              1.500000   45.927895  -44.427898 (VIOLATED)
_19536_/S0                              1.500000   45.927895  -44.427898 (VIOLATED)
_19544_/S0                              1.500000   45.927895  -44.427898 (VIOLATED)
_19546_/S0                              1.500000   45.927895  -44.427898 (VIOLATED)
_19548_/S                               1.500000   45.927895  -44.427898 (VIOLATED)
_19549_/S                               1.500000   45.927895  -44.427898 (VIOLATED)
_19550_/S                               1.500000   45.927895  -44.427898 (VIOLATED)
_19551_/S                               1.500000   45.927895  -44.427898 (VIOLATED)
_19554_/S0                              1.500000   45.927895  -44.427898 (VIOLATED)
_19555_/S0                              1.500000   45.927895  -44.427898 (VIOLATED)
_19558_/S0                              1.500000   45.927895  -44.427898 (VIOLATED)
_19559_/S0                              1.500000   45.927895  -44.427898 (VIOLATED)
_19562_/S0                              1.500000   45.927895  -44.427898 (VIOLATED)
_19563_/S0                              1.500000   45.927895  -44.427898 (VIOLATED)
_19565_/S                               1.500000   45.927895  -44.427898 (VIOLATED)
_19566_/S                               1.500000   45.927895  -44.427898 (VIOLATED)
_19569_/S                               1.500000   45.927895  -44.427898 (VIOLATED)
_19571_/S                               1.500000   45.927895  -44.427898 (VIOLATED)
_19575_/S0                              1.500000   45.927895  -44.427898 (VIOLATED)
_19576_/S0                              1.500000   45.927895  -44.427898 (VIOLATED)
_19579_/S0                              1.500000   45.927895  -44.427898 (VIOLATED)
_19580_/S0                              1.500000   45.927895  -44.427898 (VIOLATED)
_19583_/S0                              1.500000   45.927895  -44.427898 (VIOLATED)
_19584_/S0                              1.500000   45.927895  -44.427898 (VIOLATED)
_19586_/S                               1.500000   45.927895  -44.427898 (VIOLATED)
_19587_/S                               1.500000   45.927895  -44.427898 (VIOLATED)
_19590_/S                               1.500000   45.927895  -44.427898 (VIOLATED)
_19592_/S                               1.500000   45.927895  -44.427898 (VIOLATED)
_19596_/S0                              1.500000   45.927895  -44.427898 (VIOLATED)
_19597_/S0                              1.500000   45.927895  -44.427898 (VIOLATED)
_19600_/S0                              1.500000   45.927895  -44.427898 (VIOLATED)
_19601_/S0                              1.500000   45.927895  -44.427898 (VIOLATED)
_19604_/S0                              1.500000   45.927895  -44.427898 (VIOLATED)
_19605_/S0                              1.500000   45.927895  -44.427898 (VIOLATED)
_19608_/S0                              1.500000   45.927895  -44.427898 (VIOLATED)
_19609_/S                               1.500000   45.927895  -44.427898 (VIOLATED)
_19611_/S                               1.500000   45.927895  -44.427898 (VIOLATED)
_19614_/S0                              1.500000   45.927895  -44.427898 (VIOLATED)
_19615_/S0                              1.500000   45.927895  -44.427898 (VIOLATED)
_19618_/S0                              1.500000   45.927895  -44.427898 (VIOLATED)
_19619_/S0                              1.500000   45.927895  -44.427898 (VIOLATED)
_19628_/S0                              1.500000   45.927895  -44.427898 (VIOLATED)
_19629_/S0                              1.500000   45.927895  -44.427898 (VIOLATED)
_19632_/S                               1.500000   45.927895  -44.427898 (VIOLATED)
_19633_/S                               1.500000   45.927895  -44.427898 (VIOLATED)
_19636_/S                               1.500000   45.927895  -44.427898 (VIOLATED)
_19638_/S                               1.500000   45.927895  -44.427898 (VIOLATED)
_19641_/S0                              1.500000   45.927895  -44.427898 (VIOLATED)
_19642_/S0                              1.500000   45.927895  -44.427898 (VIOLATED)
_19645_/S0                              1.500000   45.927895  -44.427898 (VIOLATED)
_19646_/S0                              1.500000   45.927895  -44.427898 (VIOLATED)
_19649_/S                               1.500000   45.927895  -44.427898 (VIOLATED)
_19651_/S                               1.500000   45.927895  -44.427898 (VIOLATED)
_19653_/S0                              1.500000   45.927895  -44.427898 (VIOLATED)
_19655_/S                               1.500000   45.927895  -44.427898 (VIOLATED)
_19657_/S                               1.500000   45.927895  -44.427898 (VIOLATED)
_19659_/S0                              1.500000   45.927895  -44.427898 (VIOLATED)
_19662_/S0                              1.500000   45.927895  -44.427898 (VIOLATED)
_19663_/S0                              1.500000   45.927895  -44.427898 (VIOLATED)
_19666_/S0                              1.500000   45.927895  -44.427898 (VIOLATED)
_19667_/S0                              1.500000   45.927895  -44.427898 (VIOLATED)
_19670_/S                               1.500000   45.927895  -44.427898 (VIOLATED)
_19672_/S                               1.500000   45.927895  -44.427898 (VIOLATED)
_19674_/S0                              1.500000   45.927895  -44.427898 (VIOLATED)
_19676_/S                               1.500000   45.927895  -44.427898 (VIOLATED)
_19677_/S                               1.500000   45.927895  -44.427898 (VIOLATED)
_19680_/S0                              1.500000   45.927895  -44.427898 (VIOLATED)
_19682_/S0                              1.500000   45.927895  -44.427898 (VIOLATED)
_19683_/S0                              1.500000   45.927895  -44.427898 (VIOLATED)
_19686_/S0                              1.500000   45.927895  -44.427898 (VIOLATED)
_19687_/S0                              1.500000   45.927895  -44.427898 (VIOLATED)
_19690_/S0                              1.500000   45.927895  -44.427898 (VIOLATED)
_19692_/S0                              1.500000   45.927895  -44.427898 (VIOLATED)
_19694_/S                               1.500000   45.927895  -44.427898 (VIOLATED)
_19695_/S                               1.500000   45.927895  -44.427898 (VIOLATED)
_19698_/S                               1.500000   45.927895  -44.427898 (VIOLATED)
_19700_/S                               1.500000   45.927895  -44.427898 (VIOLATED)
_19704_/S0                              1.500000   45.927895  -44.427898 (VIOLATED)
_19705_/S0                              1.500000   45.927895  -44.427898 (VIOLATED)
_19708_/S0                              1.500000   45.927895  -44.427898 (VIOLATED)
_19709_/S0                              1.500000   45.927895  -44.427898 (VIOLATED)
_19717_/S0                              1.500000   45.927895  -44.427898 (VIOLATED)
_19718_/S0                              1.500000   45.927895  -44.427898 (VIOLATED)
_19721_/S0                              1.500000   45.927895  -44.427898 (VIOLATED)
_19722_/S                               1.500000   45.927895  -44.427898 (VIOLATED)
_19724_/S                               1.500000   45.927895  -44.427898 (VIOLATED)
_19727_/S0                              1.500000   45.927895  -44.427898 (VIOLATED)
_19728_/S0                              1.500000   45.927895  -44.427898 (VIOLATED)
_19731_/S0                              1.500000   45.927895  -44.427898 (VIOLATED)
_19732_/S0                              1.500000   45.927895  -44.427898 (VIOLATED)
_19735_/S0                              1.500000   45.927895  -44.427898 (VIOLATED)
_19736_/S0                              1.500000   45.927895  -44.427898 (VIOLATED)
_19738_/S                               1.500000   45.927895  -44.427898 (VIOLATED)
_19739_/S                               1.500000   45.927895  -44.427898 (VIOLATED)
_19742_/S                               1.500000   45.927895  -44.427898 (VIOLATED)
_19744_/S                               1.500000   45.927895  -44.427898 (VIOLATED)
_19748_/S0                              1.500000   45.927895  -44.427898 (VIOLATED)
_19749_/S0                              1.500000   45.927895  -44.427898 (VIOLATED)
_19752_/S0                              1.500000   45.927895  -44.427898 (VIOLATED)
_19753_/S0                              1.500000   45.927895  -44.427898 (VIOLATED)
_19756_/S0                              1.500000   45.927895  -44.427898 (VIOLATED)
_19757_/S0                              1.500000   45.927895  -44.427898 (VIOLATED)
_19759_/S                               1.500000   45.927895  -44.427898 (VIOLATED)
_19760_/S                               1.500000   45.927895  -44.427898 (VIOLATED)
_19763_/S                               1.500000   45.927895  -44.427898 (VIOLATED)
_19765_/S                               1.500000   45.927895  -44.427898 (VIOLATED)
_19769_/S0                              1.500000   45.927895  -44.427898 (VIOLATED)
_19770_/S0                              1.500000   45.927895  -44.427898 (VIOLATED)
_19773_/S0                              1.500000   45.927895  -44.427898 (VIOLATED)
_19774_/S0                              1.500000   45.927895  -44.427898 (VIOLATED)
_19777_/S0                              1.500000   45.927895  -44.427898 (VIOLATED)
_19778_/S0                              1.500000   45.927895  -44.427898 (VIOLATED)
_19781_/S0                              1.500000   45.927895  -44.427898 (VIOLATED)
_19782_/S                               1.500000   45.927895  -44.427898 (VIOLATED)
_19784_/S                               1.500000   45.927895  -44.427898 (VIOLATED)
_19787_/S0                              1.500000   45.927895  -44.427898 (VIOLATED)
_19788_/S0                              1.500000   45.927895  -44.427898 (VIOLATED)
_19791_/S0                              1.500000   45.927895  -44.427898 (VIOLATED)
_19792_/S0                              1.500000   45.927895  -44.427898 (VIOLATED)
_19801_/S0                              1.500000   45.927895  -44.427898 (VIOLATED)
_19802_/S0                              1.500000   45.927895  -44.427898 (VIOLATED)
_19805_/S                               1.500000   45.927895  -44.427898 (VIOLATED)
_19806_/S                               1.500000   45.927895  -44.427898 (VIOLATED)
_19809_/S                               1.500000   45.927895  -44.427898 (VIOLATED)
_19811_/S                               1.500000   45.927895  -44.427898 (VIOLATED)
_19814_/S0                              1.500000   45.927895  -44.427898 (VIOLATED)
_19815_/S0                              1.500000   45.927895  -44.427898 (VIOLATED)
_19818_/S0                              1.500000   45.927895  -44.427898 (VIOLATED)
_19819_/S0                              1.500000   45.927895  -44.427898 (VIOLATED)
_19822_/S                               1.500000   45.927895  -44.427898 (VIOLATED)
_19824_/S                               1.500000   45.927895  -44.427898 (VIOLATED)
_19826_/S0                              1.500000   45.927895  -44.427898 (VIOLATED)
_19828_/S                               1.500000   45.927895  -44.427898 (VIOLATED)
_19830_/S                               1.500000   45.927895  -44.427898 (VIOLATED)
_19832_/S0                              1.500000   45.927895  -44.427898 (VIOLATED)
_19835_/S0                              1.500000   45.927895  -44.427898 (VIOLATED)
_19836_/S0                              1.500000   45.927895  -44.427898 (VIOLATED)
_19839_/S0                              1.500000   45.927895  -44.427898 (VIOLATED)
_19840_/S0                              1.500000   45.927895  -44.427898 (VIOLATED)
_19843_/S                               1.500000   45.927895  -44.427898 (VIOLATED)
_19845_/S                               1.500000   45.927895  -44.427898 (VIOLATED)
_19847_/S0                              1.500000   45.927895  -44.427898 (VIOLATED)
_19849_/S                               1.500000   45.927895  -44.427898 (VIOLATED)
_19850_/S                               1.500000   45.927895  -44.427898 (VIOLATED)
_19853_/S0                              1.500000   45.927895  -44.427898 (VIOLATED)
_19855_/S0                              1.500000   45.927895  -44.427898 (VIOLATED)
_19856_/S0                              1.500000   45.927895  -44.427898 (VIOLATED)
_19859_/S0                              1.500000   45.927895  -44.427898 (VIOLATED)
_19860_/S0                              1.500000   45.927895  -44.427898 (VIOLATED)
_19863_/S0                              1.500000   45.927895  -44.427898 (VIOLATED)
_19865_/S0                              1.500000   45.927895  -44.427898 (VIOLATED)
_19867_/S                               1.500000   45.927895  -44.427898 (VIOLATED)
_19868_/S                               1.500000   45.927895  -44.427898 (VIOLATED)
_19871_/S                               1.500000   45.927895  -44.427898 (VIOLATED)
_19873_/S                               1.500000   45.927895  -44.427898 (VIOLATED)
_19877_/S0                              1.500000   45.927895  -44.427898 (VIOLATED)
_19878_/S0                              1.500000   45.927895  -44.427898 (VIOLATED)
_19881_/S0                              1.500000   45.927895  -44.427898 (VIOLATED)
_19882_/S0                              1.500000   45.927895  -44.427898 (VIOLATED)
_19890_/S0                              1.500000   45.927895  -44.427898 (VIOLATED)
_19891_/S0                              1.500000   45.927895  -44.427898 (VIOLATED)
_19894_/S0                              1.500000   45.927895  -44.427898 (VIOLATED)
_19895_/S                               1.500000   45.927895  -44.427898 (VIOLATED)
_19897_/S                               1.500000   45.927895  -44.427898 (VIOLATED)
_19900_/S0                              1.500000   45.927895  -44.427898 (VIOLATED)
_19901_/S0                              1.500000   45.927895  -44.427898 (VIOLATED)
_19904_/S0                              1.500000   45.927895  -44.427898 (VIOLATED)
_19905_/S0                              1.500000   45.927895  -44.427898 (VIOLATED)
_19908_/S0                              1.500000   45.927895  -44.427898 (VIOLATED)
_19909_/S0                              1.500000   45.927895  -44.427898 (VIOLATED)
_19911_/S                               1.500000   45.927895  -44.427898 (VIOLATED)
_19912_/S                               1.500000   45.927895  -44.427898 (VIOLATED)
_19915_/S                               1.500000   45.927895  -44.427898 (VIOLATED)
_19917_/S                               1.500000   45.927895  -44.427898 (VIOLATED)
_19921_/S0                              1.500000   45.927895  -44.427898 (VIOLATED)
_19922_/S0                              1.500000   45.927895  -44.427898 (VIOLATED)
_19925_/S0                              1.500000   45.927895  -44.427898 (VIOLATED)
_19926_/S0                              1.500000   45.927895  -44.427898 (VIOLATED)
_19929_/S0                              1.500000   45.927895  -44.427898 (VIOLATED)
_19930_/S0                              1.500000   45.927895  -44.427898 (VIOLATED)
_19932_/S                               1.500000   45.927895  -44.427898 (VIOLATED)
_19933_/S                               1.500000   45.927895  -44.427898 (VIOLATED)
_19936_/S                               1.500000   45.927895  -44.427898 (VIOLATED)
_19938_/S                               1.500000   45.927895  -44.427898 (VIOLATED)
_19942_/S0                              1.500000   45.927895  -44.427898 (VIOLATED)
_19943_/S0                              1.500000   45.927895  -44.427898 (VIOLATED)
_19946_/S0                              1.500000   45.927895  -44.427898 (VIOLATED)
_19947_/S0                              1.500000   45.927895  -44.427898 (VIOLATED)
_19950_/S0                              1.500000   45.927895  -44.427898 (VIOLATED)
_19951_/S0                              1.500000   45.927895  -44.427898 (VIOLATED)
_19954_/S0                              1.500000   45.927895  -44.427898 (VIOLATED)
_19955_/S                               1.500000   45.927895  -44.427898 (VIOLATED)
_19957_/S                               1.500000   45.927895  -44.427898 (VIOLATED)
_19960_/S0                              1.500000   45.927895  -44.427898 (VIOLATED)
_19961_/S0                              1.500000   45.927895  -44.427898 (VIOLATED)
_19964_/S0                              1.500000   45.927895  -44.427898 (VIOLATED)
_19965_/S0                              1.500000   45.927895  -44.427898 (VIOLATED)
_19974_/S0                              1.500000   45.927895  -44.427898 (VIOLATED)
_19975_/S0                              1.500000   45.927895  -44.427898 (VIOLATED)
_19978_/S                               1.500000   45.927895  -44.427898 (VIOLATED)
_19979_/S                               1.500000   45.927895  -44.427898 (VIOLATED)
_19982_/S                               1.500000   45.927895  -44.427898 (VIOLATED)
_19984_/S                               1.500000   45.927895  -44.427898 (VIOLATED)
_19987_/S0                              1.500000   45.927895  -44.427898 (VIOLATED)
_19988_/S0                              1.500000   45.927895  -44.427898 (VIOLATED)
_19991_/S0                              1.500000   45.927895  -44.427898 (VIOLATED)
_19992_/S0                              1.500000   45.927895  -44.427898 (VIOLATED)
_19995_/S                               1.500000   45.927895  -44.427898 (VIOLATED)
_19997_/S                               1.500000   45.927895  -44.427898 (VIOLATED)
_19999_/S0                              1.500000   45.927895  -44.427898 (VIOLATED)
_20001_/S                               1.500000   45.927895  -44.427898 (VIOLATED)
_20003_/S                               1.500000   45.927895  -44.427898 (VIOLATED)
_20005_/S0                              1.500000   45.927895  -44.427898 (VIOLATED)
_20008_/S0                              1.500000   45.927895  -44.427898 (VIOLATED)
_20009_/S0                              1.500000   45.927895  -44.427898 (VIOLATED)
_20012_/S0                              1.500000   45.927895  -44.427898 (VIOLATED)
_20013_/S0                              1.500000   45.927895  -44.427898 (VIOLATED)
_20016_/S                               1.500000   45.927895  -44.427898 (VIOLATED)
_20018_/S                               1.500000   45.927895  -44.427898 (VIOLATED)
_20020_/S0                              1.500000   45.927895  -44.427898 (VIOLATED)
_20022_/S                               1.500000   45.927895  -44.427898 (VIOLATED)
_20023_/S                               1.500000   45.927895  -44.427898 (VIOLATED)
_20026_/S0                              1.500000   45.927895  -44.427898 (VIOLATED)
_20028_/S0                              1.500000   45.927895  -44.427898 (VIOLATED)
_20029_/S0                              1.500000   45.927895  -44.427898 (VIOLATED)
_20032_/S0                              1.500000   45.927895  -44.427898 (VIOLATED)
_20033_/S0                              1.500000   45.927895  -44.427898 (VIOLATED)
_20036_/S0                              1.500000   45.927895  -44.427898 (VIOLATED)
_20038_/S0                              1.500000   45.927895  -44.427898 (VIOLATED)
_20040_/S                               1.500000   45.927895  -44.427898 (VIOLATED)
_20041_/S                               1.500000   45.927895  -44.427898 (VIOLATED)
_20044_/S                               1.500000   45.927895  -44.427898 (VIOLATED)
_20046_/S                               1.500000   45.927895  -44.427898 (VIOLATED)
_20050_/S0                              1.500000   45.927895  -44.427898 (VIOLATED)
_20051_/S0                              1.500000   45.927895  -44.427898 (VIOLATED)
_20054_/S0                              1.500000   45.927895  -44.427898 (VIOLATED)
_20055_/S0                              1.500000   45.927895  -44.427898 (VIOLATED)
_20063_/S0                              1.500000   45.927895  -44.427898 (VIOLATED)
_20064_/S0                              1.500000   45.927895  -44.427898 (VIOLATED)
_20067_/S0                              1.500000   45.927895  -44.427898 (VIOLATED)
_20068_/S                               1.500000   45.927895  -44.427898 (VIOLATED)
_20070_/S                               1.500000   45.927895  -44.427898 (VIOLATED)
_20073_/S0                              1.500000   45.927895  -44.427898 (VIOLATED)
_20074_/S0                              1.500000   45.927895  -44.427898 (VIOLATED)
_20077_/S0                              1.500000   45.927895  -44.427898 (VIOLATED)
_20078_/S0                              1.500000   45.927895  -44.427898 (VIOLATED)
_20081_/S0                              1.500000   45.927895  -44.427898 (VIOLATED)
_20082_/S0                              1.500000   45.927895  -44.427898 (VIOLATED)
_20084_/S                               1.500000   45.927895  -44.427898 (VIOLATED)
_20085_/S                               1.500000   45.927895  -44.427898 (VIOLATED)
_20088_/S                               1.500000   45.927895  -44.427898 (VIOLATED)
_20090_/S                               1.500000   45.927895  -44.427898 (VIOLATED)
_20094_/S0                              1.500000   45.927895  -44.427898 (VIOLATED)
_20095_/S0                              1.500000   45.927895  -44.427898 (VIOLATED)
_20098_/S0                              1.500000   45.927895  -44.427898 (VIOLATED)
_20099_/S0                              1.500000   45.927895  -44.427898 (VIOLATED)
_20102_/S0                              1.500000   45.927895  -44.427898 (VIOLATED)
_20103_/S0                              1.500000   45.927895  -44.427898 (VIOLATED)
_20105_/S                               1.500000   45.927895  -44.427898 (VIOLATED)
_20106_/S                               1.500000   45.927895  -44.427898 (VIOLATED)
_20109_/S                               1.500000   45.927895  -44.427898 (VIOLATED)
_20111_/S                               1.500000   45.927895  -44.427898 (VIOLATED)
_20115_/S0                              1.500000   45.927895  -44.427898 (VIOLATED)
_20116_/S0                              1.500000   45.927895  -44.427898 (VIOLATED)
_20119_/S0                              1.500000   45.927895  -44.427898 (VIOLATED)
_20120_/S0                              1.500000   45.927895  -44.427898 (VIOLATED)
_20123_/S0                              1.500000   45.927895  -44.427898 (VIOLATED)
_20124_/S0                              1.500000   45.927895  -44.427898 (VIOLATED)
_20127_/S0                              1.500000   45.927895  -44.427898 (VIOLATED)
_20128_/S                               1.500000   45.927895  -44.427898 (VIOLATED)
_20130_/S                               1.500000   45.927895  -44.427898 (VIOLATED)
_20133_/S0                              1.500000   45.927895  -44.427898 (VIOLATED)
_20134_/S0                              1.500000   45.927895  -44.427898 (VIOLATED)
_20137_/S0                              1.500000   45.927895  -44.427898 (VIOLATED)
_20138_/S0                              1.500000   45.927895  -44.427898 (VIOLATED)
_20147_/S0                              1.500000   45.927895  -44.427898 (VIOLATED)
_20148_/S0                              1.500000   45.927895  -44.427898 (VIOLATED)
_20151_/S                               1.500000   45.927895  -44.427898 (VIOLATED)
_20152_/S                               1.500000   45.927895  -44.427898 (VIOLATED)
_20155_/S                               1.500000   45.927895  -44.427898 (VIOLATED)
_20157_/S                               1.500000   45.927895  -44.427898 (VIOLATED)
_20161_/S0                              1.500000   45.927895  -44.427898 (VIOLATED)
_20163_/S0                              1.500000   45.927895  -44.427898 (VIOLATED)
_20165_/S0                              1.500000   45.927895  -44.427898 (VIOLATED)
_20166_/S0                              1.500000   45.927895  -44.427898 (VIOLATED)
_20170_/S                               1.500000   45.927895  -44.427898 (VIOLATED)
_20172_/S                               1.500000   45.927895  -44.427898 (VIOLATED)
_20174_/S0                              1.500000   45.927895  -44.427898 (VIOLATED)
_20176_/S                               1.500000   45.927895  -44.427898 (VIOLATED)
_20178_/S                               1.500000   45.927895  -44.427898 (VIOLATED)
_20180_/S0                              1.500000   45.927895  -44.427898 (VIOLATED)
_20183_/S0                              1.500000   45.927895  -44.427898 (VIOLATED)
_20184_/S0                              1.500000   45.927895  -44.427898 (VIOLATED)
_20187_/S0                              1.500000   45.927895  -44.427898 (VIOLATED)
_20188_/S0                              1.500000   45.927895  -44.427898 (VIOLATED)
_20192_/S                               1.500000   45.927895  -44.427898 (VIOLATED)
_20194_/S                               1.500000   45.927895  -44.427898 (VIOLATED)
_20196_/S0                              1.500000   45.927895  -44.427898 (VIOLATED)
_20198_/S                               1.500000   45.927895  -44.427898 (VIOLATED)
_20199_/S                               1.500000   45.927895  -44.427898 (VIOLATED)
_20202_/S0                              1.500000   45.927895  -44.427898 (VIOLATED)
_20204_/S0                              1.500000   45.927895  -44.427898 (VIOLATED)
_20205_/S0                              1.500000   45.927895  -44.427898 (VIOLATED)
_20208_/S0                              1.500000   45.927895  -44.427898 (VIOLATED)
_20209_/S0                              1.500000   45.927895  -44.427898 (VIOLATED)
_20212_/S0                              1.500000   45.927895  -44.427898 (VIOLATED)
_20214_/S0                              1.500000   45.927895  -44.427898 (VIOLATED)
_20216_/S                               1.500000   45.927895  -44.427898 (VIOLATED)
_20217_/S                               1.500000   45.927895  -44.427898 (VIOLATED)
_20220_/S                               1.500000   45.927895  -44.427898 (VIOLATED)
_20222_/S                               1.500000   45.927895  -44.427898 (VIOLATED)
_20226_/S0                              1.500000   45.927895  -44.427898 (VIOLATED)
_20227_/S0                              1.500000   45.927895  -44.427898 (VIOLATED)
_20230_/S0                              1.500000   45.927895  -44.427898 (VIOLATED)
_20231_/S0                              1.500000   45.927895  -44.427898 (VIOLATED)
_20238_/S0                              1.500000   45.927895  -44.427898 (VIOLATED)
_20239_/S0                              1.500000   45.927895  -44.427898 (VIOLATED)
_20242_/S0                              1.500000   45.927895  -44.427898 (VIOLATED)
_20243_/S                               1.500000   45.927895  -44.427898 (VIOLATED)
_20245_/S                               1.500000   45.927895  -44.427898 (VIOLATED)
_20248_/S0                              1.500000   45.927895  -44.427898 (VIOLATED)
_20249_/S0                              1.500000   45.927895  -44.427898 (VIOLATED)
_20252_/S0                              1.500000   45.927895  -44.427898 (VIOLATED)
_20253_/S0                              1.500000   45.927895  -44.427898 (VIOLATED)
_20256_/S0                              1.500000   45.927895  -44.427898 (VIOLATED)
_20257_/S0                              1.500000   45.927895  -44.427898 (VIOLATED)
_20259_/S                               1.500000   45.927895  -44.427898 (VIOLATED)
_20260_/S                               1.500000   45.927895  -44.427898 (VIOLATED)
_20263_/S                               1.500000   45.927895  -44.427898 (VIOLATED)
_20265_/S                               1.500000   45.927895  -44.427898 (VIOLATED)
_20269_/S0                              1.500000   45.927895  -44.427898 (VIOLATED)
_20270_/S0                              1.500000   45.927895  -44.427898 (VIOLATED)
_20273_/S0                              1.500000   45.927895  -44.427898 (VIOLATED)
_20274_/S0                              1.500000   45.927895  -44.427898 (VIOLATED)
_20277_/S0                              1.500000   45.927895  -44.427898 (VIOLATED)
_20278_/S0                              1.500000   45.927895  -44.427898 (VIOLATED)
_20280_/S                               1.500000   45.927895  -44.427898 (VIOLATED)
_20281_/S                               1.500000   45.927895  -44.427898 (VIOLATED)
_20284_/S                               1.500000   45.927895  -44.427898 (VIOLATED)
_20286_/S                               1.500000   45.927895  -44.427898 (VIOLATED)
_20290_/S0                              1.500000   45.927895  -44.427898 (VIOLATED)
_20291_/S0                              1.500000   45.927895  -44.427898 (VIOLATED)
_20294_/S0                              1.500000   45.927895  -44.427898 (VIOLATED)
_20295_/S0                              1.500000   45.927895  -44.427898 (VIOLATED)
_20298_/S0                              1.500000   45.927895  -44.427898 (VIOLATED)
_20299_/S0                              1.500000   45.927895  -44.427898 (VIOLATED)
_20302_/S0                              1.500000   45.927895  -44.427898 (VIOLATED)
_20303_/S                               1.500000   45.927895  -44.427898 (VIOLATED)
_20305_/S                               1.500000   45.927895  -44.427898 (VIOLATED)
_20308_/S0                              1.500000   45.927895  -44.427898 (VIOLATED)
_20309_/S0                              1.500000   45.927895  -44.427898 (VIOLATED)
_20312_/S0                              1.500000   45.927895  -44.427898 (VIOLATED)
_20313_/S0                              1.500000   45.927895  -44.427898 (VIOLATED)
_20322_/S0                              1.500000   45.927895  -44.427898 (VIOLATED)
_20323_/S0                              1.500000   45.927895  -44.427898 (VIOLATED)
_20326_/S                               1.500000   45.927895  -44.427898 (VIOLATED)
_20327_/S                               1.500000   45.927895  -44.427898 (VIOLATED)
_20330_/S                               1.500000   45.927895  -44.427898 (VIOLATED)
_20332_/S                               1.500000   45.927895  -44.427898 (VIOLATED)
_20336_/S0                              1.500000   45.927895  -44.427898 (VIOLATED)
_20338_/S0                              1.500000   45.927895  -44.427898 (VIOLATED)
_20340_/S0                              1.500000   45.927895  -44.427898 (VIOLATED)
_20341_/S0                              1.500000   45.927895  -44.427898 (VIOLATED)
_20345_/S                               1.500000   45.927895  -44.427898 (VIOLATED)
_20347_/S                               1.500000   45.927895  -44.427898 (VIOLATED)
_20349_/S0                              1.500000   45.927895  -44.427898 (VIOLATED)
_20351_/S                               1.500000   45.927895  -44.427898 (VIOLATED)
_20353_/S                               1.500000   45.927895  -44.427898 (VIOLATED)
_20355_/S0                              1.500000   45.927895  -44.427898 (VIOLATED)
_20358_/S0                              1.500000   45.927895  -44.427898 (VIOLATED)
_20359_/S0                              1.500000   45.927895  -44.427898 (VIOLATED)
_20362_/S0                              1.500000   45.927895  -44.427898 (VIOLATED)
_20363_/S0                              1.500000   45.927895  -44.427898 (VIOLATED)
_20367_/S                               1.500000   45.927895  -44.427898 (VIOLATED)
_20369_/S                               1.500000   45.927895  -44.427898 (VIOLATED)
_20371_/S0                              1.500000   45.927895  -44.427898 (VIOLATED)
_20373_/S                               1.500000   45.927895  -44.427898 (VIOLATED)
_20374_/S                               1.500000   45.927895  -44.427898 (VIOLATED)
_20377_/S0                              1.500000   45.927895  -44.427898 (VIOLATED)
_20379_/S0                              1.500000   45.927895  -44.427898 (VIOLATED)
_20380_/S0                              1.500000   45.927895  -44.427898 (VIOLATED)
_20383_/S0                              1.500000   45.927895  -44.427898 (VIOLATED)
_20384_/S0                              1.500000   45.927895  -44.427898 (VIOLATED)
_20387_/S0                              1.500000   45.927895  -44.427898 (VIOLATED)
_20389_/S0                              1.500000   45.927895  -44.427898 (VIOLATED)
_20391_/S                               1.500000   45.927895  -44.427898 (VIOLATED)
_20392_/S                               1.500000   45.927895  -44.427898 (VIOLATED)
_20395_/S                               1.500000   45.927895  -44.427898 (VIOLATED)
_20397_/S                               1.500000   45.927895  -44.427898 (VIOLATED)
_20401_/S0                              1.500000   45.927895  -44.427898 (VIOLATED)
_20402_/S0                              1.500000   45.927895  -44.427898 (VIOLATED)
_20405_/S0                              1.500000   45.927895  -44.427898 (VIOLATED)
_20406_/S0                              1.500000   45.927895  -44.427898 (VIOLATED)
_20413_/S0                              1.500000   45.927895  -44.427898 (VIOLATED)
_20414_/S0                              1.500000   45.927895  -44.427898 (VIOLATED)
_20417_/S0                              1.500000   45.927895  -44.427898 (VIOLATED)
_20418_/S                               1.500000   45.927895  -44.427898 (VIOLATED)
_20420_/S                               1.500000   45.927895  -44.427898 (VIOLATED)
_20423_/S0                              1.500000   45.927895  -44.427898 (VIOLATED)
_20424_/S0                              1.500000   45.927895  -44.427898 (VIOLATED)
_20427_/S0                              1.500000   45.927895  -44.427898 (VIOLATED)
_20428_/S0                              1.500000   45.927895  -44.427898 (VIOLATED)
_20431_/S0                              1.500000   45.927895  -44.427898 (VIOLATED)
_20432_/S0                              1.500000   45.927895  -44.427898 (VIOLATED)
_20434_/S                               1.500000   45.927895  -44.427898 (VIOLATED)
_20435_/S                               1.500000   45.927895  -44.427898 (VIOLATED)
_20438_/S                               1.500000   45.927895  -44.427898 (VIOLATED)
_20440_/S                               1.500000   45.927895  -44.427898 (VIOLATED)
_20444_/S0                              1.500000   45.927895  -44.427898 (VIOLATED)
_20445_/S0                              1.500000   45.927895  -44.427898 (VIOLATED)
_20448_/S0                              1.500000   45.927895  -44.427898 (VIOLATED)
_20449_/S0                              1.500000   45.927895  -44.427898 (VIOLATED)
_20452_/S0                              1.500000   45.927895  -44.427898 (VIOLATED)
_20453_/S0                              1.500000   45.927895  -44.427898 (VIOLATED)
_20455_/S                               1.500000   45.927895  -44.427898 (VIOLATED)
_20456_/S                               1.500000   45.927895  -44.427898 (VIOLATED)
_20459_/S                               1.500000   45.927895  -44.427898 (VIOLATED)
_20461_/S                               1.500000   45.927895  -44.427898 (VIOLATED)
_20465_/S0                              1.500000   45.927895  -44.427898 (VIOLATED)
_20466_/S0                              1.500000   45.927895  -44.427898 (VIOLATED)
_20469_/S0                              1.500000   45.927895  -44.427898 (VIOLATED)
_20470_/S0                              1.500000   45.927895  -44.427898 (VIOLATED)
_20473_/S0                              1.500000   45.927895  -44.427898 (VIOLATED)
_20474_/S0                              1.500000   45.927895  -44.427898 (VIOLATED)
_20477_/S0                              1.500000   45.927895  -44.427898 (VIOLATED)
_20478_/S                               1.500000   45.927895  -44.427898 (VIOLATED)
_20480_/S                               1.500000   45.927895  -44.427898 (VIOLATED)
_20483_/S0                              1.500000   45.927895  -44.427898 (VIOLATED)
_20484_/S0                              1.500000   45.927895  -44.427898 (VIOLATED)
_20487_/S0                              1.500000   45.927895  -44.427898 (VIOLATED)
_20488_/S0                              1.500000   45.927895  -44.427898 (VIOLATED)
_20497_/S0                              1.500000   45.927895  -44.427898 (VIOLATED)
_20498_/S0                              1.500000   45.927895  -44.427898 (VIOLATED)
_20501_/S                               1.500000   45.927895  -44.427898 (VIOLATED)
_20502_/S                               1.500000   45.927895  -44.427898 (VIOLATED)
_20505_/S                               1.500000   45.927895  -44.427898 (VIOLATED)
_20507_/S                               1.500000   45.927895  -44.427898 (VIOLATED)
_20511_/S0                              1.500000   45.927895  -44.427898 (VIOLATED)
_20513_/S0                              1.500000   45.927895  -44.427898 (VIOLATED)
_20515_/S0                              1.500000   45.927895  -44.427898 (VIOLATED)
_20516_/S0                              1.500000   45.927895  -44.427898 (VIOLATED)
_20520_/S                               1.500000   45.927895  -44.427898 (VIOLATED)
_20522_/S                               1.500000   45.927895  -44.427898 (VIOLATED)
_20524_/S0                              1.500000   45.927895  -44.427898 (VIOLATED)
_20526_/S                               1.500000   45.927895  -44.427898 (VIOLATED)
_20528_/S                               1.500000   45.927895  -44.427898 (VIOLATED)
_20530_/S0                              1.500000   45.927895  -44.427898 (VIOLATED)
_20533_/S0                              1.500000   45.927895  -44.427898 (VIOLATED)
_20534_/S0                              1.500000   45.927895  -44.427898 (VIOLATED)
_20537_/S0                              1.500000   45.927895  -44.427898 (VIOLATED)
_20538_/S0                              1.500000   45.927895  -44.427898 (VIOLATED)
_20542_/S                               1.500000   45.927895  -44.427898 (VIOLATED)
_20544_/S                               1.500000   45.927895  -44.427898 (VIOLATED)
_20546_/S0                              1.500000   45.927895  -44.427898 (VIOLATED)
_20548_/S                               1.500000   45.927895  -44.427898 (VIOLATED)
_20549_/S                               1.500000   45.927895  -44.427898 (VIOLATED)
_20552_/S0                              1.500000   45.927895  -44.427898 (VIOLATED)
_20554_/S0                              1.500000   45.927895  -44.427898 (VIOLATED)
_20555_/S0                              1.500000   45.927895  -44.427898 (VIOLATED)
_20558_/S0                              1.500000   45.927895  -44.427898 (VIOLATED)
_20559_/S0                              1.500000   45.927895  -44.427898 (VIOLATED)
_20562_/S0                              1.500000   45.927895  -44.427898 (VIOLATED)
_20564_/S0                              1.500000   45.927895  -44.427898 (VIOLATED)
_20566_/S                               1.500000   45.927895  -44.427898 (VIOLATED)
_20567_/S                               1.500000   45.927895  -44.427898 (VIOLATED)
_20570_/S                               1.500000   45.927895  -44.427898 (VIOLATED)
_20572_/S                               1.500000   45.927895  -44.427898 (VIOLATED)
_20576_/S0                              1.500000   45.927895  -44.427898 (VIOLATED)
_20577_/S0                              1.500000   45.927895  -44.427898 (VIOLATED)
_20580_/S0                              1.500000   45.927895  -44.427898 (VIOLATED)
_20581_/S0                              1.500000   45.927895  -44.427898 (VIOLATED)
_20588_/S0                              1.500000   45.927895  -44.427898 (VIOLATED)
_20590_/S0                              1.500000   45.927895  -44.427898 (VIOLATED)
_20592_/S                               1.500000   45.927895  -44.427898 (VIOLATED)
_20593_/S                               1.500000   45.927895  -44.427898 (VIOLATED)
_20594_/S                               1.500000   45.927895  -44.427898 (VIOLATED)
_20595_/S                               1.500000   45.927895  -44.427898 (VIOLATED)
_20598_/S0                              1.500000   45.927895  -44.427898 (VIOLATED)
_20599_/S0                              1.500000   45.927895  -44.427898 (VIOLATED)
_20602_/S0                              1.500000   45.927895  -44.427898 (VIOLATED)
_20603_/S0                              1.500000   45.927895  -44.427898 (VIOLATED)
_20606_/S0                              1.500000   45.927895  -44.427898 (VIOLATED)
_20607_/S0                              1.500000   45.927895  -44.427898 (VIOLATED)
_20609_/S                               1.500000   45.927895  -44.427898 (VIOLATED)
_20610_/S                               1.500000   45.927895  -44.427898 (VIOLATED)
_20613_/S                               1.500000   45.927895  -44.427898 (VIOLATED)
_20615_/S                               1.500000   45.927895  -44.427898 (VIOLATED)
_20619_/S0                              1.500000   45.927895  -44.427898 (VIOLATED)
_20620_/S0                              1.500000   45.927895  -44.427898 (VIOLATED)
_20623_/S0                              1.500000   45.927895  -44.427898 (VIOLATED)
_20624_/S0                              1.500000   45.927895  -44.427898 (VIOLATED)
_20627_/S0                              1.500000   45.927895  -44.427898 (VIOLATED)
_20628_/S0                              1.500000   45.927895  -44.427898 (VIOLATED)
_20630_/S                               1.500000   45.927895  -44.427898 (VIOLATED)
_20631_/S                               1.500000   45.927895  -44.427898 (VIOLATED)
_20634_/S                               1.500000   45.927895  -44.427898 (VIOLATED)
_20636_/S                               1.500000   45.927895  -44.427898 (VIOLATED)
_20640_/S0                              1.500000   45.927895  -44.427898 (VIOLATED)
_20641_/S0                              1.500000   45.927895  -44.427898 (VIOLATED)
_20644_/S0                              1.500000   45.927895  -44.427898 (VIOLATED)
_20645_/S0                              1.500000   45.927895  -44.427898 (VIOLATED)
_20648_/S0                              1.500000   45.927895  -44.427898 (VIOLATED)
_20649_/S0                              1.500000   45.927895  -44.427898 (VIOLATED)
_20652_/S0                              1.500000   45.927895  -44.427898 (VIOLATED)
_20653_/S                               1.500000   45.927895  -44.427898 (VIOLATED)
_20655_/S                               1.500000   45.927895  -44.427898 (VIOLATED)
_20658_/S0                              1.500000   45.927895  -44.427898 (VIOLATED)
_20659_/S0                              1.500000   45.927895  -44.427898 (VIOLATED)
_20662_/S0                              1.500000   45.927895  -44.427898 (VIOLATED)
_20663_/S0                              1.500000   45.927895  -44.427898 (VIOLATED)
_20672_/S0                              1.500000   45.927895  -44.427898 (VIOLATED)
_20673_/S0                              1.500000   45.927895  -44.427898 (VIOLATED)
_20676_/S                               1.500000   45.927895  -44.427898 (VIOLATED)
_20677_/S                               1.500000   45.927895  -44.427898 (VIOLATED)
_20680_/S                               1.500000   45.927895  -44.427898 (VIOLATED)
_20682_/S                               1.500000   45.927895  -44.427898 (VIOLATED)
_20685_/S0                              1.500000   45.927895  -44.427898 (VIOLATED)
_20686_/S0                              1.500000   45.927895  -44.427898 (VIOLATED)
_20689_/S0                              1.500000   45.927895  -44.427898 (VIOLATED)
_20690_/S0                              1.500000   45.927895  -44.427898 (VIOLATED)
_20693_/S                               1.500000   45.927895  -44.427898 (VIOLATED)
_20695_/S                               1.500000   45.927895  -44.427898 (VIOLATED)
_20697_/S0                              1.500000   45.927895  -44.427898 (VIOLATED)
_20699_/S                               1.500000   45.927895  -44.427898 (VIOLATED)
_20701_/S                               1.500000   45.927895  -44.427898 (VIOLATED)
_20703_/S0                              1.500000   45.927895  -44.427898 (VIOLATED)
_20706_/S0                              1.500000   45.927895  -44.427898 (VIOLATED)
_20707_/S0                              1.500000   45.927895  -44.427898 (VIOLATED)
_20710_/S0                              1.500000   45.927895  -44.427898 (VIOLATED)
_20711_/S0                              1.500000   45.927895  -44.427898 (VIOLATED)
_20714_/S                               1.500000   45.927895  -44.427898 (VIOLATED)
_20716_/S                               1.500000   45.927895  -44.427898 (VIOLATED)
_20718_/S0                              1.500000   45.927895  -44.427898 (VIOLATED)
_20720_/S                               1.500000   45.927895  -44.427898 (VIOLATED)
_20721_/S                               1.500000   45.927895  -44.427898 (VIOLATED)
_20724_/S0                              1.500000   45.927895  -44.427898 (VIOLATED)
_20726_/S0                              1.500000   45.927895  -44.427898 (VIOLATED)
_20727_/S0                              1.500000   45.927895  -44.427898 (VIOLATED)
_20730_/S0                              1.500000   45.927895  -44.427898 (VIOLATED)
_20731_/S0                              1.500000   45.927895  -44.427898 (VIOLATED)
_20734_/S0                              1.500000   45.927895  -44.427898 (VIOLATED)
_20736_/S0                              1.500000   45.927895  -44.427898 (VIOLATED)
_20738_/S                               1.500000   45.927895  -44.427898 (VIOLATED)
_20739_/S                               1.500000   45.927895  -44.427898 (VIOLATED)
_20742_/S                               1.500000   45.927895  -44.427898 (VIOLATED)
_20744_/S                               1.500000   45.927895  -44.427898 (VIOLATED)
_20748_/S0                              1.500000   45.927895  -44.427898 (VIOLATED)
_20749_/S0                              1.500000   45.927895  -44.427898 (VIOLATED)
_20752_/S0                              1.500000   45.927895  -44.427898 (VIOLATED)
_20753_/S0                              1.500000   45.927895  -44.427898 (VIOLATED)
_20761_/S0                              1.500000   45.927895  -44.427898 (VIOLATED)
_20763_/S0                              1.500000   45.927895  -44.427898 (VIOLATED)
_20765_/S                               1.500000   45.927895  -44.427898 (VIOLATED)
_20766_/S                               1.500000   45.927895  -44.427898 (VIOLATED)
_20767_/S                               1.500000   45.927895  -44.427898 (VIOLATED)
_20768_/S                               1.500000   45.927895  -44.427898 (VIOLATED)
_20771_/S0                              1.500000   45.927895  -44.427898 (VIOLATED)
_20772_/S0                              1.500000   45.927895  -44.427898 (VIOLATED)
_20775_/S0                              1.500000   45.927895  -44.427898 (VIOLATED)
_20776_/S0                              1.500000   45.927895  -44.427898 (VIOLATED)
_20779_/S0                              1.500000   45.927895  -44.427898 (VIOLATED)
_20780_/S0                              1.500000   45.927895  -44.427898 (VIOLATED)
_20782_/S                               1.500000   45.927895  -44.427898 (VIOLATED)
_20783_/S                               1.500000   45.927895  -44.427898 (VIOLATED)
_20786_/S                               1.500000   45.927895  -44.427898 (VIOLATED)
_20788_/S                               1.500000   45.927895  -44.427898 (VIOLATED)
_20792_/S0                              1.500000   45.927895  -44.427898 (VIOLATED)
_20793_/S0                              1.500000   45.927895  -44.427898 (VIOLATED)
_20796_/S0                              1.500000   45.927895  -44.427898 (VIOLATED)
_20797_/S0                              1.500000   45.927895  -44.427898 (VIOLATED)
_20800_/S0                              1.500000   45.927895  -44.427898 (VIOLATED)
_20801_/S0                              1.500000   45.927895  -44.427898 (VIOLATED)
_20803_/S                               1.500000   45.927895  -44.427898 (VIOLATED)
_20804_/S                               1.500000   45.927895  -44.427898 (VIOLATED)
_20807_/S                               1.500000   45.927895  -44.427898 (VIOLATED)
_20809_/S                               1.500000   45.927895  -44.427898 (VIOLATED)
_20813_/S0                              1.500000   45.927895  -44.427898 (VIOLATED)
_20814_/S0                              1.500000   45.927895  -44.427898 (VIOLATED)
_20817_/S0                              1.500000   45.927895  -44.427898 (VIOLATED)
_20818_/S0                              1.500000   45.927895  -44.427898 (VIOLATED)
_20821_/S0                              1.500000   45.927895  -44.427898 (VIOLATED)
_20822_/S0                              1.500000   45.927895  -44.427898 (VIOLATED)
_20825_/S0                              1.500000   45.927895  -44.427898 (VIOLATED)
_20826_/S                               1.500000   45.927895  -44.427898 (VIOLATED)
_20828_/S                               1.500000   45.927895  -44.427898 (VIOLATED)
_20831_/S0                              1.500000   45.927895  -44.427898 (VIOLATED)
_20832_/S0                              1.500000   45.927895  -44.427898 (VIOLATED)
_20835_/S0                              1.500000   45.927895  -44.427898 (VIOLATED)
_20836_/S0                              1.500000   45.927895  -44.427898 (VIOLATED)
_20845_/S0                              1.500000   45.927895  -44.427898 (VIOLATED)
_20846_/S0                              1.500000   45.927895  -44.427898 (VIOLATED)
_20849_/S                               1.500000   45.927895  -44.427898 (VIOLATED)
_20850_/S                               1.500000   45.927895  -44.427898 (VIOLATED)
_20853_/S                               1.500000   45.927895  -44.427898 (VIOLATED)
_20855_/S                               1.500000   45.927895  -44.427898 (VIOLATED)
_20859_/S0                              1.500000   45.927895  -44.427898 (VIOLATED)
_20861_/S0                              1.500000   45.927895  -44.427898 (VIOLATED)
_20863_/S0                              1.500000   45.927895  -44.427898 (VIOLATED)
_20864_/S0                              1.500000   45.927895  -44.427898 (VIOLATED)
_20868_/S                               1.500000   45.927895  -44.427898 (VIOLATED)
_20870_/S                               1.500000   45.927895  -44.427898 (VIOLATED)
_20872_/S0                              1.500000   45.927895  -44.427898 (VIOLATED)
_20874_/S                               1.500000   45.927895  -44.427898 (VIOLATED)
_20876_/S                               1.500000   45.927895  -44.427898 (VIOLATED)
_20878_/S0                              1.500000   45.927895  -44.427898 (VIOLATED)
_20881_/S0                              1.500000   45.927895  -44.427898 (VIOLATED)
_20882_/S0                              1.500000   45.927895  -44.427898 (VIOLATED)
_20885_/S0                              1.500000   45.927895  -44.427898 (VIOLATED)
_20886_/S0                              1.500000   45.927895  -44.427898 (VIOLATED)
_20890_/S                               1.500000   45.927895  -44.427898 (VIOLATED)
_20892_/S                               1.500000   45.927895  -44.427898 (VIOLATED)
_20894_/S0                              1.500000   45.927895  -44.427898 (VIOLATED)
_20896_/S                               1.500000   45.927895  -44.427898 (VIOLATED)
_20897_/S                               1.500000   45.927895  -44.427898 (VIOLATED)
_20900_/S0                              1.500000   45.927895  -44.427898 (VIOLATED)
_20902_/S0                              1.500000   45.927895  -44.427898 (VIOLATED)
_20903_/S0                              1.500000   45.927895  -44.427898 (VIOLATED)
_20906_/S0                              1.500000   45.927895  -44.427898 (VIOLATED)
_20907_/S0                              1.500000   45.927895  -44.427898 (VIOLATED)
_20910_/S0                              1.500000   45.927895  -44.427898 (VIOLATED)
_20912_/S0                              1.500000   45.927895  -44.427898 (VIOLATED)
_20914_/S                               1.500000   45.927895  -44.427898 (VIOLATED)
_20915_/S                               1.500000   45.927895  -44.427898 (VIOLATED)
_20918_/S                               1.500000   45.927895  -44.427898 (VIOLATED)
_20920_/S                               1.500000   45.927895  -44.427898 (VIOLATED)
_20924_/S0                              1.500000   45.927895  -44.427898 (VIOLATED)
_20925_/S0                              1.500000   45.927895  -44.427898 (VIOLATED)
_20928_/S0                              1.500000   45.927895  -44.427898 (VIOLATED)
_20929_/S0                              1.500000   45.927895  -44.427898 (VIOLATED)
_20936_/S0                              1.500000   45.927895  -44.427898 (VIOLATED)
_20938_/S0                              1.500000   45.927895  -44.427898 (VIOLATED)
_20940_/S                               1.500000   45.927895  -44.427898 (VIOLATED)
_20941_/S                               1.500000   45.927895  -44.427898 (VIOLATED)
_20942_/S                               1.500000   45.927895  -44.427898 (VIOLATED)
_20943_/S                               1.500000   45.927895  -44.427898 (VIOLATED)
_20946_/S0                              1.500000   45.927895  -44.427898 (VIOLATED)
_20947_/S0                              1.500000   45.927895  -44.427898 (VIOLATED)
_20950_/S0                              1.500000   45.927895  -44.427898 (VIOLATED)
_20951_/S0                              1.500000   45.927895  -44.427898 (VIOLATED)
_20954_/S0                              1.500000   45.927895  -44.427898 (VIOLATED)
_20955_/S0                              1.500000   45.927895  -44.427898 (VIOLATED)
_20957_/S                               1.500000   45.927895  -44.427898 (VIOLATED)
_20958_/S                               1.500000   45.927895  -44.427898 (VIOLATED)
_20961_/S                               1.500000   45.927895  -44.427898 (VIOLATED)
_20963_/S                               1.500000   45.927895  -44.427898 (VIOLATED)
_20967_/S0                              1.500000   45.927895  -44.427898 (VIOLATED)
_20968_/S0                              1.500000   45.927895  -44.427898 (VIOLATED)
_20971_/S0                              1.500000   45.927895  -44.427898 (VIOLATED)
_20972_/S0                              1.500000   45.927895  -44.427898 (VIOLATED)
_20975_/S0                              1.500000   45.927895  -44.427898 (VIOLATED)
_20976_/S0                              1.500000   45.927895  -44.427898 (VIOLATED)
_20978_/S                               1.500000   45.927895  -44.427898 (VIOLATED)
_20979_/S                               1.500000   45.927895  -44.427898 (VIOLATED)
_20982_/S                               1.500000   45.927895  -44.427898 (VIOLATED)
_20984_/S                               1.500000   45.927895  -44.427898 (VIOLATED)
_20988_/S0                              1.500000   45.927895  -44.427898 (VIOLATED)
_20989_/S0                              1.500000   45.927895  -44.427898 (VIOLATED)
_20992_/S0                              1.500000   45.927895  -44.427898 (VIOLATED)
_20993_/S0                              1.500000   45.927895  -44.427898 (VIOLATED)
_20996_/S0                              1.500000   45.927895  -44.427898 (VIOLATED)
_20997_/S0                              1.500000   45.927895  -44.427898 (VIOLATED)
_21000_/S0                              1.500000   45.927895  -44.427898 (VIOLATED)
_21001_/S                               1.500000   45.927895  -44.427898 (VIOLATED)
_21003_/S                               1.500000   45.927895  -44.427898 (VIOLATED)
_21006_/S0                              1.500000   45.927895  -44.427898 (VIOLATED)
_21007_/S0                              1.500000   45.927895  -44.427898 (VIOLATED)
_21010_/S0                              1.500000   45.927895  -44.427898 (VIOLATED)
_21011_/S0                              1.500000   45.927895  -44.427898 (VIOLATED)
_21020_/S0                              1.500000   45.927895  -44.427898 (VIOLATED)
_21021_/S0                              1.500000   45.927895  -44.427898 (VIOLATED)
_21024_/S                               1.500000   45.927895  -44.427898 (VIOLATED)
_21025_/S                               1.500000   45.927895  -44.427898 (VIOLATED)
_21028_/S                               1.500000   45.927895  -44.427898 (VIOLATED)
_21030_/S                               1.500000   45.927895  -44.427898 (VIOLATED)
_21034_/S0                              1.500000   45.927895  -44.427898 (VIOLATED)
_21036_/S0                              1.500000   45.927895  -44.427898 (VIOLATED)
_21038_/S0                              1.500000   45.927895  -44.427898 (VIOLATED)
_21039_/S0                              1.500000   45.927895  -44.427898 (VIOLATED)
_21043_/S                               1.500000   45.927895  -44.427898 (VIOLATED)
_21045_/S                               1.500000   45.927895  -44.427898 (VIOLATED)
_21047_/S0                              1.500000   45.927895  -44.427898 (VIOLATED)
_21049_/S                               1.500000   45.927895  -44.427898 (VIOLATED)
_21051_/S                               1.500000   45.927895  -44.427898 (VIOLATED)
_21053_/S0                              1.500000   45.927895  -44.427898 (VIOLATED)
_21056_/S0                              1.500000   45.927895  -44.427898 (VIOLATED)
_21057_/S0                              1.500000   45.927895  -44.427898 (VIOLATED)
_21060_/S0                              1.500000   45.927895  -44.427898 (VIOLATED)
_21061_/S0                              1.500000   45.927895  -44.427898 (VIOLATED)
_21065_/S                               1.500000   45.927895  -44.427898 (VIOLATED)
_21067_/S                               1.500000   45.927895  -44.427898 (VIOLATED)
_21069_/S0                              1.500000   45.927895  -44.427898 (VIOLATED)
_21071_/S                               1.500000   45.927895  -44.427898 (VIOLATED)
_21072_/S                               1.500000   45.927895  -44.427898 (VIOLATED)
_21075_/S0                              1.500000   45.927895  -44.427898 (VIOLATED)
_21077_/S0                              1.500000   45.927895  -44.427898 (VIOLATED)
_21078_/S0                              1.500000   45.927895  -44.427898 (VIOLATED)
_21081_/S0                              1.500000   45.927895  -44.427898 (VIOLATED)
_21082_/S0                              1.500000   45.927895  -44.427898 (VIOLATED)
_21085_/S0                              1.500000   45.927895  -44.427898 (VIOLATED)
_21087_/S0                              1.500000   45.927895  -44.427898 (VIOLATED)
_21089_/S                               1.500000   45.927895  -44.427898 (VIOLATED)
_21090_/S                               1.500000   45.927895  -44.427898 (VIOLATED)
_21093_/S                               1.500000   45.927895  -44.427898 (VIOLATED)
_21095_/S                               1.500000   45.927895  -44.427898 (VIOLATED)
_21099_/S0                              1.500000   45.927895  -44.427898 (VIOLATED)
_21100_/S0                              1.500000   45.927895  -44.427898 (VIOLATED)
_21103_/S0                              1.500000   45.927895  -44.427898 (VIOLATED)
_21104_/S0                              1.500000   45.927895  -44.427898 (VIOLATED)
_21111_/S0                              1.500000   45.927895  -44.427898 (VIOLATED)
_21112_/S0                              1.500000   45.927895  -44.427898 (VIOLATED)
_21115_/S0                              1.500000   45.927895  -44.427898 (VIOLATED)
_21116_/S                               1.500000   45.927895  -44.427898 (VIOLATED)
_21118_/S                               1.500000   45.927895  -44.427898 (VIOLATED)
_21121_/S0                              1.500000   45.927895  -44.427898 (VIOLATED)
_21122_/S0                              1.500000   45.927895  -44.427898 (VIOLATED)
_21125_/S0                              1.500000   45.927895  -44.427898 (VIOLATED)
_21126_/S0                              1.500000   45.927895  -44.427898 (VIOLATED)
_21129_/S0                              1.500000   45.927895  -44.427898 (VIOLATED)
_21130_/S0                              1.500000   45.927895  -44.427898 (VIOLATED)
_21132_/S                               1.500000   45.927895  -44.427898 (VIOLATED)
_21133_/S                               1.500000   45.927895  -44.427898 (VIOLATED)
_21136_/S                               1.500000   45.927895  -44.427898 (VIOLATED)
_21138_/S                               1.500000   45.927895  -44.427898 (VIOLATED)
_21142_/S0                              1.500000   45.927895  -44.427898 (VIOLATED)
_21143_/S0                              1.500000   45.927895  -44.427898 (VIOLATED)
_21146_/S0                              1.500000   45.927895  -44.427898 (VIOLATED)
_21147_/S0                              1.500000   45.927895  -44.427898 (VIOLATED)
_21150_/S0                              1.500000   45.927895  -44.427898 (VIOLATED)
_21151_/S0                              1.500000   45.927895  -44.427898 (VIOLATED)
_21153_/S                               1.500000   45.927895  -44.427898 (VIOLATED)
_21154_/S                               1.500000   45.927895  -44.427898 (VIOLATED)
_21157_/S                               1.500000   45.927895  -44.427898 (VIOLATED)
_21159_/S                               1.500000   45.927895  -44.427898 (VIOLATED)
_21163_/S0                              1.500000   45.927895  -44.427898 (VIOLATED)
_21164_/S0                              1.500000   45.927895  -44.427898 (VIOLATED)
_21167_/S0                              1.500000   45.927895  -44.427898 (VIOLATED)
_21168_/S0                              1.500000   45.927895  -44.427898 (VIOLATED)
_21171_/S0                              1.500000   45.927895  -44.427898 (VIOLATED)
_21172_/S0                              1.500000   45.927895  -44.427898 (VIOLATED)
_21175_/S0                              1.500000   45.927895  -44.427898 (VIOLATED)
_21176_/S                               1.500000   45.927895  -44.427898 (VIOLATED)
_21178_/S                               1.500000   45.927895  -44.427898 (VIOLATED)
_21181_/S0                              1.500000   45.927895  -44.427898 (VIOLATED)
_21182_/S0                              1.500000   45.927895  -44.427898 (VIOLATED)
_21185_/S0                              1.500000   45.927895  -44.427898 (VIOLATED)
_21186_/S0                              1.500000   45.927895  -44.427898 (VIOLATED)
_21195_/S0                              1.500000   45.927895  -44.427898 (VIOLATED)
_21196_/S0                              1.500000   45.927895  -44.427898 (VIOLATED)
_21199_/S                               1.500000   45.927895  -44.427898 (VIOLATED)
_21200_/S                               1.500000   45.927895  -44.427898 (VIOLATED)
_21203_/S                               1.500000   45.927895  -44.427898 (VIOLATED)
_21205_/S                               1.500000   45.927895  -44.427898 (VIOLATED)
_21208_/S0                              1.500000   45.927895  -44.427898 (VIOLATED)
_21209_/S0                              1.500000   45.927895  -44.427898 (VIOLATED)
_21212_/S0                              1.500000   45.927895  -44.427898 (VIOLATED)
_21213_/S0                              1.500000   45.927895  -44.427898 (VIOLATED)
_21216_/S                               1.500000   45.927895  -44.427898 (VIOLATED)
_21218_/S                               1.500000   45.927895  -44.427898 (VIOLATED)
_21220_/S0                              1.500000   45.927895  -44.427898 (VIOLATED)
_21222_/S                               1.500000   45.927895  -44.427898 (VIOLATED)
_21224_/S                               1.500000   45.927895  -44.427898 (VIOLATED)
_21226_/S0                              1.500000   45.927895  -44.427898 (VIOLATED)
_21229_/S0                              1.500000   45.927895  -44.427898 (VIOLATED)
_21230_/S0                              1.500000   45.927895  -44.427898 (VIOLATED)
_21233_/S0                              1.500000   45.927895  -44.427898 (VIOLATED)
_21234_/S0                              1.500000   45.927895  -44.427898 (VIOLATED)
_21237_/S                               1.500000   45.927895  -44.427898 (VIOLATED)
_21239_/S                               1.500000   45.927895  -44.427898 (VIOLATED)
_21241_/S0                              1.500000   45.927895  -44.427898 (VIOLATED)
_21243_/S                               1.500000   45.927895  -44.427898 (VIOLATED)
_21244_/S                               1.500000   45.927895  -44.427898 (VIOLATED)
_21247_/S0                              1.500000   45.927895  -44.427898 (VIOLATED)
_21249_/S0                              1.500000   45.927895  -44.427898 (VIOLATED)
_21250_/S0                              1.500000   45.927895  -44.427898 (VIOLATED)
_21253_/S0                              1.500000   45.927895  -44.427898 (VIOLATED)
_21254_/S0                              1.500000   45.927895  -44.427898 (VIOLATED)
_21257_/S0                              1.500000   45.927895  -44.427898 (VIOLATED)
_21259_/S0                              1.500000   45.927895  -44.427898 (VIOLATED)
_21261_/S                               1.500000   45.927895  -44.427898 (VIOLATED)
_21262_/S                               1.500000   45.927895  -44.427898 (VIOLATED)
_21265_/S                               1.500000   45.927895  -44.427898 (VIOLATED)
_21267_/S                               1.500000   45.927895  -44.427898 (VIOLATED)
_21271_/S0                              1.500000   45.927895  -44.427898 (VIOLATED)
_21272_/S0                              1.500000   45.927895  -44.427898 (VIOLATED)
_21275_/S0                              1.500000   45.927895  -44.427898 (VIOLATED)
_21276_/S0                              1.500000   45.927895  -44.427898 (VIOLATED)
_21284_/S0                              1.500000   45.927895  -44.427898 (VIOLATED)
_21286_/S0                              1.500000   45.927895  -44.427898 (VIOLATED)
_21288_/S                               1.500000   45.927895  -44.427898 (VIOLATED)
_21289_/S                               1.500000   45.927895  -44.427898 (VIOLATED)
_21290_/S                               1.500000   45.927895  -44.427898 (VIOLATED)
_21291_/S                               1.500000   45.927895  -44.427898 (VIOLATED)
_21294_/S0                              1.500000   45.927895  -44.427898 (VIOLATED)
_21295_/S0                              1.500000   45.927895  -44.427898 (VIOLATED)
_21298_/S0                              1.500000   45.927895  -44.427898 (VIOLATED)
_21299_/S0                              1.500000   45.927895  -44.427898 (VIOLATED)
_21302_/S0                              1.500000   45.927895  -44.427898 (VIOLATED)
_21303_/S0                              1.500000   45.927895  -44.427898 (VIOLATED)
_21305_/S                               1.500000   45.927895  -44.427898 (VIOLATED)
_21306_/S                               1.500000   45.927895  -44.427898 (VIOLATED)
_21309_/S                               1.500000   45.927895  -44.427898 (VIOLATED)
_21311_/S                               1.500000   45.927895  -44.427898 (VIOLATED)
_21315_/S0                              1.500000   45.927895  -44.427898 (VIOLATED)
_21316_/S0                              1.500000   45.927895  -44.427898 (VIOLATED)
_21319_/S0                              1.500000   45.927895  -44.427898 (VIOLATED)
_21320_/S0                              1.500000   45.927895  -44.427898 (VIOLATED)
_21323_/S0                              1.500000   45.927895  -44.427898 (VIOLATED)
_21324_/S0                              1.500000   45.927895  -44.427898 (VIOLATED)
_21326_/S                               1.500000   45.927895  -44.427898 (VIOLATED)
_21327_/S                               1.500000   45.927895  -44.427898 (VIOLATED)
_21330_/S                               1.500000   45.927895  -44.427898 (VIOLATED)
_21332_/S                               1.500000   45.927895  -44.427898 (VIOLATED)
_21336_/S0                              1.500000   45.927895  -44.427898 (VIOLATED)
_21337_/S0                              1.500000   45.927895  -44.427898 (VIOLATED)
_21340_/S0                              1.500000   45.927895  -44.427898 (VIOLATED)
_21341_/S0                              1.500000   45.927895  -44.427898 (VIOLATED)
_21344_/S0                              1.500000   45.927895  -44.427898 (VIOLATED)
_21345_/S0                              1.500000   45.927895  -44.427898 (VIOLATED)
_21348_/S0                              1.500000   45.927895  -44.427898 (VIOLATED)
_21349_/S                               1.500000   45.927895  -44.427898 (VIOLATED)
_21351_/S                               1.500000   45.927895  -44.427898 (VIOLATED)
_21354_/S0                              1.500000   45.927895  -44.427898 (VIOLATED)
_21355_/S0                              1.500000   45.927895  -44.427898 (VIOLATED)
_21358_/S0                              1.500000   45.927895  -44.427898 (VIOLATED)
_21359_/S0                              1.500000   45.927895  -44.427898 (VIOLATED)
_21368_/S0                              1.500000   45.927895  -44.427898 (VIOLATED)
_21369_/S0                              1.500000   45.927895  -44.427898 (VIOLATED)
_21372_/S                               1.500000   45.927895  -44.427898 (VIOLATED)
_21373_/S                               1.500000   45.927895  -44.427898 (VIOLATED)
_21376_/S                               1.500000   45.927895  -44.427898 (VIOLATED)
_21378_/S                               1.500000   45.927895  -44.427898 (VIOLATED)
_21382_/S0                              1.500000   45.927895  -44.427898 (VIOLATED)
_21384_/S0                              1.500000   45.927895  -44.427898 (VIOLATED)
_21386_/S0                              1.500000   45.927895  -44.427898 (VIOLATED)
_21387_/S0                              1.500000   45.927895  -44.427898 (VIOLATED)
_21391_/S                               1.500000   45.927895  -44.427898 (VIOLATED)
_21393_/S                               1.500000   45.927895  -44.427898 (VIOLATED)
_21395_/S0                              1.500000   45.927895  -44.427898 (VIOLATED)
_21397_/S                               1.500000   45.927895  -44.427898 (VIOLATED)
_21399_/S                               1.500000   45.927895  -44.427898 (VIOLATED)
_21401_/S0                              1.500000   45.927895  -44.427898 (VIOLATED)
_21404_/S0                              1.500000   45.927895  -44.427898 (VIOLATED)
_21405_/S0                              1.500000   45.927895  -44.427898 (VIOLATED)
_21408_/S0                              1.500000   45.927895  -44.427898 (VIOLATED)
_21409_/S0                              1.500000   45.927895  -44.427898 (VIOLATED)
_21413_/S                               1.500000   45.927895  -44.427898 (VIOLATED)
_21415_/S                               1.500000   45.927895  -44.427898 (VIOLATED)
_21417_/S0                              1.500000   45.927895  -44.427898 (VIOLATED)
_21419_/S                               1.500000   45.927895  -44.427898 (VIOLATED)
_21420_/S                               1.500000   45.927895  -44.427898 (VIOLATED)
_21423_/S0                              1.500000   45.927895  -44.427898 (VIOLATED)
_21425_/S0                              1.500000   45.927895  -44.427898 (VIOLATED)
_21426_/S0                              1.500000   45.927895  -44.427898 (VIOLATED)
_21429_/S0                              1.500000   45.927895  -44.427898 (VIOLATED)
_21430_/S0                              1.500000   45.927895  -44.427898 (VIOLATED)
_21433_/S0                              1.500000   45.927895  -44.427898 (VIOLATED)
_21435_/S0                              1.500000   45.927895  -44.427898 (VIOLATED)
_21437_/S                               1.500000   45.927895  -44.427898 (VIOLATED)
_21438_/S                               1.500000   45.927895  -44.427898 (VIOLATED)
_21441_/S                               1.500000   45.927895  -44.427898 (VIOLATED)
_21443_/S                               1.500000   45.927895  -44.427898 (VIOLATED)
_21447_/S0                              1.500000   45.927895  -44.427898 (VIOLATED)
_21448_/S0                              1.500000   45.927895  -44.427898 (VIOLATED)
_21451_/S0                              1.500000   45.927895  -44.427898 (VIOLATED)
_21452_/S0                              1.500000   45.927895  -44.427898 (VIOLATED)
_21459_/S0                              1.500000   45.927895  -44.427898 (VIOLATED)
_21461_/S0                              1.500000   45.927895  -44.427898 (VIOLATED)
_21463_/S                               1.500000   45.927895  -44.427898 (VIOLATED)
_21464_/S                               1.500000   45.927895  -44.427898 (VIOLATED)
_21465_/S                               1.500000   45.927895  -44.427898 (VIOLATED)
_21466_/S                               1.500000   45.927895  -44.427898 (VIOLATED)
_21469_/S0                              1.500000   45.927895  -44.427898 (VIOLATED)
_21470_/S0                              1.500000   45.927895  -44.427898 (VIOLATED)
_21473_/S0                              1.500000   45.927895  -44.427898 (VIOLATED)
_21474_/S0                              1.500000   45.927895  -44.427898 (VIOLATED)
_21477_/S0                              1.500000   45.927895  -44.427898 (VIOLATED)
_21478_/S0                              1.500000   45.927895  -44.427898 (VIOLATED)
_21480_/S                               1.500000   45.927895  -44.427898 (VIOLATED)
_21481_/S                               1.500000   45.927895  -44.427898 (VIOLATED)
_21484_/S                               1.500000   45.927895  -44.427898 (VIOLATED)
_21486_/S                               1.500000   45.927895  -44.427898 (VIOLATED)
_21490_/S0                              1.500000   45.927895  -44.427898 (VIOLATED)
_21491_/S0                              1.500000   45.927895  -44.427898 (VIOLATED)
_21494_/S0                              1.500000   45.927895  -44.427898 (VIOLATED)
_21495_/S0                              1.500000   45.927895  -44.427898 (VIOLATED)
_21498_/S0                              1.500000   45.927895  -44.427898 (VIOLATED)
_21499_/S0                              1.500000   45.927895  -44.427898 (VIOLATED)
_21501_/S                               1.500000   45.927895  -44.427898 (VIOLATED)
_21502_/S                               1.500000   45.927895  -44.427898 (VIOLATED)
_21505_/S                               1.500000   45.927895  -44.427898 (VIOLATED)
_21507_/S                               1.500000   45.927895  -44.427898 (VIOLATED)
_21511_/S0                              1.500000   45.927895  -44.427898 (VIOLATED)
_21512_/S0                              1.500000   45.927895  -44.427898 (VIOLATED)
_21515_/S0                              1.500000   45.927895  -44.427898 (VIOLATED)
_21516_/S0                              1.500000   45.927895  -44.427898 (VIOLATED)
_21519_/S0                              1.500000   45.927895  -44.427898 (VIOLATED)
_21520_/S0                              1.500000   45.927895  -44.427898 (VIOLATED)
_21523_/S0                              1.500000   45.927895  -44.427898 (VIOLATED)
_21524_/S                               1.500000   45.927895  -44.427898 (VIOLATED)
_21526_/S                               1.500000   45.927895  -44.427898 (VIOLATED)
_21529_/S0                              1.500000   45.927895  -44.427898 (VIOLATED)
_21530_/S0                              1.500000   45.927895  -44.427898 (VIOLATED)
_21533_/S0                              1.500000   45.927895  -44.427898 (VIOLATED)
_21534_/S0                              1.500000   45.927895  -44.427898 (VIOLATED)
_21543_/S0                              1.500000   45.927895  -44.427898 (VIOLATED)
_21544_/S0                              1.500000   45.927895  -44.427898 (VIOLATED)
_21547_/S                               1.500000   45.927895  -44.427898 (VIOLATED)
_21548_/S                               1.500000   45.927895  -44.427898 (VIOLATED)
_21551_/S                               1.500000   45.927895  -44.427898 (VIOLATED)
_21553_/S                               1.500000   45.927895  -44.427898 (VIOLATED)
_21556_/S0                              1.500000   45.927895  -44.427898 (VIOLATED)
_21557_/S0                              1.500000   45.927895  -44.427898 (VIOLATED)
_21560_/S0                              1.500000   45.927895  -44.427898 (VIOLATED)
_21561_/S0                              1.500000   45.927895  -44.427898 (VIOLATED)
_21564_/S                               1.500000   45.927895  -44.427898 (VIOLATED)
_21566_/S                               1.500000   45.927895  -44.427898 (VIOLATED)
_21568_/S0                              1.500000   45.927895  -44.427898 (VIOLATED)
_21570_/S                               1.500000   45.927895  -44.427898 (VIOLATED)
_21572_/S                               1.500000   45.927895  -44.427898 (VIOLATED)
_21574_/S0                              1.500000   45.927895  -44.427898 (VIOLATED)
_21577_/S0                              1.500000   45.927895  -44.427898 (VIOLATED)
_21578_/S0                              1.500000   45.927895  -44.427898 (VIOLATED)
_21581_/S0                              1.500000   45.927895  -44.427898 (VIOLATED)
_21582_/S0                              1.500000   45.927895  -44.427898 (VIOLATED)
_21585_/S                               1.500000   45.927895  -44.427898 (VIOLATED)
_21587_/S                               1.500000   45.927895  -44.427898 (VIOLATED)
_21589_/S0                              1.500000   45.927895  -44.427898 (VIOLATED)
_21591_/S                               1.500000   45.927895  -44.427898 (VIOLATED)
_21592_/S                               1.500000   45.927895  -44.427898 (VIOLATED)
_21595_/S0                              1.500000   45.927895  -44.427898 (VIOLATED)
_21597_/S0                              1.500000   45.927895  -44.427898 (VIOLATED)
_21598_/S0                              1.500000   45.927895  -44.427898 (VIOLATED)
_21601_/S0                              1.500000   45.927895  -44.427898 (VIOLATED)
_21602_/S0                              1.500000   45.927895  -44.427898 (VIOLATED)
_21605_/S0                              1.500000   45.927895  -44.427898 (VIOLATED)
_21607_/S0                              1.500000   45.927895  -44.427898 (VIOLATED)
_21609_/S                               1.500000   45.927895  -44.427898 (VIOLATED)
_21610_/S                               1.500000   45.927895  -44.427898 (VIOLATED)
_21613_/S                               1.500000   45.927895  -44.427898 (VIOLATED)
_21615_/S                               1.500000   45.927895  -44.427898 (VIOLATED)
_21619_/S0                              1.500000   45.927895  -44.427898 (VIOLATED)
_21620_/S0                              1.500000   45.927895  -44.427898 (VIOLATED)
_21623_/S0                              1.500000   45.927895  -44.427898 (VIOLATED)
_21624_/S0                              1.500000   45.927895  -44.427898 (VIOLATED)
_21632_/S0                              1.500000   45.927895  -44.427898 (VIOLATED)
_21634_/S0                              1.500000   45.927895  -44.427898 (VIOLATED)
_21636_/S                               1.500000   45.927895  -44.427898 (VIOLATED)
_21637_/S                               1.500000   45.927895  -44.427898 (VIOLATED)
_21638_/S                               1.500000   45.927895  -44.427898 (VIOLATED)
_21639_/S                               1.500000   45.927895  -44.427898 (VIOLATED)
_21642_/S0                              1.500000   45.927895  -44.427898 (VIOLATED)
_21643_/S0                              1.500000   45.927895  -44.427898 (VIOLATED)
_21646_/S0                              1.500000   45.927895  -44.427898 (VIOLATED)
_21647_/S0                              1.500000   45.927895  -44.427898 (VIOLATED)
_21650_/S0                              1.500000   45.927895  -44.427898 (VIOLATED)
_21651_/S0                              1.500000   45.927895  -44.427898 (VIOLATED)
_21653_/S                               1.500000   45.927895  -44.427898 (VIOLATED)
_21654_/S                               1.500000   45.927895  -44.427898 (VIOLATED)
_21657_/S                               1.500000   45.927895  -44.427898 (VIOLATED)
_21659_/S                               1.500000   45.927895  -44.427898 (VIOLATED)
_21663_/S0                              1.500000   45.927895  -44.427898 (VIOLATED)
_21664_/S0                              1.500000   45.927895  -44.427898 (VIOLATED)
_21667_/S0                              1.500000   45.927895  -44.427898 (VIOLATED)
_21668_/S0                              1.500000   45.927895  -44.427898 (VIOLATED)
_21671_/S0                              1.500000   45.927895  -44.427898 (VIOLATED)
_21672_/S0                              1.500000   45.927895  -44.427898 (VIOLATED)
_21674_/S                               1.500000   45.927895  -44.427898 (VIOLATED)
_21675_/S                               1.500000   45.927895  -44.427898 (VIOLATED)
_21678_/S                               1.500000   45.927895  -44.427898 (VIOLATED)
_21680_/S                               1.500000   45.927895  -44.427898 (VIOLATED)
_21684_/S0                              1.500000   45.927895  -44.427898 (VIOLATED)
_21685_/S0                              1.500000   45.927895  -44.427898 (VIOLATED)
_21688_/S0                              1.500000   45.927895  -44.427898 (VIOLATED)
_21689_/S0                              1.500000   45.927895  -44.427898 (VIOLATED)
_21692_/S0                              1.500000   45.927895  -44.427898 (VIOLATED)
_21693_/S0                              1.500000   45.927895  -44.427898 (VIOLATED)
_21696_/S0                              1.500000   45.927895  -44.427898 (VIOLATED)
_21697_/S                               1.500000   45.927895  -44.427898 (VIOLATED)
_21699_/S                               1.500000   45.927895  -44.427898 (VIOLATED)
_21702_/S0                              1.500000   45.927895  -44.427898 (VIOLATED)
_21703_/S0                              1.500000   45.927895  -44.427898 (VIOLATED)
_21706_/S0                              1.500000   45.927895  -44.427898 (VIOLATED)
_21707_/S0                              1.500000   45.927895  -44.427898 (VIOLATED)
_21716_/S0                              1.500000   45.927895  -44.427898 (VIOLATED)
_21717_/S0                              1.500000   45.927895  -44.427898 (VIOLATED)
_21720_/S                               1.500000   45.927895  -44.427898 (VIOLATED)
_21721_/S                               1.500000   45.927895  -44.427898 (VIOLATED)
_21724_/S                               1.500000   45.927895  -44.427898 (VIOLATED)
_21726_/S                               1.500000   45.927895  -44.427898 (VIOLATED)
_21730_/S0                              1.500000   45.927895  -44.427898 (VIOLATED)
_21732_/S0                              1.500000   45.927895  -44.427898 (VIOLATED)
_21734_/S0                              1.500000   45.927895  -44.427898 (VIOLATED)
_21735_/S0                              1.500000   45.927895  -44.427898 (VIOLATED)
_21739_/S                               1.500000   45.927895  -44.427898 (VIOLATED)
_21741_/S                               1.500000   45.927895  -44.427898 (VIOLATED)
_21743_/S0                              1.500000   45.927895  -44.427898 (VIOLATED)
_21745_/S                               1.500000   45.927895  -44.427898 (VIOLATED)
_21747_/S                               1.500000   45.927895  -44.427898 (VIOLATED)
_21749_/S0                              1.500000   45.927895  -44.427898 (VIOLATED)
_21752_/S0                              1.500000   45.927895  -44.427898 (VIOLATED)
_21753_/S0                              1.500000   45.927895  -44.427898 (VIOLATED)
_21756_/S0                              1.500000   45.927895  -44.427898 (VIOLATED)
_21757_/S0                              1.500000   45.927895  -44.427898 (VIOLATED)
_21761_/S                               1.500000   45.927895  -44.427898 (VIOLATED)
_21763_/S                               1.500000   45.927895  -44.427898 (VIOLATED)
_21765_/S0                              1.500000   45.927895  -44.427898 (VIOLATED)
_21767_/S                               1.500000   45.927895  -44.427898 (VIOLATED)
_21768_/S                               1.500000   45.927895  -44.427898 (VIOLATED)
_21771_/S0                              1.500000   45.927895  -44.427898 (VIOLATED)
_21773_/S0                              1.500000   45.927895  -44.427898 (VIOLATED)
_21774_/S0                              1.500000   45.927895  -44.427898 (VIOLATED)
_21777_/S0                              1.500000   45.927895  -44.427898 (VIOLATED)
_21778_/S0                              1.500000   45.927895  -44.427898 (VIOLATED)
_21781_/S0                              1.500000   45.927895  -44.427898 (VIOLATED)
_21783_/S0                              1.500000   45.927895  -44.427898 (VIOLATED)
_21785_/S                               1.500000   45.927895  -44.427898 (VIOLATED)
_21786_/S                               1.500000   45.927895  -44.427898 (VIOLATED)
_21789_/S                               1.500000   45.927895  -44.427898 (VIOLATED)
_21791_/S                               1.500000   45.927895  -44.427898 (VIOLATED)
_21795_/S0                              1.500000   45.927895  -44.427898 (VIOLATED)
_21796_/S0                              1.500000   45.927895  -44.427898 (VIOLATED)
_21799_/S0                              1.500000   45.927895  -44.427898 (VIOLATED)
_21800_/S0                              1.500000   45.927895  -44.427898 (VIOLATED)
_21807_/S0                              1.500000   45.927895  -44.427898 (VIOLATED)
_21808_/S0                              1.500000   45.927895  -44.427898 (VIOLATED)
_21811_/S0                              1.500000   45.927895  -44.427898 (VIOLATED)
_21812_/S                               1.500000   45.927895  -44.427898 (VIOLATED)
_21814_/S                               1.500000   45.927895  -44.427898 (VIOLATED)
_21817_/S0                              1.500000   45.927895  -44.427898 (VIOLATED)
_21818_/S0                              1.500000   45.927895  -44.427898 (VIOLATED)
_21821_/S0                              1.500000   45.927895  -44.427898 (VIOLATED)
_21822_/S0                              1.500000   45.927895  -44.427898 (VIOLATED)
_21825_/S0                              1.500000   45.927895  -44.427898 (VIOLATED)
_21826_/S0                              1.500000   45.927895  -44.427898 (VIOLATED)
_21828_/S                               1.500000   45.927895  -44.427898 (VIOLATED)
_21829_/S                               1.500000   45.927895  -44.427898 (VIOLATED)
_21832_/S                               1.500000   45.927895  -44.427898 (VIOLATED)
_21834_/S                               1.500000   45.927895  -44.427898 (VIOLATED)
_21838_/S0                              1.500000   45.927895  -44.427898 (VIOLATED)
_21839_/S0                              1.500000   45.927895  -44.427898 (VIOLATED)
_21842_/S0                              1.500000   45.927895  -44.427898 (VIOLATED)
_21843_/S0                              1.500000   45.927895  -44.427898 (VIOLATED)
_21846_/S0                              1.500000   45.927895  -44.427898 (VIOLATED)
_21847_/S0                              1.500000   45.927895  -44.427898 (VIOLATED)
_21849_/S                               1.500000   45.927895  -44.427898 (VIOLATED)
_21850_/S                               1.500000   45.927895  -44.427898 (VIOLATED)
_21853_/S                               1.500000   45.927895  -44.427898 (VIOLATED)
_21855_/S                               1.500000   45.927895  -44.427898 (VIOLATED)
_21859_/S0                              1.500000   45.927895  -44.427898 (VIOLATED)
_21860_/S0                              1.500000   45.927895  -44.427898 (VIOLATED)
_21863_/S0                              1.500000   45.927895  -44.427898 (VIOLATED)
_21864_/S0                              1.500000   45.927895  -44.427898 (VIOLATED)
_21867_/S0                              1.500000   45.927895  -44.427898 (VIOLATED)
_21868_/S0                              1.500000   45.927895  -44.427898 (VIOLATED)
_21871_/S0                              1.500000   45.927895  -44.427898 (VIOLATED)
_21872_/S                               1.500000   45.927895  -44.427898 (VIOLATED)
_21874_/S                               1.500000   45.927895  -44.427898 (VIOLATED)
_21877_/S0                              1.500000   45.927895  -44.427898 (VIOLATED)
_21878_/S0                              1.500000   45.927895  -44.427898 (VIOLATED)
_21881_/S0                              1.500000   45.927895  -44.427898 (VIOLATED)
_21882_/S0                              1.500000   45.927895  -44.427898 (VIOLATED)
_21891_/S0                              1.500000   45.927895  -44.427898 (VIOLATED)
_21892_/S0                              1.500000   45.927895  -44.427898 (VIOLATED)
_21895_/S                               1.500000   45.927895  -44.427898 (VIOLATED)
_21896_/S                               1.500000   45.927895  -44.427898 (VIOLATED)
_21899_/S                               1.500000   45.927895  -44.427898 (VIOLATED)
_21901_/S                               1.500000   45.927895  -44.427898 (VIOLATED)
_21904_/S0                              1.500000   45.927895  -44.427898 (VIOLATED)
_21905_/S0                              1.500000   45.927895  -44.427898 (VIOLATED)
_21908_/S0                              1.500000   45.927895  -44.427898 (VIOLATED)
_21909_/S0                              1.500000   45.927895  -44.427898 (VIOLATED)
_21912_/S                               1.500000   45.927895  -44.427898 (VIOLATED)
_21914_/S                               1.500000   45.927895  -44.427898 (VIOLATED)
_21916_/S0                              1.500000   45.927895  -44.427898 (VIOLATED)
_21918_/S                               1.500000   45.927895  -44.427898 (VIOLATED)
_21920_/S                               1.500000   45.927895  -44.427898 (VIOLATED)
_21922_/S0                              1.500000   45.927895  -44.427898 (VIOLATED)
_21925_/S0                              1.500000   45.927895  -44.427898 (VIOLATED)
_21926_/S0                              1.500000   45.927895  -44.427898 (VIOLATED)
_21929_/S0                              1.500000   45.927895  -44.427898 (VIOLATED)
_21930_/S0                              1.500000   45.927895  -44.427898 (VIOLATED)
_21933_/S                               1.500000   45.927895  -44.427898 (VIOLATED)
_21935_/S                               1.500000   45.927895  -44.427898 (VIOLATED)
_21937_/S0                              1.500000   45.927895  -44.427898 (VIOLATED)
_21939_/S                               1.500000   45.927895  -44.427898 (VIOLATED)
_21940_/S                               1.500000   45.927895  -44.427898 (VIOLATED)
_21943_/S0                              1.500000   45.927895  -44.427898 (VIOLATED)
_21945_/S0                              1.500000   45.927895  -44.427898 (VIOLATED)
_21946_/S0                              1.500000   45.927895  -44.427898 (VIOLATED)
_21949_/S0                              1.500000   45.927895  -44.427898 (VIOLATED)
_21950_/S0                              1.500000   45.927895  -44.427898 (VIOLATED)
_21953_/S0                              1.500000   45.927895  -44.427898 (VIOLATED)
_21955_/S0                              1.500000   45.927895  -44.427898 (VIOLATED)
_21957_/S                               1.500000   45.927895  -44.427898 (VIOLATED)
_21958_/S                               1.500000   45.927895  -44.427898 (VIOLATED)
_21961_/S                               1.500000   45.927895  -44.427898 (VIOLATED)
_21963_/S                               1.500000   45.927895  -44.427898 (VIOLATED)
_21967_/S0                              1.500000   45.927895  -44.427898 (VIOLATED)
_21968_/S0                              1.500000   45.927895  -44.427898 (VIOLATED)
_21971_/S0                              1.500000   45.927895  -44.427898 (VIOLATED)
_21972_/S0                              1.500000   45.927895  -44.427898 (VIOLATED)
_21980_/S0                              1.500000   45.927895  -44.427898 (VIOLATED)
_21981_/S0                              1.500000   45.927895  -44.427898 (VIOLATED)
_21984_/S0                              1.500000   45.927895  -44.427898 (VIOLATED)
_21985_/S                               1.500000   45.927895  -44.427898 (VIOLATED)
_21987_/S                               1.500000   45.927895  -44.427898 (VIOLATED)
_21990_/S0                              1.500000   45.927895  -44.427898 (VIOLATED)
_21991_/S0                              1.500000   45.927895  -44.427898 (VIOLATED)
_21994_/S0                              1.500000   45.927895  -44.427898 (VIOLATED)
_21995_/S0                              1.500000   45.927895  -44.427898 (VIOLATED)
_21998_/S0                              1.500000   45.927895  -44.427898 (VIOLATED)
_21999_/S0                              1.500000   45.927895  -44.427898 (VIOLATED)
_22001_/S                               1.500000   45.927895  -44.427898 (VIOLATED)
_22002_/S                               1.500000   45.927895  -44.427898 (VIOLATED)
_22005_/S                               1.500000   45.927895  -44.427898 (VIOLATED)
_22007_/S                               1.500000   45.927895  -44.427898 (VIOLATED)
_22011_/S0                              1.500000   45.927895  -44.427898 (VIOLATED)
_22012_/S0                              1.500000   45.927895  -44.427898 (VIOLATED)
_22015_/S0                              1.500000   45.927895  -44.427898 (VIOLATED)
_22016_/S0                              1.500000   45.927895  -44.427898 (VIOLATED)
_22019_/S0                              1.500000   45.927895  -44.427898 (VIOLATED)
_22020_/S0                              1.500000   45.927895  -44.427898 (VIOLATED)
_22022_/S                               1.500000   45.927895  -44.427898 (VIOLATED)
_22023_/S                               1.500000   45.927895  -44.427898 (VIOLATED)
_22026_/S                               1.500000   45.927895  -44.427898 (VIOLATED)
_22028_/S                               1.500000   45.927895  -44.427898 (VIOLATED)
_22032_/S0                              1.500000   45.927895  -44.427898 (VIOLATED)
_22033_/S0                              1.500000   45.927895  -44.427898 (VIOLATED)
_22036_/S0                              1.500000   45.927895  -44.427898 (VIOLATED)
_22037_/S0                              1.500000   45.927895  -44.427898 (VIOLATED)
_22040_/S0                              1.500000   45.927895  -44.427898 (VIOLATED)
_22041_/S0                              1.500000   45.927895  -44.427898 (VIOLATED)
_22044_/S0                              1.500000   45.927895  -44.427898 (VIOLATED)
_22045_/S                               1.500000   45.927895  -44.427898 (VIOLATED)
_22047_/S                               1.500000   45.927895  -44.427898 (VIOLATED)
_22050_/S0                              1.500000   45.927895  -44.427898 (VIOLATED)
_22051_/S0                              1.500000   45.927895  -44.427898 (VIOLATED)
_22054_/S0                              1.500000   45.927895  -44.427898 (VIOLATED)
_22055_/S0                              1.500000   45.927895  -44.427898 (VIOLATED)
_22064_/S0                              1.500000   45.927895  -44.427898 (VIOLATED)
_22065_/S0                              1.500000   45.927895  -44.427898 (VIOLATED)
_22068_/S                               1.500000   45.927895  -44.427898 (VIOLATED)
_22069_/S                               1.500000   45.927895  -44.427898 (VIOLATED)
_22072_/S                               1.500000   45.927895  -44.427898 (VIOLATED)
_22074_/S                               1.500000   45.927895  -44.427898 (VIOLATED)
_22078_/S0                              1.500000   45.927895  -44.427898 (VIOLATED)
_22080_/S0                              1.500000   45.927895  -44.427898 (VIOLATED)
_22082_/S0                              1.500000   45.927895  -44.427898 (VIOLATED)
_22083_/S0                              1.500000   45.927895  -44.427898 (VIOLATED)
_22087_/S                               1.500000   45.927895  -44.427898 (VIOLATED)
_22089_/S                               1.500000   45.927895  -44.427898 (VIOLATED)
_22091_/S0                              1.500000   45.927895  -44.427898 (VIOLATED)
_22093_/S                               1.500000   45.927895  -44.427898 (VIOLATED)
_22095_/S                               1.500000   45.927895  -44.427898 (VIOLATED)
_22097_/S0                              1.500000   45.927895  -44.427898 (VIOLATED)
_22100_/S0                              1.500000   45.927895  -44.427898 (VIOLATED)
_22101_/S0                              1.500000   45.927895  -44.427898 (VIOLATED)
_22104_/S0                              1.500000   45.927895  -44.427898 (VIOLATED)
_22105_/S0                              1.500000   45.927895  -44.427898 (VIOLATED)
_22109_/S                               1.500000   45.927895  -44.427898 (VIOLATED)
_22111_/S                               1.500000   45.927895  -44.427898 (VIOLATED)
_22113_/S0                              1.500000   45.927895  -44.427898 (VIOLATED)
_22115_/S                               1.500000   45.927895  -44.427898 (VIOLATED)
_22116_/S                               1.500000   45.927895  -44.427898 (VIOLATED)
_22119_/S0                              1.500000   45.927895  -44.427898 (VIOLATED)
_22121_/S0                              1.500000   45.927895  -44.427898 (VIOLATED)
_22122_/S0                              1.500000   45.927895  -44.427898 (VIOLATED)
_22125_/S0                              1.500000   45.927895  -44.427898 (VIOLATED)
_22126_/S0                              1.500000   45.927895  -44.427898 (VIOLATED)
_22129_/S0                              1.500000   45.927895  -44.427898 (VIOLATED)
_22131_/S0                              1.500000   45.927895  -44.427898 (VIOLATED)
_22133_/S                               1.500000   45.927895  -44.427898 (VIOLATED)
_22134_/S                               1.500000   45.927895  -44.427898 (VIOLATED)
_22137_/S                               1.500000   45.927895  -44.427898 (VIOLATED)
_22139_/S                               1.500000   45.927895  -44.427898 (VIOLATED)
_22143_/S0                              1.500000   45.927895  -44.427898 (VIOLATED)
_22144_/S0                              1.500000   45.927895  -44.427898 (VIOLATED)
_22147_/S0                              1.500000   45.927895  -44.427898 (VIOLATED)
_22148_/S0                              1.500000   45.927895  -44.427898 (VIOLATED)
_22155_/S0                              1.500000   45.927895  -44.427898 (VIOLATED)
_22157_/S0                              1.500000   45.927895  -44.427898 (VIOLATED)
_22159_/S                               1.500000   45.927895  -44.427898 (VIOLATED)
_22160_/S                               1.500000   45.927895  -44.427898 (VIOLATED)
_22161_/S                               1.500000   45.927895  -44.427898 (VIOLATED)
_22162_/S                               1.500000   45.927895  -44.427898 (VIOLATED)
_22165_/S0                              1.500000   45.927895  -44.427898 (VIOLATED)
_22166_/S0                              1.500000   45.927895  -44.427898 (VIOLATED)
_22169_/S0                              1.500000   45.927895  -44.427898 (VIOLATED)
_22170_/S0                              1.500000   45.927895  -44.427898 (VIOLATED)
_22173_/S0                              1.500000   45.927895  -44.427898 (VIOLATED)
_22174_/S0                              1.500000   45.927895  -44.427898 (VIOLATED)
_22176_/S                               1.500000   45.927895  -44.427898 (VIOLATED)
_22177_/S                               1.500000   45.927895  -44.427898 (VIOLATED)
_22180_/S                               1.500000   45.927895  -44.427898 (VIOLATED)
_22182_/S                               1.500000   45.927895  -44.427898 (VIOLATED)
_22186_/S0                              1.500000   45.927895  -44.427898 (VIOLATED)
_22187_/S0                              1.500000   45.927895  -44.427898 (VIOLATED)
_22190_/S0                              1.500000   45.927895  -44.427898 (VIOLATED)
_22191_/S0                              1.500000   45.927895  -44.427898 (VIOLATED)
_22194_/S0                              1.500000   45.927895  -44.427898 (VIOLATED)
_22195_/S0                              1.500000   45.927895  -44.427898 (VIOLATED)
_22197_/S                               1.500000   45.927895  -44.427898 (VIOLATED)
_22198_/S                               1.500000   45.927895  -44.427898 (VIOLATED)
_22201_/S                               1.500000   45.927895  -44.427898 (VIOLATED)
_22203_/S                               1.500000   45.927895  -44.427898 (VIOLATED)
_22207_/S0                              1.500000   45.927895  -44.427898 (VIOLATED)
_22208_/S0                              1.500000   45.927895  -44.427898 (VIOLATED)
_22211_/S0                              1.500000   45.927895  -44.427898 (VIOLATED)
_22212_/S0                              1.500000   45.927895  -44.427898 (VIOLATED)
_22215_/S0                              1.500000   45.927895  -44.427898 (VIOLATED)
_22216_/S0                              1.500000   45.927895  -44.427898 (VIOLATED)
_22219_/S0                              1.500000   45.927895  -44.427898 (VIOLATED)
_22220_/S                               1.500000   45.927895  -44.427898 (VIOLATED)
_22222_/S                               1.500000   45.927895  -44.427898 (VIOLATED)
_22225_/S0                              1.500000   45.927895  -44.427898 (VIOLATED)
_22226_/S0                              1.500000   45.927895  -44.427898 (VIOLATED)
_22229_/S0                              1.500000   45.927895  -44.427898 (VIOLATED)
_22230_/S0                              1.500000   45.927895  -44.427898 (VIOLATED)
_22239_/S0                              1.500000   45.927895  -44.427898 (VIOLATED)
_22240_/S0                              1.500000   45.927895  -44.427898 (VIOLATED)
_22243_/S                               1.500000   45.927895  -44.427898 (VIOLATED)
_22244_/S                               1.500000   45.927895  -44.427898 (VIOLATED)
_22247_/S                               1.500000   45.927895  -44.427898 (VIOLATED)
_22249_/S                               1.500000   45.927895  -44.427898 (VIOLATED)
_22253_/S0                              1.500000   45.927895  -44.427898 (VIOLATED)
_22255_/S0                              1.500000   45.927895  -44.427898 (VIOLATED)
_22257_/S0                              1.500000   45.927895  -44.427898 (VIOLATED)
_22258_/S0                              1.500000   45.927895  -44.427898 (VIOLATED)
_22262_/S                               1.500000   45.927895  -44.427898 (VIOLATED)
_22264_/S                               1.500000   45.927895  -44.427898 (VIOLATED)
_22266_/S0                              1.500000   45.927895  -44.427898 (VIOLATED)
_22268_/S                               1.500000   45.927895  -44.427898 (VIOLATED)
_22270_/S                               1.500000   45.927895  -44.427898 (VIOLATED)
_22272_/S0                              1.500000   45.927895  -44.427898 (VIOLATED)
_22275_/S0                              1.500000   45.927895  -44.427898 (VIOLATED)
_22276_/S0                              1.500000   45.927895  -44.427898 (VIOLATED)
_22279_/S0                              1.500000   45.927895  -44.427898 (VIOLATED)
_22280_/S0                              1.500000   45.927895  -44.427898 (VIOLATED)
_22284_/S                               1.500000   45.927895  -44.427898 (VIOLATED)
_22286_/S                               1.500000   45.927895  -44.427898 (VIOLATED)
_22288_/S0                              1.500000   45.927895  -44.427898 (VIOLATED)
_22290_/S                               1.500000   45.927895  -44.427898 (VIOLATED)
_22291_/S                               1.500000   45.927895  -44.427898 (VIOLATED)
_22294_/S0                              1.500000   45.927895  -44.427898 (VIOLATED)
_22296_/S0                              1.500000   45.927895  -44.427898 (VIOLATED)
_22297_/S0                              1.500000   45.927895  -44.427898 (VIOLATED)
_22300_/S0                              1.500000   45.927895  -44.427898 (VIOLATED)
_22301_/S0                              1.500000   45.927895  -44.427898 (VIOLATED)
_22304_/S0                              1.500000   45.927895  -44.427898 (VIOLATED)
_22306_/S0                              1.500000   45.927895  -44.427898 (VIOLATED)
_22308_/S                               1.500000   45.927895  -44.427898 (VIOLATED)
_22309_/S                               1.500000   45.927895  -44.427898 (VIOLATED)
_22312_/S                               1.500000   45.927895  -44.427898 (VIOLATED)
_22314_/S                               1.500000   45.927895  -44.427898 (VIOLATED)
_22318_/S0                              1.500000   45.927895  -44.427898 (VIOLATED)
_22319_/S0                              1.500000   45.927895  -44.427898 (VIOLATED)
_22322_/S0                              1.500000   45.927895  -44.427898 (VIOLATED)
_22323_/S0                              1.500000   45.927895  -44.427898 (VIOLATED)
_22330_/S0                              1.500000   45.927895  -44.427898 (VIOLATED)
_22331_/S0                              1.500000   45.927895  -44.427898 (VIOLATED)
_22334_/S0                              1.500000   45.927895  -44.427898 (VIOLATED)
_22335_/S                               1.500000   45.927895  -44.427898 (VIOLATED)
_22337_/S                               1.500000   45.927895  -44.427898 (VIOLATED)
_22340_/S0                              1.500000   45.927895  -44.427898 (VIOLATED)
_22341_/S0                              1.500000   45.927895  -44.427898 (VIOLATED)
_22344_/S0                              1.500000   45.927895  -44.427898 (VIOLATED)
_22345_/S0                              1.500000   45.927895  -44.427898 (VIOLATED)
_22348_/S0                              1.500000   45.927895  -44.427898 (VIOLATED)
_22349_/S0                              1.500000   45.927895  -44.427898 (VIOLATED)
_22351_/S                               1.500000   45.927895  -44.427898 (VIOLATED)
_22352_/S                               1.500000   45.927895  -44.427898 (VIOLATED)
_22355_/S                               1.500000   45.927895  -44.427898 (VIOLATED)
_22357_/S                               1.500000   45.927895  -44.427898 (VIOLATED)
_22361_/S0                              1.500000   45.927895  -44.427898 (VIOLATED)
_22362_/S0                              1.500000   45.927895  -44.427898 (VIOLATED)
_22365_/S0                              1.500000   45.927895  -44.427898 (VIOLATED)
_22366_/S0                              1.500000   45.927895  -44.427898 (VIOLATED)
_22369_/S0                              1.500000   45.927895  -44.427898 (VIOLATED)
_22370_/S0                              1.500000   45.927895  -44.427898 (VIOLATED)
_22372_/S                               1.500000   45.927895  -44.427898 (VIOLATED)
_22373_/S                               1.500000   45.927895  -44.427898 (VIOLATED)
_22376_/S                               1.500000   45.927895  -44.427898 (VIOLATED)
_22378_/S                               1.500000   45.927895  -44.427898 (VIOLATED)
_22382_/S0                              1.500000   45.927895  -44.427898 (VIOLATED)
_22383_/S0                              1.500000   45.927895  -44.427898 (VIOLATED)
_22386_/S0                              1.500000   45.927895  -44.427898 (VIOLATED)
_22387_/S0                              1.500000   45.927895  -44.427898 (VIOLATED)
_22390_/S0                              1.500000   45.927895  -44.427898 (VIOLATED)
_22391_/S0                              1.500000   45.927895  -44.427898 (VIOLATED)
_22394_/S0                              1.500000   45.927895  -44.427898 (VIOLATED)
_22395_/S                               1.500000   45.927895  -44.427898 (VIOLATED)
_22397_/S                               1.500000   45.927895  -44.427898 (VIOLATED)
_22400_/S0                              1.500000   45.927895  -44.427898 (VIOLATED)
_22401_/S0                              1.500000   45.927895  -44.427898 (VIOLATED)
_22404_/S0                              1.500000   45.927895  -44.427898 (VIOLATED)
_22405_/S0                              1.500000   45.927895  -44.427898 (VIOLATED)
_22414_/S0                              1.500000   45.927895  -44.427898 (VIOLATED)
_22415_/S0                              1.500000   45.927895  -44.427898 (VIOLATED)
_22418_/S                               1.500000   45.927895  -44.427898 (VIOLATED)
_22419_/S                               1.500000   45.927895  -44.427898 (VIOLATED)
_22422_/S                               1.500000   45.927895  -44.427898 (VIOLATED)
_22424_/S                               1.500000   45.927895  -44.427898 (VIOLATED)
_22427_/S0                              1.500000   45.927895  -44.427898 (VIOLATED)
_22428_/S0                              1.500000   45.927895  -44.427898 (VIOLATED)
_22431_/S0                              1.500000   45.927895  -44.427898 (VIOLATED)
_22432_/S0                              1.500000   45.927895  -44.427898 (VIOLATED)
_22435_/S                               1.500000   45.927895  -44.427898 (VIOLATED)
_22437_/S                               1.500000   45.927895  -44.427898 (VIOLATED)
_22439_/S0                              1.500000   45.927895  -44.427898 (VIOLATED)
_22441_/S                               1.500000   45.927895  -44.427898 (VIOLATED)
_22443_/S                               1.500000   45.927895  -44.427898 (VIOLATED)
_22445_/S0                              1.500000   45.927895  -44.427898 (VIOLATED)
_22448_/S0                              1.500000   45.927895  -44.427898 (VIOLATED)
_22449_/S0                              1.500000   45.927895  -44.427898 (VIOLATED)
_22452_/S0                              1.500000   45.927895  -44.427898 (VIOLATED)
_22453_/S0                              1.500000   45.927895  -44.427898 (VIOLATED)
_22456_/S                               1.500000   45.927895  -44.427898 (VIOLATED)
_22458_/S                               1.500000   45.927895  -44.427898 (VIOLATED)
_22460_/S0                              1.500000   45.927895  -44.427898 (VIOLATED)
_22462_/S                               1.500000   45.927895  -44.427898 (VIOLATED)
_22463_/S                               1.500000   45.927895  -44.427898 (VIOLATED)
_22466_/S0                              1.500000   45.927895  -44.427898 (VIOLATED)
_22468_/S0                              1.500000   45.927895  -44.427898 (VIOLATED)
_22469_/S0                              1.500000   45.927895  -44.427898 (VIOLATED)
_22472_/S0                              1.500000   45.927895  -44.427898 (VIOLATED)
_22473_/S0                              1.500000   45.927895  -44.427898 (VIOLATED)
_22476_/S0                              1.500000   45.927895  -44.427898 (VIOLATED)
_22478_/S0                              1.500000   45.927895  -44.427898 (VIOLATED)
_22480_/S                               1.500000   45.927895  -44.427898 (VIOLATED)
_22481_/S                               1.500000   45.927895  -44.427898 (VIOLATED)
_22484_/S                               1.500000   45.927895  -44.427898 (VIOLATED)
_22486_/S                               1.500000   45.927895  -44.427898 (VIOLATED)
_22490_/S0                              1.500000   45.927895  -44.427898 (VIOLATED)
_22491_/S0                              1.500000   45.927895  -44.427898 (VIOLATED)
_22494_/S0                              1.500000   45.927895  -44.427898 (VIOLATED)
_22495_/S0                              1.500000   45.927895  -44.427898 (VIOLATED)
_22503_/S0                              1.500000   45.927895  -44.427898 (VIOLATED)
_22504_/S0                              1.500000   45.927895  -44.427898 (VIOLATED)
_22507_/S0                              1.500000   45.927895  -44.427898 (VIOLATED)
_22508_/S                               1.500000   45.927895  -44.427898 (VIOLATED)
_22510_/S                               1.500000   45.927895  -44.427898 (VIOLATED)
_22513_/S0                              1.500000   45.927895  -44.427898 (VIOLATED)
_22514_/S0                              1.500000   45.927895  -44.427898 (VIOLATED)
_22517_/S0                              1.500000   45.927895  -44.427898 (VIOLATED)
_22518_/S0                              1.500000   45.927895  -44.427898 (VIOLATED)
_22521_/S0                              1.500000   45.927895  -44.427898 (VIOLATED)
_22522_/S0                              1.500000   45.927895  -44.427898 (VIOLATED)
_22524_/S                               1.500000   45.927895  -44.427898 (VIOLATED)
_22525_/S                               1.500000   45.927895  -44.427898 (VIOLATED)
_22528_/S                               1.500000   45.927895  -44.427898 (VIOLATED)
_22530_/S                               1.500000   45.927895  -44.427898 (VIOLATED)
_22534_/S0                              1.500000   45.927895  -44.427898 (VIOLATED)
_22535_/S0                              1.500000   45.927895  -44.427898 (VIOLATED)
_22538_/S0                              1.500000   45.927895  -44.427898 (VIOLATED)
_22539_/S0                              1.500000   45.927895  -44.427898 (VIOLATED)
_22542_/S0                              1.500000   45.927895  -44.427898 (VIOLATED)
_22543_/S0                              1.500000   45.927895  -44.427898 (VIOLATED)
_22545_/S                               1.500000   45.927895  -44.427898 (VIOLATED)
_22546_/S                               1.500000   45.927895  -44.427898 (VIOLATED)
_22549_/S                               1.500000   45.927895  -44.427898 (VIOLATED)
_22551_/S                               1.500000   45.927895  -44.427898 (VIOLATED)
_22555_/S0                              1.500000   45.927895  -44.427898 (VIOLATED)
_22556_/S0                              1.500000   45.927895  -44.427898 (VIOLATED)
_22559_/S0                              1.500000   45.927895  -44.427898 (VIOLATED)
_22560_/S0                              1.500000   45.927895  -44.427898 (VIOLATED)
_22563_/S0                              1.500000   45.927895  -44.427898 (VIOLATED)
_22564_/S0                              1.500000   45.927895  -44.427898 (VIOLATED)
_22567_/S0                              1.500000   45.927895  -44.427898 (VIOLATED)
_22568_/S                               1.500000   45.927895  -44.427898 (VIOLATED)
_22570_/S                               1.500000   45.927895  -44.427898 (VIOLATED)
_22573_/S0                              1.500000   45.927895  -44.427898 (VIOLATED)
_22574_/S0                              1.500000   45.927895  -44.427898 (VIOLATED)
_22577_/S0                              1.500000   45.927895  -44.427898 (VIOLATED)
_22578_/S0                              1.500000   45.927895  -44.427898 (VIOLATED)
_22587_/S0                              1.500000   45.927895  -44.427898 (VIOLATED)
_22588_/S0                              1.500000   45.927895  -44.427898 (VIOLATED)
_22591_/S                               1.500000   45.927895  -44.427898 (VIOLATED)
_22592_/S                               1.500000   45.927895  -44.427898 (VIOLATED)
_22595_/S                               1.500000   45.927895  -44.427898 (VIOLATED)
_22597_/S                               1.500000   45.927895  -44.427898 (VIOLATED)
_22601_/S0                              1.500000   45.927895  -44.427898 (VIOLATED)
_22603_/S0                              1.500000   45.927895  -44.427898 (VIOLATED)
_22605_/S0                              1.500000   45.927895  -44.427898 (VIOLATED)
_22606_/S0                              1.500000   45.927895  -44.427898 (VIOLATED)
_22610_/S                               1.500000   45.927895  -44.427898 (VIOLATED)
_22612_/S                               1.500000   45.927895  -44.427898 (VIOLATED)
_22614_/S0                              1.500000   45.927895  -44.427898 (VIOLATED)
_22616_/S                               1.500000   45.927895  -44.427898 (VIOLATED)
_22618_/S                               1.500000   45.927895  -44.427898 (VIOLATED)
_22620_/S0                              1.500000   45.927895  -44.427898 (VIOLATED)
_22623_/S0                              1.500000   45.927895  -44.427898 (VIOLATED)
_22624_/S0                              1.500000   45.927895  -44.427898 (VIOLATED)
_22627_/S0                              1.500000   45.927895  -44.427898 (VIOLATED)
_22628_/S0                              1.500000   45.927895  -44.427898 (VIOLATED)
_22632_/S                               1.500000   45.927895  -44.427898 (VIOLATED)
_22634_/S                               1.500000   45.927895  -44.427898 (VIOLATED)
_22636_/S0                              1.500000   45.927895  -44.427898 (VIOLATED)
_22638_/S                               1.500000   45.927895  -44.427898 (VIOLATED)
_22639_/S                               1.500000   45.927895  -44.427898 (VIOLATED)
_22642_/S0                              1.500000   45.927895  -44.427898 (VIOLATED)
_22644_/S0                              1.500000   45.927895  -44.427898 (VIOLATED)
_22645_/S0                              1.500000   45.927895  -44.427898 (VIOLATED)
_22648_/S0                              1.500000   45.927895  -44.427898 (VIOLATED)
_22649_/S0                              1.500000   45.927895  -44.427898 (VIOLATED)
_22652_/S0                              1.500000   45.927895  -44.427898 (VIOLATED)
_22654_/S0                              1.500000   45.927895  -44.427898 (VIOLATED)
_22656_/S                               1.500000   45.927895  -44.427898 (VIOLATED)
_22657_/S                               1.500000   45.927895  -44.427898 (VIOLATED)
_22660_/S                               1.500000   45.927895  -44.427898 (VIOLATED)
_22662_/S                               1.500000   45.927895  -44.427898 (VIOLATED)
_22666_/S0                              1.500000   45.927895  -44.427898 (VIOLATED)
_22667_/S0                              1.500000   45.927895  -44.427898 (VIOLATED)
_22670_/S0                              1.500000   45.927895  -44.427898 (VIOLATED)
_22671_/S0                              1.500000   45.927895  -44.427898 (VIOLATED)
_22678_/S0                              1.500000   45.927895  -44.427898 (VIOLATED)
_22680_/S0                              1.500000   45.927895  -44.427898 (VIOLATED)
_22682_/S                               1.500000   45.927895  -44.427898 (VIOLATED)
_22683_/S                               1.500000   45.927895  -44.427898 (VIOLATED)
_22684_/S                               1.500000   45.927895  -44.427898 (VIOLATED)
_22685_/S                               1.500000   45.927895  -44.427898 (VIOLATED)
_22688_/S0                              1.500000   45.927895  -44.427898 (VIOLATED)
_22689_/S0                              1.500000   45.927895  -44.427898 (VIOLATED)
_22692_/S0                              1.500000   45.927895  -44.427898 (VIOLATED)
_22693_/S0                              1.500000   45.927895  -44.427898 (VIOLATED)
_22696_/S0                              1.500000   45.927895  -44.427898 (VIOLATED)
_22697_/S0                              1.500000   45.927895  -44.427898 (VIOLATED)
_22699_/S                               1.500000   45.927895  -44.427898 (VIOLATED)
_22700_/S                               1.500000   45.927895  -44.427898 (VIOLATED)
_22703_/S                               1.500000   45.927895  -44.427898 (VIOLATED)
_22705_/S                               1.500000   45.927895  -44.427898 (VIOLATED)
_22709_/S0                              1.500000   45.927895  -44.427898 (VIOLATED)
_22710_/S0                              1.500000   45.927895  -44.427898 (VIOLATED)
_22713_/S0                              1.500000   45.927895  -44.427898 (VIOLATED)
_22714_/S0                              1.500000   45.927895  -44.427898 (VIOLATED)
_22717_/S0                              1.500000   45.927895  -44.427898 (VIOLATED)
_22718_/S0                              1.500000   45.927895  -44.427898 (VIOLATED)
_22720_/S                               1.500000   45.927895  -44.427898 (VIOLATED)
_22721_/S                               1.500000   45.927895  -44.427898 (VIOLATED)
_22724_/S                               1.500000   45.927895  -44.427898 (VIOLATED)
_22726_/S                               1.500000   45.927895  -44.427898 (VIOLATED)
_22730_/S0                              1.500000   45.927895  -44.427898 (VIOLATED)
_22731_/S0                              1.500000   45.927895  -44.427898 (VIOLATED)
_22734_/S0                              1.500000   45.927895  -44.427898 (VIOLATED)
_22735_/S0                              1.500000   45.927895  -44.427898 (VIOLATED)
_22738_/S0                              1.500000   45.927895  -44.427898 (VIOLATED)
_22739_/S0                              1.500000   45.927895  -44.427898 (VIOLATED)
_22742_/S0                              1.500000   45.927895  -44.427898 (VIOLATED)
_22743_/S                               1.500000   45.927895  -44.427898 (VIOLATED)
_22745_/S                               1.500000   45.927895  -44.427898 (VIOLATED)
_22748_/S0                              1.500000   45.927895  -44.427898 (VIOLATED)
_22749_/S0                              1.500000   45.927895  -44.427898 (VIOLATED)
_22752_/S0                              1.500000   45.927895  -44.427898 (VIOLATED)
_22753_/S0                              1.500000   45.927895  -44.427898 (VIOLATED)
_22762_/S0                              1.500000   45.927895  -44.427898 (VIOLATED)
_22763_/S0                              1.500000   45.927895  -44.427898 (VIOLATED)
_22766_/S                               1.500000   45.927895  -44.427898 (VIOLATED)
_22767_/S                               1.500000   45.927895  -44.427898 (VIOLATED)
_22770_/S                               1.500000   45.927895  -44.427898 (VIOLATED)
_22772_/S                               1.500000   45.927895  -44.427898 (VIOLATED)
_22776_/S0                              1.500000   45.927895  -44.427898 (VIOLATED)
_22778_/S0                              1.500000   45.927895  -44.427898 (VIOLATED)
_22780_/S0                              1.500000   45.927895  -44.427898 (VIOLATED)
_22781_/S0                              1.500000   45.927895  -44.427898 (VIOLATED)
_22785_/S                               1.500000   45.927895  -44.427898 (VIOLATED)
_22787_/S                               1.500000   45.927895  -44.427898 (VIOLATED)
_22789_/S0                              1.500000   45.927895  -44.427898 (VIOLATED)
_22791_/S                               1.500000   45.927895  -44.427898 (VIOLATED)
_22793_/S                               1.500000   45.927895  -44.427898 (VIOLATED)
_22795_/S0                              1.500000   45.927895  -44.427898 (VIOLATED)
_22798_/S0                              1.500000   45.927895  -44.427898 (VIOLATED)
_22799_/S0                              1.500000   45.927895  -44.427898 (VIOLATED)
_22802_/S0                              1.500000   45.927895  -44.427898 (VIOLATED)
_22803_/S0                              1.500000   45.927895  -44.427898 (VIOLATED)
_22807_/S                               1.500000   45.927895  -44.427898 (VIOLATED)
_22809_/S                               1.500000   45.927895  -44.427898 (VIOLATED)
_22811_/S0                              1.500000   45.927895  -44.427898 (VIOLATED)
_22813_/S                               1.500000   45.927895  -44.427898 (VIOLATED)
_22814_/S                               1.500000   45.927895  -44.427898 (VIOLATED)
_22817_/S0                              1.500000   45.927895  -44.427898 (VIOLATED)
_22819_/S0                              1.500000   45.927895  -44.427898 (VIOLATED)
_22820_/S0                              1.500000   45.927895  -44.427898 (VIOLATED)
_22823_/S0                              1.500000   45.927895  -44.427898 (VIOLATED)
_22824_/S0                              1.500000   45.927895  -44.427898 (VIOLATED)
_22827_/S0                              1.500000   45.927895  -44.427898 (VIOLATED)
_22829_/S0                              1.500000   45.927895  -44.427898 (VIOLATED)
_22831_/S                               1.500000   45.927895  -44.427898 (VIOLATED)
_22832_/S                               1.500000   45.927895  -44.427898 (VIOLATED)
_22835_/S                               1.500000   45.927895  -44.427898 (VIOLATED)
_22837_/S                               1.500000   45.927895  -44.427898 (VIOLATED)
_22841_/S0                              1.500000   45.927895  -44.427898 (VIOLATED)
_22842_/S0                              1.500000   45.927895  -44.427898 (VIOLATED)
_22845_/S0                              1.500000   45.927895  -44.427898 (VIOLATED)
_22846_/S0                              1.500000   45.927895  -44.427898 (VIOLATED)
_22853_/S0                              1.500000   45.927895  -44.427898 (VIOLATED)
_22855_/S0                              1.500000   45.927895  -44.427898 (VIOLATED)
_22857_/S                               1.500000   45.927895  -44.427898 (VIOLATED)
_22858_/S                               1.500000   45.927895  -44.427898 (VIOLATED)
_22859_/S                               1.500000   45.927895  -44.427898 (VIOLATED)
_22860_/S                               1.500000   45.927895  -44.427898 (VIOLATED)
_22863_/S0                              1.500000   45.927895  -44.427898 (VIOLATED)
_22864_/S0                              1.500000   45.927895  -44.427898 (VIOLATED)
_22867_/S0                              1.500000   45.927895  -44.427898 (VIOLATED)
_22868_/S0                              1.500000   45.927895  -44.427898 (VIOLATED)
_22871_/S0                              1.500000   45.927895  -44.427898 (VIOLATED)
_22872_/S0                              1.500000   45.927895  -44.427898 (VIOLATED)
_22874_/S                               1.500000   45.927895  -44.427898 (VIOLATED)
_22875_/S                               1.500000   45.927895  -44.427898 (VIOLATED)
_22878_/S                               1.500000   45.927895  -44.427898 (VIOLATED)
_22880_/S                               1.500000   45.927895  -44.427898 (VIOLATED)
_22884_/S0                              1.500000   45.927895  -44.427898 (VIOLATED)
_22885_/S0                              1.500000   45.927895  -44.427898 (VIOLATED)
_22888_/S0                              1.500000   45.927895  -44.427898 (VIOLATED)
_22889_/S0                              1.500000   45.927895  -44.427898 (VIOLATED)
_22892_/S0                              1.500000   45.927895  -44.427898 (VIOLATED)
_22893_/S0                              1.500000   45.927895  -44.427898 (VIOLATED)
_22895_/S                               1.500000   45.927895  -44.427898 (VIOLATED)
_22896_/S                               1.500000   45.927895  -44.427898 (VIOLATED)
_22899_/S                               1.500000   45.927895  -44.427898 (VIOLATED)
_22901_/S                               1.500000   45.927895  -44.427898 (VIOLATED)
_22905_/S0                              1.500000   45.927895  -44.427898 (VIOLATED)
_22906_/S0                              1.500000   45.927895  -44.427898 (VIOLATED)
_22909_/S0                              1.500000   45.927895  -44.427898 (VIOLATED)
_22910_/S0                              1.500000   45.927895  -44.427898 (VIOLATED)
_22913_/S0                              1.500000   45.927895  -44.427898 (VIOLATED)
_22914_/S0                              1.500000   45.927895  -44.427898 (VIOLATED)
_22917_/S0                              1.500000   45.927895  -44.427898 (VIOLATED)
_22918_/S                               1.500000   45.927895  -44.427898 (VIOLATED)
_22920_/S                               1.500000   45.927895  -44.427898 (VIOLATED)
_22923_/S0                              1.500000   45.927895  -44.427898 (VIOLATED)
_22924_/S0                              1.500000   45.927895  -44.427898 (VIOLATED)
_22927_/S0                              1.500000   45.927895  -44.427898 (VIOLATED)
_22928_/S0                              1.500000   45.927895  -44.427898 (VIOLATED)
_22937_/S0                              1.500000   45.927895  -44.427898 (VIOLATED)
_22938_/S0                              1.500000   45.927895  -44.427898 (VIOLATED)
_22941_/S                               1.500000   45.927895  -44.427898 (VIOLATED)
_22942_/S                               1.500000   45.927895  -44.427898 (VIOLATED)
_22945_/S                               1.500000   45.927895  -44.427898 (VIOLATED)
_22947_/S                               1.500000   45.927895  -44.427898 (VIOLATED)
_22950_/S0                              1.500000   45.927895  -44.427898 (VIOLATED)
_22951_/S0                              1.500000   45.927895  -44.427898 (VIOLATED)
_22954_/S0                              1.500000   45.927895  -44.427898 (VIOLATED)
_22955_/S0                              1.500000   45.927895  -44.427898 (VIOLATED)
_22958_/S                               1.500000   45.927895  -44.427898 (VIOLATED)
_22960_/S                               1.500000   45.927895  -44.427898 (VIOLATED)
_22962_/S0                              1.500000   45.927895  -44.427898 (VIOLATED)
_22964_/S                               1.500000   45.927895  -44.427898 (VIOLATED)
_22966_/S                               1.500000   45.927895  -44.427898 (VIOLATED)
_22968_/S0                              1.500000   45.927895  -44.427898 (VIOLATED)
_22971_/S0                              1.500000   45.927895  -44.427898 (VIOLATED)
_22972_/S0                              1.500000   45.927895  -44.427898 (VIOLATED)
_22975_/S0                              1.500000   45.927895  -44.427898 (VIOLATED)
_22976_/S0                              1.500000   45.927895  -44.427898 (VIOLATED)
_22979_/S                               1.500000   45.927895  -44.427898 (VIOLATED)
_22981_/S                               1.500000   45.927895  -44.427898 (VIOLATED)
_22983_/S0                              1.500000   45.927895  -44.427898 (VIOLATED)
_22985_/S                               1.500000   45.927895  -44.427898 (VIOLATED)
_22986_/S                               1.500000   45.927895  -44.427898 (VIOLATED)
_22989_/S0                              1.500000   45.927895  -44.427898 (VIOLATED)
_22991_/S0                              1.500000   45.927895  -44.427898 (VIOLATED)
_22992_/S0                              1.500000   45.927895  -44.427898 (VIOLATED)
_22995_/S0                              1.500000   45.927895  -44.427898 (VIOLATED)
_22996_/S0                              1.500000   45.927895  -44.427898 (VIOLATED)
_22999_/S0                              1.500000   45.927895  -44.427898 (VIOLATED)
_23001_/S0                              1.500000   45.927895  -44.427898 (VIOLATED)
_23003_/S                               1.500000   45.927895  -44.427898 (VIOLATED)
_23004_/S                               1.500000   45.927895  -44.427898 (VIOLATED)
_23007_/S                               1.500000   45.927895  -44.427898 (VIOLATED)
_23009_/S                               1.500000   45.927895  -44.427898 (VIOLATED)
_23013_/S0                              1.500000   45.927895  -44.427898 (VIOLATED)
_23014_/S0                              1.500000   45.927895  -44.427898 (VIOLATED)
_23017_/S0                              1.500000   45.927895  -44.427898 (VIOLATED)
_23018_/S0                              1.500000   45.927895  -44.427898 (VIOLATED)
_23026_/S0                              1.500000   45.927895  -44.427898 (VIOLATED)
_23028_/S0                              1.500000   45.927895  -44.427898 (VIOLATED)
_23030_/S                               1.500000   45.927895  -44.427898 (VIOLATED)
_23031_/S                               1.500000   45.927895  -44.427898 (VIOLATED)
_23032_/S                               1.500000   45.927895  -44.427898 (VIOLATED)
_23033_/S                               1.500000   45.927895  -44.427898 (VIOLATED)
_23036_/S0                              1.500000   45.927895  -44.427898 (VIOLATED)
_23037_/S0                              1.500000   45.927895  -44.427898 (VIOLATED)
_23040_/S0                              1.500000   45.927895  -44.427898 (VIOLATED)
_23041_/S0                              1.500000   45.927895  -44.427898 (VIOLATED)
_23044_/S0                              1.500000   45.927895  -44.427898 (VIOLATED)
_23045_/S0                              1.500000   45.927895  -44.427898 (VIOLATED)
_23047_/S                               1.500000   45.927895  -44.427898 (VIOLATED)
_23048_/S                               1.500000   45.927895  -44.427898 (VIOLATED)
_23051_/S                               1.500000   45.927895  -44.427898 (VIOLATED)
_23053_/S                               1.500000   45.927895  -44.427898 (VIOLATED)
_23057_/S0                              1.500000   45.927895  -44.427898 (VIOLATED)
_23058_/S0                              1.500000   45.927895  -44.427898 (VIOLATED)
_23061_/S0                              1.500000   45.927895  -44.427898 (VIOLATED)
_23062_/S0                              1.500000   45.927895  -44.427898 (VIOLATED)
_23065_/S0                              1.500000   45.927895  -44.427898 (VIOLATED)
_23066_/S0                              1.500000   45.927895  -44.427898 (VIOLATED)
_23068_/S                               1.500000   45.927895  -44.427898 (VIOLATED)
_23069_/S                               1.500000   45.927895  -44.427898 (VIOLATED)
_23072_/S                               1.500000   45.927895  -44.427898 (VIOLATED)
_23074_/S                               1.500000   45.927895  -44.427898 (VIOLATED)
_23078_/S0                              1.500000   45.927895  -44.427898 (VIOLATED)
_23079_/S0                              1.500000   45.927895  -44.427898 (VIOLATED)
_23082_/S0                              1.500000   45.927895  -44.427898 (VIOLATED)
_23083_/S0                              1.500000   45.927895  -44.427898 (VIOLATED)
_23086_/S0                              1.500000   45.927895  -44.427898 (VIOLATED)
_23087_/S0                              1.500000   45.927895  -44.427898 (VIOLATED)
_23090_/S0                              1.500000   45.927895  -44.427898 (VIOLATED)
_23091_/S                               1.500000   45.927895  -44.427898 (VIOLATED)
_23093_/S                               1.500000   45.927895  -44.427898 (VIOLATED)
_23096_/S0                              1.500000   45.927895  -44.427898 (VIOLATED)
_23097_/S0                              1.500000   45.927895  -44.427898 (VIOLATED)
_23100_/S0                              1.500000   45.927895  -44.427898 (VIOLATED)
_23101_/S0                              1.500000   45.927895  -44.427898 (VIOLATED)
_23110_/S0                              1.500000   45.927895  -44.427898 (VIOLATED)
_23111_/S0                              1.500000   45.927895  -44.427898 (VIOLATED)
_23114_/S                               1.500000   45.927895  -44.427898 (VIOLATED)
_23115_/S                               1.500000   45.927895  -44.427898 (VIOLATED)
_23118_/S                               1.500000   45.927895  -44.427898 (VIOLATED)
_23120_/S                               1.500000   45.927895  -44.427898 (VIOLATED)
_23123_/S0                              1.500000   45.927895  -44.427898 (VIOLATED)
_23124_/S0                              1.500000   45.927895  -44.427898 (VIOLATED)
_23127_/S0                              1.500000   45.927895  -44.427898 (VIOLATED)
_23128_/S0                              1.500000   45.927895  -44.427898 (VIOLATED)
_23131_/S                               1.500000   45.927895  -44.427898 (VIOLATED)
_23133_/S                               1.500000   45.927895  -44.427898 (VIOLATED)
_23135_/S0                              1.500000   45.927895  -44.427898 (VIOLATED)
_23137_/S                               1.500000   45.927895  -44.427898 (VIOLATED)
_23139_/S                               1.500000   45.927895  -44.427898 (VIOLATED)
_23141_/S0                              1.500000   45.927895  -44.427898 (VIOLATED)
_23144_/S0                              1.500000   45.927895  -44.427898 (VIOLATED)
_23145_/S0                              1.500000   45.927895  -44.427898 (VIOLATED)
_23148_/S0                              1.500000   45.927895  -44.427898 (VIOLATED)
_23149_/S0                              1.500000   45.927895  -44.427898 (VIOLATED)
_23152_/S                               1.500000   45.927895  -44.427898 (VIOLATED)
_23154_/S                               1.500000   45.927895  -44.427898 (VIOLATED)
_23156_/S0                              1.500000   45.927895  -44.427898 (VIOLATED)
_23158_/S                               1.500000   45.927895  -44.427898 (VIOLATED)
_23159_/S                               1.500000   45.927895  -44.427898 (VIOLATED)
_23162_/S0                              1.500000   45.927895  -44.427898 (VIOLATED)
_23164_/S0                              1.500000   45.927895  -44.427898 (VIOLATED)
_23165_/S0                              1.500000   45.927895  -44.427898 (VIOLATED)
_23168_/S0                              1.500000   45.927895  -44.427898 (VIOLATED)
_23169_/S0                              1.500000   45.927895  -44.427898 (VIOLATED)
_23172_/S0                              1.500000   45.927895  -44.427898 (VIOLATED)
_23174_/S0                              1.500000   45.927895  -44.427898 (VIOLATED)
_23176_/S                               1.500000   45.927895  -44.427898 (VIOLATED)
_23177_/S                               1.500000   45.927895  -44.427898 (VIOLATED)
_23180_/S                               1.500000   45.927895  -44.427898 (VIOLATED)
_23182_/S                               1.500000   45.927895  -44.427898 (VIOLATED)
_23186_/S0                              1.500000   45.927895  -44.427898 (VIOLATED)
_23187_/S0                              1.500000   45.927895  -44.427898 (VIOLATED)
_23190_/S0                              1.500000   45.927895  -44.427898 (VIOLATED)
_23191_/S0                              1.500000   45.927895  -44.427898 (VIOLATED)
_23199_/S0                              1.500000   45.927895  -44.427898 (VIOLATED)
_23200_/S0                              1.500000   45.927895  -44.427898 (VIOLATED)
_23203_/S0                              1.500000   45.927895  -44.427898 (VIOLATED)
_23204_/S                               1.500000   45.927895  -44.427898 (VIOLATED)
_23206_/S                               1.500000   45.927895  -44.427898 (VIOLATED)
_23209_/S0                              1.500000   45.927895  -44.427898 (VIOLATED)
_23210_/S0                              1.500000   45.927895  -44.427898 (VIOLATED)
_23213_/S0                              1.500000   45.927895  -44.427898 (VIOLATED)
_23214_/S0                              1.500000   45.927895  -44.427898 (VIOLATED)
_23217_/S0                              1.500000   45.927895  -44.427898 (VIOLATED)
_23218_/S0                              1.500000   45.927895  -44.427898 (VIOLATED)
_23220_/S                               1.500000   45.927895  -44.427898 (VIOLATED)
_23221_/S                               1.500000   45.927895  -44.427898 (VIOLATED)
_23224_/S                               1.500000   45.927895  -44.427898 (VIOLATED)
_23226_/S                               1.500000   45.927895  -44.427898 (VIOLATED)
_23230_/S0                              1.500000   45.927895  -44.427898 (VIOLATED)
_23231_/S0                              1.500000   45.927895  -44.427898 (VIOLATED)
_23234_/S0                              1.500000   45.927895  -44.427898 (VIOLATED)
_23235_/S0                              1.500000   45.927895  -44.427898 (VIOLATED)
_23238_/S0                              1.500000   45.927895  -44.427898 (VIOLATED)
_23239_/S0                              1.500000   45.927895  -44.427898 (VIOLATED)
_23241_/S                               1.500000   45.927895  -44.427898 (VIOLATED)
_23242_/S                               1.500000   45.927895  -44.427898 (VIOLATED)
_23245_/S                               1.500000   45.927895  -44.427898 (VIOLATED)
_23247_/S                               1.500000   45.927895  -44.427898 (VIOLATED)
_23251_/S0                              1.500000   45.927895  -44.427898 (VIOLATED)
_23252_/S0                              1.500000   45.927895  -44.427898 (VIOLATED)
_23255_/S0                              1.500000   45.927895  -44.427898 (VIOLATED)
_23256_/S0                              1.500000   45.927895  -44.427898 (VIOLATED)
_23259_/S0                              1.500000   45.927895  -44.427898 (VIOLATED)
_23260_/S0                              1.500000   45.927895  -44.427898 (VIOLATED)
_23263_/S0                              1.500000   45.927895  -44.427898 (VIOLATED)
_23264_/S                               1.500000   45.927895  -44.427898 (VIOLATED)
_23266_/S                               1.500000   45.927895  -44.427898 (VIOLATED)
_23269_/S0                              1.500000   45.927895  -44.427898 (VIOLATED)
_23270_/S0                              1.500000   45.927895  -44.427898 (VIOLATED)
_23273_/S0                              1.500000   45.927895  -44.427898 (VIOLATED)
_23274_/S0                              1.500000   45.927895  -44.427898 (VIOLATED)
_23283_/S0                              1.500000   45.927895  -44.427898 (VIOLATED)
_23284_/S0                              1.500000   45.927895  -44.427898 (VIOLATED)
_23287_/S                               1.500000   45.927895  -44.427898 (VIOLATED)
_23288_/S                               1.500000   45.927895  -44.427898 (VIOLATED)
_23291_/S                               1.500000   45.927895  -44.427898 (VIOLATED)
_23293_/S                               1.500000   45.927895  -44.427898 (VIOLATED)
_23297_/S0                              1.500000   45.927895  -44.427898 (VIOLATED)
_23299_/S0                              1.500000   45.927895  -44.427898 (VIOLATED)
_23301_/S0                              1.500000   45.927895  -44.427898 (VIOLATED)
_23302_/S0                              1.500000   45.927895  -44.427898 (VIOLATED)
_23306_/S                               1.500000   45.927895  -44.427898 (VIOLATED)
_23308_/S                               1.500000   45.927895  -44.427898 (VIOLATED)
_23310_/S0                              1.500000   45.927895  -44.427898 (VIOLATED)
_23312_/S                               1.500000   45.927895  -44.427898 (VIOLATED)
_23314_/S                               1.500000   45.927895  -44.427898 (VIOLATED)
_23316_/S0                              1.500000   45.927895  -44.427898 (VIOLATED)
_23319_/S0                              1.500000   45.927895  -44.427898 (VIOLATED)
_23320_/S0                              1.500000   45.927895  -44.427898 (VIOLATED)
_23323_/S0                              1.500000   45.927895  -44.427898 (VIOLATED)
_23324_/S0                              1.500000   45.927895  -44.427898 (VIOLATED)
_23328_/S                               1.500000   45.927895  -44.427898 (VIOLATED)
_23330_/S                               1.500000   45.927895  -44.427898 (VIOLATED)
_23332_/S0                              1.500000   45.927895  -44.427898 (VIOLATED)
_23334_/S                               1.500000   45.927895  -44.427898 (VIOLATED)
_23335_/S                               1.500000   45.927895  -44.427898 (VIOLATED)
_23338_/S0                              1.500000   45.927895  -44.427898 (VIOLATED)
_23340_/S0                              1.500000   45.927895  -44.427898 (VIOLATED)
_23341_/S0                              1.500000   45.927895  -44.427898 (VIOLATED)
_23344_/S0                              1.500000   45.927895  -44.427898 (VIOLATED)
_23345_/S0                              1.500000   45.927895  -44.427898 (VIOLATED)
_23348_/S0                              1.500000   45.927895  -44.427898 (VIOLATED)
_23350_/S0                              1.500000   45.927895  -44.427898 (VIOLATED)
_23352_/S                               1.500000   45.927895  -44.427898 (VIOLATED)
_23353_/S                               1.500000   45.927895  -44.427898 (VIOLATED)
_23356_/S                               1.500000   45.927895  -44.427898 (VIOLATED)
_23358_/S                               1.500000   45.927895  -44.427898 (VIOLATED)
_23362_/S0                              1.500000   45.927895  -44.427898 (VIOLATED)
_23363_/S0                              1.500000   45.927895  -44.427898 (VIOLATED)
_23366_/S0                              1.500000   45.927895  -44.427898 (VIOLATED)
_23367_/S0                              1.500000   45.927895  -44.427898 (VIOLATED)
_23374_/S0                              1.500000   45.927895  -44.427898 (VIOLATED)
_23375_/S0                              1.500000   45.927895  -44.427898 (VIOLATED)
_23378_/S0                              1.500000   45.927895  -44.427898 (VIOLATED)
_23379_/S                               1.500000   45.927895  -44.427898 (VIOLATED)
_23381_/S                               1.500000   45.927895  -44.427898 (VIOLATED)
_23384_/S0                              1.500000   45.927895  -44.427898 (VIOLATED)
_23385_/S0                              1.500000   45.927895  -44.427898 (VIOLATED)
_23388_/S0                              1.500000   45.927895  -44.427898 (VIOLATED)
_23389_/S0                              1.500000   45.927895  -44.427898 (VIOLATED)
_23392_/S0                              1.500000   45.927895  -44.427898 (VIOLATED)
_23393_/S0                              1.500000   45.927895  -44.427898 (VIOLATED)
_23395_/S                               1.500000   45.927895  -44.427898 (VIOLATED)
_23396_/S                               1.500000   45.927895  -44.427898 (VIOLATED)
_23399_/S                               1.500000   45.927895  -44.427898 (VIOLATED)
_23401_/S                               1.500000   45.927895  -44.427898 (VIOLATED)
_23405_/S0                              1.500000   45.927895  -44.427898 (VIOLATED)
_23406_/S0                              1.500000   45.927895  -44.427898 (VIOLATED)
_23409_/S0                              1.500000   45.927895  -44.427898 (VIOLATED)
_23410_/S0                              1.500000   45.927895  -44.427898 (VIOLATED)
_23413_/S0                              1.500000   45.927895  -44.427898 (VIOLATED)
_23414_/S0                              1.500000   45.927895  -44.427898 (VIOLATED)
_23416_/S                               1.500000   45.927895  -44.427898 (VIOLATED)
_23417_/S                               1.500000   45.927895  -44.427898 (VIOLATED)
_23420_/S                               1.500000   45.927895  -44.427898 (VIOLATED)
_23422_/S                               1.500000   45.927895  -44.427898 (VIOLATED)
_23426_/S0                              1.500000   45.927895  -44.427898 (VIOLATED)
_23427_/S0                              1.500000   45.927895  -44.427898 (VIOLATED)
_23430_/S0                              1.500000   45.927895  -44.427898 (VIOLATED)
_23431_/S0                              1.500000   45.927895  -44.427898 (VIOLATED)
_23434_/S0                              1.500000   45.927895  -44.427898 (VIOLATED)
_23435_/S0                              1.500000   45.927895  -44.427898 (VIOLATED)
_23438_/S0                              1.500000   45.927895  -44.427898 (VIOLATED)
_23439_/S                               1.500000   45.927895  -44.427898 (VIOLATED)
_23441_/S                               1.500000   45.927895  -44.427898 (VIOLATED)
_23444_/S0                              1.500000   45.927895  -44.427898 (VIOLATED)
_23445_/S0                              1.500000   45.927895  -44.427898 (VIOLATED)
_23448_/S0                              1.500000   45.927895  -44.427898 (VIOLATED)
_23449_/S0                              1.500000   45.927895  -44.427898 (VIOLATED)
_23458_/S0                              1.500000   45.927895  -44.427898 (VIOLATED)
_23459_/S0                              1.500000   45.927895  -44.427898 (VIOLATED)
_23462_/S                               1.500000   45.927895  -44.427898 (VIOLATED)
_23463_/S                               1.500000   45.927895  -44.427898 (VIOLATED)
_23466_/S                               1.500000   45.927895  -44.427898 (VIOLATED)
_23468_/S                               1.500000   45.927895  -44.427898 (VIOLATED)
_23472_/S0                              1.500000   45.927895  -44.427898 (VIOLATED)
_23474_/S0                              1.500000   45.927895  -44.427898 (VIOLATED)
_23476_/S0                              1.500000   45.927895  -44.427898 (VIOLATED)
_23477_/S0                              1.500000   45.927895  -44.427898 (VIOLATED)
_23481_/S                               1.500000   45.927895  -44.427898 (VIOLATED)
_23483_/S                               1.500000   45.927895  -44.427898 (VIOLATED)
_23485_/S0                              1.500000   45.927895  -44.427898 (VIOLATED)
_23487_/S                               1.500000   45.927895  -44.427898 (VIOLATED)
_23489_/S                               1.500000   45.927895  -44.427898 (VIOLATED)
_23491_/S0                              1.500000   45.927895  -44.427898 (VIOLATED)
_23494_/S0                              1.500000   45.927895  -44.427898 (VIOLATED)
_23495_/S0                              1.500000   45.927895  -44.427898 (VIOLATED)
_23498_/S0                              1.500000   45.927895  -44.427898 (VIOLATED)
_23499_/S0                              1.500000   45.927895  -44.427898 (VIOLATED)
_23503_/S                               1.500000   45.927895  -44.427898 (VIOLATED)
_23505_/S                               1.500000   45.927895  -44.427898 (VIOLATED)
_23507_/S0                              1.500000   45.927895  -44.427898 (VIOLATED)
_23509_/S                               1.500000   45.927895  -44.427898 (VIOLATED)
_23510_/S                               1.500000   45.927895  -44.427898 (VIOLATED)
_23513_/S0                              1.500000   45.927895  -44.427898 (VIOLATED)
_23515_/S0                              1.500000   45.927895  -44.427898 (VIOLATED)
_23516_/S0                              1.500000   45.927895  -44.427898 (VIOLATED)
_23519_/S0                              1.500000   45.927895  -44.427898 (VIOLATED)
_23520_/S0                              1.500000   45.927895  -44.427898 (VIOLATED)
_23523_/S0                              1.500000   45.927895  -44.427898 (VIOLATED)
_23525_/S0                              1.500000   45.927895  -44.427898 (VIOLATED)
_23527_/S                               1.500000   45.927895  -44.427898 (VIOLATED)
_23528_/S                               1.500000   45.927895  -44.427898 (VIOLATED)
_23531_/S                               1.500000   45.927895  -44.427898 (VIOLATED)
_23533_/S                               1.500000   45.927895  -44.427898 (VIOLATED)
_23537_/S0                              1.500000   45.927895  -44.427898 (VIOLATED)
_23538_/S0                              1.500000   45.927895  -44.427898 (VIOLATED)
_23541_/S0                              1.500000   45.927895  -44.427898 (VIOLATED)
_23542_/S0                              1.500000   45.927895  -44.427898 (VIOLATED)
_23549_/S0                              1.500000   45.927895  -44.427898 (VIOLATED)
_23551_/S0                              1.500000   45.927895  -44.427898 (VIOLATED)
_23553_/S                               1.500000   45.927895  -44.427898 (VIOLATED)
_23554_/S                               1.500000   45.927895  -44.427898 (VIOLATED)
_23555_/S                               1.500000   45.927895  -44.427898 (VIOLATED)
_23556_/S                               1.500000   45.927895  -44.427898 (VIOLATED)
_23559_/S0                              1.500000   45.927895  -44.427898 (VIOLATED)
_23560_/S0                              1.500000   45.927895  -44.427898 (VIOLATED)
_23563_/S0                              1.500000   45.927895  -44.427898 (VIOLATED)
_23564_/S0                              1.500000   45.927895  -44.427898 (VIOLATED)
_23567_/S0                              1.500000   45.927895  -44.427898 (VIOLATED)
_23568_/S0                              1.500000   45.927895  -44.427898 (VIOLATED)
_23570_/S                               1.500000   45.927895  -44.427898 (VIOLATED)
_23571_/S                               1.500000   45.927895  -44.427898 (VIOLATED)
_23574_/S                               1.500000   45.927895  -44.427898 (VIOLATED)
_23576_/S                               1.500000   45.927895  -44.427898 (VIOLATED)
_23580_/S0                              1.500000   45.927895  -44.427898 (VIOLATED)
_23581_/S0                              1.500000   45.927895  -44.427898 (VIOLATED)
_23584_/S0                              1.500000   45.927895  -44.427898 (VIOLATED)
_23585_/S0                              1.500000   45.927895  -44.427898 (VIOLATED)
_23588_/S0                              1.500000   45.927895  -44.427898 (VIOLATED)
_23589_/S0                              1.500000   45.927895  -44.427898 (VIOLATED)
_23591_/S                               1.500000   45.927895  -44.427898 (VIOLATED)
_23592_/S                               1.500000   45.927895  -44.427898 (VIOLATED)
_23595_/S                               1.500000   45.927895  -44.427898 (VIOLATED)
_23597_/S                               1.500000   45.927895  -44.427898 (VIOLATED)
_23601_/S0                              1.500000   45.927895  -44.427898 (VIOLATED)
_23602_/S0                              1.500000   45.927895  -44.427898 (VIOLATED)
_23605_/S0                              1.500000   45.927895  -44.427898 (VIOLATED)
_23606_/S0                              1.500000   45.927895  -44.427898 (VIOLATED)
_23609_/S0                              1.500000   45.927895  -44.427898 (VIOLATED)
_23610_/S0                              1.500000   45.927895  -44.427898 (VIOLATED)
_23613_/S0                              1.500000   45.927895  -44.427898 (VIOLATED)
_23614_/S                               1.500000   45.927895  -44.427898 (VIOLATED)
_23616_/S                               1.500000   45.927895  -44.427898 (VIOLATED)
_23619_/S0                              1.500000   45.927895  -44.427898 (VIOLATED)
_23620_/S0                              1.500000   45.927895  -44.427898 (VIOLATED)
_23623_/S0                              1.500000   45.927895  -44.427898 (VIOLATED)
_23624_/S0                              1.500000   45.927895  -44.427898 (VIOLATED)
_23633_/S0                              1.500000   45.927895  -44.427898 (VIOLATED)
_23634_/S0                              1.500000   45.927895  -44.427898 (VIOLATED)
_23637_/S                               1.500000   45.927895  -44.427898 (VIOLATED)
_23638_/S                               1.500000   45.927895  -44.427898 (VIOLATED)
_23641_/S                               1.500000   45.927895  -44.427898 (VIOLATED)
_23643_/S                               1.500000   45.927895  -44.427898 (VIOLATED)
_23647_/S0                              1.500000   45.927895  -44.427898 (VIOLATED)
_23649_/S0                              1.500000   45.927895  -44.427898 (VIOLATED)
_23651_/S0                              1.500000   45.927895  -44.427898 (VIOLATED)
_23652_/S0                              1.500000   45.927895  -44.427898 (VIOLATED)
_23656_/S                               1.500000   45.927895  -44.427898 (VIOLATED)
_23658_/S                               1.500000   45.927895  -44.427898 (VIOLATED)
_23660_/S0                              1.500000   45.927895  -44.427898 (VIOLATED)
_23662_/S                               1.500000   45.927895  -44.427898 (VIOLATED)
_23664_/S                               1.500000   45.927895  -44.427898 (VIOLATED)
_23666_/S0                              1.500000   45.927895  -44.427898 (VIOLATED)
_23669_/S0                              1.500000   45.927895  -44.427898 (VIOLATED)
_23670_/S0                              1.500000   45.927895  -44.427898 (VIOLATED)
_23673_/S0                              1.500000   45.927895  -44.427898 (VIOLATED)
_23674_/S0                              1.500000   45.927895  -44.427898 (VIOLATED)
_23678_/S                               1.500000   45.927895  -44.427898 (VIOLATED)
_23680_/S                               1.500000   45.927895  -44.427898 (VIOLATED)
_23682_/S0                              1.500000   45.927895  -44.427898 (VIOLATED)
_23684_/S                               1.500000   45.927895  -44.427898 (VIOLATED)
_23685_/S                               1.500000   45.927895  -44.427898 (VIOLATED)
_23688_/S0                              1.500000   45.927895  -44.427898 (VIOLATED)
_23690_/S0                              1.500000   45.927895  -44.427898 (VIOLATED)
_23691_/S0                              1.500000   45.927895  -44.427898 (VIOLATED)
_23694_/S0                              1.500000   45.927895  -44.427898 (VIOLATED)
_23695_/S0                              1.500000   45.927895  -44.427898 (VIOLATED)
_23698_/S0                              1.500000   45.927895  -44.427898 (VIOLATED)
_23700_/S0                              1.500000   45.927895  -44.427898 (VIOLATED)
_23702_/S                               1.500000   45.927895  -44.427898 (VIOLATED)
_23703_/S                               1.500000   45.927895  -44.427898 (VIOLATED)
_23706_/S                               1.500000   45.927895  -44.427898 (VIOLATED)
_23708_/S                               1.500000   45.927895  -44.427898 (VIOLATED)
_23712_/S0                              1.500000   45.927895  -44.427898 (VIOLATED)
_23713_/S0                              1.500000   45.927895  -44.427898 (VIOLATED)
_23716_/S0                              1.500000   45.927895  -44.427898 (VIOLATED)
_23717_/S0                              1.500000   45.927895  -44.427898 (VIOLATED)
_23724_/S0                              1.500000   45.927895  -44.427898 (VIOLATED)
_23726_/S0                              1.500000   45.927895  -44.427898 (VIOLATED)
_23728_/S                               1.500000   45.927895  -44.427898 (VIOLATED)
_23729_/S                               1.500000   45.927895  -44.427898 (VIOLATED)
_23730_/S                               1.500000   45.927895  -44.427898 (VIOLATED)
_23731_/S                               1.500000   45.927895  -44.427898 (VIOLATED)
_23734_/S0                              1.500000   45.927895  -44.427898 (VIOLATED)
_23735_/S0                              1.500000   45.927895  -44.427898 (VIOLATED)
_23738_/S0                              1.500000   45.927895  -44.427898 (VIOLATED)
_23739_/S0                              1.500000   45.927895  -44.427898 (VIOLATED)
_23742_/S0                              1.500000   45.927895  -44.427898 (VIOLATED)
_23743_/S0                              1.500000   45.927895  -44.427898 (VIOLATED)
_23745_/S                               1.500000   45.927895  -44.427898 (VIOLATED)
_23746_/S                               1.500000   45.927895  -44.427898 (VIOLATED)
_23749_/S                               1.500000   45.927895  -44.427898 (VIOLATED)
_23751_/S                               1.500000   45.927895  -44.427898 (VIOLATED)
_23755_/S0                              1.500000   45.927895  -44.427898 (VIOLATED)
_23756_/S0                              1.500000   45.927895  -44.427898 (VIOLATED)
_23759_/S0                              1.500000   45.927895  -44.427898 (VIOLATED)
_23760_/S0                              1.500000   45.927895  -44.427898 (VIOLATED)
_23763_/S0                              1.500000   45.927895  -44.427898 (VIOLATED)
_23764_/S0                              1.500000   45.927895  -44.427898 (VIOLATED)
_23766_/S                               1.500000   45.927895  -44.427898 (VIOLATED)
_23767_/S                               1.500000   45.927895  -44.427898 (VIOLATED)
_23770_/S                               1.500000   45.927895  -44.427898 (VIOLATED)
_23772_/S                               1.500000   45.927895  -44.427898 (VIOLATED)
_23776_/S0                              1.500000   45.927895  -44.427898 (VIOLATED)
_23777_/S0                              1.500000   45.927895  -44.427898 (VIOLATED)
_23780_/S0                              1.500000   45.927895  -44.427898 (VIOLATED)
_23781_/S0                              1.500000   45.927895  -44.427898 (VIOLATED)
_23784_/S0                              1.500000   45.927895  -44.427898 (VIOLATED)
_23785_/S0                              1.500000   45.927895  -44.427898 (VIOLATED)
_23788_/S0                              1.500000   45.927895  -44.427898 (VIOLATED)
_23789_/S                               1.500000   45.927895  -44.427898 (VIOLATED)
_23791_/S                               1.500000   45.927895  -44.427898 (VIOLATED)
_23794_/S0                              1.500000   45.927895  -44.427898 (VIOLATED)
_23795_/S0                              1.500000   45.927895  -44.427898 (VIOLATED)
_23798_/S0                              1.500000   45.927895  -44.427898 (VIOLATED)
_23799_/S0                              1.500000   45.927895  -44.427898 (VIOLATED)
_23808_/S0                              1.500000   45.927895  -44.427898 (VIOLATED)
_23809_/S0                              1.500000   45.927895  -44.427898 (VIOLATED)
_23812_/S                               1.500000   45.927895  -44.427898 (VIOLATED)
_23813_/S                               1.500000   45.927895  -44.427898 (VIOLATED)
_23816_/S                               1.500000   45.927895  -44.427898 (VIOLATED)
_23818_/S                               1.500000   45.927895  -44.427898 (VIOLATED)
_23821_/S0                              1.500000   45.927895  -44.427898 (VIOLATED)
_23822_/S0                              1.500000   45.927895  -44.427898 (VIOLATED)
_23825_/S0                              1.500000   45.927895  -44.427898 (VIOLATED)
_23826_/S0                              1.500000   45.927895  -44.427898 (VIOLATED)
_23829_/S                               1.500000   45.927895  -44.427898 (VIOLATED)
_23831_/S                               1.500000   45.927895  -44.427898 (VIOLATED)
_23833_/S0                              1.500000   45.927895  -44.427898 (VIOLATED)
_23835_/S                               1.500000   45.927895  -44.427898 (VIOLATED)
_23837_/S                               1.500000   45.927895  -44.427898 (VIOLATED)
_23839_/S0                              1.500000   45.927895  -44.427898 (VIOLATED)
_23842_/S0                              1.500000   45.927895  -44.427898 (VIOLATED)
_23843_/S0                              1.500000   45.927895  -44.427898 (VIOLATED)
_23846_/S0                              1.500000   45.927895  -44.427898 (VIOLATED)
_23847_/S0                              1.500000   45.927895  -44.427898 (VIOLATED)
_23850_/S                               1.500000   45.927895  -44.427898 (VIOLATED)
_23852_/S                               1.500000   45.927895  -44.427898 (VIOLATED)
_23854_/S0                              1.500000   45.927895  -44.427898 (VIOLATED)
_23856_/S                               1.500000   45.927895  -44.427898 (VIOLATED)
_23857_/S                               1.500000   45.927895  -44.427898 (VIOLATED)
_23860_/S0                              1.500000   45.927895  -44.427898 (VIOLATED)
_23862_/S0                              1.500000   45.927895  -44.427898 (VIOLATED)
_23863_/S0                              1.500000   45.927895  -44.427898 (VIOLATED)
_23866_/S0                              1.500000   45.927895  -44.427898 (VIOLATED)
_23867_/S0                              1.500000   45.927895  -44.427898 (VIOLATED)
_23870_/S0                              1.500000   45.927895  -44.427898 (VIOLATED)
_23872_/S0                              1.500000   45.927895  -44.427898 (VIOLATED)
_23874_/S                               1.500000   45.927895  -44.427898 (VIOLATED)
_23875_/S                               1.500000   45.927895  -44.427898 (VIOLATED)
_23878_/S                               1.500000   45.927895  -44.427898 (VIOLATED)
_23880_/S                               1.500000   45.927895  -44.427898 (VIOLATED)
_23884_/S0                              1.500000   45.927895  -44.427898 (VIOLATED)
_23885_/S0                              1.500000   45.927895  -44.427898 (VIOLATED)
_23888_/S0                              1.500000   45.927895  -44.427898 (VIOLATED)
_23889_/S0                              1.500000   45.927895  -44.427898 (VIOLATED)
_23897_/S0                              1.500000   45.927895  -44.427898 (VIOLATED)
_23898_/S0                              1.500000   45.927895  -44.427898 (VIOLATED)
_23901_/S0                              1.500000   45.927895  -44.427898 (VIOLATED)
_23902_/S                               1.500000   45.927895  -44.427898 (VIOLATED)
_23904_/S                               1.500000   45.927895  -44.427898 (VIOLATED)
_23907_/S0                              1.500000   45.927895  -44.427898 (VIOLATED)
_23908_/S0                              1.500000   45.927895  -44.427898 (VIOLATED)
_23911_/S0                              1.500000   45.927895  -44.427898 (VIOLATED)
_23912_/S0                              1.500000   45.927895  -44.427898 (VIOLATED)
_23915_/S0                              1.500000   45.927895  -44.427898 (VIOLATED)
_23916_/S0                              1.500000   45.927895  -44.427898 (VIOLATED)
_23918_/S                               1.500000   45.927895  -44.427898 (VIOLATED)
_23919_/S                               1.500000   45.927895  -44.427898 (VIOLATED)
_23922_/S                               1.500000   45.927895  -44.427898 (VIOLATED)
_23924_/S                               1.500000   45.927895  -44.427898 (VIOLATED)
_23928_/S0                              1.500000   45.927895  -44.427898 (VIOLATED)
_23929_/S0                              1.500000   45.927895  -44.427898 (VIOLATED)
_23932_/S0                              1.500000   45.927895  -44.427898 (VIOLATED)
_23933_/S0                              1.500000   45.927895  -44.427898 (VIOLATED)
_23936_/S0                              1.500000   45.927895  -44.427898 (VIOLATED)
_23937_/S0                              1.500000   45.927895  -44.427898 (VIOLATED)
_23939_/S                               1.500000   45.927895  -44.427898 (VIOLATED)
_23940_/S                               1.500000   45.927895  -44.427898 (VIOLATED)
_23943_/S                               1.500000   45.927895  -44.427898 (VIOLATED)
_23945_/S                               1.500000   45.927895  -44.427898 (VIOLATED)
_23949_/S0                              1.500000   45.927895  -44.427898 (VIOLATED)
_23950_/S0                              1.500000   45.927895  -44.427898 (VIOLATED)
_23953_/S0                              1.500000   45.927895  -44.427898 (VIOLATED)
_23954_/S0                              1.500000   45.927895  -44.427898 (VIOLATED)
_23957_/S0                              1.500000   45.927895  -44.427898 (VIOLATED)
_23958_/S0                              1.500000   45.927895  -44.427898 (VIOLATED)
_23961_/S0                              1.500000   45.927895  -44.427898 (VIOLATED)
_23962_/S                               1.500000   45.927895  -44.427898 (VIOLATED)
_23964_/S                               1.500000   45.927895  -44.427898 (VIOLATED)
_23967_/S0                              1.500000   45.927895  -44.427898 (VIOLATED)
_23968_/S0                              1.500000   45.927895  -44.427898 (VIOLATED)
_23971_/S0                              1.500000   45.927895  -44.427898 (VIOLATED)
_23972_/S0                              1.500000   45.927895  -44.427898 (VIOLATED)
_23981_/S0                              1.500000   45.927895  -44.427898 (VIOLATED)
_23982_/S0                              1.500000   45.927895  -44.427898 (VIOLATED)
_23985_/S                               1.500000   45.927895  -44.427898 (VIOLATED)
_23986_/S                               1.500000   45.927895  -44.427898 (VIOLATED)
_23989_/S                               1.500000   45.927895  -44.427898 (VIOLATED)
_23991_/S                               1.500000   45.927895  -44.427898 (VIOLATED)
_23994_/S0                              1.500000   45.927895  -44.427898 (VIOLATED)
_23995_/S0                              1.500000   45.927895  -44.427898 (VIOLATED)
_23998_/S0                              1.500000   45.927895  -44.427898 (VIOLATED)
_23999_/S0                              1.500000   45.927895  -44.427898 (VIOLATED)
_24002_/S                               1.500000   45.927895  -44.427898 (VIOLATED)
_24004_/S                               1.500000   45.927895  -44.427898 (VIOLATED)
_24006_/S0                              1.500000   45.927895  -44.427898 (VIOLATED)
_24008_/S                               1.500000   45.927895  -44.427898 (VIOLATED)
_24010_/S                               1.500000   45.927895  -44.427898 (VIOLATED)
_24012_/S0                              1.500000   45.927895  -44.427898 (VIOLATED)
_24015_/S0                              1.500000   45.927895  -44.427898 (VIOLATED)
_24016_/S0                              1.500000   45.927895  -44.427898 (VIOLATED)
_24019_/S0                              1.500000   45.927895  -44.427898 (VIOLATED)
_24020_/S0                              1.500000   45.927895  -44.427898 (VIOLATED)
_24023_/S                               1.500000   45.927895  -44.427898 (VIOLATED)
_24025_/S                               1.500000   45.927895  -44.427898 (VIOLATED)
_24027_/S0                              1.500000   45.927895  -44.427898 (VIOLATED)
_24029_/S                               1.500000   45.927895  -44.427898 (VIOLATED)
_24030_/S                               1.500000   45.927895  -44.427898 (VIOLATED)
_24033_/S0                              1.500000   45.927895  -44.427898 (VIOLATED)
_24035_/S0                              1.500000   45.927895  -44.427898 (VIOLATED)
_24036_/S0                              1.500000   45.927895  -44.427898 (VIOLATED)
_24039_/S0                              1.500000   45.927895  -44.427898 (VIOLATED)
_24040_/S0                              1.500000   45.927895  -44.427898 (VIOLATED)
_24043_/S0                              1.500000   45.927895  -44.427898 (VIOLATED)
_24045_/S0                              1.500000   45.927895  -44.427898 (VIOLATED)
_24047_/S                               1.500000   45.927895  -44.427898 (VIOLATED)
_24048_/S                               1.500000   45.927895  -44.427898 (VIOLATED)
_24051_/S                               1.500000   45.927895  -44.427898 (VIOLATED)
_24053_/S                               1.500000   45.927895  -44.427898 (VIOLATED)
_24057_/S0                              1.500000   45.927895  -44.427898 (VIOLATED)
_24058_/S0                              1.500000   45.927895  -44.427898 (VIOLATED)
_24061_/S0                              1.500000   45.927895  -44.427898 (VIOLATED)
_24062_/S0                              1.500000   45.927895  -44.427898 (VIOLATED)
_24070_/S0                              1.500000   45.927895  -44.427898 (VIOLATED)
_24071_/S0                              1.500000   45.927895  -44.427898 (VIOLATED)
_24074_/S0                              1.500000   45.927895  -44.427898 (VIOLATED)
_24075_/S                               1.500000   45.927895  -44.427898 (VIOLATED)
_24077_/S                               1.500000   45.927895  -44.427898 (VIOLATED)
_24080_/S0                              1.500000   45.927895  -44.427898 (VIOLATED)
_24081_/S0                              1.500000   45.927895  -44.427898 (VIOLATED)
_24084_/S0                              1.500000   45.927895  -44.427898 (VIOLATED)
_24085_/S0                              1.500000   45.927895  -44.427898 (VIOLATED)
_24088_/S0                              1.500000   45.927895  -44.427898 (VIOLATED)
_24089_/S0                              1.500000   45.927895  -44.427898 (VIOLATED)
_24091_/S                               1.500000   45.927895  -44.427898 (VIOLATED)
_24092_/S                               1.500000   45.927895  -44.427898 (VIOLATED)
_24095_/S                               1.500000   45.927895  -44.427898 (VIOLATED)
_24097_/S                               1.500000   45.927895  -44.427898 (VIOLATED)
_24101_/S0                              1.500000   45.927895  -44.427898 (VIOLATED)
_24102_/S0                              1.500000   45.927895  -44.427898 (VIOLATED)
_24105_/S0                              1.500000   45.927895  -44.427898 (VIOLATED)
_24106_/S0                              1.500000   45.927895  -44.427898 (VIOLATED)
_24109_/S0                              1.500000   45.927895  -44.427898 (VIOLATED)
_24110_/S0                              1.500000   45.927895  -44.427898 (VIOLATED)
_24112_/S                               1.500000   45.927895  -44.427898 (VIOLATED)
_24113_/S                               1.500000   45.927895  -44.427898 (VIOLATED)
_24116_/S                               1.500000   45.927895  -44.427898 (VIOLATED)
_24118_/S                               1.500000   45.927895  -44.427898 (VIOLATED)
_24122_/S0                              1.500000   45.927895  -44.427898 (VIOLATED)
_24123_/S0                              1.500000   45.927895  -44.427898 (VIOLATED)
_24126_/S0                              1.500000   45.927895  -44.427898 (VIOLATED)
_24127_/S0                              1.500000   45.927895  -44.427898 (VIOLATED)
_24130_/S0                              1.500000   45.927895  -44.427898 (VIOLATED)
_24131_/S0                              1.500000   45.927895  -44.427898 (VIOLATED)
_24134_/S0                              1.500000   45.927895  -44.427898 (VIOLATED)
_24135_/S                               1.500000   45.927895  -44.427898 (VIOLATED)
_24137_/S                               1.500000   45.927895  -44.427898 (VIOLATED)
_24140_/S0                              1.500000   45.927895  -44.427898 (VIOLATED)
_24141_/S0                              1.500000   45.927895  -44.427898 (VIOLATED)
_24144_/S0                              1.500000   45.927895  -44.427898 (VIOLATED)
_24145_/S0                              1.500000   45.927895  -44.427898 (VIOLATED)
_24154_/S0                              1.500000   45.927895  -44.427898 (VIOLATED)
_24155_/S0                              1.500000   45.927895  -44.427898 (VIOLATED)
_24158_/S                               1.500000   45.927895  -44.427898 (VIOLATED)
_24159_/S                               1.500000   45.927895  -44.427898 (VIOLATED)
_24162_/S                               1.500000   45.927895  -44.427898 (VIOLATED)
_24164_/S                               1.500000   45.927895  -44.427898 (VIOLATED)
_24168_/S0                              1.500000   45.927895  -44.427898 (VIOLATED)
_24170_/S0                              1.500000   45.927895  -44.427898 (VIOLATED)
_24172_/S0                              1.500000   45.927895  -44.427898 (VIOLATED)
_24173_/S0                              1.500000   45.927895  -44.427898 (VIOLATED)
_24177_/S                               1.500000   45.927895  -44.427898 (VIOLATED)
_24179_/S                               1.500000   45.927895  -44.427898 (VIOLATED)
_24181_/S0                              1.500000   45.927895  -44.427898 (VIOLATED)
_24183_/S                               1.500000   45.927895  -44.427898 (VIOLATED)
_24185_/S                               1.500000   45.927895  -44.427898 (VIOLATED)
_24187_/S0                              1.500000   45.927895  -44.427898 (VIOLATED)
_24190_/S0                              1.500000   45.927895  -44.427898 (VIOLATED)
_24191_/S0                              1.500000   45.927895  -44.427898 (VIOLATED)
_24194_/S0                              1.500000   45.927895  -44.427898 (VIOLATED)
_24195_/S0                              1.500000   45.927895  -44.427898 (VIOLATED)
_24199_/S                               1.500000   45.927895  -44.427898 (VIOLATED)
_24201_/S                               1.500000   45.927895  -44.427898 (VIOLATED)
_24203_/S0                              1.500000   45.927895  -44.427898 (VIOLATED)
_24205_/S                               1.500000   45.927895  -44.427898 (VIOLATED)
_24206_/S                               1.500000   45.927895  -44.427898 (VIOLATED)
_24209_/S0                              1.500000   45.927895  -44.427898 (VIOLATED)
_24211_/S0                              1.500000   45.927895  -44.427898 (VIOLATED)
_24212_/S0                              1.500000   45.927895  -44.427898 (VIOLATED)
_24215_/S0                              1.500000   45.927895  -44.427898 (VIOLATED)
_24216_/S0                              1.500000   45.927895  -44.427898 (VIOLATED)
_24219_/S0                              1.500000   45.927895  -44.427898 (VIOLATED)
_24221_/S0                              1.500000   45.927895  -44.427898 (VIOLATED)
_24223_/S                               1.500000   45.927895  -44.427898 (VIOLATED)
_24224_/S                               1.500000   45.927895  -44.427898 (VIOLATED)
_24227_/S                               1.500000   45.927895  -44.427898 (VIOLATED)
_24229_/S                               1.500000   45.927895  -44.427898 (VIOLATED)
_24233_/S0                              1.500000   45.927895  -44.427898 (VIOLATED)
_24234_/S0                              1.500000   45.927895  -44.427898 (VIOLATED)
_24237_/S0                              1.500000   45.927895  -44.427898 (VIOLATED)
_24238_/S0                              1.500000   45.927895  -44.427898 (VIOLATED)
_24245_/S0                              1.500000   45.927895  -44.427898 (VIOLATED)
_24246_/S0                              1.500000   45.927895  -44.427898 (VIOLATED)
_24249_/S0                              1.500000   45.927895  -44.427898 (VIOLATED)
_24250_/S                               1.500000   45.927895  -44.427898 (VIOLATED)
_24252_/S                               1.500000   45.927895  -44.427898 (VIOLATED)
_24255_/S0                              1.500000   45.927895  -44.427898 (VIOLATED)
_24256_/S0                              1.500000   45.927895  -44.427898 (VIOLATED)
_24259_/S0                              1.500000   45.927895  -44.427898 (VIOLATED)
_24260_/S0                              1.500000   45.927895  -44.427898 (VIOLATED)
_24263_/S0                              1.500000   45.927895  -44.427898 (VIOLATED)
_24264_/S0                              1.500000   45.927895  -44.427898 (VIOLATED)
_24266_/S                               1.500000   45.927895  -44.427898 (VIOLATED)
_24267_/S                               1.500000   45.927895  -44.427898 (VIOLATED)
_24270_/S                               1.500000   45.927895  -44.427898 (VIOLATED)
_24272_/S                               1.500000   45.927895  -44.427898 (VIOLATED)
_24276_/S0                              1.500000   45.927895  -44.427898 (VIOLATED)
_24277_/S0                              1.500000   45.927895  -44.427898 (VIOLATED)
_24280_/S0                              1.500000   45.927895  -44.427898 (VIOLATED)
_24281_/S0                              1.500000   45.927895  -44.427898 (VIOLATED)
_24284_/S0                              1.500000   45.927895  -44.427898 (VIOLATED)
_24285_/S0                              1.500000   45.927895  -44.427898 (VIOLATED)
_24287_/S                               1.500000   45.927895  -44.427898 (VIOLATED)
_24288_/S                               1.500000   45.927895  -44.427898 (VIOLATED)
_24291_/S                               1.500000   45.927895  -44.427898 (VIOLATED)
_24293_/S                               1.500000   45.927895  -44.427898 (VIOLATED)
_24297_/S0                              1.500000   45.927895  -44.427898 (VIOLATED)
_24298_/S0                              1.500000   45.927895  -44.427898 (VIOLATED)
_24301_/S0                              1.500000   45.927895  -44.427898 (VIOLATED)
_24302_/S0                              1.500000   45.927895  -44.427898 (VIOLATED)
_24305_/S0                              1.500000   45.927895  -44.427898 (VIOLATED)
_24306_/S0                              1.500000   45.927895  -44.427898 (VIOLATED)
_24309_/S0                              1.500000   45.927895  -44.427898 (VIOLATED)
_24310_/S                               1.500000   45.927895  -44.427898 (VIOLATED)
_24312_/S                               1.500000   45.927895  -44.427898 (VIOLATED)
_24315_/S0                              1.500000   45.927895  -44.427898 (VIOLATED)
_24316_/S0                              1.500000   45.927895  -44.427898 (VIOLATED)
_24319_/S0                              1.500000   45.927895  -44.427898 (VIOLATED)
_24320_/S0                              1.500000   45.927895  -44.427898 (VIOLATED)
_24329_/S0                              1.500000   45.927895  -44.427898 (VIOLATED)
_24330_/S0                              1.500000   45.927895  -44.427898 (VIOLATED)
_24333_/S                               1.500000   45.927895  -44.427898 (VIOLATED)
_24334_/S                               1.500000   45.927895  -44.427898 (VIOLATED)
_24337_/S                               1.500000   45.927895  -44.427898 (VIOLATED)
_24339_/S                               1.500000   45.927895  -44.427898 (VIOLATED)
_24342_/S0                              1.500000   45.927895  -44.427898 (VIOLATED)
_24343_/S0                              1.500000   45.927895  -44.427898 (VIOLATED)
_24346_/S0                              1.500000   45.927895  -44.427898 (VIOLATED)
_24347_/S0                              1.500000   45.927895  -44.427898 (VIOLATED)
_24350_/S                               1.500000   45.927895  -44.427898 (VIOLATED)
_24352_/S                               1.500000   45.927895  -44.427898 (VIOLATED)
_24354_/S0                              1.500000   45.927895  -44.427898 (VIOLATED)
_24356_/S                               1.500000   45.927895  -44.427898 (VIOLATED)
_24358_/S                               1.500000   45.927895  -44.427898 (VIOLATED)
_24360_/S0                              1.500000   45.927895  -44.427898 (VIOLATED)
_24363_/S0                              1.500000   45.927895  -44.427898 (VIOLATED)
_24364_/S0                              1.500000   45.927895  -44.427898 (VIOLATED)
_24367_/S0                              1.500000   45.927895  -44.427898 (VIOLATED)
_24368_/S0                              1.500000   45.927895  -44.427898 (VIOLATED)
_24371_/S                               1.500000   45.927895  -44.427898 (VIOLATED)
_24373_/S                               1.500000   45.927895  -44.427898 (VIOLATED)
_24375_/S0                              1.500000   45.927895  -44.427898 (VIOLATED)
_24377_/S                               1.500000   45.927895  -44.427898 (VIOLATED)
_24378_/S                               1.500000   45.927895  -44.427898 (VIOLATED)
_24381_/S0                              1.500000   45.927895  -44.427898 (VIOLATED)
_24383_/S0                              1.500000   45.927895  -44.427898 (VIOLATED)
_24384_/S0                              1.500000   45.927895  -44.427898 (VIOLATED)
_24387_/S0                              1.500000   45.927895  -44.427898 (VIOLATED)
_24388_/S0                              1.500000   45.927895  -44.427898 (VIOLATED)
_24391_/S0                              1.500000   45.927895  -44.427898 (VIOLATED)
_24393_/S0                              1.500000   45.927895  -44.427898 (VIOLATED)
_24395_/S                               1.500000   45.927895  -44.427898 (VIOLATED)
_24396_/S                               1.500000   45.927895  -44.427898 (VIOLATED)
_24399_/S                               1.500000   45.927895  -44.427898 (VIOLATED)
_24401_/S                               1.500000   45.927895  -44.427898 (VIOLATED)
_24405_/S0                              1.500000   45.927895  -44.427898 (VIOLATED)
_24406_/S0                              1.500000   45.927895  -44.427898 (VIOLATED)
_24409_/S0                              1.500000   45.927895  -44.427898 (VIOLATED)
_24410_/S0                              1.500000   45.927895  -44.427898 (VIOLATED)
_24418_/S0                              1.500000   45.927895  -44.427898 (VIOLATED)
_24419_/S0                              1.500000   45.927895  -44.427898 (VIOLATED)
_24422_/S0                              1.500000   45.927895  -44.427898 (VIOLATED)
_24423_/S                               1.500000   45.927895  -44.427898 (VIOLATED)
_24425_/S                               1.500000   45.927895  -44.427898 (VIOLATED)
_24428_/S0                              1.500000   45.927895  -44.427898 (VIOLATED)
_24429_/S0                              1.500000   45.927895  -44.427898 (VIOLATED)
_24432_/S0                              1.500000   45.927895  -44.427898 (VIOLATED)
_24433_/S0                              1.500000   45.927895  -44.427898 (VIOLATED)
_24436_/S0                              1.500000   45.927895  -44.427898 (VIOLATED)
_24437_/S0                              1.500000   45.927895  -44.427898 (VIOLATED)
_24439_/S                               1.500000   45.927895  -44.427898 (VIOLATED)
_24440_/S                               1.500000   45.927895  -44.427898 (VIOLATED)
_24443_/S                               1.500000   45.927895  -44.427898 (VIOLATED)
_24445_/S                               1.500000   45.927895  -44.427898 (VIOLATED)
_24449_/S0                              1.500000   45.927895  -44.427898 (VIOLATED)
_24450_/S0                              1.500000   45.927895  -44.427898 (VIOLATED)
_24453_/S0                              1.500000   45.927895  -44.427898 (VIOLATED)
_24454_/S0                              1.500000   45.927895  -44.427898 (VIOLATED)
_24457_/S0                              1.500000   45.927895  -44.427898 (VIOLATED)
_24458_/S0                              1.500000   45.927895  -44.427898 (VIOLATED)
_24460_/S                               1.500000   45.927895  -44.427898 (VIOLATED)
_24461_/S                               1.500000   45.927895  -44.427898 (VIOLATED)
_24464_/S                               1.500000   45.927895  -44.427898 (VIOLATED)
_24466_/S                               1.500000   45.927895  -44.427898 (VIOLATED)
_24470_/S0                              1.500000   45.927895  -44.427898 (VIOLATED)
_24471_/S0                              1.500000   45.927895  -44.427898 (VIOLATED)
_24474_/S0                              1.500000   45.927895  -44.427898 (VIOLATED)
_24475_/S0                              1.500000   45.927895  -44.427898 (VIOLATED)
_24478_/S0                              1.500000   45.927895  -44.427898 (VIOLATED)
_24479_/S0                              1.500000   45.927895  -44.427898 (VIOLATED)
_24482_/S0                              1.500000   45.927895  -44.427898 (VIOLATED)
_24483_/S                               1.500000   45.927895  -44.427898 (VIOLATED)
_24485_/S                               1.500000   45.927895  -44.427898 (VIOLATED)
_24488_/S0                              1.500000   45.927895  -44.427898 (VIOLATED)
_24489_/S0                              1.500000   45.927895  -44.427898 (VIOLATED)
_24492_/S0                              1.500000   45.927895  -44.427898 (VIOLATED)
_24493_/S0                              1.500000   45.927895  -44.427898 (VIOLATED)
_24502_/S0                              1.500000   45.927895  -44.427898 (VIOLATED)
_24503_/S0                              1.500000   45.927895  -44.427898 (VIOLATED)
_24506_/S                               1.500000   45.927895  -44.427898 (VIOLATED)
_24507_/S                               1.500000   45.927895  -44.427898 (VIOLATED)
_24510_/S                               1.500000   45.927895  -44.427898 (VIOLATED)
_24512_/S                               1.500000   45.927895  -44.427898 (VIOLATED)
_24516_/S0                              1.500000   45.927895  -44.427898 (VIOLATED)
_24518_/S0                              1.500000   45.927895  -44.427898 (VIOLATED)
_24520_/S0                              1.500000   45.927895  -44.427898 (VIOLATED)
_24521_/S0                              1.500000   45.927895  -44.427898 (VIOLATED)
_24524_/S                               1.500000   45.927895  -44.427898 (VIOLATED)
_24526_/S                               1.500000   45.927895  -44.427898 (VIOLATED)
_24528_/S0                              1.500000   45.927895  -44.427898 (VIOLATED)
_24530_/S                               1.500000   45.927895  -44.427898 (VIOLATED)
_24532_/S                               1.500000   45.927895  -44.427898 (VIOLATED)
_24534_/S0                              1.500000   45.927895  -44.427898 (VIOLATED)
_24537_/S0                              1.500000   45.927895  -44.427898 (VIOLATED)
_24538_/S0                              1.500000   45.927895  -44.427898 (VIOLATED)
_24541_/S0                              1.500000   45.927895  -44.427898 (VIOLATED)
_24542_/S0                              1.500000   45.927895  -44.427898 (VIOLATED)
_24545_/S                               1.500000   45.927895  -44.427898 (VIOLATED)
_24547_/S                               1.500000   45.927895  -44.427898 (VIOLATED)
_24549_/S0                              1.500000   45.927895  -44.427898 (VIOLATED)
_24551_/S                               1.500000   45.927895  -44.427898 (VIOLATED)
_24552_/S                               1.500000   45.927895  -44.427898 (VIOLATED)
_24555_/S0                              1.500000   45.927895  -44.427898 (VIOLATED)
_24557_/S0                              1.500000   45.927895  -44.427898 (VIOLATED)
_24558_/S0                              1.500000   45.927895  -44.427898 (VIOLATED)
_24561_/S0                              1.500000   45.927895  -44.427898 (VIOLATED)
_24562_/S0                              1.500000   45.927895  -44.427898 (VIOLATED)
_24565_/S0                              1.500000   45.927895  -44.427898 (VIOLATED)
_24566_/S0                              1.500000   45.927895  -44.427898 (VIOLATED)
_24569_/S                               1.500000   45.927895  -44.427898 (VIOLATED)
_24570_/S                               1.500000   45.927895  -44.427898 (VIOLATED)
_24573_/S                               1.500000   45.927895  -44.427898 (VIOLATED)
_24575_/S                               1.500000   45.927895  -44.427898 (VIOLATED)
_24578_/S0                              1.500000   45.927895  -44.427898 (VIOLATED)
_24579_/S0                              1.500000   45.927895  -44.427898 (VIOLATED)
_24582_/S0                              1.500000   45.927895  -44.427898 (VIOLATED)
_24584_/S0                              1.500000   45.927895  -44.427898 (VIOLATED)
_24592_/S0                              1.500000   45.927895  -44.427898 (VIOLATED)
_24594_/S0                              1.500000   45.927895  -44.427898 (VIOLATED)
_24596_/S0                              1.500000   45.927895  -44.427898 (VIOLATED)
_24597_/S                               1.500000   45.927895  -44.427898 (VIOLATED)
_24599_/S                               1.500000   45.927895  -44.427898 (VIOLATED)
_24602_/S0                              1.500000   45.927895  -44.427898 (VIOLATED)
_24604_/S0                              1.500000   45.927895  -44.427898 (VIOLATED)
_24606_/S0                              1.500000   45.927895  -44.427898 (VIOLATED)
_24607_/S0                              1.500000   45.927895  -44.427898 (VIOLATED)
_24610_/S0                              1.500000   45.927895  -44.427898 (VIOLATED)
_24611_/S0                              1.500000   45.927895  -44.427898 (VIOLATED)
_24613_/S                               1.500000   45.927895  -44.427898 (VIOLATED)
_24614_/S                               1.500000   45.927895  -44.427898 (VIOLATED)
_24617_/S                               1.500000   45.927895  -44.427898 (VIOLATED)
_24619_/S                               1.500000   45.927895  -44.427898 (VIOLATED)
_24623_/S0                              1.500000   45.927895  -44.427898 (VIOLATED)
_24625_/S0                              1.500000   45.927895  -44.427898 (VIOLATED)
_24627_/S0                              1.500000   45.927895  -44.427898 (VIOLATED)
_24628_/S0                              1.500000   45.927895  -44.427898 (VIOLATED)
_24631_/S0                              1.500000   45.927895  -44.427898 (VIOLATED)
_24632_/S0                              1.500000   45.927895  -44.427898 (VIOLATED)
_24634_/S                               1.500000   45.927895  -44.427898 (VIOLATED)
_24636_/S                               1.500000   45.927895  -44.427898 (VIOLATED)
_24638_/S                               1.500000   45.927895  -44.427898 (VIOLATED)
_24640_/S                               1.500000   45.927895  -44.427898 (VIOLATED)
_24644_/S0                              1.500000   45.927895  -44.427898 (VIOLATED)
_24646_/S0                              1.500000   45.927895  -44.427898 (VIOLATED)
_24648_/S0                              1.500000   45.927895  -44.427898 (VIOLATED)
_24649_/S0                              1.500000   45.927895  -44.427898 (VIOLATED)
_24652_/S0                              1.500000   45.927895  -44.427898 (VIOLATED)
_24654_/S0                              1.500000   45.927895  -44.427898 (VIOLATED)
_24656_/S0                              1.500000   45.927895  -44.427898 (VIOLATED)
_24657_/S                               1.500000   45.927895  -44.427898 (VIOLATED)
_24659_/S                               1.500000   45.927895  -44.427898 (VIOLATED)
_24662_/S0                              1.500000   45.927895  -44.427898 (VIOLATED)
_24664_/S0                              1.500000   45.927895  -44.427898 (VIOLATED)
_24666_/S0                              1.500000   45.927895  -44.427898 (VIOLATED)
_24667_/S0                              1.500000   45.927895  -44.427898 (VIOLATED)
_33237_/Q                               1.506345   45.927895  -44.421551 (VIOLATED)
_14147_/A                               1.500000   23.359291  -21.859289 (VIOLATED)
_14168_/B                               1.500000   23.359291  -21.859289 (VIOLATED)
_14201_/B1                              1.500000   23.359291  -21.859289 (VIOLATED)
_14272_/A                               1.500000   23.359291  -21.859289 (VIOLATED)
_19126_/S1                              1.500000   23.359291  -21.859289 (VIOLATED)
_19127_/S1                              1.500000   23.359291  -21.859289 (VIOLATED)
_19130_/S1                              1.500000   23.359291  -21.859289 (VIOLATED)
_19132_/A                               1.500000   23.359291  -21.859289 (VIOLATED)
_19136_/S1                              1.500000   23.359291  -21.859289 (VIOLATED)
_19137_/S1                              1.500000   23.359291  -21.859289 (VIOLATED)
_19140_/S1                              1.500000   23.359291  -21.859289 (VIOLATED)
_19141_/S1                              1.500000   23.359291  -21.859289 (VIOLATED)
_19144_/S1                              1.500000   23.359291  -21.859289 (VIOLATED)
_19145_/S1                              1.500000   23.359291  -21.859289 (VIOLATED)
_19151_/A1                              1.500000   23.359291  -21.859289 (VIOLATED)
_19152_/S1                              1.500000   23.359291  -21.859289 (VIOLATED)
_19154_/S1                              1.500000   23.359291  -21.859289 (VIOLATED)
_19156_/S1                              1.500000   23.359291  -21.859289 (VIOLATED)
_19158_/S1                              1.500000   23.359291  -21.859289 (VIOLATED)
_19159_/S1                              1.500000   23.359291  -21.859289 (VIOLATED)
_19162_/S1                              1.500000   23.359291  -21.859289 (VIOLATED)
_19163_/S1                              1.500000   23.359291  -21.859289 (VIOLATED)
_19166_/A                               1.500000   23.359291  -21.859289 (VIOLATED)
_19169_/S1                              1.500000   23.359291  -21.859289 (VIOLATED)
_19172_/S1                              1.500000   23.359291  -21.859289 (VIOLATED)
_19173_/S1                              1.500000   23.359291  -21.859289 (VIOLATED)
_19176_/S1                              1.500000   23.359291  -21.859289 (VIOLATED)
_19177_/S1                              1.500000   23.359291  -21.859289 (VIOLATED)
_19180_/S1                              1.500000   23.359291  -21.859289 (VIOLATED)
_19182_/S1                              1.500000   23.359291  -21.859289 (VIOLATED)
_19188_/S0                              1.500000   23.359291  -21.859289 (VIOLATED)
_19190_/S1                              1.500000   23.359291  -21.859289 (VIOLATED)
_19192_/S1                              1.500000   23.359291  -21.859289 (VIOLATED)
_19194_/S1                              1.500000   23.359291  -21.859289 (VIOLATED)
_19195_/S1                              1.500000   23.359291  -21.859289 (VIOLATED)
_19203_/S1                              1.500000   23.359291  -21.859289 (VIOLATED)
_19205_/S1                              1.500000   23.359291  -21.859289 (VIOLATED)
_19211_/S0                              1.500000   23.359291  -21.859289 (VIOLATED)
_19213_/S1                              1.500000   23.359291  -21.859289 (VIOLATED)
_19214_/S1                              1.500000   23.359291  -21.859289 (VIOLATED)
_19217_/S1                              1.500000   23.359291  -21.859289 (VIOLATED)
_19218_/S1                              1.500000   23.359291  -21.859289 (VIOLATED)
_19221_/S1                              1.500000   23.359291  -21.859289 (VIOLATED)
_19222_/S1                              1.500000   23.359291  -21.859289 (VIOLATED)
_19225_/S1                              1.500000   23.359291  -21.859289 (VIOLATED)
_19229_/A1                              1.500000   23.359291  -21.859289 (VIOLATED)
_19231_/S1                              1.500000   23.359291  -21.859289 (VIOLATED)
_19232_/S1                              1.500000   23.359291  -21.859289 (VIOLATED)
_19235_/S1                              1.500000   23.359291  -21.859289 (VIOLATED)
_19236_/S1                              1.500000   23.359291  -21.859289 (VIOLATED)
_19239_/S1                              1.500000   23.359291  -21.859289 (VIOLATED)
_19240_/S1                              1.500000   23.359291  -21.859289 (VIOLATED)
_19245_/A1                              1.500000   23.359291  -21.859289 (VIOLATED)
_19247_/A                               1.500000   23.359291  -21.859289 (VIOLATED)
_19252_/S1                              1.500000   23.359291  -21.859289 (VIOLATED)
_19253_/S1                              1.500000   23.359291  -21.859289 (VIOLATED)
_19256_/S1                              1.500000   23.359291  -21.859289 (VIOLATED)
_19257_/S1                              1.500000   23.359291  -21.859289 (VIOLATED)
_19260_/S1                              1.500000   23.359291  -21.859289 (VIOLATED)
_19262_/S1                              1.500000   23.359291  -21.859289 (VIOLATED)
_19268_/S0                              1.500000   23.359291  -21.859289 (VIOLATED)
_19270_/S1                              1.500000   23.359291  -21.859289 (VIOLATED)
_19271_/S1                              1.500000   23.359291  -21.859289 (VIOLATED)
_19274_/S1                              1.500000   23.359291  -21.859289 (VIOLATED)
_19275_/S1                              1.500000   23.359291  -21.859289 (VIOLATED)
_19285_/S1                              1.500000   23.359291  -21.859289 (VIOLATED)
_19286_/S1                              1.500000   23.359291  -21.859289 (VIOLATED)
_19291_/A                               1.500000   23.359291  -21.859289 (VIOLATED)
_19294_/A                               1.500000   23.359291  -21.859289 (VIOLATED)
_19298_/S1                              1.500000   23.359291  -21.859289 (VIOLATED)
_19299_/S1                              1.500000   23.359291  -21.859289 (VIOLATED)
_19302_/S1                              1.500000   23.359291  -21.859289 (VIOLATED)
_19303_/S1                              1.500000   23.359291  -21.859289 (VIOLATED)
_19306_/S1                              1.500000   23.359291  -21.859289 (VIOLATED)
_19307_/S1                              1.500000   23.359291  -21.859289 (VIOLATED)
_19313_/A1                              1.500000   23.359291  -21.859289 (VIOLATED)
_19314_/S1                              1.500000   23.359291  -21.859289 (VIOLATED)
_19316_/S1                              1.500000   23.359291  -21.859289 (VIOLATED)
_19317_/S1                              1.500000   23.359291  -21.859289 (VIOLATED)
_19320_/S1                              1.500000   23.359291  -21.859289 (VIOLATED)
_19321_/S1                              1.500000   23.359291  -21.859289 (VIOLATED)
_19327_/A1                              1.500000   23.359291  -21.859289 (VIOLATED)
_19328_/S1                              1.500000   23.359291  -21.859289 (VIOLATED)
_19333_/A1                              1.500000   23.359291  -21.859289 (VIOLATED)
_19334_/S1                              1.500000   23.359291  -21.859289 (VIOLATED)
_19336_/S1                              1.500000   23.359291  -21.859289 (VIOLATED)
_19337_/S1                              1.500000   23.359291  -21.859289 (VIOLATED)
_19340_/S1                              1.500000   23.359291  -21.859289 (VIOLATED)
_19341_/S1                              1.500000   23.359291  -21.859289 (VIOLATED)
_19344_/S1                              1.500000   23.359291  -21.859289 (VIOLATED)
_19346_/S1                              1.500000   23.359291  -21.859289 (VIOLATED)
_19350_/A                               1.500000   23.359291  -21.859289 (VIOLATED)
_19353_/A                               1.500000   23.359291  -21.859289 (VIOLATED)
_19358_/S1                              1.500000   23.359291  -21.859289 (VIOLATED)
_19359_/S1                              1.500000   23.359291  -21.859289 (VIOLATED)
_19362_/S1                              1.500000   23.359291  -21.859289 (VIOLATED)
_19363_/S1                              1.500000   23.359291  -21.859289 (VIOLATED)
_19371_/S1                              1.500000   23.359291  -21.859289 (VIOLATED)
_19373_/S1                              1.500000   23.359291  -21.859289 (VIOLATED)
_19379_/S0                              1.500000   23.359291  -21.859289 (VIOLATED)
_19381_/S1                              1.500000   23.359291  -21.859289 (VIOLATED)
_19382_/S1                              1.500000   23.359291  -21.859289 (VIOLATED)
_19385_/S1                              1.500000   23.359291  -21.859289 (VIOLATED)
_19386_/S1                              1.500000   23.359291  -21.859289 (VIOLATED)
_19389_/S1                              1.500000   23.359291  -21.859289 (VIOLATED)
_19390_/S1                              1.500000   23.359291  -21.859289 (VIOLATED)
_19395_/A1                              1.500000   23.359291  -21.859289 (VIOLATED)
_19397_/A                               1.500000   23.359291  -21.859289 (VIOLATED)
_19402_/S1                              1.500000   23.359291  -21.859289 (VIOLATED)
_19403_/S1                              1.500000   23.359291  -21.859289 (VIOLATED)
_19406_/S1                              1.500000   23.359291  -21.859289 (VIOLATED)
_19407_/S1                              1.500000   23.359291  -21.859289 (VIOLATED)
_19410_/S1                              1.500000   23.359291  -21.859289 (VIOLATED)
_19411_/S1                              1.500000   23.359291  -21.859289 (VIOLATED)
_19416_/A1                              1.500000   23.359291  -21.859289 (VIOLATED)
_19418_/A                               1.500000   23.359291  -21.859289 (VIOLATED)
_19423_/S1                              1.500000   23.359291  -21.859289 (VIOLATED)
_19424_/S1                              1.500000   23.359291  -21.859289 (VIOLATED)
_19427_/S1                              1.500000   23.359291  -21.859289 (VIOLATED)
_19428_/S1                              1.500000   23.359291  -21.859289 (VIOLATED)
_19431_/S1                              1.500000   23.359291  -21.859289 (VIOLATED)
_19432_/S1                              1.500000   23.359291  -21.859289 (VIOLATED)
_19435_/S1                              1.500000   23.359291  -21.859289 (VIOLATED)
_19437_/A                               1.500000   23.359291  -21.859289 (VIOLATED)
_19441_/S1                              1.500000   23.359291  -21.859289 (VIOLATED)
_19442_/S1                              1.500000   23.359291  -21.859289 (VIOLATED)
_19445_/S1                              1.500000   23.359291  -21.859289 (VIOLATED)
_19446_/S1                              1.500000   23.359291  -21.859289 (VIOLATED)
_19455_/S1                              1.500000   23.359291  -21.859289 (VIOLATED)
_19456_/S1                              1.500000   23.359291  -21.859289 (VIOLATED)
_19461_/A                               1.500000   23.359291  -21.859289 (VIOLATED)
_19464_/A                               1.500000   23.359291  -21.859289 (VIOLATED)
_19468_/S1                              1.500000   23.359291  -21.859289 (VIOLATED)
_19469_/S1                              1.500000   23.359291  -21.859289 (VIOLATED)
_19472_/S1                              1.500000   23.359291  -21.859289 (VIOLATED)
_19473_/S1                              1.500000   23.359291  -21.859289 (VIOLATED)
_19479_/A1                              1.500000   23.359291  -21.859289 (VIOLATED)
_19480_/S1                              1.500000   23.359291  -21.859289 (VIOLATED)
_19483_/A                               1.500000   23.359291  -21.859289 (VIOLATED)
_19486_/S1                              1.500000   23.359291  -21.859289 (VIOLATED)
_19489_/S1                              1.500000   23.359291  -21.859289 (VIOLATED)
_19490_/S1                              1.500000   23.359291  -21.859289 (VIOLATED)
_19493_/S1                              1.500000   23.359291  -21.859289 (VIOLATED)
_19494_/S1                              1.500000   23.359291  -21.859289 (VIOLATED)
_19500_/A1                              1.500000   23.359291  -21.859289 (VIOLATED)
_19501_/S1                              1.500000   23.359291  -21.859289 (VIOLATED)
_19506_/A1                              1.500000   23.359291  -21.859289 (VIOLATED)
_19507_/S1                              1.500000   23.359291  -21.859289 (VIOLATED)
_19509_/S1                              1.500000   23.359291  -21.859289 (VIOLATED)
_19510_/S1                              1.500000   23.359291  -21.859289 (VIOLATED)
_19513_/S1                              1.500000   23.359291  -21.859289 (VIOLATED)
_19514_/S1                              1.500000   23.359291  -21.859289 (VIOLATED)
_19517_/S1                              1.500000   23.359291  -21.859289 (VIOLATED)
_19519_/S1                              1.500000   23.359291  -21.859289 (VIOLATED)
_19523_/A                               1.500000   23.359291  -21.859289 (VIOLATED)
_19526_/A                               1.500000   23.359291  -21.859289 (VIOLATED)
_19531_/S1                              1.500000   23.359291  -21.859289 (VIOLATED)
_19532_/S1                              1.500000   23.359291  -21.859289 (VIOLATED)
_19535_/S1                              1.500000   23.359291  -21.859289 (VIOLATED)
_19536_/S1                              1.500000   23.359291  -21.859289 (VIOLATED)
_19544_/S1                              1.500000   23.359291  -21.859289 (VIOLATED)
_19546_/S1                              1.500000   23.359291  -21.859289 (VIOLATED)
_19552_/S0                              1.500000   23.359291  -21.859289 (VIOLATED)
_19554_/S1                              1.500000   23.359291  -21.859289 (VIOLATED)
_19555_/S1                              1.500000   23.359291  -21.859289 (VIOLATED)
_19558_/S1                              1.500000   23.359291  -21.859289 (VIOLATED)
_19559_/S1                              1.500000   23.359291  -21.859289 (VIOLATED)
_19562_/S1                              1.500000   23.359291  -21.859289 (VIOLATED)
_19563_/S1                              1.500000   23.359291  -21.859289 (VIOLATED)
_19568_/A1                              1.500000   23.359291  -21.859289 (VIOLATED)
_19570_/A                               1.500000   23.359291  -21.859289 (VIOLATED)
_19575_/S1                              1.500000   23.359291  -21.859289 (VIOLATED)
_19576_/S1                              1.500000   23.359291  -21.859289 (VIOLATED)
_19579_/S1                              1.500000   23.359291  -21.859289 (VIOLATED)
_19580_/S1                              1.500000   23.359291  -21.859289 (VIOLATED)
_19583_/S1                              1.500000   23.359291  -21.859289 (VIOLATED)
_19584_/S1                              1.500000   23.359291  -21.859289 (VIOLATED)
_19589_/A1                              1.500000   23.359291  -21.859289 (VIOLATED)
_19591_/A                               1.500000   23.359291  -21.859289 (VIOLATED)
_19596_/S1                              1.500000   23.359291  -21.859289 (VIOLATED)
_19597_/S1                              1.500000   23.359291  -21.859289 (VIOLATED)
_19600_/S1                              1.500000   23.359291  -21.859289 (VIOLATED)
_19601_/S1                              1.500000   23.359291  -21.859289 (VIOLATED)
_19604_/S1                              1.500000   23.359291  -21.859289 (VIOLATED)
_19605_/S1                              1.500000   23.359291  -21.859289 (VIOLATED)
_19608_/S1                              1.500000   23.359291  -21.859289 (VIOLATED)
_19610_/A                               1.500000   23.359291  -21.859289 (VIOLATED)
_19614_/S1                              1.500000   23.359291  -21.859289 (VIOLATED)
_19615_/S1                              1.500000   23.359291  -21.859289 (VIOLATED)
_19618_/S1                              1.500000   23.359291  -21.859289 (VIOLATED)
_19619_/S1                              1.500000   23.359291  -21.859289 (VIOLATED)
_19628_/S1                              1.500000   23.359291  -21.859289 (VIOLATED)
_19629_/S1                              1.500000   23.359291  -21.859289 (VIOLATED)
_19634_/A                               1.500000   23.359291  -21.859289 (VIOLATED)
_19637_/A                               1.500000   23.359291  -21.859289 (VIOLATED)
_19641_/S1                              1.500000   23.359291  -21.859289 (VIOLATED)
_19642_/S1                              1.500000   23.359291  -21.859289 (VIOLATED)
_19645_/S1                              1.500000   23.359291  -21.859289 (VIOLATED)
_19646_/S1                              1.500000   23.359291  -21.859289 (VIOLATED)
_19652_/A1                              1.500000   23.359291  -21.859289 (VIOLATED)
_19653_/S1                              1.500000   23.359291  -21.859289 (VIOLATED)
_19656_/A                               1.500000   23.359291  -21.859289 (VIOLATED)
_19659_/S1                              1.500000   23.359291  -21.859289 (VIOLATED)
_19662_/S1                              1.500000   23.359291  -21.859289 (VIOLATED)
_19663_/S1                              1.500000   23.359291  -21.859289 (VIOLATED)
_19666_/S1                              1.500000   23.359291  -21.859289 (VIOLATED)
_19667_/S1                              1.500000   23.359291  -21.859289 (VIOLATED)
_19673_/A1                              1.500000   23.359291  -21.859289 (VIOLATED)
_19674_/S1                              1.500000   23.359291  -21.859289 (VIOLATED)
_19679_/A1                              1.500000   23.359291  -21.859289 (VIOLATED)
_19680_/S1                              1.500000   23.359291  -21.859289 (VIOLATED)
_19682_/S1                              1.500000   23.359291  -21.859289 (VIOLATED)
_19683_/S1                              1.500000   23.359291  -21.859289 (VIOLATED)
_19686_/S1                              1.500000   23.359291  -21.859289 (VIOLATED)
_19687_/S1                              1.500000   23.359291  -21.859289 (VIOLATED)
_19690_/S1                              1.500000   23.359291  -21.859289 (VIOLATED)
_19692_/S1                              1.500000   23.359291  -21.859289 (VIOLATED)
_19696_/A                               1.500000   23.359291  -21.859289 (VIOLATED)
_19699_/A                               1.500000   23.359291  -21.859289 (VIOLATED)
_19704_/S1                              1.500000   23.359291  -21.859289 (VIOLATED)
_19705_/S1                              1.500000   23.359291  -21.859289 (VIOLATED)
_19708_/S1                              1.500000   23.359291  -21.859289 (VIOLATED)
_19709_/S1                              1.500000   23.359291  -21.859289 (VIOLATED)
_19717_/S1                              1.500000   23.359291  -21.859289 (VIOLATED)
_19718_/S1                              1.500000   23.359291  -21.859289 (VIOLATED)
_19721_/S1                              1.500000   23.359291  -21.859289 (VIOLATED)
_19723_/A                               1.500000   23.359291  -21.859289 (VIOLATED)
_19727_/S1                              1.500000   23.359291  -21.859289 (VIOLATED)
_19728_/S1                              1.500000   23.359291  -21.859289 (VIOLATED)
_19731_/S1                              1.500000   23.359291  -21.859289 (VIOLATED)
_19732_/S1                              1.500000   23.359291  -21.859289 (VIOLATED)
_19735_/S1                              1.500000   23.359291  -21.859289 (VIOLATED)
_19736_/S1                              1.500000   23.359291  -21.859289 (VIOLATED)
_19741_/A1                              1.500000   23.359291  -21.859289 (VIOLATED)
_19743_/A                               1.500000   23.359291  -21.859289 (VIOLATED)
_19748_/S1                              1.500000   23.359291  -21.859289 (VIOLATED)
_19749_/S1                              1.500000   23.359291  -21.859289 (VIOLATED)
_19752_/S1                              1.500000   23.359291  -21.859289 (VIOLATED)
_19753_/S1                              1.500000   23.359291  -21.859289 (VIOLATED)
_19756_/S1                              1.500000   23.359291  -21.859289 (VIOLATED)
_19757_/S1                              1.500000   23.359291  -21.859289 (VIOLATED)
_19762_/A1                              1.500000   23.359291  -21.859289 (VIOLATED)
_19764_/A                               1.500000   23.359291  -21.859289 (VIOLATED)
_19769_/S1                              1.500000   23.359291  -21.859289 (VIOLATED)
_19770_/S1                              1.500000   23.359291  -21.859289 (VIOLATED)
_19773_/S1                              1.500000   23.359291  -21.859289 (VIOLATED)
_19774_/S1                              1.500000   23.359291  -21.859289 (VIOLATED)
_19777_/S1                              1.500000   23.359291  -21.859289 (VIOLATED)
_19778_/S1                              1.500000   23.359291  -21.859289 (VIOLATED)
_19781_/S1                              1.500000   23.359291  -21.859289 (VIOLATED)
_19783_/A                               1.500000   23.359291  -21.859289 (VIOLATED)
_19787_/S1                              1.500000   23.359291  -21.859289 (VIOLATED)
_19788_/S1                              1.500000   23.359291  -21.859289 (VIOLATED)
_19791_/S1                              1.500000   23.359291  -21.859289 (VIOLATED)
_19792_/S1                              1.500000   23.359291  -21.859289 (VIOLATED)
_19801_/S1                              1.500000   23.359291  -21.859289 (VIOLATED)
_19802_/S1                              1.500000   23.359291  -21.859289 (VIOLATED)
_19807_/A                               1.500000   23.359291  -21.859289 (VIOLATED)
_19810_/A                               1.500000   23.359291  -21.859289 (VIOLATED)
_19814_/S1                              1.500000   23.359291  -21.859289 (VIOLATED)
_19815_/S1                              1.500000   23.359291  -21.859289 (VIOLATED)
_19818_/S1                              1.500000   23.359291  -21.859289 (VIOLATED)
_19819_/S1                              1.500000   23.359291  -21.859289 (VIOLATED)
_19825_/A1                              1.500000   23.359291  -21.859289 (VIOLATED)
_19826_/S1                              1.500000   23.359291  -21.859289 (VIOLATED)
_19829_/A                               1.500000   23.359291  -21.859289 (VIOLATED)
_19832_/S1                              1.500000   23.359291  -21.859289 (VIOLATED)
_19835_/S1                              1.500000   23.359291  -21.859289 (VIOLATED)
_19836_/S1                              1.500000   23.359291  -21.859289 (VIOLATED)
_19839_/S1                              1.500000   23.359291  -21.859289 (VIOLATED)
_19840_/S1                              1.500000   23.359291  -21.859289 (VIOLATED)
_19846_/A1                              1.500000   23.359291  -21.859289 (VIOLATED)
_19847_/S1                              1.500000   23.359291  -21.859289 (VIOLATED)
_19852_/A1                              1.500000   23.359291  -21.859289 (VIOLATED)
_19853_/S1                              1.500000   23.359291  -21.859289 (VIOLATED)
_19855_/S1                              1.500000   23.359291  -21.859289 (VIOLATED)
_19856_/S1                              1.500000   23.359291  -21.859289 (VIOLATED)
_19859_/S1                              1.500000   23.359291  -21.859289 (VIOLATED)
_19860_/S1                              1.500000   23.359291  -21.859289 (VIOLATED)
_19863_/S1                              1.500000   23.359291  -21.859289 (VIOLATED)
_19865_/S1                              1.500000   23.359291  -21.859289 (VIOLATED)
_19869_/A                               1.500000   23.359291  -21.859289 (VIOLATED)
_19872_/A                               1.500000   23.359291  -21.859289 (VIOLATED)
_19877_/S1                              1.500000   23.359291  -21.859289 (VIOLATED)
_19878_/S1                              1.500000   23.359291  -21.859289 (VIOLATED)
_19881_/S1                              1.500000   23.359291  -21.859289 (VIOLATED)
_19882_/S1                              1.500000   23.359291  -21.859289 (VIOLATED)
_19890_/S1                              1.500000   23.359291  -21.859289 (VIOLATED)
_19891_/S1                              1.500000   23.359291  -21.859289 (VIOLATED)
_19894_/S1                              1.500000   23.359291  -21.859289 (VIOLATED)
_19896_/A                               1.500000   23.359291  -21.859289 (VIOLATED)
_19900_/S1                              1.500000   23.359291  -21.859289 (VIOLATED)
_19901_/S1                              1.500000   23.359291  -21.859289 (VIOLATED)
_19904_/S1                              1.500000   23.359291  -21.859289 (VIOLATED)
_19905_/S1                              1.500000   23.359291  -21.859289 (VIOLATED)
_19908_/S1                              1.500000   23.359291  -21.859289 (VIOLATED)
_19909_/S1                              1.500000   23.359291  -21.859289 (VIOLATED)
_19914_/A1                              1.500000   23.359291  -21.859289 (VIOLATED)
_19916_/A                               1.500000   23.359291  -21.859289 (VIOLATED)
_19921_/S1                              1.500000   23.359291  -21.859289 (VIOLATED)
_19922_/S1                              1.500000   23.359291  -21.859289 (VIOLATED)
_19925_/S1                              1.500000   23.359291  -21.859289 (VIOLATED)
_19926_/S1                              1.500000   23.359291  -21.859289 (VIOLATED)
_19929_/S1                              1.500000   23.359291  -21.859289 (VIOLATED)
_19930_/S1                              1.500000   23.359291  -21.859289 (VIOLATED)
_19935_/A1                              1.500000   23.359291  -21.859289 (VIOLATED)
_19937_/A                               1.500000   23.359291  -21.859289 (VIOLATED)
_19942_/S1                              1.500000   23.359291  -21.859289 (VIOLATED)
_19943_/S1                              1.500000   23.359291  -21.859289 (VIOLATED)
_19946_/S1                              1.500000   23.359291  -21.859289 (VIOLATED)
_19947_/S1                              1.500000   23.359291  -21.859289 (VIOLATED)
_19950_/S1                              1.500000   23.359291  -21.859289 (VIOLATED)
_19951_/S1                              1.500000   23.359291  -21.859289 (VIOLATED)
_19954_/S1                              1.500000   23.359291  -21.859289 (VIOLATED)
_19956_/A                               1.500000   23.359291  -21.859289 (VIOLATED)
_19960_/S1                              1.500000   23.359291  -21.859289 (VIOLATED)
_19961_/S1                              1.500000   23.359291  -21.859289 (VIOLATED)
_19964_/S1                              1.500000   23.359291  -21.859289 (VIOLATED)
_19965_/S1                              1.500000   23.359291  -21.859289 (VIOLATED)
_19974_/S1                              1.500000   23.359291  -21.859289 (VIOLATED)
_19975_/S1                              1.500000   23.359291  -21.859289 (VIOLATED)
_19980_/A                               1.500000   23.359291  -21.859289 (VIOLATED)
_19983_/A                               1.500000   23.359291  -21.859289 (VIOLATED)
_19987_/S1                              1.500000   23.359291  -21.859289 (VIOLATED)
_19988_/S1                              1.500000   23.359291  -21.859289 (VIOLATED)
_19991_/S1                              1.500000   23.359291  -21.859289 (VIOLATED)
_19992_/S1                              1.500000   23.359291  -21.859289 (VIOLATED)
_19998_/A1                              1.500000   23.359291  -21.859289 (VIOLATED)
_19999_/S1                              1.500000   23.359291  -21.859289 (VIOLATED)
_20002_/A                               1.500000   23.359291  -21.859289 (VIOLATED)
_20005_/S1                              1.500000   23.359291  -21.859289 (VIOLATED)
_20008_/S1                              1.500000   23.359291  -21.859289 (VIOLATED)
_20009_/S1                              1.500000   23.359291  -21.859289 (VIOLATED)
_20012_/S1                              1.500000   23.359291  -21.859289 (VIOLATED)
_20013_/S1                              1.500000   23.359291  -21.859289 (VIOLATED)
_20019_/A1                              1.500000   23.359291  -21.859289 (VIOLATED)
_20020_/S1                              1.500000   23.359291  -21.859289 (VIOLATED)
_20025_/A1                              1.500000   23.359291  -21.859289 (VIOLATED)
_20026_/S1                              1.500000   23.359291  -21.859289 (VIOLATED)
_20028_/S1                              1.500000   23.359291  -21.859289 (VIOLATED)
_20029_/S1                              1.500000   23.359291  -21.859289 (VIOLATED)
_20032_/S1                              1.500000   23.359291  -21.859289 (VIOLATED)
_20033_/S1                              1.500000   23.359291  -21.859289 (VIOLATED)
_20036_/S1                              1.500000   23.359291  -21.859289 (VIOLATED)
_20038_/S1                              1.500000   23.359291  -21.859289 (VIOLATED)
_20042_/A                               1.500000   23.359291  -21.859289 (VIOLATED)
_20045_/A                               1.500000   23.359291  -21.859289 (VIOLATED)
_20050_/S1                              1.500000   23.359291  -21.859289 (VIOLATED)
_20051_/S1                              1.500000   23.359291  -21.859289 (VIOLATED)
_20054_/S1                              1.500000   23.359291  -21.859289 (VIOLATED)
_20055_/S1                              1.500000   23.359291  -21.859289 (VIOLATED)
_20063_/S1                              1.500000   23.359291  -21.859289 (VIOLATED)
_20064_/S1                              1.500000   23.359291  -21.859289 (VIOLATED)
_20067_/S1                              1.500000   23.359291  -21.859289 (VIOLATED)
_20069_/A                               1.500000   23.359291  -21.859289 (VIOLATED)
_20073_/S1                              1.500000   23.359291  -21.859289 (VIOLATED)
_20074_/S1                              1.500000   23.359291  -21.859289 (VIOLATED)
_20077_/S1                              1.500000   23.359291  -21.859289 (VIOLATED)
_20078_/S1                              1.500000   23.359291  -21.859289 (VIOLATED)
_20081_/S1                              1.500000   23.359291  -21.859289 (VIOLATED)
_20082_/S1                              1.500000   23.359291  -21.859289 (VIOLATED)
_20087_/A1                              1.500000   23.359291  -21.859289 (VIOLATED)
_20089_/A                               1.500000   23.359291  -21.859289 (VIOLATED)
_20094_/S1                              1.500000   23.359291  -21.859289 (VIOLATED)
_20095_/S1                              1.500000   23.359291  -21.859289 (VIOLATED)
_20098_/S1                              1.500000   23.359291  -21.859289 (VIOLATED)
_20099_/S1                              1.500000   23.359291  -21.859289 (VIOLATED)
_20102_/S1                              1.500000   23.359291  -21.859289 (VIOLATED)
_20103_/S1                              1.500000   23.359291  -21.859289 (VIOLATED)
_20108_/A1                              1.500000   23.359291  -21.859289 (VIOLATED)
_20110_/A                               1.500000   23.359291  -21.859289 (VIOLATED)
_20115_/S1                              1.500000   23.359291  -21.859289 (VIOLATED)
_20116_/S1                              1.500000   23.359291  -21.859289 (VIOLATED)
_20119_/S1                              1.500000   23.359291  -21.859289 (VIOLATED)
_20120_/S1                              1.500000   23.359291  -21.859289 (VIOLATED)
_20123_/S1                              1.500000   23.359291  -21.859289 (VIOLATED)
_20124_/S1                              1.500000   23.359291  -21.859289 (VIOLATED)
_20127_/S1                              1.500000   23.359291  -21.859289 (VIOLATED)
_20129_/A                               1.500000   23.359291  -21.859289 (VIOLATED)
_20133_/S1                              1.500000   23.359291  -21.859289 (VIOLATED)
_20134_/S1                              1.500000   23.359291  -21.859289 (VIOLATED)
_20137_/S1                              1.500000   23.359291  -21.859289 (VIOLATED)
_20138_/S1                              1.500000   23.359291  -21.859289 (VIOLATED)
_20147_/S1                              1.500000   23.359291  -21.859289 (VIOLATED)
_20148_/S1                              1.500000   23.359291  -21.859289 (VIOLATED)
_20153_/A                               1.500000   23.359291  -21.859289 (VIOLATED)
_20156_/A                               1.500000   23.359291  -21.859289 (VIOLATED)
_20161_/S1                              1.500000   23.359291  -21.859289 (VIOLATED)
_20163_/S1                              1.500000   23.359291  -21.859289 (VIOLATED)
_20165_/S1                              1.500000   23.359291  -21.859289 (VIOLATED)
_20166_/S1                              1.500000   23.359291  -21.859289 (VIOLATED)
_20173_/A1                              1.500000   23.359291  -21.859289 (VIOLATED)
_20174_/S1                              1.500000   23.359291  -21.859289 (VIOLATED)
_20177_/A                               1.500000   23.359291  -21.859289 (VIOLATED)
_20180_/S1                              1.500000   23.359291  -21.859289 (VIOLATED)
_20183_/S1                              1.500000   23.359291  -21.859289 (VIOLATED)
_20184_/S1                              1.500000   23.359291  -21.859289 (VIOLATED)
_20187_/S1                              1.500000   23.359291  -21.859289 (VIOLATED)
_20188_/S1                              1.500000   23.359291  -21.859289 (VIOLATED)
_20195_/A1                              1.500000   23.359291  -21.859289 (VIOLATED)
_20196_/S1                              1.500000   23.359291  -21.859289 (VIOLATED)
_20201_/A1                              1.500000   23.359291  -21.859289 (VIOLATED)
_20202_/S1                              1.500000   23.359291  -21.859289 (VIOLATED)
_20204_/S1                              1.500000   23.359291  -21.859289 (VIOLATED)
_20205_/S1                              1.500000   23.359291  -21.859289 (VIOLATED)
_20208_/S1                              1.500000   23.359291  -21.859289 (VIOLATED)
_20209_/S1                              1.500000   23.359291  -21.859289 (VIOLATED)
_20212_/S1                              1.500000   23.359291  -21.859289 (VIOLATED)
_20214_/S1                              1.500000   23.359291  -21.859289 (VIOLATED)
_20218_/A                               1.500000   23.359291  -21.859289 (VIOLATED)
_20221_/A                               1.500000   23.359291  -21.859289 (VIOLATED)
_20226_/S1                              1.500000   23.359291  -21.859289 (VIOLATED)
_20227_/S1                              1.500000   23.359291  -21.859289 (VIOLATED)
_20230_/S1                              1.500000   23.359291  -21.859289 (VIOLATED)
_20231_/S1                              1.500000   23.359291  -21.859289 (VIOLATED)
_20238_/S1                              1.500000   23.359291  -21.859289 (VIOLATED)
_20239_/S1                              1.500000   23.359291  -21.859289 (VIOLATED)
_20242_/S1                              1.500000   23.359291  -21.859289 (VIOLATED)
_20244_/A                               1.500000   23.359291  -21.859289 (VIOLATED)
_20248_/S1                              1.500000   23.359291  -21.859289 (VIOLATED)
_20249_/S1                              1.500000   23.359291  -21.859289 (VIOLATED)
_20252_/S1                              1.500000   23.359291  -21.859289 (VIOLATED)
_20253_/S1                              1.500000   23.359291  -21.859289 (VIOLATED)
_20256_/S1                              1.500000   23.359291  -21.859289 (VIOLATED)
_20257_/S1                              1.500000   23.359291  -21.859289 (VIOLATED)
_20262_/A1                              1.500000   23.359291  -21.859289 (VIOLATED)
_20264_/A                               1.500000   23.359291  -21.859289 (VIOLATED)
_20269_/S1                              1.500000   23.359291  -21.859289 (VIOLATED)
_20270_/S1                              1.500000   23.359291  -21.859289 (VIOLATED)
_20273_/S1                              1.500000   23.359291  -21.859289 (VIOLATED)
_20274_/S1                              1.500000   23.359291  -21.859289 (VIOLATED)
_20277_/S1                              1.500000   23.359291  -21.859289 (VIOLATED)
_20278_/S1                              1.500000   23.359291  -21.859289 (VIOLATED)
_20283_/A1                              1.500000   23.359291  -21.859289 (VIOLATED)
_20285_/A                               1.500000   23.359291  -21.859289 (VIOLATED)
_20290_/S1                              1.500000   23.359291  -21.859289 (VIOLATED)
_20291_/S1                              1.500000   23.359291  -21.859289 (VIOLATED)
_20294_/S1                              1.500000   23.359291  -21.859289 (VIOLATED)
_20295_/S1                              1.500000   23.359291  -21.859289 (VIOLATED)
_20298_/S1                              1.500000   23.359291  -21.859289 (VIOLATED)
_20299_/S1                              1.500000   23.359291  -21.859289 (VIOLATED)
_20302_/S1                              1.500000   23.359291  -21.859289 (VIOLATED)
_20304_/A                               1.500000   23.359291  -21.859289 (VIOLATED)
_20308_/S1                              1.500000   23.359291  -21.859289 (VIOLATED)
_20309_/S1                              1.500000   23.359291  -21.859289 (VIOLATED)
_20312_/S1                              1.500000   23.359291  -21.859289 (VIOLATED)
_20313_/S1                              1.500000   23.359291  -21.859289 (VIOLATED)
_20322_/S1                              1.500000   23.359291  -21.859289 (VIOLATED)
_20323_/S1                              1.500000   23.359291  -21.859289 (VIOLATED)
_20328_/A                               1.500000   23.359291  -21.859289 (VIOLATED)
_20331_/A                               1.500000   23.359291  -21.859289 (VIOLATED)
_20336_/S1                              1.500000   23.359291  -21.859289 (VIOLATED)
_20338_/S1                              1.500000   23.359291  -21.859289 (VIOLATED)
_20340_/S1                              1.500000   23.359291  -21.859289 (VIOLATED)
_20341_/S1                              1.500000   23.359291  -21.859289 (VIOLATED)
_20348_/A1                              1.500000   23.359291  -21.859289 (VIOLATED)
_20349_/S1                              1.500000   23.359291  -21.859289 (VIOLATED)
_20352_/A                               1.500000   23.359291  -21.859289 (VIOLATED)
_20355_/S1                              1.500000   23.359291  -21.859289 (VIOLATED)
_20358_/S1                              1.500000   23.359291  -21.859289 (VIOLATED)
_20359_/S1                              1.500000   23.359291  -21.859289 (VIOLATED)
_20362_/S1                              1.500000   23.359291  -21.859289 (VIOLATED)
_20363_/S1                              1.500000   23.359291  -21.859289 (VIOLATED)
_20370_/A1                              1.500000   23.359291  -21.859289 (VIOLATED)
_20371_/S1                              1.500000   23.359291  -21.859289 (VIOLATED)
_20376_/A1                              1.500000   23.359291  -21.859289 (VIOLATED)
_20377_/S1                              1.500000   23.359291  -21.859289 (VIOLATED)
_20379_/S1                              1.500000   23.359291  -21.859289 (VIOLATED)
_20380_/S1                              1.500000   23.359291  -21.859289 (VIOLATED)
_20383_/S1                              1.500000   23.359291  -21.859289 (VIOLATED)
_20384_/S1                              1.500000   23.359291  -21.859289 (VIOLATED)
_20387_/S1                              1.500000   23.359291  -21.859289 (VIOLATED)
_20389_/S1                              1.500000   23.359291  -21.859289 (VIOLATED)
_20393_/A                               1.500000   23.359291  -21.859289 (VIOLATED)
_20396_/A                               1.500000   23.359291  -21.859289 (VIOLATED)
_20401_/S1                              1.500000   23.359291  -21.859289 (VIOLATED)
_20402_/S1                              1.500000   23.359291  -21.859289 (VIOLATED)
_20405_/S1                              1.500000   23.359291  -21.859289 (VIOLATED)
_20406_/S1                              1.500000   23.359291  -21.859289 (VIOLATED)
_20413_/S1                              1.500000   23.359291  -21.859289 (VIOLATED)
_20414_/S1                              1.500000   23.359291  -21.859289 (VIOLATED)
_20417_/S1                              1.500000   23.359291  -21.859289 (VIOLATED)
_20419_/A                               1.500000   23.359291  -21.859289 (VIOLATED)
_20423_/S1                              1.500000   23.359291  -21.859289 (VIOLATED)
_20424_/S1                              1.500000   23.359291  -21.859289 (VIOLATED)
_20427_/S1                              1.500000   23.359291  -21.859289 (VIOLATED)
_20428_/S1                              1.500000   23.359291  -21.859289 (VIOLATED)
_20431_/S1                              1.500000   23.359291  -21.859289 (VIOLATED)
_20432_/S1                              1.500000   23.359291  -21.859289 (VIOLATED)
_20437_/A1                              1.500000   23.359291  -21.859289 (VIOLATED)
_20439_/A                               1.500000   23.359291  -21.859289 (VIOLATED)
_20444_/S1                              1.500000   23.359291  -21.859289 (VIOLATED)
_20445_/S1                              1.500000   23.359291  -21.859289 (VIOLATED)
_20448_/S1                              1.500000   23.359291  -21.859289 (VIOLATED)
_20449_/S1                              1.500000   23.359291  -21.859289 (VIOLATED)
_20452_/S1                              1.500000   23.359291  -21.859289 (VIOLATED)
_20453_/S1                              1.500000   23.359291  -21.859289 (VIOLATED)
_20458_/A1                              1.500000   23.359291  -21.859289 (VIOLATED)
_20460_/A                               1.500000   23.359291  -21.859289 (VIOLATED)
_20465_/S1                              1.500000   23.359291  -21.859289 (VIOLATED)
_20466_/S1                              1.500000   23.359291  -21.859289 (VIOLATED)
_20469_/S1                              1.500000   23.359291  -21.859289 (VIOLATED)
_20470_/S1                              1.500000   23.359291  -21.859289 (VIOLATED)
_20473_/S1                              1.500000   23.359291  -21.859289 (VIOLATED)
_20474_/S1                              1.500000   23.359291  -21.859289 (VIOLATED)
_20477_/S1                              1.500000   23.359291  -21.859289 (VIOLATED)
_20479_/A                               1.500000   23.359291  -21.859289 (VIOLATED)
_20483_/S1                              1.500000   23.359291  -21.859289 (VIOLATED)
_20484_/S1                              1.500000   23.359291  -21.859289 (VIOLATED)
_20487_/S1                              1.500000   23.359291  -21.859289 (VIOLATED)
_20488_/S1                              1.500000   23.359291  -21.859289 (VIOLATED)
_20497_/S1                              1.500000   23.359291  -21.859289 (VIOLATED)
_20498_/S1                              1.500000   23.359291  -21.859289 (VIOLATED)
_20503_/A                               1.500000   23.359291  -21.859289 (VIOLATED)
_20506_/A                               1.500000   23.359291  -21.859289 (VIOLATED)
_20511_/S1                              1.500000   23.359291  -21.859289 (VIOLATED)
_20513_/S1                              1.500000   23.359291  -21.859289 (VIOLATED)
_20515_/S1                              1.500000   23.359291  -21.859289 (VIOLATED)
_20516_/S1                              1.500000   23.359291  -21.859289 (VIOLATED)
_20523_/A1                              1.500000   23.359291  -21.859289 (VIOLATED)
_20524_/S1                              1.500000   23.359291  -21.859289 (VIOLATED)
_20527_/A                               1.500000   23.359291  -21.859289 (VIOLATED)
_20530_/S1                              1.500000   23.359291  -21.859289 (VIOLATED)
_20533_/S1                              1.500000   23.359291  -21.859289 (VIOLATED)
_20534_/S1                              1.500000   23.359291  -21.859289 (VIOLATED)
_20537_/S1                              1.500000   23.359291  -21.859289 (VIOLATED)
_20538_/S1                              1.500000   23.359291  -21.859289 (VIOLATED)
_20545_/A1                              1.500000   23.359291  -21.859289 (VIOLATED)
_20546_/S1                              1.500000   23.359291  -21.859289 (VIOLATED)
_20551_/A1                              1.500000   23.359291  -21.859289 (VIOLATED)
_20552_/S1                              1.500000   23.359291  -21.859289 (VIOLATED)
_20554_/S1                              1.500000   23.359291  -21.859289 (VIOLATED)
_20555_/S1                              1.500000   23.359291  -21.859289 (VIOLATED)
_20558_/S1                              1.500000   23.359291  -21.859289 (VIOLATED)
_20559_/S1                              1.500000   23.359291  -21.859289 (VIOLATED)
_20562_/S1                              1.500000   23.359291  -21.859289 (VIOLATED)
_20564_/S1                              1.500000   23.359291  -21.859289 (VIOLATED)
_20568_/A                               1.500000   23.359291  -21.859289 (VIOLATED)
_20571_/A                               1.500000   23.359291  -21.859289 (VIOLATED)
_20576_/S1                              1.500000   23.359291  -21.859289 (VIOLATED)
_20577_/S1                              1.500000   23.359291  -21.859289 (VIOLATED)
_20580_/S1                              1.500000   23.359291  -21.859289 (VIOLATED)
_20581_/S1                              1.500000   23.359291  -21.859289 (VIOLATED)
_20588_/S1                              1.500000   23.359291  -21.859289 (VIOLATED)
_20590_/S1                              1.500000   23.359291  -21.859289 (VIOLATED)
_20596_/S0                              1.500000   23.359291  -21.859289 (VIOLATED)
_20598_/S1                              1.500000   23.359291  -21.859289 (VIOLATED)
_20599_/S1                              1.500000   23.359291  -21.859289 (VIOLATED)
_20602_/S1                              1.500000   23.359291  -21.859289 (VIOLATED)
_20603_/S1                              1.500000   23.359291  -21.859289 (VIOLATED)
_20606_/S1                              1.500000   23.359291  -21.859289 (VIOLATED)
_20607_/S1                              1.500000   23.359291  -21.859289 (VIOLATED)
_20612_/A1                              1.500000   23.359291  -21.859289 (VIOLATED)
_20614_/A                               1.500000   23.359291  -21.859289 (VIOLATED)
_20619_/S1                              1.500000   23.359291  -21.859289 (VIOLATED)
_20620_/S1                              1.500000   23.359291  -21.859289 (VIOLATED)
_20623_/S1                              1.500000   23.359291  -21.859289 (VIOLATED)
_20624_/S1                              1.500000   23.359291  -21.859289 (VIOLATED)
_20627_/S1                              1.500000   23.359291  -21.859289 (VIOLATED)
_20628_/S1                              1.500000   23.359291  -21.859289 (VIOLATED)
_20633_/A1                              1.500000   23.359291  -21.859289 (VIOLATED)
_20635_/A                               1.500000   23.359291  -21.859289 (VIOLATED)
_20640_/S1                              1.500000   23.359291  -21.859289 (VIOLATED)
_20641_/S1                              1.500000   23.359291  -21.859289 (VIOLATED)
_20644_/S1                              1.500000   23.359291  -21.859289 (VIOLATED)
_20645_/S1                              1.500000   23.359291  -21.859289 (VIOLATED)
_20648_/S1                              1.500000   23.359291  -21.859289 (VIOLATED)
_20649_/S1                              1.500000   23.359291  -21.859289 (VIOLATED)
_20652_/S1                              1.500000   23.359291  -21.859289 (VIOLATED)
_20654_/A                               1.500000   23.359291  -21.859289 (VIOLATED)
_20658_/S1                              1.500000   23.359291  -21.859289 (VIOLATED)
_20659_/S1                              1.500000   23.359291  -21.859289 (VIOLATED)
_20662_/S1                              1.500000   23.359291  -21.859289 (VIOLATED)
_20663_/S1                              1.500000   23.359291  -21.859289 (VIOLATED)
_20672_/S1                              1.500000   23.359291  -21.859289 (VIOLATED)
_20673_/S1                              1.500000   23.359291  -21.859289 (VIOLATED)
_20678_/A                               1.500000   23.359291  -21.859289 (VIOLATED)
_20681_/A                               1.500000   23.359291  -21.859289 (VIOLATED)
_20685_/S1                              1.500000   23.359291  -21.859289 (VIOLATED)
_20686_/S1                              1.500000   23.359291  -21.859289 (VIOLATED)
_20689_/S1                              1.500000   23.359291  -21.859289 (VIOLATED)
_20690_/S1                              1.500000   23.359291  -21.859289 (VIOLATED)
_20696_/A1                              1.500000   23.359291  -21.859289 (VIOLATED)
_20697_/S1                              1.500000   23.359291  -21.859289 (VIOLATED)
_20700_/A                               1.500000   23.359291  -21.859289 (VIOLATED)
_20703_/S1                              1.500000   23.359291  -21.859289 (VIOLATED)
_20706_/S1                              1.500000   23.359291  -21.859289 (VIOLATED)
_20707_/S1                              1.500000   23.359291  -21.859289 (VIOLATED)
_20710_/S1                              1.500000   23.359291  -21.859289 (VIOLATED)
_20711_/S1                              1.500000   23.359291  -21.859289 (VIOLATED)
_20717_/A1                              1.500000   23.359291  -21.859289 (VIOLATED)
_20718_/S1                              1.500000   23.359291  -21.859289 (VIOLATED)
_20723_/A1                              1.500000   23.359291  -21.859289 (VIOLATED)
_20724_/S1                              1.500000   23.359291  -21.859289 (VIOLATED)
_20726_/S1                              1.500000   23.359291  -21.859289 (VIOLATED)
_20727_/S1                              1.500000   23.359291  -21.859289 (VIOLATED)
_20730_/S1                              1.500000   23.359291  -21.859289 (VIOLATED)
_20731_/S1                              1.500000   23.359291  -21.859289 (VIOLATED)
_20734_/S1                              1.500000   23.359291  -21.859289 (VIOLATED)
_20736_/S1                              1.500000   23.359291  -21.859289 (VIOLATED)
_20740_/A                               1.500000   23.359291  -21.859289 (VIOLATED)
_20743_/A                               1.500000   23.359291  -21.859289 (VIOLATED)
_20748_/S1                              1.500000   23.359291  -21.859289 (VIOLATED)
_20749_/S1                              1.500000   23.359291  -21.859289 (VIOLATED)
_20752_/S1                              1.500000   23.359291  -21.859289 (VIOLATED)
_20753_/S1                              1.500000   23.359291  -21.859289 (VIOLATED)
_20761_/S1                              1.500000   23.359291  -21.859289 (VIOLATED)
_20763_/S1                              1.500000   23.359291  -21.859289 (VIOLATED)
_20769_/S0                              1.500000   23.359291  -21.859289 (VIOLATED)
_20771_/S1                              1.500000   23.359291  -21.859289 (VIOLATED)
_20772_/S1                              1.500000   23.359291  -21.859289 (VIOLATED)
_20775_/S1                              1.500000   23.359291  -21.859289 (VIOLATED)
_20776_/S1                              1.500000   23.359291  -21.859289 (VIOLATED)
_20779_/S1                              1.500000   23.359291  -21.859289 (VIOLATED)
_20780_/S1                              1.500000   23.359291  -21.859289 (VIOLATED)
_20785_/A1                              1.500000   23.359291  -21.859289 (VIOLATED)
_20787_/A                               1.500000   23.359291  -21.859289 (VIOLATED)
_20792_/S1                              1.500000   23.359291  -21.859289 (VIOLATED)
_20793_/S1                              1.500000   23.359291  -21.859289 (VIOLATED)
_20796_/S1                              1.500000   23.359291  -21.859289 (VIOLATED)
_20797_/S1                              1.500000   23.359291  -21.859289 (VIOLATED)
_20800_/S1                              1.500000   23.359291  -21.859289 (VIOLATED)
_20801_/S1                              1.500000   23.359291  -21.859289 (VIOLATED)
_20806_/A1                              1.500000   23.359291  -21.859289 (VIOLATED)
_20808_/A                               1.500000   23.359291  -21.859289 (VIOLATED)
_20813_/S1                              1.500000   23.359291  -21.859289 (VIOLATED)
_20814_/S1                              1.500000   23.359291  -21.859289 (VIOLATED)
_20817_/S1                              1.500000   23.359291  -21.859289 (VIOLATED)
_20818_/S1                              1.500000   23.359291  -21.859289 (VIOLATED)
_20821_/S1                              1.500000   23.359291  -21.859289 (VIOLATED)
_20822_/S1                              1.500000   23.359291  -21.859289 (VIOLATED)
_20825_/S1                              1.500000   23.359291  -21.859289 (VIOLATED)
_20827_/A                               1.500000   23.359291  -21.859289 (VIOLATED)
_20831_/S1                              1.500000   23.359291  -21.859289 (VIOLATED)
_20832_/S1                              1.500000   23.359291  -21.859289 (VIOLATED)
_20835_/S1                              1.500000   23.359291  -21.859289 (VIOLATED)
_20836_/S1                              1.500000   23.359291  -21.859289 (VIOLATED)
_20845_/S1                              1.500000   23.359291  -21.859289 (VIOLATED)
_20846_/S1                              1.500000   23.359291  -21.859289 (VIOLATED)
_20851_/A                               1.500000   23.359291  -21.859289 (VIOLATED)
_20854_/A                               1.500000   23.359291  -21.859289 (VIOLATED)
_20859_/S1                              1.500000   23.359291  -21.859289 (VIOLATED)
_20861_/S1                              1.500000   23.359291  -21.859289 (VIOLATED)
_20863_/S1                              1.500000   23.359291  -21.859289 (VIOLATED)
_20864_/S1                              1.500000   23.359291  -21.859289 (VIOLATED)
_20871_/A1                              1.500000   23.359291  -21.859289 (VIOLATED)
_20872_/S1                              1.500000   23.359291  -21.859289 (VIOLATED)
_20875_/A                               1.500000   23.359291  -21.859289 (VIOLATED)
_20878_/S1                              1.500000   23.359291  -21.859289 (VIOLATED)
_20881_/S1                              1.500000   23.359291  -21.859289 (VIOLATED)
_20882_/S1                              1.500000   23.359291  -21.859289 (VIOLATED)
_20885_/S1                              1.500000   23.359291  -21.859289 (VIOLATED)
_20886_/S1                              1.500000   23.359291  -21.859289 (VIOLATED)
_20893_/A1                              1.500000   23.359291  -21.859289 (VIOLATED)
_20894_/S1                              1.500000   23.359291  -21.859289 (VIOLATED)
_20899_/A1                              1.500000   23.359291  -21.859289 (VIOLATED)
_20900_/S1                              1.500000   23.359291  -21.859289 (VIOLATED)
_20902_/S1                              1.500000   23.359291  -21.859289 (VIOLATED)
_20903_/S1                              1.500000   23.359291  -21.859289 (VIOLATED)
_20906_/S1                              1.500000   23.359291  -21.859289 (VIOLATED)
_20907_/S1                              1.500000   23.359291  -21.859289 (VIOLATED)
_20910_/S1                              1.500000   23.359291  -21.859289 (VIOLATED)
_20912_/S1                              1.500000   23.359291  -21.859289 (VIOLATED)
_20916_/A                               1.500000   23.359291  -21.859289 (VIOLATED)
_20919_/A                               1.500000   23.359291  -21.859289 (VIOLATED)
_20924_/S1                              1.500000   23.359291  -21.859289 (VIOLATED)
_20925_/S1                              1.500000   23.359291  -21.859289 (VIOLATED)
_20928_/S1                              1.500000   23.359291  -21.859289 (VIOLATED)
_20929_/S1                              1.500000   23.359291  -21.859289 (VIOLATED)
_20936_/S1                              1.500000   23.359291  -21.859289 (VIOLATED)
_20938_/S1                              1.500000   23.359291  -21.859289 (VIOLATED)
_20944_/S0                              1.500000   23.359291  -21.859289 (VIOLATED)
_20946_/S1                              1.500000   23.359291  -21.859289 (VIOLATED)
_20947_/S1                              1.500000   23.359291  -21.859289 (VIOLATED)
_20950_/S1                              1.500000   23.359291  -21.859289 (VIOLATED)
_20951_/S1                              1.500000   23.359291  -21.859289 (VIOLATED)
_20954_/S1                              1.500000   23.359291  -21.859289 (VIOLATED)
_20955_/S1                              1.500000   23.359291  -21.859289 (VIOLATED)
_20960_/A1                              1.500000   23.359291  -21.859289 (VIOLATED)
_20962_/A                               1.500000   23.359291  -21.859289 (VIOLATED)
_20967_/S1                              1.500000   23.359291  -21.859289 (VIOLATED)
_20968_/S1                              1.500000   23.359291  -21.859289 (VIOLATED)
_20971_/S1                              1.500000   23.359291  -21.859289 (VIOLATED)
_20972_/S1                              1.500000   23.359291  -21.859289 (VIOLATED)
_20975_/S1                              1.500000   23.359291  -21.859289 (VIOLATED)
_20976_/S1                              1.500000   23.359291  -21.859289 (VIOLATED)
_20981_/A1                              1.500000   23.359291  -21.859289 (VIOLATED)
_20983_/A                               1.500000   23.359291  -21.859289 (VIOLATED)
_20988_/S1                              1.500000   23.359291  -21.859289 (VIOLATED)
_20989_/S1                              1.500000   23.359291  -21.859289 (VIOLATED)
_20992_/S1                              1.500000   23.359291  -21.859289 (VIOLATED)
_20993_/S1                              1.500000   23.359291  -21.859289 (VIOLATED)
_20996_/S1                              1.500000   23.359291  -21.859289 (VIOLATED)
_20997_/S1                              1.500000   23.359291  -21.859289 (VIOLATED)
_21000_/S1                              1.500000   23.359291  -21.859289 (VIOLATED)
_21002_/A                               1.500000   23.359291  -21.859289 (VIOLATED)
_21006_/S1                              1.500000   23.359291  -21.859289 (VIOLATED)
_21007_/S1                              1.500000   23.359291  -21.859289 (VIOLATED)
_21010_/S1                              1.500000   23.359291  -21.859289 (VIOLATED)
_21011_/S1                              1.500000   23.359291  -21.859289 (VIOLATED)
_21020_/S1                              1.500000   23.359291  -21.859289 (VIOLATED)
_21021_/S1                              1.500000   23.359291  -21.859289 (VIOLATED)
_21026_/A                               1.500000   23.359291  -21.859289 (VIOLATED)
_21029_/A                               1.500000   23.359291  -21.859289 (VIOLATED)
_21034_/S1                              1.500000   23.359291  -21.859289 (VIOLATED)
_21036_/S1                              1.500000   23.359291  -21.859289 (VIOLATED)
_21038_/S1                              1.500000   23.359291  -21.859289 (VIOLATED)
_21039_/S1                              1.500000   23.359291  -21.859289 (VIOLATED)
_21046_/A1                              1.500000   23.359291  -21.859289 (VIOLATED)
_21047_/S1                              1.500000   23.359291  -21.859289 (VIOLATED)
_21050_/A                               1.500000   23.359291  -21.859289 (VIOLATED)
_21053_/S1                              1.500000   23.359291  -21.859289 (VIOLATED)
_21056_/S1                              1.500000   23.359291  -21.859289 (VIOLATED)
_21057_/S1                              1.500000   23.359291  -21.859289 (VIOLATED)
_21060_/S1                              1.500000   23.359291  -21.859289 (VIOLATED)
_21061_/S1                              1.500000   23.359291  -21.859289 (VIOLATED)
_21068_/A1                              1.500000   23.359291  -21.859289 (VIOLATED)
_21069_/S1                              1.500000   23.359291  -21.859289 (VIOLATED)
_21074_/A1                              1.500000   23.359291  -21.859289 (VIOLATED)
_21075_/S1                              1.500000   23.359291  -21.859289 (VIOLATED)
_21077_/S1                              1.500000   23.359291  -21.859289 (VIOLATED)
_21078_/S1                              1.500000   23.359291  -21.859289 (VIOLATED)
_21081_/S1                              1.500000   23.359291  -21.859289 (VIOLATED)
_21082_/S1                              1.500000   23.359291  -21.859289 (VIOLATED)
_21085_/S1                              1.500000   23.359291  -21.859289 (VIOLATED)
_21087_/S1                              1.500000   23.359291  -21.859289 (VIOLATED)
_21091_/A                               1.500000   23.359291  -21.859289 (VIOLATED)
_21094_/A                               1.500000   23.359291  -21.859289 (VIOLATED)
_21099_/S1                              1.500000   23.359291  -21.859289 (VIOLATED)
_21100_/S1                              1.500000   23.359291  -21.859289 (VIOLATED)
_21103_/S1                              1.500000   23.359291  -21.859289 (VIOLATED)
_21104_/S1                              1.500000   23.359291  -21.859289 (VIOLATED)
_21111_/S1                              1.500000   23.359291  -21.859289 (VIOLATED)
_21112_/S1                              1.500000   23.359291  -21.859289 (VIOLATED)
_21115_/S1                              1.500000   23.359291  -21.859289 (VIOLATED)
_21117_/A                               1.500000   23.359291  -21.859289 (VIOLATED)
_21121_/S1                              1.500000   23.359291  -21.859289 (VIOLATED)
_21122_/S1                              1.500000   23.359291  -21.859289 (VIOLATED)
_21125_/S1                              1.500000   23.359291  -21.859289 (VIOLATED)
_21126_/S1                              1.500000   23.359291  -21.859289 (VIOLATED)
_21129_/S1                              1.500000   23.359291  -21.859289 (VIOLATED)
_21130_/S1                              1.500000   23.359291  -21.859289 (VIOLATED)
_21135_/A1                              1.500000   23.359291  -21.859289 (VIOLATED)
_21137_/A                               1.500000   23.359291  -21.859289 (VIOLATED)
_21142_/S1                              1.500000   23.359291  -21.859289 (VIOLATED)
_21143_/S1                              1.500000   23.359291  -21.859289 (VIOLATED)
_21146_/S1                              1.500000   23.359291  -21.859289 (VIOLATED)
_21147_/S1                              1.500000   23.359291  -21.859289 (VIOLATED)
_21150_/S1                              1.500000   23.359291  -21.859289 (VIOLATED)
_21151_/S1                              1.500000   23.359291  -21.859289 (VIOLATED)
_21156_/A1                              1.500000   23.359291  -21.859289 (VIOLATED)
_21158_/A                               1.500000   23.359291  -21.859289 (VIOLATED)
_21163_/S1                              1.500000   23.359291  -21.859289 (VIOLATED)
_21164_/S1                              1.500000   23.359291  -21.859289 (VIOLATED)
_21167_/S1                              1.500000   23.359291  -21.859289 (VIOLATED)
_21168_/S1                              1.500000   23.359291  -21.859289 (VIOLATED)
_21171_/S1                              1.500000   23.359291  -21.859289 (VIOLATED)
_21172_/S1                              1.500000   23.359291  -21.859289 (VIOLATED)
_21175_/S1                              1.500000   23.359291  -21.859289 (VIOLATED)
_21177_/A                               1.500000   23.359291  -21.859289 (VIOLATED)
_21181_/S1                              1.500000   23.359291  -21.859289 (VIOLATED)
_21182_/S1                              1.500000   23.359291  -21.859289 (VIOLATED)
_21185_/S1                              1.500000   23.359291  -21.859289 (VIOLATED)
_21186_/S1                              1.500000   23.359291  -21.859289 (VIOLATED)
_21195_/S1                              1.500000   23.359291  -21.859289 (VIOLATED)
_21196_/S1                              1.500000   23.359291  -21.859289 (VIOLATED)
_21201_/A                               1.500000   23.359291  -21.859289 (VIOLATED)
_21204_/A                               1.500000   23.359291  -21.859289 (VIOLATED)
_21208_/S1                              1.500000   23.359291  -21.859289 (VIOLATED)
_21209_/S1                              1.500000   23.359291  -21.859289 (VIOLATED)
_21212_/S1                              1.500000   23.359291  -21.859289 (VIOLATED)
_21213_/S1                              1.500000   23.359291  -21.859289 (VIOLATED)
_21219_/A1                              1.500000   23.359291  -21.859289 (VIOLATED)
_21220_/S1                              1.500000   23.359291  -21.859289 (VIOLATED)
_21223_/A                               1.500000   23.359291  -21.859289 (VIOLATED)
_21226_/S1                              1.500000   23.359291  -21.859289 (VIOLATED)
_21229_/S1                              1.500000   23.359291  -21.859289 (VIOLATED)
_21230_/S1                              1.500000   23.359291  -21.859289 (VIOLATED)
_21233_/S1                              1.500000   23.359291  -21.859289 (VIOLATED)
_21234_/S1                              1.500000   23.359291  -21.859289 (VIOLATED)
_21240_/A1                              1.500000   23.359291  -21.859289 (VIOLATED)
_21241_/S1                              1.500000   23.359291  -21.859289 (VIOLATED)
_21246_/A1                              1.500000   23.359291  -21.859289 (VIOLATED)
_21247_/S1                              1.500000   23.359291  -21.859289 (VIOLATED)
_21249_/S1                              1.500000   23.359291  -21.859289 (VIOLATED)
_21250_/S1                              1.500000   23.359291  -21.859289 (VIOLATED)
_21253_/S1                              1.500000   23.359291  -21.859289 (VIOLATED)
_21254_/S1                              1.500000   23.359291  -21.859289 (VIOLATED)
_21257_/S1                              1.500000   23.359291  -21.859289 (VIOLATED)
_21259_/S1                              1.500000   23.359291  -21.859289 (VIOLATED)
_21263_/A                               1.500000   23.359291  -21.859289 (VIOLATED)
_21266_/A                               1.500000   23.359291  -21.859289 (VIOLATED)
_21271_/S1                              1.500000   23.359291  -21.859289 (VIOLATED)
_21272_/S1                              1.500000   23.359291  -21.859289 (VIOLATED)
_21275_/S1                              1.500000   23.359291  -21.859289 (VIOLATED)
_21276_/S1                              1.500000   23.359291  -21.859289 (VIOLATED)
_21284_/S1                              1.500000   23.359291  -21.859289 (VIOLATED)
_21286_/S1                              1.500000   23.359291  -21.859289 (VIOLATED)
_21292_/S0                              1.500000   23.359291  -21.859289 (VIOLATED)
_21294_/S1                              1.500000   23.359291  -21.859289 (VIOLATED)
_21295_/S1                              1.500000   23.359291  -21.859289 (VIOLATED)
_21298_/S1                              1.500000   23.359291  -21.859289 (VIOLATED)
_21299_/S1                              1.500000   23.359291  -21.859289 (VIOLATED)
_21302_/S1                              1.500000   23.359291  -21.859289 (VIOLATED)
_21303_/S1                              1.500000   23.359291  -21.859289 (VIOLATED)
_21308_/A1                              1.500000   23.359291  -21.859289 (VIOLATED)
_21310_/A                               1.500000   23.359291  -21.859289 (VIOLATED)
_21315_/S1                              1.500000   23.359291  -21.859289 (VIOLATED)
_21316_/S1                              1.500000   23.359291  -21.859289 (VIOLATED)
_21319_/S1                              1.500000   23.359291  -21.859289 (VIOLATED)
_21320_/S1                              1.500000   23.359291  -21.859289 (VIOLATED)
_21323_/S1                              1.500000   23.359291  -21.859289 (VIOLATED)
_21324_/S1                              1.500000   23.359291  -21.859289 (VIOLATED)
_21329_/A1                              1.500000   23.359291  -21.859289 (VIOLATED)
_21331_/A                               1.500000   23.359291  -21.859289 (VIOLATED)
_21336_/S1                              1.500000   23.359291  -21.859289 (VIOLATED)
_21337_/S1                              1.500000   23.359291  -21.859289 (VIOLATED)
_21340_/S1                              1.500000   23.359291  -21.859289 (VIOLATED)
_21341_/S1                              1.500000   23.359291  -21.859289 (VIOLATED)
_21344_/S1                              1.500000   23.359291  -21.859289 (VIOLATED)
_21345_/S1                              1.500000   23.359291  -21.859289 (VIOLATED)
_21348_/S1                              1.500000   23.359291  -21.859289 (VIOLATED)
_21350_/A                               1.500000   23.359291  -21.859289 (VIOLATED)
_21354_/S1                              1.500000   23.359291  -21.859289 (VIOLATED)
_21355_/S1                              1.500000   23.359291  -21.859289 (VIOLATED)
_21358_/S1                              1.500000   23.359291  -21.859289 (VIOLATED)
_21359_/S1                              1.500000   23.359291  -21.859289 (VIOLATED)
_21368_/S1                              1.500000   23.359291  -21.859289 (VIOLATED)
_21369_/S1                              1.500000   23.359291  -21.859289 (VIOLATED)
_21374_/A                               1.500000   23.359291  -21.859289 (VIOLATED)
_21377_/A                               1.500000   23.359291  -21.859289 (VIOLATED)
_21382_/S1                              1.500000   23.359291  -21.859289 (VIOLATED)
_21384_/S1                              1.500000   23.359291  -21.859289 (VIOLATED)
_21386_/S1                              1.500000   23.359291  -21.859289 (VIOLATED)
_21387_/S1                              1.500000   23.359291  -21.859289 (VIOLATED)
_21394_/A1                              1.500000   23.359291  -21.859289 (VIOLATED)
_21395_/S1                              1.500000   23.359291  -21.859289 (VIOLATED)
_21398_/A                               1.500000   23.359291  -21.859289 (VIOLATED)
_21401_/S1                              1.500000   23.359291  -21.859289 (VIOLATED)
_21404_/S1                              1.500000   23.359291  -21.859289 (VIOLATED)
_21405_/S1                              1.500000   23.359291  -21.859289 (VIOLATED)
_21408_/S1                              1.500000   23.359291  -21.859289 (VIOLATED)
_21409_/S1                              1.500000   23.359291  -21.859289 (VIOLATED)
_21416_/A1                              1.500000   23.359291  -21.859289 (VIOLATED)
_21417_/S1                              1.500000   23.359291  -21.859289 (VIOLATED)
_21422_/A1                              1.500000   23.359291  -21.859289 (VIOLATED)
_21423_/S1                              1.500000   23.359291  -21.859289 (VIOLATED)
_21425_/S1                              1.500000   23.359291  -21.859289 (VIOLATED)
_21426_/S1                              1.500000   23.359291  -21.859289 (VIOLATED)
_21429_/S1                              1.500000   23.359291  -21.859289 (VIOLATED)
_21430_/S1                              1.500000   23.359291  -21.859289 (VIOLATED)
_21433_/S1                              1.500000   23.359291  -21.859289 (VIOLATED)
_21435_/S1                              1.500000   23.359291  -21.859289 (VIOLATED)
_21439_/A                               1.500000   23.359291  -21.859289 (VIOLATED)
_21442_/A                               1.500000   23.359291  -21.859289 (VIOLATED)
_21447_/S1                              1.500000   23.359291  -21.859289 (VIOLATED)
_21448_/S1                              1.500000   23.359291  -21.859289 (VIOLATED)
_21451_/S1                              1.500000   23.359291  -21.859289 (VIOLATED)
_21452_/S1                              1.500000   23.359291  -21.859289 (VIOLATED)
_21459_/S1                              1.500000   23.359291  -21.859289 (VIOLATED)
_21461_/S1                              1.500000   23.359291  -21.859289 (VIOLATED)
_21467_/S0                              1.500000   23.359291  -21.859289 (VIOLATED)
_21469_/S1                              1.500000   23.359291  -21.859289 (VIOLATED)
_21470_/S1                              1.500000   23.359291  -21.859289 (VIOLATED)
_21473_/S1                              1.500000   23.359291  -21.859289 (VIOLATED)
_21474_/S1                              1.500000   23.359291  -21.859289 (VIOLATED)
_21477_/S1                              1.500000   23.359291  -21.859289 (VIOLATED)
_21478_/S1                              1.500000   23.359291  -21.859289 (VIOLATED)
_21483_/A1                              1.500000   23.359291  -21.859289 (VIOLATED)
_21485_/A                               1.500000   23.359291  -21.859289 (VIOLATED)
_21490_/S1                              1.500000   23.359291  -21.859289 (VIOLATED)
_21491_/S1                              1.500000   23.359291  -21.859289 (VIOLATED)
_21494_/S1                              1.500000   23.359291  -21.859289 (VIOLATED)
_21495_/S1                              1.500000   23.359291  -21.859289 (VIOLATED)
_21498_/S1                              1.500000   23.359291  -21.859289 (VIOLATED)
_21499_/S1                              1.500000   23.359291  -21.859289 (VIOLATED)
_21504_/A1                              1.500000   23.359291  -21.859289 (VIOLATED)
_21506_/A                               1.500000   23.359291  -21.859289 (VIOLATED)
_21511_/S1                              1.500000   23.359291  -21.859289 (VIOLATED)
_21512_/S1                              1.500000   23.359291  -21.859289 (VIOLATED)
_21515_/S1                              1.500000   23.359291  -21.859289 (VIOLATED)
_21516_/S1                              1.500000   23.359291  -21.859289 (VIOLATED)
_21519_/S1                              1.500000   23.359291  -21.859289 (VIOLATED)
_21520_/S1                              1.500000   23.359291  -21.859289 (VIOLATED)
_21523_/S1                              1.500000   23.359291  -21.859289 (VIOLATED)
_21525_/A                               1.500000   23.359291  -21.859289 (VIOLATED)
_21529_/S1                              1.500000   23.359291  -21.859289 (VIOLATED)
_21530_/S1                              1.500000   23.359291  -21.859289 (VIOLATED)
_21533_/S1                              1.500000   23.359291  -21.859289 (VIOLATED)
_21534_/S1                              1.500000   23.359291  -21.859289 (VIOLATED)
_21543_/S1                              1.500000   23.359291  -21.859289 (VIOLATED)
_21544_/S1                              1.500000   23.359291  -21.859289 (VIOLATED)
_21549_/A                               1.500000   23.359291  -21.859289 (VIOLATED)
_21552_/A                               1.500000   23.359291  -21.859289 (VIOLATED)
_21556_/S1                              1.500000   23.359291  -21.859289 (VIOLATED)
_21557_/S1                              1.500000   23.359291  -21.859289 (VIOLATED)
_21560_/S1                              1.500000   23.359291  -21.859289 (VIOLATED)
_21561_/S1                              1.500000   23.359291  -21.859289 (VIOLATED)
_21567_/A1                              1.500000   23.359291  -21.859289 (VIOLATED)
_21568_/S1                              1.500000   23.359291  -21.859289 (VIOLATED)
_21571_/A                               1.500000   23.359291  -21.859289 (VIOLATED)
_21574_/S1                              1.500000   23.359291  -21.859289 (VIOLATED)
_21577_/S1                              1.500000   23.359291  -21.859289 (VIOLATED)
_21578_/S1                              1.500000   23.359291  -21.859289 (VIOLATED)
_21581_/S1                              1.500000   23.359291  -21.859289 (VIOLATED)
_21582_/S1                              1.500000   23.359291  -21.859289 (VIOLATED)
_21588_/A1                              1.500000   23.359291  -21.859289 (VIOLATED)
_21589_/S1                              1.500000   23.359291  -21.859289 (VIOLATED)
_21594_/A1                              1.500000   23.359291  -21.859289 (VIOLATED)
_21595_/S1                              1.500000   23.359291  -21.859289 (VIOLATED)
_21597_/S1                              1.500000   23.359291  -21.859289 (VIOLATED)
_21598_/S1                              1.500000   23.359291  -21.859289 (VIOLATED)
_21601_/S1                              1.500000   23.359291  -21.859289 (VIOLATED)
_21602_/S1                              1.500000   23.359291  -21.859289 (VIOLATED)
_21605_/S1                              1.500000   23.359291  -21.859289 (VIOLATED)
_21607_/S1                              1.500000   23.359291  -21.859289 (VIOLATED)
_21611_/A                               1.500000   23.359291  -21.859289 (VIOLATED)
_21614_/A                               1.500000   23.359291  -21.859289 (VIOLATED)
_21619_/S1                              1.500000   23.359291  -21.859289 (VIOLATED)
_21620_/S1                              1.500000   23.359291  -21.859289 (VIOLATED)
_21623_/S1                              1.500000   23.359291  -21.859289 (VIOLATED)
_21624_/S1                              1.500000   23.359291  -21.859289 (VIOLATED)
_21632_/S1                              1.500000   23.359291  -21.859289 (VIOLATED)
_21634_/S1                              1.500000   23.359291  -21.859289 (VIOLATED)
_21640_/S0                              1.500000   23.359291  -21.859289 (VIOLATED)
_21642_/S1                              1.500000   23.359291  -21.859289 (VIOLATED)
_21643_/S1                              1.500000   23.359291  -21.859289 (VIOLATED)
_21646_/S1                              1.500000   23.359291  -21.859289 (VIOLATED)
_21647_/S1                              1.500000   23.359291  -21.859289 (VIOLATED)
_21650_/S1                              1.500000   23.359291  -21.859289 (VIOLATED)
_21651_/S1                              1.500000   23.359291  -21.859289 (VIOLATED)
_21656_/A1                              1.500000   23.359291  -21.859289 (VIOLATED)
_21658_/A                               1.500000   23.359291  -21.859289 (VIOLATED)
_21663_/S1                              1.500000   23.359291  -21.859289 (VIOLATED)
_21664_/S1                              1.500000   23.359291  -21.859289 (VIOLATED)
_21667_/S1                              1.500000   23.359291  -21.859289 (VIOLATED)
_21668_/S1                              1.500000   23.359291  -21.859289 (VIOLATED)
_21671_/S1                              1.500000   23.359291  -21.859289 (VIOLATED)
_21672_/S1                              1.500000   23.359291  -21.859289 (VIOLATED)
_21677_/A1                              1.500000   23.359291  -21.859289 (VIOLATED)
_21679_/A                               1.500000   23.359291  -21.859289 (VIOLATED)
_21684_/S1                              1.500000   23.359291  -21.859289 (VIOLATED)
_21685_/S1                              1.500000   23.359291  -21.859289 (VIOLATED)
_21688_/S1                              1.500000   23.359291  -21.859289 (VIOLATED)
_21689_/S1                              1.500000   23.359291  -21.859289 (VIOLATED)
_21692_/S1                              1.500000   23.359291  -21.859289 (VIOLATED)
_21693_/S1                              1.500000   23.359291  -21.859289 (VIOLATED)
_21696_/S1                              1.500000   23.359291  -21.859289 (VIOLATED)
_21698_/A                               1.500000   23.359291  -21.859289 (VIOLATED)
_21702_/S1                              1.500000   23.359291  -21.859289 (VIOLATED)
_21703_/S1                              1.500000   23.359291  -21.859289 (VIOLATED)
_21706_/S1                              1.500000   23.359291  -21.859289 (VIOLATED)
_21707_/S1                              1.500000   23.359291  -21.859289 (VIOLATED)
_21716_/S1                              1.500000   23.359291  -21.859289 (VIOLATED)
_21717_/S1                              1.500000   23.359291  -21.859289 (VIOLATED)
_21722_/A                               1.500000   23.359291  -21.859289 (VIOLATED)
_21725_/A                               1.500000   23.359291  -21.859289 (VIOLATED)
_21730_/S1                              1.500000   23.359291  -21.859289 (VIOLATED)
_21732_/S1                              1.500000   23.359291  -21.859289 (VIOLATED)
_21734_/S1                              1.500000   23.359291  -21.859289 (VIOLATED)
_21735_/S1                              1.500000   23.359291  -21.859289 (VIOLATED)
_21742_/A1                              1.500000   23.359291  -21.859289 (VIOLATED)
_21743_/S1                              1.500000   23.359291  -21.859289 (VIOLATED)
_21746_/A                               1.500000   23.359291  -21.859289 (VIOLATED)
_21749_/S1                              1.500000   23.359291  -21.859289 (VIOLATED)
_21752_/S1                              1.500000   23.359291  -21.859289 (VIOLATED)
_21753_/S1                              1.500000   23.359291  -21.859289 (VIOLATED)
_21756_/S1                              1.500000   23.359291  -21.859289 (VIOLATED)
_21757_/S1                              1.500000   23.359291  -21.859289 (VIOLATED)
_21764_/A1                              1.500000   23.359291  -21.859289 (VIOLATED)
_21765_/S1                              1.500000   23.359291  -21.859289 (VIOLATED)
_21770_/A1                              1.500000   23.359291  -21.859289 (VIOLATED)
_21771_/S1                              1.500000   23.359291  -21.859289 (VIOLATED)
_21773_/S1                              1.500000   23.359291  -21.859289 (VIOLATED)
_21774_/S1                              1.500000   23.359291  -21.859289 (VIOLATED)
_21777_/S1                              1.500000   23.359291  -21.859289 (VIOLATED)
_21778_/S1                              1.500000   23.359291  -21.859289 (VIOLATED)
_21781_/S1                              1.500000   23.359291  -21.859289 (VIOLATED)
_21783_/S1                              1.500000   23.359291  -21.859289 (VIOLATED)
_21787_/A                               1.500000   23.359291  -21.859289 (VIOLATED)
_21790_/A                               1.500000   23.359291  -21.859289 (VIOLATED)
_21795_/S1                              1.500000   23.359291  -21.859289 (VIOLATED)
_21796_/S1                              1.500000   23.359291  -21.859289 (VIOLATED)
_21799_/S1                              1.500000   23.359291  -21.859289 (VIOLATED)
_21800_/S1                              1.500000   23.359291  -21.859289 (VIOLATED)
_21807_/S1                              1.500000   23.359291  -21.859289 (VIOLATED)
_21808_/S1                              1.500000   23.359291  -21.859289 (VIOLATED)
_21811_/S1                              1.500000   23.359291  -21.859289 (VIOLATED)
_21813_/A                               1.500000   23.359291  -21.859289 (VIOLATED)
_21817_/S1                              1.500000   23.359291  -21.859289 (VIOLATED)
_21818_/S1                              1.500000   23.359291  -21.859289 (VIOLATED)
_21821_/S1                              1.500000   23.359291  -21.859289 (VIOLATED)
_21822_/S1                              1.500000   23.359291  -21.859289 (VIOLATED)
_21825_/S1                              1.500000   23.359291  -21.859289 (VIOLATED)
_21826_/S1                              1.500000   23.359291  -21.859289 (VIOLATED)
_21831_/A1                              1.500000   23.359291  -21.859289 (VIOLATED)
_21833_/A                               1.500000   23.359291  -21.859289 (VIOLATED)
_21838_/S1                              1.500000   23.359291  -21.859289 (VIOLATED)
_21839_/S1                              1.500000   23.359291  -21.859289 (VIOLATED)
_21842_/S1                              1.500000   23.359291  -21.859289 (VIOLATED)
_21843_/S1                              1.500000   23.359291  -21.859289 (VIOLATED)
_21846_/S1                              1.500000   23.359291  -21.859289 (VIOLATED)
_21847_/S1                              1.500000   23.359291  -21.859289 (VIOLATED)
_21852_/A1                              1.500000   23.359291  -21.859289 (VIOLATED)
_21854_/A                               1.500000   23.359291  -21.859289 (VIOLATED)
_21859_/S1                              1.500000   23.359291  -21.859289 (VIOLATED)
_21860_/S1                              1.500000   23.359291  -21.859289 (VIOLATED)
_21863_/S1                              1.500000   23.359291  -21.859289 (VIOLATED)
_21864_/S1                              1.500000   23.359291  -21.859289 (VIOLATED)
_21867_/S1                              1.500000   23.359291  -21.859289 (VIOLATED)
_21868_/S1                              1.500000   23.359291  -21.859289 (VIOLATED)
_21871_/S1                              1.500000   23.359291  -21.859289 (VIOLATED)
_21873_/A                               1.500000   23.359291  -21.859289 (VIOLATED)
_21877_/S1                              1.500000   23.359291  -21.859289 (VIOLATED)
_21878_/S1                              1.500000   23.359291  -21.859289 (VIOLATED)
_21881_/S1                              1.500000   23.359291  -21.859289 (VIOLATED)
_21882_/S1                              1.500000   23.359291  -21.859289 (VIOLATED)
_21891_/S1                              1.500000   23.359291  -21.859289 (VIOLATED)
_21892_/S1                              1.500000   23.359291  -21.859289 (VIOLATED)
_21897_/A                               1.500000   23.359291  -21.859289 (VIOLATED)
_21900_/A                               1.500000   23.359291  -21.859289 (VIOLATED)
_21904_/S1                              1.500000   23.359291  -21.859289 (VIOLATED)
_21905_/S1                              1.500000   23.359291  -21.859289 (VIOLATED)
_21908_/S1                              1.500000   23.359291  -21.859289 (VIOLATED)
_21909_/S1                              1.500000   23.359291  -21.859289 (VIOLATED)
_21915_/A1                              1.500000   23.359291  -21.859289 (VIOLATED)
_21916_/S1                              1.500000   23.359291  -21.859289 (VIOLATED)
_21919_/A                               1.500000   23.359291  -21.859289 (VIOLATED)
_21922_/S1                              1.500000   23.359291  -21.859289 (VIOLATED)
_21925_/S1                              1.500000   23.359291  -21.859289 (VIOLATED)
_21926_/S1                              1.500000   23.359291  -21.859289 (VIOLATED)
_21929_/S1                              1.500000   23.359291  -21.859289 (VIOLATED)
_21930_/S1                              1.500000   23.359291  -21.859289 (VIOLATED)
_21936_/A1                              1.500000   23.359291  -21.859289 (VIOLATED)
_21937_/S1                              1.500000   23.359291  -21.859289 (VIOLATED)
_21942_/A1                              1.500000   23.359291  -21.859289 (VIOLATED)
_21943_/S1                              1.500000   23.359291  -21.859289 (VIOLATED)
_21945_/S1                              1.500000   23.359291  -21.859289 (VIOLATED)
_21946_/S1                              1.500000   23.359291  -21.859289 (VIOLATED)
_21949_/S1                              1.500000   23.359291  -21.859289 (VIOLATED)
_21950_/S1                              1.500000   23.359291  -21.859289 (VIOLATED)
_21953_/S1                              1.500000   23.359291  -21.859289 (VIOLATED)
_21955_/S1                              1.500000   23.359291  -21.859289 (VIOLATED)
_21959_/A                               1.500000   23.359291  -21.859289 (VIOLATED)
_21962_/A                               1.500000   23.359291  -21.859289 (VIOLATED)
_21967_/S1                              1.500000   23.359291  -21.859289 (VIOLATED)
_21968_/S1                              1.500000   23.359291  -21.859289 (VIOLATED)
_21971_/S1                              1.500000   23.359291  -21.859289 (VIOLATED)
_21972_/S1                              1.500000   23.359291  -21.859289 (VIOLATED)
_21980_/S1                              1.500000   23.359291  -21.859289 (VIOLATED)
_21981_/S1                              1.500000   23.359291  -21.859289 (VIOLATED)
_21984_/S1                              1.500000   23.359291  -21.859289 (VIOLATED)
_21986_/A                               1.500000   23.359291  -21.859289 (VIOLATED)
_21990_/S1                              1.500000   23.359291  -21.859289 (VIOLATED)
_21991_/S1                              1.500000   23.359291  -21.859289 (VIOLATED)
_21994_/S1                              1.500000   23.359291  -21.859289 (VIOLATED)
_21995_/S1                              1.500000   23.359291  -21.859289 (VIOLATED)
_21998_/S1                              1.500000   23.359291  -21.859289 (VIOLATED)
_21999_/S1                              1.500000   23.359291  -21.859289 (VIOLATED)
_22004_/A1                              1.500000   23.359291  -21.859289 (VIOLATED)
_22006_/A                               1.500000   23.359291  -21.859289 (VIOLATED)
_22011_/S1                              1.500000   23.359291  -21.859289 (VIOLATED)
_22012_/S1                              1.500000   23.359291  -21.859289 (VIOLATED)
_22015_/S1                              1.500000   23.359291  -21.859289 (VIOLATED)
_22016_/S1                              1.500000   23.359291  -21.859289 (VIOLATED)
_22019_/S1                              1.500000   23.359291  -21.859289 (VIOLATED)
_22020_/S1                              1.500000   23.359291  -21.859289 (VIOLATED)
_22025_/A1                              1.500000   23.359291  -21.859289 (VIOLATED)
_22027_/A                               1.500000   23.359291  -21.859289 (VIOLATED)
_22032_/S1                              1.500000   23.359291  -21.859289 (VIOLATED)
_22033_/S1                              1.500000   23.359291  -21.859289 (VIOLATED)
_22036_/S1                              1.500000   23.359291  -21.859289 (VIOLATED)
_22037_/S1                              1.500000   23.359291  -21.859289 (VIOLATED)
_22040_/S1                              1.500000   23.359291  -21.859289 (VIOLATED)
_22041_/S1                              1.500000   23.359291  -21.859289 (VIOLATED)
_22044_/S1                              1.500000   23.359291  -21.859289 (VIOLATED)
_22046_/A                               1.500000   23.359291  -21.859289 (VIOLATED)
_22050_/S1                              1.500000   23.359291  -21.859289 (VIOLATED)
_22051_/S1                              1.500000   23.359291  -21.859289 (VIOLATED)
_22054_/S1                              1.500000   23.359291  -21.859289 (VIOLATED)
_22055_/S1                              1.500000   23.359291  -21.859289 (VIOLATED)
_22064_/S1                              1.500000   23.359291  -21.859289 (VIOLATED)
_22065_/S1                              1.500000   23.359291  -21.859289 (VIOLATED)
_22070_/A                               1.500000   23.359291  -21.859289 (VIOLATED)
_22073_/A                               1.500000   23.359291  -21.859289 (VIOLATED)
_22078_/S1                              1.500000   23.359291  -21.859289 (VIOLATED)
_22080_/S1                              1.500000   23.359291  -21.859289 (VIOLATED)
_22082_/S1                              1.500000   23.359291  -21.859289 (VIOLATED)
_22083_/S1                              1.500000   23.359291  -21.859289 (VIOLATED)
_22090_/A1                              1.500000   23.359291  -21.859289 (VIOLATED)
_22091_/S1                              1.500000   23.359291  -21.859289 (VIOLATED)
_22094_/A                               1.500000   23.359291  -21.859289 (VIOLATED)
_22097_/S1                              1.500000   23.359291  -21.859289 (VIOLATED)
_22100_/S1                              1.500000   23.359291  -21.859289 (VIOLATED)
_22101_/S1                              1.500000   23.359291  -21.859289 (VIOLATED)
_22104_/S1                              1.500000   23.359291  -21.859289 (VIOLATED)
_22105_/S1                              1.500000   23.359291  -21.859289 (VIOLATED)
_22112_/A1                              1.500000   23.359291  -21.859289 (VIOLATED)
_22113_/S1                              1.500000   23.359291  -21.859289 (VIOLATED)
_22118_/A1                              1.500000   23.359291  -21.859289 (VIOLATED)
_22119_/S1                              1.500000   23.359291  -21.859289 (VIOLATED)
_22121_/S1                              1.500000   23.359291  -21.859289 (VIOLATED)
_22122_/S1                              1.500000   23.359291  -21.859289 (VIOLATED)
_22125_/S1                              1.500000   23.359291  -21.859289 (VIOLATED)
_22126_/S1                              1.500000   23.359291  -21.859289 (VIOLATED)
_22129_/S1                              1.500000   23.359291  -21.859289 (VIOLATED)
_22131_/S1                              1.500000   23.359291  -21.859289 (VIOLATED)
_22135_/A                               1.500000   23.359291  -21.859289 (VIOLATED)
_22138_/A                               1.500000   23.359291  -21.859289 (VIOLATED)
_22143_/S1                              1.500000   23.359291  -21.859289 (VIOLATED)
_22144_/S1                              1.500000   23.359291  -21.859289 (VIOLATED)
_22147_/S1                              1.500000   23.359291  -21.859289 (VIOLATED)
_22148_/S1                              1.500000   23.359291  -21.859289 (VIOLATED)
_22155_/S1                              1.500000   23.359291  -21.859289 (VIOLATED)
_22157_/S1                              1.500000   23.359291  -21.859289 (VIOLATED)
_22163_/S0                              1.500000   23.359291  -21.859289 (VIOLATED)
_22165_/S1                              1.500000   23.359291  -21.859289 (VIOLATED)
_22166_/S1                              1.500000   23.359291  -21.859289 (VIOLATED)
_22169_/S1                              1.500000   23.359291  -21.859289 (VIOLATED)
_22170_/S1                              1.500000   23.359291  -21.859289 (VIOLATED)
_22173_/S1                              1.500000   23.359291  -21.859289 (VIOLATED)
_22174_/S1                              1.500000   23.359291  -21.859289 (VIOLATED)
_22179_/A1                              1.500000   23.359291  -21.859289 (VIOLATED)
_22181_/A                               1.500000   23.359291  -21.859289 (VIOLATED)
_22186_/S1                              1.500000   23.359291  -21.859289 (VIOLATED)
_22187_/S1                              1.500000   23.359291  -21.859289 (VIOLATED)
_22190_/S1                              1.500000   23.359291  -21.859289 (VIOLATED)
_22191_/S1                              1.500000   23.359291  -21.859289 (VIOLATED)
_22194_/S1                              1.500000   23.359291  -21.859289 (VIOLATED)
_22195_/S1                              1.500000   23.359291  -21.859289 (VIOLATED)
_22200_/A1                              1.500000   23.359291  -21.859289 (VIOLATED)
_22202_/A                               1.500000   23.359291  -21.859289 (VIOLATED)
_22207_/S1                              1.500000   23.359291  -21.859289 (VIOLATED)
_22208_/S1                              1.500000   23.359291  -21.859289 (VIOLATED)
_22211_/S1                              1.500000   23.359291  -21.859289 (VIOLATED)
_22212_/S1                              1.500000   23.359291  -21.859289 (VIOLATED)
_22215_/S1                              1.500000   23.359291  -21.859289 (VIOLATED)
_22216_/S1                              1.500000   23.359291  -21.859289 (VIOLATED)
_22219_/S1                              1.500000   23.359291  -21.859289 (VIOLATED)
_22221_/A                               1.500000   23.359291  -21.859289 (VIOLATED)
_22225_/S1                              1.500000   23.359291  -21.859289 (VIOLATED)
_22226_/S1                              1.500000   23.359291  -21.859289 (VIOLATED)
_22229_/S1                              1.500000   23.359291  -21.859289 (VIOLATED)
_22230_/S1                              1.500000   23.359291  -21.859289 (VIOLATED)
_22239_/S1                              1.500000   23.359291  -21.859289 (VIOLATED)
_22240_/S1                              1.500000   23.359291  -21.859289 (VIOLATED)
_22245_/A                               1.500000   23.359291  -21.859289 (VIOLATED)
_22248_/A                               1.500000   23.359291  -21.859289 (VIOLATED)
_22253_/S1                              1.500000   23.359291  -21.859289 (VIOLATED)
_22255_/S1                              1.500000   23.359291  -21.859289 (VIOLATED)
_22257_/S1                              1.500000   23.359291  -21.859289 (VIOLATED)
_22258_/S1                              1.500000   23.359291  -21.859289 (VIOLATED)
_22265_/A1                              1.500000   23.359291  -21.859289 (VIOLATED)
_22266_/S1                              1.500000   23.359291  -21.859289 (VIOLATED)
_22269_/A                               1.500000   23.359291  -21.859289 (VIOLATED)
_22272_/S1                              1.500000   23.359291  -21.859289 (VIOLATED)
_22275_/S1                              1.500000   23.359291  -21.859289 (VIOLATED)
_22276_/S1                              1.500000   23.359291  -21.859289 (VIOLATED)
_22279_/S1                              1.500000   23.359291  -21.859289 (VIOLATED)
_22280_/S1                              1.500000   23.359291  -21.859289 (VIOLATED)
_22287_/A1                              1.500000   23.359291  -21.859289 (VIOLATED)
_22288_/S1                              1.500000   23.359291  -21.859289 (VIOLATED)
_22293_/A1                              1.500000   23.359291  -21.859289 (VIOLATED)
_22294_/S1                              1.500000   23.359291  -21.859289 (VIOLATED)
_22296_/S1                              1.500000   23.359291  -21.859289 (VIOLATED)
_22297_/S1                              1.500000   23.359291  -21.859289 (VIOLATED)
_22300_/S1                              1.500000   23.359291  -21.859289 (VIOLATED)
_22301_/S1                              1.500000   23.359291  -21.859289 (VIOLATED)
_22304_/S1                              1.500000   23.359291  -21.859289 (VIOLATED)
_22306_/S1                              1.500000   23.359291  -21.859289 (VIOLATED)
_22310_/A                               1.500000   23.359291  -21.859289 (VIOLATED)
_22313_/A                               1.500000   23.359291  -21.859289 (VIOLATED)
_22318_/S1                              1.500000   23.359291  -21.859289 (VIOLATED)
_22319_/S1                              1.500000   23.359291  -21.859289 (VIOLATED)
_22322_/S1                              1.500000   23.359291  -21.859289 (VIOLATED)
_22323_/S1                              1.500000   23.359291  -21.859289 (VIOLATED)
_22330_/S1                              1.500000   23.359291  -21.859289 (VIOLATED)
_22331_/S1                              1.500000   23.359291  -21.859289 (VIOLATED)
_22334_/S1                              1.500000   23.359291  -21.859289 (VIOLATED)
_22336_/A                               1.500000   23.359291  -21.859289 (VIOLATED)
_22340_/S1                              1.500000   23.359291  -21.859289 (VIOLATED)
_22341_/S1                              1.500000   23.359291  -21.859289 (VIOLATED)
_22344_/S1                              1.500000   23.359291  -21.859289 (VIOLATED)
_22345_/S1                              1.500000   23.359291  -21.859289 (VIOLATED)
_22348_/S1                              1.500000   23.359291  -21.859289 (VIOLATED)
_22349_/S1                              1.500000   23.359291  -21.859289 (VIOLATED)
_22354_/A1                              1.500000   23.359291  -21.859289 (VIOLATED)
_22356_/A                               1.500000   23.359291  -21.859289 (VIOLATED)
_22361_/S1                              1.500000   23.359291  -21.859289 (VIOLATED)
_22362_/S1                              1.500000   23.359291  -21.859289 (VIOLATED)
_22365_/S1                              1.500000   23.359291  -21.859289 (VIOLATED)
_22366_/S1                              1.500000   23.359291  -21.859289 (VIOLATED)
_22369_/S1                              1.500000   23.359291  -21.859289 (VIOLATED)
_22370_/S1                              1.500000   23.359291  -21.859289 (VIOLATED)
_22375_/A1                              1.500000   23.359291  -21.859289 (VIOLATED)
_22377_/A                               1.500000   23.359291  -21.859289 (VIOLATED)
_22382_/S1                              1.500000   23.359291  -21.859289 (VIOLATED)
_22383_/S1                              1.500000   23.359291  -21.859289 (VIOLATED)
_22386_/S1                              1.500000   23.359291  -21.859289 (VIOLATED)
_22387_/S1                              1.500000   23.359291  -21.859289 (VIOLATED)
_22390_/S1                              1.500000   23.359291  -21.859289 (VIOLATED)
_22391_/S1                              1.500000   23.359291  -21.859289 (VIOLATED)
_22394_/S1                              1.500000   23.359291  -21.859289 (VIOLATED)
_22396_/A                               1.500000   23.359291  -21.859289 (VIOLATED)
_22400_/S1                              1.500000   23.359291  -21.859289 (VIOLATED)
_22401_/S1                              1.500000   23.359291  -21.859289 (VIOLATED)
_22404_/S1                              1.500000   23.359291  -21.859289 (VIOLATED)
_22405_/S1                              1.500000   23.359291  -21.859289 (VIOLATED)
_22414_/S1                              1.500000   23.359291  -21.859289 (VIOLATED)
_22415_/S1                              1.500000   23.359291  -21.859289 (VIOLATED)
_22420_/A                               1.500000   23.359291  -21.859289 (VIOLATED)
_22423_/A                               1.500000   23.359291  -21.859289 (VIOLATED)
_22427_/S1                              1.500000   23.359291  -21.859289 (VIOLATED)
_22428_/S1                              1.500000   23.359291  -21.859289 (VIOLATED)
_22431_/S1                              1.500000   23.359291  -21.859289 (VIOLATED)
_22432_/S1                              1.500000   23.359291  -21.859289 (VIOLATED)
_22438_/A1                              1.500000   23.359291  -21.859289 (VIOLATED)
_22439_/S1                              1.500000   23.359291  -21.859289 (VIOLATED)
_22442_/A                               1.500000   23.359291  -21.859289 (VIOLATED)
_22445_/S1                              1.500000   23.359291  -21.859289 (VIOLATED)
_22448_/S1                              1.500000   23.359291  -21.859289 (VIOLATED)
_22449_/S1                              1.500000   23.359291  -21.859289 (VIOLATED)
_22452_/S1                              1.500000   23.359291  -21.859289 (VIOLATED)
_22453_/S1                              1.500000   23.359291  -21.859289 (VIOLATED)
_22459_/A1                              1.500000   23.359291  -21.859289 (VIOLATED)
_22460_/S1                              1.500000   23.359291  -21.859289 (VIOLATED)
_22465_/A1                              1.500000   23.359291  -21.859289 (VIOLATED)
_22466_/S1                              1.500000   23.359291  -21.859289 (VIOLATED)
_22468_/S1                              1.500000   23.359291  -21.859289 (VIOLATED)
_22469_/S1                              1.500000   23.359291  -21.859289 (VIOLATED)
_22472_/S1                              1.500000   23.359291  -21.859289 (VIOLATED)
_22473_/S1                              1.500000   23.359291  -21.859289 (VIOLATED)
_22476_/S1                              1.500000   23.359291  -21.859289 (VIOLATED)
_22478_/S1                              1.500000   23.359291  -21.859289 (VIOLATED)
_22482_/A                               1.500000   23.359291  -21.859289 (VIOLATED)
_22485_/A                               1.500000   23.359291  -21.859289 (VIOLATED)
_22490_/S1                              1.500000   23.359291  -21.859289 (VIOLATED)
_22491_/S1                              1.500000   23.359291  -21.859289 (VIOLATED)
_22494_/S1                              1.500000   23.359291  -21.859289 (VIOLATED)
_22495_/S1                              1.500000   23.359291  -21.859289 (VIOLATED)
_22503_/S1                              1.500000   23.359291  -21.859289 (VIOLATED)
_22504_/S1                              1.500000   23.359291  -21.859289 (VIOLATED)
_22507_/S1                              1.500000   23.359291  -21.859289 (VIOLATED)
_22509_/A                               1.500000   23.359291  -21.859289 (VIOLATED)
_22513_/S1                              1.500000   23.359291  -21.859289 (VIOLATED)
_22514_/S1                              1.500000   23.359291  -21.859289 (VIOLATED)
_22517_/S1                              1.500000   23.359291  -21.859289 (VIOLATED)
_22518_/S1                              1.500000   23.359291  -21.859289 (VIOLATED)
_22521_/S1                              1.500000   23.359291  -21.859289 (VIOLATED)
_22522_/S1                              1.500000   23.359291  -21.859289 (VIOLATED)
_22527_/A1                              1.500000   23.359291  -21.859289 (VIOLATED)
_22529_/A                               1.500000   23.359291  -21.859289 (VIOLATED)
_22534_/S1                              1.500000   23.359291  -21.859289 (VIOLATED)
_22535_/S1                              1.500000   23.359291  -21.859289 (VIOLATED)
_22538_/S1                              1.500000   23.359291  -21.859289 (VIOLATED)
_22539_/S1                              1.500000   23.359291  -21.859289 (VIOLATED)
_22542_/S1                              1.500000   23.359291  -21.859289 (VIOLATED)
_22543_/S1                              1.500000   23.359291  -21.859289 (VIOLATED)
_22548_/A1                              1.500000   23.359291  -21.859289 (VIOLATED)
_22550_/A                               1.500000   23.359291  -21.859289 (VIOLATED)
_22555_/S1                              1.500000   23.359291  -21.859289 (VIOLATED)
_22556_/S1                              1.500000   23.359291  -21.859289 (VIOLATED)
_22559_/S1                              1.500000   23.359291  -21.859289 (VIOLATED)
_22560_/S1                              1.500000   23.359291  -21.859289 (VIOLATED)
_22563_/S1                              1.500000   23.359291  -21.859289 (VIOLATED)
_22564_/S1                              1.500000   23.359291  -21.859289 (VIOLATED)
_22567_/S1                              1.500000   23.359291  -21.859289 (VIOLATED)
_22569_/A                               1.500000   23.359291  -21.859289 (VIOLATED)
_22573_/S1                              1.500000   23.359291  -21.859289 (VIOLATED)
_22574_/S1                              1.500000   23.359291  -21.859289 (VIOLATED)
_22577_/S1                              1.500000   23.359291  -21.859289 (VIOLATED)
_22578_/S1                              1.500000   23.359291  -21.859289 (VIOLATED)
_22587_/S1                              1.500000   23.359291  -21.859289 (VIOLATED)
_22588_/S1                              1.500000   23.359291  -21.859289 (VIOLATED)
_22593_/A                               1.500000   23.359291  -21.859289 (VIOLATED)
_22596_/A                               1.500000   23.359291  -21.859289 (VIOLATED)
_22601_/S1                              1.500000   23.359291  -21.859289 (VIOLATED)
_22603_/S1                              1.500000   23.359291  -21.859289 (VIOLATED)
_22605_/S1                              1.500000   23.359291  -21.859289 (VIOLATED)
_22606_/S1                              1.500000   23.359291  -21.859289 (VIOLATED)
_22613_/A1                              1.500000   23.359291  -21.859289 (VIOLATED)
_22614_/S1                              1.500000   23.359291  -21.859289 (VIOLATED)
_22617_/A                               1.500000   23.359291  -21.859289 (VIOLATED)
_22620_/S1                              1.500000   23.359291  -21.859289 (VIOLATED)
_22623_/S1                              1.500000   23.359291  -21.859289 (VIOLATED)
_22624_/S1                              1.500000   23.359291  -21.859289 (VIOLATED)
_22627_/S1                              1.500000   23.359291  -21.859289 (VIOLATED)
_22628_/S1                              1.500000   23.359291  -21.859289 (VIOLATED)
_22635_/A1                              1.500000   23.359291  -21.859289 (VIOLATED)
_22636_/S1                              1.500000   23.359291  -21.859289 (VIOLATED)
_22641_/A1                              1.500000   23.359291  -21.859289 (VIOLATED)
_22642_/S1                              1.500000   23.359291  -21.859289 (VIOLATED)
_22644_/S1                              1.500000   23.359291  -21.859289 (VIOLATED)
_22645_/S1                              1.500000   23.359291  -21.859289 (VIOLATED)
_22648_/S1                              1.500000   23.359291  -21.859289 (VIOLATED)
_22649_/S1                              1.500000   23.359291  -21.859289 (VIOLATED)
_22652_/S1                              1.500000   23.359291  -21.859289 (VIOLATED)
_22654_/S1                              1.500000   23.359291  -21.859289 (VIOLATED)
_22658_/A                               1.500000   23.359291  -21.859289 (VIOLATED)
_22661_/A                               1.500000   23.359291  -21.859289 (VIOLATED)
_22666_/S1                              1.500000   23.359291  -21.859289 (VIOLATED)
_22667_/S1                              1.500000   23.359291  -21.859289 (VIOLATED)
_22670_/S1                              1.500000   23.359291  -21.859289 (VIOLATED)
_22671_/S1                              1.500000   23.359291  -21.859289 (VIOLATED)
_22678_/S1                              1.500000   23.359291  -21.859289 (VIOLATED)
_22680_/S1                              1.500000   23.359291  -21.859289 (VIOLATED)
_22686_/S0                              1.500000   23.359291  -21.859289 (VIOLATED)
_22688_/S1                              1.500000   23.359291  -21.859289 (VIOLATED)
_22689_/S1                              1.500000   23.359291  -21.859289 (VIOLATED)
_22692_/S1                              1.500000   23.359291  -21.859289 (VIOLATED)
_22693_/S1                              1.500000   23.359291  -21.859289 (VIOLATED)
_22696_/S1                              1.500000   23.359291  -21.859289 (VIOLATED)
_22697_/S1                              1.500000   23.359291  -21.859289 (VIOLATED)
_22702_/A1                              1.500000   23.359291  -21.859289 (VIOLATED)
_22704_/A                               1.500000   23.359291  -21.859289 (VIOLATED)
_22709_/S1                              1.500000   23.359291  -21.859289 (VIOLATED)
_22710_/S1                              1.500000   23.359291  -21.859289 (VIOLATED)
_22713_/S1                              1.500000   23.359291  -21.859289 (VIOLATED)
_22714_/S1                              1.500000   23.359291  -21.859289 (VIOLATED)
_22717_/S1                              1.500000   23.359291  -21.859289 (VIOLATED)
_22718_/S1                              1.500000   23.359291  -21.859289 (VIOLATED)
_22723_/A1                              1.500000   23.359291  -21.859289 (VIOLATED)
_22725_/A                               1.500000   23.359291  -21.859289 (VIOLATED)
_22730_/S1                              1.500000   23.359291  -21.859289 (VIOLATED)
_22731_/S1                              1.500000   23.359291  -21.859289 (VIOLATED)
_22734_/S1                              1.500000   23.359291  -21.859289 (VIOLATED)
_22735_/S1                              1.500000   23.359291  -21.859289 (VIOLATED)
_22738_/S1                              1.500000   23.359291  -21.859289 (VIOLATED)
_22739_/S1                              1.500000   23.359291  -21.859289 (VIOLATED)
_22742_/S1                              1.500000   23.359291  -21.859289 (VIOLATED)
_22744_/A                               1.500000   23.359291  -21.859289 (VIOLATED)
_22748_/S1                              1.500000   23.359291  -21.859289 (VIOLATED)
_22749_/S1                              1.500000   23.359291  -21.859289 (VIOLATED)
_22752_/S1                              1.500000   23.359291  -21.859289 (VIOLATED)
_22753_/S1                              1.500000   23.359291  -21.859289 (VIOLATED)
_22762_/S1                              1.500000   23.359291  -21.859289 (VIOLATED)
_22763_/S1                              1.500000   23.359291  -21.859289 (VIOLATED)
_22768_/A                               1.500000   23.359291  -21.859289 (VIOLATED)
_22771_/A                               1.500000   23.359291  -21.859289 (VIOLATED)
_22776_/S1                              1.500000   23.359291  -21.859289 (VIOLATED)
_22778_/S1                              1.500000   23.359291  -21.859289 (VIOLATED)
_22780_/S1                              1.500000   23.359291  -21.859289 (VIOLATED)
_22781_/S1                              1.500000   23.359291  -21.859289 (VIOLATED)
_22788_/A1                              1.500000   23.359291  -21.859289 (VIOLATED)
_22789_/S1                              1.500000   23.359291  -21.859289 (VIOLATED)
_22792_/A                               1.500000   23.359291  -21.859289 (VIOLATED)
_22795_/S1                              1.500000   23.359291  -21.859289 (VIOLATED)
_22798_/S1                              1.500000   23.359291  -21.859289 (VIOLATED)
_22799_/S1                              1.500000   23.359291  -21.859289 (VIOLATED)
_22802_/S1                              1.500000   23.359291  -21.859289 (VIOLATED)
_22803_/S1                              1.500000   23.359291  -21.859289 (VIOLATED)
_22810_/A1                              1.500000   23.359291  -21.859289 (VIOLATED)
_22811_/S1                              1.500000   23.359291  -21.859289 (VIOLATED)
_22816_/A1                              1.500000   23.359291  -21.859289 (VIOLATED)
_22817_/S1                              1.500000   23.359291  -21.859289 (VIOLATED)
_22819_/S1                              1.500000   23.359291  -21.859289 (VIOLATED)
_22820_/S1                              1.500000   23.359291  -21.859289 (VIOLATED)
_22823_/S1                              1.500000   23.359291  -21.859289 (VIOLATED)
_22824_/S1                              1.500000   23.359291  -21.859289 (VIOLATED)
_22827_/S1                              1.500000   23.359291  -21.859289 (VIOLATED)
_22829_/S1                              1.500000   23.359291  -21.859289 (VIOLATED)
_22833_/A                               1.500000   23.359291  -21.859289 (VIOLATED)
_22836_/A                               1.500000   23.359291  -21.859289 (VIOLATED)
_22841_/S1                              1.500000   23.359291  -21.859289 (VIOLATED)
_22842_/S1                              1.500000   23.359291  -21.859289 (VIOLATED)
_22845_/S1                              1.500000   23.359291  -21.859289 (VIOLATED)
_22846_/S1                              1.500000   23.359291  -21.859289 (VIOLATED)
_22853_/S1                              1.500000   23.359291  -21.859289 (VIOLATED)
_22855_/S1                              1.500000   23.359291  -21.859289 (VIOLATED)
_22861_/S0                              1.500000   23.359291  -21.859289 (VIOLATED)
_22863_/S1                              1.500000   23.359291  -21.859289 (VIOLATED)
_22864_/S1                              1.500000   23.359291  -21.859289 (VIOLATED)
_22867_/S1                              1.500000   23.359291  -21.859289 (VIOLATED)
_22868_/S1                              1.500000   23.359291  -21.859289 (VIOLATED)
_22871_/S1                              1.500000   23.359291  -21.859289 (VIOLATED)
_22872_/S1                              1.500000   23.359291  -21.859289 (VIOLATED)
_22877_/A1                              1.500000   23.359291  -21.859289 (VIOLATED)
_22879_/A                               1.500000   23.359291  -21.859289 (VIOLATED)
_22884_/S1                              1.500000   23.359291  -21.859289 (VIOLATED)
_22885_/S1                              1.500000   23.359291  -21.859289 (VIOLATED)
_22888_/S1                              1.500000   23.359291  -21.859289 (VIOLATED)
_22889_/S1                              1.500000   23.359291  -21.859289 (VIOLATED)
_22892_/S1                              1.500000   23.359291  -21.859289 (VIOLATED)
_22893_/S1                              1.500000   23.359291  -21.859289 (VIOLATED)
_22898_/A1                              1.500000   23.359291  -21.859289 (VIOLATED)
_22900_/A                               1.500000   23.359291  -21.859289 (VIOLATED)
_22905_/S1                              1.500000   23.359291  -21.859289 (VIOLATED)
_22906_/S1                              1.500000   23.359291  -21.859289 (VIOLATED)
_22909_/S1                              1.500000   23.359291  -21.859289 (VIOLATED)
_22910_/S1                              1.500000   23.359291  -21.859289 (VIOLATED)
_22913_/S1                              1.500000   23.359291  -21.859289 (VIOLATED)
_22914_/S1                              1.500000   23.359291  -21.859289 (VIOLATED)
_22917_/S1                              1.500000   23.359291  -21.859289 (VIOLATED)
_22919_/A                               1.500000   23.359291  -21.859289 (VIOLATED)
_22923_/S1                              1.500000   23.359291  -21.859289 (VIOLATED)
_22924_/S1                              1.500000   23.359291  -21.859289 (VIOLATED)
_22927_/S1                              1.500000   23.359291  -21.859289 (VIOLATED)
_22928_/S1                              1.500000   23.359291  -21.859289 (VIOLATED)
_22937_/S1                              1.500000   23.359291  -21.859289 (VIOLATED)
_22938_/S1                              1.500000   23.359291  -21.859289 (VIOLATED)
_22943_/A                               1.500000   23.359291  -21.859289 (VIOLATED)
_22946_/A                               1.500000   23.359291  -21.859289 (VIOLATED)
_22950_/S1                              1.500000   23.359291  -21.859289 (VIOLATED)
_22951_/S1                              1.500000   23.359291  -21.859289 (VIOLATED)
_22954_/S1                              1.500000   23.359291  -21.859289 (VIOLATED)
_22955_/S1                              1.500000   23.359291  -21.859289 (VIOLATED)
_22961_/A1                              1.500000   23.359291  -21.859289 (VIOLATED)
_22962_/S1                              1.500000   23.359291  -21.859289 (VIOLATED)
_22965_/A                               1.500000   23.359291  -21.859289 (VIOLATED)
_22968_/S1                              1.500000   23.359291  -21.859289 (VIOLATED)
_22971_/S1                              1.500000   23.359291  -21.859289 (VIOLATED)
_22972_/S1                              1.500000   23.359291  -21.859289 (VIOLATED)
_22975_/S1                              1.500000   23.359291  -21.859289 (VIOLATED)
_22976_/S1                              1.500000   23.359291  -21.859289 (VIOLATED)
_22982_/A1                              1.500000   23.359291  -21.859289 (VIOLATED)
_22983_/S1                              1.500000   23.359291  -21.859289 (VIOLATED)
_22988_/A1                              1.500000   23.359291  -21.859289 (VIOLATED)
_22989_/S1                              1.500000   23.359291  -21.859289 (VIOLATED)
_22991_/S1                              1.500000   23.359291  -21.859289 (VIOLATED)
_22992_/S1                              1.500000   23.359291  -21.859289 (VIOLATED)
_22995_/S1                              1.500000   23.359291  -21.859289 (VIOLATED)
_22996_/S1                              1.500000   23.359291  -21.859289 (VIOLATED)
_22999_/S1                              1.500000   23.359291  -21.859289 (VIOLATED)
_23001_/S1                              1.500000   23.359291  -21.859289 (VIOLATED)
_23005_/A                               1.500000   23.359291  -21.859289 (VIOLATED)
_23008_/A                               1.500000   23.359291  -21.859289 (VIOLATED)
_23013_/S1                              1.500000   23.359291  -21.859289 (VIOLATED)
_23014_/S1                              1.500000   23.359291  -21.859289 (VIOLATED)
_23017_/S1                              1.500000   23.359291  -21.859289 (VIOLATED)
_23018_/S1                              1.500000   23.359291  -21.859289 (VIOLATED)
_23026_/S1                              1.500000   23.359291  -21.859289 (VIOLATED)
_23028_/S1                              1.500000   23.359291  -21.859289 (VIOLATED)
_23034_/S0                              1.500000   23.359291  -21.859289 (VIOLATED)
_23036_/S1                              1.500000   23.359291  -21.859289 (VIOLATED)
_23037_/S1                              1.500000   23.359291  -21.859289 (VIOLATED)
_23040_/S1                              1.500000   23.359291  -21.859289 (VIOLATED)
_23041_/S1                              1.500000   23.359291  -21.859289 (VIOLATED)
_23044_/S1                              1.500000   23.359291  -21.859289 (VIOLATED)
_23045_/S1                              1.500000   23.359291  -21.859289 (VIOLATED)
_23050_/A1                              1.500000   23.359291  -21.859289 (VIOLATED)
_23052_/A                               1.500000   23.359291  -21.859289 (VIOLATED)
_23057_/S1                              1.500000   23.359291  -21.859289 (VIOLATED)
_23058_/S1                              1.500000   23.359291  -21.859289 (VIOLATED)
_23061_/S1                              1.500000   23.359291  -21.859289 (VIOLATED)
_23062_/S1                              1.500000   23.359291  -21.859289 (VIOLATED)
_23065_/S1                              1.500000   23.359291  -21.859289 (VIOLATED)
_23066_/S1                              1.500000   23.359291  -21.859289 (VIOLATED)
_23071_/A1                              1.500000   23.359291  -21.859289 (VIOLATED)
_23073_/A                               1.500000   23.359291  -21.859289 (VIOLATED)
_23078_/S1                              1.500000   23.359291  -21.859289 (VIOLATED)
_23079_/S1                              1.500000   23.359291  -21.859289 (VIOLATED)
_23082_/S1                              1.500000   23.359291  -21.859289 (VIOLATED)
_23083_/S1                              1.500000   23.359291  -21.859289 (VIOLATED)
_23086_/S1                              1.500000   23.359291  -21.859289 (VIOLATED)
_23087_/S1                              1.500000   23.359291  -21.859289 (VIOLATED)
_23090_/S1                              1.500000   23.359291  -21.859289 (VIOLATED)
_23092_/A                               1.500000   23.359291  -21.859289 (VIOLATED)
_23096_/S1                              1.500000   23.359291  -21.859289 (VIOLATED)
_23097_/S1                              1.500000   23.359291  -21.859289 (VIOLATED)
_23100_/S1                              1.500000   23.359291  -21.859289 (VIOLATED)
_23101_/S1                              1.500000   23.359291  -21.859289 (VIOLATED)
_23110_/S1                              1.500000   23.359291  -21.859289 (VIOLATED)
_23111_/S1                              1.500000   23.359291  -21.859289 (VIOLATED)
_23116_/A                               1.500000   23.359291  -21.859289 (VIOLATED)
_23119_/A                               1.500000   23.359291  -21.859289 (VIOLATED)
_23123_/S1                              1.500000   23.359291  -21.859289 (VIOLATED)
_23124_/S1                              1.500000   23.359291  -21.859289 (VIOLATED)
_23127_/S1                              1.500000   23.359291  -21.859289 (VIOLATED)
_23128_/S1                              1.500000   23.359291  -21.859289 (VIOLATED)
_23134_/A1                              1.500000   23.359291  -21.859289 (VIOLATED)
_23135_/S1                              1.500000   23.359291  -21.859289 (VIOLATED)
_23138_/A                               1.500000   23.359291  -21.859289 (VIOLATED)
_23141_/S1                              1.500000   23.359291  -21.859289 (VIOLATED)
_23144_/S1                              1.500000   23.359291  -21.859289 (VIOLATED)
_23145_/S1                              1.500000   23.359291  -21.859289 (VIOLATED)
_23148_/S1                              1.500000   23.359291  -21.859289 (VIOLATED)
_23149_/S1                              1.500000   23.359291  -21.859289 (VIOLATED)
_23155_/A1                              1.500000   23.359291  -21.859289 (VIOLATED)
_23156_/S1                              1.500000   23.359291  -21.859289 (VIOLATED)
_23161_/A1                              1.500000   23.359291  -21.859289 (VIOLATED)
_23162_/S1                              1.500000   23.359291  -21.859289 (VIOLATED)
_23164_/S1                              1.500000   23.359291  -21.859289 (VIOLATED)
_23165_/S1                              1.500000   23.359291  -21.859289 (VIOLATED)
_23168_/S1                              1.500000   23.359291  -21.859289 (VIOLATED)
_23169_/S1                              1.500000   23.359291  -21.859289 (VIOLATED)
_23172_/S1                              1.500000   23.359291  -21.859289 (VIOLATED)
_23174_/S1                              1.500000   23.359291  -21.859289 (VIOLATED)
_23178_/A                               1.500000   23.359291  -21.859289 (VIOLATED)
_23181_/A                               1.500000   23.359291  -21.859289 (VIOLATED)
_23186_/S1                              1.500000   23.359291  -21.859289 (VIOLATED)
_23187_/S1                              1.500000   23.359291  -21.859289 (VIOLATED)
_23190_/S1                              1.500000   23.359291  -21.859289 (VIOLATED)
_23191_/S1                              1.500000   23.359291  -21.859289 (VIOLATED)
_23199_/S1                              1.500000   23.359291  -21.859289 (VIOLATED)
_23200_/S1                              1.500000   23.359291  -21.859289 (VIOLATED)
_23203_/S1                              1.500000   23.359291  -21.859289 (VIOLATED)
_23205_/A                               1.500000   23.359291  -21.859289 (VIOLATED)
_23209_/S1                              1.500000   23.359291  -21.859289 (VIOLATED)
_23210_/S1                              1.500000   23.359291  -21.859289 (VIOLATED)
_23213_/S1                              1.500000   23.359291  -21.859289 (VIOLATED)
_23214_/S1                              1.500000   23.359291  -21.859289 (VIOLATED)
_23217_/S1                              1.500000   23.359291  -21.859289 (VIOLATED)
_23218_/S1                              1.500000   23.359291  -21.859289 (VIOLATED)
_23223_/A1                              1.500000   23.359291  -21.859289 (VIOLATED)
_23225_/A                               1.500000   23.359291  -21.859289 (VIOLATED)
_23230_/S1                              1.500000   23.359291  -21.859289 (VIOLATED)
_23231_/S1                              1.500000   23.359291  -21.859289 (VIOLATED)
_23234_/S1                              1.500000   23.359291  -21.859289 (VIOLATED)
_23235_/S1                              1.500000   23.359291  -21.859289 (VIOLATED)
_23238_/S1                              1.500000   23.359291  -21.859289 (VIOLATED)
_23239_/S1                              1.500000   23.359291  -21.859289 (VIOLATED)
_23244_/A1                              1.500000   23.359291  -21.859289 (VIOLATED)
_23246_/A                               1.500000   23.359291  -21.859289 (VIOLATED)
_23251_/S1                              1.500000   23.359291  -21.859289 (VIOLATED)
_23252_/S1                              1.500000   23.359291  -21.859289 (VIOLATED)
_23255_/S1                              1.500000   23.359291  -21.859289 (VIOLATED)
_23256_/S1                              1.500000   23.359291  -21.859289 (VIOLATED)
_23259_/S1                              1.500000   23.359291  -21.859289 (VIOLATED)
_23260_/S1                              1.500000   23.359291  -21.859289 (VIOLATED)
_23263_/S1                              1.500000   23.359291  -21.859289 (VIOLATED)
_23265_/A                               1.500000   23.359291  -21.859289 (VIOLATED)
_23269_/S1                              1.500000   23.359291  -21.859289 (VIOLATED)
_23270_/S1                              1.500000   23.359291  -21.859289 (VIOLATED)
_23273_/S1                              1.500000   23.359291  -21.859289 (VIOLATED)
_23274_/S1                              1.500000   23.359291  -21.859289 (VIOLATED)
_23283_/S1                              1.500000   23.359291  -21.859289 (VIOLATED)
_23284_/S1                              1.500000   23.359291  -21.859289 (VIOLATED)
_23289_/A                               1.500000   23.359291  -21.859289 (VIOLATED)
_23292_/A                               1.500000   23.359291  -21.859289 (VIOLATED)
_23297_/S1                              1.500000   23.359291  -21.859289 (VIOLATED)
_23299_/S1                              1.500000   23.359291  -21.859289 (VIOLATED)
_23301_/S1                              1.500000   23.359291  -21.859289 (VIOLATED)
_23302_/S1                              1.500000   23.359291  -21.859289 (VIOLATED)
_23309_/A1                              1.500000   23.359291  -21.859289 (VIOLATED)
_23310_/S1                              1.500000   23.359291  -21.859289 (VIOLATED)
_23313_/A                               1.500000   23.359291  -21.859289 (VIOLATED)
_23316_/S1                              1.500000   23.359291  -21.859289 (VIOLATED)
_23319_/S1                              1.500000   23.359291  -21.859289 (VIOLATED)
_23320_/S1                              1.500000   23.359291  -21.859289 (VIOLATED)
_23323_/S1                              1.500000   23.359291  -21.859289 (VIOLATED)
_23324_/S1                              1.500000   23.359291  -21.859289 (VIOLATED)
_23331_/A1                              1.500000   23.359291  -21.859289 (VIOLATED)
_23332_/S1                              1.500000   23.359291  -21.859289 (VIOLATED)
_23337_/A1                              1.500000   23.359291  -21.859289 (VIOLATED)
_23338_/S1                              1.500000   23.359291  -21.859289 (VIOLATED)
_23340_/S1                              1.500000   23.359291  -21.859289 (VIOLATED)
_23341_/S1                              1.500000   23.359291  -21.859289 (VIOLATED)
_23344_/S1                              1.500000   23.359291  -21.859289 (VIOLATED)
_23345_/S1                              1.500000   23.359291  -21.859289 (VIOLATED)
_23348_/S1                              1.500000   23.359291  -21.859289 (VIOLATED)
_23350_/S1                              1.500000   23.359291  -21.859289 (VIOLATED)
_23354_/A                               1.500000   23.359291  -21.859289 (VIOLATED)
_23357_/A                               1.500000   23.359291  -21.859289 (VIOLATED)
_23362_/S1                              1.500000   23.359291  -21.859289 (VIOLATED)
_23363_/S1                              1.500000   23.359291  -21.859289 (VIOLATED)
_23366_/S1                              1.500000   23.359291  -21.859289 (VIOLATED)
_23367_/S1                              1.500000   23.359291  -21.859289 (VIOLATED)
_23374_/S1                              1.500000   23.359291  -21.859289 (VIOLATED)
_23375_/S1                              1.500000   23.359291  -21.859289 (VIOLATED)
_23378_/S1                              1.500000   23.359291  -21.859289 (VIOLATED)
_23380_/A                               1.500000   23.359291  -21.859289 (VIOLATED)
_23384_/S1                              1.500000   23.359291  -21.859289 (VIOLATED)
_23385_/S1                              1.500000   23.359291  -21.859289 (VIOLATED)
_23388_/S1                              1.500000   23.359291  -21.859289 (VIOLATED)
_23389_/S1                              1.500000   23.359291  -21.859289 (VIOLATED)
_23392_/S1                              1.500000   23.359291  -21.859289 (VIOLATED)
_23393_/S1                              1.500000   23.359291  -21.859289 (VIOLATED)
_23398_/A1                              1.500000   23.359291  -21.859289 (VIOLATED)
_23400_/A                               1.500000   23.359291  -21.859289 (VIOLATED)
_23405_/S1                              1.500000   23.359291  -21.859289 (VIOLATED)
_23406_/S1                              1.500000   23.359291  -21.859289 (VIOLATED)
_23409_/S1                              1.500000   23.359291  -21.859289 (VIOLATED)
_23410_/S1                              1.500000   23.359291  -21.859289 (VIOLATED)
_23413_/S1                              1.500000   23.359291  -21.859289 (VIOLATED)
_23414_/S1                              1.500000   23.359291  -21.859289 (VIOLATED)
_23419_/A1                              1.500000   23.359291  -21.859289 (VIOLATED)
_23421_/A                               1.500000   23.359291  -21.859289 (VIOLATED)
_23426_/S1                              1.500000   23.359291  -21.859289 (VIOLATED)
_23427_/S1                              1.500000   23.359291  -21.859289 (VIOLATED)
_23430_/S1                              1.500000   23.359291  -21.859289 (VIOLATED)
_23431_/S1                              1.500000   23.359291  -21.859289 (VIOLATED)
_23434_/S1                              1.500000   23.359291  -21.859289 (VIOLATED)
_23435_/S1                              1.500000   23.359291  -21.859289 (VIOLATED)
_23438_/S1                              1.500000   23.359291  -21.859289 (VIOLATED)
_23440_/A                               1.500000   23.359291  -21.859289 (VIOLATED)
_23444_/S1                              1.500000   23.359291  -21.859289 (VIOLATED)
_23445_/S1                              1.500000   23.359291  -21.859289 (VIOLATED)
_23448_/S1                              1.500000   23.359291  -21.859289 (VIOLATED)
_23449_/S1                              1.500000   23.359291  -21.859289 (VIOLATED)
_23458_/S1                              1.500000   23.359291  -21.859289 (VIOLATED)
_23459_/S1                              1.500000   23.359291  -21.859289 (VIOLATED)
_23464_/A                               1.500000   23.359291  -21.859289 (VIOLATED)
_23467_/A                               1.500000   23.359291  -21.859289 (VIOLATED)
_23472_/S1                              1.500000   23.359291  -21.859289 (VIOLATED)
_23474_/S1                              1.500000   23.359291  -21.859289 (VIOLATED)
_23476_/S1                              1.500000   23.359291  -21.859289 (VIOLATED)
_23477_/S1                              1.500000   23.359291  -21.859289 (VIOLATED)
_23484_/A1                              1.500000   23.359291  -21.859289 (VIOLATED)
_23485_/S1                              1.500000   23.359291  -21.859289 (VIOLATED)
_23488_/A                               1.500000   23.359291  -21.859289 (VIOLATED)
_23491_/S1                              1.500000   23.359291  -21.859289 (VIOLATED)
_23494_/S1                              1.500000   23.359291  -21.859289 (VIOLATED)
_23495_/S1                              1.500000   23.359291  -21.859289 (VIOLATED)
_23498_/S1                              1.500000   23.359291  -21.859289 (VIOLATED)
_23499_/S1                              1.500000   23.359291  -21.859289 (VIOLATED)
_23506_/A1                              1.500000   23.359291  -21.859289 (VIOLATED)
_23507_/S1                              1.500000   23.359291  -21.859289 (VIOLATED)
_23512_/A1                              1.500000   23.359291  -21.859289 (VIOLATED)
_23513_/S1                              1.500000   23.359291  -21.859289 (VIOLATED)
_23515_/S1                              1.500000   23.359291  -21.859289 (VIOLATED)
_23516_/S1                              1.500000   23.359291  -21.859289 (VIOLATED)
_23519_/S1                              1.500000   23.359291  -21.859289 (VIOLATED)
_23520_/S1                              1.500000   23.359291  -21.859289 (VIOLATED)
_23523_/S1                              1.500000   23.359291  -21.859289 (VIOLATED)
_23525_/S1                              1.500000   23.359291  -21.859289 (VIOLATED)
_23529_/A                               1.500000   23.359291  -21.859289 (VIOLATED)
_23532_/A                               1.500000   23.359291  -21.859289 (VIOLATED)
_23537_/S1                              1.500000   23.359291  -21.859289 (VIOLATED)
_23538_/S1                              1.500000   23.359291  -21.859289 (VIOLATED)
_23541_/S1                              1.500000   23.359291  -21.859289 (VIOLATED)
_23542_/S1                              1.500000   23.359291  -21.859289 (VIOLATED)
_23549_/S1                              1.500000   23.359291  -21.859289 (VIOLATED)
_23551_/S1                              1.500000   23.359291  -21.859289 (VIOLATED)
_23557_/S0                              1.500000   23.359291  -21.859289 (VIOLATED)
_23559_/S1                              1.500000   23.359291  -21.859289 (VIOLATED)
_23560_/S1                              1.500000   23.359291  -21.859289 (VIOLATED)
_23563_/S1                              1.500000   23.359291  -21.859289 (VIOLATED)
_23564_/S1                              1.500000   23.359291  -21.859289 (VIOLATED)
_23567_/S1                              1.500000   23.359291  -21.859289 (VIOLATED)
_23568_/S1                              1.500000   23.359291  -21.859289 (VIOLATED)
_23573_/A1                              1.500000   23.359291  -21.859289 (VIOLATED)
_23575_/A                               1.500000   23.359291  -21.859289 (VIOLATED)
_23580_/S1                              1.500000   23.359291  -21.859289 (VIOLATED)
_23581_/S1                              1.500000   23.359291  -21.859289 (VIOLATED)
_23584_/S1                              1.500000   23.359291  -21.859289 (VIOLATED)
_23585_/S1                              1.500000   23.359291  -21.859289 (VIOLATED)
_23588_/S1                              1.500000   23.359291  -21.859289 (VIOLATED)
_23589_/S1                              1.500000   23.359291  -21.859289 (VIOLATED)
_23594_/A1                              1.500000   23.359291  -21.859289 (VIOLATED)
_23596_/A                               1.500000   23.359291  -21.859289 (VIOLATED)
_23601_/S1                              1.500000   23.359291  -21.859289 (VIOLATED)
_23602_/S1                              1.500000   23.359291  -21.859289 (VIOLATED)
_23605_/S1                              1.500000   23.359291  -21.859289 (VIOLATED)
_23606_/S1                              1.500000   23.359291  -21.859289 (VIOLATED)
_23609_/S1                              1.500000   23.359291  -21.859289 (VIOLATED)
_23610_/S1                              1.500000   23.359291  -21.859289 (VIOLATED)
_23613_/S1                              1.500000   23.359291  -21.859289 (VIOLATED)
_23615_/A                               1.500000   23.359291  -21.859289 (VIOLATED)
_23619_/S1                              1.500000   23.359291  -21.859289 (VIOLATED)
_23620_/S1                              1.500000   23.359291  -21.859289 (VIOLATED)
_23623_/S1                              1.500000   23.359291  -21.859289 (VIOLATED)
_23624_/S1                              1.500000   23.359291  -21.859289 (VIOLATED)
_23633_/S1                              1.500000   23.359291  -21.859289 (VIOLATED)
_23634_/S1                              1.500000   23.359291  -21.859289 (VIOLATED)
_23639_/A                               1.500000   23.359291  -21.859289 (VIOLATED)
_23642_/A                               1.500000   23.359291  -21.859289 (VIOLATED)
_23647_/S1                              1.500000   23.359291  -21.859289 (VIOLATED)
_23649_/S1                              1.500000   23.359291  -21.859289 (VIOLATED)
_23651_/S1                              1.500000   23.359291  -21.859289 (VIOLATED)
_23652_/S1                              1.500000   23.359291  -21.859289 (VIOLATED)
_23659_/A1                              1.500000   23.359291  -21.859289 (VIOLATED)
_23660_/S1                              1.500000   23.359291  -21.859289 (VIOLATED)
_23663_/A                               1.500000   23.359291  -21.859289 (VIOLATED)
_23666_/S1                              1.500000   23.359291  -21.859289 (VIOLATED)
_23669_/S1                              1.500000   23.359291  -21.859289 (VIOLATED)
_23670_/S1                              1.500000   23.359291  -21.859289 (VIOLATED)
_23673_/S1                              1.500000   23.359291  -21.859289 (VIOLATED)
_23674_/S1                              1.500000   23.359291  -21.859289 (VIOLATED)
_23681_/A1                              1.500000   23.359291  -21.859289 (VIOLATED)
_23682_/S1                              1.500000   23.359291  -21.859289 (VIOLATED)
_23687_/A1                              1.500000   23.359291  -21.859289 (VIOLATED)
_23688_/S1                              1.500000   23.359291  -21.859289 (VIOLATED)
_23690_/S1                              1.500000   23.359291  -21.859289 (VIOLATED)
_23691_/S1                              1.500000   23.359291  -21.859289 (VIOLATED)
_23694_/S1                              1.500000   23.359291  -21.859289 (VIOLATED)
_23695_/S1                              1.500000   23.359291  -21.859289 (VIOLATED)
_23698_/S1                              1.500000   23.359291  -21.859289 (VIOLATED)
_23700_/S1                              1.500000   23.359291  -21.859289 (VIOLATED)
_23704_/A                               1.500000   23.359291  -21.859289 (VIOLATED)
_23707_/A                               1.500000   23.359291  -21.859289 (VIOLATED)
_23712_/S1                              1.500000   23.359291  -21.859289 (VIOLATED)
_23713_/S1                              1.500000   23.359291  -21.859289 (VIOLATED)
_23716_/S1                              1.500000   23.359291  -21.859289 (VIOLATED)
_23717_/S1                              1.500000   23.359291  -21.859289 (VIOLATED)
_23724_/S1                              1.500000   23.359291  -21.859289 (VIOLATED)
_23726_/S1                              1.500000   23.359291  -21.859289 (VIOLATED)
_23732_/S0                              1.500000   23.359291  -21.859289 (VIOLATED)
_23734_/S1                              1.500000   23.359291  -21.859289 (VIOLATED)
_23735_/S1                              1.500000   23.359291  -21.859289 (VIOLATED)
_23738_/S1                              1.500000   23.359291  -21.859289 (VIOLATED)
_23739_/S1                              1.500000   23.359291  -21.859289 (VIOLATED)
_23742_/S1                              1.500000   23.359291  -21.859289 (VIOLATED)
_23743_/S1                              1.500000   23.359291  -21.859289 (VIOLATED)
_23748_/A1                              1.500000   23.359291  -21.859289 (VIOLATED)
_23750_/A                               1.500000   23.359291  -21.859289 (VIOLATED)
_23755_/S1                              1.500000   23.359291  -21.859289 (VIOLATED)
_23756_/S1                              1.500000   23.359291  -21.859289 (VIOLATED)
_23759_/S1                              1.500000   23.359291  -21.859289 (VIOLATED)
_23760_/S1                              1.500000   23.359291  -21.859289 (VIOLATED)
_23763_/S1                              1.500000   23.359291  -21.859289 (VIOLATED)
_23764_/S1                              1.500000   23.359291  -21.859289 (VIOLATED)
_23769_/A1                              1.500000   23.359291  -21.859289 (VIOLATED)
_23771_/A                               1.500000   23.359291  -21.859289 (VIOLATED)
_23776_/S1                              1.500000   23.359291  -21.859289 (VIOLATED)
_23777_/S1                              1.500000   23.359291  -21.859289 (VIOLATED)
_23780_/S1                              1.500000   23.359291  -21.859289 (VIOLATED)
_23781_/S1                              1.500000   23.359291  -21.859289 (VIOLATED)
_23784_/S1                              1.500000   23.359291  -21.859289 (VIOLATED)
_23785_/S1                              1.500000   23.359291  -21.859289 (VIOLATED)
_23788_/S1                              1.500000   23.359291  -21.859289 (VIOLATED)
_23790_/A                               1.500000   23.359291  -21.859289 (VIOLATED)
_23794_/S1                              1.500000   23.359291  -21.859289 (VIOLATED)
_23795_/S1                              1.500000   23.359291  -21.859289 (VIOLATED)
_23798_/S1                              1.500000   23.359291  -21.859289 (VIOLATED)
_23799_/S1                              1.500000   23.359291  -21.859289 (VIOLATED)
_23808_/S1                              1.500000   23.359291  -21.859289 (VIOLATED)
_23809_/S1                              1.500000   23.359291  -21.859289 (VIOLATED)
_23814_/A                               1.500000   23.359291  -21.859289 (VIOLATED)
_23817_/A                               1.500000   23.359291  -21.859289 (VIOLATED)
_23821_/S1                              1.500000   23.359291  -21.859289 (VIOLATED)
_23822_/S1                              1.500000   23.359291  -21.859289 (VIOLATED)
_23825_/S1                              1.500000   23.359291  -21.859289 (VIOLATED)
_23826_/S1                              1.500000   23.359291  -21.859289 (VIOLATED)
_23832_/A1                              1.500000   23.359291  -21.859289 (VIOLATED)
_23833_/S1                              1.500000   23.359291  -21.859289 (VIOLATED)
_23836_/A                               1.500000   23.359291  -21.859289 (VIOLATED)
_23839_/S1                              1.500000   23.359291  -21.859289 (VIOLATED)
_23842_/S1                              1.500000   23.359291  -21.859289 (VIOLATED)
_23843_/S1                              1.500000   23.359291  -21.859289 (VIOLATED)
_23846_/S1                              1.500000   23.359291  -21.859289 (VIOLATED)
_23847_/S1                              1.500000   23.359291  -21.859289 (VIOLATED)
_23853_/A1                              1.500000   23.359291  -21.859289 (VIOLATED)
_23854_/S1                              1.500000   23.359291  -21.859289 (VIOLATED)
_23859_/A1                              1.500000   23.359291  -21.859289 (VIOLATED)
_23860_/S1                              1.500000   23.359291  -21.859289 (VIOLATED)
_23862_/S1                              1.500000   23.359291  -21.859289 (VIOLATED)
_23863_/S1                              1.500000   23.359291  -21.859289 (VIOLATED)
_23866_/S1                              1.500000   23.359291  -21.859289 (VIOLATED)
_23867_/S1                              1.500000   23.359291  -21.859289 (VIOLATED)
_23870_/S1                              1.500000   23.359291  -21.859289 (VIOLATED)
_23872_/S1                              1.500000   23.359291  -21.859289 (VIOLATED)
_23876_/A                               1.500000   23.359291  -21.859289 (VIOLATED)
_23879_/A                               1.500000   23.359291  -21.859289 (VIOLATED)
_23884_/S1                              1.500000   23.359291  -21.859289 (VIOLATED)
_23885_/S1                              1.500000   23.359291  -21.859289 (VIOLATED)
_23888_/S1                              1.500000   23.359291  -21.859289 (VIOLATED)
_23889_/S1                              1.500000   23.359291  -21.859289 (VIOLATED)
_23897_/S1                              1.500000   23.359291  -21.859289 (VIOLATED)
_23898_/S1                              1.500000   23.359291  -21.859289 (VIOLATED)
_23901_/S1                              1.500000   23.359291  -21.859289 (VIOLATED)
_23903_/A                               1.500000   23.359291  -21.859289 (VIOLATED)
_23907_/S1                              1.500000   23.359291  -21.859289 (VIOLATED)
_23908_/S1                              1.500000   23.359291  -21.859289 (VIOLATED)
_23911_/S1                              1.500000   23.359291  -21.859289 (VIOLATED)
_23912_/S1                              1.500000   23.359291  -21.859289 (VIOLATED)
_23915_/S1                              1.500000   23.359291  -21.859289 (VIOLATED)
_23916_/S1                              1.500000   23.359291  -21.859289 (VIOLATED)
_23921_/A1                              1.500000   23.359291  -21.859289 (VIOLATED)
_23923_/A                               1.500000   23.359291  -21.859289 (VIOLATED)
_23928_/S1                              1.500000   23.359291  -21.859289 (VIOLATED)
_23929_/S1                              1.500000   23.359291  -21.859289 (VIOLATED)
_23932_/S1                              1.500000   23.359291  -21.859289 (VIOLATED)
_23933_/S1                              1.500000   23.359291  -21.859289 (VIOLATED)
_23936_/S1                              1.500000   23.359291  -21.859289 (VIOLATED)
_23937_/S1                              1.500000   23.359291  -21.859289 (VIOLATED)
_23942_/A1                              1.500000   23.359291  -21.859289 (VIOLATED)
_23944_/A                               1.500000   23.359291  -21.859289 (VIOLATED)
_23949_/S1                              1.500000   23.359291  -21.859289 (VIOLATED)
_23950_/S1                              1.500000   23.359291  -21.859289 (VIOLATED)
_23953_/S1                              1.500000   23.359291  -21.859289 (VIOLATED)
_23954_/S1                              1.500000   23.359291  -21.859289 (VIOLATED)
_23957_/S1                              1.500000   23.359291  -21.859289 (VIOLATED)
_23958_/S1                              1.500000   23.359291  -21.859289 (VIOLATED)
_23961_/S1                              1.500000   23.359291  -21.859289 (VIOLATED)
_23963_/A                               1.500000   23.359291  -21.859289 (VIOLATED)
_23967_/S1                              1.500000   23.359291  -21.859289 (VIOLATED)
_23968_/S1                              1.500000   23.359291  -21.859289 (VIOLATED)
_23971_/S1                              1.500000   23.359291  -21.859289 (VIOLATED)
_23972_/S1                              1.500000   23.359291  -21.859289 (VIOLATED)
_23981_/S1                              1.500000   23.359291  -21.859289 (VIOLATED)
_23982_/S1                              1.500000   23.359291  -21.859289 (VIOLATED)
_23987_/A                               1.500000   23.359291  -21.859289 (VIOLATED)
_23990_/A                               1.500000   23.359291  -21.859289 (VIOLATED)
_23994_/S1                              1.500000   23.359291  -21.859289 (VIOLATED)
_23995_/S1                              1.500000   23.359291  -21.859289 (VIOLATED)
_23998_/S1                              1.500000   23.359291  -21.859289 (VIOLATED)
_23999_/S1                              1.500000   23.359291  -21.859289 (VIOLATED)
_24005_/A1                              1.500000   23.359291  -21.859289 (VIOLATED)
_24006_/S1                              1.500000   23.359291  -21.859289 (VIOLATED)
_24009_/A                               1.500000   23.359291  -21.859289 (VIOLATED)
_24012_/S1                              1.500000   23.359291  -21.859289 (VIOLATED)
_24015_/S1                              1.500000   23.359291  -21.859289 (VIOLATED)
_24016_/S1                              1.500000   23.359291  -21.859289 (VIOLATED)
_24019_/S1                              1.500000   23.359291  -21.859289 (VIOLATED)
_24020_/S1                              1.500000   23.359291  -21.859289 (VIOLATED)
_24026_/A1                              1.500000   23.359291  -21.859289 (VIOLATED)
_24027_/S1                              1.500000   23.359291  -21.859289 (VIOLATED)
_24032_/A1                              1.500000   23.359291  -21.859289 (VIOLATED)
_24033_/S1                              1.500000   23.359291  -21.859289 (VIOLATED)
_24035_/S1                              1.500000   23.359291  -21.859289 (VIOLATED)
_24036_/S1                              1.500000   23.359291  -21.859289 (VIOLATED)
_24039_/S1                              1.500000   23.359291  -21.859289 (VIOLATED)
_24040_/S1                              1.500000   23.359291  -21.859289 (VIOLATED)
_24043_/S1                              1.500000   23.359291  -21.859289 (VIOLATED)
_24045_/S1                              1.500000   23.359291  -21.859289 (VIOLATED)
_24049_/A                               1.500000   23.359291  -21.859289 (VIOLATED)
_24052_/A                               1.500000   23.359291  -21.859289 (VIOLATED)
_24057_/S1                              1.500000   23.359291  -21.859289 (VIOLATED)
_24058_/S1                              1.500000   23.359291  -21.859289 (VIOLATED)
_24061_/S1                              1.500000   23.359291  -21.859289 (VIOLATED)
_24062_/S1                              1.500000   23.359291  -21.859289 (VIOLATED)
_24070_/S1                              1.500000   23.359291  -21.859289 (VIOLATED)
_24071_/S1                              1.500000   23.359291  -21.859289 (VIOLATED)
_24074_/S1                              1.500000   23.359291  -21.859289 (VIOLATED)
_24076_/A                               1.500000   23.359291  -21.859289 (VIOLATED)
_24080_/S1                              1.500000   23.359291  -21.859289 (VIOLATED)
_24081_/S1                              1.500000   23.359291  -21.859289 (VIOLATED)
_24084_/S1                              1.500000   23.359291  -21.859289 (VIOLATED)
_24085_/S1                              1.500000   23.359291  -21.859289 (VIOLATED)
_24088_/S1                              1.500000   23.359291  -21.859289 (VIOLATED)
_24089_/S1                              1.500000   23.359291  -21.859289 (VIOLATED)
_24094_/A1                              1.500000   23.359291  -21.859289 (VIOLATED)
_24096_/A                               1.500000   23.359291  -21.859289 (VIOLATED)
_24101_/S1                              1.500000   23.359291  -21.859289 (VIOLATED)
_24102_/S1                              1.500000   23.359291  -21.859289 (VIOLATED)
_24105_/S1                              1.500000   23.359291  -21.859289 (VIOLATED)
_24106_/S1                              1.500000   23.359291  -21.859289 (VIOLATED)
_24109_/S1                              1.500000   23.359291  -21.859289 (VIOLATED)
_24110_/S1                              1.500000   23.359291  -21.859289 (VIOLATED)
_24115_/A1                              1.500000   23.359291  -21.859289 (VIOLATED)
_24117_/A                               1.500000   23.359291  -21.859289 (VIOLATED)
_24122_/S1                              1.500000   23.359291  -21.859289 (VIOLATED)
_24123_/S1                              1.500000   23.359291  -21.859289 (VIOLATED)
_24126_/S1                              1.500000   23.359291  -21.859289 (VIOLATED)
_24127_/S1                              1.500000   23.359291  -21.859289 (VIOLATED)
_24130_/S1                              1.500000   23.359291  -21.859289 (VIOLATED)
_24131_/S1                              1.500000   23.359291  -21.859289 (VIOLATED)
_24134_/S1                              1.500000   23.359291  -21.859289 (VIOLATED)
_24136_/A                               1.500000   23.359291  -21.859289 (VIOLATED)
_24140_/S1                              1.500000   23.359291  -21.859289 (VIOLATED)
_24141_/S1                              1.500000   23.359291  -21.859289 (VIOLATED)
_24144_/S1                              1.500000   23.359291  -21.859289 (VIOLATED)
_24145_/S1                              1.500000   23.359291  -21.859289 (VIOLATED)
_24154_/S1                              1.500000   23.359291  -21.859289 (VIOLATED)
_24155_/S1                              1.500000   23.359291  -21.859289 (VIOLATED)
_24160_/A                               1.500000   23.359291  -21.859289 (VIOLATED)
_24163_/A                               1.500000   23.359291  -21.859289 (VIOLATED)
_24168_/S1                              1.500000   23.359291  -21.859289 (VIOLATED)
_24170_/S1                              1.500000   23.359291  -21.859289 (VIOLATED)
_24172_/S1                              1.500000   23.359291  -21.859289 (VIOLATED)
_24173_/S1                              1.500000   23.359291  -21.859289 (VIOLATED)
_24180_/A1                              1.500000   23.359291  -21.859289 (VIOLATED)
_24181_/S1                              1.500000   23.359291  -21.859289 (VIOLATED)
_24184_/A                               1.500000   23.359291  -21.859289 (VIOLATED)
_24187_/S1                              1.500000   23.359291  -21.859289 (VIOLATED)
_24190_/S1                              1.500000   23.359291  -21.859289 (VIOLATED)
_24191_/S1                              1.500000   23.359291  -21.859289 (VIOLATED)
_24194_/S1                              1.500000   23.359291  -21.859289 (VIOLATED)
_24195_/S1                              1.500000   23.359291  -21.859289 (VIOLATED)
_24202_/A1                              1.500000   23.359291  -21.859289 (VIOLATED)
_24203_/S1                              1.500000   23.359291  -21.859289 (VIOLATED)
_24208_/A1                              1.500000   23.359291  -21.859289 (VIOLATED)
_24209_/S1                              1.500000   23.359291  -21.859289 (VIOLATED)
_24211_/S1                              1.500000   23.359291  -21.859289 (VIOLATED)
_24212_/S1                              1.500000   23.359291  -21.859289 (VIOLATED)
_24215_/S1                              1.500000   23.359291  -21.859289 (VIOLATED)
_24216_/S1                              1.500000   23.359291  -21.859289 (VIOLATED)
_24219_/S1                              1.500000   23.359291  -21.859289 (VIOLATED)
_24221_/S1                              1.500000   23.359291  -21.859289 (VIOLATED)
_24225_/A                               1.500000   23.359291  -21.859289 (VIOLATED)
_24228_/A                               1.500000   23.359291  -21.859289 (VIOLATED)
_24233_/S1                              1.500000   23.359291  -21.859289 (VIOLATED)
_24234_/S1                              1.500000   23.359291  -21.859289 (VIOLATED)
_24237_/S1                              1.500000   23.359291  -21.859289 (VIOLATED)
_24238_/S1                              1.500000   23.359291  -21.859289 (VIOLATED)
_24245_/S1                              1.500000   23.359291  -21.859289 (VIOLATED)
_24246_/S1                              1.500000   23.359291  -21.859289 (VIOLATED)
_24249_/S1                              1.500000   23.359291  -21.859289 (VIOLATED)
_24251_/A                               1.500000   23.359291  -21.859289 (VIOLATED)
_24255_/S1                              1.500000   23.359291  -21.859289 (VIOLATED)
_24256_/S1                              1.500000   23.359291  -21.859289 (VIOLATED)
_24259_/S1                              1.500000   23.359291  -21.859289 (VIOLATED)
_24260_/S1                              1.500000   23.359291  -21.859289 (VIOLATED)
_24263_/S1                              1.500000   23.359291  -21.859289 (VIOLATED)
_24264_/S1                              1.500000   23.359291  -21.859289 (VIOLATED)
_24269_/A1                              1.500000   23.359291  -21.859289 (VIOLATED)
_24271_/A                               1.500000   23.359291  -21.859289 (VIOLATED)
_24276_/S1                              1.500000   23.359291  -21.859289 (VIOLATED)
_24277_/S1                              1.500000   23.359291  -21.859289 (VIOLATED)
_24280_/S1                              1.500000   23.359291  -21.859289 (VIOLATED)
_24281_/S1                              1.500000   23.359291  -21.859289 (VIOLATED)
_24284_/S1                              1.500000   23.359291  -21.859289 (VIOLATED)
_24285_/S1                              1.500000   23.359291  -21.859289 (VIOLATED)
_24290_/A1                              1.500000   23.359291  -21.859289 (VIOLATED)
_24292_/A                               1.500000   23.359291  -21.859289 (VIOLATED)
_24297_/S1                              1.500000   23.359291  -21.859289 (VIOLATED)
_24298_/S1                              1.500000   23.359291  -21.859289 (VIOLATED)
_24301_/S1                              1.500000   23.359291  -21.859289 (VIOLATED)
_24302_/S1                              1.500000   23.359291  -21.859289 (VIOLATED)
_24305_/S1                              1.500000   23.359291  -21.859289 (VIOLATED)
_24306_/S1                              1.500000   23.359291  -21.859289 (VIOLATED)
_24309_/S1                              1.500000   23.359291  -21.859289 (VIOLATED)
_24311_/A                               1.500000   23.359291  -21.859289 (VIOLATED)
_24315_/S1                              1.500000   23.359291  -21.859289 (VIOLATED)
_24316_/S1                              1.500000   23.359291  -21.859289 (VIOLATED)
_24319_/S1                              1.500000   23.359291  -21.859289 (VIOLATED)
_24320_/S1                              1.500000   23.359291  -21.859289 (VIOLATED)
_24329_/S1                              1.500000   23.359291  -21.859289 (VIOLATED)
_24330_/S1                              1.500000   23.359291  -21.859289 (VIOLATED)
_24335_/A                               1.500000   23.359291  -21.859289 (VIOLATED)
_24338_/A                               1.500000   23.359291  -21.859289 (VIOLATED)
_24342_/S1                              1.500000   23.359291  -21.859289 (VIOLATED)
_24343_/S1                              1.500000   23.359291  -21.859289 (VIOLATED)
_24346_/S1                              1.500000   23.359291  -21.859289 (VIOLATED)
_24347_/S1                              1.500000   23.359291  -21.859289 (VIOLATED)
_24353_/A1                              1.500000   23.359291  -21.859289 (VIOLATED)
_24354_/S1                              1.500000   23.359291  -21.859289 (VIOLATED)
_24357_/A                               1.500000   23.359291  -21.859289 (VIOLATED)
_24360_/S1                              1.500000   23.359291  -21.859289 (VIOLATED)
_24363_/S1                              1.500000   23.359291  -21.859289 (VIOLATED)
_24364_/S1                              1.500000   23.359291  -21.859289 (VIOLATED)
_24367_/S1                              1.500000   23.359291  -21.859289 (VIOLATED)
_24368_/S1                              1.500000   23.359291  -21.859289 (VIOLATED)
_24374_/A1                              1.500000   23.359291  -21.859289 (VIOLATED)
_24375_/S1                              1.500000   23.359291  -21.859289 (VIOLATED)
_24380_/A1                              1.500000   23.359291  -21.859289 (VIOLATED)
_24381_/S1                              1.500000   23.359291  -21.859289 (VIOLATED)
_24383_/S1                              1.500000   23.359291  -21.859289 (VIOLATED)
_24384_/S1                              1.500000   23.359291  -21.859289 (VIOLATED)
_24387_/S1                              1.500000   23.359291  -21.859289 (VIOLATED)
_24388_/S1                              1.500000   23.359291  -21.859289 (VIOLATED)
_24391_/S1                              1.500000   23.359291  -21.859289 (VIOLATED)
_24393_/S1                              1.500000   23.359291  -21.859289 (VIOLATED)
_24397_/A                               1.500000   23.359291  -21.859289 (VIOLATED)
_24400_/A                               1.500000   23.359291  -21.859289 (VIOLATED)
_24405_/S1                              1.500000   23.359291  -21.859289 (VIOLATED)
_24406_/S1                              1.500000   23.359291  -21.859289 (VIOLATED)
_24409_/S1                              1.500000   23.359291  -21.859289 (VIOLATED)
_24410_/S1                              1.500000   23.359291  -21.859289 (VIOLATED)
_24418_/S1                              1.500000   23.359291  -21.859289 (VIOLATED)
_24419_/S1                              1.500000   23.359291  -21.859289 (VIOLATED)
_24422_/S1                              1.500000   23.359291  -21.859289 (VIOLATED)
_24424_/A                               1.500000   23.359291  -21.859289 (VIOLATED)
_24428_/S1                              1.500000   23.359291  -21.859289 (VIOLATED)
_24429_/S1                              1.500000   23.359291  -21.859289 (VIOLATED)
_24432_/S1                              1.500000   23.359291  -21.859289 (VIOLATED)
_24433_/S1                              1.500000   23.359291  -21.859289 (VIOLATED)
_24436_/S1                              1.500000   23.359291  -21.859289 (VIOLATED)
_24437_/S1                              1.500000   23.359291  -21.859289 (VIOLATED)
_24442_/A1                              1.500000   23.359291  -21.859289 (VIOLATED)
_24444_/A                               1.500000   23.359291  -21.859289 (VIOLATED)
_24449_/S1                              1.500000   23.359291  -21.859289 (VIOLATED)
_24450_/S1                              1.500000   23.359291  -21.859289 (VIOLATED)
_24453_/S1                              1.500000   23.359291  -21.859289 (VIOLATED)
_24454_/S1                              1.500000   23.359291  -21.859289 (VIOLATED)
_24457_/S1                              1.500000   23.359291  -21.859289 (VIOLATED)
_24458_/S1                              1.500000   23.359291  -21.859289 (VIOLATED)
_24463_/A1                              1.500000   23.359291  -21.859289 (VIOLATED)
_24465_/A                               1.500000   23.359291  -21.859289 (VIOLATED)
_24470_/S1                              1.500000   23.359291  -21.859289 (VIOLATED)
_24471_/S1                              1.500000   23.359291  -21.859289 (VIOLATED)
_24474_/S1                              1.500000   23.359291  -21.859289 (VIOLATED)
_24475_/S1                              1.500000   23.359291  -21.859289 (VIOLATED)
_24478_/S1                              1.500000   23.359291  -21.859289 (VIOLATED)
_24479_/S1                              1.500000   23.359291  -21.859289 (VIOLATED)
_24482_/S1                              1.500000   23.359291  -21.859289 (VIOLATED)
_24484_/A                               1.500000   23.359291  -21.859289 (VIOLATED)
_24488_/S1                              1.500000   23.359291  -21.859289 (VIOLATED)
_24489_/S1                              1.500000   23.359291  -21.859289 (VIOLATED)
_24492_/S1                              1.500000   23.359291  -21.859289 (VIOLATED)
_24493_/S1                              1.500000   23.359291  -21.859289 (VIOLATED)
_24502_/S1                              1.500000   23.359291  -21.859289 (VIOLATED)
_24503_/S1                              1.500000   23.359291  -21.859289 (VIOLATED)
_24508_/A                               1.500000   23.359291  -21.859289 (VIOLATED)
_24511_/A                               1.500000   23.359291  -21.859289 (VIOLATED)
_24516_/S1                              1.500000   23.359291  -21.859289 (VIOLATED)
_24518_/S1                              1.500000   23.359291  -21.859289 (VIOLATED)
_24520_/S1                              1.500000   23.359291  -21.859289 (VIOLATED)
_24521_/S1                              1.500000   23.359291  -21.859289 (VIOLATED)
_24527_/A1                              1.500000   23.359291  -21.859289 (VIOLATED)
_24528_/S1                              1.500000   23.359291  -21.859289 (VIOLATED)
_24531_/A                               1.500000   23.359291  -21.859289 (VIOLATED)
_24534_/S1                              1.500000   23.359291  -21.859289 (VIOLATED)
_24537_/S1                              1.500000   23.359291  -21.859289 (VIOLATED)
_24538_/S1                              1.500000   23.359291  -21.859289 (VIOLATED)
_24541_/S1                              1.500000   23.359291  -21.859289 (VIOLATED)
_24542_/S1                              1.500000   23.359291  -21.859289 (VIOLATED)
_24548_/A1                              1.500000   23.359291  -21.859289 (VIOLATED)
_24549_/S1                              1.500000   23.359291  -21.859289 (VIOLATED)
_24554_/A1                              1.500000   23.359291  -21.859289 (VIOLATED)
_24555_/S1                              1.500000   23.359291  -21.859289 (VIOLATED)
_24557_/S1                              1.500000   23.359291  -21.859289 (VIOLATED)
_24558_/S1                              1.500000   23.359291  -21.859289 (VIOLATED)
_24561_/S1                              1.500000   23.359291  -21.859289 (VIOLATED)
_24562_/S1                              1.500000   23.359291  -21.859289 (VIOLATED)
_24565_/S1                              1.500000   23.359291  -21.859289 (VIOLATED)
_24566_/S1                              1.500000   23.359291  -21.859289 (VIOLATED)
_24571_/A                               1.500000   23.359291  -21.859289 (VIOLATED)
_24574_/A                               1.500000   23.359291  -21.859289 (VIOLATED)
_24578_/S1                              1.500000   23.359291  -21.859289 (VIOLATED)
_24579_/S1                              1.500000   23.359291  -21.859289 (VIOLATED)
_24582_/S1                              1.500000   23.359291  -21.859289 (VIOLATED)
_24584_/S1                              1.500000   23.359291  -21.859289 (VIOLATED)
_24592_/S1                              1.500000   23.359291  -21.859289 (VIOLATED)
_24594_/S1                              1.500000   23.359291  -21.859289 (VIOLATED)
_24596_/S1                              1.500000   23.359291  -21.859289 (VIOLATED)
_24598_/A                               1.500000   23.359291  -21.859289 (VIOLATED)
_24602_/S1                              1.500000   23.359291  -21.859289 (VIOLATED)
_24604_/S1                              1.500000   23.359291  -21.859289 (VIOLATED)
_24606_/S1                              1.500000   23.359291  -21.859289 (VIOLATED)
_24607_/S1                              1.500000   23.359291  -21.859289 (VIOLATED)
_24610_/S1                              1.500000   23.359291  -21.859289 (VIOLATED)
_24611_/S1                              1.500000   23.359291  -21.859289 (VIOLATED)
_24616_/A1                              1.500000   23.359291  -21.859289 (VIOLATED)
_24618_/A                               1.500000   23.359291  -21.859289 (VIOLATED)
_24623_/S1                              1.500000   23.359291  -21.859289 (VIOLATED)
_24625_/S1                              1.500000   23.359291  -21.859289 (VIOLATED)
_24627_/S1                              1.500000   23.359291  -21.859289 (VIOLATED)
_24628_/S1                              1.500000   23.359291  -21.859289 (VIOLATED)
_24631_/S1                              1.500000   23.359291  -21.859289 (VIOLATED)
_24632_/S1                              1.500000   23.359291  -21.859289 (VIOLATED)
_24635_/A                               1.500000   23.359291  -21.859289 (VIOLATED)
_24639_/A                               1.500000   23.359291  -21.859289 (VIOLATED)
_24644_/S1                              1.500000   23.359291  -21.859289 (VIOLATED)
_24646_/S1                              1.500000   23.359291  -21.859289 (VIOLATED)
_24648_/S1                              1.500000   23.359291  -21.859289 (VIOLATED)
_24649_/S1                              1.500000   23.359291  -21.859289 (VIOLATED)
_24652_/S1                              1.500000   23.359291  -21.859289 (VIOLATED)
_24654_/S1                              1.500000   23.359291  -21.859289 (VIOLATED)
_24656_/S1                              1.500000   23.359291  -21.859289 (VIOLATED)
_24658_/A                               1.500000   23.359291  -21.859289 (VIOLATED)
_24662_/S1                              1.500000   23.359291  -21.859289 (VIOLATED)
_24664_/S1                              1.500000   23.359291  -21.859289 (VIOLATED)
_24666_/S1                              1.500000   23.359291  -21.859289 (VIOLATED)
_24667_/S1                              1.500000   23.359291  -21.859289 (VIOLATED)
_33238_/Q                               1.506345   23.359291  -21.852945 (VIOLATED)
_14156_/A_N                             1.500000   18.109352  -16.609352 (VIOLATED)
_14157_/A_N                             1.500000   18.109352  -16.609352 (VIOLATED)
_33247_/Q                               1.503494   18.109352  -16.605858 (VIOLATED)
_14206_/A_N                             1.500000   17.631783  -16.131783 (VIOLATED)
_14209_/A1                              1.500000   17.631783  -16.131783 (VIOLATED)
_19454_/B2                              1.500000   17.627298  -16.127298 (VIOLATED)
_19627_/B2                              1.500000   17.627298  -16.127298 (VIOLATED)
_19800_/B2                              1.500000   17.627298  -16.127298 (VIOLATED)
_19973_/B2                              1.500000   17.627298  -16.127298 (VIOLATED)
_20146_/B2                              1.500000   17.627298  -16.127298 (VIOLATED)
_20321_/B2                              1.500000   17.627298  -16.127298 (VIOLATED)
_20496_/B2                              1.500000   17.627298  -16.127298 (VIOLATED)
_20671_/B2                              1.500000   17.627298  -16.127298 (VIOLATED)
_20844_/B2                              1.500000   17.627298  -16.127298 (VIOLATED)
_21019_/B2                              1.500000   17.627298  -16.127298 (VIOLATED)
_21194_/B2                              1.500000   17.627298  -16.127298 (VIOLATED)
_21367_/B2                              1.500000   17.627298  -16.127298 (VIOLATED)
_21542_/B2                              1.500000   17.627298  -16.127298 (VIOLATED)
_21715_/B2                              1.500000   17.627298  -16.127298 (VIOLATED)
_21890_/B2                              1.500000   17.627298  -16.127298 (VIOLATED)
_22063_/B2                              1.500000   17.627298  -16.127298 (VIOLATED)
_22238_/B2                              1.500000   17.627298  -16.127298 (VIOLATED)
_22413_/B2                              1.500000   17.627298  -16.127298 (VIOLATED)
_22586_/B2                              1.500000   17.627298  -16.127298 (VIOLATED)
_22761_/B2                              1.500000   17.627298  -16.127298 (VIOLATED)
_22936_/B2                              1.500000   17.627298  -16.127298 (VIOLATED)
_23109_/B2                              1.500000   17.627298  -16.127298 (VIOLATED)
_23282_/B2                              1.500000   17.627298  -16.127298 (VIOLATED)
_23457_/B2                              1.500000   17.627298  -16.127298 (VIOLATED)
_23632_/B2                              1.500000   17.627298  -16.127298 (VIOLATED)
_23807_/B2                              1.500000   17.627298  -16.127298 (VIOLATED)
_23980_/B2                              1.500000   17.627298  -16.127298 (VIOLATED)
_24153_/B2                              1.500000   17.627298  -16.127298 (VIOLATED)
_24328_/B2                              1.500000   17.627298  -16.127298 (VIOLATED)
_24501_/B2                              1.500000   17.627298  -16.127298 (VIOLATED)
_24675_/B2                              1.500000   17.627298  -16.127298 (VIOLATED)
_19284_/A1                              1.500000   17.626469  -16.126469 (VIOLATED)
_33246_/Q                               1.506345   17.631783  -16.125437 (VIOLATED)
_33014_/Q                               1.506345   17.627298  -16.120955 (VIOLATED)
_33015_/Q                               1.506345   17.627298  -16.120955 (VIOLATED)
_33016_/Q                               1.506345   17.627298  -16.120955 (VIOLATED)
_33017_/Q                               1.506345   17.627298  -16.120955 (VIOLATED)
_33018_/Q                               1.506345   17.627298  -16.120955 (VIOLATED)
_33019_/Q                               1.506345   17.627298  -16.120955 (VIOLATED)
_33020_/Q                               1.506345   17.627298  -16.120955 (VIOLATED)
_33021_/Q                               1.506345   17.627298  -16.120955 (VIOLATED)
_33022_/Q                               1.506345   17.627298  -16.120955 (VIOLATED)
_33023_/Q                               1.506345   17.627298  -16.120955 (VIOLATED)
_33024_/Q                               1.506345   17.627298  -16.120955 (VIOLATED)
_33025_/Q                               1.506345   17.627298  -16.120955 (VIOLATED)
_33026_/Q                               1.506345   17.627298  -16.120955 (VIOLATED)
_33027_/Q                               1.506345   17.627298  -16.120955 (VIOLATED)
_33028_/Q                               1.506345   17.627298  -16.120955 (VIOLATED)
_33029_/Q                               1.506345   17.627298  -16.120955 (VIOLATED)
_33030_/Q                               1.506345   17.627298  -16.120955 (VIOLATED)
_33031_/Q                               1.506345   17.627298  -16.120955 (VIOLATED)
_33032_/Q                               1.506345   17.627298  -16.120955 (VIOLATED)
_33033_/Q                               1.506345   17.627298  -16.120955 (VIOLATED)
_33034_/Q                               1.506345   17.627298  -16.120955 (VIOLATED)
_33035_/Q                               1.506345   17.627298  -16.120955 (VIOLATED)
_33036_/Q                               1.506345   17.627298  -16.120955 (VIOLATED)
_33037_/Q                               1.506345   17.627298  -16.120955 (VIOLATED)
_33038_/Q                               1.506345   17.627298  -16.120955 (VIOLATED)
_33039_/Q                               1.506345   17.627298  -16.120955 (VIOLATED)
_33040_/Q                               1.506345   17.627298  -16.120955 (VIOLATED)
_33041_/Q                               1.506345   17.627298  -16.120955 (VIOLATED)
_33042_/Q                               1.506345   17.627298  -16.120955 (VIOLATED)
_33043_/Q                               1.506345   17.627298  -16.120955 (VIOLATED)
_33044_/Q                               1.506345   17.627298  -16.120955 (VIOLATED)
_33013_/Q                               1.506345   17.626469  -16.120123 (VIOLATED)
_14148_/A                               1.500000    9.871305   -8.371304 (VIOLATED)
_14169_/A                               1.500000    9.871305   -8.371304 (VIOLATED)
_14170_/A                               1.500000    9.871305   -8.371304 (VIOLATED)
_14171_/A                               1.500000    9.871305   -8.371304 (VIOLATED)
_14180_/A                               1.500000    9.871305   -8.371304 (VIOLATED)
_19129_/A1                              1.500000    9.871305   -8.371304 (VIOLATED)
_19134_/B1                              1.500000    9.871305   -8.371304 (VIOLATED)
_19138_/A                               1.500000    9.871305   -8.371304 (VIOLATED)
_19142_/S                               1.500000    9.871305   -8.371304 (VIOLATED)
_19146_/S                               1.500000    9.871305   -8.371304 (VIOLATED)
_19151_/B1                              1.500000    9.871305   -8.371304 (VIOLATED)
_19155_/A                               1.500000    9.871305   -8.371304 (VIOLATED)
_19160_/S                               1.500000    9.871305   -8.371304 (VIOLATED)
_19164_/S                               1.500000    9.871305   -8.371304 (VIOLATED)
_19168_/C1                              1.500000    9.871305   -8.371304 (VIOLATED)
_19174_/A                               1.500000    9.871305   -8.371304 (VIOLATED)
_19178_/S                               1.500000    9.871305   -8.371304 (VIOLATED)
_19181_/A                               1.500000    9.871305   -8.371304 (VIOLATED)
_19188_/S1                              1.500000    9.871305   -8.371304 (VIOLATED)
_19191_/A                               1.500000    9.871305   -8.371304 (VIOLATED)
_19196_/S                               1.500000    9.871305   -8.371304 (VIOLATED)
_19204_/A                               1.500000    9.871305   -8.371304 (VIOLATED)
_19211_/S1                              1.500000    9.871305   -8.371304 (VIOLATED)
_19215_/A                               1.500000    9.871305   -8.371304 (VIOLATED)
_19219_/S                               1.500000    9.871305   -8.371304 (VIOLATED)
_19229_/B1                              1.500000    9.871305   -8.371304 (VIOLATED)
_19233_/A                               1.500000    9.871305   -8.371304 (VIOLATED)
_19241_/S                               1.500000    9.871305   -8.371304 (VIOLATED)
_19245_/B1                              1.500000    9.871305   -8.371304 (VIOLATED)
_19254_/A                               1.500000    9.871305   -8.371304 (VIOLATED)
_19258_/S                               1.500000    9.871305   -8.371304 (VIOLATED)
_19263_/A1                              1.500000    9.871305   -8.371304 (VIOLATED)
_19268_/S1                              1.500000    9.871305   -8.371304 (VIOLATED)
_19272_/A                               1.500000    9.871305   -8.371304 (VIOLATED)
_19288_/A1                              1.500000    9.871305   -8.371304 (VIOLATED)
_19292_/B1                              1.500000    9.871305   -8.371304 (VIOLATED)
_19300_/A                               1.500000    9.871305   -8.371304 (VIOLATED)
_19304_/S                               1.500000    9.871305   -8.371304 (VIOLATED)
_19308_/S                               1.500000    9.871305   -8.371304 (VIOLATED)
_19313_/B1                              1.500000    9.871305   -8.371304 (VIOLATED)
_19318_/A                               1.500000    9.871305   -8.371304 (VIOLATED)
_19322_/S                               1.500000    9.871305   -8.371304 (VIOLATED)
_19327_/B1                              1.500000    9.871305   -8.371304 (VIOLATED)
_19333_/B1                              1.500000    9.871305   -8.371304 (VIOLATED)
_19338_/A                               1.500000    9.871305   -8.371304 (VIOLATED)
_19342_/S                               1.500000    9.871305   -8.371304 (VIOLATED)
_19345_/A                               1.500000    9.871305   -8.371304 (VIOLATED)
_19351_/B1                              1.500000    9.871305   -8.371304 (VIOLATED)
_19360_/A                               1.500000    9.871305   -8.371304 (VIOLATED)
_19364_/S                               1.500000    9.871305   -8.371304 (VIOLATED)
_19372_/A                               1.500000    9.871305   -8.371304 (VIOLATED)
_19379_/S1                              1.500000    9.871305   -8.371304 (VIOLATED)
_19383_/A                               1.500000    9.871305   -8.371304 (VIOLATED)
_19387_/S                               1.500000    9.871305   -8.371304 (VIOLATED)
_19391_/S                               1.500000    9.871305   -8.371304 (VIOLATED)
_19395_/B1                              1.500000    9.871305   -8.371304 (VIOLATED)
_19404_/A                               1.500000    9.871305   -8.371304 (VIOLATED)
_19408_/S                               1.500000    9.871305   -8.371304 (VIOLATED)
_19412_/S                               1.500000    9.871305   -8.371304 (VIOLATED)
_19416_/B1                              1.500000    9.871305   -8.371304 (VIOLATED)
_19425_/A                               1.500000    9.871305   -8.371304 (VIOLATED)
_19429_/S                               1.500000    9.871305   -8.371304 (VIOLATED)
_19434_/A1                              1.500000    9.871305   -8.371304 (VIOLATED)
_19439_/B1                              1.500000    9.871305   -8.371304 (VIOLATED)
_19443_/A                               1.500000    9.871305   -8.371304 (VIOLATED)
_19447_/S                               1.500000    9.871305   -8.371304 (VIOLATED)
_19458_/A1                              1.500000    9.871305   -8.371304 (VIOLATED)
_19462_/B1                              1.500000    9.871305   -8.371304 (VIOLATED)
_19470_/A                               1.500000    9.871305   -8.371304 (VIOLATED)
_19479_/C1                              1.500000    9.871305   -8.371304 (VIOLATED)
_19485_/C1                              1.500000    9.871305   -8.371304 (VIOLATED)
_19491_/A                               1.500000    9.871305   -8.371304 (VIOLATED)
_19495_/S                               1.500000    9.871305   -8.371304 (VIOLATED)
_19500_/B1                              1.500000    9.871305   -8.371304 (VIOLATED)
_19506_/B1                              1.500000    9.871305   -8.371304 (VIOLATED)
_19511_/A                               1.500000    9.871305   -8.371304 (VIOLATED)
_19515_/S                               1.500000    9.871305   -8.371304 (VIOLATED)
_19518_/A                               1.500000    9.871305   -8.371304 (VIOLATED)
_19524_/B1                              1.500000    9.871305   -8.371304 (VIOLATED)
_19533_/A                               1.500000    9.871305   -8.371304 (VIOLATED)
_19537_/S                               1.500000    9.871305   -8.371304 (VIOLATED)
_19545_/A                               1.500000    9.871305   -8.371304 (VIOLATED)
_19552_/S1                              1.500000    9.871305   -8.371304 (VIOLATED)
_19556_/A                               1.500000    9.871305   -8.371304 (VIOLATED)
_19560_/S                               1.500000    9.871305   -8.371304 (VIOLATED)
_19564_/S                               1.500000    9.871305   -8.371304 (VIOLATED)
_19568_/B1                              1.500000    9.871305   -8.371304 (VIOLATED)
_19577_/A                               1.500000    9.871305   -8.371304 (VIOLATED)
_19581_/S                               1.500000    9.871305   -8.371304 (VIOLATED)
_19585_/S                               1.500000    9.871305   -8.371304 (VIOLATED)
_19589_/B1                              1.500000    9.871305   -8.371304 (VIOLATED)
_19598_/A                               1.500000    9.871305   -8.371304 (VIOLATED)
_19602_/S                               1.500000    9.871305   -8.371304 (VIOLATED)
_19607_/A1                              1.500000    9.871305   -8.371304 (VIOLATED)
_19612_/B1                              1.500000    9.871305   -8.371304 (VIOLATED)
_19616_/A                               1.500000    9.871305   -8.371304 (VIOLATED)
_19620_/S                               1.500000    9.871305   -8.371304 (VIOLATED)
_19631_/A1                              1.500000    9.871305   -8.371304 (VIOLATED)
_19635_/B1                              1.500000    9.871305   -8.371304 (VIOLATED)
_19643_/A                               1.500000    9.871305   -8.371304 (VIOLATED)
_19652_/C1                              1.500000    9.871305   -8.371304 (VIOLATED)
_19658_/C1                              1.500000    9.871305   -8.371304 (VIOLATED)
_19664_/A                               1.500000    9.871305   -8.371304 (VIOLATED)
_19668_/S                               1.500000    9.871305   -8.371304 (VIOLATED)
_19673_/B1                              1.500000    9.871305   -8.371304 (VIOLATED)
_19679_/B1                              1.500000    9.871305   -8.371304 (VIOLATED)
_19684_/A                               1.500000    9.871305   -8.371304 (VIOLATED)
_19688_/S                               1.500000    9.871305   -8.371304 (VIOLATED)
_19691_/A                               1.500000    9.871305   -8.371304 (VIOLATED)
_19697_/B1                              1.500000    9.871305   -8.371304 (VIOLATED)
_19706_/A                               1.500000    9.871305   -8.371304 (VIOLATED)
_19710_/S                               1.500000    9.871305   -8.371304 (VIOLATED)
_19720_/A1                              1.500000    9.871305   -8.371304 (VIOLATED)
_19725_/B1                              1.500000    9.871305   -8.371304 (VIOLATED)
_19729_/A                               1.500000    9.871305   -8.371304 (VIOLATED)
_19733_/S                               1.500000    9.871305   -8.371304 (VIOLATED)
_19737_/S                               1.500000    9.871305   -8.371304 (VIOLATED)
_19741_/B1                              1.500000    9.871305   -8.371304 (VIOLATED)
_19750_/A                               1.500000    9.871305   -8.371304 (VIOLATED)
_19754_/S                               1.500000    9.871305   -8.371304 (VIOLATED)
_19758_/S                               1.500000    9.871305   -8.371304 (VIOLATED)
_19762_/B1                              1.500000    9.871305   -8.371304 (VIOLATED)
_19771_/A                               1.500000    9.871305   -8.371304 (VIOLATED)
_19775_/S                               1.500000    9.871305   -8.371304 (VIOLATED)
_19780_/A1                              1.500000    9.871305   -8.371304 (VIOLATED)
_19785_/B1                              1.500000    9.871305   -8.371304 (VIOLATED)
_19789_/A                               1.500000    9.871305   -8.371304 (VIOLATED)
_19793_/S                               1.500000    9.871305   -8.371304 (VIOLATED)
_19804_/A1                              1.500000    9.871305   -8.371304 (VIOLATED)
_19808_/B1                              1.500000    9.871305   -8.371304 (VIOLATED)
_19816_/A                               1.500000    9.871305   -8.371304 (VIOLATED)
_19825_/C1                              1.500000    9.871305   -8.371304 (VIOLATED)
_19831_/C1                              1.500000    9.871305   -8.371304 (VIOLATED)
_19837_/A                               1.500000    9.871305   -8.371304 (VIOLATED)
_19841_/S                               1.500000    9.871305   -8.371304 (VIOLATED)
_19846_/B1                              1.500000    9.871305   -8.371304 (VIOLATED)
_19852_/B1                              1.500000    9.871305   -8.371304 (VIOLATED)
_19857_/A                               1.500000    9.871305   -8.371304 (VIOLATED)
_19861_/S                               1.500000    9.871305   -8.371304 (VIOLATED)
_19864_/A                               1.500000    9.871305   -8.371304 (VIOLATED)
_19870_/B1                              1.500000    9.871305   -8.371304 (VIOLATED)
_19879_/A                               1.500000    9.871305   -8.371304 (VIOLATED)
_19883_/S                               1.500000    9.871305   -8.371304 (VIOLATED)
_19893_/A1                              1.500000    9.871305   -8.371304 (VIOLATED)
_19898_/B1                              1.500000    9.871305   -8.371304 (VIOLATED)
_19902_/A                               1.500000    9.871305   -8.371304 (VIOLATED)
_19906_/S                               1.500000    9.871305   -8.371304 (VIOLATED)
_19910_/S                               1.500000    9.871305   -8.371304 (VIOLATED)
_19914_/B1                              1.500000    9.871305   -8.371304 (VIOLATED)
_19923_/A                               1.500000    9.871305   -8.371304 (VIOLATED)
_19927_/S                               1.500000    9.871305   -8.371304 (VIOLATED)
_19931_/S                               1.500000    9.871305   -8.371304 (VIOLATED)
_19935_/B1                              1.500000    9.871305   -8.371304 (VIOLATED)
_19944_/A                               1.500000    9.871305   -8.371304 (VIOLATED)
_19948_/S                               1.500000    9.871305   -8.371304 (VIOLATED)
_19953_/A1                              1.500000    9.871305   -8.371304 (VIOLATED)
_19958_/B1                              1.500000    9.871305   -8.371304 (VIOLATED)
_19962_/A                               1.500000    9.871305   -8.371304 (VIOLATED)
_19966_/S                               1.500000    9.871305   -8.371304 (VIOLATED)
_19977_/A1                              1.500000    9.871305   -8.371304 (VIOLATED)
_19981_/B1                              1.500000    9.871305   -8.371304 (VIOLATED)
_19989_/A                               1.500000    9.871305   -8.371304 (VIOLATED)
_19998_/C1                              1.500000    9.871305   -8.371304 (VIOLATED)
_20004_/C1                              1.500000    9.871305   -8.371304 (VIOLATED)
_20010_/A                               1.500000    9.871305   -8.371304 (VIOLATED)
_20014_/S                               1.500000    9.871305   -8.371304 (VIOLATED)
_20019_/B1                              1.500000    9.871305   -8.371304 (VIOLATED)
_20025_/B1                              1.500000    9.871305   -8.371304 (VIOLATED)
_20030_/A                               1.500000    9.871305   -8.371304 (VIOLATED)
_20034_/S                               1.500000    9.871305   -8.371304 (VIOLATED)
_20037_/A                               1.500000    9.871305   -8.371304 (VIOLATED)
_20043_/B1                              1.500000    9.871305   -8.371304 (VIOLATED)
_20052_/A                               1.500000    9.871305   -8.371304 (VIOLATED)
_20056_/S                               1.500000    9.871305   -8.371304 (VIOLATED)
_20066_/A1                              1.500000    9.871305   -8.371304 (VIOLATED)
_20071_/B1                              1.500000    9.871305   -8.371304 (VIOLATED)
_20075_/A                               1.500000    9.871305   -8.371304 (VIOLATED)
_20079_/S                               1.500000    9.871305   -8.371304 (VIOLATED)
_20083_/S                               1.500000    9.871305   -8.371304 (VIOLATED)
_20087_/B1                              1.500000    9.871305   -8.371304 (VIOLATED)
_20096_/A                               1.500000    9.871305   -8.371304 (VIOLATED)
_20100_/S                               1.500000    9.871305   -8.371304 (VIOLATED)
_20104_/S                               1.500000    9.871305   -8.371304 (VIOLATED)
_20108_/B1                              1.500000    9.871305   -8.371304 (VIOLATED)
_20117_/A                               1.500000    9.871305   -8.371304 (VIOLATED)
_20121_/S                               1.500000    9.871305   -8.371304 (VIOLATED)
_20126_/A1                              1.500000    9.871305   -8.371304 (VIOLATED)
_20131_/B1                              1.500000    9.871305   -8.371304 (VIOLATED)
_20135_/A                               1.500000    9.871305   -8.371304 (VIOLATED)
_20139_/S                               1.500000    9.871305   -8.371304 (VIOLATED)
_20150_/A1                              1.500000    9.871305   -8.371304 (VIOLATED)
_20154_/B1                              1.500000    9.871305   -8.371304 (VIOLATED)
_20164_/A1                              1.500000    9.871305   -8.371304 (VIOLATED)
_20173_/C1                              1.500000    9.871305   -8.371304 (VIOLATED)
_20179_/C1                              1.500000    9.871305   -8.371304 (VIOLATED)
_20185_/A                               1.500000    9.871305   -8.371304 (VIOLATED)
_20189_/S                               1.500000    9.871305   -8.371304 (VIOLATED)
_20195_/B1                              1.500000    9.871305   -8.371304 (VIOLATED)
_20201_/B1                              1.500000    9.871305   -8.371304 (VIOLATED)
_20206_/A                               1.500000    9.871305   -8.371304 (VIOLATED)
_20210_/S                               1.500000    9.871305   -8.371304 (VIOLATED)
_20213_/A                               1.500000    9.871305   -8.371304 (VIOLATED)
_20219_/B1                              1.500000    9.871305   -8.371304 (VIOLATED)
_20228_/A                               1.500000    9.871305   -8.371304 (VIOLATED)
_20232_/S                               1.500000    9.871305   -8.371304 (VIOLATED)
_20241_/A1                              1.500000    9.871305   -8.371304 (VIOLATED)
_20246_/B1                              1.500000    9.871305   -8.371304 (VIOLATED)
_20250_/A                               1.500000    9.871305   -8.371304 (VIOLATED)
_20254_/S                               1.500000    9.871305   -8.371304 (VIOLATED)
_20258_/S                               1.500000    9.871305   -8.371304 (VIOLATED)
_20262_/B1                              1.500000    9.871305   -8.371304 (VIOLATED)
_20271_/A                               1.500000    9.871305   -8.371304 (VIOLATED)
_20275_/S                               1.500000    9.871305   -8.371304 (VIOLATED)
_20279_/S                               1.500000    9.871305   -8.371304 (VIOLATED)
_20283_/B1                              1.500000    9.871305   -8.371304 (VIOLATED)
_20292_/A                               1.500000    9.871305   -8.371304 (VIOLATED)
_20296_/S                               1.500000    9.871305   -8.371304 (VIOLATED)
_20301_/A1                              1.500000    9.871305   -8.371304 (VIOLATED)
_20306_/B1                              1.500000    9.871305   -8.371304 (VIOLATED)
_20310_/A                               1.500000    9.871305   -8.371304 (VIOLATED)
_20314_/S                               1.500000    9.871305   -8.371304 (VIOLATED)
_20325_/A1                              1.500000    9.871305   -8.371304 (VIOLATED)
_20329_/B1                              1.500000    9.871305   -8.371304 (VIOLATED)
_20339_/A1                              1.500000    9.871305   -8.371304 (VIOLATED)
_20348_/C1                              1.500000    9.871305   -8.371304 (VIOLATED)
_20354_/C1                              1.500000    9.871305   -8.371304 (VIOLATED)
_20360_/A                               1.500000    9.871305   -8.371304 (VIOLATED)
_20364_/S                               1.500000    9.871305   -8.371304 (VIOLATED)
_20370_/B1                              1.500000    9.871305   -8.371304 (VIOLATED)
_20376_/B1                              1.500000    9.871305   -8.371304 (VIOLATED)
_20381_/A                               1.500000    9.871305   -8.371304 (VIOLATED)
_20385_/S                               1.500000    9.871305   -8.371304 (VIOLATED)
_20388_/A                               1.500000    9.871305   -8.371304 (VIOLATED)
_20394_/B1                              1.500000    9.871305   -8.371304 (VIOLATED)
_20403_/A                               1.500000    9.871305   -8.371304 (VIOLATED)
_20407_/S                               1.500000    9.871305   -8.371304 (VIOLATED)
_20416_/A1                              1.500000    9.871305   -8.371304 (VIOLATED)
_20421_/B1                              1.500000    9.871305   -8.371304 (VIOLATED)
_20425_/A                               1.500000    9.871305   -8.371304 (VIOLATED)
_20429_/S                               1.500000    9.871305   -8.371304 (VIOLATED)
_20433_/S                               1.500000    9.871305   -8.371304 (VIOLATED)
_20437_/B1                              1.500000    9.871305   -8.371304 (VIOLATED)
_20446_/A                               1.500000    9.871305   -8.371304 (VIOLATED)
_20450_/S                               1.500000    9.871305   -8.371304 (VIOLATED)
_20454_/S                               1.500000    9.871305   -8.371304 (VIOLATED)
_20458_/B1                              1.500000    9.871305   -8.371304 (VIOLATED)
_20467_/A                               1.500000    9.871305   -8.371304 (VIOLATED)
_20471_/S                               1.500000    9.871305   -8.371304 (VIOLATED)
_20476_/A1                              1.500000    9.871305   -8.371304 (VIOLATED)
_20481_/B1                              1.500000    9.871305   -8.371304 (VIOLATED)
_20485_/A                               1.500000    9.871305   -8.371304 (VIOLATED)
_20489_/S                               1.500000    9.871305   -8.371304 (VIOLATED)
_20500_/A1                              1.500000    9.871305   -8.371304 (VIOLATED)
_20504_/B1                              1.500000    9.871305   -8.371304 (VIOLATED)
_20514_/A1                              1.500000    9.871305   -8.371304 (VIOLATED)
_20523_/C1                              1.500000    9.871305   -8.371304 (VIOLATED)
_20529_/C1                              1.500000    9.871305   -8.371304 (VIOLATED)
_20535_/A                               1.500000    9.871305   -8.371304 (VIOLATED)
_20539_/S                               1.500000    9.871305   -8.371304 (VIOLATED)
_20545_/B1                              1.500000    9.871305   -8.371304 (VIOLATED)
_20551_/B1                              1.500000    9.871305   -8.371304 (VIOLATED)
_20556_/A                               1.500000    9.871305   -8.371304 (VIOLATED)
_20560_/S                               1.500000    9.871305   -8.371304 (VIOLATED)
_20563_/A                               1.500000    9.871305   -8.371304 (VIOLATED)
_20569_/B1                              1.500000    9.871305   -8.371304 (VIOLATED)
_20578_/A                               1.500000    9.871305   -8.371304 (VIOLATED)
_20582_/S                               1.500000    9.871305   -8.371304 (VIOLATED)
_20589_/A                               1.500000    9.871305   -8.371304 (VIOLATED)
_20596_/S1                              1.500000    9.871305   -8.371304 (VIOLATED)
_20600_/A                               1.500000    9.871305   -8.371304 (VIOLATED)
_20604_/S                               1.500000    9.871305   -8.371304 (VIOLATED)
_20608_/S                               1.500000    9.871305   -8.371304 (VIOLATED)
_20612_/B1                              1.500000    9.871305   -8.371304 (VIOLATED)
_20621_/A                               1.500000    9.871305   -8.371304 (VIOLATED)
_20625_/S                               1.500000    9.871305   -8.371304 (VIOLATED)
_20629_/S                               1.500000    9.871305   -8.371304 (VIOLATED)
_20633_/B1                              1.500000    9.871305   -8.371304 (VIOLATED)
_20642_/A                               1.500000    9.871305   -8.371304 (VIOLATED)
_20646_/S                               1.500000    9.871305   -8.371304 (VIOLATED)
_20651_/A1                              1.500000    9.871305   -8.371304 (VIOLATED)
_20656_/B1                              1.500000    9.871305   -8.371304 (VIOLATED)
_20660_/A                               1.500000    9.871305   -8.371304 (VIOLATED)
_20664_/S                               1.500000    9.871305   -8.371304 (VIOLATED)
_20675_/A1                              1.500000    9.871305   -8.371304 (VIOLATED)
_20679_/B1                              1.500000    9.871305   -8.371304 (VIOLATED)
_20687_/A                               1.500000    9.871305   -8.371304 (VIOLATED)
_20696_/C1                              1.500000    9.871305   -8.371304 (VIOLATED)
_20702_/C1                              1.500000    9.871305   -8.371304 (VIOLATED)
_20708_/A                               1.500000    9.871305   -8.371304 (VIOLATED)
_20712_/S                               1.500000    9.871305   -8.371304 (VIOLATED)
_20717_/B1                              1.500000    9.871305   -8.371304 (VIOLATED)
_20723_/B1                              1.500000    9.871305   -8.371304 (VIOLATED)
_20728_/A                               1.500000    9.871305   -8.371304 (VIOLATED)
_20732_/S                               1.500000    9.871305   -8.371304 (VIOLATED)
_20735_/A                               1.500000    9.871305   -8.371304 (VIOLATED)
_20741_/B1                              1.500000    9.871305   -8.371304 (VIOLATED)
_20750_/A                               1.500000    9.871305   -8.371304 (VIOLATED)
_20754_/S                               1.500000    9.871305   -8.371304 (VIOLATED)
_20762_/A                               1.500000    9.871305   -8.371304 (VIOLATED)
_20769_/S1                              1.500000    9.871305   -8.371304 (VIOLATED)
_20773_/A                               1.500000    9.871305   -8.371304 (VIOLATED)
_20777_/S                               1.500000    9.871305   -8.371304 (VIOLATED)
_20781_/S                               1.500000    9.871305   -8.371304 (VIOLATED)
_20785_/B1                              1.500000    9.871305   -8.371304 (VIOLATED)
_20794_/A                               1.500000    9.871305   -8.371304 (VIOLATED)
_20798_/S                               1.500000    9.871305   -8.371304 (VIOLATED)
_20802_/S                               1.500000    9.871305   -8.371304 (VIOLATED)
_20806_/B1                              1.500000    9.871305   -8.371304 (VIOLATED)
_20815_/A                               1.500000    9.871305   -8.371304 (VIOLATED)
_20819_/S                               1.500000    9.871305   -8.371304 (VIOLATED)
_20824_/A1                              1.500000    9.871305   -8.371304 (VIOLATED)
_20829_/B1                              1.500000    9.871305   -8.371304 (VIOLATED)
_20833_/A                               1.500000    9.871305   -8.371304 (VIOLATED)
_20837_/S                               1.500000    9.871305   -8.371304 (VIOLATED)
_20848_/A1                              1.500000    9.871305   -8.371304 (VIOLATED)
_20852_/B1                              1.500000    9.871305   -8.371304 (VIOLATED)
_20862_/A1                              1.500000    9.871305   -8.371304 (VIOLATED)
_20871_/C1                              1.500000    9.871305   -8.371304 (VIOLATED)
_20877_/C1                              1.500000    9.871305   -8.371304 (VIOLATED)
_20883_/A                               1.500000    9.871305   -8.371304 (VIOLATED)
_20887_/S                               1.500000    9.871305   -8.371304 (VIOLATED)
_20893_/B1                              1.500000    9.871305   -8.371304 (VIOLATED)
_20899_/B1                              1.500000    9.871305   -8.371304 (VIOLATED)
_20904_/A                               1.500000    9.871305   -8.371304 (VIOLATED)
_20908_/S                               1.500000    9.871305   -8.371304 (VIOLATED)
_20911_/A                               1.500000    9.871305   -8.371304 (VIOLATED)
_20917_/B1                              1.500000    9.871305   -8.371304 (VIOLATED)
_20926_/A                               1.500000    9.871305   -8.371304 (VIOLATED)
_20930_/S                               1.500000    9.871305   -8.371304 (VIOLATED)
_20937_/A                               1.500000    9.871305   -8.371304 (VIOLATED)
_20944_/S1                              1.500000    9.871305   -8.371304 (VIOLATED)
_20948_/A                               1.500000    9.871305   -8.371304 (VIOLATED)
_20952_/S                               1.500000    9.871305   -8.371304 (VIOLATED)
_20956_/S                               1.500000    9.871305   -8.371304 (VIOLATED)
_20960_/B1                              1.500000    9.871305   -8.371304 (VIOLATED)
_20969_/A                               1.500000    9.871305   -8.371304 (VIOLATED)
_20973_/S                               1.500000    9.871305   -8.371304 (VIOLATED)
_20977_/S                               1.500000    9.871305   -8.371304 (VIOLATED)
_20981_/B1                              1.500000    9.871305   -8.371304 (VIOLATED)
_20990_/A                               1.500000    9.871305   -8.371304 (VIOLATED)
_20994_/S                               1.500000    9.871305   -8.371304 (VIOLATED)
_20999_/A1                              1.500000    9.871305   -8.371304 (VIOLATED)
_21004_/B1                              1.500000    9.871305   -8.371304 (VIOLATED)
_21008_/A                               1.500000    9.871305   -8.371304 (VIOLATED)
_21012_/S                               1.500000    9.871305   -8.371304 (VIOLATED)
_21023_/A1                              1.500000    9.871305   -8.371304 (VIOLATED)
_21027_/B1                              1.500000    9.871305   -8.371304 (VIOLATED)
_21037_/A1                              1.500000    9.871305   -8.371304 (VIOLATED)
_21046_/C1                              1.500000    9.871305   -8.371304 (VIOLATED)
_21052_/C1                              1.500000    9.871305   -8.371304 (VIOLATED)
_21058_/A                               1.500000    9.871305   -8.371304 (VIOLATED)
_21062_/S                               1.500000    9.871305   -8.371304 (VIOLATED)
_21068_/B1                              1.500000    9.871305   -8.371304 (VIOLATED)
_21074_/B1                              1.500000    9.871305   -8.371304 (VIOLATED)
_21079_/A                               1.500000    9.871305   -8.371304 (VIOLATED)
_21083_/S                               1.500000    9.871305   -8.371304 (VIOLATED)
_21086_/A                               1.500000    9.871305   -8.371304 (VIOLATED)
_21092_/B1                              1.500000    9.871305   -8.371304 (VIOLATED)
_21101_/A                               1.500000    9.871305   -8.371304 (VIOLATED)
_21105_/S                               1.500000    9.871305   -8.371304 (VIOLATED)
_21114_/A1                              1.500000    9.871305   -8.371304 (VIOLATED)
_21119_/B1                              1.500000    9.871305   -8.371304 (VIOLATED)
_21123_/A                               1.500000    9.871305   -8.371304 (VIOLATED)
_21127_/S                               1.500000    9.871305   -8.371304 (VIOLATED)
_21131_/S                               1.500000    9.871305   -8.371304 (VIOLATED)
_21135_/B1                              1.500000    9.871305   -8.371304 (VIOLATED)
_21144_/A                               1.500000    9.871305   -8.371304 (VIOLATED)
_21148_/S                               1.500000    9.871305   -8.371304 (VIOLATED)
_21152_/S                               1.500000    9.871305   -8.371304 (VIOLATED)
_21156_/B1                              1.500000    9.871305   -8.371304 (VIOLATED)
_21165_/A                               1.500000    9.871305   -8.371304 (VIOLATED)
_21169_/S                               1.500000    9.871305   -8.371304 (VIOLATED)
_21174_/A1                              1.500000    9.871305   -8.371304 (VIOLATED)
_21179_/B1                              1.500000    9.871305   -8.371304 (VIOLATED)
_21183_/A                               1.500000    9.871305   -8.371304 (VIOLATED)
_21187_/S                               1.500000    9.871305   -8.371304 (VIOLATED)
_21198_/A1                              1.500000    9.871305   -8.371304 (VIOLATED)
_21202_/B1                              1.500000    9.871305   -8.371304 (VIOLATED)
_21210_/A                               1.500000    9.871305   -8.371304 (VIOLATED)
_21219_/C1                              1.500000    9.871305   -8.371304 (VIOLATED)
_21225_/C1                              1.500000    9.871305   -8.371304 (VIOLATED)
_21231_/A                               1.500000    9.871305   -8.371304 (VIOLATED)
_21235_/S                               1.500000    9.871305   -8.371304 (VIOLATED)
_21240_/B1                              1.500000    9.871305   -8.371304 (VIOLATED)
_21246_/B1                              1.500000    9.871305   -8.371304 (VIOLATED)
_21251_/A                               1.500000    9.871305   -8.371304 (VIOLATED)
_21255_/S                               1.500000    9.871305   -8.371304 (VIOLATED)
_21258_/A                               1.500000    9.871305   -8.371304 (VIOLATED)
_21264_/B1                              1.500000    9.871305   -8.371304 (VIOLATED)
_21273_/A                               1.500000    9.871305   -8.371304 (VIOLATED)
_21277_/S                               1.500000    9.871305   -8.371304 (VIOLATED)
_21285_/A                               1.500000    9.871305   -8.371304 (VIOLATED)
_21292_/S1                              1.500000    9.871305   -8.371304 (VIOLATED)
_21296_/A                               1.500000    9.871305   -8.371304 (VIOLATED)
_21300_/S                               1.500000    9.871305   -8.371304 (VIOLATED)
_21304_/S                               1.500000    9.871305   -8.371304 (VIOLATED)
_21308_/B1                              1.500000    9.871305   -8.371304 (VIOLATED)
_21317_/A                               1.500000    9.871305   -8.371304 (VIOLATED)
_21321_/S                               1.500000    9.871305   -8.371304 (VIOLATED)
_21325_/S                               1.500000    9.871305   -8.371304 (VIOLATED)
_21329_/B1                              1.500000    9.871305   -8.371304 (VIOLATED)
_21338_/A                               1.500000    9.871305   -8.371304 (VIOLATED)
_21342_/S                               1.500000    9.871305   -8.371304 (VIOLATED)
_21347_/A1                              1.500000    9.871305   -8.371304 (VIOLATED)
_21352_/B1                              1.500000    9.871305   -8.371304 (VIOLATED)
_21356_/A                               1.500000    9.871305   -8.371304 (VIOLATED)
_21360_/S                               1.500000    9.871305   -8.371304 (VIOLATED)
_21371_/A1                              1.500000    9.871305   -8.371304 (VIOLATED)
_21375_/B1                              1.500000    9.871305   -8.371304 (VIOLATED)
_21385_/A1                              1.500000    9.871305   -8.371304 (VIOLATED)
_21394_/C1                              1.500000    9.871305   -8.371304 (VIOLATED)
_21400_/C1                              1.500000    9.871305   -8.371304 (VIOLATED)
_21406_/A                               1.500000    9.871305   -8.371304 (VIOLATED)
_21410_/S                               1.500000    9.871305   -8.371304 (VIOLATED)
_21416_/B1                              1.500000    9.871305   -8.371304 (VIOLATED)
_21422_/B1                              1.500000    9.871305   -8.371304 (VIOLATED)
_21427_/A                               1.500000    9.871305   -8.371304 (VIOLATED)
_21431_/S                               1.500000    9.871305   -8.371304 (VIOLATED)
_21434_/A                               1.500000    9.871305   -8.371304 (VIOLATED)
_21440_/B1                              1.500000    9.871305   -8.371304 (VIOLATED)
_21449_/A                               1.500000    9.871305   -8.371304 (VIOLATED)
_21453_/S                               1.500000    9.871305   -8.371304 (VIOLATED)
_21460_/A                               1.500000    9.871305   -8.371304 (VIOLATED)
_21467_/S1                              1.500000    9.871305   -8.371304 (VIOLATED)
_21471_/A                               1.500000    9.871305   -8.371304 (VIOLATED)
_21475_/S                               1.500000    9.871305   -8.371304 (VIOLATED)
_21479_/S                               1.500000    9.871305   -8.371304 (VIOLATED)
_21483_/B1                              1.500000    9.871305   -8.371304 (VIOLATED)
_21492_/A                               1.500000    9.871305   -8.371304 (VIOLATED)
_21496_/S                               1.500000    9.871305   -8.371304 (VIOLATED)
_21500_/S                               1.500000    9.871305   -8.371304 (VIOLATED)
_21504_/B1                              1.500000    9.871305   -8.371304 (VIOLATED)
_21513_/A                               1.500000    9.871305   -8.371304 (VIOLATED)
_21517_/S                               1.500000    9.871305   -8.371304 (VIOLATED)
_21522_/A1                              1.500000    9.871305   -8.371304 (VIOLATED)
_21527_/B1                              1.500000    9.871305   -8.371304 (VIOLATED)
_21531_/A                               1.500000    9.871305   -8.371304 (VIOLATED)
_21535_/S                               1.500000    9.871305   -8.371304 (VIOLATED)
_21546_/A1                              1.500000    9.871305   -8.371304 (VIOLATED)
_21550_/B1                              1.500000    9.871305   -8.371304 (VIOLATED)
_21558_/A                               1.500000    9.871305   -8.371304 (VIOLATED)
_21567_/C1                              1.500000    9.871305   -8.371304 (VIOLATED)
_21573_/C1                              1.500000    9.871305   -8.371304 (VIOLATED)
_21579_/A                               1.500000    9.871305   -8.371304 (VIOLATED)
_21583_/S                               1.500000    9.871305   -8.371304 (VIOLATED)
_21588_/B1                              1.500000    9.871305   -8.371304 (VIOLATED)
_21594_/B1                              1.500000    9.871305   -8.371304 (VIOLATED)
_21599_/A                               1.500000    9.871305   -8.371304 (VIOLATED)
_21603_/S                               1.500000    9.871305   -8.371304 (VIOLATED)
_21606_/A                               1.500000    9.871305   -8.371304 (VIOLATED)
_21612_/B1                              1.500000    9.871305   -8.371304 (VIOLATED)
_21621_/A                               1.500000    9.871305   -8.371304 (VIOLATED)
_21625_/S                               1.500000    9.871305   -8.371304 (VIOLATED)
_21633_/A                               1.500000    9.871305   -8.371304 (VIOLATED)
_21640_/S1                              1.500000    9.871305   -8.371304 (VIOLATED)
_21644_/A                               1.500000    9.871305   -8.371304 (VIOLATED)
_21648_/S                               1.500000    9.871305   -8.371304 (VIOLATED)
_21652_/S                               1.500000    9.871305   -8.371304 (VIOLATED)
_21656_/B1                              1.500000    9.871305   -8.371304 (VIOLATED)
_21665_/A                               1.500000    9.871305   -8.371304 (VIOLATED)
_21669_/S                               1.500000    9.871305   -8.371304 (VIOLATED)
_21673_/S                               1.500000    9.871305   -8.371304 (VIOLATED)
_21677_/B1                              1.500000    9.871305   -8.371304 (VIOLATED)
_21686_/A                               1.500000    9.871305   -8.371304 (VIOLATED)
_21690_/S                               1.500000    9.871305   -8.371304 (VIOLATED)
_21695_/A1                              1.500000    9.871305   -8.371304 (VIOLATED)
_21700_/B1                              1.500000    9.871305   -8.371304 (VIOLATED)
_21704_/A                               1.500000    9.871305   -8.371304 (VIOLATED)
_21708_/S                               1.500000    9.871305   -8.371304 (VIOLATED)
_21719_/A1                              1.500000    9.871305   -8.371304 (VIOLATED)
_21723_/B1                              1.500000    9.871305   -8.371304 (VIOLATED)
_21733_/A1                              1.500000    9.871305   -8.371304 (VIOLATED)
_21742_/C1                              1.500000    9.871305   -8.371304 (VIOLATED)
_21748_/C1                              1.500000    9.871305   -8.371304 (VIOLATED)
_21754_/A                               1.500000    9.871305   -8.371304 (VIOLATED)
_21758_/S                               1.500000    9.871305   -8.371304 (VIOLATED)
_21764_/B1                              1.500000    9.871305   -8.371304 (VIOLATED)
_21770_/B1                              1.500000    9.871305   -8.371304 (VIOLATED)
_21775_/A                               1.500000    9.871305   -8.371304 (VIOLATED)
_21779_/S                               1.500000    9.871305   -8.371304 (VIOLATED)
_21782_/A                               1.500000    9.871305   -8.371304 (VIOLATED)
_21788_/B1                              1.500000    9.871305   -8.371304 (VIOLATED)
_21797_/A                               1.500000    9.871305   -8.371304 (VIOLATED)
_21801_/S                               1.500000    9.871305   -8.371304 (VIOLATED)
_21810_/A1                              1.500000    9.871305   -8.371304 (VIOLATED)
_21815_/B1                              1.500000    9.871305   -8.371304 (VIOLATED)
_21819_/A                               1.500000    9.871305   -8.371304 (VIOLATED)
_21823_/S                               1.500000    9.871305   -8.371304 (VIOLATED)
_21827_/S                               1.500000    9.871305   -8.371304 (VIOLATED)
_21831_/B1                              1.500000    9.871305   -8.371304 (VIOLATED)
_21840_/A                               1.500000    9.871305   -8.371304 (VIOLATED)
_21844_/S                               1.500000    9.871305   -8.371304 (VIOLATED)
_21848_/S                               1.500000    9.871305   -8.371304 (VIOLATED)
_21852_/B1                              1.500000    9.871305   -8.371304 (VIOLATED)
_21861_/A                               1.500000    9.871305   -8.371304 (VIOLATED)
_21865_/S                               1.500000    9.871305   -8.371304 (VIOLATED)
_21870_/A1                              1.500000    9.871305   -8.371304 (VIOLATED)
_21875_/B1                              1.500000    9.871305   -8.371304 (VIOLATED)
_21879_/A                               1.500000    9.871305   -8.371304 (VIOLATED)
_21883_/S                               1.500000    9.871305   -8.371304 (VIOLATED)
_21894_/A1                              1.500000    9.871305   -8.371304 (VIOLATED)
_21898_/B1                              1.500000    9.871305   -8.371304 (VIOLATED)
_21906_/A                               1.500000    9.871305   -8.371304 (VIOLATED)
_21915_/C1                              1.500000    9.871305   -8.371304 (VIOLATED)
_21921_/C1                              1.500000    9.871305   -8.371304 (VIOLATED)
_21927_/A                               1.500000    9.871305   -8.371304 (VIOLATED)
_21931_/S                               1.500000    9.871305   -8.371304 (VIOLATED)
_21936_/B1                              1.500000    9.871305   -8.371304 (VIOLATED)
_21942_/B1                              1.500000    9.871305   -8.371304 (VIOLATED)
_21947_/A                               1.500000    9.871305   -8.371304 (VIOLATED)
_21951_/S                               1.500000    9.871305   -8.371304 (VIOLATED)
_21954_/A                               1.500000    9.871305   -8.371304 (VIOLATED)
_21960_/B1                              1.500000    9.871305   -8.371304 (VIOLATED)
_21969_/A                               1.500000    9.871305   -8.371304 (VIOLATED)
_21973_/S                               1.500000    9.871305   -8.371304 (VIOLATED)
_21983_/A1                              1.500000    9.871305   -8.371304 (VIOLATED)
_21988_/B1                              1.500000    9.871305   -8.371304 (VIOLATED)
_21992_/A                               1.500000    9.871305   -8.371304 (VIOLATED)
_21996_/S                               1.500000    9.871305   -8.371304 (VIOLATED)
_22000_/S                               1.500000    9.871305   -8.371304 (VIOLATED)
_22004_/B1                              1.500000    9.871305   -8.371304 (VIOLATED)
_22013_/A                               1.500000    9.871305   -8.371304 (VIOLATED)
_22017_/S                               1.500000    9.871305   -8.371304 (VIOLATED)
_22021_/S                               1.500000    9.871305   -8.371304 (VIOLATED)
_22025_/B1                              1.500000    9.871305   -8.371304 (VIOLATED)
_22034_/A                               1.500000    9.871305   -8.371304 (VIOLATED)
_22038_/S                               1.500000    9.871305   -8.371304 (VIOLATED)
_22043_/A1                              1.500000    9.871305   -8.371304 (VIOLATED)
_22048_/B1                              1.500000    9.871305   -8.371304 (VIOLATED)
_22052_/A                               1.500000    9.871305   -8.371304 (VIOLATED)
_22056_/S                               1.500000    9.871305   -8.371304 (VIOLATED)
_22067_/A1                              1.500000    9.871305   -8.371304 (VIOLATED)
_22071_/B1                              1.500000    9.871305   -8.371304 (VIOLATED)
_22081_/A1                              1.500000    9.871305   -8.371304 (VIOLATED)
_22090_/C1                              1.500000    9.871305   -8.371304 (VIOLATED)
_22096_/C1                              1.500000    9.871305   -8.371304 (VIOLATED)
_22102_/A                               1.500000    9.871305   -8.371304 (VIOLATED)
_22106_/S                               1.500000    9.871305   -8.371304 (VIOLATED)
_22112_/B1                              1.500000    9.871305   -8.371304 (VIOLATED)
_22118_/B1                              1.500000    9.871305   -8.371304 (VIOLATED)
_22123_/A                               1.500000    9.871305   -8.371304 (VIOLATED)
_22127_/S                               1.500000    9.871305   -8.371304 (VIOLATED)
_22130_/A                               1.500000    9.871305   -8.371304 (VIOLATED)
_22136_/B1                              1.500000    9.871305   -8.371304 (VIOLATED)
_22145_/A                               1.500000    9.871305   -8.371304 (VIOLATED)
_22149_/S                               1.500000    9.871305   -8.371304 (VIOLATED)
_22156_/A                               1.500000    9.871305   -8.371304 (VIOLATED)
_22163_/S1                              1.500000    9.871305   -8.371304 (VIOLATED)
_22167_/A                               1.500000    9.871305   -8.371304 (VIOLATED)
_22171_/S                               1.500000    9.871305   -8.371304 (VIOLATED)
_22175_/S                               1.500000    9.871305   -8.371304 (VIOLATED)
_22179_/B1                              1.500000    9.871305   -8.371304 (VIOLATED)
_22188_/A                               1.500000    9.871305   -8.371304 (VIOLATED)
_22192_/S                               1.500000    9.871305   -8.371304 (VIOLATED)
_22196_/S                               1.500000    9.871305   -8.371304 (VIOLATED)
_22200_/B1                              1.500000    9.871305   -8.371304 (VIOLATED)
_22209_/A                               1.500000    9.871305   -8.371304 (VIOLATED)
_22213_/S                               1.500000    9.871305   -8.371304 (VIOLATED)
_22218_/A1                              1.500000    9.871305   -8.371304 (VIOLATED)
_22223_/B1                              1.500000    9.871305   -8.371304 (VIOLATED)
_22227_/A                               1.500000    9.871305   -8.371304 (VIOLATED)
_22231_/S                               1.500000    9.871305   -8.371304 (VIOLATED)
_22242_/A1                              1.500000    9.871305   -8.371304 (VIOLATED)
_22246_/B1                              1.500000    9.871305   -8.371304 (VIOLATED)
_22256_/A1                              1.500000    9.871305   -8.371304 (VIOLATED)
_22265_/C1                              1.500000    9.871305   -8.371304 (VIOLATED)
_22271_/C1                              1.500000    9.871305   -8.371304 (VIOLATED)
_22277_/A                               1.500000    9.871305   -8.371304 (VIOLATED)
_22281_/S                               1.500000    9.871305   -8.371304 (VIOLATED)
_22287_/B1                              1.500000    9.871305   -8.371304 (VIOLATED)
_22293_/B1                              1.500000    9.871305   -8.371304 (VIOLATED)
_22298_/A                               1.500000    9.871305   -8.371304 (VIOLATED)
_22302_/S                               1.500000    9.871305   -8.371304 (VIOLATED)
_22305_/A                               1.500000    9.871305   -8.371304 (VIOLATED)
_22311_/B1                              1.500000    9.871305   -8.371304 (VIOLATED)
_22320_/A                               1.500000    9.871305   -8.371304 (VIOLATED)
_22324_/S                               1.500000    9.871305   -8.371304 (VIOLATED)
_22333_/A1                              1.500000    9.871305   -8.371304 (VIOLATED)
_22338_/B1                              1.500000    9.871305   -8.371304 (VIOLATED)
_22342_/A                               1.500000    9.871305   -8.371304 (VIOLATED)
_22346_/S                               1.500000    9.871305   -8.371304 (VIOLATED)
_22350_/S                               1.500000    9.871305   -8.371304 (VIOLATED)
_22354_/B1                              1.500000    9.871305   -8.371304 (VIOLATED)
_22363_/A                               1.500000    9.871305   -8.371304 (VIOLATED)
_22367_/S                               1.500000    9.871305   -8.371304 (VIOLATED)
_22371_/S                               1.500000    9.871305   -8.371304 (VIOLATED)
_22375_/B1                              1.500000    9.871305   -8.371304 (VIOLATED)
_22384_/A                               1.500000    9.871305   -8.371304 (VIOLATED)
_22388_/S                               1.500000    9.871305   -8.371304 (VIOLATED)
_22393_/A1                              1.500000    9.871305   -8.371304 (VIOLATED)
_22398_/B1                              1.500000    9.871305   -8.371304 (VIOLATED)
_22402_/A                               1.500000    9.871305   -8.371304 (VIOLATED)
_22406_/S                               1.500000    9.871305   -8.371304 (VIOLATED)
_22417_/A1                              1.500000    9.871305   -8.371304 (VIOLATED)
_22421_/B1                              1.500000    9.871305   -8.371304 (VIOLATED)
_22429_/A                               1.500000    9.871305   -8.371304 (VIOLATED)
_22438_/C1                              1.500000    9.871305   -8.371304 (VIOLATED)
_22444_/C1                              1.500000    9.871305   -8.371304 (VIOLATED)
_22450_/A                               1.500000    9.871305   -8.371304 (VIOLATED)
_22454_/S                               1.500000    9.871305   -8.371304 (VIOLATED)
_22459_/B1                              1.500000    9.871305   -8.371304 (VIOLATED)
_22465_/B1                              1.500000    9.871305   -8.371304 (VIOLATED)
_22470_/A                               1.500000    9.871305   -8.371304 (VIOLATED)
_22474_/S                               1.500000    9.871305   -8.371304 (VIOLATED)
_22477_/A                               1.500000    9.871305   -8.371304 (VIOLATED)
_22483_/B1                              1.500000    9.871305   -8.371304 (VIOLATED)
_22492_/A                               1.500000    9.871305   -8.371304 (VIOLATED)
_22496_/S                               1.500000    9.871305   -8.371304 (VIOLATED)
_22506_/A1                              1.500000    9.871305   -8.371304 (VIOLATED)
_22511_/B1                              1.500000    9.871305   -8.371304 (VIOLATED)
_22515_/A                               1.500000    9.871305   -8.371304 (VIOLATED)
_22519_/S                               1.500000    9.871305   -8.371304 (VIOLATED)
_22523_/S                               1.500000    9.871305   -8.371304 (VIOLATED)
_22527_/B1                              1.500000    9.871305   -8.371304 (VIOLATED)
_22536_/A                               1.500000    9.871305   -8.371304 (VIOLATED)
_22540_/S                               1.500000    9.871305   -8.371304 (VIOLATED)
_22544_/S                               1.500000    9.871305   -8.371304 (VIOLATED)
_22548_/B1                              1.500000    9.871305   -8.371304 (VIOLATED)
_22557_/A                               1.500000    9.871305   -8.371304 (VIOLATED)
_22561_/S                               1.500000    9.871305   -8.371304 (VIOLATED)
_22566_/A1                              1.500000    9.871305   -8.371304 (VIOLATED)
_22571_/B1                              1.500000    9.871305   -8.371304 (VIOLATED)
_22575_/A                               1.500000    9.871305   -8.371304 (VIOLATED)
_22579_/S                               1.500000    9.871305   -8.371304 (VIOLATED)
_22590_/A1                              1.500000    9.871305   -8.371304 (VIOLATED)
_22594_/B1                              1.500000    9.871305   -8.371304 (VIOLATED)
_22604_/A1                              1.500000    9.871305   -8.371304 (VIOLATED)
_22613_/C1                              1.500000    9.871305   -8.371304 (VIOLATED)
_22619_/C1                              1.500000    9.871305   -8.371304 (VIOLATED)
_22625_/A                               1.500000    9.871305   -8.371304 (VIOLATED)
_22629_/S                               1.500000    9.871305   -8.371304 (VIOLATED)
_22635_/B1                              1.500000    9.871305   -8.371304 (VIOLATED)
_22641_/B1                              1.500000    9.871305   -8.371304 (VIOLATED)
_22646_/A                               1.500000    9.871305   -8.371304 (VIOLATED)
_22650_/S                               1.500000    9.871305   -8.371304 (VIOLATED)
_22653_/A                               1.500000    9.871305   -8.371304 (VIOLATED)
_22659_/B1                              1.500000    9.871305   -8.371304 (VIOLATED)
_22668_/A                               1.500000    9.871305   -8.371304 (VIOLATED)
_22672_/S                               1.500000    9.871305   -8.371304 (VIOLATED)
_22679_/A                               1.500000    9.871305   -8.371304 (VIOLATED)
_22686_/S1                              1.500000    9.871305   -8.371304 (VIOLATED)
_22690_/A                               1.500000    9.871305   -8.371304 (VIOLATED)
_22694_/S                               1.500000    9.871305   -8.371304 (VIOLATED)
_22698_/S                               1.500000    9.871305   -8.371304 (VIOLATED)
_22702_/B1                              1.500000    9.871305   -8.371304 (VIOLATED)
_22711_/A                               1.500000    9.871305   -8.371304 (VIOLATED)
_22715_/S                               1.500000    9.871305   -8.371304 (VIOLATED)
_22719_/S                               1.500000    9.871305   -8.371304 (VIOLATED)
_22723_/B1                              1.500000    9.871305   -8.371304 (VIOLATED)
_22732_/A                               1.500000    9.871305   -8.371304 (VIOLATED)
_22736_/S                               1.500000    9.871305   -8.371304 (VIOLATED)
_22741_/A1                              1.500000    9.871305   -8.371304 (VIOLATED)
_22746_/B1                              1.500000    9.871305   -8.371304 (VIOLATED)
_22750_/A                               1.500000    9.871305   -8.371304 (VIOLATED)
_22754_/S                               1.500000    9.871305   -8.371304 (VIOLATED)
_22765_/A1                              1.500000    9.871305   -8.371304 (VIOLATED)
_22769_/B1                              1.500000    9.871305   -8.371304 (VIOLATED)
_22779_/A1                              1.500000    9.871305   -8.371304 (VIOLATED)
_22788_/C1                              1.500000    9.871305   -8.371304 (VIOLATED)
_22794_/C1                              1.500000    9.871305   -8.371304 (VIOLATED)
_22800_/A                               1.500000    9.871305   -8.371304 (VIOLATED)
_22804_/S                               1.500000    9.871305   -8.371304 (VIOLATED)
_22810_/B1                              1.500000    9.871305   -8.371304 (VIOLATED)
_22816_/B1                              1.500000    9.871305   -8.371304 (VIOLATED)
_22821_/A                               1.500000    9.871305   -8.371304 (VIOLATED)
_22825_/S                               1.500000    9.871305   -8.371304 (VIOLATED)
_22828_/A                               1.500000    9.871305   -8.371304 (VIOLATED)
_22834_/B1                              1.500000    9.871305   -8.371304 (VIOLATED)
_22843_/A                               1.500000    9.871305   -8.371304 (VIOLATED)
_22847_/S                               1.500000    9.871305   -8.371304 (VIOLATED)
_22854_/A                               1.500000    9.871305   -8.371304 (VIOLATED)
_22861_/S1                              1.500000    9.871305   -8.371304 (VIOLATED)
_22865_/A                               1.500000    9.871305   -8.371304 (VIOLATED)
_22869_/S                               1.500000    9.871305   -8.371304 (VIOLATED)
_22873_/S                               1.500000    9.871305   -8.371304 (VIOLATED)
_22877_/B1                              1.500000    9.871305   -8.371304 (VIOLATED)
_22886_/A                               1.500000    9.871305   -8.371304 (VIOLATED)
_22890_/S                               1.500000    9.871305   -8.371304 (VIOLATED)
_22894_/S                               1.500000    9.871305   -8.371304 (VIOLATED)
_22898_/B1                              1.500000    9.871305   -8.371304 (VIOLATED)
_22907_/A                               1.500000    9.871305   -8.371304 (VIOLATED)
_22911_/S                               1.500000    9.871305   -8.371304 (VIOLATED)
_22916_/A1                              1.500000    9.871305   -8.371304 (VIOLATED)
_22921_/B1                              1.500000    9.871305   -8.371304 (VIOLATED)
_22925_/A                               1.500000    9.871305   -8.371304 (VIOLATED)
_22929_/S                               1.500000    9.871305   -8.371304 (VIOLATED)
_22940_/A1                              1.500000    9.871305   -8.371304 (VIOLATED)
_22944_/B1                              1.500000    9.871305   -8.371304 (VIOLATED)
_22952_/A                               1.500000    9.871305   -8.371304 (VIOLATED)
_22961_/C1                              1.500000    9.871305   -8.371304 (VIOLATED)
_22967_/C1                              1.500000    9.871305   -8.371304 (VIOLATED)
_22973_/A                               1.500000    9.871305   -8.371304 (VIOLATED)
_22977_/S                               1.500000    9.871305   -8.371304 (VIOLATED)
_22982_/B1                              1.500000    9.871305   -8.371304 (VIOLATED)
_22988_/B1                              1.500000    9.871305   -8.371304 (VIOLATED)
_22993_/A                               1.500000    9.871305   -8.371304 (VIOLATED)
_22997_/S                               1.500000    9.871305   -8.371304 (VIOLATED)
_23000_/A                               1.500000    9.871305   -8.371304 (VIOLATED)
_23006_/B1                              1.500000    9.871305   -8.371304 (VIOLATED)
_23015_/A                               1.500000    9.871305   -8.371304 (VIOLATED)
_23019_/S                               1.500000    9.871305   -8.371304 (VIOLATED)
_23027_/A                               1.500000    9.871305   -8.371304 (VIOLATED)
_23034_/S1                              1.500000    9.871305   -8.371304 (VIOLATED)
_23038_/A                               1.500000    9.871305   -8.371304 (VIOLATED)
_23042_/S                               1.500000    9.871305   -8.371304 (VIOLATED)
_23046_/S                               1.500000    9.871305   -8.371304 (VIOLATED)
_23050_/B1                              1.500000    9.871305   -8.371304 (VIOLATED)
_23059_/A                               1.500000    9.871305   -8.371304 (VIOLATED)
_23063_/S                               1.500000    9.871305   -8.371304 (VIOLATED)
_23067_/S                               1.500000    9.871305   -8.371304 (VIOLATED)
_23071_/B1                              1.500000    9.871305   -8.371304 (VIOLATED)
_23080_/A                               1.500000    9.871305   -8.371304 (VIOLATED)
_23084_/S                               1.500000    9.871305   -8.371304 (VIOLATED)
_23089_/A1                              1.500000    9.871305   -8.371304 (VIOLATED)
_23094_/B1                              1.500000    9.871305   -8.371304 (VIOLATED)
_23098_/A                               1.500000    9.871305   -8.371304 (VIOLATED)
_23102_/S                               1.500000    9.871305   -8.371304 (VIOLATED)
_23113_/A1                              1.500000    9.871305   -8.371304 (VIOLATED)
_23117_/B1                              1.500000    9.871305   -8.371304 (VIOLATED)
_23125_/A                               1.500000    9.871305   -8.371304 (VIOLATED)
_23134_/C1                              1.500000    9.871305   -8.371304 (VIOLATED)
_23140_/C1                              1.500000    9.871305   -8.371304 (VIOLATED)
_23146_/A                               1.500000    9.871305   -8.371304 (VIOLATED)
_23150_/S                               1.500000    9.871305   -8.371304 (VIOLATED)
_23155_/B1                              1.500000    9.871305   -8.371304 (VIOLATED)
_23161_/B1                              1.500000    9.871305   -8.371304 (VIOLATED)
_23166_/A                               1.500000    9.871305   -8.371304 (VIOLATED)
_23170_/S                               1.500000    9.871305   -8.371304 (VIOLATED)
_23173_/A                               1.500000    9.871305   -8.371304 (VIOLATED)
_23179_/B1                              1.500000    9.871305   -8.371304 (VIOLATED)
_23188_/A                               1.500000    9.871305   -8.371304 (VIOLATED)
_23192_/S                               1.500000    9.871305   -8.371304 (VIOLATED)
_23202_/A1                              1.500000    9.871305   -8.371304 (VIOLATED)
_23207_/B1                              1.500000    9.871305   -8.371304 (VIOLATED)
_23211_/A                               1.500000    9.871305   -8.371304 (VIOLATED)
_23215_/S                               1.500000    9.871305   -8.371304 (VIOLATED)
_23219_/S                               1.500000    9.871305   -8.371304 (VIOLATED)
_23223_/B1                              1.500000    9.871305   -8.371304 (VIOLATED)
_23232_/A                               1.500000    9.871305   -8.371304 (VIOLATED)
_23236_/S                               1.500000    9.871305   -8.371304 (VIOLATED)
_23240_/S                               1.500000    9.871305   -8.371304 (VIOLATED)
_23244_/B1                              1.500000    9.871305   -8.371304 (VIOLATED)
_23253_/A                               1.500000    9.871305   -8.371304 (VIOLATED)
_23257_/S                               1.500000    9.871305   -8.371304 (VIOLATED)
_23262_/A1                              1.500000    9.871305   -8.371304 (VIOLATED)
_23267_/B1                              1.500000    9.871305   -8.371304 (VIOLATED)
_23271_/A                               1.500000    9.871305   -8.371304 (VIOLATED)
_23275_/S                               1.500000    9.871305   -8.371304 (VIOLATED)
_23286_/A1                              1.500000    9.871305   -8.371304 (VIOLATED)
_23290_/B1                              1.500000    9.871305   -8.371304 (VIOLATED)
_23300_/A1                              1.500000    9.871305   -8.371304 (VIOLATED)
_23309_/C1                              1.500000    9.871305   -8.371304 (VIOLATED)
_23315_/C1                              1.500000    9.871305   -8.371304 (VIOLATED)
_23321_/A                               1.500000    9.871305   -8.371304 (VIOLATED)
_23325_/S                               1.500000    9.871305   -8.371304 (VIOLATED)
_23331_/B1                              1.500000    9.871305   -8.371304 (VIOLATED)
_23337_/B1                              1.500000    9.871305   -8.371304 (VIOLATED)
_23342_/A                               1.500000    9.871305   -8.371304 (VIOLATED)
_23346_/S                               1.500000    9.871305   -8.371304 (VIOLATED)
_23349_/A                               1.500000    9.871305   -8.371304 (VIOLATED)
_23355_/B1                              1.500000    9.871305   -8.371304 (VIOLATED)
_23364_/A                               1.500000    9.871305   -8.371304 (VIOLATED)
_23368_/S                               1.500000    9.871305   -8.371304 (VIOLATED)
_23377_/A1                              1.500000    9.871305   -8.371304 (VIOLATED)
_23382_/B1                              1.500000    9.871305   -8.371304 (VIOLATED)
_23386_/A                               1.500000    9.871305   -8.371304 (VIOLATED)
_23390_/S                               1.500000    9.871305   -8.371304 (VIOLATED)
_23394_/S                               1.500000    9.871305   -8.371304 (VIOLATED)
_23398_/B1                              1.500000    9.871305   -8.371304 (VIOLATED)
_23407_/A                               1.500000    9.871305   -8.371304 (VIOLATED)
_23411_/S                               1.500000    9.871305   -8.371304 (VIOLATED)
_23415_/S                               1.500000    9.871305   -8.371304 (VIOLATED)
_23419_/B1                              1.500000    9.871305   -8.371304 (VIOLATED)
_23428_/A                               1.500000    9.871305   -8.371304 (VIOLATED)
_23432_/S                               1.500000    9.871305   -8.371304 (VIOLATED)
_23437_/A1                              1.500000    9.871305   -8.371304 (VIOLATED)
_23442_/B1                              1.500000    9.871305   -8.371304 (VIOLATED)
_23446_/A                               1.500000    9.871305   -8.371304 (VIOLATED)
_23450_/S                               1.500000    9.871305   -8.371304 (VIOLATED)
_23461_/A1                              1.500000    9.871305   -8.371304 (VIOLATED)
_23465_/B1                              1.500000    9.871305   -8.371304 (VIOLATED)
_23475_/A1                              1.500000    9.871305   -8.371304 (VIOLATED)
_23484_/C1                              1.500000    9.871305   -8.371304 (VIOLATED)
_23490_/C1                              1.500000    9.871305   -8.371304 (VIOLATED)
_23496_/A                               1.500000    9.871305   -8.371304 (VIOLATED)
_23500_/S                               1.500000    9.871305   -8.371304 (VIOLATED)
_23506_/B1                              1.500000    9.871305   -8.371304 (VIOLATED)
_23512_/B1                              1.500000    9.871305   -8.371304 (VIOLATED)
_23517_/A                               1.500000    9.871305   -8.371304 (VIOLATED)
_23521_/S                               1.500000    9.871305   -8.371304 (VIOLATED)
_23524_/A                               1.500000    9.871305   -8.371304 (VIOLATED)
_23530_/B1                              1.500000    9.871305   -8.371304 (VIOLATED)
_23539_/A                               1.500000    9.871305   -8.371304 (VIOLATED)
_23543_/S                               1.500000    9.871305   -8.371304 (VIOLATED)
_23550_/A                               1.500000    9.871305   -8.371304 (VIOLATED)
_23557_/S1                              1.500000    9.871305   -8.371304 (VIOLATED)
_23561_/A                               1.500000    9.871305   -8.371304 (VIOLATED)
_23565_/S                               1.500000    9.871305   -8.371304 (VIOLATED)
_23569_/S                               1.500000    9.871305   -8.371304 (VIOLATED)
_23573_/B1                              1.500000    9.871305   -8.371304 (VIOLATED)
_23582_/A                               1.500000    9.871305   -8.371304 (VIOLATED)
_23586_/S                               1.500000    9.871305   -8.371304 (VIOLATED)
_23590_/S                               1.500000    9.871305   -8.371304 (VIOLATED)
_23594_/B1                              1.500000    9.871305   -8.371304 (VIOLATED)
_23603_/A                               1.500000    9.871305   -8.371304 (VIOLATED)
_23607_/S                               1.500000    9.871305   -8.371304 (VIOLATED)
_23612_/A1                              1.500000    9.871305   -8.371304 (VIOLATED)
_23617_/B1                              1.500000    9.871305   -8.371304 (VIOLATED)
_23621_/A                               1.500000    9.871305   -8.371304 (VIOLATED)
_23625_/S                               1.500000    9.871305   -8.371304 (VIOLATED)
_23636_/A1                              1.500000    9.871305   -8.371304 (VIOLATED)
_23640_/B1                              1.500000    9.871305   -8.371304 (VIOLATED)
_23650_/A1                              1.500000    9.871305   -8.371304 (VIOLATED)
_23659_/C1                              1.500000    9.871305   -8.371304 (VIOLATED)
_23665_/C1                              1.500000    9.871305   -8.371304 (VIOLATED)
_23671_/A                               1.500000    9.871305   -8.371304 (VIOLATED)
_23675_/S                               1.500000    9.871305   -8.371304 (VIOLATED)
_23681_/B1                              1.500000    9.871305   -8.371304 (VIOLATED)
_23687_/B1                              1.500000    9.871305   -8.371304 (VIOLATED)
_23692_/A                               1.500000    9.871305   -8.371304 (VIOLATED)
_23696_/S                               1.500000    9.871305   -8.371304 (VIOLATED)
_23699_/A                               1.500000    9.871305   -8.371304 (VIOLATED)
_23705_/B1                              1.500000    9.871305   -8.371304 (VIOLATED)
_23714_/A                               1.500000    9.871305   -8.371304 (VIOLATED)
_23718_/S                               1.500000    9.871305   -8.371304 (VIOLATED)
_23725_/A                               1.500000    9.871305   -8.371304 (VIOLATED)
_23732_/S1                              1.500000    9.871305   -8.371304 (VIOLATED)
_23736_/A                               1.500000    9.871305   -8.371304 (VIOLATED)
_23740_/S                               1.500000    9.871305   -8.371304 (VIOLATED)
_23744_/S                               1.500000    9.871305   -8.371304 (VIOLATED)
_23748_/B1                              1.500000    9.871305   -8.371304 (VIOLATED)
_23757_/A                               1.500000    9.871305   -8.371304 (VIOLATED)
_23761_/S                               1.500000    9.871305   -8.371304 (VIOLATED)
_23765_/S                               1.500000    9.871305   -8.371304 (VIOLATED)
_23769_/B1                              1.500000    9.871305   -8.371304 (VIOLATED)
_23778_/A                               1.500000    9.871305   -8.371304 (VIOLATED)
_23782_/S                               1.500000    9.871305   -8.371304 (VIOLATED)
_23787_/A1                              1.500000    9.871305   -8.371304 (VIOLATED)
_23792_/B1                              1.500000    9.871305   -8.371304 (VIOLATED)
_23796_/A                               1.500000    9.871305   -8.371304 (VIOLATED)
_23800_/S                               1.500000    9.871305   -8.371304 (VIOLATED)
_23811_/A1                              1.500000    9.871305   -8.371304 (VIOLATED)
_23815_/B1                              1.500000    9.871305   -8.371304 (VIOLATED)
_23823_/A                               1.500000    9.871305   -8.371304 (VIOLATED)
_23832_/C1                              1.500000    9.871305   -8.371304 (VIOLATED)
_23838_/C1                              1.500000    9.871305   -8.371304 (VIOLATED)
_23844_/A                               1.500000    9.871305   -8.371304 (VIOLATED)
_23848_/S                               1.500000    9.871305   -8.371304 (VIOLATED)
_23853_/B1                              1.500000    9.871305   -8.371304 (VIOLATED)
_23859_/B1                              1.500000    9.871305   -8.371304 (VIOLATED)
_23864_/A                               1.500000    9.871305   -8.371304 (VIOLATED)
_23868_/S                               1.500000    9.871305   -8.371304 (VIOLATED)
_23871_/A                               1.500000    9.871305   -8.371304 (VIOLATED)
_23877_/B1                              1.500000    9.871305   -8.371304 (VIOLATED)
_23886_/A                               1.500000    9.871305   -8.371304 (VIOLATED)
_23890_/S                               1.500000    9.871305   -8.371304 (VIOLATED)
_23900_/A1                              1.500000    9.871305   -8.371304 (VIOLATED)
_23905_/B1                              1.500000    9.871305   -8.371304 (VIOLATED)
_23909_/A                               1.500000    9.871305   -8.371304 (VIOLATED)
_23913_/S                               1.500000    9.871305   -8.371304 (VIOLATED)
_23917_/S                               1.500000    9.871305   -8.371304 (VIOLATED)
_23921_/B1                              1.500000    9.871305   -8.371304 (VIOLATED)
_23930_/A                               1.500000    9.871305   -8.371304 (VIOLATED)
_23934_/S                               1.500000    9.871305   -8.371304 (VIOLATED)
_23938_/S                               1.500000    9.871305   -8.371304 (VIOLATED)
_23942_/B1                              1.500000    9.871305   -8.371304 (VIOLATED)
_23951_/A                               1.500000    9.871305   -8.371304 (VIOLATED)
_23955_/S                               1.500000    9.871305   -8.371304 (VIOLATED)
_23960_/A1                              1.500000    9.871305   -8.371304 (VIOLATED)
_23965_/B1                              1.500000    9.871305   -8.371304 (VIOLATED)
_23969_/A                               1.500000    9.871305   -8.371304 (VIOLATED)
_23973_/S                               1.500000    9.871305   -8.371304 (VIOLATED)
_23984_/A1                              1.500000    9.871305   -8.371304 (VIOLATED)
_23988_/B1                              1.500000    9.871305   -8.371304 (VIOLATED)
_23996_/A                               1.500000    9.871305   -8.371304 (VIOLATED)
_24005_/C1                              1.500000    9.871305   -8.371304 (VIOLATED)
_24011_/C1                              1.500000    9.871305   -8.371304 (VIOLATED)
_24017_/A                               1.500000    9.871305   -8.371304 (VIOLATED)
_24021_/S                               1.500000    9.871305   -8.371304 (VIOLATED)
_24026_/B1                              1.500000    9.871305   -8.371304 (VIOLATED)
_24032_/B1                              1.500000    9.871305   -8.371304 (VIOLATED)
_24037_/A                               1.500000    9.871305   -8.371304 (VIOLATED)
_24041_/S                               1.500000    9.871305   -8.371304 (VIOLATED)
_24044_/A                               1.500000    9.871305   -8.371304 (VIOLATED)
_24050_/B1                              1.500000    9.871305   -8.371304 (VIOLATED)
_24059_/A                               1.500000    9.871305   -8.371304 (VIOLATED)
_24063_/S                               1.500000    9.871305   -8.371304 (VIOLATED)
_24073_/A1                              1.500000    9.871305   -8.371304 (VIOLATED)
_24078_/B1                              1.500000    9.871305   -8.371304 (VIOLATED)
_24082_/A                               1.500000    9.871305   -8.371304 (VIOLATED)
_24086_/S                               1.500000    9.871305   -8.371304 (VIOLATED)
_24090_/S                               1.500000    9.871305   -8.371304 (VIOLATED)
_24094_/B1                              1.500000    9.871305   -8.371304 (VIOLATED)
_24103_/A                               1.500000    9.871305   -8.371304 (VIOLATED)
_24107_/S                               1.500000    9.871305   -8.371304 (VIOLATED)
_24111_/S                               1.500000    9.871305   -8.371304 (VIOLATED)
_24115_/B1                              1.500000    9.871305   -8.371304 (VIOLATED)
_24124_/A                               1.500000    9.871305   -8.371304 (VIOLATED)
_24128_/S                               1.500000    9.871305   -8.371304 (VIOLATED)
_24133_/A1                              1.500000    9.871305   -8.371304 (VIOLATED)
_24138_/B1                              1.500000    9.871305   -8.371304 (VIOLATED)
_24142_/A                               1.500000    9.871305   -8.371304 (VIOLATED)
_24146_/S                               1.500000    9.871305   -8.371304 (VIOLATED)
_24157_/A1                              1.500000    9.871305   -8.371304 (VIOLATED)
_24161_/B1                              1.500000    9.871305   -8.371304 (VIOLATED)
_24171_/A1                              1.500000    9.871305   -8.371304 (VIOLATED)
_24180_/C1                              1.500000    9.871305   -8.371304 (VIOLATED)
_24186_/C1                              1.500000    9.871305   -8.371304 (VIOLATED)
_24192_/A                               1.500000    9.871305   -8.371304 (VIOLATED)
_24196_/S                               1.500000    9.871305   -8.371304 (VIOLATED)
_24202_/B1                              1.500000    9.871305   -8.371304 (VIOLATED)
_24208_/B1                              1.500000    9.871305   -8.371304 (VIOLATED)
_24213_/A                               1.500000    9.871305   -8.371304 (VIOLATED)
_24217_/S                               1.500000    9.871305   -8.371304 (VIOLATED)
_24220_/A                               1.500000    9.871305   -8.371304 (VIOLATED)
_24226_/B1                              1.500000    9.871305   -8.371304 (VIOLATED)
_24235_/A                               1.500000    9.871305   -8.371304 (VIOLATED)
_24239_/S                               1.500000    9.871305   -8.371304 (VIOLATED)
_24248_/A1                              1.500000    9.871305   -8.371304 (VIOLATED)
_24253_/B1                              1.500000    9.871305   -8.371304 (VIOLATED)
_24257_/A                               1.500000    9.871305   -8.371304 (VIOLATED)
_24261_/S                               1.500000    9.871305   -8.371304 (VIOLATED)
_24265_/S                               1.500000    9.871305   -8.371304 (VIOLATED)
_24269_/B1                              1.500000    9.871305   -8.371304 (VIOLATED)
_24278_/A                               1.500000    9.871305   -8.371304 (VIOLATED)
_24282_/S                               1.500000    9.871305   -8.371304 (VIOLATED)
_24286_/S                               1.500000    9.871305   -8.371304 (VIOLATED)
_24290_/B1                              1.500000    9.871305   -8.371304 (VIOLATED)
_24299_/A                               1.500000    9.871305   -8.371304 (VIOLATED)
_24303_/S                               1.500000    9.871305   -8.371304 (VIOLATED)
_24308_/A1                              1.500000    9.871305   -8.371304 (VIOLATED)
_24313_/B1                              1.500000    9.871305   -8.371304 (VIOLATED)
_24317_/A                               1.500000    9.871305   -8.371304 (VIOLATED)
_24321_/S                               1.500000    9.871305   -8.371304 (VIOLATED)
_24332_/A1                              1.500000    9.871305   -8.371304 (VIOLATED)
_24336_/B1                              1.500000    9.871305   -8.371304 (VIOLATED)
_24344_/A                               1.500000    9.871305   -8.371304 (VIOLATED)
_24353_/C1                              1.500000    9.871305   -8.371304 (VIOLATED)
_24359_/C1                              1.500000    9.871305   -8.371304 (VIOLATED)
_24365_/A                               1.500000    9.871305   -8.371304 (VIOLATED)
_24369_/S                               1.500000    9.871305   -8.371304 (VIOLATED)
_24374_/B1                              1.500000    9.871305   -8.371304 (VIOLATED)
_24380_/B1                              1.500000    9.871305   -8.371304 (VIOLATED)
_24385_/A                               1.500000    9.871305   -8.371304 (VIOLATED)
_24389_/S                               1.500000    9.871305   -8.371304 (VIOLATED)
_24392_/A                               1.500000    9.871305   -8.371304 (VIOLATED)
_24398_/B1                              1.500000    9.871305   -8.371304 (VIOLATED)
_24407_/A                               1.500000    9.871305   -8.371304 (VIOLATED)
_24411_/S                               1.500000    9.871305   -8.371304 (VIOLATED)
_24421_/A1                              1.500000    9.871305   -8.371304 (VIOLATED)
_24426_/B1                              1.500000    9.871305   -8.371304 (VIOLATED)
_24430_/A                               1.500000    9.871305   -8.371304 (VIOLATED)
_24434_/S                               1.500000    9.871305   -8.371304 (VIOLATED)
_24438_/S                               1.500000    9.871305   -8.371304 (VIOLATED)
_24442_/B1                              1.500000    9.871305   -8.371304 (VIOLATED)
_24451_/A                               1.500000    9.871305   -8.371304 (VIOLATED)
_24455_/S                               1.500000    9.871305   -8.371304 (VIOLATED)
_24459_/S                               1.500000    9.871305   -8.371304 (VIOLATED)
_24463_/B1                              1.500000    9.871305   -8.371304 (VIOLATED)
_24472_/A                               1.500000    9.871305   -8.371304 (VIOLATED)
_24476_/S                               1.500000    9.871305   -8.371304 (VIOLATED)
_24481_/A1                              1.500000    9.871305   -8.371304 (VIOLATED)
_24486_/B1                              1.500000    9.871305   -8.371304 (VIOLATED)
_24490_/A                               1.500000    9.871305   -8.371304 (VIOLATED)
_24494_/S                               1.500000    9.871305   -8.371304 (VIOLATED)
_24505_/A1                              1.500000    9.871305   -8.371304 (VIOLATED)
_24509_/B1                              1.500000    9.871305   -8.371304 (VIOLATED)
_24519_/A1                              1.500000    9.871305   -8.371304 (VIOLATED)
_24527_/C1                              1.500000    9.871305   -8.371304 (VIOLATED)
_24533_/C1                              1.500000    9.871305   -8.371304 (VIOLATED)
_24539_/A                               1.500000    9.871305   -8.371304 (VIOLATED)
_24543_/S                               1.500000    9.871305   -8.371304 (VIOLATED)
_24548_/B1                              1.500000    9.871305   -8.371304 (VIOLATED)
_24554_/B1                              1.500000    9.871305   -8.371304 (VIOLATED)
_24559_/A                               1.500000    9.871305   -8.371304 (VIOLATED)
_24563_/S                               1.500000    9.871305   -8.371304 (VIOLATED)
_24568_/A1                              1.500000    9.871305   -8.371304 (VIOLATED)
_24572_/B1                              1.500000    9.871305   -8.371304 (VIOLATED)
_24580_/A                               1.500000    9.871305   -8.371304 (VIOLATED)
_24585_/A1                              1.500000    9.871305   -8.371304 (VIOLATED)
_24593_/A                               1.500000    9.871305   -8.371304 (VIOLATED)
_24600_/B1                              1.500000    9.871305   -8.371304 (VIOLATED)
_24605_/A1                              1.500000    9.871305   -8.371304 (VIOLATED)
_24608_/S                               1.500000    9.871305   -8.371304 (VIOLATED)
_24612_/S                               1.500000    9.871305   -8.371304 (VIOLATED)
_24616_/B1                              1.500000    9.871305   -8.371304 (VIOLATED)
_24626_/A1                              1.500000    9.871305   -8.371304 (VIOLATED)
_24629_/S                               1.500000    9.871305   -8.371304 (VIOLATED)
_24633_/S                               1.500000    9.871305   -8.371304 (VIOLATED)
_24637_/C1                              1.500000    9.871305   -8.371304 (VIOLATED)
_24647_/A1                              1.500000    9.871305   -8.371304 (VIOLATED)
_24650_/S                               1.500000    9.871305   -8.371304 (VIOLATED)
_24653_/A                               1.500000    9.871305   -8.371304 (VIOLATED)
_24660_/B1                              1.500000    9.871305   -8.371304 (VIOLATED)
_24665_/A1                              1.500000    9.871305   -8.371304 (VIOLATED)
_24668_/S                               1.500000    9.871305   -8.371304 (VIOLATED)
_33239_/Q                               1.506345    9.871305   -8.364959 (VIOLATED)
_14147_/Y                               1.499372    8.544574   -7.045202 (VIOLATED)
_19134_/A1                              1.500000    8.544574   -7.044574 (VIOLATED)
_19150_/A                               1.500000    8.544574   -7.044574 (VIOLATED)
_19168_/A1                              1.500000    8.544574   -7.044574 (VIOLATED)
_19227_/A                               1.500000    8.544574   -7.044574 (VIOLATED)
_19244_/A                               1.500000    8.544574   -7.044574 (VIOLATED)
_19249_/A1                              1.500000    8.544574   -7.044574 (VIOLATED)
_19292_/A1                              1.500000    8.544574   -7.044574 (VIOLATED)
_19296_/A1                              1.500000    8.544574   -7.044574 (VIOLATED)
_19312_/A                               1.500000    8.544574   -7.044574 (VIOLATED)
_19325_/A                               1.500000    8.544574   -7.044574 (VIOLATED)
_19332_/A                               1.500000    8.544574   -7.044574 (VIOLATED)
_19351_/A1                              1.500000    8.544574   -7.044574 (VIOLATED)
_19355_/A1                              1.500000    8.544574   -7.044574 (VIOLATED)
_19394_/A                               1.500000    8.544574   -7.044574 (VIOLATED)
_19399_/A1                              1.500000    8.544574   -7.044574 (VIOLATED)
_19415_/A                               1.500000    8.544574   -7.044574 (VIOLATED)
_19420_/A1                              1.500000    8.544574   -7.044574 (VIOLATED)
_19439_/A1                              1.500000    8.544574   -7.044574 (VIOLATED)
_19462_/A1                              1.500000    8.544574   -7.044574 (VIOLATED)
_19466_/A1                              1.500000    8.544574   -7.044574 (VIOLATED)
_19477_/A                               1.500000    8.544574   -7.044574 (VIOLATED)
_19485_/A1                              1.500000    8.544574   -7.044574 (VIOLATED)
_19498_/A                               1.500000    8.544574   -7.044574 (VIOLATED)
_19505_/A                               1.500000    8.544574   -7.044574 (VIOLATED)
_19524_/A1                              1.500000    8.544574   -7.044574 (VIOLATED)
_19528_/A1                              1.500000    8.544574   -7.044574 (VIOLATED)
_19567_/A                               1.500000    8.544574   -7.044574 (VIOLATED)
_19572_/A1                              1.500000    8.544574   -7.044574 (VIOLATED)
_19588_/A                               1.500000    8.544574   -7.044574 (VIOLATED)
_19593_/A1                              1.500000    8.544574   -7.044574 (VIOLATED)
_19612_/A1                              1.500000    8.544574   -7.044574 (VIOLATED)
_19635_/A1                              1.500000    8.544574   -7.044574 (VIOLATED)
_19639_/A1                              1.500000    8.544574   -7.044574 (VIOLATED)
_19650_/A                               1.500000    8.544574   -7.044574 (VIOLATED)
_19658_/A1                              1.500000    8.544574   -7.044574 (VIOLATED)
_19671_/A                               1.500000    8.544574   -7.044574 (VIOLATED)
_19678_/A                               1.500000    8.544574   -7.044574 (VIOLATED)
_19697_/A1                              1.500000    8.544574   -7.044574 (VIOLATED)
_19701_/A1                              1.500000    8.544574   -7.044574 (VIOLATED)
_19725_/A1                              1.500000    8.544574   -7.044574 (VIOLATED)
_19740_/A                               1.500000    8.544574   -7.044574 (VIOLATED)
_19745_/A1                              1.500000    8.544574   -7.044574 (VIOLATED)
_19761_/A                               1.500000    8.544574   -7.044574 (VIOLATED)
_19766_/A1                              1.500000    8.544574   -7.044574 (VIOLATED)
_19785_/A1                              1.500000    8.544574   -7.044574 (VIOLATED)
_19808_/A1                              1.500000    8.544574   -7.044574 (VIOLATED)
_19812_/A1                              1.500000    8.544574   -7.044574 (VIOLATED)
_19823_/A                               1.500000    8.544574   -7.044574 (VIOLATED)
_19831_/A1                              1.500000    8.544574   -7.044574 (VIOLATED)
_19844_/A                               1.500000    8.544574   -7.044574 (VIOLATED)
_19851_/A                               1.500000    8.544574   -7.044574 (VIOLATED)
_19870_/A1                              1.500000    8.544574   -7.044574 (VIOLATED)
_19874_/A1                              1.500000    8.544574   -7.044574 (VIOLATED)
_19898_/A1                              1.500000    8.544574   -7.044574 (VIOLATED)
_19913_/A                               1.500000    8.544574   -7.044574 (VIOLATED)
_19918_/A1                              1.500000    8.544574   -7.044574 (VIOLATED)
_19934_/A                               1.500000    8.544574   -7.044574 (VIOLATED)
_19939_/A1                              1.500000    8.544574   -7.044574 (VIOLATED)
_19958_/A1                              1.500000    8.544574   -7.044574 (VIOLATED)
_19981_/A1                              1.500000    8.544574   -7.044574 (VIOLATED)
_19985_/A1                              1.500000    8.544574   -7.044574 (VIOLATED)
_19996_/A                               1.500000    8.544574   -7.044574 (VIOLATED)
_20004_/A1                              1.500000    8.544574   -7.044574 (VIOLATED)
_20017_/A                               1.500000    8.544574   -7.044574 (VIOLATED)
_20024_/A                               1.500000    8.544574   -7.044574 (VIOLATED)
_20043_/A1                              1.500000    8.544574   -7.044574 (VIOLATED)
_20047_/A1                              1.500000    8.544574   -7.044574 (VIOLATED)
_20071_/A1                              1.500000    8.544574   -7.044574 (VIOLATED)
_20086_/A                               1.500000    8.544574   -7.044574 (VIOLATED)
_20091_/A1                              1.500000    8.544574   -7.044574 (VIOLATED)
_20107_/A                               1.500000    8.544574   -7.044574 (VIOLATED)
_20112_/A1                              1.500000    8.544574   -7.044574 (VIOLATED)
_20131_/A1                              1.500000    8.544574   -7.044574 (VIOLATED)
_20154_/A1                              1.500000    8.544574   -7.044574 (VIOLATED)
_20158_/A1                              1.500000    8.544574   -7.044574 (VIOLATED)
_20171_/A                               1.500000    8.544574   -7.044574 (VIOLATED)
_20179_/A1                              1.500000    8.544574   -7.044574 (VIOLATED)
_20193_/A                               1.500000    8.544574   -7.044574 (VIOLATED)
_20200_/A                               1.500000    8.544574   -7.044574 (VIOLATED)
_20219_/A1                              1.500000    8.544574   -7.044574 (VIOLATED)
_20223_/A1                              1.500000    8.544574   -7.044574 (VIOLATED)
_20246_/A1                              1.500000    8.544574   -7.044574 (VIOLATED)
_20261_/A                               1.500000    8.544574   -7.044574 (VIOLATED)
_20266_/A1                              1.500000    8.544574   -7.044574 (VIOLATED)
_20282_/A                               1.500000    8.544574   -7.044574 (VIOLATED)
_20287_/A1                              1.500000    8.544574   -7.044574 (VIOLATED)
_20306_/A1                              1.500000    8.544574   -7.044574 (VIOLATED)
_20329_/A1                              1.500000    8.544574   -7.044574 (VIOLATED)
_20333_/A1                              1.500000    8.544574   -7.044574 (VIOLATED)
_20346_/A                               1.500000    8.544574   -7.044574 (VIOLATED)
_20354_/A1                              1.500000    8.544574   -7.044574 (VIOLATED)
_20368_/A                               1.500000    8.544574   -7.044574 (VIOLATED)
_20375_/A                               1.500000    8.544574   -7.044574 (VIOLATED)
_20394_/A1                              1.500000    8.544574   -7.044574 (VIOLATED)
_20398_/A1                              1.500000    8.544574   -7.044574 (VIOLATED)
_20421_/A1                              1.500000    8.544574   -7.044574 (VIOLATED)
_20436_/A                               1.500000    8.544574   -7.044574 (VIOLATED)
_20441_/A1                              1.500000    8.544574   -7.044574 (VIOLATED)
_20457_/A                               1.500000    8.544574   -7.044574 (VIOLATED)
_20462_/A1                              1.500000    8.544574   -7.044574 (VIOLATED)
_20481_/A1                              1.500000    8.544574   -7.044574 (VIOLATED)
_20504_/A1                              1.500000    8.544574   -7.044574 (VIOLATED)
_20508_/A1                              1.500000    8.544574   -7.044574 (VIOLATED)
_20521_/A                               1.500000    8.544574   -7.044574 (VIOLATED)
_20529_/A1                              1.500000    8.544574   -7.044574 (VIOLATED)
_20543_/A                               1.500000    8.544574   -7.044574 (VIOLATED)
_20550_/A                               1.500000    8.544574   -7.044574 (VIOLATED)
_20569_/A1                              1.500000    8.544574   -7.044574 (VIOLATED)
_20573_/A1                              1.500000    8.544574   -7.044574 (VIOLATED)
_20611_/A                               1.500000    8.544574   -7.044574 (VIOLATED)
_20616_/A1                              1.500000    8.544574   -7.044574 (VIOLATED)
_20632_/A                               1.500000    8.544574   -7.044574 (VIOLATED)
_20637_/A1                              1.500000    8.544574   -7.044574 (VIOLATED)
_20656_/A1                              1.500000    8.544574   -7.044574 (VIOLATED)
_20679_/A1                              1.500000    8.544574   -7.044574 (VIOLATED)
_20683_/A1                              1.500000    8.544574   -7.044574 (VIOLATED)
_20694_/A                               1.500000    8.544574   -7.044574 (VIOLATED)
_20702_/A1                              1.500000    8.544574   -7.044574 (VIOLATED)
_20715_/A                               1.500000    8.544574   -7.044574 (VIOLATED)
_20722_/A                               1.500000    8.544574   -7.044574 (VIOLATED)
_20741_/A1                              1.500000    8.544574   -7.044574 (VIOLATED)
_20745_/A1                              1.500000    8.544574   -7.044574 (VIOLATED)
_20784_/A                               1.500000    8.544574   -7.044574 (VIOLATED)
_20789_/A1                              1.500000    8.544574   -7.044574 (VIOLATED)
_20805_/A                               1.500000    8.544574   -7.044574 (VIOLATED)
_20810_/A1                              1.500000    8.544574   -7.044574 (VIOLATED)
_20829_/A1                              1.500000    8.544574   -7.044574 (VIOLATED)
_20852_/A1                              1.500000    8.544574   -7.044574 (VIOLATED)
_20856_/A1                              1.500000    8.544574   -7.044574 (VIOLATED)
_20869_/A                               1.500000    8.544574   -7.044574 (VIOLATED)
_20877_/A1                              1.500000    8.544574   -7.044574 (VIOLATED)
_20891_/A                               1.500000    8.544574   -7.044574 (VIOLATED)
_20898_/A                               1.500000    8.544574   -7.044574 (VIOLATED)
_20917_/A1                              1.500000    8.544574   -7.044574 (VIOLATED)
_20921_/A1                              1.500000    8.544574   -7.044574 (VIOLATED)
_20959_/A                               1.500000    8.544574   -7.044574 (VIOLATED)
_20964_/A1                              1.500000    8.544574   -7.044574 (VIOLATED)
_20980_/A                               1.500000    8.544574   -7.044574 (VIOLATED)
_20985_/A1                              1.500000    8.544574   -7.044574 (VIOLATED)
_21004_/A1                              1.500000    8.544574   -7.044574 (VIOLATED)
_21027_/A1                              1.500000    8.544574   -7.044574 (VIOLATED)
_21031_/A1                              1.500000    8.544574   -7.044574 (VIOLATED)
_21044_/A                               1.500000    8.544574   -7.044574 (VIOLATED)
_21052_/A1                              1.500000    8.544574   -7.044574 (VIOLATED)
_21066_/A                               1.500000    8.544574   -7.044574 (VIOLATED)
_21073_/A                               1.500000    8.544574   -7.044574 (VIOLATED)
_21092_/A1                              1.500000    8.544574   -7.044574 (VIOLATED)
_21096_/A1                              1.500000    8.544574   -7.044574 (VIOLATED)
_21119_/A1                              1.500000    8.544574   -7.044574 (VIOLATED)
_21134_/A                               1.500000    8.544574   -7.044574 (VIOLATED)
_21139_/A1                              1.500000    8.544574   -7.044574 (VIOLATED)
_21155_/A                               1.500000    8.544574   -7.044574 (VIOLATED)
_21160_/A1                              1.500000    8.544574   -7.044574 (VIOLATED)
_21179_/A1                              1.500000    8.544574   -7.044574 (VIOLATED)
_21202_/A1                              1.500000    8.544574   -7.044574 (VIOLATED)
_21206_/A1                              1.500000    8.544574   -7.044574 (VIOLATED)
_21217_/A                               1.500000    8.544574   -7.044574 (VIOLATED)
_21225_/A1                              1.500000    8.544574   -7.044574 (VIOLATED)
_21238_/A                               1.500000    8.544574   -7.044574 (VIOLATED)
_21245_/A                               1.500000    8.544574   -7.044574 (VIOLATED)
_21264_/A1                              1.500000    8.544574   -7.044574 (VIOLATED)
_21268_/A1                              1.500000    8.544574   -7.044574 (VIOLATED)
_21307_/A                               1.500000    8.544574   -7.044574 (VIOLATED)
_21312_/A1                              1.500000    8.544574   -7.044574 (VIOLATED)
_21328_/A                               1.500000    8.544574   -7.044574 (VIOLATED)
_21333_/A1                              1.500000    8.544574   -7.044574 (VIOLATED)
_21352_/A1                              1.500000    8.544574   -7.044574 (VIOLATED)
_21375_/A1                              1.500000    8.544574   -7.044574 (VIOLATED)
_21379_/A1                              1.500000    8.544574   -7.044574 (VIOLATED)
_21392_/A                               1.500000    8.544574   -7.044574 (VIOLATED)
_21400_/A1                              1.500000    8.544574   -7.044574 (VIOLATED)
_21414_/A                               1.500000    8.544574   -7.044574 (VIOLATED)
_21421_/A                               1.500000    8.544574   -7.044574 (VIOLATED)
_21440_/A1                              1.500000    8.544574   -7.044574 (VIOLATED)
_21444_/A1                              1.500000    8.544574   -7.044574 (VIOLATED)
_21482_/A                               1.500000    8.544574   -7.044574 (VIOLATED)
_21487_/A1                              1.500000    8.544574   -7.044574 (VIOLATED)
_21503_/A                               1.500000    8.544574   -7.044574 (VIOLATED)
_21508_/A1                              1.500000    8.544574   -7.044574 (VIOLATED)
_21527_/A1                              1.500000    8.544574   -7.044574 (VIOLATED)
_21550_/A1                              1.500000    8.544574   -7.044574 (VIOLATED)
_21554_/A1                              1.500000    8.544574   -7.044574 (VIOLATED)
_21565_/A                               1.500000    8.544574   -7.044574 (VIOLATED)
_21573_/A1                              1.500000    8.544574   -7.044574 (VIOLATED)
_21586_/A                               1.500000    8.544574   -7.044574 (VIOLATED)
_21593_/A                               1.500000    8.544574   -7.044574 (VIOLATED)
_21612_/A1                              1.500000    8.544574   -7.044574 (VIOLATED)
_21616_/A1                              1.500000    8.544574   -7.044574 (VIOLATED)
_21655_/A                               1.500000    8.544574   -7.044574 (VIOLATED)
_21660_/A1                              1.500000    8.544574   -7.044574 (VIOLATED)
_21676_/A                               1.500000    8.544574   -7.044574 (VIOLATED)
_21681_/A1                              1.500000    8.544574   -7.044574 (VIOLATED)
_21700_/A1                              1.500000    8.544574   -7.044574 (VIOLATED)
_21723_/A1                              1.500000    8.544574   -7.044574 (VIOLATED)
_21727_/A1                              1.500000    8.544574   -7.044574 (VIOLATED)
_21740_/A                               1.500000    8.544574   -7.044574 (VIOLATED)
_21748_/A1                              1.500000    8.544574   -7.044574 (VIOLATED)
_21762_/A                               1.500000    8.544574   -7.044574 (VIOLATED)
_21769_/A                               1.500000    8.544574   -7.044574 (VIOLATED)
_21788_/A1                              1.500000    8.544574   -7.044574 (VIOLATED)
_21792_/A1                              1.500000    8.544574   -7.044574 (VIOLATED)
_21815_/A1                              1.500000    8.544574   -7.044574 (VIOLATED)
_21830_/A                               1.500000    8.544574   -7.044574 (VIOLATED)
_21835_/A1                              1.500000    8.544574   -7.044574 (VIOLATED)
_21851_/A                               1.500000    8.544574   -7.044574 (VIOLATED)
_21856_/A1                              1.500000    8.544574   -7.044574 (VIOLATED)
_21875_/A1                              1.500000    8.544574   -7.044574 (VIOLATED)
_21898_/A1                              1.500000    8.544574   -7.044574 (VIOLATED)
_21902_/A1                              1.500000    8.544574   -7.044574 (VIOLATED)
_21913_/A                               1.500000    8.544574   -7.044574 (VIOLATED)
_21921_/A1                              1.500000    8.544574   -7.044574 (VIOLATED)
_21934_/A                               1.500000    8.544574   -7.044574 (VIOLATED)
_21941_/A                               1.500000    8.544574   -7.044574 (VIOLATED)
_21960_/A1                              1.500000    8.544574   -7.044574 (VIOLATED)
_21964_/A1                              1.500000    8.544574   -7.044574 (VIOLATED)
_21988_/A1                              1.500000    8.544574   -7.044574 (VIOLATED)
_22003_/A                               1.500000    8.544574   -7.044574 (VIOLATED)
_22008_/A1                              1.500000    8.544574   -7.044574 (VIOLATED)
_22024_/A                               1.500000    8.544574   -7.044574 (VIOLATED)
_22029_/A1                              1.500000    8.544574   -7.044574 (VIOLATED)
_22048_/A1                              1.500000    8.544574   -7.044574 (VIOLATED)
_22071_/A1                              1.500000    8.544574   -7.044574 (VIOLATED)
_22075_/A1                              1.500000    8.544574   -7.044574 (VIOLATED)
_22088_/A                               1.500000    8.544574   -7.044574 (VIOLATED)
_22096_/A1                              1.500000    8.544574   -7.044574 (VIOLATED)
_22110_/A                               1.500000    8.544574   -7.044574 (VIOLATED)
_22117_/A                               1.500000    8.544574   -7.044574 (VIOLATED)
_22136_/A1                              1.500000    8.544574   -7.044574 (VIOLATED)
_22140_/A1                              1.500000    8.544574   -7.044574 (VIOLATED)
_22178_/A                               1.500000    8.544574   -7.044574 (VIOLATED)
_22183_/A1                              1.500000    8.544574   -7.044574 (VIOLATED)
_22199_/A                               1.500000    8.544574   -7.044574 (VIOLATED)
_22204_/A1                              1.500000    8.544574   -7.044574 (VIOLATED)
_22223_/A1                              1.500000    8.544574   -7.044574 (VIOLATED)
_22246_/A1                              1.500000    8.544574   -7.044574 (VIOLATED)
_22250_/A1                              1.500000    8.544574   -7.044574 (VIOLATED)
_22263_/A                               1.500000    8.544574   -7.044574 (VIOLATED)
_22271_/A1                              1.500000    8.544574   -7.044574 (VIOLATED)
_22285_/A                               1.500000    8.544574   -7.044574 (VIOLATED)
_22292_/A                               1.500000    8.544574   -7.044574 (VIOLATED)
_22311_/A1                              1.500000    8.544574   -7.044574 (VIOLATED)
_22315_/A1                              1.500000    8.544574   -7.044574 (VIOLATED)
_22338_/A1                              1.500000    8.544574   -7.044574 (VIOLATED)
_22353_/A                               1.500000    8.544574   -7.044574 (VIOLATED)
_22358_/A1                              1.500000    8.544574   -7.044574 (VIOLATED)
_22374_/A                               1.500000    8.544574   -7.044574 (VIOLATED)
_22379_/A1                              1.500000    8.544574   -7.044574 (VIOLATED)
_22398_/A1                              1.500000    8.544574   -7.044574 (VIOLATED)
_22421_/A1                              1.500000    8.544574   -7.044574 (VIOLATED)
_22425_/A1                              1.500000    8.544574   -7.044574 (VIOLATED)
_22436_/A                               1.500000    8.544574   -7.044574 (VIOLATED)
_22444_/A1                              1.500000    8.544574   -7.044574 (VIOLATED)
_22457_/A                               1.500000    8.544574   -7.044574 (VIOLATED)
_22464_/A                               1.500000    8.544574   -7.044574 (VIOLATED)
_22483_/A1                              1.500000    8.544574   -7.044574 (VIOLATED)
_22487_/A1                              1.500000    8.544574   -7.044574 (VIOLATED)
_22511_/A1                              1.500000    8.544574   -7.044574 (VIOLATED)
_22526_/A                               1.500000    8.544574   -7.044574 (VIOLATED)
_22531_/A1                              1.500000    8.544574   -7.044574 (VIOLATED)
_22547_/A                               1.500000    8.544574   -7.044574 (VIOLATED)
_22552_/A1                              1.500000    8.544574   -7.044574 (VIOLATED)
_22571_/A1                              1.500000    8.544574   -7.044574 (VIOLATED)
_22594_/A1                              1.500000    8.544574   -7.044574 (VIOLATED)
_22598_/A1                              1.500000    8.544574   -7.044574 (VIOLATED)
_22611_/A                               1.500000    8.544574   -7.044574 (VIOLATED)
_22619_/A1                              1.500000    8.544574   -7.044574 (VIOLATED)
_22633_/A                               1.500000    8.544574   -7.044574 (VIOLATED)
_22640_/A                               1.500000    8.544574   -7.044574 (VIOLATED)
_22659_/A1                              1.500000    8.544574   -7.044574 (VIOLATED)
_22663_/A1                              1.500000    8.544574   -7.044574 (VIOLATED)
_22701_/A                               1.500000    8.544574   -7.044574 (VIOLATED)
_22706_/A1                              1.500000    8.544574   -7.044574 (VIOLATED)
_22722_/A                               1.500000    8.544574   -7.044574 (VIOLATED)
_22727_/A1                              1.500000    8.544574   -7.044574 (VIOLATED)
_22746_/A1                              1.500000    8.544574   -7.044574 (VIOLATED)
_22769_/A1                              1.500000    8.544574   -7.044574 (VIOLATED)
_22773_/A1                              1.500000    8.544574   -7.044574 (VIOLATED)
_22786_/A                               1.500000    8.544574   -7.044574 (VIOLATED)
_22794_/A1                              1.500000    8.544574   -7.044574 (VIOLATED)
_22808_/A                               1.500000    8.544574   -7.044574 (VIOLATED)
_22815_/A                               1.500000    8.544574   -7.044574 (VIOLATED)
_22834_/A1                              1.500000    8.544574   -7.044574 (VIOLATED)
_22838_/A1                              1.500000    8.544574   -7.044574 (VIOLATED)
_22876_/A                               1.500000    8.544574   -7.044574 (VIOLATED)
_22881_/A1                              1.500000    8.544574   -7.044574 (VIOLATED)
_22897_/A                               1.500000    8.544574   -7.044574 (VIOLATED)
_22902_/A1                              1.500000    8.544574   -7.044574 (VIOLATED)
_22921_/A1                              1.500000    8.544574   -7.044574 (VIOLATED)
_22944_/A1                              1.500000    8.544574   -7.044574 (VIOLATED)
_22948_/A1                              1.500000    8.544574   -7.044574 (VIOLATED)
_22959_/A                               1.500000    8.544574   -7.044574 (VIOLATED)
_22967_/A1                              1.500000    8.544574   -7.044574 (VIOLATED)
_22980_/A                               1.500000    8.544574   -7.044574 (VIOLATED)
_22987_/A                               1.500000    8.544574   -7.044574 (VIOLATED)
_23006_/A1                              1.500000    8.544574   -7.044574 (VIOLATED)
_23010_/A1                              1.500000    8.544574   -7.044574 (VIOLATED)
_23049_/A                               1.500000    8.544574   -7.044574 (VIOLATED)
_23054_/A1                              1.500000    8.544574   -7.044574 (VIOLATED)
_23070_/A                               1.500000    8.544574   -7.044574 (VIOLATED)
_23075_/A1                              1.500000    8.544574   -7.044574 (VIOLATED)
_23094_/A1                              1.500000    8.544574   -7.044574 (VIOLATED)
_23117_/A1                              1.500000    8.544574   -7.044574 (VIOLATED)
_23121_/A1                              1.500000    8.544574   -7.044574 (VIOLATED)
_23132_/A                               1.500000    8.544574   -7.044574 (VIOLATED)
_23140_/A1                              1.500000    8.544574   -7.044574 (VIOLATED)
_23153_/A                               1.500000    8.544574   -7.044574 (VIOLATED)
_23160_/A                               1.500000    8.544574   -7.044574 (VIOLATED)
_23179_/A1                              1.500000    8.544574   -7.044574 (VIOLATED)
_23183_/A1                              1.500000    8.544574   -7.044574 (VIOLATED)
_23207_/A1                              1.500000    8.544574   -7.044574 (VIOLATED)
_23222_/A                               1.500000    8.544574   -7.044574 (VIOLATED)
_23227_/A1                              1.500000    8.544574   -7.044574 (VIOLATED)
_23243_/A                               1.500000    8.544574   -7.044574 (VIOLATED)
_23248_/A1                              1.500000    8.544574   -7.044574 (VIOLATED)
_23267_/A1                              1.500000    8.544574   -7.044574 (VIOLATED)
_23290_/A1                              1.500000    8.544574   -7.044574 (VIOLATED)
_23294_/A1                              1.500000    8.544574   -7.044574 (VIOLATED)
_23307_/A                               1.500000    8.544574   -7.044574 (VIOLATED)
_23315_/A1                              1.500000    8.544574   -7.044574 (VIOLATED)
_23329_/A                               1.500000    8.544574   -7.044574 (VIOLATED)
_23336_/A                               1.500000    8.544574   -7.044574 (VIOLATED)
_23355_/A1                              1.500000    8.544574   -7.044574 (VIOLATED)
_23359_/A1                              1.500000    8.544574   -7.044574 (VIOLATED)
_23382_/A1                              1.500000    8.544574   -7.044574 (VIOLATED)
_23397_/A                               1.500000    8.544574   -7.044574 (VIOLATED)
_23402_/A1                              1.500000    8.544574   -7.044574 (VIOLATED)
_23418_/A                               1.500000    8.544574   -7.044574 (VIOLATED)
_23423_/A1                              1.500000    8.544574   -7.044574 (VIOLATED)
_23442_/A1                              1.500000    8.544574   -7.044574 (VIOLATED)
_23465_/A1                              1.500000    8.544574   -7.044574 (VIOLATED)
_23469_/A1                              1.500000    8.544574   -7.044574 (VIOLATED)
_23482_/A                               1.500000    8.544574   -7.044574 (VIOLATED)
_23490_/A1                              1.500000    8.544574   -7.044574 (VIOLATED)
_23504_/A                               1.500000    8.544574   -7.044574 (VIOLATED)
_23511_/A                               1.500000    8.544574   -7.044574 (VIOLATED)
_23530_/A1                              1.500000    8.544574   -7.044574 (VIOLATED)
_23534_/A1                              1.500000    8.544574   -7.044574 (VIOLATED)
_23572_/A                               1.500000    8.544574   -7.044574 (VIOLATED)
_23577_/A1                              1.500000    8.544574   -7.044574 (VIOLATED)
_23593_/A                               1.500000    8.544574   -7.044574 (VIOLATED)
_23598_/A1                              1.500000    8.544574   -7.044574 (VIOLATED)
_23617_/A1                              1.500000    8.544574   -7.044574 (VIOLATED)
_23640_/A1                              1.500000    8.544574   -7.044574 (VIOLATED)
_23644_/A1                              1.500000    8.544574   -7.044574 (VIOLATED)
_23657_/A                               1.500000    8.544574   -7.044574 (VIOLATED)
_23665_/A1                              1.500000    8.544574   -7.044574 (VIOLATED)
_23679_/A                               1.500000    8.544574   -7.044574 (VIOLATED)
_23686_/A                               1.500000    8.544574   -7.044574 (VIOLATED)
_23705_/A1                              1.500000    8.544574   -7.044574 (VIOLATED)
_23709_/A1                              1.500000    8.544574   -7.044574 (VIOLATED)
_23747_/A                               1.500000    8.544574   -7.044574 (VIOLATED)
_23752_/A1                              1.500000    8.544574   -7.044574 (VIOLATED)
_23768_/A                               1.500000    8.544574   -7.044574 (VIOLATED)
_23773_/A1                              1.500000    8.544574   -7.044574 (VIOLATED)
_23792_/A1                              1.500000    8.544574   -7.044574 (VIOLATED)
_23815_/A1                              1.500000    8.544574   -7.044574 (VIOLATED)
_23819_/A1                              1.500000    8.544574   -7.044574 (VIOLATED)
_23830_/A                               1.500000    8.544574   -7.044574 (VIOLATED)
_23838_/A1                              1.500000    8.544574   -7.044574 (VIOLATED)
_23851_/A                               1.500000    8.544574   -7.044574 (VIOLATED)
_23858_/A                               1.500000    8.544574   -7.044574 (VIOLATED)
_23877_/A1                              1.500000    8.544574   -7.044574 (VIOLATED)
_23881_/A1                              1.500000    8.544574   -7.044574 (VIOLATED)
_23905_/A1                              1.500000    8.544574   -7.044574 (VIOLATED)
_23920_/A                               1.500000    8.544574   -7.044574 (VIOLATED)
_23925_/A1                              1.500000    8.544574   -7.044574 (VIOLATED)
_23941_/A                               1.500000    8.544574   -7.044574 (VIOLATED)
_23946_/A1                              1.500000    8.544574   -7.044574 (VIOLATED)
_23965_/A1                              1.500000    8.544574   -7.044574 (VIOLATED)
_23988_/A1                              1.500000    8.544574   -7.044574 (VIOLATED)
_23992_/A1                              1.500000    8.544574   -7.044574 (VIOLATED)
_24003_/A                               1.500000    8.544574   -7.044574 (VIOLATED)
_24011_/A1                              1.500000    8.544574   -7.044574 (VIOLATED)
_24024_/A                               1.500000    8.544574   -7.044574 (VIOLATED)
_24031_/A                               1.500000    8.544574   -7.044574 (VIOLATED)
_24050_/A1                              1.500000    8.544574   -7.044574 (VIOLATED)
_24054_/A1                              1.500000    8.544574   -7.044574 (VIOLATED)
_24078_/A1                              1.500000    8.544574   -7.044574 (VIOLATED)
_24093_/A                               1.500000    8.544574   -7.044574 (VIOLATED)
_24098_/A1                              1.500000    8.544574   -7.044574 (VIOLATED)
_24114_/A                               1.500000    8.544574   -7.044574 (VIOLATED)
_24119_/A1                              1.500000    8.544574   -7.044574 (VIOLATED)
_24138_/A1                              1.500000    8.544574   -7.044574 (VIOLATED)
_24161_/A1                              1.500000    8.544574   -7.044574 (VIOLATED)
_24165_/A1                              1.500000    8.544574   -7.044574 (VIOLATED)
_24178_/A                               1.500000    8.544574   -7.044574 (VIOLATED)
_24186_/A1                              1.500000    8.544574   -7.044574 (VIOLATED)
_24200_/A                               1.500000    8.544574   -7.044574 (VIOLATED)
_24207_/A                               1.500000    8.544574   -7.044574 (VIOLATED)
_24226_/A1                              1.500000    8.544574   -7.044574 (VIOLATED)
_24230_/A1                              1.500000    8.544574   -7.044574 (VIOLATED)
_24253_/A1                              1.500000    8.544574   -7.044574 (VIOLATED)
_24268_/A                               1.500000    8.544574   -7.044574 (VIOLATED)
_24273_/A1                              1.500000    8.544574   -7.044574 (VIOLATED)
_24289_/A                               1.500000    8.544574   -7.044574 (VIOLATED)
_24294_/A1                              1.500000    8.544574   -7.044574 (VIOLATED)
_24313_/A1                              1.500000    8.544574   -7.044574 (VIOLATED)
_24336_/A1                              1.500000    8.544574   -7.044574 (VIOLATED)
_24340_/A1                              1.500000    8.544574   -7.044574 (VIOLATED)
_24351_/A                               1.500000    8.544574   -7.044574 (VIOLATED)
_24359_/A1                              1.500000    8.544574   -7.044574 (VIOLATED)
_24372_/A                               1.500000    8.544574   -7.044574 (VIOLATED)
_24379_/A                               1.500000    8.544574   -7.044574 (VIOLATED)
_24398_/A1                              1.500000    8.544574   -7.044574 (VIOLATED)
_24402_/A1                              1.500000    8.544574   -7.044574 (VIOLATED)
_24426_/A1                              1.500000    8.544574   -7.044574 (VIOLATED)
_24441_/A                               1.500000    8.544574   -7.044574 (VIOLATED)
_24446_/A1                              1.500000    8.544574   -7.044574 (VIOLATED)
_24462_/A                               1.500000    8.544574   -7.044574 (VIOLATED)
_24467_/A1                              1.500000    8.544574   -7.044574 (VIOLATED)
_24486_/A1                              1.500000    8.544574   -7.044574 (VIOLATED)
_24509_/A1                              1.500000    8.544574   -7.044574 (VIOLATED)
_24513_/A1                              1.500000    8.544574   -7.044574 (VIOLATED)
_24525_/A                               1.500000    8.544574   -7.044574 (VIOLATED)
_24533_/A1                              1.500000    8.544574   -7.044574 (VIOLATED)
_24546_/A                               1.500000    8.544574   -7.044574 (VIOLATED)
_24553_/A                               1.500000    8.544574   -7.044574 (VIOLATED)
_24572_/A1                              1.500000    8.544574   -7.044574 (VIOLATED)
_24576_/A1                              1.500000    8.544574   -7.044574 (VIOLATED)
_24600_/A1                              1.500000    8.544574   -7.044574 (VIOLATED)
_24615_/A                               1.500000    8.544574   -7.044574 (VIOLATED)
_24620_/A1                              1.500000    8.544574   -7.044574 (VIOLATED)
_24637_/A1                              1.500000    8.544574   -7.044574 (VIOLATED)
_24641_/A                               1.500000    8.544574   -7.044574 (VIOLATED)
_24660_/A1                              1.500000    8.544574   -7.044574 (VIOLATED)
_14148_/Y                               1.499372    5.992929   -4.493557 (VIOLATED)
_14273_/A1                              1.500000    5.992929   -4.492929 (VIOLATED)
_19128_/A1                              1.500000    5.992929   -4.492929 (VIOLATED)
_19135_/A1                              1.500000    5.992929   -4.492929 (VIOLATED)
_19139_/A1                              1.500000    5.992929   -4.492929 (VIOLATED)
_19153_/B2                              1.500000    5.992929   -4.492929 (VIOLATED)
_19157_/A1                              1.500000    5.992929   -4.492929 (VIOLATED)
_19170_/A1                              1.500000    5.992929   -4.492929 (VIOLATED)
_19175_/A1                              1.500000    5.992929   -4.492929 (VIOLATED)
_19183_/A1                              1.500000    5.992929   -4.492929 (VIOLATED)
_19193_/A1                              1.500000    5.992929   -4.492929 (VIOLATED)
_19206_/A1                              1.500000    5.992929   -4.492929 (VIOLATED)
_19216_/A1                              1.500000    5.992929   -4.492929 (VIOLATED)
_19223_/S                               1.500000    5.992929   -4.492929 (VIOLATED)
_19230_/A1                              1.500000    5.992929   -4.492929 (VIOLATED)
_19234_/A1                              1.500000    5.992929   -4.492929 (VIOLATED)
_19237_/S                               1.500000    5.992929   -4.492929 (VIOLATED)
_19249_/B1                              1.500000    5.992929   -4.492929 (VIOLATED)
_19255_/A1                              1.500000    5.992929   -4.492929 (VIOLATED)
_19261_/A                               1.500000    5.992929   -4.492929 (VIOLATED)
_19273_/A1                              1.500000    5.992929   -4.492929 (VIOLATED)
_19276_/S                               1.500000    5.992929   -4.492929 (VIOLATED)
_19287_/A1                              1.500000    5.992929   -4.492929 (VIOLATED)
_19296_/B1                              1.500000    5.992929   -4.492929 (VIOLATED)
_19301_/A1                              1.500000    5.992929   -4.492929 (VIOLATED)
_19315_/B2                              1.500000    5.992929   -4.492929 (VIOLATED)
_19319_/A1                              1.500000    5.992929   -4.492929 (VIOLATED)
_19329_/B2                              1.500000    5.992929   -4.492929 (VIOLATED)
_19335_/B2                              1.500000    5.992929   -4.492929 (VIOLATED)
_19339_/A1                              1.500000    5.992929   -4.492929 (VIOLATED)
_19347_/A1                              1.500000    5.992929   -4.492929 (VIOLATED)
_19355_/B1                              1.500000    5.992929   -4.492929 (VIOLATED)
_19361_/A1                              1.500000    5.992929   -4.492929 (VIOLATED)
_19374_/A1                              1.500000    5.992929   -4.492929 (VIOLATED)
_19384_/A1                              1.500000    5.992929   -4.492929 (VIOLATED)
_19399_/B1                              1.500000    5.992929   -4.492929 (VIOLATED)
_19405_/A1                              1.500000    5.992929   -4.492929 (VIOLATED)
_19420_/B1                              1.500000    5.992929   -4.492929 (VIOLATED)
_19426_/A1                              1.500000    5.992929   -4.492929 (VIOLATED)
_19433_/A1                              1.500000    5.992929   -4.492929 (VIOLATED)
_19440_/A1                              1.500000    5.992929   -4.492929 (VIOLATED)
_19444_/A1                              1.500000    5.992929   -4.492929 (VIOLATED)
_19457_/A1                              1.500000    5.992929   -4.492929 (VIOLATED)
_19466_/B1                              1.500000    5.992929   -4.492929 (VIOLATED)
_19471_/A1                              1.500000    5.992929   -4.492929 (VIOLATED)
_19474_/S                               1.500000    5.992929   -4.492929 (VIOLATED)
_19481_/A1                              1.500000    5.992929   -4.492929 (VIOLATED)
_19487_/A1                              1.500000    5.992929   -4.492929 (VIOLATED)
_19492_/A1                              1.500000    5.992929   -4.492929 (VIOLATED)
_19502_/B2                              1.500000    5.992929   -4.492929 (VIOLATED)
_19508_/B2                              1.500000    5.992929   -4.492929 (VIOLATED)
_19512_/A1                              1.500000    5.992929   -4.492929 (VIOLATED)
_19520_/A1                              1.500000    5.992929   -4.492929 (VIOLATED)
_19528_/B1                              1.500000    5.992929   -4.492929 (VIOLATED)
_19534_/A1                              1.500000    5.992929   -4.492929 (VIOLATED)
_19547_/A1                              1.500000    5.992929   -4.492929 (VIOLATED)
_19557_/A1                              1.500000    5.992929   -4.492929 (VIOLATED)
_19572_/B1                              1.500000    5.992929   -4.492929 (VIOLATED)
_19578_/A1                              1.500000    5.992929   -4.492929 (VIOLATED)
_19593_/B1                              1.500000    5.992929   -4.492929 (VIOLATED)
_19599_/A1                              1.500000    5.992929   -4.492929 (VIOLATED)
_19606_/A1                              1.500000    5.992929   -4.492929 (VIOLATED)
_19613_/A1                              1.500000    5.992929   -4.492929 (VIOLATED)
_19617_/A1                              1.500000    5.992929   -4.492929 (VIOLATED)
_19630_/A1                              1.500000    5.992929   -4.492929 (VIOLATED)
_19639_/B1                              1.500000    5.992929   -4.492929 (VIOLATED)
_19644_/A1                              1.500000    5.992929   -4.492929 (VIOLATED)
_19647_/S                               1.500000    5.992929   -4.492929 (VIOLATED)
_19654_/A1                              1.500000    5.992929   -4.492929 (VIOLATED)
_19660_/A1                              1.500000    5.992929   -4.492929 (VIOLATED)
_19665_/A1                              1.500000    5.992929   -4.492929 (VIOLATED)
_19675_/B2                              1.500000    5.992929   -4.492929 (VIOLATED)
_19681_/B2                              1.500000    5.992929   -4.492929 (VIOLATED)
_19685_/A1                              1.500000    5.992929   -4.492929 (VIOLATED)
_19693_/A1                              1.500000    5.992929   -4.492929 (VIOLATED)
_19701_/B1                              1.500000    5.992929   -4.492929 (VIOLATED)
_19707_/A1                              1.500000    5.992929   -4.492929 (VIOLATED)
_19719_/A1                              1.500000    5.992929   -4.492929 (VIOLATED)
_19726_/A1                              1.500000    5.992929   -4.492929 (VIOLATED)
_19730_/A1                              1.500000    5.992929   -4.492929 (VIOLATED)
_19745_/B1                              1.500000    5.992929   -4.492929 (VIOLATED)
_19751_/A1                              1.500000    5.992929   -4.492929 (VIOLATED)
_19766_/B1                              1.500000    5.992929   -4.492929 (VIOLATED)
_19772_/A1                              1.500000    5.992929   -4.492929 (VIOLATED)
_19779_/A1                              1.500000    5.992929   -4.492929 (VIOLATED)
_19786_/A1                              1.500000    5.992929   -4.492929 (VIOLATED)
_19790_/A1                              1.500000    5.992929   -4.492929 (VIOLATED)
_19803_/A1                              1.500000    5.992929   -4.492929 (VIOLATED)
_19812_/B1                              1.500000    5.992929   -4.492929 (VIOLATED)
_19817_/A1                              1.500000    5.992929   -4.492929 (VIOLATED)
_19820_/S                               1.500000    5.992929   -4.492929 (VIOLATED)
_19827_/A1                              1.500000    5.992929   -4.492929 (VIOLATED)
_19833_/A1                              1.500000    5.992929   -4.492929 (VIOLATED)
_19838_/A1                              1.500000    5.992929   -4.492929 (VIOLATED)
_19848_/B2                              1.500000    5.992929   -4.492929 (VIOLATED)
_19854_/B2                              1.500000    5.992929   -4.492929 (VIOLATED)
_19858_/A1                              1.500000    5.992929   -4.492929 (VIOLATED)
_19866_/A1                              1.500000    5.992929   -4.492929 (VIOLATED)
_19874_/B1                              1.500000    5.992929   -4.492929 (VIOLATED)
_19880_/A1                              1.500000    5.992929   -4.492929 (VIOLATED)
_19892_/A1                              1.500000    5.992929   -4.492929 (VIOLATED)
_19899_/A1                              1.500000    5.992929   -4.492929 (VIOLATED)
_19903_/A1                              1.500000    5.992929   -4.492929 (VIOLATED)
_19918_/B1                              1.500000    5.992929   -4.492929 (VIOLATED)
_19924_/A1                              1.500000    5.992929   -4.492929 (VIOLATED)
_19939_/B1                              1.500000    5.992929   -4.492929 (VIOLATED)
_19945_/A1                              1.500000    5.992929   -4.492929 (VIOLATED)
_19952_/A1                              1.500000    5.992929   -4.492929 (VIOLATED)
_19959_/A1                              1.500000    5.992929   -4.492929 (VIOLATED)
_19963_/A1                              1.500000    5.992929   -4.492929 (VIOLATED)
_19976_/A1                              1.500000    5.992929   -4.492929 (VIOLATED)
_19985_/B1                              1.500000    5.992929   -4.492929 (VIOLATED)
_19990_/A1                              1.500000    5.992929   -4.492929 (VIOLATED)
_19993_/S                               1.500000    5.992929   -4.492929 (VIOLATED)
_20000_/A1                              1.500000    5.992929   -4.492929 (VIOLATED)
_20006_/A1                              1.500000    5.992929   -4.492929 (VIOLATED)
_20011_/A1                              1.500000    5.992929   -4.492929 (VIOLATED)
_20021_/B2                              1.500000    5.992929   -4.492929 (VIOLATED)
_20027_/B2                              1.500000    5.992929   -4.492929 (VIOLATED)
_20031_/A1                              1.500000    5.992929   -4.492929 (VIOLATED)
_20039_/A1                              1.500000    5.992929   -4.492929 (VIOLATED)
_20047_/B1                              1.500000    5.992929   -4.492929 (VIOLATED)
_20053_/A1                              1.500000    5.992929   -4.492929 (VIOLATED)
_20065_/A1                              1.500000    5.992929   -4.492929 (VIOLATED)
_20072_/A1                              1.500000    5.992929   -4.492929 (VIOLATED)
_20076_/A1                              1.500000    5.992929   -4.492929 (VIOLATED)
_20091_/B1                              1.500000    5.992929   -4.492929 (VIOLATED)
_20097_/A1                              1.500000    5.992929   -4.492929 (VIOLATED)
_20112_/B1                              1.500000    5.992929   -4.492929 (VIOLATED)
_20118_/A1                              1.500000    5.992929   -4.492929 (VIOLATED)
_20125_/A1                              1.500000    5.992929   -4.492929 (VIOLATED)
_20132_/A1                              1.500000    5.992929   -4.492929 (VIOLATED)
_20136_/A1                              1.500000    5.992929   -4.492929 (VIOLATED)
_20149_/A1                              1.500000    5.992929   -4.492929 (VIOLATED)
_20158_/B1                              1.500000    5.992929   -4.492929 (VIOLATED)
_20162_/A                               1.500000    5.992929   -4.492929 (VIOLATED)
_20167_/S                               1.500000    5.992929   -4.492929 (VIOLATED)
_20175_/A1                              1.500000    5.992929   -4.492929 (VIOLATED)
_20181_/A1                              1.500000    5.992929   -4.492929 (VIOLATED)
_20186_/A1                              1.500000    5.992929   -4.492929 (VIOLATED)
_20197_/B2                              1.500000    5.992929   -4.492929 (VIOLATED)
_20203_/B2                              1.500000    5.992929   -4.492929 (VIOLATED)
_20207_/A1                              1.500000    5.992929   -4.492929 (VIOLATED)
_20215_/A1                              1.500000    5.992929   -4.492929 (VIOLATED)
_20223_/B1                              1.500000    5.992929   -4.492929 (VIOLATED)
_20229_/A1                              1.500000    5.992929   -4.492929 (VIOLATED)
_20240_/A1                              1.500000    5.992929   -4.492929 (VIOLATED)
_20247_/A1                              1.500000    5.992929   -4.492929 (VIOLATED)
_20251_/A1                              1.500000    5.992929   -4.492929 (VIOLATED)
_20266_/B1                              1.500000    5.992929   -4.492929 (VIOLATED)
_20272_/A1                              1.500000    5.992929   -4.492929 (VIOLATED)
_20287_/B1                              1.500000    5.992929   -4.492929 (VIOLATED)
_20293_/A1                              1.500000    5.992929   -4.492929 (VIOLATED)
_20300_/A1                              1.500000    5.992929   -4.492929 (VIOLATED)
_20307_/A1                              1.500000    5.992929   -4.492929 (VIOLATED)
_20311_/A1                              1.500000    5.992929   -4.492929 (VIOLATED)
_20324_/A1                              1.500000    5.992929   -4.492929 (VIOLATED)
_20333_/B1                              1.500000    5.992929   -4.492929 (VIOLATED)
_20337_/A                               1.500000    5.992929   -4.492929 (VIOLATED)
_20342_/S                               1.500000    5.992929   -4.492929 (VIOLATED)
_20350_/A1                              1.500000    5.992929   -4.492929 (VIOLATED)
_20356_/A1                              1.500000    5.992929   -4.492929 (VIOLATED)
_20361_/A1                              1.500000    5.992929   -4.492929 (VIOLATED)
_20372_/B2                              1.500000    5.992929   -4.492929 (VIOLATED)
_20378_/B2                              1.500000    5.992929   -4.492929 (VIOLATED)
_20382_/A1                              1.500000    5.992929   -4.492929 (VIOLATED)
_20390_/A1                              1.500000    5.992929   -4.492929 (VIOLATED)
_20398_/B1                              1.500000    5.992929   -4.492929 (VIOLATED)
_20404_/A1                              1.500000    5.992929   -4.492929 (VIOLATED)
_20415_/A1                              1.500000    5.992929   -4.492929 (VIOLATED)
_20422_/A1                              1.500000    5.992929   -4.492929 (VIOLATED)
_20426_/A1                              1.500000    5.992929   -4.492929 (VIOLATED)
_20441_/B1                              1.500000    5.992929   -4.492929 (VIOLATED)
_20447_/A1                              1.500000    5.992929   -4.492929 (VIOLATED)
_20462_/B1                              1.500000    5.992929   -4.492929 (VIOLATED)
_20468_/A1                              1.500000    5.992929   -4.492929 (VIOLATED)
_20475_/A1                              1.500000    5.992929   -4.492929 (VIOLATED)
_20482_/A1                              1.500000    5.992929   -4.492929 (VIOLATED)
_20486_/A1                              1.500000    5.992929   -4.492929 (VIOLATED)
_20499_/A1                              1.500000    5.992929   -4.492929 (VIOLATED)
_20508_/B1                              1.500000    5.992929   -4.492929 (VIOLATED)
_20512_/A                               1.500000    5.992929   -4.492929 (VIOLATED)
_20517_/S                               1.500000    5.992929   -4.492929 (VIOLATED)
_20525_/A1                              1.500000    5.992929   -4.492929 (VIOLATED)
_20531_/A1                              1.500000    5.992929   -4.492929 (VIOLATED)
_20536_/A1                              1.500000    5.992929   -4.492929 (VIOLATED)
_20547_/B2                              1.500000    5.992929   -4.492929 (VIOLATED)
_20553_/B2                              1.500000    5.992929   -4.492929 (VIOLATED)
_20557_/A1                              1.500000    5.992929   -4.492929 (VIOLATED)
_20565_/A1                              1.500000    5.992929   -4.492929 (VIOLATED)
_20573_/B1                              1.500000    5.992929   -4.492929 (VIOLATED)
_20579_/A1                              1.500000    5.992929   -4.492929 (VIOLATED)
_20591_/A1                              1.500000    5.992929   -4.492929 (VIOLATED)
_20601_/A1                              1.500000    5.992929   -4.492929 (VIOLATED)
_20616_/B1                              1.500000    5.992929   -4.492929 (VIOLATED)
_20622_/A1                              1.500000    5.992929   -4.492929 (VIOLATED)
_20637_/B1                              1.500000    5.992929   -4.492929 (VIOLATED)
_20643_/A1                              1.500000    5.992929   -4.492929 (VIOLATED)
_20650_/A1                              1.500000    5.992929   -4.492929 (VIOLATED)
_20657_/A1                              1.500000    5.992929   -4.492929 (VIOLATED)
_20661_/A1                              1.500000    5.992929   -4.492929 (VIOLATED)
_20674_/A1                              1.500000    5.992929   -4.492929 (VIOLATED)
_20683_/B1                              1.500000    5.992929   -4.492929 (VIOLATED)
_20688_/A1                              1.500000    5.992929   -4.492929 (VIOLATED)
_20691_/S                               1.500000    5.992929   -4.492929 (VIOLATED)
_20698_/A1                              1.500000    5.992929   -4.492929 (VIOLATED)
_20704_/A1                              1.500000    5.992929   -4.492929 (VIOLATED)
_20709_/A1                              1.500000    5.992929   -4.492929 (VIOLATED)
_20719_/B2                              1.500000    5.992929   -4.492929 (VIOLATED)
_20725_/B2                              1.500000    5.992929   -4.492929 (VIOLATED)
_20729_/A1                              1.500000    5.992929   -4.492929 (VIOLATED)
_20737_/A1                              1.500000    5.992929   -4.492929 (VIOLATED)
_20745_/B1                              1.500000    5.992929   -4.492929 (VIOLATED)
_20751_/A1                              1.500000    5.992929   -4.492929 (VIOLATED)
_20764_/A1                              1.500000    5.992929   -4.492929 (VIOLATED)
_20774_/A1                              1.500000    5.992929   -4.492929 (VIOLATED)
_20789_/B1                              1.500000    5.992929   -4.492929 (VIOLATED)
_20795_/A1                              1.500000    5.992929   -4.492929 (VIOLATED)
_20810_/B1                              1.500000    5.992929   -4.492929 (VIOLATED)
_20816_/A1                              1.500000    5.992929   -4.492929 (VIOLATED)
_20823_/A1                              1.500000    5.992929   -4.492929 (VIOLATED)
_20830_/A1                              1.500000    5.992929   -4.492929 (VIOLATED)
_20834_/A1                              1.500000    5.992929   -4.492929 (VIOLATED)
_20847_/A1                              1.500000    5.992929   -4.492929 (VIOLATED)
_20856_/B1                              1.500000    5.992929   -4.492929 (VIOLATED)
_20860_/A                               1.500000    5.992929   -4.492929 (VIOLATED)
_20865_/S                               1.500000    5.992929   -4.492929 (VIOLATED)
_20873_/A1                              1.500000    5.992929   -4.492929 (VIOLATED)
_20879_/A1                              1.500000    5.992929   -4.492929 (VIOLATED)
_20884_/A1                              1.500000    5.992929   -4.492929 (VIOLATED)
_20895_/B2                              1.500000    5.992929   -4.492929 (VIOLATED)
_20901_/B2                              1.500000    5.992929   -4.492929 (VIOLATED)
_20905_/A1                              1.500000    5.992929   -4.492929 (VIOLATED)
_20913_/A1                              1.500000    5.992929   -4.492929 (VIOLATED)
_20921_/B1                              1.500000    5.992929   -4.492929 (VIOLATED)
_20927_/A1                              1.500000    5.992929   -4.492929 (VIOLATED)
_20939_/A1                              1.500000    5.992929   -4.492929 (VIOLATED)
_20949_/A1                              1.500000    5.992929   -4.492929 (VIOLATED)
_20964_/B1                              1.500000    5.992929   -4.492929 (VIOLATED)
_20970_/A1                              1.500000    5.992929   -4.492929 (VIOLATED)
_20985_/B1                              1.500000    5.992929   -4.492929 (VIOLATED)
_20991_/A1                              1.500000    5.992929   -4.492929 (VIOLATED)
_20998_/A1                              1.500000    5.992929   -4.492929 (VIOLATED)
_21005_/A1                              1.500000    5.992929   -4.492929 (VIOLATED)
_21009_/A1                              1.500000    5.992929   -4.492929 (VIOLATED)
_21022_/A1                              1.500000    5.992929   -4.492929 (VIOLATED)
_21031_/B1                              1.500000    5.992929   -4.492929 (VIOLATED)
_21035_/A                               1.500000    5.992929   -4.492929 (VIOLATED)
_21040_/S                               1.500000    5.992929   -4.492929 (VIOLATED)
_21048_/A1                              1.500000    5.992929   -4.492929 (VIOLATED)
_21054_/A1                              1.500000    5.992929   -4.492929 (VIOLATED)
_21059_/A1                              1.500000    5.992929   -4.492929 (VIOLATED)
_21070_/B2                              1.500000    5.992929   -4.492929 (VIOLATED)
_21076_/B2                              1.500000    5.992929   -4.492929 (VIOLATED)
_21080_/A1                              1.500000    5.992929   -4.492929 (VIOLATED)
_21088_/A1                              1.500000    5.992929   -4.492929 (VIOLATED)
_21096_/B1                              1.500000    5.992929   -4.492929 (VIOLATED)
_21102_/A1                              1.500000    5.992929   -4.492929 (VIOLATED)
_21113_/A1                              1.500000    5.992929   -4.492929 (VIOLATED)
_21120_/A1                              1.500000    5.992929   -4.492929 (VIOLATED)
_21124_/A1                              1.500000    5.992929   -4.492929 (VIOLATED)
_21139_/B1                              1.500000    5.992929   -4.492929 (VIOLATED)
_21145_/A1                              1.500000    5.992929   -4.492929 (VIOLATED)
_21160_/B1                              1.500000    5.992929   -4.492929 (VIOLATED)
_21166_/A1                              1.500000    5.992929   -4.492929 (VIOLATED)
_21173_/A1                              1.500000    5.992929   -4.492929 (VIOLATED)
_21180_/A1                              1.500000    5.992929   -4.492929 (VIOLATED)
_21184_/A1                              1.500000    5.992929   -4.492929 (VIOLATED)
_21197_/A1                              1.500000    5.992929   -4.492929 (VIOLATED)
_21206_/B1                              1.500000    5.992929   -4.492929 (VIOLATED)
_21211_/A1                              1.500000    5.992929   -4.492929 (VIOLATED)
_21214_/S                               1.500000    5.992929   -4.492929 (VIOLATED)
_21221_/A1                              1.500000    5.992929   -4.492929 (VIOLATED)
_21227_/A1                              1.500000    5.992929   -4.492929 (VIOLATED)
_21232_/A1                              1.500000    5.992929   -4.492929 (VIOLATED)
_21242_/B2                              1.500000    5.992929   -4.492929 (VIOLATED)
_21248_/B2                              1.500000    5.992929   -4.492929 (VIOLATED)
_21252_/A1                              1.500000    5.992929   -4.492929 (VIOLATED)
_21260_/A1                              1.500000    5.992929   -4.492929 (VIOLATED)
_21268_/B1                              1.500000    5.992929   -4.492929 (VIOLATED)
_21274_/A1                              1.500000    5.992929   -4.492929 (VIOLATED)
_21287_/A1                              1.500000    5.992929   -4.492929 (VIOLATED)
_21297_/A1                              1.500000    5.992929   -4.492929 (VIOLATED)
_21312_/B1                              1.500000    5.992929   -4.492929 (VIOLATED)
_21318_/A1                              1.500000    5.992929   -4.492929 (VIOLATED)
_21333_/B1                              1.500000    5.992929   -4.492929 (VIOLATED)
_21339_/A1                              1.500000    5.992929   -4.492929 (VIOLATED)
_21346_/A1                              1.500000    5.992929   -4.492929 (VIOLATED)
_21353_/A1                              1.500000    5.992929   -4.492929 (VIOLATED)
_21357_/A1                              1.500000    5.992929   -4.492929 (VIOLATED)
_21370_/A1                              1.500000    5.992929   -4.492929 (VIOLATED)
_21379_/B1                              1.500000    5.992929   -4.492929 (VIOLATED)
_21383_/A                               1.500000    5.992929   -4.492929 (VIOLATED)
_21388_/S                               1.500000    5.992929   -4.492929 (VIOLATED)
_21396_/A1                              1.500000    5.992929   -4.492929 (VIOLATED)
_21402_/A1                              1.500000    5.992929   -4.492929 (VIOLATED)
_21407_/A1                              1.500000    5.992929   -4.492929 (VIOLATED)
_21418_/B2                              1.500000    5.992929   -4.492929 (VIOLATED)
_21424_/B2                              1.500000    5.992929   -4.492929 (VIOLATED)
_21428_/A1                              1.500000    5.992929   -4.492929 (VIOLATED)
_21436_/A1                              1.500000    5.992929   -4.492929 (VIOLATED)
_21444_/B1                              1.500000    5.992929   -4.492929 (VIOLATED)
_21450_/A1                              1.500000    5.992929   -4.492929 (VIOLATED)
_21462_/A1                              1.500000    5.992929   -4.492929 (VIOLATED)
_21472_/A1                              1.500000    5.992929   -4.492929 (VIOLATED)
_21487_/B1                              1.500000    5.992929   -4.492929 (VIOLATED)
_21493_/A1                              1.500000    5.992929   -4.492929 (VIOLATED)
_21508_/B1                              1.500000    5.992929   -4.492929 (VIOLATED)
_21514_/A1                              1.500000    5.992929   -4.492929 (VIOLATED)
_21521_/A1                              1.500000    5.992929   -4.492929 (VIOLATED)
_21528_/A1                              1.500000    5.992929   -4.492929 (VIOLATED)
_21532_/A1                              1.500000    5.992929   -4.492929 (VIOLATED)
_21545_/A1                              1.500000    5.992929   -4.492929 (VIOLATED)
_21554_/B1                              1.500000    5.992929   -4.492929 (VIOLATED)
_21559_/A1                              1.500000    5.992929   -4.492929 (VIOLATED)
_21562_/S                               1.500000    5.992929   -4.492929 (VIOLATED)
_21569_/A1                              1.500000    5.992929   -4.492929 (VIOLATED)
_21575_/A1                              1.500000    5.992929   -4.492929 (VIOLATED)
_21580_/A1                              1.500000    5.992929   -4.492929 (VIOLATED)
_21590_/B2                              1.500000    5.992929   -4.492929 (VIOLATED)
_21596_/B2                              1.500000    5.992929   -4.492929 (VIOLATED)
_21600_/A1                              1.500000    5.992929   -4.492929 (VIOLATED)
_21608_/A1                              1.500000    5.992929   -4.492929 (VIOLATED)
_21616_/B1                              1.500000    5.992929   -4.492929 (VIOLATED)
_21622_/A1                              1.500000    5.992929   -4.492929 (VIOLATED)
_21635_/A1                              1.500000    5.992929   -4.492929 (VIOLATED)
_21645_/A1                              1.500000    5.992929   -4.492929 (VIOLATED)
_21660_/B1                              1.500000    5.992929   -4.492929 (VIOLATED)
_21666_/A1                              1.500000    5.992929   -4.492929 (VIOLATED)
_21681_/B1                              1.500000    5.992929   -4.492929 (VIOLATED)
_21687_/A1                              1.500000    5.992929   -4.492929 (VIOLATED)
_21694_/A1                              1.500000    5.992929   -4.492929 (VIOLATED)
_21701_/A1                              1.500000    5.992929   -4.492929 (VIOLATED)
_21705_/A1                              1.500000    5.992929   -4.492929 (VIOLATED)
_21718_/A1                              1.500000    5.992929   -4.492929 (VIOLATED)
_21727_/B1                              1.500000    5.992929   -4.492929 (VIOLATED)
_21731_/A                               1.500000    5.992929   -4.492929 (VIOLATED)
_21736_/S                               1.500000    5.992929   -4.492929 (VIOLATED)
_21744_/A1                              1.500000    5.992929   -4.492929 (VIOLATED)
_21750_/A1                              1.500000    5.992929   -4.492929 (VIOLATED)
_21755_/A1                              1.500000    5.992929   -4.492929 (VIOLATED)
_21766_/B2                              1.500000    5.992929   -4.492929 (VIOLATED)
_21772_/B2                              1.500000    5.992929   -4.492929 (VIOLATED)
_21776_/A1                              1.500000    5.992929   -4.492929 (VIOLATED)
_21784_/A1                              1.500000    5.992929   -4.492929 (VIOLATED)
_21792_/B1                              1.500000    5.992929   -4.492929 (VIOLATED)
_21798_/A1                              1.500000    5.992929   -4.492929 (VIOLATED)
_21809_/A1                              1.500000    5.992929   -4.492929 (VIOLATED)
_21816_/A1                              1.500000    5.992929   -4.492929 (VIOLATED)
_21820_/A1                              1.500000    5.992929   -4.492929 (VIOLATED)
_21835_/B1                              1.500000    5.992929   -4.492929 (VIOLATED)
_21841_/A1                              1.500000    5.992929   -4.492929 (VIOLATED)
_21856_/B1                              1.500000    5.992929   -4.492929 (VIOLATED)
_21862_/A1                              1.500000    5.992929   -4.492929 (VIOLATED)
_21869_/A1                              1.500000    5.992929   -4.492929 (VIOLATED)
_21876_/A1                              1.500000    5.992929   -4.492929 (VIOLATED)
_21880_/A1                              1.500000    5.992929   -4.492929 (VIOLATED)
_21893_/A1                              1.500000    5.992929   -4.492929 (VIOLATED)
_21902_/B1                              1.500000    5.992929   -4.492929 (VIOLATED)
_21907_/A1                              1.500000    5.992929   -4.492929 (VIOLATED)
_21910_/S                               1.500000    5.992929   -4.492929 (VIOLATED)
_21917_/A1                              1.500000    5.992929   -4.492929 (VIOLATED)
_21923_/A1                              1.500000    5.992929   -4.492929 (VIOLATED)
_21928_/A1                              1.500000    5.992929   -4.492929 (VIOLATED)
_21938_/B2                              1.500000    5.992929   -4.492929 (VIOLATED)
_21944_/B2                              1.500000    5.992929   -4.492929 (VIOLATED)
_21948_/A1                              1.500000    5.992929   -4.492929 (VIOLATED)
_21956_/A1                              1.500000    5.992929   -4.492929 (VIOLATED)
_21964_/B1                              1.500000    5.992929   -4.492929 (VIOLATED)
_21970_/A1                              1.500000    5.992929   -4.492929 (VIOLATED)
_21982_/A1                              1.500000    5.992929   -4.492929 (VIOLATED)
_21989_/A1                              1.500000    5.992929   -4.492929 (VIOLATED)
_21993_/A1                              1.500000    5.992929   -4.492929 (VIOLATED)
_22008_/B1                              1.500000    5.992929   -4.492929 (VIOLATED)
_22014_/A1                              1.500000    5.992929   -4.492929 (VIOLATED)
_22029_/B1                              1.500000    5.992929   -4.492929 (VIOLATED)
_22035_/A1                              1.500000    5.992929   -4.492929 (VIOLATED)
_22042_/A1                              1.500000    5.992929   -4.492929 (VIOLATED)
_22049_/A1                              1.500000    5.992929   -4.492929 (VIOLATED)
_22053_/A1                              1.500000    5.992929   -4.492929 (VIOLATED)
_22066_/A1                              1.500000    5.992929   -4.492929 (VIOLATED)
_22075_/B1                              1.500000    5.992929   -4.492929 (VIOLATED)
_22079_/A                               1.500000    5.992929   -4.492929 (VIOLATED)
_22084_/S                               1.500000    5.992929   -4.492929 (VIOLATED)
_22092_/A1                              1.500000    5.992929   -4.492929 (VIOLATED)
_22098_/A1                              1.500000    5.992929   -4.492929 (VIOLATED)
_22103_/A1                              1.500000    5.992929   -4.492929 (VIOLATED)
_22114_/B2                              1.500000    5.992929   -4.492929 (VIOLATED)
_22120_/B2                              1.500000    5.992929   -4.492929 (VIOLATED)
_22124_/A1                              1.500000    5.992929   -4.492929 (VIOLATED)
_22132_/A1                              1.500000    5.992929   -4.492929 (VIOLATED)
_22140_/B1                              1.500000    5.992929   -4.492929 (VIOLATED)
_22146_/A1                              1.500000    5.992929   -4.492929 (VIOLATED)
_22158_/A1                              1.500000    5.992929   -4.492929 (VIOLATED)
_22168_/A1                              1.500000    5.992929   -4.492929 (VIOLATED)
_22183_/B1                              1.500000    5.992929   -4.492929 (VIOLATED)
_22189_/A1                              1.500000    5.992929   -4.492929 (VIOLATED)
_22204_/B1                              1.500000    5.992929   -4.492929 (VIOLATED)
_22210_/A1                              1.500000    5.992929   -4.492929 (VIOLATED)
_22217_/A1                              1.500000    5.992929   -4.492929 (VIOLATED)
_22224_/A1                              1.500000    5.992929   -4.492929 (VIOLATED)
_22228_/A1                              1.500000    5.992929   -4.492929 (VIOLATED)
_22241_/A1                              1.500000    5.992929   -4.492929 (VIOLATED)
_22250_/B1                              1.500000    5.992929   -4.492929 (VIOLATED)
_22254_/A                               1.500000    5.992929   -4.492929 (VIOLATED)
_22259_/S                               1.500000    5.992929   -4.492929 (VIOLATED)
_22267_/A1                              1.500000    5.992929   -4.492929 (VIOLATED)
_22273_/A1                              1.500000    5.992929   -4.492929 (VIOLATED)
_22278_/A1                              1.500000    5.992929   -4.492929 (VIOLATED)
_22289_/B2                              1.500000    5.992929   -4.492929 (VIOLATED)
_22295_/B2                              1.500000    5.992929   -4.492929 (VIOLATED)
_22299_/A1                              1.500000    5.992929   -4.492929 (VIOLATED)
_22307_/A1                              1.500000    5.992929   -4.492929 (VIOLATED)
_22315_/B1                              1.500000    5.992929   -4.492929 (VIOLATED)
_22321_/A1                              1.500000    5.992929   -4.492929 (VIOLATED)
_22332_/A1                              1.500000    5.992929   -4.492929 (VIOLATED)
_22339_/A1                              1.500000    5.992929   -4.492929 (VIOLATED)
_22343_/A1                              1.500000    5.992929   -4.492929 (VIOLATED)
_22358_/B1                              1.500000    5.992929   -4.492929 (VIOLATED)
_22364_/A1                              1.500000    5.992929   -4.492929 (VIOLATED)
_22379_/B1                              1.500000    5.992929   -4.492929 (VIOLATED)
_22385_/A1                              1.500000    5.992929   -4.492929 (VIOLATED)
_22392_/A1                              1.500000    5.992929   -4.492929 (VIOLATED)
_22399_/A1                              1.500000    5.992929   -4.492929 (VIOLATED)
_22403_/A1                              1.500000    5.992929   -4.492929 (VIOLATED)
_22416_/A1                              1.500000    5.992929   -4.492929 (VIOLATED)
_22425_/B1                              1.500000    5.992929   -4.492929 (VIOLATED)
_22430_/A1                              1.500000    5.992929   -4.492929 (VIOLATED)
_22433_/S                               1.500000    5.992929   -4.492929 (VIOLATED)
_22440_/A1                              1.500000    5.992929   -4.492929 (VIOLATED)
_22446_/A1                              1.500000    5.992929   -4.492929 (VIOLATED)
_22451_/A1                              1.500000    5.992929   -4.492929 (VIOLATED)
_22461_/B2                              1.500000    5.992929   -4.492929 (VIOLATED)
_22467_/B2                              1.500000    5.992929   -4.492929 (VIOLATED)
_22471_/A1                              1.500000    5.992929   -4.492929 (VIOLATED)
_22479_/A1                              1.500000    5.992929   -4.492929 (VIOLATED)
_22487_/B1                              1.500000    5.992929   -4.492929 (VIOLATED)
_22493_/A1                              1.500000    5.992929   -4.492929 (VIOLATED)
_22505_/A1                              1.500000    5.992929   -4.492929 (VIOLATED)
_22512_/A1                              1.500000    5.992929   -4.492929 (VIOLATED)
_22516_/A1                              1.500000    5.992929   -4.492929 (VIOLATED)
_22531_/B1                              1.500000    5.992929   -4.492929 (VIOLATED)
_22537_/A1                              1.500000    5.992929   -4.492929 (VIOLATED)
_22552_/B1                              1.500000    5.992929   -4.492929 (VIOLATED)
_22558_/A1                              1.500000    5.992929   -4.492929 (VIOLATED)
_22565_/A1                              1.500000    5.992929   -4.492929 (VIOLATED)
_22572_/A1                              1.500000    5.992929   -4.492929 (VIOLATED)
_22576_/A1                              1.500000    5.992929   -4.492929 (VIOLATED)
_22589_/A1                              1.500000    5.992929   -4.492929 (VIOLATED)
_22598_/B1                              1.500000    5.992929   -4.492929 (VIOLATED)
_22602_/A                               1.500000    5.992929   -4.492929 (VIOLATED)
_22607_/S                               1.500000    5.992929   -4.492929 (VIOLATED)
_22615_/A1                              1.500000    5.992929   -4.492929 (VIOLATED)
_22621_/A1                              1.500000    5.992929   -4.492929 (VIOLATED)
_22626_/A1                              1.500000    5.992929   -4.492929 (VIOLATED)
_22637_/B2                              1.500000    5.992929   -4.492929 (VIOLATED)
_22643_/B2                              1.500000    5.992929   -4.492929 (VIOLATED)
_22647_/A1                              1.500000    5.992929   -4.492929 (VIOLATED)
_22655_/A1                              1.500000    5.992929   -4.492929 (VIOLATED)
_22663_/B1                              1.500000    5.992929   -4.492929 (VIOLATED)
_22669_/A1                              1.500000    5.992929   -4.492929 (VIOLATED)
_22681_/A1                              1.500000    5.992929   -4.492929 (VIOLATED)
_22691_/A1                              1.500000    5.992929   -4.492929 (VIOLATED)
_22706_/B1                              1.500000    5.992929   -4.492929 (VIOLATED)
_22712_/A1                              1.500000    5.992929   -4.492929 (VIOLATED)
_22727_/B1                              1.500000    5.992929   -4.492929 (VIOLATED)
_22733_/A1                              1.500000    5.992929   -4.492929 (VIOLATED)
_22740_/A1                              1.500000    5.992929   -4.492929 (VIOLATED)
_22747_/A1                              1.500000    5.992929   -4.492929 (VIOLATED)
_22751_/A1                              1.500000    5.992929   -4.492929 (VIOLATED)
_22764_/A1                              1.500000    5.992929   -4.492929 (VIOLATED)
_22773_/B1                              1.500000    5.992929   -4.492929 (VIOLATED)
_22777_/A                               1.500000    5.992929   -4.492929 (VIOLATED)
_22782_/S                               1.500000    5.992929   -4.492929 (VIOLATED)
_22790_/A1                              1.500000    5.992929   -4.492929 (VIOLATED)
_22796_/A1                              1.500000    5.992929   -4.492929 (VIOLATED)
_22801_/A1                              1.500000    5.992929   -4.492929 (VIOLATED)
_22812_/B2                              1.500000    5.992929   -4.492929 (VIOLATED)
_22818_/B2                              1.500000    5.992929   -4.492929 (VIOLATED)
_22822_/A1                              1.500000    5.992929   -4.492929 (VIOLATED)
_22830_/A1                              1.500000    5.992929   -4.492929 (VIOLATED)
_22838_/B1                              1.500000    5.992929   -4.492929 (VIOLATED)
_22844_/A1                              1.500000    5.992929   -4.492929 (VIOLATED)
_22856_/A1                              1.500000    5.992929   -4.492929 (VIOLATED)
_22866_/A1                              1.500000    5.992929   -4.492929 (VIOLATED)
_22881_/B1                              1.500000    5.992929   -4.492929 (VIOLATED)
_22887_/A1                              1.500000    5.992929   -4.492929 (VIOLATED)
_22902_/B1                              1.500000    5.992929   -4.492929 (VIOLATED)
_22908_/A1                              1.500000    5.992929   -4.492929 (VIOLATED)
_22915_/A1                              1.500000    5.992929   -4.492929 (VIOLATED)
_22922_/A1                              1.500000    5.992929   -4.492929 (VIOLATED)
_22926_/A1                              1.500000    5.992929   -4.492929 (VIOLATED)
_22939_/A1                              1.500000    5.992929   -4.492929 (VIOLATED)
_22948_/B1                              1.500000    5.992929   -4.492929 (VIOLATED)
_22953_/A1                              1.500000    5.992929   -4.492929 (VIOLATED)
_22956_/S                               1.500000    5.992929   -4.492929 (VIOLATED)
_22963_/A1                              1.500000    5.992929   -4.492929 (VIOLATED)
_22969_/A1                              1.500000    5.992929   -4.492929 (VIOLATED)
_22974_/A1                              1.500000    5.992929   -4.492929 (VIOLATED)
_22984_/B2                              1.500000    5.992929   -4.492929 (VIOLATED)
_22990_/B2                              1.500000    5.992929   -4.492929 (VIOLATED)
_22994_/A1                              1.500000    5.992929   -4.492929 (VIOLATED)
_23002_/A1                              1.500000    5.992929   -4.492929 (VIOLATED)
_23010_/B1                              1.500000    5.992929   -4.492929 (VIOLATED)
_23016_/A1                              1.500000    5.992929   -4.492929 (VIOLATED)
_23029_/A1                              1.500000    5.992929   -4.492929 (VIOLATED)
_23039_/A1                              1.500000    5.992929   -4.492929 (VIOLATED)
_23054_/B1                              1.500000    5.992929   -4.492929 (VIOLATED)
_23060_/A1                              1.500000    5.992929   -4.492929 (VIOLATED)
_23075_/B1                              1.500000    5.992929   -4.492929 (VIOLATED)
_23081_/A1                              1.500000    5.992929   -4.492929 (VIOLATED)
_23088_/A1                              1.500000    5.992929   -4.492929 (VIOLATED)
_23095_/A1                              1.500000    5.992929   -4.492929 (VIOLATED)
_23099_/A1                              1.500000    5.992929   -4.492929 (VIOLATED)
_23112_/A1                              1.500000    5.992929   -4.492929 (VIOLATED)
_23121_/B1                              1.500000    5.992929   -4.492929 (VIOLATED)
_23126_/A1                              1.500000    5.992929   -4.492929 (VIOLATED)
_23129_/S                               1.500000    5.992929   -4.492929 (VIOLATED)
_23136_/A1                              1.500000    5.992929   -4.492929 (VIOLATED)
_23142_/A1                              1.500000    5.992929   -4.492929 (VIOLATED)
_23147_/A1                              1.500000    5.992929   -4.492929 (VIOLATED)
_23157_/B2                              1.500000    5.992929   -4.492929 (VIOLATED)
_23163_/B2                              1.500000    5.992929   -4.492929 (VIOLATED)
_23167_/A1                              1.500000    5.992929   -4.492929 (VIOLATED)
_23175_/A1                              1.500000    5.992929   -4.492929 (VIOLATED)
_23183_/B1                              1.500000    5.992929   -4.492929 (VIOLATED)
_23189_/A1                              1.500000    5.992929   -4.492929 (VIOLATED)
_23201_/A1                              1.500000    5.992929   -4.492929 (VIOLATED)
_23208_/A1                              1.500000    5.992929   -4.492929 (VIOLATED)
_23212_/A1                              1.500000    5.992929   -4.492929 (VIOLATED)
_23227_/B1                              1.500000    5.992929   -4.492929 (VIOLATED)
_23233_/A1                              1.500000    5.992929   -4.492929 (VIOLATED)
_23248_/B1                              1.500000    5.992929   -4.492929 (VIOLATED)
_23254_/A1                              1.500000    5.992929   -4.492929 (VIOLATED)
_23261_/A1                              1.500000    5.992929   -4.492929 (VIOLATED)
_23268_/A1                              1.500000    5.992929   -4.492929 (VIOLATED)
_23272_/A1                              1.500000    5.992929   -4.492929 (VIOLATED)
_23285_/A1                              1.500000    5.992929   -4.492929 (VIOLATED)
_23294_/B1                              1.500000    5.992929   -4.492929 (VIOLATED)
_23298_/A                               1.500000    5.992929   -4.492929 (VIOLATED)
_23303_/S                               1.500000    5.992929   -4.492929 (VIOLATED)
_23311_/A1                              1.500000    5.992929   -4.492929 (VIOLATED)
_23317_/A1                              1.500000    5.992929   -4.492929 (VIOLATED)
_23322_/A1                              1.500000    5.992929   -4.492929 (VIOLATED)
_23333_/B2                              1.500000    5.992929   -4.492929 (VIOLATED)
_23339_/B2                              1.500000    5.992929   -4.492929 (VIOLATED)
_23343_/A1                              1.500000    5.992929   -4.492929 (VIOLATED)
_23351_/A1                              1.500000    5.992929   -4.492929 (VIOLATED)
_23359_/B1                              1.500000    5.992929   -4.492929 (VIOLATED)
_23365_/A1                              1.500000    5.992929   -4.492929 (VIOLATED)
_23376_/A1                              1.500000    5.992929   -4.492929 (VIOLATED)
_23383_/A1                              1.500000    5.992929   -4.492929 (VIOLATED)
_23387_/A1                              1.500000    5.992929   -4.492929 (VIOLATED)
_23402_/B1                              1.500000    5.992929   -4.492929 (VIOLATED)
_23408_/A1                              1.500000    5.992929   -4.492929 (VIOLATED)
_23423_/B1                              1.500000    5.992929   -4.492929 (VIOLATED)
_23429_/A1                              1.500000    5.992929   -4.492929 (VIOLATED)
_23436_/A1                              1.500000    5.992929   -4.492929 (VIOLATED)
_23443_/A1                              1.500000    5.992929   -4.492929 (VIOLATED)
_23447_/A1                              1.500000    5.992929   -4.492929 (VIOLATED)
_23460_/A1                              1.500000    5.992929   -4.492929 (VIOLATED)
_23469_/B1                              1.500000    5.992929   -4.492929 (VIOLATED)
_23473_/A                               1.500000    5.992929   -4.492929 (VIOLATED)
_23478_/S                               1.500000    5.992929   -4.492929 (VIOLATED)
_23486_/A1                              1.500000    5.992929   -4.492929 (VIOLATED)
_23492_/A1                              1.500000    5.992929   -4.492929 (VIOLATED)
_23497_/A1                              1.500000    5.992929   -4.492929 (VIOLATED)
_23508_/B2                              1.500000    5.992929   -4.492929 (VIOLATED)
_23514_/B2                              1.500000    5.992929   -4.492929 (VIOLATED)
_23518_/A1                              1.500000    5.992929   -4.492929 (VIOLATED)
_23526_/A1                              1.500000    5.992929   -4.492929 (VIOLATED)
_23534_/B1                              1.500000    5.992929   -4.492929 (VIOLATED)
_23540_/A1                              1.500000    5.992929   -4.492929 (VIOLATED)
_23552_/A1                              1.500000    5.992929   -4.492929 (VIOLATED)
_23562_/A1                              1.500000    5.992929   -4.492929 (VIOLATED)
_23577_/B1                              1.500000    5.992929   -4.492929 (VIOLATED)
_23583_/A1                              1.500000    5.992929   -4.492929 (VIOLATED)
_23598_/B1                              1.500000    5.992929   -4.492929 (VIOLATED)
_23604_/A1                              1.500000    5.992929   -4.492929 (VIOLATED)
_23611_/A1                              1.500000    5.992929   -4.492929 (VIOLATED)
_23618_/A1                              1.500000    5.992929   -4.492929 (VIOLATED)
_23622_/A1                              1.500000    5.992929   -4.492929 (VIOLATED)
_23635_/A1                              1.500000    5.992929   -4.492929 (VIOLATED)
_23644_/B1                              1.500000    5.992929   -4.492929 (VIOLATED)
_23648_/A                               1.500000    5.992929   -4.492929 (VIOLATED)
_23653_/S                               1.500000    5.992929   -4.492929 (VIOLATED)
_23661_/A1                              1.500000    5.992929   -4.492929 (VIOLATED)
_23667_/A1                              1.500000    5.992929   -4.492929 (VIOLATED)
_23672_/A1                              1.500000    5.992929   -4.492929 (VIOLATED)
_23683_/B2                              1.500000    5.992929   -4.492929 (VIOLATED)
_23689_/B2                              1.500000    5.992929   -4.492929 (VIOLATED)
_23693_/A1                              1.500000    5.992929   -4.492929 (VIOLATED)
_23701_/A1                              1.500000    5.992929   -4.492929 (VIOLATED)
_23709_/B1                              1.500000    5.992929   -4.492929 (VIOLATED)
_23715_/A1                              1.500000    5.992929   -4.492929 (VIOLATED)
_23727_/A1                              1.500000    5.992929   -4.492929 (VIOLATED)
_23737_/A1                              1.500000    5.992929   -4.492929 (VIOLATED)
_23752_/B1                              1.500000    5.992929   -4.492929 (VIOLATED)
_23758_/A1                              1.500000    5.992929   -4.492929 (VIOLATED)
_23773_/B1                              1.500000    5.992929   -4.492929 (VIOLATED)
_23779_/A1                              1.500000    5.992929   -4.492929 (VIOLATED)
_23786_/A1                              1.500000    5.992929   -4.492929 (VIOLATED)
_23793_/A1                              1.500000    5.992929   -4.492929 (VIOLATED)
_23797_/A1                              1.500000    5.992929   -4.492929 (VIOLATED)
_23810_/A1                              1.500000    5.992929   -4.492929 (VIOLATED)
_23819_/B1                              1.500000    5.992929   -4.492929 (VIOLATED)
_23824_/A1                              1.500000    5.992929   -4.492929 (VIOLATED)
_23827_/S                               1.500000    5.992929   -4.492929 (VIOLATED)
_23834_/A1                              1.500000    5.992929   -4.492929 (VIOLATED)
_23840_/A1                              1.500000    5.992929   -4.492929 (VIOLATED)
_23845_/A1                              1.500000    5.992929   -4.492929 (VIOLATED)
_23855_/B2                              1.500000    5.992929   -4.492929 (VIOLATED)
_23861_/B2                              1.500000    5.992929   -4.492929 (VIOLATED)
_23865_/A1                              1.500000    5.992929   -4.492929 (VIOLATED)
_23873_/A1                              1.500000    5.992929   -4.492929 (VIOLATED)
_23881_/B1                              1.500000    5.992929   -4.492929 (VIOLATED)
_23887_/A1                              1.500000    5.992929   -4.492929 (VIOLATED)
_23899_/A1                              1.500000    5.992929   -4.492929 (VIOLATED)
_23906_/A1                              1.500000    5.992929   -4.492929 (VIOLATED)
_23910_/A1                              1.500000    5.992929   -4.492929 (VIOLATED)
_23925_/B1                              1.500000    5.992929   -4.492929 (VIOLATED)
_23931_/A1                              1.500000    5.992929   -4.492929 (VIOLATED)
_23946_/B1                              1.500000    5.992929   -4.492929 (VIOLATED)
_23952_/A1                              1.500000    5.992929   -4.492929 (VIOLATED)
_23959_/A1                              1.500000    5.992929   -4.492929 (VIOLATED)
_23966_/A1                              1.500000    5.992929   -4.492929 (VIOLATED)
_23970_/A1                              1.500000    5.992929   -4.492929 (VIOLATED)
_23983_/A1                              1.500000    5.992929   -4.492929 (VIOLATED)
_23992_/B1                              1.500000    5.992929   -4.492929 (VIOLATED)
_23997_/A1                              1.500000    5.992929   -4.492929 (VIOLATED)
_24000_/S                               1.500000    5.992929   -4.492929 (VIOLATED)
_24007_/A1                              1.500000    5.992929   -4.492929 (VIOLATED)
_24013_/A1                              1.500000    5.992929   -4.492929 (VIOLATED)
_24018_/A1                              1.500000    5.992929   -4.492929 (VIOLATED)
_24028_/B2                              1.500000    5.992929   -4.492929 (VIOLATED)
_24034_/B2                              1.500000    5.992929   -4.492929 (VIOLATED)
_24038_/A1                              1.500000    5.992929   -4.492929 (VIOLATED)
_24046_/A1                              1.500000    5.992929   -4.492929 (VIOLATED)
_24054_/B1                              1.500000    5.992929   -4.492929 (VIOLATED)
_24060_/A1                              1.500000    5.992929   -4.492929 (VIOLATED)
_24072_/A1                              1.500000    5.992929   -4.492929 (VIOLATED)
_24079_/A1                              1.500000    5.992929   -4.492929 (VIOLATED)
_24083_/A1                              1.500000    5.992929   -4.492929 (VIOLATED)
_24098_/B1                              1.500000    5.992929   -4.492929 (VIOLATED)
_24104_/A1                              1.500000    5.992929   -4.492929 (VIOLATED)
_24119_/B1                              1.500000    5.992929   -4.492929 (VIOLATED)
_24125_/A1                              1.500000    5.992929   -4.492929 (VIOLATED)
_24132_/A1                              1.500000    5.992929   -4.492929 (VIOLATED)
_24139_/A1                              1.500000    5.992929   -4.492929 (VIOLATED)
_24143_/A1                              1.500000    5.992929   -4.492929 (VIOLATED)
_24156_/A1                              1.500000    5.992929   -4.492929 (VIOLATED)
_24165_/B1                              1.500000    5.992929   -4.492929 (VIOLATED)
_24169_/A                               1.500000    5.992929   -4.492929 (VIOLATED)
_24174_/S                               1.500000    5.992929   -4.492929 (VIOLATED)
_24182_/A1                              1.500000    5.992929   -4.492929 (VIOLATED)
_24188_/A1                              1.500000    5.992929   -4.492929 (VIOLATED)
_24193_/A1                              1.500000    5.992929   -4.492929 (VIOLATED)
_24204_/B2                              1.500000    5.992929   -4.492929 (VIOLATED)
_24210_/B2                              1.500000    5.992929   -4.492929 (VIOLATED)
_24214_/A1                              1.500000    5.992929   -4.492929 (VIOLATED)
_24222_/A1                              1.500000    5.992929   -4.492929 (VIOLATED)
_24230_/B1                              1.500000    5.992929   -4.492929 (VIOLATED)
_24236_/A1                              1.500000    5.992929   -4.492929 (VIOLATED)
_24247_/A1                              1.500000    5.992929   -4.492929 (VIOLATED)
_24254_/A1                              1.500000    5.992929   -4.492929 (VIOLATED)
_24258_/A1                              1.500000    5.992929   -4.492929 (VIOLATED)
_24273_/B1                              1.500000    5.992929   -4.492929 (VIOLATED)
_24279_/A1                              1.500000    5.992929   -4.492929 (VIOLATED)
_24294_/B1                              1.500000    5.992929   -4.492929 (VIOLATED)
_24300_/A1                              1.500000    5.992929   -4.492929 (VIOLATED)
_24307_/A1                              1.500000    5.992929   -4.492929 (VIOLATED)
_24314_/A1                              1.500000    5.992929   -4.492929 (VIOLATED)
_24318_/A1                              1.500000    5.992929   -4.492929 (VIOLATED)
_24331_/A1                              1.500000    5.992929   -4.492929 (VIOLATED)
_24340_/B1                              1.500000    5.992929   -4.492929 (VIOLATED)
_24345_/A1                              1.500000    5.992929   -4.492929 (VIOLATED)
_24348_/S                               1.500000    5.992929   -4.492929 (VIOLATED)
_24355_/A1                              1.500000    5.992929   -4.492929 (VIOLATED)
_24361_/A1                              1.500000    5.992929   -4.492929 (VIOLATED)
_24366_/A1                              1.500000    5.992929   -4.492929 (VIOLATED)
_24376_/B2                              1.500000    5.992929   -4.492929 (VIOLATED)
_24382_/B2                              1.500000    5.992929   -4.492929 (VIOLATED)
_24386_/A1                              1.500000    5.992929   -4.492929 (VIOLATED)
_24394_/A1                              1.500000    5.992929   -4.492929 (VIOLATED)
_24402_/B1                              1.500000    5.992929   -4.492929 (VIOLATED)
_24408_/A1                              1.500000    5.992929   -4.492929 (VIOLATED)
_24420_/A1                              1.500000    5.992929   -4.492929 (VIOLATED)
_24427_/A1                              1.500000    5.992929   -4.492929 (VIOLATED)
_24431_/A1                              1.500000    5.992929   -4.492929 (VIOLATED)
_24446_/B1                              1.500000    5.992929   -4.492929 (VIOLATED)
_24452_/A1                              1.500000    5.992929   -4.492929 (VIOLATED)
_24467_/B1                              1.500000    5.992929   -4.492929 (VIOLATED)
_24473_/A1                              1.500000    5.992929   -4.492929 (VIOLATED)
_24480_/A1                              1.500000    5.992929   -4.492929 (VIOLATED)
_24487_/A1                              1.500000    5.992929   -4.492929 (VIOLATED)
_24491_/A1                              1.500000    5.992929   -4.492929 (VIOLATED)
_24504_/A1                              1.500000    5.992929   -4.492929 (VIOLATED)
_24513_/B1                              1.500000    5.992929   -4.492929 (VIOLATED)
_24517_/A                               1.500000    5.992929   -4.492929 (VIOLATED)
_24522_/S                               1.500000    5.992929   -4.492929 (VIOLATED)
_24529_/A1                              1.500000    5.992929   -4.492929 (VIOLATED)
_24535_/A1                              1.500000    5.992929   -4.492929 (VIOLATED)
_24540_/A1                              1.500000    5.992929   -4.492929 (VIOLATED)
_24550_/B2                              1.500000    5.992929   -4.492929 (VIOLATED)
_24556_/B2                              1.500000    5.992929   -4.492929 (VIOLATED)
_24560_/A1                              1.500000    5.992929   -4.492929 (VIOLATED)
_24567_/A1                              1.500000    5.992929   -4.492929 (VIOLATED)
_24576_/B1                              1.500000    5.992929   -4.492929 (VIOLATED)
_24581_/A1                              1.500000    5.992929   -4.492929 (VIOLATED)
_24583_/A                               1.500000    5.992929   -4.492929 (VIOLATED)
_24595_/A1                              1.500000    5.992929   -4.492929 (VIOLATED)
_24601_/A1                              1.500000    5.992929   -4.492929 (VIOLATED)
_24603_/A                               1.500000    5.992929   -4.492929 (VIOLATED)
_24620_/B1                              1.500000    5.992929   -4.492929 (VIOLATED)
_24624_/A                               1.500000    5.992929   -4.492929 (VIOLATED)
_24642_/A1                              1.500000    5.992929   -4.492929 (VIOLATED)
_24645_/A                               1.500000    5.992929   -4.492929 (VIOLATED)
_24655_/A1                              1.500000    5.992929   -4.492929 (VIOLATED)
_24661_/A1                              1.500000    5.992929   -4.492929 (VIOLATED)
_24663_/A                               1.500000    5.992929   -4.492929 (VIOLATED)
_14149_/Y                               1.499372    4.387374   -2.888002 (VIOLATED)
_19128_/B1                              1.500000    4.387374   -2.887374 (VIOLATED)
_19139_/B1                              1.500000    4.387374   -2.887374 (VIOLATED)
_19153_/C1                              1.500000    4.387374   -2.887374 (VIOLATED)
_19157_/B1                              1.500000    4.387374   -2.887374 (VIOLATED)
_19170_/B1                              1.500000    4.387374   -2.887374 (VIOLATED)
_19175_/B1                              1.500000    4.387374   -2.887374 (VIOLATED)
_19183_/B1                              1.500000    4.387374   -2.887374 (VIOLATED)
_19193_/B1                              1.500000    4.387374   -2.887374 (VIOLATED)
_19206_/B1                              1.500000    4.387374   -2.887374 (VIOLATED)
_19216_/B1                              1.500000    4.387374   -2.887374 (VIOLATED)
_19230_/C1                              1.500000    4.387374   -2.887374 (VIOLATED)
_19234_/B1                              1.500000    4.387374   -2.887374 (VIOLATED)
_19250_/C1                              1.500000    4.387374   -2.887374 (VIOLATED)
_19255_/B1                              1.500000    4.387374   -2.887374 (VIOLATED)
_19263_/B1                              1.500000    4.387374   -2.887374 (VIOLATED)
_19273_/B1                              1.500000    4.387374   -2.887374 (VIOLATED)
_19287_/B1                              1.500000    4.387374   -2.887374 (VIOLATED)
_19301_/B1                              1.500000    4.387374   -2.887374 (VIOLATED)
_19315_/C1                              1.500000    4.387374   -2.887374 (VIOLATED)
_19319_/B1                              1.500000    4.387374   -2.887374 (VIOLATED)
_19335_/C1                              1.500000    4.387374   -2.887374 (VIOLATED)
_19339_/B1                              1.500000    4.387374   -2.887374 (VIOLATED)
_19347_/B1                              1.500000    4.387374   -2.887374 (VIOLATED)
_19356_/C1                              1.500000    4.387374   -2.887374 (VIOLATED)
_19361_/B1                              1.500000    4.387374   -2.887374 (VIOLATED)
_19374_/B1                              1.500000    4.387374   -2.887374 (VIOLATED)
_19384_/B1                              1.500000    4.387374   -2.887374 (VIOLATED)
_19400_/C1                              1.500000    4.387374   -2.887374 (VIOLATED)
_19405_/B1                              1.500000    4.387374   -2.887374 (VIOLATED)
_19421_/C1                              1.500000    4.387374   -2.887374 (VIOLATED)
_19426_/B1                              1.500000    4.387374   -2.887374 (VIOLATED)
_19433_/B1                              1.500000    4.387374   -2.887374 (VIOLATED)
_19444_/B1                              1.500000    4.387374   -2.887374 (VIOLATED)
_19457_/B1                              1.500000    4.387374   -2.887374 (VIOLATED)
_19471_/B1                              1.500000    4.387374   -2.887374 (VIOLATED)
_19487_/B1                              1.500000    4.387374   -2.887374 (VIOLATED)
_19492_/B1                              1.500000    4.387374   -2.887374 (VIOLATED)
_19508_/C1                              1.500000    4.387374   -2.887374 (VIOLATED)
_19512_/B1                              1.500000    4.387374   -2.887374 (VIOLATED)
_19520_/B1                              1.500000    4.387374   -2.887374 (VIOLATED)
_19529_/C1                              1.500000    4.387374   -2.887374 (VIOLATED)
_19534_/B1                              1.500000    4.387374   -2.887374 (VIOLATED)
_19547_/B1                              1.500000    4.387374   -2.887374 (VIOLATED)
_19557_/B1                              1.500000    4.387374   -2.887374 (VIOLATED)
_19573_/C1                              1.500000    4.387374   -2.887374 (VIOLATED)
_19578_/B1                              1.500000    4.387374   -2.887374 (VIOLATED)
_19594_/C1                              1.500000    4.387374   -2.887374 (VIOLATED)
_19599_/B1                              1.500000    4.387374   -2.887374 (VIOLATED)
_19606_/B1                              1.500000    4.387374   -2.887374 (VIOLATED)
_19617_/B1                              1.500000    4.387374   -2.887374 (VIOLATED)
_19630_/B1                              1.500000    4.387374   -2.887374 (VIOLATED)
_19644_/B1                              1.500000    4.387374   -2.887374 (VIOLATED)
_19660_/B1                              1.500000    4.387374   -2.887374 (VIOLATED)
_19665_/B1                              1.500000    4.387374   -2.887374 (VIOLATED)
_19681_/C1                              1.500000    4.387374   -2.887374 (VIOLATED)
_19685_/B1                              1.500000    4.387374   -2.887374 (VIOLATED)
_19693_/B1                              1.500000    4.387374   -2.887374 (VIOLATED)
_19702_/C1                              1.500000    4.387374   -2.887374 (VIOLATED)
_19707_/B1                              1.500000    4.387374   -2.887374 (VIOLATED)
_19719_/B1                              1.500000    4.387374   -2.887374 (VIOLATED)
_19730_/B1                              1.500000    4.387374   -2.887374 (VIOLATED)
_19746_/C1                              1.500000    4.387374   -2.887374 (VIOLATED)
_19751_/B1                              1.500000    4.387374   -2.887374 (VIOLATED)
_19767_/C1                              1.500000    4.387374   -2.887374 (VIOLATED)
_19772_/B1                              1.500000    4.387374   -2.887374 (VIOLATED)
_19779_/B1                              1.500000    4.387374   -2.887374 (VIOLATED)
_19790_/B1                              1.500000    4.387374   -2.887374 (VIOLATED)
_19803_/B1                              1.500000    4.387374   -2.887374 (VIOLATED)
_19817_/B1                              1.500000    4.387374   -2.887374 (VIOLATED)
_19833_/B1                              1.500000    4.387374   -2.887374 (VIOLATED)
_19838_/B1                              1.500000    4.387374   -2.887374 (VIOLATED)
_19854_/C1                              1.500000    4.387374   -2.887374 (VIOLATED)
_19858_/B1                              1.500000    4.387374   -2.887374 (VIOLATED)
_19866_/B1                              1.500000    4.387374   -2.887374 (VIOLATED)
_19875_/C1                              1.500000    4.387374   -2.887374 (VIOLATED)
_19880_/B1                              1.500000    4.387374   -2.887374 (VIOLATED)
_19892_/B1                              1.500000    4.387374   -2.887374 (VIOLATED)
_19903_/B1                              1.500000    4.387374   -2.887374 (VIOLATED)
_19919_/C1                              1.500000    4.387374   -2.887374 (VIOLATED)
_19924_/B1                              1.500000    4.387374   -2.887374 (VIOLATED)
_19940_/C1                              1.500000    4.387374   -2.887374 (VIOLATED)
_19945_/B1                              1.500000    4.387374   -2.887374 (VIOLATED)
_19952_/B1                              1.500000    4.387374   -2.887374 (VIOLATED)
_19963_/B1                              1.500000    4.387374   -2.887374 (VIOLATED)
_19976_/B1                              1.500000    4.387374   -2.887374 (VIOLATED)
_19990_/B1                              1.500000    4.387374   -2.887374 (VIOLATED)
_20006_/B1                              1.500000    4.387374   -2.887374 (VIOLATED)
_20011_/B1                              1.500000    4.387374   -2.887374 (VIOLATED)
_20027_/C1                              1.500000    4.387374   -2.887374 (VIOLATED)
_20031_/B1                              1.500000    4.387374   -2.887374 (VIOLATED)
_20039_/B1                              1.500000    4.387374   -2.887374 (VIOLATED)
_20048_/C1                              1.500000    4.387374   -2.887374 (VIOLATED)
_20053_/B1                              1.500000    4.387374   -2.887374 (VIOLATED)
_20065_/B1                              1.500000    4.387374   -2.887374 (VIOLATED)
_20076_/B1                              1.500000    4.387374   -2.887374 (VIOLATED)
_20092_/C1                              1.500000    4.387374   -2.887374 (VIOLATED)
_20097_/B1                              1.500000    4.387374   -2.887374 (VIOLATED)
_20113_/C1                              1.500000    4.387374   -2.887374 (VIOLATED)
_20118_/B1                              1.500000    4.387374   -2.887374 (VIOLATED)
_20125_/B1                              1.500000    4.387374   -2.887374 (VIOLATED)
_20136_/B1                              1.500000    4.387374   -2.887374 (VIOLATED)
_20149_/B1                              1.500000    4.387374   -2.887374 (VIOLATED)
_20159_/C1                              1.500000    4.387374   -2.887374 (VIOLATED)
_20164_/B1                              1.500000    4.387374   -2.887374 (VIOLATED)
_20181_/B1                              1.500000    4.387374   -2.887374 (VIOLATED)
_20186_/B1                              1.500000    4.387374   -2.887374 (VIOLATED)
_20203_/C1                              1.500000    4.387374   -2.887374 (VIOLATED)
_20207_/B1                              1.500000    4.387374   -2.887374 (VIOLATED)
_20215_/B1                              1.500000    4.387374   -2.887374 (VIOLATED)
_20224_/C1                              1.500000    4.387374   -2.887374 (VIOLATED)
_20229_/B1                              1.500000    4.387374   -2.887374 (VIOLATED)
_20240_/B1                              1.500000    4.387374   -2.887374 (VIOLATED)
_20251_/B1                              1.500000    4.387374   -2.887374 (VIOLATED)
_20267_/C1                              1.500000    4.387374   -2.887374 (VIOLATED)
_20272_/B1                              1.500000    4.387374   -2.887374 (VIOLATED)
_20288_/C1                              1.500000    4.387374   -2.887374 (VIOLATED)
_20293_/B1                              1.500000    4.387374   -2.887374 (VIOLATED)
_20300_/B1                              1.500000    4.387374   -2.887374 (VIOLATED)
_20311_/B1                              1.500000    4.387374   -2.887374 (VIOLATED)
_20324_/B1                              1.500000    4.387374   -2.887374 (VIOLATED)
_20334_/C1                              1.500000    4.387374   -2.887374 (VIOLATED)
_20339_/B1                              1.500000    4.387374   -2.887374 (VIOLATED)
_20356_/B1                              1.500000    4.387374   -2.887374 (VIOLATED)
_20361_/B1                              1.500000    4.387374   -2.887374 (VIOLATED)
_20378_/C1                              1.500000    4.387374   -2.887374 (VIOLATED)
_20382_/B1                              1.500000    4.387374   -2.887374 (VIOLATED)
_20390_/B1                              1.500000    4.387374   -2.887374 (VIOLATED)
_20399_/C1                              1.500000    4.387374   -2.887374 (VIOLATED)
_20404_/B1                              1.500000    4.387374   -2.887374 (VIOLATED)
_20415_/B1                              1.500000    4.387374   -2.887374 (VIOLATED)
_20426_/B1                              1.500000    4.387374   -2.887374 (VIOLATED)
_20442_/C1                              1.500000    4.387374   -2.887374 (VIOLATED)
_20447_/B1                              1.500000    4.387374   -2.887374 (VIOLATED)
_20463_/C1                              1.500000    4.387374   -2.887374 (VIOLATED)
_20468_/B1                              1.500000    4.387374   -2.887374 (VIOLATED)
_20475_/B1                              1.500000    4.387374   -2.887374 (VIOLATED)
_20486_/B1                              1.500000    4.387374   -2.887374 (VIOLATED)
_20499_/B1                              1.500000    4.387374   -2.887374 (VIOLATED)
_20509_/C1                              1.500000    4.387374   -2.887374 (VIOLATED)
_20514_/B1                              1.500000    4.387374   -2.887374 (VIOLATED)
_20531_/B1                              1.500000    4.387374   -2.887374 (VIOLATED)
_20536_/B1                              1.500000    4.387374   -2.887374 (VIOLATED)
_20553_/C1                              1.500000    4.387374   -2.887374 (VIOLATED)
_20557_/B1                              1.500000    4.387374   -2.887374 (VIOLATED)
_20565_/B1                              1.500000    4.387374   -2.887374 (VIOLATED)
_20574_/C1                              1.500000    4.387374   -2.887374 (VIOLATED)
_20579_/B1                              1.500000    4.387374   -2.887374 (VIOLATED)
_20591_/B1                              1.500000    4.387374   -2.887374 (VIOLATED)
_20601_/B1                              1.500000    4.387374   -2.887374 (VIOLATED)
_20617_/C1                              1.500000    4.387374   -2.887374 (VIOLATED)
_20622_/B1                              1.500000    4.387374   -2.887374 (VIOLATED)
_20638_/C1                              1.500000    4.387374   -2.887374 (VIOLATED)
_20643_/B1                              1.500000    4.387374   -2.887374 (VIOLATED)
_20650_/B1                              1.500000    4.387374   -2.887374 (VIOLATED)
_20661_/B1                              1.500000    4.387374   -2.887374 (VIOLATED)
_20674_/B1                              1.500000    4.387374   -2.887374 (VIOLATED)
_20688_/B1                              1.500000    4.387374   -2.887374 (VIOLATED)
_20704_/B1                              1.500000    4.387374   -2.887374 (VIOLATED)
_20709_/B1                              1.500000    4.387374   -2.887374 (VIOLATED)
_20725_/C1                              1.500000    4.387374   -2.887374 (VIOLATED)
_20729_/B1                              1.500000    4.387374   -2.887374 (VIOLATED)
_20737_/B1                              1.500000    4.387374   -2.887374 (VIOLATED)
_20746_/C1                              1.500000    4.387374   -2.887374 (VIOLATED)
_20751_/B1                              1.500000    4.387374   -2.887374 (VIOLATED)
_20764_/B1                              1.500000    4.387374   -2.887374 (VIOLATED)
_20774_/B1                              1.500000    4.387374   -2.887374 (VIOLATED)
_20790_/C1                              1.500000    4.387374   -2.887374 (VIOLATED)
_20795_/B1                              1.500000    4.387374   -2.887374 (VIOLATED)
_20811_/C1                              1.500000    4.387374   -2.887374 (VIOLATED)
_20816_/B1                              1.500000    4.387374   -2.887374 (VIOLATED)
_20823_/B1                              1.500000    4.387374   -2.887374 (VIOLATED)
_20834_/B1                              1.500000    4.387374   -2.887374 (VIOLATED)
_20847_/B1                              1.500000    4.387374   -2.887374 (VIOLATED)
_20857_/C1                              1.500000    4.387374   -2.887374 (VIOLATED)
_20862_/B1                              1.500000    4.387374   -2.887374 (VIOLATED)
_20879_/B1                              1.500000    4.387374   -2.887374 (VIOLATED)
_20884_/B1                              1.500000    4.387374   -2.887374 (VIOLATED)
_20901_/C1                              1.500000    4.387374   -2.887374 (VIOLATED)
_20905_/B1                              1.500000    4.387374   -2.887374 (VIOLATED)
_20913_/B1                              1.500000    4.387374   -2.887374 (VIOLATED)
_20922_/C1                              1.500000    4.387374   -2.887374 (VIOLATED)
_20927_/B1                              1.500000    4.387374   -2.887374 (VIOLATED)
_20939_/B1                              1.500000    4.387374   -2.887374 (VIOLATED)
_20949_/B1                              1.500000    4.387374   -2.887374 (VIOLATED)
_20965_/C1                              1.500000    4.387374   -2.887374 (VIOLATED)
_20970_/B1                              1.500000    4.387374   -2.887374 (VIOLATED)
_20986_/C1                              1.500000    4.387374   -2.887374 (VIOLATED)
_20991_/B1                              1.500000    4.387374   -2.887374 (VIOLATED)
_20998_/B1                              1.500000    4.387374   -2.887374 (VIOLATED)
_21009_/B1                              1.500000    4.387374   -2.887374 (VIOLATED)
_21022_/B1                              1.500000    4.387374   -2.887374 (VIOLATED)
_21032_/C1                              1.500000    4.387374   -2.887374 (VIOLATED)
_21037_/B1                              1.500000    4.387374   -2.887374 (VIOLATED)
_21054_/B1                              1.500000    4.387374   -2.887374 (VIOLATED)
_21059_/B1                              1.500000    4.387374   -2.887374 (VIOLATED)
_21076_/C1                              1.500000    4.387374   -2.887374 (VIOLATED)
_21080_/B1                              1.500000    4.387374   -2.887374 (VIOLATED)
_21088_/B1                              1.500000    4.387374   -2.887374 (VIOLATED)
_21097_/C1                              1.500000    4.387374   -2.887374 (VIOLATED)
_21102_/B1                              1.500000    4.387374   -2.887374 (VIOLATED)
_21113_/B1                              1.500000    4.387374   -2.887374 (VIOLATED)
_21124_/B1                              1.500000    4.387374   -2.887374 (VIOLATED)
_21140_/C1                              1.500000    4.387374   -2.887374 (VIOLATED)
_21145_/B1                              1.500000    4.387374   -2.887374 (VIOLATED)
_21161_/C1                              1.500000    4.387374   -2.887374 (VIOLATED)
_21166_/B1                              1.500000    4.387374   -2.887374 (VIOLATED)
_21173_/B1                              1.500000    4.387374   -2.887374 (VIOLATED)
_21184_/B1                              1.500000    4.387374   -2.887374 (VIOLATED)
_21197_/B1                              1.500000    4.387374   -2.887374 (VIOLATED)
_21211_/B1                              1.500000    4.387374   -2.887374 (VIOLATED)
_21227_/B1                              1.500000    4.387374   -2.887374 (VIOLATED)
_21232_/B1                              1.500000    4.387374   -2.887374 (VIOLATED)
_21248_/C1                              1.500000    4.387374   -2.887374 (VIOLATED)
_21252_/B1                              1.500000    4.387374   -2.887374 (VIOLATED)
_21260_/B1                              1.500000    4.387374   -2.887374 (VIOLATED)
_21269_/C1                              1.500000    4.387374   -2.887374 (VIOLATED)
_21274_/B1                              1.500000    4.387374   -2.887374 (VIOLATED)
_21287_/B1                              1.500000    4.387374   -2.887374 (VIOLATED)
_21297_/B1                              1.500000    4.387374   -2.887374 (VIOLATED)
_21313_/C1                              1.500000    4.387374   -2.887374 (VIOLATED)
_21318_/B1                              1.500000    4.387374   -2.887374 (VIOLATED)
_21334_/C1                              1.500000    4.387374   -2.887374 (VIOLATED)
_21339_/B1                              1.500000    4.387374   -2.887374 (VIOLATED)
_21346_/B1                              1.500000    4.387374   -2.887374 (VIOLATED)
_21357_/B1                              1.500000    4.387374   -2.887374 (VIOLATED)
_21370_/B1                              1.500000    4.387374   -2.887374 (VIOLATED)
_21380_/C1                              1.500000    4.387374   -2.887374 (VIOLATED)
_21385_/B1                              1.500000    4.387374   -2.887374 (VIOLATED)
_21402_/B1                              1.500000    4.387374   -2.887374 (VIOLATED)
_21407_/B1                              1.500000    4.387374   -2.887374 (VIOLATED)
_21424_/C1                              1.500000    4.387374   -2.887374 (VIOLATED)
_21428_/B1                              1.500000    4.387374   -2.887374 (VIOLATED)
_21436_/B1                              1.500000    4.387374   -2.887374 (VIOLATED)
_21445_/C1                              1.500000    4.387374   -2.887374 (VIOLATED)
_21450_/B1                              1.500000    4.387374   -2.887374 (VIOLATED)
_21462_/B1                              1.500000    4.387374   -2.887374 (VIOLATED)
_21472_/B1                              1.500000    4.387374   -2.887374 (VIOLATED)
_21488_/C1                              1.500000    4.387374   -2.887374 (VIOLATED)
_21493_/B1                              1.500000    4.387374   -2.887374 (VIOLATED)
_21509_/C1                              1.500000    4.387374   -2.887374 (VIOLATED)
_21514_/B1                              1.500000    4.387374   -2.887374 (VIOLATED)
_21521_/B1                              1.500000    4.387374   -2.887374 (VIOLATED)
_21532_/B1                              1.500000    4.387374   -2.887374 (VIOLATED)
_21545_/B1                              1.500000    4.387374   -2.887374 (VIOLATED)
_21559_/B1                              1.500000    4.387374   -2.887374 (VIOLATED)
_21575_/B1                              1.500000    4.387374   -2.887374 (VIOLATED)
_21580_/B1                              1.500000    4.387374   -2.887374 (VIOLATED)
_21596_/C1                              1.500000    4.387374   -2.887374 (VIOLATED)
_21600_/B1                              1.500000    4.387374   -2.887374 (VIOLATED)
_21608_/B1                              1.500000    4.387374   -2.887374 (VIOLATED)
_21617_/C1                              1.500000    4.387374   -2.887374 (VIOLATED)
_21622_/B1                              1.500000    4.387374   -2.887374 (VIOLATED)
_21635_/B1                              1.500000    4.387374   -2.887374 (VIOLATED)
_21645_/B1                              1.500000    4.387374   -2.887374 (VIOLATED)
_21661_/C1                              1.500000    4.387374   -2.887374 (VIOLATED)
_21666_/B1                              1.500000    4.387374   -2.887374 (VIOLATED)
_21682_/C1                              1.500000    4.387374   -2.887374 (VIOLATED)
_21687_/B1                              1.500000    4.387374   -2.887374 (VIOLATED)
_21694_/B1                              1.500000    4.387374   -2.887374 (VIOLATED)
_21705_/B1                              1.500000    4.387374   -2.887374 (VIOLATED)
_21718_/B1                              1.500000    4.387374   -2.887374 (VIOLATED)
_21728_/C1                              1.500000    4.387374   -2.887374 (VIOLATED)
_21733_/B1                              1.500000    4.387374   -2.887374 (VIOLATED)
_21750_/B1                              1.500000    4.387374   -2.887374 (VIOLATED)
_21755_/B1                              1.500000    4.387374   -2.887374 (VIOLATED)
_21772_/C1                              1.500000    4.387374   -2.887374 (VIOLATED)
_21776_/B1                              1.500000    4.387374   -2.887374 (VIOLATED)
_21784_/B1                              1.500000    4.387374   -2.887374 (VIOLATED)
_21793_/C1                              1.500000    4.387374   -2.887374 (VIOLATED)
_21798_/B1                              1.500000    4.387374   -2.887374 (VIOLATED)
_21809_/B1                              1.500000    4.387374   -2.887374 (VIOLATED)
_21820_/B1                              1.500000    4.387374   -2.887374 (VIOLATED)
_21836_/C1                              1.500000    4.387374   -2.887374 (VIOLATED)
_21841_/B1                              1.500000    4.387374   -2.887374 (VIOLATED)
_21857_/C1                              1.500000    4.387374   -2.887374 (VIOLATED)
_21862_/B1                              1.500000    4.387374   -2.887374 (VIOLATED)
_21869_/B1                              1.500000    4.387374   -2.887374 (VIOLATED)
_21880_/B1                              1.500000    4.387374   -2.887374 (VIOLATED)
_21893_/B1                              1.500000    4.387374   -2.887374 (VIOLATED)
_21907_/B1                              1.500000    4.387374   -2.887374 (VIOLATED)
_21923_/B1                              1.500000    4.387374   -2.887374 (VIOLATED)
_21928_/B1                              1.500000    4.387374   -2.887374 (VIOLATED)
_21944_/C1                              1.500000    4.387374   -2.887374 (VIOLATED)
_21948_/B1                              1.500000    4.387374   -2.887374 (VIOLATED)
_21956_/B1                              1.500000    4.387374   -2.887374 (VIOLATED)
_21965_/C1                              1.500000    4.387374   -2.887374 (VIOLATED)
_21970_/B1                              1.500000    4.387374   -2.887374 (VIOLATED)
_21982_/B1                              1.500000    4.387374   -2.887374 (VIOLATED)
_21993_/B1                              1.500000    4.387374   -2.887374 (VIOLATED)
_22009_/C1                              1.500000    4.387374   -2.887374 (VIOLATED)
_22014_/B1                              1.500000    4.387374   -2.887374 (VIOLATED)
_22030_/C1                              1.500000    4.387374   -2.887374 (VIOLATED)
_22035_/B1                              1.500000    4.387374   -2.887374 (VIOLATED)
_22042_/B1                              1.500000    4.387374   -2.887374 (VIOLATED)
_22053_/B1                              1.500000    4.387374   -2.887374 (VIOLATED)
_22066_/B1                              1.500000    4.387374   -2.887374 (VIOLATED)
_22076_/C1                              1.500000    4.387374   -2.887374 (VIOLATED)
_22081_/B1                              1.500000    4.387374   -2.887374 (VIOLATED)
_22098_/B1                              1.500000    4.387374   -2.887374 (VIOLATED)
_22103_/B1                              1.500000    4.387374   -2.887374 (VIOLATED)
_22120_/C1                              1.500000    4.387374   -2.887374 (VIOLATED)
_22124_/B1                              1.500000    4.387374   -2.887374 (VIOLATED)
_22132_/B1                              1.500000    4.387374   -2.887374 (VIOLATED)
_22141_/C1                              1.500000    4.387374   -2.887374 (VIOLATED)
_22146_/B1                              1.500000    4.387374   -2.887374 (VIOLATED)
_22158_/B1                              1.500000    4.387374   -2.887374 (VIOLATED)
_22168_/B1                              1.500000    4.387374   -2.887374 (VIOLATED)
_22184_/C1                              1.500000    4.387374   -2.887374 (VIOLATED)
_22189_/B1                              1.500000    4.387374   -2.887374 (VIOLATED)
_22205_/C1                              1.500000    4.387374   -2.887374 (VIOLATED)
_22210_/B1                              1.500000    4.387374   -2.887374 (VIOLATED)
_22217_/B1                              1.500000    4.387374   -2.887374 (VIOLATED)
_22228_/B1                              1.500000    4.387374   -2.887374 (VIOLATED)
_22241_/B1                              1.500000    4.387374   -2.887374 (VIOLATED)
_22251_/C1                              1.500000    4.387374   -2.887374 (VIOLATED)
_22256_/B1                              1.500000    4.387374   -2.887374 (VIOLATED)
_22273_/B1                              1.500000    4.387374   -2.887374 (VIOLATED)
_22278_/B1                              1.500000    4.387374   -2.887374 (VIOLATED)
_22295_/C1                              1.500000    4.387374   -2.887374 (VIOLATED)
_22299_/B1                              1.500000    4.387374   -2.887374 (VIOLATED)
_22307_/B1                              1.500000    4.387374   -2.887374 (VIOLATED)
_22316_/C1                              1.500000    4.387374   -2.887374 (VIOLATED)
_22321_/B1                              1.500000    4.387374   -2.887374 (VIOLATED)
_22332_/B1                              1.500000    4.387374   -2.887374 (VIOLATED)
_22343_/B1                              1.500000    4.387374   -2.887374 (VIOLATED)
_22359_/C1                              1.500000    4.387374   -2.887374 (VIOLATED)
_22364_/B1                              1.500000    4.387374   -2.887374 (VIOLATED)
_22380_/C1                              1.500000    4.387374   -2.887374 (VIOLATED)
_22385_/B1                              1.500000    4.387374   -2.887374 (VIOLATED)
_22392_/B1                              1.500000    4.387374   -2.887374 (VIOLATED)
_22403_/B1                              1.500000    4.387374   -2.887374 (VIOLATED)
_22416_/B1                              1.500000    4.387374   -2.887374 (VIOLATED)
_22430_/B1                              1.500000    4.387374   -2.887374 (VIOLATED)
_22446_/B1                              1.500000    4.387374   -2.887374 (VIOLATED)
_22451_/B1                              1.500000    4.387374   -2.887374 (VIOLATED)
_22467_/C1                              1.500000    4.387374   -2.887374 (VIOLATED)
_22471_/B1                              1.500000    4.387374   -2.887374 (VIOLATED)
_22479_/B1                              1.500000    4.387374   -2.887374 (VIOLATED)
_22488_/C1                              1.500000    4.387374   -2.887374 (VIOLATED)
_22493_/B1                              1.500000    4.387374   -2.887374 (VIOLATED)
_22505_/B1                              1.500000    4.387374   -2.887374 (VIOLATED)
_22516_/B1                              1.500000    4.387374   -2.887374 (VIOLATED)
_22532_/C1                              1.500000    4.387374   -2.887374 (VIOLATED)
_22537_/B1                              1.500000    4.387374   -2.887374 (VIOLATED)
_22553_/C1                              1.500000    4.387374   -2.887374 (VIOLATED)
_22558_/B1                              1.500000    4.387374   -2.887374 (VIOLATED)
_22565_/B1                              1.500000    4.387374   -2.887374 (VIOLATED)
_22576_/B1                              1.500000    4.387374   -2.887374 (VIOLATED)
_22589_/B1                              1.500000    4.387374   -2.887374 (VIOLATED)
_22599_/C1                              1.500000    4.387374   -2.887374 (VIOLATED)
_22604_/B1                              1.500000    4.387374   -2.887374 (VIOLATED)
_22621_/B1                              1.500000    4.387374   -2.887374 (VIOLATED)
_22626_/B1                              1.500000    4.387374   -2.887374 (VIOLATED)
_22643_/C1                              1.500000    4.387374   -2.887374 (VIOLATED)
_22647_/B1                              1.500000    4.387374   -2.887374 (VIOLATED)
_22655_/B1                              1.500000    4.387374   -2.887374 (VIOLATED)
_22664_/C1                              1.500000    4.387374   -2.887374 (VIOLATED)
_22669_/B1                              1.500000    4.387374   -2.887374 (VIOLATED)
_22681_/B1                              1.500000    4.387374   -2.887374 (VIOLATED)
_22691_/B1                              1.500000    4.387374   -2.887374 (VIOLATED)
_22707_/C1                              1.500000    4.387374   -2.887374 (VIOLATED)
_22712_/B1                              1.500000    4.387374   -2.887374 (VIOLATED)
_22728_/C1                              1.500000    4.387374   -2.887374 (VIOLATED)
_22733_/B1                              1.500000    4.387374   -2.887374 (VIOLATED)
_22740_/B1                              1.500000    4.387374   -2.887374 (VIOLATED)
_22751_/B1                              1.500000    4.387374   -2.887374 (VIOLATED)
_22764_/B1                              1.500000    4.387374   -2.887374 (VIOLATED)
_22774_/C1                              1.500000    4.387374   -2.887374 (VIOLATED)
_22779_/B1                              1.500000    4.387374   -2.887374 (VIOLATED)
_22796_/B1                              1.500000    4.387374   -2.887374 (VIOLATED)
_22801_/B1                              1.500000    4.387374   -2.887374 (VIOLATED)
_22818_/C1                              1.500000    4.387374   -2.887374 (VIOLATED)
_22822_/B1                              1.500000    4.387374   -2.887374 (VIOLATED)
_22830_/B1                              1.500000    4.387374   -2.887374 (VIOLATED)
_22839_/C1                              1.500000    4.387374   -2.887374 (VIOLATED)
_22844_/B1                              1.500000    4.387374   -2.887374 (VIOLATED)
_22856_/B1                              1.500000    4.387374   -2.887374 (VIOLATED)
_22866_/B1                              1.500000    4.387374   -2.887374 (VIOLATED)
_22882_/C1                              1.500000    4.387374   -2.887374 (VIOLATED)
_22887_/B1                              1.500000    4.387374   -2.887374 (VIOLATED)
_22903_/C1                              1.500000    4.387374   -2.887374 (VIOLATED)
_22908_/B1                              1.500000    4.387374   -2.887374 (VIOLATED)
_22915_/B1                              1.500000    4.387374   -2.887374 (VIOLATED)
_22926_/B1                              1.500000    4.387374   -2.887374 (VIOLATED)
_22939_/B1                              1.500000    4.387374   -2.887374 (VIOLATED)
_22953_/B1                              1.500000    4.387374   -2.887374 (VIOLATED)
_22969_/B1                              1.500000    4.387374   -2.887374 (VIOLATED)
_22974_/B1                              1.500000    4.387374   -2.887374 (VIOLATED)
_22990_/C1                              1.500000    4.387374   -2.887374 (VIOLATED)
_22994_/B1                              1.500000    4.387374   -2.887374 (VIOLATED)
_23002_/B1                              1.500000    4.387374   -2.887374 (VIOLATED)
_23011_/C1                              1.500000    4.387374   -2.887374 (VIOLATED)
_23016_/B1                              1.500000    4.387374   -2.887374 (VIOLATED)
_23029_/B1                              1.500000    4.387374   -2.887374 (VIOLATED)
_23039_/B1                              1.500000    4.387374   -2.887374 (VIOLATED)
_23055_/C1                              1.500000    4.387374   -2.887374 (VIOLATED)
_23060_/B1                              1.500000    4.387374   -2.887374 (VIOLATED)
_23076_/C1                              1.500000    4.387374   -2.887374 (VIOLATED)
_23081_/B1                              1.500000    4.387374   -2.887374 (VIOLATED)
_23088_/B1                              1.500000    4.387374   -2.887374 (VIOLATED)
_23099_/B1                              1.500000    4.387374   -2.887374 (VIOLATED)
_23112_/B1                              1.500000    4.387374   -2.887374 (VIOLATED)
_23126_/B1                              1.500000    4.387374   -2.887374 (VIOLATED)
_23142_/B1                              1.500000    4.387374   -2.887374 (VIOLATED)
_23147_/B1                              1.500000    4.387374   -2.887374 (VIOLATED)
_23163_/C1                              1.500000    4.387374   -2.887374 (VIOLATED)
_23167_/B1                              1.500000    4.387374   -2.887374 (VIOLATED)
_23175_/B1                              1.500000    4.387374   -2.887374 (VIOLATED)
_23184_/C1                              1.500000    4.387374   -2.887374 (VIOLATED)
_23189_/B1                              1.500000    4.387374   -2.887374 (VIOLATED)
_23201_/B1                              1.500000    4.387374   -2.887374 (VIOLATED)
_23212_/B1                              1.500000    4.387374   -2.887374 (VIOLATED)
_23228_/C1                              1.500000    4.387374   -2.887374 (VIOLATED)
_23233_/B1                              1.500000    4.387374   -2.887374 (VIOLATED)
_23249_/C1                              1.500000    4.387374   -2.887374 (VIOLATED)
_23254_/B1                              1.500000    4.387374   -2.887374 (VIOLATED)
_23261_/B1                              1.500000    4.387374   -2.887374 (VIOLATED)
_23272_/B1                              1.500000    4.387374   -2.887374 (VIOLATED)
_23285_/B1                              1.500000    4.387374   -2.887374 (VIOLATED)
_23295_/C1                              1.500000    4.387374   -2.887374 (VIOLATED)
_23300_/B1                              1.500000    4.387374   -2.887374 (VIOLATED)
_23317_/B1                              1.500000    4.387374   -2.887374 (VIOLATED)
_23322_/B1                              1.500000    4.387374   -2.887374 (VIOLATED)
_23339_/C1                              1.500000    4.387374   -2.887374 (VIOLATED)
_23343_/B1                              1.500000    4.387374   -2.887374 (VIOLATED)
_23351_/B1                              1.500000    4.387374   -2.887374 (VIOLATED)
_23360_/C1                              1.500000    4.387374   -2.887374 (VIOLATED)
_23365_/B1                              1.500000    4.387374   -2.887374 (VIOLATED)
_23376_/B1                              1.500000    4.387374   -2.887374 (VIOLATED)
_23387_/B1                              1.500000    4.387374   -2.887374 (VIOLATED)
_23403_/C1                              1.500000    4.387374   -2.887374 (VIOLATED)
_23408_/B1                              1.500000    4.387374   -2.887374 (VIOLATED)
_23424_/C1                              1.500000    4.387374   -2.887374 (VIOLATED)
_23429_/B1                              1.500000    4.387374   -2.887374 (VIOLATED)
_23436_/B1                              1.500000    4.387374   -2.887374 (VIOLATED)
_23447_/B1                              1.500000    4.387374   -2.887374 (VIOLATED)
_23460_/B1                              1.500000    4.387374   -2.887374 (VIOLATED)
_23470_/C1                              1.500000    4.387374   -2.887374 (VIOLATED)
_23475_/B1                              1.500000    4.387374   -2.887374 (VIOLATED)
_23492_/B1                              1.500000    4.387374   -2.887374 (VIOLATED)
_23497_/B1                              1.500000    4.387374   -2.887374 (VIOLATED)
_23514_/C1                              1.500000    4.387374   -2.887374 (VIOLATED)
_23518_/B1                              1.500000    4.387374   -2.887374 (VIOLATED)
_23526_/B1                              1.500000    4.387374   -2.887374 (VIOLATED)
_23535_/C1                              1.500000    4.387374   -2.887374 (VIOLATED)
_23540_/B1                              1.500000    4.387374   -2.887374 (VIOLATED)
_23552_/B1                              1.500000    4.387374   -2.887374 (VIOLATED)
_23562_/B1                              1.500000    4.387374   -2.887374 (VIOLATED)
_23578_/C1                              1.500000    4.387374   -2.887374 (VIOLATED)
_23583_/B1                              1.500000    4.387374   -2.887374 (VIOLATED)
_23599_/C1                              1.500000    4.387374   -2.887374 (VIOLATED)
_23604_/B1                              1.500000    4.387374   -2.887374 (VIOLATED)
_23611_/B1                              1.500000    4.387374   -2.887374 (VIOLATED)
_23622_/B1                              1.500000    4.387374   -2.887374 (VIOLATED)
_23635_/B1                              1.500000    4.387374   -2.887374 (VIOLATED)
_23645_/C1                              1.500000    4.387374   -2.887374 (VIOLATED)
_23650_/B1                              1.500000    4.387374   -2.887374 (VIOLATED)
_23667_/B1                              1.500000    4.387374   -2.887374 (VIOLATED)
_23672_/B1                              1.500000    4.387374   -2.887374 (VIOLATED)
_23689_/C1                              1.500000    4.387374   -2.887374 (VIOLATED)
_23693_/B1                              1.500000    4.387374   -2.887374 (VIOLATED)
_23701_/B1                              1.500000    4.387374   -2.887374 (VIOLATED)
_23710_/C1                              1.500000    4.387374   -2.887374 (VIOLATED)
_23715_/B1                              1.500000    4.387374   -2.887374 (VIOLATED)
_23727_/B1                              1.500000    4.387374   -2.887374 (VIOLATED)
_23737_/B1                              1.500000    4.387374   -2.887374 (VIOLATED)
_23753_/C1                              1.500000    4.387374   -2.887374 (VIOLATED)
_23758_/B1                              1.500000    4.387374   -2.887374 (VIOLATED)
_23774_/C1                              1.500000    4.387374   -2.887374 (VIOLATED)
_23779_/B1                              1.500000    4.387374   -2.887374 (VIOLATED)
_23786_/B1                              1.500000    4.387374   -2.887374 (VIOLATED)
_23797_/B1                              1.500000    4.387374   -2.887374 (VIOLATED)
_23810_/B1                              1.500000    4.387374   -2.887374 (VIOLATED)
_23824_/B1                              1.500000    4.387374   -2.887374 (VIOLATED)
_23840_/B1                              1.500000    4.387374   -2.887374 (VIOLATED)
_23845_/B1                              1.500000    4.387374   -2.887374 (VIOLATED)
_23861_/C1                              1.500000    4.387374   -2.887374 (VIOLATED)
_23865_/B1                              1.500000    4.387374   -2.887374 (VIOLATED)
_23873_/B1                              1.500000    4.387374   -2.887374 (VIOLATED)
_23882_/C1                              1.500000    4.387374   -2.887374 (VIOLATED)
_23887_/B1                              1.500000    4.387374   -2.887374 (VIOLATED)
_23899_/B1                              1.500000    4.387374   -2.887374 (VIOLATED)
_23910_/B1                              1.500000    4.387374   -2.887374 (VIOLATED)
_23926_/C1                              1.500000    4.387374   -2.887374 (VIOLATED)
_23931_/B1                              1.500000    4.387374   -2.887374 (VIOLATED)
_23947_/C1                              1.500000    4.387374   -2.887374 (VIOLATED)
_23952_/B1                              1.500000    4.387374   -2.887374 (VIOLATED)
_23959_/B1                              1.500000    4.387374   -2.887374 (VIOLATED)
_23970_/B1                              1.500000    4.387374   -2.887374 (VIOLATED)
_23983_/B1                              1.500000    4.387374   -2.887374 (VIOLATED)
_23997_/B1                              1.500000    4.387374   -2.887374 (VIOLATED)
_24013_/B1                              1.500000    4.387374   -2.887374 (VIOLATED)
_24018_/B1                              1.500000    4.387374   -2.887374 (VIOLATED)
_24034_/C1                              1.500000    4.387374   -2.887374 (VIOLATED)
_24038_/B1                              1.500000    4.387374   -2.887374 (VIOLATED)
_24046_/B1                              1.500000    4.387374   -2.887374 (VIOLATED)
_24055_/C1                              1.500000    4.387374   -2.887374 (VIOLATED)
_24060_/B1                              1.500000    4.387374   -2.887374 (VIOLATED)
_24072_/B1                              1.500000    4.387374   -2.887374 (VIOLATED)
_24083_/B1                              1.500000    4.387374   -2.887374 (VIOLATED)
_24099_/C1                              1.500000    4.387374   -2.887374 (VIOLATED)
_24104_/B1                              1.500000    4.387374   -2.887374 (VIOLATED)
_24120_/C1                              1.500000    4.387374   -2.887374 (VIOLATED)
_24125_/B1                              1.500000    4.387374   -2.887374 (VIOLATED)
_24132_/B1                              1.500000    4.387374   -2.887374 (VIOLATED)
_24143_/B1                              1.500000    4.387374   -2.887374 (VIOLATED)
_24156_/B1                              1.500000    4.387374   -2.887374 (VIOLATED)
_24166_/C1                              1.500000    4.387374   -2.887374 (VIOLATED)
_24171_/B1                              1.500000    4.387374   -2.887374 (VIOLATED)
_24188_/B1                              1.500000    4.387374   -2.887374 (VIOLATED)
_24193_/B1                              1.500000    4.387374   -2.887374 (VIOLATED)
_24210_/C1                              1.500000    4.387374   -2.887374 (VIOLATED)
_24214_/B1                              1.500000    4.387374   -2.887374 (VIOLATED)
_24222_/B1                              1.500000    4.387374   -2.887374 (VIOLATED)
_24231_/C1                              1.500000    4.387374   -2.887374 (VIOLATED)
_24236_/B1                              1.500000    4.387374   -2.887374 (VIOLATED)
_24247_/B1                              1.500000    4.387374   -2.887374 (VIOLATED)
_24258_/B1                              1.500000    4.387374   -2.887374 (VIOLATED)
_24274_/C1                              1.500000    4.387374   -2.887374 (VIOLATED)
_24279_/B1                              1.500000    4.387374   -2.887374 (VIOLATED)
_24295_/C1                              1.500000    4.387374   -2.887374 (VIOLATED)
_24300_/B1                              1.500000    4.387374   -2.887374 (VIOLATED)
_24307_/B1                              1.500000    4.387374   -2.887374 (VIOLATED)
_24318_/B1                              1.500000    4.387374   -2.887374 (VIOLATED)
_24331_/B1                              1.500000    4.387374   -2.887374 (VIOLATED)
_24345_/B1                              1.500000    4.387374   -2.887374 (VIOLATED)
_24361_/B1                              1.500000    4.387374   -2.887374 (VIOLATED)
_24366_/B1                              1.500000    4.387374   -2.887374 (VIOLATED)
_24382_/C1                              1.500000    4.387374   -2.887374 (VIOLATED)
_24386_/B1                              1.500000    4.387374   -2.887374 (VIOLATED)
_24394_/B1                              1.500000    4.387374   -2.887374 (VIOLATED)
_24403_/C1                              1.500000    4.387374   -2.887374 (VIOLATED)
_24408_/B1                              1.500000    4.387374   -2.887374 (VIOLATED)
_24420_/B1                              1.500000    4.387374   -2.887374 (VIOLATED)
_24431_/B1                              1.500000    4.387374   -2.887374 (VIOLATED)
_24447_/C1                              1.500000    4.387374   -2.887374 (VIOLATED)
_24452_/B1                              1.500000    4.387374   -2.887374 (VIOLATED)
_24468_/C1                              1.500000    4.387374   -2.887374 (VIOLATED)
_24473_/B1                              1.500000    4.387374   -2.887374 (VIOLATED)
_24480_/B1                              1.500000    4.387374   -2.887374 (VIOLATED)
_24491_/B1                              1.500000    4.387374   -2.887374 (VIOLATED)
_24504_/B1                              1.500000    4.387374   -2.887374 (VIOLATED)
_24514_/C1                              1.500000    4.387374   -2.887374 (VIOLATED)
_24519_/B1                              1.500000    4.387374   -2.887374 (VIOLATED)
_24535_/B1                              1.500000    4.387374   -2.887374 (VIOLATED)
_24540_/B1                              1.500000    4.387374   -2.887374 (VIOLATED)
_24556_/C1                              1.500000    4.387374   -2.887374 (VIOLATED)
_24560_/B1                              1.500000    4.387374   -2.887374 (VIOLATED)
_24567_/B1                              1.500000    4.387374   -2.887374 (VIOLATED)
_24577_/C1                              1.500000    4.387374   -2.887374 (VIOLATED)
_24581_/B1                              1.500000    4.387374   -2.887374 (VIOLATED)
_24595_/C1                              1.500000    4.387374   -2.887374 (VIOLATED)
_24605_/B1                              1.500000    4.387374   -2.887374 (VIOLATED)
_24626_/B1                              1.500000    4.387374   -2.887374 (VIOLATED)
_24642_/B1                              1.500000    4.387374   -2.887374 (VIOLATED)
_24647_/B1                              1.500000    4.387374   -2.887374 (VIOLATED)
_24655_/C1                              1.500000    4.387374   -2.887374 (VIOLATED)
_24665_/B1                              1.500000    4.387374   -2.887374 (VIOLATED)
_14149_/A                               1.500000    4.231837   -2.731837 (VIOLATED)
_14170_/B                               1.500000    4.231837   -2.731837 (VIOLATED)
_14171_/B                               1.500000    4.231837   -2.731837 (VIOLATED)
_14177_/A                               1.500000    4.231837   -2.731837 (VIOLATED)
_14274_/A                               1.500000    4.231837   -2.731837 (VIOLATED)
_19135_/C1                              1.500000    4.231837   -2.731837 (VIOLATED)
_19143_/B2                              1.500000    4.231837   -2.731837 (VIOLATED)
_19147_/A                               1.500000    4.231837   -2.731837 (VIOLATED)
_19161_/B2                              1.500000    4.231837   -2.731837 (VIOLATED)
_19171_/A1                              1.500000    4.231837   -2.731837 (VIOLATED)
_19179_/B2                              1.500000    4.231837   -2.731837 (VIOLATED)
_19189_/B2                              1.500000    4.231837   -2.731837 (VIOLATED)
_19197_/B2                              1.500000    4.231837   -2.731837 (VIOLATED)
_19212_/B2                              1.500000    4.231837   -2.731837 (VIOLATED)
_19220_/B2                              1.500000    4.231837   -2.731837 (VIOLATED)
_19224_/A                               1.500000    4.231837   -2.731837 (VIOLATED)
_19238_/B2                              1.500000    4.231837   -2.731837 (VIOLATED)
_19251_/A1                              1.500000    4.231837   -2.731837 (VIOLATED)
_19259_/B2                              1.500000    4.231837   -2.731837 (VIOLATED)
_19269_/B2                              1.500000    4.231837   -2.731837 (VIOLATED)
_19277_/B2                              1.500000    4.231837   -2.731837 (VIOLATED)
_19297_/C1                              1.500000    4.231837   -2.731837 (VIOLATED)
_19305_/B2                              1.500000    4.231837   -2.731837 (VIOLATED)
_19309_/A                               1.500000    4.231837   -2.731837 (VIOLATED)
_19323_/B2                              1.500000    4.231837   -2.731837 (VIOLATED)
_19329_/C1                              1.500000    4.231837   -2.731837 (VIOLATED)
_19343_/B2                              1.500000    4.231837   -2.731837 (VIOLATED)
_19365_/B2                              1.500000    4.231837   -2.731837 (VIOLATED)
_19380_/B2                              1.500000    4.231837   -2.731837 (VIOLATED)
_19388_/B2                              1.500000    4.231837   -2.731837 (VIOLATED)
_19401_/A1                              1.500000    4.231837   -2.731837 (VIOLATED)
_19409_/B2                              1.500000    4.231837   -2.731837 (VIOLATED)
_19422_/A1                              1.500000    4.231837   -2.731837 (VIOLATED)
_19430_/B2                              1.500000    4.231837   -2.731837 (VIOLATED)
_19440_/C1                              1.500000    4.231837   -2.731837 (VIOLATED)
_19448_/B2                              1.500000    4.231837   -2.731837 (VIOLATED)
_19467_/C1                              1.500000    4.231837   -2.731837 (VIOLATED)
_19475_/B2                              1.500000    4.231837   -2.731837 (VIOLATED)
_19481_/B1                              1.500000    4.231837   -2.731837 (VIOLATED)
_19496_/B2                              1.500000    4.231837   -2.731837 (VIOLATED)
_19502_/C1                              1.500000    4.231837   -2.731837 (VIOLATED)
_19516_/B2                              1.500000    4.231837   -2.731837 (VIOLATED)
_19538_/B2                              1.500000    4.231837   -2.731837 (VIOLATED)
_19553_/B2                              1.500000    4.231837   -2.731837 (VIOLATED)
_19561_/B2                              1.500000    4.231837   -2.731837 (VIOLATED)
_19574_/A1                              1.500000    4.231837   -2.731837 (VIOLATED)
_19582_/B2                              1.500000    4.231837   -2.731837 (VIOLATED)
_19595_/A1                              1.500000    4.231837   -2.731837 (VIOLATED)
_19603_/B2                              1.500000    4.231837   -2.731837 (VIOLATED)
_19613_/C1                              1.500000    4.231837   -2.731837 (VIOLATED)
_19621_/B2                              1.500000    4.231837   -2.731837 (VIOLATED)
_19640_/C1                              1.500000    4.231837   -2.731837 (VIOLATED)
_19648_/B2                              1.500000    4.231837   -2.731837 (VIOLATED)
_19654_/B1                              1.500000    4.231837   -2.731837 (VIOLATED)
_19669_/B2                              1.500000    4.231837   -2.731837 (VIOLATED)
_19675_/C1                              1.500000    4.231837   -2.731837 (VIOLATED)
_19689_/B2                              1.500000    4.231837   -2.731837 (VIOLATED)
_19711_/B2                              1.500000    4.231837   -2.731837 (VIOLATED)
_19726_/C1                              1.500000    4.231837   -2.731837 (VIOLATED)
_19734_/B2                              1.500000    4.231837   -2.731837 (VIOLATED)
_19747_/A1                              1.500000    4.231837   -2.731837 (VIOLATED)
_19755_/B2                              1.500000    4.231837   -2.731837 (VIOLATED)
_19768_/A1                              1.500000    4.231837   -2.731837 (VIOLATED)
_19776_/B2                              1.500000    4.231837   -2.731837 (VIOLATED)
_19786_/C1                              1.500000    4.231837   -2.731837 (VIOLATED)
_19794_/B2                              1.500000    4.231837   -2.731837 (VIOLATED)
_19813_/C1                              1.500000    4.231837   -2.731837 (VIOLATED)
_19821_/B2                              1.500000    4.231837   -2.731837 (VIOLATED)
_19827_/B1                              1.500000    4.231837   -2.731837 (VIOLATED)
_19842_/B2                              1.500000    4.231837   -2.731837 (VIOLATED)
_19848_/C1                              1.500000    4.231837   -2.731837 (VIOLATED)
_19862_/B2                              1.500000    4.231837   -2.731837 (VIOLATED)
_19884_/B2                              1.500000    4.231837   -2.731837 (VIOLATED)
_19899_/C1                              1.500000    4.231837   -2.731837 (VIOLATED)
_19907_/B2                              1.500000    4.231837   -2.731837 (VIOLATED)
_19920_/A1                              1.500000    4.231837   -2.731837 (VIOLATED)
_19928_/B2                              1.500000    4.231837   -2.731837 (VIOLATED)
_19941_/A1                              1.500000    4.231837   -2.731837 (VIOLATED)
_19949_/B2                              1.500000    4.231837   -2.731837 (VIOLATED)
_19959_/C1                              1.500000    4.231837   -2.731837 (VIOLATED)
_19967_/B2                              1.500000    4.231837   -2.731837 (VIOLATED)
_19986_/C1                              1.500000    4.231837   -2.731837 (VIOLATED)
_19994_/B2                              1.500000    4.231837   -2.731837 (VIOLATED)
_20000_/B1                              1.500000    4.231837   -2.731837 (VIOLATED)
_20015_/B2                              1.500000    4.231837   -2.731837 (VIOLATED)
_20021_/C1                              1.500000    4.231837   -2.731837 (VIOLATED)
_20035_/B2                              1.500000    4.231837   -2.731837 (VIOLATED)
_20057_/B2                              1.500000    4.231837   -2.731837 (VIOLATED)
_20072_/C1                              1.500000    4.231837   -2.731837 (VIOLATED)
_20080_/B2                              1.500000    4.231837   -2.731837 (VIOLATED)
_20093_/A1                              1.500000    4.231837   -2.731837 (VIOLATED)
_20101_/B2                              1.500000    4.231837   -2.731837 (VIOLATED)
_20114_/A1                              1.500000    4.231837   -2.731837 (VIOLATED)
_20122_/B2                              1.500000    4.231837   -2.731837 (VIOLATED)
_20132_/C1                              1.500000    4.231837   -2.731837 (VIOLATED)
_20140_/B2                              1.500000    4.231837   -2.731837 (VIOLATED)
_20168_/B2                              1.500000    4.231837   -2.731837 (VIOLATED)
_20175_/B1                              1.500000    4.231837   -2.731837 (VIOLATED)
_20190_/B2                              1.500000    4.231837   -2.731837 (VIOLATED)
_20197_/C1                              1.500000    4.231837   -2.731837 (VIOLATED)
_20211_/B2                              1.500000    4.231837   -2.731837 (VIOLATED)
_20233_/B2                              1.500000    4.231837   -2.731837 (VIOLATED)
_20247_/C1                              1.500000    4.231837   -2.731837 (VIOLATED)
_20255_/B2                              1.500000    4.231837   -2.731837 (VIOLATED)
_20268_/A1                              1.500000    4.231837   -2.731837 (VIOLATED)
_20276_/B2                              1.500000    4.231837   -2.731837 (VIOLATED)
_20289_/A1                              1.500000    4.231837   -2.731837 (VIOLATED)
_20297_/B2                              1.500000    4.231837   -2.731837 (VIOLATED)
_20307_/C1                              1.500000    4.231837   -2.731837 (VIOLATED)
_20315_/B2                              1.500000    4.231837   -2.731837 (VIOLATED)
_20343_/B2                              1.500000    4.231837   -2.731837 (VIOLATED)
_20350_/B1                              1.500000    4.231837   -2.731837 (VIOLATED)
_20365_/B2                              1.500000    4.231837   -2.731837 (VIOLATED)
_20372_/C1                              1.500000    4.231837   -2.731837 (VIOLATED)
_20386_/B2                              1.500000    4.231837   -2.731837 (VIOLATED)
_20408_/B2                              1.500000    4.231837   -2.731837 (VIOLATED)
_20422_/C1                              1.500000    4.231837   -2.731837 (VIOLATED)
_20430_/B2                              1.500000    4.231837   -2.731837 (VIOLATED)
_20443_/A1                              1.500000    4.231837   -2.731837 (VIOLATED)
_20451_/B2                              1.500000    4.231837   -2.731837 (VIOLATED)
_20464_/A1                              1.500000    4.231837   -2.731837 (VIOLATED)
_20472_/B2                              1.500000    4.231837   -2.731837 (VIOLATED)
_20482_/C1                              1.500000    4.231837   -2.731837 (VIOLATED)
_20490_/B2                              1.500000    4.231837   -2.731837 (VIOLATED)
_20518_/B2                              1.500000    4.231837   -2.731837 (VIOLATED)
_20525_/B1                              1.500000    4.231837   -2.731837 (VIOLATED)
_20540_/B2                              1.500000    4.231837   -2.731837 (VIOLATED)
_20547_/C1                              1.500000    4.231837   -2.731837 (VIOLATED)
_20561_/B2                              1.500000    4.231837   -2.731837 (VIOLATED)
_20583_/B2                              1.500000    4.231837   -2.731837 (VIOLATED)
_20597_/B2                              1.500000    4.231837   -2.731837 (VIOLATED)
_20605_/B2                              1.500000    4.231837   -2.731837 (VIOLATED)
_20618_/A1                              1.500000    4.231837   -2.731837 (VIOLATED)
_20626_/B2                              1.500000    4.231837   -2.731837 (VIOLATED)
_20639_/A1                              1.500000    4.231837   -2.731837 (VIOLATED)
_20647_/B2                              1.500000    4.231837   -2.731837 (VIOLATED)
_20657_/C1                              1.500000    4.231837   -2.731837 (VIOLATED)
_20665_/B2                              1.500000    4.231837   -2.731837 (VIOLATED)
_20684_/C1                              1.500000    4.231837   -2.731837 (VIOLATED)
_20692_/B2                              1.500000    4.231837   -2.731837 (VIOLATED)
_20698_/B1                              1.500000    4.231837   -2.731837 (VIOLATED)
_20713_/B2                              1.500000    4.231837   -2.731837 (VIOLATED)
_20719_/C1                              1.500000    4.231837   -2.731837 (VIOLATED)
_20733_/B2                              1.500000    4.231837   -2.731837 (VIOLATED)
_20755_/B2                              1.500000    4.231837   -2.731837 (VIOLATED)
_20770_/B2                              1.500000    4.231837   -2.731837 (VIOLATED)
_20778_/B2                              1.500000    4.231837   -2.731837 (VIOLATED)
_20791_/A1                              1.500000    4.231837   -2.731837 (VIOLATED)
_20799_/B2                              1.500000    4.231837   -2.731837 (VIOLATED)
_20812_/A1                              1.500000    4.231837   -2.731837 (VIOLATED)
_20820_/B2                              1.500000    4.231837   -2.731837 (VIOLATED)
_20830_/C1                              1.500000    4.231837   -2.731837 (VIOLATED)
_20838_/B2                              1.500000    4.231837   -2.731837 (VIOLATED)
_20866_/B2                              1.500000    4.231837   -2.731837 (VIOLATED)
_20873_/B1                              1.500000    4.231837   -2.731837 (VIOLATED)
_20888_/B2                              1.500000    4.231837   -2.731837 (VIOLATED)
_20895_/C1                              1.500000    4.231837   -2.731837 (VIOLATED)
_20909_/B2                              1.500000    4.231837   -2.731837 (VIOLATED)
_20931_/B2                              1.500000    4.231837   -2.731837 (VIOLATED)
_20945_/B2                              1.500000    4.231837   -2.731837 (VIOLATED)
_20953_/B2                              1.500000    4.231837   -2.731837 (VIOLATED)
_20966_/A1                              1.500000    4.231837   -2.731837 (VIOLATED)
_20974_/B2                              1.500000    4.231837   -2.731837 (VIOLATED)
_20987_/A1                              1.500000    4.231837   -2.731837 (VIOLATED)
_20995_/B2                              1.500000    4.231837   -2.731837 (VIOLATED)
_21005_/C1                              1.500000    4.231837   -2.731837 (VIOLATED)
_21013_/B2                              1.500000    4.231837   -2.731837 (VIOLATED)
_21041_/B2                              1.500000    4.231837   -2.731837 (VIOLATED)
_21048_/B1                              1.500000    4.231837   -2.731837 (VIOLATED)
_21063_/B2                              1.500000    4.231837   -2.731837 (VIOLATED)
_21070_/C1                              1.500000    4.231837   -2.731837 (VIOLATED)
_21084_/B2                              1.500000    4.231837   -2.731837 (VIOLATED)
_21106_/B2                              1.500000    4.231837   -2.731837 (VIOLATED)
_21120_/C1                              1.500000    4.231837   -2.731837 (VIOLATED)
_21128_/B2                              1.500000    4.231837   -2.731837 (VIOLATED)
_21141_/A1                              1.500000    4.231837   -2.731837 (VIOLATED)
_21149_/B2                              1.500000    4.231837   -2.731837 (VIOLATED)
_21162_/A1                              1.500000    4.231837   -2.731837 (VIOLATED)
_21170_/B2                              1.500000    4.231837   -2.731837 (VIOLATED)
_21180_/C1                              1.500000    4.231837   -2.731837 (VIOLATED)
_21188_/B2                              1.500000    4.231837   -2.731837 (VIOLATED)
_21207_/C1                              1.500000    4.231837   -2.731837 (VIOLATED)
_21215_/B2                              1.500000    4.231837   -2.731837 (VIOLATED)
_21221_/B1                              1.500000    4.231837   -2.731837 (VIOLATED)
_21236_/B2                              1.500000    4.231837   -2.731837 (VIOLATED)
_21242_/C1                              1.500000    4.231837   -2.731837 (VIOLATED)
_21256_/B2                              1.500000    4.231837   -2.731837 (VIOLATED)
_21278_/B2                              1.500000    4.231837   -2.731837 (VIOLATED)
_21293_/B2                              1.500000    4.231837   -2.731837 (VIOLATED)
_21301_/B2                              1.500000    4.231837   -2.731837 (VIOLATED)
_21314_/A1                              1.500000    4.231837   -2.731837 (VIOLATED)
_21322_/B2                              1.500000    4.231837   -2.731837 (VIOLATED)
_21335_/A1                              1.500000    4.231837   -2.731837 (VIOLATED)
_21343_/B2                              1.500000    4.231837   -2.731837 (VIOLATED)
_21353_/C1                              1.500000    4.231837   -2.731837 (VIOLATED)
_21361_/B2                              1.500000    4.231837   -2.731837 (VIOLATED)
_21389_/B2                              1.500000    4.231837   -2.731837 (VIOLATED)
_21396_/B1                              1.500000    4.231837   -2.731837 (VIOLATED)
_21411_/B2                              1.500000    4.231837   -2.731837 (VIOLATED)
_21418_/C1                              1.500000    4.231837   -2.731837 (VIOLATED)
_21432_/B2                              1.500000    4.231837   -2.731837 (VIOLATED)
_21454_/B2                              1.500000    4.231837   -2.731837 (VIOLATED)
_21468_/B2                              1.500000    4.231837   -2.731837 (VIOLATED)
_21476_/B2                              1.500000    4.231837   -2.731837 (VIOLATED)
_21489_/A1                              1.500000    4.231837   -2.731837 (VIOLATED)
_21497_/B2                              1.500000    4.231837   -2.731837 (VIOLATED)
_21510_/A1                              1.500000    4.231837   -2.731837 (VIOLATED)
_21518_/B2                              1.500000    4.231837   -2.731837 (VIOLATED)
_21528_/C1                              1.500000    4.231837   -2.731837 (VIOLATED)
_21536_/B2                              1.500000    4.231837   -2.731837 (VIOLATED)
_21555_/C1                              1.500000    4.231837   -2.731837 (VIOLATED)
_21563_/B2                              1.500000    4.231837   -2.731837 (VIOLATED)
_21569_/B1                              1.500000    4.231837   -2.731837 (VIOLATED)
_21584_/B2                              1.500000    4.231837   -2.731837 (VIOLATED)
_21590_/C1                              1.500000    4.231837   -2.731837 (VIOLATED)
_21604_/B2                              1.500000    4.231837   -2.731837 (VIOLATED)
_21626_/B2                              1.500000    4.231837   -2.731837 (VIOLATED)
_21641_/B2                              1.500000    4.231837   -2.731837 (VIOLATED)
_21649_/B2                              1.500000    4.231837   -2.731837 (VIOLATED)
_21662_/A1                              1.500000    4.231837   -2.731837 (VIOLATED)
_21670_/B2                              1.500000    4.231837   -2.731837 (VIOLATED)
_21683_/A1                              1.500000    4.231837   -2.731837 (VIOLATED)
_21691_/B2                              1.500000    4.231837   -2.731837 (VIOLATED)
_21701_/C1                              1.500000    4.231837   -2.731837 (VIOLATED)
_21709_/B2                              1.500000    4.231837   -2.731837 (VIOLATED)
_21737_/B2                              1.500000    4.231837   -2.731837 (VIOLATED)
_21744_/B1                              1.500000    4.231837   -2.731837 (VIOLATED)
_21759_/B2                              1.500000    4.231837   -2.731837 (VIOLATED)
_21766_/C1                              1.500000    4.231837   -2.731837 (VIOLATED)
_21780_/B2                              1.500000    4.231837   -2.731837 (VIOLATED)
_21802_/B2                              1.500000    4.231837   -2.731837 (VIOLATED)
_21816_/C1                              1.500000    4.231837   -2.731837 (VIOLATED)
_21824_/B2                              1.500000    4.231837   -2.731837 (VIOLATED)
_21837_/A1                              1.500000    4.231837   -2.731837 (VIOLATED)
_21845_/B2                              1.500000    4.231837   -2.731837 (VIOLATED)
_21858_/A1                              1.500000    4.231837   -2.731837 (VIOLATED)
_21866_/B2                              1.500000    4.231837   -2.731837 (VIOLATED)
_21876_/C1                              1.500000    4.231837   -2.731837 (VIOLATED)
_21884_/B2                              1.500000    4.231837   -2.731837 (VIOLATED)
_21903_/C1                              1.500000    4.231837   -2.731837 (VIOLATED)
_21911_/B2                              1.500000    4.231837   -2.731837 (VIOLATED)
_21917_/B1                              1.500000    4.231837   -2.731837 (VIOLATED)
_21932_/B2                              1.500000    4.231837   -2.731837 (VIOLATED)
_21938_/C1                              1.500000    4.231837   -2.731837 (VIOLATED)
_21952_/B2                              1.500000    4.231837   -2.731837 (VIOLATED)
_21974_/B2                              1.500000    4.231837   -2.731837 (VIOLATED)
_21989_/C1                              1.500000    4.231837   -2.731837 (VIOLATED)
_21997_/B2                              1.500000    4.231837   -2.731837 (VIOLATED)
_22010_/A1                              1.500000    4.231837   -2.731837 (VIOLATED)
_22018_/B2                              1.500000    4.231837   -2.731837 (VIOLATED)
_22031_/A1                              1.500000    4.231837   -2.731837 (VIOLATED)
_22039_/B2                              1.500000    4.231837   -2.731837 (VIOLATED)
_22049_/C1                              1.500000    4.231837   -2.731837 (VIOLATED)
_22057_/B2                              1.500000    4.231837   -2.731837 (VIOLATED)
_22085_/B2                              1.500000    4.231837   -2.731837 (VIOLATED)
_22092_/B1                              1.500000    4.231837   -2.731837 (VIOLATED)
_22107_/B2                              1.500000    4.231837   -2.731837 (VIOLATED)
_22114_/C1                              1.500000    4.231837   -2.731837 (VIOLATED)
_22128_/B2                              1.500000    4.231837   -2.731837 (VIOLATED)
_22150_/B2                              1.500000    4.231837   -2.731837 (VIOLATED)
_22164_/B2                              1.500000    4.231837   -2.731837 (VIOLATED)
_22172_/B2                              1.500000    4.231837   -2.731837 (VIOLATED)
_22185_/A1                              1.500000    4.231837   -2.731837 (VIOLATED)
_22193_/B2                              1.500000    4.231837   -2.731837 (VIOLATED)
_22206_/A1                              1.500000    4.231837   -2.731837 (VIOLATED)
_22214_/B2                              1.500000    4.231837   -2.731837 (VIOLATED)
_22224_/C1                              1.500000    4.231837   -2.731837 (VIOLATED)
_22232_/B2                              1.500000    4.231837   -2.731837 (VIOLATED)
_22260_/B2                              1.500000    4.231837   -2.731837 (VIOLATED)
_22267_/B1                              1.500000    4.231837   -2.731837 (VIOLATED)
_22282_/B2                              1.500000    4.231837   -2.731837 (VIOLATED)
_22289_/C1                              1.500000    4.231837   -2.731837 (VIOLATED)
_22303_/B2                              1.500000    4.231837   -2.731837 (VIOLATED)
_22325_/B2                              1.500000    4.231837   -2.731837 (VIOLATED)
_22339_/C1                              1.500000    4.231837   -2.731837 (VIOLATED)
_22347_/B2                              1.500000    4.231837   -2.731837 (VIOLATED)
_22360_/A1                              1.500000    4.231837   -2.731837 (VIOLATED)
_22368_/B2                              1.500000    4.231837   -2.731837 (VIOLATED)
_22381_/A1                              1.500000    4.231837   -2.731837 (VIOLATED)
_22389_/B2                              1.500000    4.231837   -2.731837 (VIOLATED)
_22399_/C1                              1.500000    4.231837   -2.731837 (VIOLATED)
_22407_/B2                              1.500000    4.231837   -2.731837 (VIOLATED)
_22426_/C1                              1.500000    4.231837   -2.731837 (VIOLATED)
_22434_/B2                              1.500000    4.231837   -2.731837 (VIOLATED)
_22440_/B1                              1.500000    4.231837   -2.731837 (VIOLATED)
_22455_/B2                              1.500000    4.231837   -2.731837 (VIOLATED)
_22461_/C1                              1.500000    4.231837   -2.731837 (VIOLATED)
_22475_/B2                              1.500000    4.231837   -2.731837 (VIOLATED)
_22497_/B2                              1.500000    4.231837   -2.731837 (VIOLATED)
_22512_/C1                              1.500000    4.231837   -2.731837 (VIOLATED)
_22520_/B2                              1.500000    4.231837   -2.731837 (VIOLATED)
_22533_/A1                              1.500000    4.231837   -2.731837 (VIOLATED)
_22541_/B2                              1.500000    4.231837   -2.731837 (VIOLATED)
_22554_/A1                              1.500000    4.231837   -2.731837 (VIOLATED)
_22562_/B2                              1.500000    4.231837   -2.731837 (VIOLATED)
_22572_/C1                              1.500000    4.231837   -2.731837 (VIOLATED)
_22580_/B2                              1.500000    4.231837   -2.731837 (VIOLATED)
_22608_/B2                              1.500000    4.231837   -2.731837 (VIOLATED)
_22615_/B1                              1.500000    4.231837   -2.731837 (VIOLATED)
_22630_/B2                              1.500000    4.231837   -2.731837 (VIOLATED)
_22637_/C1                              1.500000    4.231837   -2.731837 (VIOLATED)
_22651_/B2                              1.500000    4.231837   -2.731837 (VIOLATED)
_22673_/B2                              1.500000    4.231837   -2.731837 (VIOLATED)
_22687_/B2                              1.500000    4.231837   -2.731837 (VIOLATED)
_22695_/B2                              1.500000    4.231837   -2.731837 (VIOLATED)
_22708_/A1                              1.500000    4.231837   -2.731837 (VIOLATED)
_22716_/B2                              1.500000    4.231837   -2.731837 (VIOLATED)
_22729_/A1                              1.500000    4.231837   -2.731837 (VIOLATED)
_22737_/B2                              1.500000    4.231837   -2.731837 (VIOLATED)
_22747_/C1                              1.500000    4.231837   -2.731837 (VIOLATED)
_22755_/B2                              1.500000    4.231837   -2.731837 (VIOLATED)
_22783_/B2                              1.500000    4.231837   -2.731837 (VIOLATED)
_22790_/B1                              1.500000    4.231837   -2.731837 (VIOLATED)
_22805_/B2                              1.500000    4.231837   -2.731837 (VIOLATED)
_22812_/C1                              1.500000    4.231837   -2.731837 (VIOLATED)
_22826_/B2                              1.500000    4.231837   -2.731837 (VIOLATED)
_22848_/B2                              1.500000    4.231837   -2.731837 (VIOLATED)
_22862_/B2                              1.500000    4.231837   -2.731837 (VIOLATED)
_22870_/B2                              1.500000    4.231837   -2.731837 (VIOLATED)
_22883_/A1                              1.500000    4.231837   -2.731837 (VIOLATED)
_22891_/B2                              1.500000    4.231837   -2.731837 (VIOLATED)
_22904_/A1                              1.500000    4.231837   -2.731837 (VIOLATED)
_22912_/B2                              1.500000    4.231837   -2.731837 (VIOLATED)
_22922_/C1                              1.500000    4.231837   -2.731837 (VIOLATED)
_22930_/B2                              1.500000    4.231837   -2.731837 (VIOLATED)
_22949_/C1                              1.500000    4.231837   -2.731837 (VIOLATED)
_22957_/B2                              1.500000    4.231837   -2.731837 (VIOLATED)
_22963_/B1                              1.500000    4.231837   -2.731837 (VIOLATED)
_22978_/B2                              1.500000    4.231837   -2.731837 (VIOLATED)
_22984_/C1                              1.500000    4.231837   -2.731837 (VIOLATED)
_22998_/B2                              1.500000    4.231837   -2.731837 (VIOLATED)
_23020_/B2                              1.500000    4.231837   -2.731837 (VIOLATED)
_23035_/B2                              1.500000    4.231837   -2.731837 (VIOLATED)
_23043_/B2                              1.500000    4.231837   -2.731837 (VIOLATED)
_23056_/A1                              1.500000    4.231837   -2.731837 (VIOLATED)
_23064_/B2                              1.500000    4.231837   -2.731837 (VIOLATED)
_23077_/A1                              1.500000    4.231837   -2.731837 (VIOLATED)
_23085_/B2                              1.500000    4.231837   -2.731837 (VIOLATED)
_23095_/C1                              1.500000    4.231837   -2.731837 (VIOLATED)
_23103_/B2                              1.500000    4.231837   -2.731837 (VIOLATED)
_23122_/C1                              1.500000    4.231837   -2.731837 (VIOLATED)
_23130_/B2                              1.500000    4.231837   -2.731837 (VIOLATED)
_23136_/B1                              1.500000    4.231837   -2.731837 (VIOLATED)
_23151_/B2                              1.500000    4.231837   -2.731837 (VIOLATED)
_23157_/C1                              1.500000    4.231837   -2.731837 (VIOLATED)
_23171_/B2                              1.500000    4.231837   -2.731837 (VIOLATED)
_23193_/B2                              1.500000    4.231837   -2.731837 (VIOLATED)
_23208_/C1                              1.500000    4.231837   -2.731837 (VIOLATED)
_23216_/B2                              1.500000    4.231837   -2.731837 (VIOLATED)
_23229_/A1                              1.500000    4.231837   -2.731837 (VIOLATED)
_23237_/B2                              1.500000    4.231837   -2.731837 (VIOLATED)
_23250_/A1                              1.500000    4.231837   -2.731837 (VIOLATED)
_23258_/B2                              1.500000    4.231837   -2.731837 (VIOLATED)
_23268_/C1                              1.500000    4.231837   -2.731837 (VIOLATED)
_23276_/B2                              1.500000    4.231837   -2.731837 (VIOLATED)
_23304_/B2                              1.500000    4.231837   -2.731837 (VIOLATED)
_23311_/B1                              1.500000    4.231837   -2.731837 (VIOLATED)
_23326_/B2                              1.500000    4.231837   -2.731837 (VIOLATED)
_23333_/C1                              1.500000    4.231837   -2.731837 (VIOLATED)
_23347_/B2                              1.500000    4.231837   -2.731837 (VIOLATED)
_23369_/B2                              1.500000    4.231837   -2.731837 (VIOLATED)
_23383_/C1                              1.500000    4.231837   -2.731837 (VIOLATED)
_23391_/B2                              1.500000    4.231837   -2.731837 (VIOLATED)
_23404_/A1                              1.500000    4.231837   -2.731837 (VIOLATED)
_23412_/B2                              1.500000    4.231837   -2.731837 (VIOLATED)
_23425_/A1                              1.500000    4.231837   -2.731837 (VIOLATED)
_23433_/B2                              1.500000    4.231837   -2.731837 (VIOLATED)
_23443_/C1                              1.500000    4.231837   -2.731837 (VIOLATED)
_23451_/B2                              1.500000    4.231837   -2.731837 (VIOLATED)
_23479_/B2                              1.500000    4.231837   -2.731837 (VIOLATED)
_23486_/B1                              1.500000    4.231837   -2.731837 (VIOLATED)
_23501_/B2                              1.500000    4.231837   -2.731837 (VIOLATED)
_23508_/C1                              1.500000    4.231837   -2.731837 (VIOLATED)
_23522_/B2                              1.500000    4.231837   -2.731837 (VIOLATED)
_23544_/B2                              1.500000    4.231837   -2.731837 (VIOLATED)
_23558_/B2                              1.500000    4.231837   -2.731837 (VIOLATED)
_23566_/B2                              1.500000    4.231837   -2.731837 (VIOLATED)
_23579_/A1                              1.500000    4.231837   -2.731837 (VIOLATED)
_23587_/B2                              1.500000    4.231837   -2.731837 (VIOLATED)
_23600_/A1                              1.500000    4.231837   -2.731837 (VIOLATED)
_23608_/B2                              1.500000    4.231837   -2.731837 (VIOLATED)
_23618_/C1                              1.500000    4.231837   -2.731837 (VIOLATED)
_23626_/B2                              1.500000    4.231837   -2.731837 (VIOLATED)
_23654_/B2                              1.500000    4.231837   -2.731837 (VIOLATED)
_23661_/B1                              1.500000    4.231837   -2.731837 (VIOLATED)
_23676_/B2                              1.500000    4.231837   -2.731837 (VIOLATED)
_23683_/C1                              1.500000    4.231837   -2.731837 (VIOLATED)
_23697_/B2                              1.500000    4.231837   -2.731837 (VIOLATED)
_23719_/B2                              1.500000    4.231837   -2.731837 (VIOLATED)
_23733_/B2                              1.500000    4.231837   -2.731837 (VIOLATED)
_23741_/B2                              1.500000    4.231837   -2.731837 (VIOLATED)
_23754_/A1                              1.500000    4.231837   -2.731837 (VIOLATED)
_23762_/B2                              1.500000    4.231837   -2.731837 (VIOLATED)
_23775_/A1                              1.500000    4.231837   -2.731837 (VIOLATED)
_23783_/B2                              1.500000    4.231837   -2.731837 (VIOLATED)
_23793_/C1                              1.500000    4.231837   -2.731837 (VIOLATED)
_23801_/B2                              1.500000    4.231837   -2.731837 (VIOLATED)
_23820_/C1                              1.500000    4.231837   -2.731837 (VIOLATED)
_23828_/B2                              1.500000    4.231837   -2.731837 (VIOLATED)
_23834_/B1                              1.500000    4.231837   -2.731837 (VIOLATED)
_23849_/B2                              1.500000    4.231837   -2.731837 (VIOLATED)
_23855_/C1                              1.500000    4.231837   -2.731837 (VIOLATED)
_23869_/B2                              1.500000    4.231837   -2.731837 (VIOLATED)
_23891_/B2                              1.500000    4.231837   -2.731837 (VIOLATED)
_23906_/C1                              1.500000    4.231837   -2.731837 (VIOLATED)
_23914_/B2                              1.500000    4.231837   -2.731837 (VIOLATED)
_23927_/A1                              1.500000    4.231837   -2.731837 (VIOLATED)
_23935_/B2                              1.500000    4.231837   -2.731837 (VIOLATED)
_23948_/A1                              1.500000    4.231837   -2.731837 (VIOLATED)
_23956_/B2                              1.500000    4.231837   -2.731837 (VIOLATED)
_23966_/C1                              1.500000    4.231837   -2.731837 (VIOLATED)
_23974_/B2                              1.500000    4.231837   -2.731837 (VIOLATED)
_23993_/C1                              1.500000    4.231837   -2.731837 (VIOLATED)
_24001_/B2                              1.500000    4.231837   -2.731837 (VIOLATED)
_24007_/B1                              1.500000    4.231837   -2.731837 (VIOLATED)
_24022_/B2                              1.500000    4.231837   -2.731837 (VIOLATED)
_24028_/C1                              1.500000    4.231837   -2.731837 (VIOLATED)
_24042_/B2                              1.500000    4.231837   -2.731837 (VIOLATED)
_24064_/B2                              1.500000    4.231837   -2.731837 (VIOLATED)
_24079_/C1                              1.500000    4.231837   -2.731837 (VIOLATED)
_24087_/B2                              1.500000    4.231837   -2.731837 (VIOLATED)
_24100_/A1                              1.500000    4.231837   -2.731837 (VIOLATED)
_24108_/B2                              1.500000    4.231837   -2.731837 (VIOLATED)
_24121_/A1                              1.500000    4.231837   -2.731837 (VIOLATED)
_24129_/B2                              1.500000    4.231837   -2.731837 (VIOLATED)
_24139_/C1                              1.500000    4.231837   -2.731837 (VIOLATED)
_24147_/B2                              1.500000    4.231837   -2.731837 (VIOLATED)
_24175_/B2                              1.500000    4.231837   -2.731837 (VIOLATED)
_24182_/B1                              1.500000    4.231837   -2.731837 (VIOLATED)
_24197_/B2                              1.500000    4.231837   -2.731837 (VIOLATED)
_24204_/C1                              1.500000    4.231837   -2.731837 (VIOLATED)
_24218_/B2                              1.500000    4.231837   -2.731837 (VIOLATED)
_24240_/B2                              1.500000    4.231837   -2.731837 (VIOLATED)
_24254_/C1                              1.500000    4.231837   -2.731837 (VIOLATED)
_24262_/B2                              1.500000    4.231837   -2.731837 (VIOLATED)
_24275_/A1                              1.500000    4.231837   -2.731837 (VIOLATED)
_24283_/B2                              1.500000    4.231837   -2.731837 (VIOLATED)
_24296_/A1                              1.500000    4.231837   -2.731837 (VIOLATED)
_24304_/B2                              1.500000    4.231837   -2.731837 (VIOLATED)
_24314_/C1                              1.500000    4.231837   -2.731837 (VIOLATED)
_24322_/B2                              1.500000    4.231837   -2.731837 (VIOLATED)
_24341_/C1                              1.500000    4.231837   -2.731837 (VIOLATED)
_24349_/B2                              1.500000    4.231837   -2.731837 (VIOLATED)
_24355_/B1                              1.500000    4.231837   -2.731837 (VIOLATED)
_24370_/B2                              1.500000    4.231837   -2.731837 (VIOLATED)
_24376_/C1                              1.500000    4.231837   -2.731837 (VIOLATED)
_24390_/B2                              1.500000    4.231837   -2.731837 (VIOLATED)
_24412_/B2                              1.500000    4.231837   -2.731837 (VIOLATED)
_24427_/C1                              1.500000    4.231837   -2.731837 (VIOLATED)
_24435_/B2                              1.500000    4.231837   -2.731837 (VIOLATED)
_24448_/A1                              1.500000    4.231837   -2.731837 (VIOLATED)
_24456_/B2                              1.500000    4.231837   -2.731837 (VIOLATED)
_24469_/A1                              1.500000    4.231837   -2.731837 (VIOLATED)
_24477_/B2                              1.500000    4.231837   -2.731837 (VIOLATED)
_24487_/C1                              1.500000    4.231837   -2.731837 (VIOLATED)
_24495_/B2                              1.500000    4.231837   -2.731837 (VIOLATED)
_24523_/B2                              1.500000    4.231837   -2.731837 (VIOLATED)
_24529_/B1                              1.500000    4.231837   -2.731837 (VIOLATED)
_24544_/B2                              1.500000    4.231837   -2.731837 (VIOLATED)
_24550_/C1                              1.500000    4.231837   -2.731837 (VIOLATED)
_24564_/B2                              1.500000    4.231837   -2.731837 (VIOLATED)
_24585_/B1                              1.500000    4.231837   -2.731837 (VIOLATED)
_24601_/C1                              1.500000    4.231837   -2.731837 (VIOLATED)
_24609_/B2                              1.500000    4.231837   -2.731837 (VIOLATED)
_24621_/C1                              1.500000    4.231837   -2.731837 (VIOLATED)
_24622_/A1                              1.500000    4.231837   -2.731837 (VIOLATED)
_24630_/B2                              1.500000    4.231837   -2.731837 (VIOLATED)
_24643_/A1                              1.500000    4.231837   -2.731837 (VIOLATED)
_24651_/B2                              1.500000    4.231837   -2.731837 (VIOLATED)
_24661_/C1                              1.500000    4.231837   -2.731837 (VIOLATED)
_24669_/B2                              1.500000    4.231837   -2.731837 (VIOLATED)
_33240_/Q                               1.506345    4.231837   -2.725492 (VIOLATED)
_14158_/Y                               1.494397    4.036551   -2.542154 (VIOLATED)
_14272_/B                               1.500000    4.036551   -2.536551 (VIOLATED)
_14159_/Y                               1.493461    3.884589   -2.391128 (VIOLATED)
_14204_/A1                              1.500000    3.884589   -2.384589 (VIOLATED)
_14205_/A1                              1.500000    3.884589   -2.384589 (VIOLATED)
_33237_/D                               1.500000    3.884589   -2.384589 (VIOLATED)
_14201_/Y                               1.496349    3.671118   -2.174769 (VIOLATED)
_14202_/B                               1.500000    3.671118   -2.171118 (VIOLATED)
_14150_/Y                               1.499372    2.544318   -1.044946 (VIOLATED)
_19143_/C1                              1.500000    2.544318   -1.044318 (VIOLATED)
_19161_/C1                              1.500000    2.544318   -1.044318 (VIOLATED)
_19179_/C1                              1.500000    2.544318   -1.044318 (VIOLATED)
_19197_/C1                              1.500000    2.544318   -1.044318 (VIOLATED)
_19220_/C1                              1.500000    2.544318   -1.044318 (VIOLATED)
_19238_/C1                              1.500000    2.544318   -1.044318 (VIOLATED)
_19259_/C1                              1.500000    2.544318   -1.044318 (VIOLATED)
_19277_/C1                              1.500000    2.544318   -1.044318 (VIOLATED)
_19305_/C1                              1.500000    2.544318   -1.044318 (VIOLATED)
_19323_/C1                              1.500000    2.544318   -1.044318 (VIOLATED)
_19343_/C1                              1.500000    2.544318   -1.044318 (VIOLATED)
_19357_/C1                              1.500000    2.544318   -1.044318 (VIOLATED)
_19365_/C1                              1.500000    2.544318   -1.044318 (VIOLATED)
_19388_/C1                              1.500000    2.544318   -1.044318 (VIOLATED)
_19409_/C1                              1.500000    2.544318   -1.044318 (VIOLATED)
_19430_/C1                              1.500000    2.544318   -1.044318 (VIOLATED)
_19448_/C1                              1.500000    2.544318   -1.044318 (VIOLATED)
_19475_/C1                              1.500000    2.544318   -1.044318 (VIOLATED)
_19496_/C1                              1.500000    2.544318   -1.044318 (VIOLATED)
_19516_/C1                              1.500000    2.544318   -1.044318 (VIOLATED)
_19530_/C1                              1.500000    2.544318   -1.044318 (VIOLATED)
_19538_/C1                              1.500000    2.544318   -1.044318 (VIOLATED)
_19561_/C1                              1.500000    2.544318   -1.044318 (VIOLATED)
_19582_/C1                              1.500000    2.544318   -1.044318 (VIOLATED)
_19603_/C1                              1.500000    2.544318   -1.044318 (VIOLATED)
_19621_/C1                              1.500000    2.544318   -1.044318 (VIOLATED)
_19648_/C1                              1.500000    2.544318   -1.044318 (VIOLATED)
_19669_/C1                              1.500000    2.544318   -1.044318 (VIOLATED)
_19689_/C1                              1.500000    2.544318   -1.044318 (VIOLATED)
_19703_/C1                              1.500000    2.544318   -1.044318 (VIOLATED)
_19711_/C1                              1.500000    2.544318   -1.044318 (VIOLATED)
_19734_/C1                              1.500000    2.544318   -1.044318 (VIOLATED)
_19755_/C1                              1.500000    2.544318   -1.044318 (VIOLATED)
_19776_/C1                              1.500000    2.544318   -1.044318 (VIOLATED)
_19794_/C1                              1.500000    2.544318   -1.044318 (VIOLATED)
_19821_/C1                              1.500000    2.544318   -1.044318 (VIOLATED)
_19842_/C1                              1.500000    2.544318   -1.044318 (VIOLATED)
_19862_/C1                              1.500000    2.544318   -1.044318 (VIOLATED)
_19876_/C1                              1.500000    2.544318   -1.044318 (VIOLATED)
_19884_/C1                              1.500000    2.544318   -1.044318 (VIOLATED)
_19907_/C1                              1.500000    2.544318   -1.044318 (VIOLATED)
_19928_/C1                              1.500000    2.544318   -1.044318 (VIOLATED)
_19949_/C1                              1.500000    2.544318   -1.044318 (VIOLATED)
_19967_/C1                              1.500000    2.544318   -1.044318 (VIOLATED)
_19994_/C1                              1.500000    2.544318   -1.044318 (VIOLATED)
_20015_/C1                              1.500000    2.544318   -1.044318 (VIOLATED)
_20035_/C1                              1.500000    2.544318   -1.044318 (VIOLATED)
_20049_/C1                              1.500000    2.544318   -1.044318 (VIOLATED)
_20057_/C1                              1.500000    2.544318   -1.044318 (VIOLATED)
_20080_/C1                              1.500000    2.544318   -1.044318 (VIOLATED)
_20101_/C1                              1.500000    2.544318   -1.044318 (VIOLATED)
_20122_/C1                              1.500000    2.544318   -1.044318 (VIOLATED)
_20140_/C1                              1.500000    2.544318   -1.044318 (VIOLATED)
_20168_/C1                              1.500000    2.544318   -1.044318 (VIOLATED)
_20190_/C1                              1.500000    2.544318   -1.044318 (VIOLATED)
_20211_/C1                              1.500000    2.544318   -1.044318 (VIOLATED)
_20225_/C1                              1.500000    2.544318   -1.044318 (VIOLATED)
_20233_/C1                              1.500000    2.544318   -1.044318 (VIOLATED)
_20255_/C1                              1.500000    2.544318   -1.044318 (VIOLATED)
_20276_/C1                              1.500000    2.544318   -1.044318 (VIOLATED)
_20297_/C1                              1.500000    2.544318   -1.044318 (VIOLATED)
_20315_/C1                              1.500000    2.544318   -1.044318 (VIOLATED)
_20343_/C1                              1.500000    2.544318   -1.044318 (VIOLATED)
_20365_/C1                              1.500000    2.544318   -1.044318 (VIOLATED)
_20386_/C1                              1.500000    2.544318   -1.044318 (VIOLATED)
_20400_/C1                              1.500000    2.544318   -1.044318 (VIOLATED)
_20408_/C1                              1.500000    2.544318   -1.044318 (VIOLATED)
_20430_/C1                              1.500000    2.544318   -1.044318 (VIOLATED)
_20451_/C1                              1.500000    2.544318   -1.044318 (VIOLATED)
_20472_/C1                              1.500000    2.544318   -1.044318 (VIOLATED)
_20490_/C1                              1.500000    2.544318   -1.044318 (VIOLATED)
_20518_/C1                              1.500000    2.544318   -1.044318 (VIOLATED)
_20540_/C1                              1.500000    2.544318   -1.044318 (VIOLATED)
_20561_/C1                              1.500000    2.544318   -1.044318 (VIOLATED)
_20575_/C1                              1.500000    2.544318   -1.044318 (VIOLATED)
_20583_/C1                              1.500000    2.544318   -1.044318 (VIOLATED)
_20605_/C1                              1.500000    2.544318   -1.044318 (VIOLATED)
_20626_/C1                              1.500000    2.544318   -1.044318 (VIOLATED)
_20647_/C1                              1.500000    2.544318   -1.044318 (VIOLATED)
_20665_/C1                              1.500000    2.544318   -1.044318 (VIOLATED)
_20692_/C1                              1.500000    2.544318   -1.044318 (VIOLATED)
_20713_/C1                              1.500000    2.544318   -1.044318 (VIOLATED)
_20733_/C1                              1.500000    2.544318   -1.044318 (VIOLATED)
_20747_/C1                              1.500000    2.544318   -1.044318 (VIOLATED)
_20755_/C1                              1.500000    2.544318   -1.044318 (VIOLATED)
_20778_/C1                              1.500000    2.544318   -1.044318 (VIOLATED)
_20799_/C1                              1.500000    2.544318   -1.044318 (VIOLATED)
_20820_/C1                              1.500000    2.544318   -1.044318 (VIOLATED)
_20838_/C1                              1.500000    2.544318   -1.044318 (VIOLATED)
_20866_/C1                              1.500000    2.544318   -1.044318 (VIOLATED)
_20888_/C1                              1.500000    2.544318   -1.044318 (VIOLATED)
_20909_/C1                              1.500000    2.544318   -1.044318 (VIOLATED)
_20923_/C1                              1.500000    2.544318   -1.044318 (VIOLATED)
_20931_/C1                              1.500000    2.544318   -1.044318 (VIOLATED)
_20953_/C1                              1.500000    2.544318   -1.044318 (VIOLATED)
_20974_/C1                              1.500000    2.544318   -1.044318 (VIOLATED)
_20995_/C1                              1.500000    2.544318   -1.044318 (VIOLATED)
_21013_/C1                              1.500000    2.544318   -1.044318 (VIOLATED)
_21041_/C1                              1.500000    2.544318   -1.044318 (VIOLATED)
_21063_/C1                              1.500000    2.544318   -1.044318 (VIOLATED)
_21084_/C1                              1.500000    2.544318   -1.044318 (VIOLATED)
_21098_/C1                              1.500000    2.544318   -1.044318 (VIOLATED)
_21106_/C1                              1.500000    2.544318   -1.044318 (VIOLATED)
_21128_/C1                              1.500000    2.544318   -1.044318 (VIOLATED)
_21149_/C1                              1.500000    2.544318   -1.044318 (VIOLATED)
_21170_/C1                              1.500000    2.544318   -1.044318 (VIOLATED)
_21188_/C1                              1.500000    2.544318   -1.044318 (VIOLATED)
_21215_/C1                              1.500000    2.544318   -1.044318 (VIOLATED)
_21236_/C1                              1.500000    2.544318   -1.044318 (VIOLATED)
_21256_/C1                              1.500000    2.544318   -1.044318 (VIOLATED)
_21270_/C1                              1.500000    2.544318   -1.044318 (VIOLATED)
_21278_/C1                              1.500000    2.544318   -1.044318 (VIOLATED)
_21301_/C1                              1.500000    2.544318   -1.044318 (VIOLATED)
_21322_/C1                              1.500000    2.544318   -1.044318 (VIOLATED)
_21343_/C1                              1.500000    2.544318   -1.044318 (VIOLATED)
_21361_/C1                              1.500000    2.544318   -1.044318 (VIOLATED)
_21389_/C1                              1.500000    2.544318   -1.044318 (VIOLATED)
_21411_/C1                              1.500000    2.544318   -1.044318 (VIOLATED)
_21432_/C1                              1.500000    2.544318   -1.044318 (VIOLATED)
_21446_/C1                              1.500000    2.544318   -1.044318 (VIOLATED)
_21454_/C1                              1.500000    2.544318   -1.044318 (VIOLATED)
_21476_/C1                              1.500000    2.544318   -1.044318 (VIOLATED)
_21497_/C1                              1.500000    2.544318   -1.044318 (VIOLATED)
_21518_/C1                              1.500000    2.544318   -1.044318 (VIOLATED)
_21536_/C1                              1.500000    2.544318   -1.044318 (VIOLATED)
_21563_/C1                              1.500000    2.544318   -1.044318 (VIOLATED)
_21584_/C1                              1.500000    2.544318   -1.044318 (VIOLATED)
_21604_/C1                              1.500000    2.544318   -1.044318 (VIOLATED)
_21618_/C1                              1.500000    2.544318   -1.044318 (VIOLATED)
_21626_/C1                              1.500000    2.544318   -1.044318 (VIOLATED)
_21649_/C1                              1.500000    2.544318   -1.044318 (VIOLATED)
_21670_/C1                              1.500000    2.544318   -1.044318 (VIOLATED)
_21691_/C1                              1.500000    2.544318   -1.044318 (VIOLATED)
_21709_/C1                              1.500000    2.544318   -1.044318 (VIOLATED)
_21737_/C1                              1.500000    2.544318   -1.044318 (VIOLATED)
_21759_/C1                              1.500000    2.544318   -1.044318 (VIOLATED)
_21780_/C1                              1.500000    2.544318   -1.044318 (VIOLATED)
_21794_/C1                              1.500000    2.544318   -1.044318 (VIOLATED)
_21802_/C1                              1.500000    2.544318   -1.044318 (VIOLATED)
_21824_/C1                              1.500000    2.544318   -1.044318 (VIOLATED)
_21845_/C1                              1.500000    2.544318   -1.044318 (VIOLATED)
_21866_/C1                              1.500000    2.544318   -1.044318 (VIOLATED)
_21884_/C1                              1.500000    2.544318   -1.044318 (VIOLATED)
_21911_/C1                              1.500000    2.544318   -1.044318 (VIOLATED)
_21932_/C1                              1.500000    2.544318   -1.044318 (VIOLATED)
_21952_/C1                              1.500000    2.544318   -1.044318 (VIOLATED)
_21966_/C1                              1.500000    2.544318   -1.044318 (VIOLATED)
_21974_/C1                              1.500000    2.544318   -1.044318 (VIOLATED)
_21997_/C1                              1.500000    2.544318   -1.044318 (VIOLATED)
_22018_/C1                              1.500000    2.544318   -1.044318 (VIOLATED)
_22039_/C1                              1.500000    2.544318   -1.044318 (VIOLATED)
_22057_/C1                              1.500000    2.544318   -1.044318 (VIOLATED)
_22085_/C1                              1.500000    2.544318   -1.044318 (VIOLATED)
_22107_/C1                              1.500000    2.544318   -1.044318 (VIOLATED)
_22128_/C1                              1.500000    2.544318   -1.044318 (VIOLATED)
_22142_/C1                              1.500000    2.544318   -1.044318 (VIOLATED)
_22150_/C1                              1.500000    2.544318   -1.044318 (VIOLATED)
_22172_/C1                              1.500000    2.544318   -1.044318 (VIOLATED)
_22193_/C1                              1.500000    2.544318   -1.044318 (VIOLATED)
_22214_/C1                              1.500000    2.544318   -1.044318 (VIOLATED)
_22232_/C1                              1.500000    2.544318   -1.044318 (VIOLATED)
_22260_/C1                              1.500000    2.544318   -1.044318 (VIOLATED)
_22282_/C1                              1.500000    2.544318   -1.044318 (VIOLATED)
_22303_/C1                              1.500000    2.544318   -1.044318 (VIOLATED)
_22317_/C1                              1.500000    2.544318   -1.044318 (VIOLATED)
_22325_/C1                              1.500000    2.544318   -1.044318 (VIOLATED)
_22347_/C1                              1.500000    2.544318   -1.044318 (VIOLATED)
_22368_/C1                              1.500000    2.544318   -1.044318 (VIOLATED)
_22389_/C1                              1.500000    2.544318   -1.044318 (VIOLATED)
_22407_/C1                              1.500000    2.544318   -1.044318 (VIOLATED)
_22434_/C1                              1.500000    2.544318   -1.044318 (VIOLATED)
_22455_/C1                              1.500000    2.544318   -1.044318 (VIOLATED)
_22475_/C1                              1.500000    2.544318   -1.044318 (VIOLATED)
_22489_/C1                              1.500000    2.544318   -1.044318 (VIOLATED)
_22497_/C1                              1.500000    2.544318   -1.044318 (VIOLATED)
_22520_/C1                              1.500000    2.544318   -1.044318 (VIOLATED)
_22541_/C1                              1.500000    2.544318   -1.044318 (VIOLATED)
_22562_/C1                              1.500000    2.544318   -1.044318 (VIOLATED)
_22580_/C1                              1.500000    2.544318   -1.044318 (VIOLATED)
_22608_/C1                              1.500000    2.544318   -1.044318 (VIOLATED)
_22630_/C1                              1.500000    2.544318   -1.044318 (VIOLATED)
_22651_/C1                              1.500000    2.544318   -1.044318 (VIOLATED)
_22665_/C1                              1.500000    2.544318   -1.044318 (VIOLATED)
_22673_/C1                              1.500000    2.544318   -1.044318 (VIOLATED)
_22695_/C1                              1.500000    2.544318   -1.044318 (VIOLATED)
_22716_/C1                              1.500000    2.544318   -1.044318 (VIOLATED)
_22737_/C1                              1.500000    2.544318   -1.044318 (VIOLATED)
_22755_/C1                              1.500000    2.544318   -1.044318 (VIOLATED)
_22783_/C1                              1.500000    2.544318   -1.044318 (VIOLATED)
_22805_/C1                              1.500000    2.544318   -1.044318 (VIOLATED)
_22826_/C1                              1.500000    2.544318   -1.044318 (VIOLATED)
_22840_/C1                              1.500000    2.544318   -1.044318 (VIOLATED)
_22848_/C1                              1.500000    2.544318   -1.044318 (VIOLATED)
_22870_/C1                              1.500000    2.544318   -1.044318 (VIOLATED)
_22891_/C1                              1.500000    2.544318   -1.044318 (VIOLATED)
_22912_/C1                              1.500000    2.544318   -1.044318 (VIOLATED)
_22930_/C1                              1.500000    2.544318   -1.044318 (VIOLATED)
_22957_/C1                              1.500000    2.544318   -1.044318 (VIOLATED)
_22978_/C1                              1.500000    2.544318   -1.044318 (VIOLATED)
_22998_/C1                              1.500000    2.544318   -1.044318 (VIOLATED)
_23012_/C1                              1.500000    2.544318   -1.044318 (VIOLATED)
_23020_/C1                              1.500000    2.544318   -1.044318 (VIOLATED)
_23043_/C1                              1.500000    2.544318   -1.044318 (VIOLATED)
_23064_/C1                              1.500000    2.544318   -1.044318 (VIOLATED)
_23085_/C1                              1.500000    2.544318   -1.044318 (VIOLATED)
_23103_/C1                              1.500000    2.544318   -1.044318 (VIOLATED)
_23130_/C1                              1.500000    2.544318   -1.044318 (VIOLATED)
_23151_/C1                              1.500000    2.544318   -1.044318 (VIOLATED)
_23171_/C1                              1.500000    2.544318   -1.044318 (VIOLATED)
_23185_/C1                              1.500000    2.544318   -1.044318 (VIOLATED)
_23193_/C1                              1.500000    2.544318   -1.044318 (VIOLATED)
_23216_/C1                              1.500000    2.544318   -1.044318 (VIOLATED)
_23237_/C1                              1.500000    2.544318   -1.044318 (VIOLATED)
_23258_/C1                              1.500000    2.544318   -1.044318 (VIOLATED)
_23276_/C1                              1.500000    2.544318   -1.044318 (VIOLATED)
_23304_/C1                              1.500000    2.544318   -1.044318 (VIOLATED)
_23326_/C1                              1.500000    2.544318   -1.044318 (VIOLATED)
_23347_/C1                              1.500000    2.544318   -1.044318 (VIOLATED)
_23361_/C1                              1.500000    2.544318   -1.044318 (VIOLATED)
_23369_/C1                              1.500000    2.544318   -1.044318 (VIOLATED)
_23391_/C1                              1.500000    2.544318   -1.044318 (VIOLATED)
_23412_/C1                              1.500000    2.544318   -1.044318 (VIOLATED)
_23433_/C1                              1.500000    2.544318   -1.044318 (VIOLATED)
_23451_/C1                              1.500000    2.544318   -1.044318 (VIOLATED)
_23479_/C1                              1.500000    2.544318   -1.044318 (VIOLATED)
_23501_/C1                              1.500000    2.544318   -1.044318 (VIOLATED)
_23522_/C1                              1.500000    2.544318   -1.044318 (VIOLATED)
_23536_/C1                              1.500000    2.544318   -1.044318 (VIOLATED)
_23544_/C1                              1.500000    2.544318   -1.044318 (VIOLATED)
_23566_/C1                              1.500000    2.544318   -1.044318 (VIOLATED)
_23587_/C1                              1.500000    2.544318   -1.044318 (VIOLATED)
_23608_/C1                              1.500000    2.544318   -1.044318 (VIOLATED)
_23626_/C1                              1.500000    2.544318   -1.044318 (VIOLATED)
_23654_/C1                              1.500000    2.544318   -1.044318 (VIOLATED)
_23676_/C1                              1.500000    2.544318   -1.044318 (VIOLATED)
_23697_/C1                              1.500000    2.544318   -1.044318 (VIOLATED)
_23711_/C1                              1.500000    2.544318   -1.044318 (VIOLATED)
_23719_/C1                              1.500000    2.544318   -1.044318 (VIOLATED)
_23741_/C1                              1.500000    2.544318   -1.044318 (VIOLATED)
_23762_/C1                              1.500000    2.544318   -1.044318 (VIOLATED)
_23783_/C1                              1.500000    2.544318   -1.044318 (VIOLATED)
_23801_/C1                              1.500000    2.544318   -1.044318 (VIOLATED)
_23828_/C1                              1.500000    2.544318   -1.044318 (VIOLATED)
_23849_/C1                              1.500000    2.544318   -1.044318 (VIOLATED)
_23869_/C1                              1.500000    2.544318   -1.044318 (VIOLATED)
_23883_/C1                              1.500000    2.544318   -1.044318 (VIOLATED)
_23891_/C1                              1.500000    2.544318   -1.044318 (VIOLATED)
_23914_/C1                              1.500000    2.544318   -1.044318 (VIOLATED)
_23935_/C1                              1.500000    2.544318   -1.044318 (VIOLATED)
_23956_/C1                              1.500000    2.544318   -1.044318 (VIOLATED)
_23974_/C1                              1.500000    2.544318   -1.044318 (VIOLATED)
_24001_/C1                              1.500000    2.544318   -1.044318 (VIOLATED)
_24022_/C1                              1.500000    2.544318   -1.044318 (VIOLATED)
_24042_/C1                              1.500000    2.544318   -1.044318 (VIOLATED)
_24056_/C1                              1.500000    2.544318   -1.044318 (VIOLATED)
_24064_/C1                              1.500000    2.544318   -1.044318 (VIOLATED)
_24087_/C1                              1.500000    2.544318   -1.044318 (VIOLATED)
_24108_/C1                              1.500000    2.544318   -1.044318 (VIOLATED)
_24129_/C1                              1.500000    2.544318   -1.044318 (VIOLATED)
_24147_/C1                              1.500000    2.544318   -1.044318 (VIOLATED)
_24175_/C1                              1.500000    2.544318   -1.044318 (VIOLATED)
_24197_/C1                              1.500000    2.544318   -1.044318 (VIOLATED)
_24218_/C1                              1.500000    2.544318   -1.044318 (VIOLATED)
_24232_/C1                              1.500000    2.544318   -1.044318 (VIOLATED)
_24240_/C1                              1.500000    2.544318   -1.044318 (VIOLATED)
_24262_/C1                              1.500000    2.544318   -1.044318 (VIOLATED)
_24283_/C1                              1.500000    2.544318   -1.044318 (VIOLATED)
_24304_/C1                              1.500000    2.544318   -1.044318 (VIOLATED)
_24322_/C1                              1.500000    2.544318   -1.044318 (VIOLATED)
_24349_/C1                              1.500000    2.544318   -1.044318 (VIOLATED)
_24370_/C1                              1.500000    2.544318   -1.044318 (VIOLATED)
_24390_/C1                              1.500000    2.544318   -1.044318 (VIOLATED)
_24404_/C1                              1.500000    2.544318   -1.044318 (VIOLATED)
_24412_/C1                              1.500000    2.544318   -1.044318 (VIOLATED)
_24435_/C1                              1.500000    2.544318   -1.044318 (VIOLATED)
_24456_/C1                              1.500000    2.544318   -1.044318 (VIOLATED)
_24477_/C1                              1.500000    2.544318   -1.044318 (VIOLATED)
_24495_/C1                              1.500000    2.544318   -1.044318 (VIOLATED)
_24523_/C1                              1.500000    2.544318   -1.044318 (VIOLATED)
_24544_/C1                              1.500000    2.544318   -1.044318 (VIOLATED)
_24564_/C1                              1.500000    2.544318   -1.044318 (VIOLATED)
_24590_/A1                              1.500000    2.544318   -1.044318 (VIOLATED)
_24609_/C1                              1.500000    2.544318   -1.044318 (VIOLATED)
_24630_/C1                              1.500000    2.544318   -1.044318 (VIOLATED)
_24651_/C1                              1.500000    2.544318   -1.044318 (VIOLATED)
_24669_/C1                              1.500000    2.544318   -1.044318 (VIOLATED)
_14150_/A                               1.500000    1.972553   -0.472553 (VIOLATED)
_14171_/C                               1.500000    1.972553   -0.472553 (VIOLATED)
_14185_/A                               1.500000    1.972553   -0.472553 (VIOLATED)
_14275_/A                               1.500000    1.972553   -0.472553 (VIOLATED)
_19171_/C1                              1.500000    1.972553   -0.472553 (VIOLATED)
_19189_/C1                              1.500000    1.972553   -0.472553 (VIOLATED)
_19198_/A1                              1.500000    1.972553   -0.472553 (VIOLATED)
_19199_/A1                              1.500000    1.972553   -0.472553 (VIOLATED)
_19212_/C1                              1.500000    1.972553   -0.472553 (VIOLATED)
_19251_/C1                              1.500000    1.972553   -0.472553 (VIOLATED)
_19269_/C1                              1.500000    1.972553   -0.472553 (VIOLATED)
_19280_/A1                              1.500000    1.972553   -0.472553 (VIOLATED)
_19366_/A1                              1.500000    1.972553   -0.472553 (VIOLATED)
_19367_/A1                              1.500000    1.972553   -0.472553 (VIOLATED)
_19368_/A1                              1.500000    1.972553   -0.472553 (VIOLATED)
_19380_/C1                              1.500000    1.972553   -0.472553 (VIOLATED)
_19401_/C1                              1.500000    1.972553   -0.472553 (VIOLATED)
_19422_/C1                              1.500000    1.972553   -0.472553 (VIOLATED)
_19451_/A1                              1.500000    1.972553   -0.472553 (VIOLATED)
_19539_/A1                              1.500000    1.972553   -0.472553 (VIOLATED)
_19540_/A1                              1.500000    1.972553   -0.472553 (VIOLATED)
_19541_/A1                              1.500000    1.972553   -0.472553 (VIOLATED)
_19553_/C1                              1.500000    1.972553   -0.472553 (VIOLATED)
_19574_/C1                              1.500000    1.972553   -0.472553 (VIOLATED)
_19595_/C1                              1.500000    1.972553   -0.472553 (VIOLATED)
_19624_/A1                              1.500000    1.972553   -0.472553 (VIOLATED)
_19712_/A1                              1.500000    1.972553   -0.472553 (VIOLATED)
_19713_/A1                              1.500000    1.972553   -0.472553 (VIOLATED)
_19714_/A1                              1.500000    1.972553   -0.472553 (VIOLATED)
_19747_/C1                              1.500000    1.972553   -0.472553 (VIOLATED)
_19768_/C1                              1.500000    1.972553   -0.472553 (VIOLATED)
_19795_/A1                              1.500000    1.972553   -0.472553 (VIOLATED)
_19797_/A1                              1.500000    1.972553   -0.472553 (VIOLATED)
_19885_/A1                              1.500000    1.972553   -0.472553 (VIOLATED)
_19886_/A1                              1.500000    1.972553   -0.472553 (VIOLATED)
_19887_/A1                              1.500000    1.972553   -0.472553 (VIOLATED)
_19920_/C1                              1.500000    1.972553   -0.472553 (VIOLATED)
_19941_/C1                              1.500000    1.972553   -0.472553 (VIOLATED)
_19968_/A1                              1.500000    1.972553   -0.472553 (VIOLATED)
_19970_/A1                              1.500000    1.972553   -0.472553 (VIOLATED)
_20058_/A1                              1.500000    1.972553   -0.472553 (VIOLATED)
_20059_/A1                              1.500000    1.972553   -0.472553 (VIOLATED)
_20060_/A1                              1.500000    1.972553   -0.472553 (VIOLATED)
_20093_/C1                              1.500000    1.972553   -0.472553 (VIOLATED)
_20114_/C1                              1.500000    1.972553   -0.472553 (VIOLATED)
_20141_/A1                              1.500000    1.972553   -0.472553 (VIOLATED)
_20143_/A1                              1.500000    1.972553   -0.472553 (VIOLATED)
_20160_/B                               1.500000    1.972553   -0.472553 (VIOLATED)
_20191_/A1                              1.500000    1.972553   -0.472553 (VIOLATED)
_20235_/A1                              1.500000    1.972553   -0.472553 (VIOLATED)
_20268_/C1                              1.500000    1.972553   -0.472553 (VIOLATED)
_20289_/C1                              1.500000    1.972553   -0.472553 (VIOLATED)
_20316_/A1                              1.500000    1.972553   -0.472553 (VIOLATED)
_20318_/A1                              1.500000    1.972553   -0.472553 (VIOLATED)
_20335_/B                               1.500000    1.972553   -0.472553 (VIOLATED)
_20366_/A1                              1.500000    1.972553   -0.472553 (VIOLATED)
_20410_/A1                              1.500000    1.972553   -0.472553 (VIOLATED)
_20443_/C1                              1.500000    1.972553   -0.472553 (VIOLATED)
_20464_/C1                              1.500000    1.972553   -0.472553 (VIOLATED)
_20491_/A1                              1.500000    1.972553   -0.472553 (VIOLATED)
_20493_/A1                              1.500000    1.972553   -0.472553 (VIOLATED)
_20510_/B                               1.500000    1.972553   -0.472553 (VIOLATED)
_20541_/A1                              1.500000    1.972553   -0.472553 (VIOLATED)
_20585_/A1                              1.500000    1.972553   -0.472553 (VIOLATED)
_20597_/C1                              1.500000    1.972553   -0.472553 (VIOLATED)
_20618_/C1                              1.500000    1.972553   -0.472553 (VIOLATED)
_20639_/C1                              1.500000    1.972553   -0.472553 (VIOLATED)
_20668_/A1                              1.500000    1.972553   -0.472553 (VIOLATED)
_20756_/A1                              1.500000    1.972553   -0.472553 (VIOLATED)
_20757_/A1                              1.500000    1.972553   -0.472553 (VIOLATED)
_20758_/A1                              1.500000    1.972553   -0.472553 (VIOLATED)
_20770_/C1                              1.500000    1.972553   -0.472553 (VIOLATED)
_20791_/C1                              1.500000    1.972553   -0.472553 (VIOLATED)
_20812_/C1                              1.500000    1.972553   -0.472553 (VIOLATED)
_20841_/A1                              1.500000    1.972553   -0.472553 (VIOLATED)
_20858_/B                               1.500000    1.972553   -0.472553 (VIOLATED)
_20889_/A1                              1.500000    1.972553   -0.472553 (VIOLATED)
_20933_/A1                              1.500000    1.972553   -0.472553 (VIOLATED)
_20945_/C1                              1.500000    1.972553   -0.472553 (VIOLATED)
_20966_/C1                              1.500000    1.972553   -0.472553 (VIOLATED)
_20987_/C1                              1.500000    1.972553   -0.472553 (VIOLATED)
_21016_/A1                              1.500000    1.972553   -0.472553 (VIOLATED)
_21033_/B                               1.500000    1.972553   -0.472553 (VIOLATED)
_21064_/A1                              1.500000    1.972553   -0.472553 (VIOLATED)
_21108_/A1                              1.500000    1.972553   -0.472553 (VIOLATED)
_21141_/C1                              1.500000    1.972553   -0.472553 (VIOLATED)
_21162_/C1                              1.500000    1.972553   -0.472553 (VIOLATED)
_21189_/A1                              1.500000    1.972553   -0.472553 (VIOLATED)
_21191_/A1                              1.500000    1.972553   -0.472553 (VIOLATED)
_21279_/A1                              1.500000    1.972553   -0.472553 (VIOLATED)
_21280_/A1                              1.500000    1.972553   -0.472553 (VIOLATED)
_21281_/A1                              1.500000    1.972553   -0.472553 (VIOLATED)
_21293_/C1                              1.500000    1.972553   -0.472553 (VIOLATED)
_21314_/C1                              1.500000    1.972553   -0.472553 (VIOLATED)
_21335_/C1                              1.500000    1.972553   -0.472553 (VIOLATED)
_21364_/A1                              1.500000    1.972553   -0.472553 (VIOLATED)
_21381_/B                               1.500000    1.972553   -0.472553 (VIOLATED)
_21412_/A1                              1.500000    1.972553   -0.472553 (VIOLATED)
_21456_/A1                              1.500000    1.972553   -0.472553 (VIOLATED)
_21468_/C1                              1.500000    1.972553   -0.472553 (VIOLATED)
_21489_/C1                              1.500000    1.972553   -0.472553 (VIOLATED)
_21510_/C1                              1.500000    1.972553   -0.472553 (VIOLATED)
_21539_/A1                              1.500000    1.972553   -0.472553 (VIOLATED)
_21627_/A1                              1.500000    1.972553   -0.472553 (VIOLATED)
_21628_/A1                              1.500000    1.972553   -0.472553 (VIOLATED)
_21629_/A1                              1.500000    1.972553   -0.472553 (VIOLATED)
_21641_/C1                              1.500000    1.972553   -0.472553 (VIOLATED)
_21662_/C1                              1.500000    1.972553   -0.472553 (VIOLATED)
_21683_/C1                              1.500000    1.972553   -0.472553 (VIOLATED)
_21712_/A1                              1.500000    1.972553   -0.472553 (VIOLATED)
_21729_/B                               1.500000    1.972553   -0.472553 (VIOLATED)
_21760_/A1                              1.500000    1.972553   -0.472553 (VIOLATED)
_21804_/A1                              1.500000    1.972553   -0.472553 (VIOLATED)
_21837_/C1                              1.500000    1.972553   -0.472553 (VIOLATED)
_21858_/C1                              1.500000    1.972553   -0.472553 (VIOLATED)
_21885_/A1                              1.500000    1.972553   -0.472553 (VIOLATED)
_21887_/A1                              1.500000    1.972553   -0.472553 (VIOLATED)
_21975_/A1                              1.500000    1.972553   -0.472553 (VIOLATED)
_21976_/A1                              1.500000    1.972553   -0.472553 (VIOLATED)
_21977_/A1                              1.500000    1.972553   -0.472553 (VIOLATED)
_22010_/C1                              1.500000    1.972553   -0.472553 (VIOLATED)
_22031_/C1                              1.500000    1.972553   -0.472553 (VIOLATED)
_22058_/A1                              1.500000    1.972553   -0.472553 (VIOLATED)
_22060_/A1                              1.500000    1.972553   -0.472553 (VIOLATED)
_22077_/B                               1.500000    1.972553   -0.472553 (VIOLATED)
_22108_/A1                              1.500000    1.972553   -0.472553 (VIOLATED)
_22152_/A1                              1.500000    1.972553   -0.472553 (VIOLATED)
_22164_/C1                              1.500000    1.972553   -0.472553 (VIOLATED)
_22185_/C1                              1.500000    1.972553   -0.472553 (VIOLATED)
_22206_/C1                              1.500000    1.972553   -0.472553 (VIOLATED)
_22235_/A1                              1.500000    1.972553   -0.472553 (VIOLATED)
_22252_/B                               1.500000    1.972553   -0.472553 (VIOLATED)
_22283_/A1                              1.500000    1.972553   -0.472553 (VIOLATED)
_22327_/A1                              1.500000    1.972553   -0.472553 (VIOLATED)
_22360_/C1                              1.500000    1.972553   -0.472553 (VIOLATED)
_22381_/C1                              1.500000    1.972553   -0.472553 (VIOLATED)
_22408_/A1                              1.500000    1.972553   -0.472553 (VIOLATED)
_22410_/A1                              1.500000    1.972553   -0.472553 (VIOLATED)
_22498_/A1                              1.500000    1.972553   -0.472553 (VIOLATED)
_22499_/A1                              1.500000    1.972553   -0.472553 (VIOLATED)
_22500_/A1                              1.500000    1.972553   -0.472553 (VIOLATED)
_22533_/C1                              1.500000    1.972553   -0.472553 (VIOLATED)
_22554_/C1                              1.500000    1.972553   -0.472553 (VIOLATED)
_22581_/A1                              1.500000    1.972553   -0.472553 (VIOLATED)
_22583_/A1                              1.500000    1.972553   -0.472553 (VIOLATED)
_22600_/B                               1.500000    1.972553   -0.472553 (VIOLATED)
_22631_/A1                              1.500000    1.972553   -0.472553 (VIOLATED)
_22675_/A1                              1.500000    1.972553   -0.472553 (VIOLATED)
_22687_/C1                              1.500000    1.972553   -0.472553 (VIOLATED)
_22708_/C1                              1.500000    1.972553   -0.472553 (VIOLATED)
_22729_/C1                              1.500000    1.972553   -0.472553 (VIOLATED)
_22758_/A1                              1.500000    1.972553   -0.472553 (VIOLATED)
_22775_/B                               1.500000    1.972553   -0.472553 (VIOLATED)
_22806_/A1                              1.500000    1.972553   -0.472553 (VIOLATED)
_22850_/A1                              1.500000    1.972553   -0.472553 (VIOLATED)
_22862_/C1                              1.500000    1.972553   -0.472553 (VIOLATED)
_22883_/C1                              1.500000    1.972553   -0.472553 (VIOLATED)
_22904_/C1                              1.500000    1.972553   -0.472553 (VIOLATED)
_22933_/A1                              1.500000    1.972553   -0.472553 (VIOLATED)
_23021_/A1                              1.500000    1.972553   -0.472553 (VIOLATED)
_23022_/A1                              1.500000    1.972553   -0.472553 (VIOLATED)
_23023_/A1                              1.500000    1.972553   -0.472553 (VIOLATED)
_23035_/C1                              1.500000    1.972553   -0.472553 (VIOLATED)
_23056_/C1                              1.500000    1.972553   -0.472553 (VIOLATED)
_23077_/C1                              1.500000    1.972553   -0.472553 (VIOLATED)
_23106_/A1                              1.500000    1.972553   -0.472553 (VIOLATED)
_23194_/A1                              1.500000    1.972553   -0.472553 (VIOLATED)
_23195_/A1                              1.500000    1.972553   -0.472553 (VIOLATED)
_23196_/A1                              1.500000    1.972553   -0.472553 (VIOLATED)
_23229_/C1                              1.500000    1.972553   -0.472553 (VIOLATED)
_23250_/C1                              1.500000    1.972553   -0.472553 (VIOLATED)
_23277_/A1                              1.500000    1.972553   -0.472553 (VIOLATED)
_23279_/A1                              1.500000    1.972553   -0.472553 (VIOLATED)
_23296_/B                               1.500000    1.972553   -0.472553 (VIOLATED)
_23327_/A1                              1.500000    1.972553   -0.472553 (VIOLATED)
_23371_/A1                              1.500000    1.972553   -0.472553 (VIOLATED)
_23404_/C1                              1.500000    1.972553   -0.472553 (VIOLATED)
_23425_/C1                              1.500000    1.972553   -0.472553 (VIOLATED)
_23452_/A1                              1.500000    1.972553   -0.472553 (VIOLATED)
_23454_/A1                              1.500000    1.972553   -0.472553 (VIOLATED)
_23471_/B                               1.500000    1.972553   -0.472553 (VIOLATED)
_23502_/A1                              1.500000    1.972553   -0.472553 (VIOLATED)
_23546_/A1                              1.500000    1.972553   -0.472553 (VIOLATED)
_23558_/C1                              1.500000    1.972553   -0.472553 (VIOLATED)
_23579_/C1                              1.500000    1.972553   -0.472553 (VIOLATED)
_23600_/C1                              1.500000    1.972553   -0.472553 (VIOLATED)
_23629_/A1                              1.500000    1.972553   -0.472553 (VIOLATED)
_23646_/B                               1.500000    1.972553   -0.472553 (VIOLATED)
_23677_/A1                              1.500000    1.972553   -0.472553 (VIOLATED)
_23721_/A1                              1.500000    1.972553   -0.472553 (VIOLATED)
_23733_/C1                              1.500000    1.972553   -0.472553 (VIOLATED)
_23754_/C1                              1.500000    1.972553   -0.472553 (VIOLATED)
_23775_/C1                              1.500000    1.972553   -0.472553 (VIOLATED)
_23804_/A1                              1.500000    1.972553   -0.472553 (VIOLATED)
_23892_/A1                              1.500000    1.972553   -0.472553 (VIOLATED)
_23893_/A1                              1.500000    1.972553   -0.472553 (VIOLATED)
_23894_/A1                              1.500000    1.972553   -0.472553 (VIOLATED)
_23927_/C1                              1.500000    1.972553   -0.472553 (VIOLATED)
_23948_/C1                              1.500000    1.972553   -0.472553 (VIOLATED)
_23975_/A1                              1.500000    1.972553   -0.472553 (VIOLATED)
_23977_/A1                              1.500000    1.972553   -0.472553 (VIOLATED)
_24065_/A1                              1.500000    1.972553   -0.472553 (VIOLATED)
_24066_/A1                              1.500000    1.972553   -0.472553 (VIOLATED)
_24067_/A1                              1.500000    1.972553   -0.472553 (VIOLATED)
_24100_/C1                              1.500000    1.972553   -0.472553 (VIOLATED)
_24121_/C1                              1.500000    1.972553   -0.472553 (VIOLATED)
_24148_/A1                              1.500000    1.972553   -0.472553 (VIOLATED)
_24150_/A1                              1.500000    1.972553   -0.472553 (VIOLATED)
_24167_/B                               1.500000    1.972553   -0.472553 (VIOLATED)
_24198_/A1                              1.500000    1.972553   -0.472553 (VIOLATED)
_24242_/A1                              1.500000    1.972553   -0.472553 (VIOLATED)
_24275_/C1                              1.500000    1.972553   -0.472553 (VIOLATED)
_24296_/C1                              1.500000    1.972553   -0.472553 (VIOLATED)
_24323_/A1                              1.500000    1.972553   -0.472553 (VIOLATED)
_24325_/A1                              1.500000    1.972553   -0.472553 (VIOLATED)
_24413_/A1                              1.500000    1.972553   -0.472553 (VIOLATED)
_24414_/A1                              1.500000    1.972553   -0.472553 (VIOLATED)
_24415_/A1                              1.500000    1.972553   -0.472553 (VIOLATED)
_24448_/C1                              1.500000    1.972553   -0.472553 (VIOLATED)
_24469_/C1                              1.500000    1.972553   -0.472553 (VIOLATED)
_24496_/A1                              1.500000    1.972553   -0.472553 (VIOLATED)
_24498_/A1                              1.500000    1.972553   -0.472553 (VIOLATED)
_24515_/B                               1.500000    1.972553   -0.472553 (VIOLATED)
_24586_/C1                              1.500000    1.972553   -0.472553 (VIOLATED)
_24587_/A1                              1.500000    1.972553   -0.472553 (VIOLATED)
_24589_/A1                              1.500000    1.972553   -0.472553 (VIOLATED)
_24622_/C1                              1.500000    1.972553   -0.472553 (VIOLATED)
_24643_/C1                              1.500000    1.972553   -0.472553 (VIOLATED)
_24670_/A1                              1.500000    1.972553   -0.472553 (VIOLATED)
_24672_/A1                              1.500000    1.972553   -0.472553 (VIOLATED)
_33241_/Q                               1.506345    1.972553   -0.466208 (VIOLATED)
_24618_/Y                               1.494397    1.907841   -0.413444 (VIOLATED)
_24621_/B1                              1.500000    1.907841   -0.407841 (VIOLATED)
_24616_/Y                               1.496462    1.844314   -0.347852 (VIOLATED)
_24621_/A2                              1.500000    1.844314   -0.344314 (VIOLATED)
_14272_/Y                               1.493461    1.776467   -0.283006 (VIOLATED)
_31820_/D                               1.500000    1.776467   -0.276467 (VIOLATED)
_19353_/Y                               1.494397    1.728062   -0.233665 (VIOLATED)
_19526_/Y                               1.494397    1.728062   -0.233665 (VIOLATED)
_19699_/Y                               1.494397    1.728062   -0.233665 (VIOLATED)
_19872_/Y                               1.494397    1.728062   -0.233665 (VIOLATED)
_20045_/Y                               1.494397    1.728062   -0.233665 (VIOLATED)
_20156_/Y                               1.494397    1.728062   -0.233665 (VIOLATED)
_20221_/Y                               1.494397    1.728062   -0.233665 (VIOLATED)
_20331_/Y                               1.494397    1.728062   -0.233665 (VIOLATED)
_20396_/Y                               1.494397    1.728062   -0.233665 (VIOLATED)
_20506_/Y                               1.494397    1.728062   -0.233665 (VIOLATED)
_20571_/Y                               1.494397    1.728062   -0.233665 (VIOLATED)
_20743_/Y                               1.494397    1.728062   -0.233665 (VIOLATED)
_20854_/Y                               1.494397    1.728062   -0.233665 (VIOLATED)
_20919_/Y                               1.494397    1.728062   -0.233665 (VIOLATED)
_21029_/Y                               1.494397    1.728062   -0.233665 (VIOLATED)
_21094_/Y                               1.494397    1.728062   -0.233665 (VIOLATED)
_21266_/Y                               1.494397    1.728062   -0.233665 (VIOLATED)
_21377_/Y                               1.494397    1.728062   -0.233665 (VIOLATED)
_21442_/Y                               1.494397    1.728062   -0.233665 (VIOLATED)
_21614_/Y                               1.494397    1.728062   -0.233665 (VIOLATED)
_21725_/Y                               1.494397    1.728062   -0.233665 (VIOLATED)
_21790_/Y                               1.494397    1.728062   -0.233665 (VIOLATED)
_21962_/Y                               1.494397    1.728062   -0.233665 (VIOLATED)
_22073_/Y                               1.494397    1.728062   -0.233665 (VIOLATED)
_22138_/Y                               1.494397    1.728062   -0.233665 (VIOLATED)
_22248_/Y                               1.494397    1.728062   -0.233665 (VIOLATED)
_22313_/Y                               1.494397    1.728062   -0.233665 (VIOLATED)
_22485_/Y                               1.494397    1.728062   -0.233665 (VIOLATED)
_22596_/Y                               1.494397    1.728062   -0.233665 (VIOLATED)
_22661_/Y                               1.494397    1.728062   -0.233665 (VIOLATED)
_22771_/Y                               1.494397    1.728062   -0.233665 (VIOLATED)
_22836_/Y                               1.494397    1.728062   -0.233665 (VIOLATED)
_23008_/Y                               1.494397    1.728062   -0.233665 (VIOLATED)
_23181_/Y                               1.494397    1.728062   -0.233665 (VIOLATED)
_23292_/Y                               1.494397    1.728062   -0.233665 (VIOLATED)
_23357_/Y                               1.494397    1.728062   -0.233665 (VIOLATED)
_23467_/Y                               1.494397    1.728062   -0.233665 (VIOLATED)
_23532_/Y                               1.494397    1.728062   -0.233665 (VIOLATED)
_23642_/Y                               1.494397    1.728062   -0.233665 (VIOLATED)
_23707_/Y                               1.494397    1.728062   -0.233665 (VIOLATED)
_23879_/Y                               1.494397    1.728062   -0.233665 (VIOLATED)
_24052_/Y                               1.494397    1.728062   -0.233665 (VIOLATED)
_24163_/Y                               1.494397    1.728062   -0.233665 (VIOLATED)
_24228_/Y                               1.494397    1.728062   -0.233665 (VIOLATED)
_24400_/Y                               1.494397    1.728062   -0.233665 (VIOLATED)
_24511_/Y                               1.494397    1.728062   -0.233665 (VIOLATED)
_24574_/Y                               1.494397    1.728062   -0.233665 (VIOLATED)
_19350_/Y                               1.494397    1.727972   -0.233574 (VIOLATED)
_19523_/Y                               1.494397    1.727972   -0.233574 (VIOLATED)
_19696_/Y                               1.494397    1.727972   -0.233574 (VIOLATED)
_19869_/Y                               1.494397    1.727972   -0.233574 (VIOLATED)
_20042_/Y                               1.494397    1.727972   -0.233574 (VIOLATED)
_20153_/Y                               1.494397    1.727972   -0.233574 (VIOLATED)
_20218_/Y                               1.494397    1.727972   -0.233574 (VIOLATED)
_20328_/Y                               1.494397    1.727972   -0.233574 (VIOLATED)
_20393_/Y                               1.494397    1.727972   -0.233574 (VIOLATED)
_20503_/Y                               1.494397    1.727972   -0.233574 (VIOLATED)
_20568_/Y                               1.494397    1.727972   -0.233574 (VIOLATED)
_20740_/Y                               1.494397    1.727972   -0.233574 (VIOLATED)
_20851_/Y                               1.494397    1.727972   -0.233574 (VIOLATED)
_20916_/Y                               1.494397    1.727972   -0.233574 (VIOLATED)
_21026_/Y                               1.494397    1.727972   -0.233574 (VIOLATED)
_21091_/Y                               1.494397    1.727972   -0.233574 (VIOLATED)
_21263_/Y                               1.494397    1.727972   -0.233574 (VIOLATED)
_21374_/Y                               1.494397    1.727972   -0.233574 (VIOLATED)
_21439_/Y                               1.494397    1.727972   -0.233574 (VIOLATED)
_21611_/Y                               1.494397    1.727972   -0.233574 (VIOLATED)
_21722_/Y                               1.494397    1.727972   -0.233574 (VIOLATED)
_21787_/Y                               1.494397    1.727972   -0.233574 (VIOLATED)
_21959_/Y                               1.494397    1.727972   -0.233574 (VIOLATED)
_22070_/Y                               1.494397    1.727972   -0.233574 (VIOLATED)
_22135_/Y                               1.494397    1.727972   -0.233574 (VIOLATED)
_22245_/Y                               1.494397    1.727972   -0.233574 (VIOLATED)
_22310_/Y                               1.494397    1.727972   -0.233574 (VIOLATED)
_22482_/Y                               1.494397    1.727972   -0.233574 (VIOLATED)
_22593_/Y                               1.494397    1.727972   -0.233574 (VIOLATED)
_22658_/Y                               1.494397    1.727972   -0.233574 (VIOLATED)
_22768_/Y                               1.494397    1.727972   -0.233574 (VIOLATED)
_22833_/Y                               1.494397    1.727972   -0.233574 (VIOLATED)
_23005_/Y                               1.494397    1.727972   -0.233574 (VIOLATED)
_23178_/Y                               1.494397    1.727972   -0.233574 (VIOLATED)
_23289_/Y                               1.494397    1.727972   -0.233574 (VIOLATED)
_23354_/Y                               1.494397    1.727972   -0.233574 (VIOLATED)
_23464_/Y                               1.494397    1.727972   -0.233574 (VIOLATED)
_23529_/Y                               1.494397    1.727972   -0.233574 (VIOLATED)
_23639_/Y                               1.494397    1.727972   -0.233574 (VIOLATED)
_23704_/Y                               1.494397    1.727972   -0.233574 (VIOLATED)
_23876_/Y                               1.494397    1.727972   -0.233574 (VIOLATED)
_24049_/Y                               1.494397    1.727972   -0.233574 (VIOLATED)
_24160_/Y                               1.494397    1.727972   -0.233574 (VIOLATED)
_24225_/Y                               1.494397    1.727972   -0.233574 (VIOLATED)
_24397_/Y                               1.494397    1.727972   -0.233574 (VIOLATED)
_24508_/Y                               1.494397    1.727972   -0.233574 (VIOLATED)
_24571_/Y                               1.494397    1.727972   -0.233574 (VIOLATED)
_19356_/B1                              1.500000    1.728062   -0.228062 (VIOLATED)
_19529_/B1                              1.500000    1.728062   -0.228062 (VIOLATED)
_19702_/B1                              1.500000    1.728062   -0.228062 (VIOLATED)
_19875_/B1                              1.500000    1.728062   -0.228062 (VIOLATED)
_20048_/B1                              1.500000    1.728062   -0.228062 (VIOLATED)
_20159_/B1                              1.500000    1.728062   -0.228062 (VIOLATED)
_20224_/B1                              1.500000    1.728062   -0.228062 (VIOLATED)
_20334_/B1                              1.500000    1.728062   -0.228062 (VIOLATED)
_20399_/B1                              1.500000    1.728062   -0.228062 (VIOLATED)
_20509_/B1                              1.500000    1.728062   -0.228062 (VIOLATED)
_20574_/B1                              1.500000    1.728062   -0.228062 (VIOLATED)
_20746_/B1                              1.500000    1.728062   -0.228062 (VIOLATED)
_20857_/B1                              1.500000    1.728062   -0.228062 (VIOLATED)
_20922_/B1                              1.500000    1.728062   -0.228062 (VIOLATED)
_21032_/B1                              1.500000    1.728062   -0.228062 (VIOLATED)
_21097_/B1                              1.500000    1.728062   -0.228062 (VIOLATED)
_21269_/B1                              1.500000    1.728062   -0.228062 (VIOLATED)
_21380_/B1                              1.500000    1.728062   -0.228062 (VIOLATED)
_21445_/B1                              1.500000    1.728062   -0.228062 (VIOLATED)
_21617_/B1                              1.500000    1.728062   -0.228062 (VIOLATED)
_21728_/B1                              1.500000    1.728062   -0.228062 (VIOLATED)
_21793_/B1                              1.500000    1.728062   -0.228062 (VIOLATED)
_21965_/B1                              1.500000    1.728062   -0.228062 (VIOLATED)
_22076_/B1                              1.500000    1.728062   -0.228062 (VIOLATED)
_22141_/B1                              1.500000    1.728062   -0.228062 (VIOLATED)
_22251_/B1                              1.500000    1.728062   -0.228062 (VIOLATED)
_22316_/B1                              1.500000    1.728062   -0.228062 (VIOLATED)
_22488_/B1                              1.500000    1.728062   -0.228062 (VIOLATED)
_22599_/B1                              1.500000    1.728062   -0.228062 (VIOLATED)
_22664_/B1                              1.500000    1.728062   -0.228062 (VIOLATED)
_22774_/B1                              1.500000    1.728062   -0.228062 (VIOLATED)
_22839_/B1                              1.500000    1.728062   -0.228062 (VIOLATED)
_23011_/B1                              1.500000    1.728062   -0.228062 (VIOLATED)
_23184_/B1                              1.500000    1.728062   -0.228062 (VIOLATED)
_23295_/B1                              1.500000    1.728062   -0.228062 (VIOLATED)
_23360_/B1                              1.500000    1.728062   -0.228062 (VIOLATED)
_23470_/B1                              1.500000    1.728062   -0.228062 (VIOLATED)
_23535_/B1                              1.500000    1.728062   -0.228062 (VIOLATED)
_23645_/B1                              1.500000    1.728062   -0.228062 (VIOLATED)
_23710_/B1                              1.500000    1.728062   -0.228062 (VIOLATED)
_23882_/B1                              1.500000    1.728062   -0.228062 (VIOLATED)
_24055_/B1                              1.500000    1.728062   -0.228062 (VIOLATED)
_24166_/B1                              1.500000    1.728062   -0.228062 (VIOLATED)
_24231_/B1                              1.500000    1.728062   -0.228062 (VIOLATED)
_24403_/B1                              1.500000    1.728062   -0.228062 (VIOLATED)
_24514_/B1                              1.500000    1.728062   -0.228062 (VIOLATED)
_24577_/B1                              1.500000    1.728062   -0.228062 (VIOLATED)
_19356_/A1                              1.500000    1.727972   -0.227972 (VIOLATED)
_19529_/A1                              1.500000    1.727972   -0.227972 (VIOLATED)
_19702_/A1                              1.500000    1.727972   -0.227972 (VIOLATED)
_19875_/A1                              1.500000    1.727972   -0.227972 (VIOLATED)
_20048_/A1                              1.500000    1.727972   -0.227972 (VIOLATED)
_20159_/A1                              1.500000    1.727972   -0.227972 (VIOLATED)
_20224_/A1                              1.500000    1.727972   -0.227972 (VIOLATED)
_20334_/A1                              1.500000    1.727972   -0.227972 (VIOLATED)
_20399_/A1                              1.500000    1.727972   -0.227972 (VIOLATED)
_20509_/A1                              1.500000    1.727972   -0.227972 (VIOLATED)
_20574_/A1                              1.500000    1.727972   -0.227972 (VIOLATED)
_20746_/A1                              1.500000    1.727972   -0.227972 (VIOLATED)
_20857_/A1                              1.500000    1.727972   -0.227972 (VIOLATED)
_20922_/A1                              1.500000    1.727972   -0.227972 (VIOLATED)
_21032_/A1                              1.500000    1.727972   -0.227972 (VIOLATED)
_21097_/A1                              1.500000    1.727972   -0.227972 (VIOLATED)
_21269_/A1                              1.500000    1.727972   -0.227972 (VIOLATED)
_21380_/A1                              1.500000    1.727972   -0.227972 (VIOLATED)
_21445_/A1                              1.500000    1.727972   -0.227972 (VIOLATED)
_21617_/A1                              1.500000    1.727972   -0.227972 (VIOLATED)
_21728_/A1                              1.500000    1.727972   -0.227972 (VIOLATED)
_21793_/A1                              1.500000    1.727972   -0.227972 (VIOLATED)
_21965_/A1                              1.500000    1.727972   -0.227972 (VIOLATED)
_22076_/A1                              1.500000    1.727972   -0.227972 (VIOLATED)
_22141_/A1                              1.500000    1.727972   -0.227972 (VIOLATED)
_22251_/A1                              1.500000    1.727972   -0.227972 (VIOLATED)
_22316_/A1                              1.500000    1.727972   -0.227972 (VIOLATED)
_22488_/A1                              1.500000    1.727972   -0.227972 (VIOLATED)
_22599_/A1                              1.500000    1.727972   -0.227972 (VIOLATED)
_22664_/A1                              1.500000    1.727972   -0.227972 (VIOLATED)
_22774_/A1                              1.500000    1.727972   -0.227972 (VIOLATED)
_22839_/A1                              1.500000    1.727972   -0.227972 (VIOLATED)
_23011_/A1                              1.500000    1.727972   -0.227972 (VIOLATED)
_23184_/A1                              1.500000    1.727972   -0.227972 (VIOLATED)
_23295_/A1                              1.500000    1.727972   -0.227972 (VIOLATED)
_23360_/A1                              1.500000    1.727972   -0.227972 (VIOLATED)
_23470_/A1                              1.500000    1.727972   -0.227972 (VIOLATED)
_23535_/A1                              1.500000    1.727972   -0.227972 (VIOLATED)
_23645_/A1                              1.500000    1.727972   -0.227972 (VIOLATED)
_23710_/A1                              1.500000    1.727972   -0.227972 (VIOLATED)
_23882_/A1                              1.500000    1.727972   -0.227972 (VIOLATED)
_24055_/A1                              1.500000    1.727972   -0.227972 (VIOLATED)
_24166_/A1                              1.500000    1.727972   -0.227972 (VIOLATED)
_24231_/A1                              1.500000    1.727972   -0.227972 (VIOLATED)
_24403_/A1                              1.500000    1.727972   -0.227972 (VIOLATED)
_24514_/A1                              1.500000    1.727972   -0.227972 (VIOLATED)
_24577_/A1                              1.500000    1.727972   -0.227972 (VIOLATED)

max capacitance

Pin                                        Limit         Cap       Slack
------------------------------------------------------------------------
_33237_/Q                               0.425730   13.037571  -12.611841 (VIOLATED)
_33238_/Q                               0.425730    6.630083   -6.204353 (VIOLATED)
_33247_/Q                               0.413828    5.003259   -4.589431 (VIOLATED)
_33246_/Q                               0.425730    5.003978   -4.578248 (VIOLATED)
_33014_/Q                               0.425730    5.002705   -4.576975 (VIOLATED)
_33015_/Q                               0.425730    5.002705   -4.576975 (VIOLATED)
_33016_/Q                               0.425730    5.002705   -4.576975 (VIOLATED)
_33017_/Q                               0.425730    5.002705   -4.576975 (VIOLATED)
_33018_/Q                               0.425730    5.002705   -4.576975 (VIOLATED)
_33019_/Q                               0.425730    5.002705   -4.576975 (VIOLATED)
_33020_/Q                               0.425730    5.002705   -4.576975 (VIOLATED)
_33021_/Q                               0.425730    5.002705   -4.576975 (VIOLATED)
_33022_/Q                               0.425730    5.002705   -4.576975 (VIOLATED)
_33023_/Q                               0.425730    5.002705   -4.576975 (VIOLATED)
_33024_/Q                               0.425730    5.002705   -4.576975 (VIOLATED)
_33025_/Q                               0.425730    5.002705   -4.576975 (VIOLATED)
_33026_/Q                               0.425730    5.002705   -4.576975 (VIOLATED)
_33027_/Q                               0.425730    5.002705   -4.576975 (VIOLATED)
_33028_/Q                               0.425730    5.002705   -4.576975 (VIOLATED)
_33029_/Q                               0.425730    5.002705   -4.576975 (VIOLATED)
_33030_/Q                               0.425730    5.002705   -4.576975 (VIOLATED)
_33031_/Q                               0.425730    5.002705   -4.576975 (VIOLATED)
_33032_/Q                               0.425730    5.002705   -4.576975 (VIOLATED)
_33033_/Q                               0.425730    5.002705   -4.576975 (VIOLATED)
_33034_/Q                               0.425730    5.002705   -4.576975 (VIOLATED)
_33035_/Q                               0.425730    5.002705   -4.576975 (VIOLATED)
_33036_/Q                               0.425730    5.002705   -4.576975 (VIOLATED)
_33037_/Q                               0.425730    5.002705   -4.576975 (VIOLATED)
_33038_/Q                               0.425730    5.002705   -4.576975 (VIOLATED)
_33039_/Q                               0.425730    5.002705   -4.576975 (VIOLATED)
_33040_/Q                               0.425730    5.002705   -4.576975 (VIOLATED)
_33041_/Q                               0.425730    5.002705   -4.576975 (VIOLATED)
_33042_/Q                               0.425730    5.002705   -4.576975 (VIOLATED)
_33043_/Q                               0.425730    5.002705   -4.576975 (VIOLATED)
_33044_/Q                               0.425730    5.002705   -4.576975 (VIOLATED)
_33013_/Q                               0.425730    5.002469   -4.576739 (VIOLATED)
_33239_/Q                               0.425730    2.800688   -2.374958 (VIOLATED)
_14148_/Y                               0.433970    1.981853   -1.547883 (VIOLATED)
_14149_/Y                               0.433970    1.506745   -1.072775 (VIOLATED)
_33240_/Q                               0.425730    1.199578   -0.773848 (VIOLATED)
_14147_/Y                               0.433970    1.172398   -0.738428 (VIOLATED)
_14150_/Y                               0.433970    0.774463   -0.340493 (VIOLATED)
_33241_/Q                               0.425730    0.558141   -0.132411 (VIOLATED)



===========================================================================
report_parasitic_annotation -report_unannotated
============================================================================
Found 22502 unannotated drivers.
 iso_en
 r_inc
 rclk
 rrst_n
 w_data[0]
 w_data[10]
 w_data[11]
 w_data[12]
 w_data[13]
 w_data[14]
 w_data[15]
 w_data[16]
 w_data[17]
 w_data[18]
 w_data[19]
 w_data[1]
 w_data[20]
 w_data[21]
 w_data[22]
 w_data[23]
 w_data[24]
 w_data[25]
 w_data[26]
 w_data[27]
 w_data[28]
 w_data[29]
 w_data[2]
 w_data[30]
 w_data[31]
 w_data[3]
 w_data[4]
 w_data[5]
 w_data[6]
 w_data[7]
 w_data[8]
 w_data[9]
 w_inc
 wclk
 wrst_n
 _14147_/Y
 _14148_/Y
 _14149_/Y
 _14150_/Y
 _14151_/Y
 _14152_/Y
 _14153_/Y
 _14154_/Y
 _14155_/Y
 _14156_/X
 _14157_/Y
 _14158_/Y
 _14159_/Y
 _14160_/X
 _14161_/Y
 _14162_/Y
 _14163_/X
 _14164_/Y
 _14165_/Y
 _14166_/X
 _14167_/Y
 _14168_/X
 _14169_/X
 _14170_/X
 _14171_/X
 _14172_/Y
 _14173_/X
 _14174_/X
 _14175_/X
 _14176_/X
 _14177_/Y
 _14178_/Y
 _14179_/Y
 _14180_/Y
 _14181_/X
 _14182_/Y
 _14183_/X
 _14184_/Y
 _14185_/Y
 _14186_/X
 _14187_/Y
 _14188_/X
 _14189_/Y
 _14190_/Y
 _14191_/X
 _14192_/X
 _14193_/Y
 _14194_/Y
 _14195_/X
 _14196_/Y
 _14197_/Y
 _14198_/X
 _14199_/X
 _14200_/X
 _14201_/Y
 _14202_/Y
 _14203_/X
 _14204_/X
 _14205_/X
 _14206_/Y
 _14207_/Y
 _14208_/Y
 _14209_/X
 _14210_/X
 _14211_/Y
 _14212_/Y
 _14213_/X
 _14214_/Y
 _14215_/Y
 _14216_/X
 _14217_/Y
 _14218_/Y
 _14219_/Y
 _14220_/X
 _14221_/X
 _14222_/Y
 _14223_/X
 _14224_/Y
 _14225_/Y
 _14226_/Y
 _14227_/Y
 _14228_/Y
 _14229_/X
 _14230_/Y
 _14231_/X
 _14232_/Y
 _14233_/X
 _14234_/X
 _14235_/Y
 _14236_/X
 _14237_/Y
 _14238_/Y
 _14239_/Y
 _14240_/X
 _14241_/X
 _14242_/X
 _14243_/Y
 _14244_/X
 _14245_/X
 _14246_/Y
 _14247_/X
 _14248_/X
 _14249_/X
 _14250_/Y
 _14251_/X
 _14252_/Y
 _14253_/Y
 _14254_/X
 _14255_/X
 _14256_/Y
 _14257_/Y
 _14258_/Y
 _14259_/Y
 _14260_/X
 _14261_/Y
 _14262_/X
 _14263_/X
 _14264_/X
 _14265_/Y
 _14266_/Y
 _14267_/Y
 _14268_/Y
 _14269_/Y
 _14270_/Y
 _14271_/Y
 _14272_/Y
 _14273_/X
 _14274_/Y
 _14275_/Y
 _14276_/Y
 _14277_/Y
 _14278_/Y
 _14279_/Y
 _14280_/Y
 _14281_/Y
 _14282_/X
 _14283_/X
 _14284_/Y
 _14285_/X
 _14286_/X
 _14287_/X
 _14288_/X
 _14289_/X
 _14290_/X
 _14291_/X
 _14292_/X
 _14293_/X
 _14294_/X
 _14295_/X
 _14296_/X
 _14297_/X
 _14298_/X
 _14299_/X
 _14300_/X
 _14301_/X
 _14302_/X
 _14303_/X
 _14304_/X
 _14305_/X
 _14306_/X
 _14307_/X
 _14308_/X
 _14309_/X
 _14310_/X
 _14311_/X
 _14312_/X
 _14313_/X
 _14314_/X
 _14315_/X
 _14316_/X
 _14317_/X
 _14318_/X
 _14319_/X
 _14320_/X
 _14321_/X
 _14322_/X
 _14323_/X
 _14324_/X
 _14325_/X
 _14326_/X
 _14327_/X
 _14328_/X
 _14329_/X
 _14330_/Y
 _14331_/X
 _14332_/Y
 _14333_/X
 _14334_/X
 _14335_/X
 _14336_/X
 _14337_/X
 _14338_/X
 _14339_/X
 _14340_/X
 _14341_/X
 _14342_/X
 _14343_/X
 _14344_/X
 _14345_/X
 _14346_/X
 _14347_/X
 _14348_/X
 _14349_/X
 _14350_/X
 _14351_/X
 _14352_/X
 _14353_/X
 _14354_/X
 _14355_/X
 _14356_/X
 _14357_/X
 _14358_/X
 _14359_/X
 _14360_/X
 _14361_/X
 _14362_/X
 _14363_/X
 _14364_/X
 _14365_/X
 _14366_/Y
 _14367_/X
 _14368_/X
 _14369_/X
 _14370_/X
 _14371_/X
 _14372_/X
 _14373_/X
 _14374_/X
 _14375_/X
 _14376_/X
 _14377_/X
 _14378_/X
 _14379_/X
 _14380_/X
 _14381_/X
 _14382_/X
 _14383_/X
 _14384_/X
 _14385_/X
 _14386_/X
 _14387_/X
 _14388_/X
 _14389_/X
 _14390_/X
 _14391_/X
 _14392_/X
 _14393_/X
 _14394_/X
 _14395_/X
 _14396_/X
 _14397_/X
 _14398_/X
 _14399_/X
 _14400_/Y
 _14401_/X
 _14402_/X
 _14403_/X
 _14404_/X
 _14405_/X
 _14406_/X
 _14407_/X
 _14408_/X
 _14409_/X
 _14410_/X
 _14411_/X
 _14412_/X
 _14413_/X
 _14414_/X
 _14415_/X
 _14416_/X
 _14417_/X
 _14418_/X
 _14419_/X
 _14420_/X
 _14421_/X
 _14422_/X
 _14423_/X
 _14424_/X
 _14425_/X
 _14426_/X
 _14427_/X
 _14428_/X
 _14429_/X
 _14430_/X
 _14431_/X
 _14432_/X
 _14433_/X
 _14434_/Y
 _14435_/X
 _14436_/X
 _14437_/X
 _14438_/X
 _14439_/X
 _14440_/X
 _14441_/X
 _14442_/X
 _14443_/X
 _14444_/X
 _14445_/X
 _14446_/X
 _14447_/X
 _14448_/X
 _14449_/X
 _14450_/X
 _14451_/X
 _14452_/X
 _14453_/X
 _14454_/X
 _14455_/X
 _14456_/X
 _14457_/X
 _14458_/X
 _14459_/X
 _14460_/X
 _14461_/X
 _14462_/X
 _14463_/X
 _14464_/X
 _14465_/X
 _14466_/X
 _14467_/X
 _14468_/Y
 _14469_/X
 _14470_/X
 _14471_/X
 _14472_/X
 _14473_/X
 _14474_/X
 _14475_/X
 _14476_/X
 _14477_/X
 _14478_/X
 _14479_/X
 _14480_/X
 _14481_/X
 _14482_/X
 _14483_/X
 _14484_/X
 _14485_/X
 _14486_/X
 _14487_/X
 _14488_/X
 _14489_/X
 _14490_/X
 _14491_/X
 _14492_/X
 _14493_/X
 _14494_/X
 _14495_/X
 _14496_/X
 _14497_/X
 _14498_/X
 _14499_/X
 _14500_/X
 _14501_/X
 _14502_/Y
 _14503_/X
 _14504_/X
 _14505_/X
 _14506_/X
 _14507_/X
 _14508_/X
 _14509_/X
 _14510_/X
 _14511_/X
 _14512_/X
 _14513_/X
 _14514_/X
 _14515_/X
 _14516_/X
 _14517_/X
 _14518_/X
 _14519_/X
 _14520_/X
 _14521_/X
 _14522_/X
 _14523_/X
 _14524_/X
 _14525_/X
 _14526_/X
 _14527_/X
 _14528_/X
 _14529_/X
 _14530_/X
 _14531_/X
 _14532_/X
 _14533_/X
 _14534_/X
 _14535_/X
 _14536_/Y
 _14537_/X
 _14538_/X
 _14539_/X
 _14540_/X
 _14541_/X
 _14542_/X
 _14543_/X
 _14544_/X
 _14545_/X
 _14546_/X
 _14547_/X
 _14548_/X
 _14549_/X
 _14550_/X
 _14551_/X
 _14552_/X
 _14553_/X
 _14554_/X
 _14555_/X
 _14556_/X
 _14557_/X
 _14558_/X
 _14559_/X
 _14560_/X
 _14561_/X
 _14562_/X
 _14563_/X
 _14564_/X
 _14565_/X
 _14566_/X
 _14567_/X
 _14568_/X
 _14569_/Y
 _14570_/X
 _14571_/X
 _14572_/X
 _14573_/X
 _14574_/X
 _14575_/X
 _14576_/X
 _14577_/X
 _14578_/X
 _14579_/X
 _14580_/X
 _14581_/X
 _14582_/X
 _14583_/X
 _14584_/X
 _14585_/X
 _14586_/X
 _14587_/X
 _14588_/X
 _14589_/X
 _14590_/X
 _14591_/X
 _14592_/X
 _14593_/X
 _14594_/X
 _14595_/X
 _14596_/X
 _14597_/X
 _14598_/X
 _14599_/X
 _14600_/X
 _14601_/X
 _14602_/X
 _14603_/Y
 _14604_/X
 _14605_/X
 _14606_/X
 _14607_/X
 _14608_/X
 _14609_/X
 _14610_/X
 _14611_/X
 _14612_/X
 _14613_/X
 _14614_/X
 _14615_/X
 _14616_/X
 _14617_/X
 _14618_/X
 _14619_/X
 _14620_/X
 _14621_/X
 _14622_/X
 _14623_/X
 _14624_/X
 _14625_/X
 _14626_/X
 _14627_/X
 _14628_/X
 _14629_/X
 _14630_/X
 _14631_/X
 _14632_/X
 _14633_/X
 _14634_/X
 _14635_/X
 _14636_/X
 _14637_/X
 _14638_/X
 _14639_/X
 _14640_/X
 _14641_/X
 _14642_/X
 _14643_/X
 _14644_/X
 _14645_/X
 _14646_/X
 _14647_/X
 _14648_/X
 _14649_/X
 _14650_/X
 _14651_/X
 _14652_/X
 _14653_/X
 _14654_/X
 _14655_/X
 _14656_/X
 _14657_/X
 _14658_/X
 _14659_/X
 _14660_/X
 _14661_/X
 _14662_/X
 _14663_/X
 _14664_/X
 _14665_/X
 _14666_/X
 _14667_/X
 _14668_/X
 _14669_/X
 _14670_/X
 _14671_/X
 _14672_/X
 _14673_/X
 _14674_/X
 _14675_/X
 _14676_/X
 _14677_/X
 _14678_/X
 _14679_/X
 _14680_/X
 _14681_/X
 _14682_/X
 _14683_/X
 _14684_/X
 _14685_/X
 _14686_/X
 _14687_/X
 _14688_/X
 _14689_/X
 _14690_/X
 _14691_/X
 _14692_/X
 _14693_/X
 _14694_/X
 _14695_/X
 _14696_/X
 _14697_/X
 _14698_/X
 _14699_/X
 _14700_/X
 _14701_/X
 _14702_/X
 _14703_/X
 _14704_/X
 _14705_/X
 _14706_/X
 _14707_/X
 _14708_/X
 _14709_/X
 _14710_/X
 _14711_/X
 _14712_/X
 _14713_/X
 _14714_/Y
 _14715_/X
 _14716_/X
 _14717_/X
 _14718_/X
 _14719_/X
 _14720_/X
 _14721_/X
 _14722_/X
 _14723_/X
 _14724_/X
 _14725_/X
 _14726_/X
 _14727_/X
 _14728_/X
 _14729_/X
 _14730_/X
 _14731_/X
 _14732_/X
 _14733_/X
 _14734_/X
 _14735_/X
 _14736_/X
 _14737_/X
 _14738_/X
 _14739_/X
 _14740_/X
 _14741_/X
 _14742_/X
 _14743_/X
 _14744_/X
 _14745_/X
 _14746_/X
 _14747_/X
 _14748_/X
 _14749_/X
 _14750_/X
 _14751_/X
 _14752_/X
 _14753_/X
 _14754_/X
 _14755_/X
 _14756_/X
 _14757_/X
 _14758_/X
 _14759_/X
 _14760_/X
 _14761_/X
 _14762_/X
 _14763_/X
 _14764_/X
 _14765_/X
 _14766_/X
 _14767_/X
 _14768_/X
 _14769_/X
 _14770_/X
 _14771_/X
 _14772_/X
 _14773_/X
 _14774_/X
 _14775_/X
 _14776_/X
 _14777_/X
 _14778_/X
 _14779_/X
 _14780_/X
 _14781_/X
 _14782_/Y
 _14783_/X
 _14784_/X
 _14785_/X
 _14786_/X
 _14787_/X
 _14788_/X
 _14789_/X
 _14790_/X
 _14791_/X
 _14792_/X
 _14793_/X
 _14794_/X
 _14795_/X
 _14796_/X
 _14797_/X
 _14798_/X
 _14799_/X
 _14800_/X
 _14801_/X
 _14802_/X
 _14803_/X
 _14804_/X
 _14805_/X
 _14806_/X
 _14807_/X
 _14808_/X
 _14809_/X
 _14810_/X
 _14811_/X
 _14812_/X
 _14813_/X
 _14814_/X
 _14815_/X
 _14816_/Y
 _14817_/X
 _14818_/X
 _14819_/X
 _14820_/X
 _14821_/X
 _14822_/X
 _14823_/X
 _14824_/X
 _14825_/X
 _14826_/X
 _14827_/X
 _14828_/X
 _14829_/X
 _14830_/X
 _14831_/X
 _14832_/X
 _14833_/X
 _14834_/X
 _14835_/X
 _14836_/X
 _14837_/X
 _14838_/X
 _14839_/X
 _14840_/X
 _14841_/X
 _14842_/X
 _14843_/X
 _14844_/X
 _14845_/X
 _14846_/X
 _14847_/X
 _14848_/X
 _14849_/X
 _14850_/X
 _14851_/Y
 _14852_/X
 _14853_/X
 _14854_/X
 _14855_/X
 _14856_/X
 _14857_/X
 _14858_/X
 _14859_/X
 _14860_/X
 _14861_/X
 _14862_/X
 _14863_/X
 _14864_/X
 _14865_/X
 _14866_/X
 _14867_/X
 _14868_/X
 _14869_/X
 _14870_/X
 _14871_/X
 _14872_/X
 _14873_/X
 _14874_/X
 _14875_/X
 _14876_/X
 _14877_/X
 _14878_/X
 _14879_/X
 _14880_/X
 _14881_/X
 _14882_/X
 _14883_/X
 _14884_/X
 _14885_/X
 _14886_/X
 _14887_/X
 _14888_/X
 _14889_/X
 _14890_/X
 _14891_/X
 _14892_/X
 _14893_/X
 _14894_/X
 _14895_/X
 _14896_/X
 _14897_/X
 _14898_/X
 _14899_/X
 _14900_/X
 _14901_/X
 _14902_/X
 _14903_/X
 _14904_/X
 _14905_/X
 _14906_/X
 _14907_/X
 _14908_/X
 _14909_/X
 _14910_/X
 _14911_/X
 _14912_/X
 _14913_/X
 _14914_/X
 _14915_/X
 _14916_/X
 _14917_/X
 _14918_/X
 _14919_/Y
 _14920_/X
 _14921_/X
 _14922_/X
 _14923_/X
 _14924_/X
 _14925_/X
 _14926_/X
 _14927_/X
 _14928_/X
 _14929_/X
 _14930_/X
 _14931_/X
 _14932_/X
 _14933_/X
 _14934_/X
 _14935_/X
 _14936_/X
 _14937_/X
 _14938_/X
 _14939_/X
 _14940_/X
 _14941_/X
 _14942_/X
 _14943_/X
 _14944_/X
 _14945_/X
 _14946_/X
 _14947_/X
 _14948_/X
 _14949_/X
 _14950_/X
 _14951_/X
 _14952_/X
 _14953_/Y
 _14954_/X
 _14955_/X
 _14956_/X
 _14957_/X
 _14958_/X
 _14959_/X
 _14960_/X
 _14961_/X
 _14962_/X
 _14963_/X
 _14964_/X
 _14965_/X
 _14966_/X
 _14967_/X
 _14968_/X
 _14969_/X
 _14970_/X
 _14971_/X
 _14972_/X
 _14973_/X
 _14974_/X
 _14975_/X
 _14976_/X
 _14977_/X
 _14978_/X
 _14979_/X
 _14980_/X
 _14981_/X
 _14982_/X
 _14983_/X
 _14984_/X
 _14985_/X
 _14986_/X
 _14987_/X
 _14988_/X
 _14989_/X
 _14990_/X
 _14991_/X
 _14992_/X
 _14993_/X
 _14994_/X
 _14995_/X
 _14996_/X
 _14997_/X
 _14998_/X
 _14999_/X
 _15000_/X
 _15001_/X
 _15002_/X
 _15003_/X
 _15004_/X
 _15005_/X
 _15006_/X
 _15007_/X
 _15008_/X
 _15009_/X
 _15010_/X
 _15011_/X
 _15012_/X
 _15013_/X
 _15014_/X
 _15015_/X
 _15016_/X
 _15017_/X
 _15018_/X
 _15019_/X
 _15020_/Y
 _15021_/X
 _15022_/X
 _15023_/X
 _15024_/X
 _15025_/X
 _15026_/X
 _15027_/X
 _15028_/X
 _15029_/X
 _15030_/X
 _15031_/X
 _15032_/X
 _15033_/X
 _15034_/X
 _15035_/X
 _15036_/X
 _15037_/X
 _15038_/X
 _15039_/X
 _15040_/X
 _15041_/X
 _15042_/X
 _15043_/X
 _15044_/X
 _15045_/X
 _15046_/X
 _15047_/X
 _15048_/X
 _15049_/X
 _15050_/X
 _15051_/X
 _15052_/X
 _15053_/X
 _15054_/Y
 _15055_/X
 _15056_/X
 _15057_/X
 _15058_/X
 _15059_/X
 _15060_/X
 _15061_/X
 _15062_/X
 _15063_/X
 _15064_/X
 _15065_/X
 _15066_/X
 _15067_/X
 _15068_/X
 _15069_/X
 _15070_/X
 _15071_/X
 _15072_/X
 _15073_/X
 _15074_/X
 _15075_/X
 _15076_/X
 _15077_/X
 _15078_/X
 _15079_/X
 _15080_/X
 _15081_/X
 _15082_/X
 _15083_/X
 _15084_/X
 _15085_/X
 _15086_/X
 _15087_/X
 _15088_/Y
 _15089_/X
 _15090_/X
 _15091_/X
 _15092_/X
 _15093_/X
 _15094_/X
 _15095_/X
 _15096_/X
 _15097_/X
 _15098_/X
 _15099_/X
 _15100_/X
 _15101_/X
 _15102_/X
 _15103_/X
 _15104_/X
 _15105_/X
 _15106_/X
 _15107_/X
 _15108_/X
 _15109_/X
 _15110_/X
 _15111_/X
 _15112_/X
 _15113_/X
 _15114_/X
 _15115_/X
 _15116_/X
 _15117_/X
 _15118_/X
 _15119_/X
 _15120_/X
 _15121_/Y
 _15122_/X
 _15123_/X
 _15124_/X
 _15125_/X
 _15126_/X
 _15127_/X
 _15128_/X
 _15129_/X
 _15130_/X
 _15131_/X
 _15132_/X
 _15133_/X
 _15134_/X
 _15135_/X
 _15136_/X
 _15137_/X
 _15138_/X
 _15139_/X
 _15140_/X
 _15141_/X
 _15142_/X
 _15143_/X
 _15144_/X
 _15145_/X
 _15146_/X
 _15147_/X
 _15148_/X
 _15149_/X
 _15150_/X
 _15151_/X
 _15152_/X
 _15153_/X
 _15154_/Y
 _15155_/X
 _15156_/X
 _15157_/X
 _15158_/X
 _15159_/X
 _15160_/X
 _15161_/X
 _15162_/X
 _15163_/X
 _15164_/X
 _15165_/X
 _15166_/X
 _15167_/X
 _15168_/X
 _15169_/X
 _15170_/X
 _15171_/X
 _15172_/X
 _15173_/X
 _15174_/X
 _15175_/X
 _15176_/X
 _15177_/X
 _15178_/X
 _15179_/X
 _15180_/X
 _15181_/X
 _15182_/X
 _15183_/X
 _15184_/X
 _15185_/X
 _15186_/X
 _15187_/X
 _15188_/X
 _15189_/X
 _15190_/X
 _15191_/X
 _15192_/X
 _15193_/X
 _15194_/X
 _15195_/X
 _15196_/X
 _15197_/X
 _15198_/X
 _15199_/X
 _15200_/X
 _15201_/X
 _15202_/X
 _15203_/X
 _15204_/X
 _15205_/X
 _15206_/X
 _15207_/X
 _15208_/X
 _15209_/X
 _15210_/X
 _15211_/X
 _15212_/X
 _15213_/X
 _15214_/X
 _15215_/X
 _15216_/X
 _15217_/X
 _15218_/X
 _15219_/X
 _15220_/X
 _15221_/X
 _15222_/X
 _15223_/X
 _15224_/X
 _15225_/X
 _15226_/X
 _15227_/X
 _15228_/X
 _15229_/X
 _15230_/X
 _15231_/X
 _15232_/X
 _15233_/X
 _15234_/X
 _15235_/X
 _15236_/X
 _15237_/X
 _15238_/X
 _15239_/X
 _15240_/X
 _15241_/X
 _15242_/X
 _15243_/X
 _15244_/X
 _15245_/X
 _15246_/X
 _15247_/X
 _15248_/X
 _15249_/X
 _15250_/X
 _15251_/X
 _15252_/X
 _15253_/X
 _15254_/X
 _15255_/Y
 _15256_/X
 _15257_/X
 _15258_/X
 _15259_/X
 _15260_/X
 _15261_/X
 _15262_/X
 _15263_/X
 _15264_/X
 _15265_/X
 _15266_/X
 _15267_/X
 _15268_/X
 _15269_/X
 _15270_/X
 _15271_/X
 _15272_/X
 _15273_/X
 _15274_/X
 _15275_/X
 _15276_/X
 _15277_/X
 _15278_/X
 _15279_/X
 _15280_/X
 _15281_/X
 _15282_/X
 _15283_/X
 _15284_/X
 _15285_/X
 _15286_/X
 _15287_/X
 _15288_/X
 _15289_/X
 _15290_/X
 _15291_/X
 _15292_/X
 _15293_/X
 _15294_/X
 _15295_/X
 _15296_/X
 _15297_/X
 _15298_/X
 _15299_/X
 _15300_/X
 _15301_/X
 _15302_/X
 _15303_/X
 _15304_/X
 _15305_/X
 _15306_/X
 _15307_/X
 _15308_/X
 _15309_/X
 _15310_/X
 _15311_/X
 _15312_/X
 _15313_/X
 _15314_/X
 _15315_/X
 _15316_/X
 _15317_/X
 _15318_/X
 _15319_/X
 _15320_/X
 _15321_/X
 _15322_/X
 _15323_/X
 _15324_/X
 _15325_/X
 _15326_/X
 _15327_/X
 _15328_/X
 _15329_/X
 _15330_/X
 _15331_/X
 _15332_/X
 _15333_/X
 _15334_/X
 _15335_/X
 _15336_/X
 _15337_/X
 _15338_/X
 _15339_/X
 _15340_/X
 _15341_/X
 _15342_/X
 _15343_/X
 _15344_/X
 _15345_/X
 _15346_/X
 _15347_/X
 _15348_/X
 _15349_/X
 _15350_/X
 _15351_/X
 _15352_/X
 _15353_/X
 _15354_/Y
 _15355_/X
 _15356_/X
 _15357_/X
 _15358_/X
 _15359_/X
 _15360_/X
 _15361_/X
 _15362_/X
 _15363_/X
 _15364_/X
 _15365_/X
 _15366_/X
 _15367_/X
 _15368_/X
 _15369_/X
 _15370_/X
 _15371_/X
 _15372_/X
 _15373_/X
 _15374_/X
 _15375_/X
 _15376_/X
 _15377_/X
 _15378_/X
 _15379_/X
 _15380_/X
 _15381_/X
 _15382_/X
 _15383_/X
 _15384_/X
 _15385_/X
 _15386_/X
 _15387_/Y
 _15388_/X
 _15389_/X
 _15390_/X
 _15391_/X
 _15392_/X
 _15393_/X
 _15394_/X
 _15395_/X
 _15396_/X
 _15397_/X
 _15398_/X
 _15399_/X
 _15400_/X
 _15401_/X
 _15402_/X
 _15403_/X
 _15404_/X
 _15405_/X
 _15406_/X
 _15407_/X
 _15408_/X
 _15409_/X
 _15410_/X
 _15411_/X
 _15412_/X
 _15413_/X
 _15414_/X
 _15415_/X
 _15416_/X
 _15417_/X
 _15418_/X
 _15419_/X
 _15420_/X
 _15421_/X
 _15422_/X
 _15423_/X
 _15424_/X
 _15425_/X
 _15426_/X
 _15427_/X
 _15428_/X
 _15429_/X
 _15430_/X
 _15431_/X
 _15432_/X
 _15433_/X
 _15434_/X
 _15435_/X
 _15436_/X
 _15437_/X
 _15438_/X
 _15439_/X
 _15440_/X
 _15441_/X
 _15442_/X
 _15443_/X
 _15444_/X
 _15445_/X
 _15446_/X
 _15447_/X
 _15448_/X
 _15449_/X
 _15450_/X
 _15451_/X
 _15452_/X
 _15453_/Y
 _15454_/X
 _15455_/X
 _15456_/X
 _15457_/X
 _15458_/X
 _15459_/X
 _15460_/X
 _15461_/X
 _15462_/X
 _15463_/X
 _15464_/X
 _15465_/X
 _15466_/X
 _15467_/X
 _15468_/X
 _15469_/X
 _15470_/X
 _15471_/X
 _15472_/X
 _15473_/X
 _15474_/X
 _15475_/X
 _15476_/X
 _15477_/X
 _15478_/X
 _15479_/X
 _15480_/X
 _15481_/X
 _15482_/X
 _15483_/X
 _15484_/X
 _15485_/X
 _15486_/Y
 _15487_/X
 _15488_/X
 _15489_/X
 _15490_/X
 _15491_/X
 _15492_/X
 _15493_/X
 _15494_/X
 _15495_/X
 _15496_/X
 _15497_/X
 _15498_/X
 _15499_/X
 _15500_/X
 _15501_/X
 _15502_/X
 _15503_/X
 _15504_/X
 _15505_/X
 _15506_/X
 _15507_/X
 _15508_/X
 _15509_/X
 _15510_/X
 _15511_/X
 _15512_/X
 _15513_/X
 _15514_/X
 _15515_/X
 _15516_/X
 _15517_/X
 _15518_/X
 _15519_/X
 _15520_/Y
 _15521_/X
 _15522_/X
 _15523_/X
 _15524_/X
 _15525_/X
 _15526_/X
 _15527_/X
 _15528_/X
 _15529_/X
 _15530_/X
 _15531_/X
 _15532_/X
 _15533_/X
 _15534_/X
 _15535_/X
 _15536_/X
 _15537_/X
 _15538_/X
 _15539_/X
 _15540_/X
 _15541_/X
 _15542_/X
 _15543_/X
 _15544_/X
 _15545_/X
 _15546_/X
 _15547_/X
 _15548_/X
 _15549_/X
 _15550_/X
 _15551_/X
 _15552_/X
 _15553_/Y
 _15554_/X
 _15555_/X
 _15556_/X
 _15557_/X
 _15558_/X
 _15559_/X
 _15560_/X
 _15561_/X
 _15562_/X
 _15563_/X
 _15564_/X
 _15565_/X
 _15566_/X
 _15567_/X
 _15568_/X
 _15569_/X
 _15570_/X
 _15571_/X
 _15572_/X
 _15573_/X
 _15574_/X
 _15575_/X
 _15576_/X
 _15577_/X
 _15578_/X
 _15579_/X
 _15580_/X
 _15581_/X
 _15582_/X
 _15583_/X
 _15584_/X
 _15585_/X
 _15586_/Y
 _15587_/X
 _15588_/X
 _15589_/X
 _15590_/X
 _15591_/X
 _15592_/X
 _15593_/X
 _15594_/X
 _15595_/X
 _15596_/X
 _15597_/X
 _15598_/X
 _15599_/X
 _15600_/X
 _15601_/X
 _15602_/X
 _15603_/X
 _15604_/X
 _15605_/X
 _15606_/X
 _15607_/X
 _15608_/X
 _15609_/X
 _15610_/X
 _15611_/X
 _15612_/X
 _15613_/X
 _15614_/X
 _15615_/X
 _15616_/X
 _15617_/X
 _15618_/X
 _15619_/Y
 _15620_/X
 _15621_/X
 _15622_/X
 _15623_/X
 _15624_/X
 _15625_/X
 _15626_/X
 _15627_/X
 _15628_/X
 _15629_/X
 _15630_/X
 _15631_/X
 _15632_/X
 _15633_/X
 _15634_/X
 _15635_/X
 _15636_/X
 _15637_/X
 _15638_/X
 _15639_/X
 _15640_/X
 _15641_/X
 _15642_/X
 _15643_/X
 _15644_/X
 _15645_/X
 _15646_/X
 _15647_/X
 _15648_/X
 _15649_/X
 _15650_/X
 _15651_/X
 _15652_/Y
 _15653_/X
 _15654_/X
 _15655_/X
 _15656_/X
 _15657_/X
 _15658_/X
 _15659_/X
 _15660_/X
 _15661_/X
 _15662_/X
 _15663_/X
 _15664_/X
 _15665_/X
 _15666_/X
 _15667_/X
 _15668_/X
 _15669_/X
 _15670_/X
 _15671_/X
 _15672_/X
 _15673_/X
 _15674_/X
 _15675_/X
 _15676_/X
 _15677_/X
 _15678_/X
 _15679_/X
 _15680_/X
 _15681_/X
 _15682_/X
 _15683_/X
 _15684_/X
 _15685_/Y
 _15686_/X
 _15687_/X
 _15688_/X
 _15689_/X
 _15690_/X
 _15691_/X
 _15692_/X
 _15693_/X
 _15694_/X
 _15695_/X
 _15696_/X
 _15697_/X
 _15698_/X
 _15699_/X
 _15700_/X
 _15701_/X
 _15702_/X
 _15703_/X
 _15704_/X
 _15705_/X
 _15706_/X
 _15707_/X
 _15708_/X
 _15709_/X
 _15710_/X
 _15711_/X
 _15712_/X
 _15713_/X
 _15714_/X
 _15715_/X
 _15716_/X
 _15717_/X
 _15718_/X
 _15719_/X
 _15720_/X
 _15721_/X
 _15722_/X
 _15723_/X
 _15724_/X
 _15725_/X
 _15726_/X
 _15727_/X
 _15728_/X
 _15729_/X
 _15730_/X
 _15731_/X
 _15732_/X
 _15733_/X
 _15734_/X
 _15735_/X
 _15736_/X
 _15737_/X
 _15738_/X
 _15739_/X
 _15740_/X
 _15741_/X
 _15742_/X
 _15743_/X
 _15744_/X
 _15745_/X
 _15746_/X
 _15747_/X
 _15748_/X
 _15749_/X
 _15750_/X
 _15751_/X
 _15752_/X
 _15753_/X
 _15754_/X
 _15755_/X
 _15756_/X
 _15757_/X
 _15758_/X
 _15759_/X
 _15760_/X
 _15761_/X
 _15762_/X
 _15763_/X
 _15764_/X
 _15765_/X
 _15766_/X
 _15767_/X
 _15768_/X
 _15769_/X
 _15770_/X
 _15771_/X
 _15772_/X
 _15773_/X
 _15774_/X
 _15775_/X
 _15776_/X
 _15777_/X
 _15778_/X
 _15779_/X
 _15780_/X
 _15781_/X
 _15782_/X
 _15783_/X
 _15784_/Y
 _15785_/X
 _15786_/X
 _15787_/X
 _15788_/X
 _15789_/X
 _15790_/X
 _15791_/X
 _15792_/X
 _15793_/X
 _15794_/X
 _15795_/X
 _15796_/X
 _15797_/X
 _15798_/X
 _15799_/X
 _15800_/X
 _15801_/X
 _15802_/X
 _15803_/X
 _15804_/X
 _15805_/X
 _15806_/X
 _15807_/X
 _15808_/X
 _15809_/X
 _15810_/X
 _15811_/X
 _15812_/X
 _15813_/X
 _15814_/X
 _15815_/X
 _15816_/X
 _15817_/X
 _15818_/X
 _15819_/X
 _15820_/X
 _15821_/X
 _15822_/X
 _15823_/X
 _15824_/X
 _15825_/X
 _15826_/X
 _15827_/X
 _15828_/X
 _15829_/X
 _15830_/X
 _15831_/X
 _15832_/X
 _15833_/X
 _15834_/X
 _15835_/X
 _15836_/X
 _15837_/X
 _15838_/X
 _15839_/X
 _15840_/X
 _15841_/X
 _15842_/X
 _15843_/X
 _15844_/X
 _15845_/X
 _15846_/X
 _15847_/X
 _15848_/X
 _15849_/X
 _15850_/Y
 _15851_/X
 _15852_/X
 _15853_/X
 _15854_/X
 _15855_/X
 _15856_/X
 _15857_/X
 _15858_/X
 _15859_/X
 _15860_/X
 _15861_/X
 _15862_/X
 _15863_/X
 _15864_/X
 _15865_/X
 _15866_/X
 _15867_/X
 _15868_/X
 _15869_/X
 _15870_/X
 _15871_/X
 _15872_/X
 _15873_/X
 _15874_/X
 _15875_/X
 _15876_/X
 _15877_/X
 _15878_/X
 _15879_/X
 _15880_/X
 _15881_/X
 _15882_/X
 _15883_/Y
 _15884_/X
 _15885_/X
 _15886_/X
 _15887_/X
 _15888_/X
 _15889_/X
 _15890_/X
 _15891_/X
 _15892_/X
 _15893_/X
 _15894_/X
 _15895_/X
 _15896_/X
 _15897_/X
 _15898_/X
 _15899_/X
 _15900_/X
 _15901_/X
 _15902_/X
 _15903_/X
 _15904_/X
 _15905_/X
 _15906_/X
 _15907_/X
 _15908_/X
 _15909_/X
 _15910_/X
 _15911_/X
 _15912_/X
 _15913_/X
 _15914_/X
 _15915_/X
 _15916_/Y
 _15917_/X
 _15918_/X
 _15919_/X
 _15920_/X
 _15921_/X
 _15922_/X
 _15923_/X
 _15924_/X
 _15925_/X
 _15926_/X
 _15927_/X
 _15928_/X
 _15929_/X
 _15930_/X
 _15931_/X
 _15932_/X
 _15933_/X
 _15934_/X
 _15935_/X
 _15936_/X
 _15937_/X
 _15938_/X
 _15939_/X
 _15940_/X
 _15941_/X
 _15942_/X
 _15943_/X
 _15944_/X
 _15945_/X
 _15946_/X
 _15947_/X
 _15948_/X
 _15949_/X
 _15950_/X
 _15951_/X
 _15952_/X
 _15953_/X
 _15954_/X
 _15955_/X
 _15956_/X
 _15957_/X
 _15958_/X
 _15959_/X
 _15960_/X
 _15961_/X
 _15962_/X
 _15963_/X
 _15964_/X
 _15965_/X
 _15966_/X
 _15967_/X
 _15968_/X
 _15969_/X
 _15970_/X
 _15971_/X
 _15972_/X
 _15973_/X
 _15974_/X
 _15975_/X
 _15976_/X
 _15977_/X
 _15978_/X
 _15979_/X
 _15980_/X
 _15981_/X
 _15982_/X
 _15983_/X
 _15984_/X
 _15985_/X
 _15986_/X
 _15987_/X
 _15988_/X
 _15989_/X
 _15990_/X
 _15991_/X
 _15992_/X
 _15993_/X
 _15994_/X
 _15995_/X
 _15996_/X
 _15997_/X
 _15998_/X
 _15999_/X
 _16000_/X
 _16001_/X
 _16002_/X
 _16003_/X
 _16004_/X
 _16005_/X
 _16006_/X
 _16007_/X
 _16008_/X
 _16009_/X
 _16010_/X
 _16011_/X
 _16012_/X
 _16013_/X
 _16014_/X
 _16015_/Y
 _16016_/X
 _16017_/X
 _16018_/X
 _16019_/X
 _16020_/X
 _16021_/X
 _16022_/X
 _16023_/X
 _16024_/X
 _16025_/X
 _16026_/X
 _16027_/X
 _16028_/X
 _16029_/X
 _16030_/X
 _16031_/X
 _16032_/X
 _16033_/X
 _16034_/X
 _16035_/X
 _16036_/X
 _16037_/X
 _16038_/X
 _16039_/X
 _16040_/X
 _16041_/X
 _16042_/X
 _16043_/X
 _16044_/X
 _16045_/X
 _16046_/X
 _16047_/X
 _16048_/Y
 _16049_/X
 _16050_/X
 _16051_/X
 _16052_/X
 _16053_/X
 _16054_/X
 _16055_/X
 _16056_/X
 _16057_/X
 _16058_/X
 _16059_/X
 _16060_/X
 _16061_/X
 _16062_/X
 _16063_/X
 _16064_/X
 _16065_/X
 _16066_/X
 _16067_/X
 _16068_/X
 _16069_/X
 _16070_/X
 _16071_/X
 _16072_/X
 _16073_/X
 _16074_/X
 _16075_/X
 _16076_/X
 _16077_/X
 _16078_/X
 _16079_/X
 _16080_/X
 _16081_/Y
 _16082_/X
 _16083_/X
 _16084_/X
 _16085_/X
 _16086_/X
 _16087_/X
 _16088_/X
 _16089_/X
 _16090_/X
 _16091_/X
 _16092_/X
 _16093_/X
 _16094_/X
 _16095_/X
 _16096_/X
 _16097_/X
 _16098_/X
 _16099_/X
 _16100_/X
 _16101_/X
 _16102_/X
 _16103_/X
 _16104_/X
 _16105_/X
 _16106_/X
 _16107_/X
 _16108_/X
 _16109_/X
 _16110_/X
 _16111_/X
 _16112_/X
 _16113_/X
 _16114_/Y
 _16115_/X
 _16116_/X
 _16117_/X
 _16118_/X
 _16119_/X
 _16120_/X
 _16121_/X
 _16122_/X
 _16123_/X
 _16124_/X
 _16125_/X
 _16126_/X
 _16127_/X
 _16128_/X
 _16129_/X
 _16130_/X
 _16131_/X
 _16132_/X
 _16133_/X
 _16134_/X
 _16135_/X
 _16136_/X
 _16137_/X
 _16138_/X
 _16139_/X
 _16140_/X
 _16141_/X
 _16142_/X
 _16143_/X
 _16144_/X
 _16145_/X
 _16146_/X
 _16147_/Y
 _16148_/X
 _16149_/X
 _16150_/X
 _16151_/X
 _16152_/X
 _16153_/X
 _16154_/X
 _16155_/X
 _16156_/X
 _16157_/X
 _16158_/X
 _16159_/X
 _16160_/X
 _16161_/X
 _16162_/X
 _16163_/X
 _16164_/X
 _16165_/X
 _16166_/X
 _16167_/X
 _16168_/X
 _16169_/X
 _16170_/X
 _16171_/X
 _16172_/X
 _16173_/X
 _16174_/X
 _16175_/X
 _16176_/X
 _16177_/X
 _16178_/X
 _16179_/X
 _16180_/X
 _16181_/X
 _16182_/X
 _16183_/X
 _16184_/X
 _16185_/X
 _16186_/X
 _16187_/X
 _16188_/X
 _16189_/X
 _16190_/X
 _16191_/X
 _16192_/X
 _16193_/X
 _16194_/X
 _16195_/X
 _16196_/X
 _16197_/X
 _16198_/X
 _16199_/X
 _16200_/X
 _16201_/X
 _16202_/X
 _16203_/X
 _16204_/X
 _16205_/X
 _16206_/X
 _16207_/X
 _16208_/X
 _16209_/X
 _16210_/X
 _16211_/X
 _16212_/X
 _16213_/X
 _16214_/Y
 _16215_/X
 _16216_/X
 _16217_/X
 _16218_/X
 _16219_/X
 _16220_/X
 _16221_/X
 _16222_/X
 _16223_/X
 _16224_/X
 _16225_/X
 _16226_/X
 _16227_/X
 _16228_/X
 _16229_/X
 _16230_/X
 _16231_/X
 _16232_/X
 _16233_/X
 _16234_/X
 _16235_/X
 _16236_/X
 _16237_/X
 _16238_/X
 _16239_/X
 _16240_/X
 _16241_/X
 _16242_/X
 _16243_/X
 _16244_/X
 _16245_/X
 _16246_/X
 _16247_/Y
 _16248_/X
 _16249_/X
 _16250_/X
 _16251_/X
 _16252_/X
 _16253_/X
 _16254_/X
 _16255_/X
 _16256_/X
 _16257_/X
 _16258_/X
 _16259_/X
 _16260_/X
 _16261_/X
 _16262_/X
 _16263_/X
 _16264_/X
 _16265_/X
 _16266_/X
 _16267_/X
 _16268_/X
 _16269_/X
 _16270_/X
 _16271_/X
 _16272_/X
 _16273_/X
 _16274_/X
 _16275_/X
 _16276_/X
 _16277_/X
 _16278_/X
 _16279_/X
 _16280_/X
 _16281_/Y
 _16282_/X
 _16283_/X
 _16284_/X
 _16285_/X
 _16286_/X
 _16287_/X
 _16288_/X
 _16289_/X
 _16290_/X
 _16291_/X
 _16292_/X
 _16293_/X
 _16294_/X
 _16295_/X
 _16296_/X
 _16297_/X
 _16298_/X
 _16299_/X
 _16300_/X
 _16301_/X
 _16302_/X
 _16303_/X
 _16304_/X
 _16305_/X
 _16306_/X
 _16307_/X
 _16308_/X
 _16309_/X
 _16310_/X
 _16311_/X
 _16312_/X
 _16313_/X
 _16314_/Y
 _16315_/X
 _16316_/X
 _16317_/X
 _16318_/X
 _16319_/X
 _16320_/X
 _16321_/X
 _16322_/X
 _16323_/X
 _16324_/X
 _16325_/X
 _16326_/X
 _16327_/X
 _16328_/X
 _16329_/X
 _16330_/X
 _16331_/X
 _16332_/X
 _16333_/X
 _16334_/X
 _16335_/X
 _16336_/X
 _16337_/X
 _16338_/X
 _16339_/X
 _16340_/X
 _16341_/X
 _16342_/X
 _16343_/X
 _16344_/X
 _16345_/X
 _16346_/X
 _16347_/X
 _16348_/X
 _16349_/X
 _16350_/X
 _16351_/X
 _16352_/X
 _16353_/X
 _16354_/X
 _16355_/X
 _16356_/X
 _16357_/X
 _16358_/X
 _16359_/X
 _16360_/X
 _16361_/X
 _16362_/X
 _16363_/X
 _16364_/X
 _16365_/X
 _16366_/X
 _16367_/X
 _16368_/X
 _16369_/X
 _16370_/X
 _16371_/X
 _16372_/X
 _16373_/X
 _16374_/X
 _16375_/X
 _16376_/X
 _16377_/X
 _16378_/X
 _16379_/X
 _16380_/X
 _16381_/X
 _16382_/X
 _16383_/X
 _16384_/X
 _16385_/X
 _16386_/X
 _16387_/X
 _16388_/X
 _16389_/X
 _16390_/X
 _16391_/X
 _16392_/X
 _16393_/X
 _16394_/X
 _16395_/X
 _16396_/X
 _16397_/X
 _16398_/X
 _16399_/X
 _16400_/X
 _16401_/X
 _16402_/X
 _16403_/X
 _16404_/X
 _16405_/X
 _16406_/X
 _16407_/X
 _16408_/X
 _16409_/X
 _16410_/X
 _16411_/X
 _16412_/X
 _16413_/X
 _16414_/X
 _16415_/X
 _16416_/X
 _16417_/X
 _16418_/X
 _16419_/X
 _16420_/X
 _16421_/X
 _16422_/X
 _16423_/X
 _16424_/X
 _16425_/X
 _16426_/X
 _16427_/X
 _16428_/X
 _16429_/X
 _16430_/X
 _16431_/X
 _16432_/X
 _16433_/X
 _16434_/X
 _16435_/X
 _16436_/X
 _16437_/X
 _16438_/X
 _16439_/X
 _16440_/X
 _16441_/X
 _16442_/X
 _16443_/X
 _16444_/X
 _16445_/X
 _16446_/X
 _16447_/Y
 _16448_/X
 _16449_/X
 _16450_/X
 _16451_/X
 _16452_/X
 _16453_/X
 _16454_/X
 _16455_/X
 _16456_/X
 _16457_/X
 _16458_/X
 _16459_/X
 _16460_/X
 _16461_/X
 _16462_/X
 _16463_/X
 _16464_/X
 _16465_/X
 _16466_/X
 _16467_/X
 _16468_/X
 _16469_/X
 _16470_/X
 _16471_/X
 _16472_/X
 _16473_/X
 _16474_/X
 _16475_/X
 _16476_/X
 _16477_/X
 _16478_/X
 _16479_/X
 _16480_/X
 _16481_/X
 _16482_/X
 _16483_/X
 _16484_/X
 _16485_/X
 _16486_/X
 _16487_/X
 _16488_/X
 _16489_/X
 _16490_/X
 _16491_/X
 _16492_/X
 _16493_/X
 _16494_/X
 _16495_/X
 _16496_/X
 _16497_/X
 _16498_/X
 _16499_/X
 _16500_/X
 _16501_/X
 _16502_/X
 _16503_/X
 _16504_/X
 _16505_/X
 _16506_/X
 _16507_/X
 _16508_/X
 _16509_/X
 _16510_/X
 _16511_/X
 _16512_/X
 _16513_/X
 _16514_/Y
 _16515_/X
 _16516_/X
 _16517_/X
 _16518_/X
 _16519_/X
 _16520_/X
 _16521_/X
 _16522_/X
 _16523_/X
 _16524_/X
 _16525_/X
 _16526_/X
 _16527_/X
 _16528_/X
 _16529_/X
 _16530_/X
 _16531_/X
 _16532_/X
 _16533_/X
 _16534_/X
 _16535_/X
 _16536_/X
 _16537_/X
 _16538_/X
 _16539_/X
 _16540_/X
 _16541_/X
 _16542_/X
 _16543_/X
 _16544_/X
 _16545_/X
 _16546_/X
 _16547_/Y
 _16548_/X
 _16549_/X
 _16550_/X
 _16551_/X
 _16552_/X
 _16553_/X
 _16554_/X
 _16555_/X
 _16556_/X
 _16557_/X
 _16558_/X
 _16559_/X
 _16560_/X
 _16561_/X
 _16562_/X
 _16563_/X
 _16564_/X
 _16565_/X
 _16566_/X
 _16567_/X
 _16568_/X
 _16569_/X
 _16570_/X
 _16571_/X
 _16572_/X
 _16573_/X
 _16574_/X
 _16575_/X
 _16576_/X
 _16577_/X
 _16578_/X
 _16579_/X
 _16580_/X
 _16581_/X
 _16582_/X
 _16583_/X
 _16584_/X
 _16585_/X
 _16586_/X
 _16587_/X
 _16588_/X
 _16589_/X
 _16590_/X
 _16591_/X
 _16592_/X
 _16593_/X
 _16594_/X
 _16595_/X
 _16596_/X
 _16597_/X
 _16598_/X
 _16599_/X
 _16600_/X
 _16601_/X
 _16602_/X
 _16603_/X
 _16604_/X
 _16605_/X
 _16606_/X
 _16607_/X
 _16608_/X
 _16609_/X
 _16610_/X
 _16611_/X
 _16612_/X
 _16613_/X
 _16614_/X
 _16615_/X
 _16616_/X
 _16617_/X
 _16618_/X
 _16619_/X
 _16620_/X
 _16621_/X
 _16622_/X
 _16623_/X
 _16624_/X
 _16625_/X
 _16626_/X
 _16627_/X
 _16628_/X
 _16629_/X
 _16630_/X
 _16631_/X
 _16632_/X
 _16633_/X
 _16634_/X
 _16635_/X
 _16636_/X
 _16637_/X
 _16638_/X
 _16639_/X
 _16640_/X
 _16641_/X
 _16642_/X
 _16643_/X
 _16644_/X
 _16645_/X
 _16646_/Y
 _16647_/X
 _16648_/X
 _16649_/X
 _16650_/X
 _16651_/X
 _16652_/X
 _16653_/X
 _16654_/X
 _16655_/X
 _16656_/X
 _16657_/X
 _16658_/X
 _16659_/X
 _16660_/X
 _16661_/X
 _16662_/X
 _16663_/X
 _16664_/X
 _16665_/X
 _16666_/X
 _16667_/X
 _16668_/X
 _16669_/X
 _16670_/X
 _16671_/X
 _16672_/X
 _16673_/X
 _16674_/X
 _16675_/X
 _16676_/X
 _16677_/X
 _16678_/X
 _16679_/Y
 _16680_/X
 _16681_/X
 _16682_/X
 _16683_/X
 _16684_/X
 _16685_/X
 _16686_/X
 _16687_/X
 _16688_/X
 _16689_/X
 _16690_/X
 _16691_/X
 _16692_/X
 _16693_/X
 _16694_/X
 _16695_/X
 _16696_/X
 _16697_/X
 _16698_/X
 _16699_/X
 _16700_/X
 _16701_/X
 _16702_/X
 _16703_/X
 _16704_/X
 _16705_/X
 _16706_/X
 _16707_/X
 _16708_/X
 _16709_/X
 _16710_/X
 _16711_/X
 _16712_/Y
 _16713_/X
 _16714_/X
 _16715_/X
 _16716_/X
 _16717_/X
 _16718_/X
 _16719_/X
 _16720_/X
 _16721_/X
 _16722_/X
 _16723_/X
 _16724_/X
 _16725_/X
 _16726_/X
 _16727_/X
 _16728_/X
 _16729_/X
 _16730_/X
 _16731_/X
 _16732_/X
 _16733_/X
 _16734_/X
 _16735_/X
 _16736_/X
 _16737_/X
 _16738_/X
 _16739_/X
 _16740_/X
 _16741_/X
 _16742_/X
 _16743_/X
 _16744_/X
 _16745_/Y
 _16746_/X
 _16747_/X
 _16748_/X
 _16749_/X
 _16750_/X
 _16751_/X
 _16752_/X
 _16753_/X
 _16754_/X
 _16755_/X
 _16756_/X
 _16757_/X
 _16758_/X
 _16759_/X
 _16760_/X
 _16761_/X
 _16762_/X
 _16763_/X
 _16764_/X
 _16765_/X
 _16766_/X
 _16767_/X
 _16768_/X
 _16769_/X
 _16770_/X
 _16771_/X
 _16772_/X
 _16773_/X
 _16774_/X
 _16775_/X
 _16776_/X
 _16777_/X
 _16778_/Y
 _16779_/X
 _16780_/X
 _16781_/X
 _16782_/X
 _16783_/X
 _16784_/X
 _16785_/X
 _16786_/X
 _16787_/X
 _16788_/X
 _16789_/X
 _16790_/X
 _16791_/X
 _16792_/X
 _16793_/X
 _16794_/X
 _16795_/X
 _16796_/X
 _16797_/X
 _16798_/X
 _16799_/X
 _16800_/X
 _16801_/X
 _16802_/X
 _16803_/X
 _16804_/X
 _16805_/X
 _16806_/X
 _16807_/X
 _16808_/X
 _16809_/X
 _16810_/X
 _16811_/Y
 _16812_/X
 _16813_/X
 _16814_/X
 _16815_/X
 _16816_/X
 _16817_/X
 _16818_/X
 _16819_/X
 _16820_/X
 _16821_/X
 _16822_/X
 _16823_/X
 _16824_/X
 _16825_/X
 _16826_/X
 _16827_/X
 _16828_/X
 _16829_/X
 _16830_/X
 _16831_/X
 _16832_/X
 _16833_/X
 _16834_/X
 _16835_/X
 _16836_/X
 _16837_/X
 _16838_/X
 _16839_/X
 _16840_/X
 _16841_/X
 _16842_/X
 _16843_/X
 _16844_/X
 _16845_/X
 _16846_/X
 _16847_/X
 _16848_/X
 _16849_/X
 _16850_/X
 _16851_/X
 _16852_/X
 _16853_/X
 _16854_/X
 _16855_/X
 _16856_/X
 _16857_/X
 _16858_/X
 _16859_/X
 _16860_/X
 _16861_/X
 _16862_/X
 _16863_/X
 _16864_/X
 _16865_/X
 _16866_/X
 _16867_/X
 _16868_/X
 _16869_/X
 _16870_/X
 _16871_/X
 _16872_/X
 _16873_/X
 _16874_/X
 _16875_/X
 _16876_/X
 _16877_/X
 _16878_/X
 _16879_/X
 _16880_/X
 _16881_/X
 _16882_/X
 _16883_/X
 _16884_/X
 _16885_/X
 _16886_/X
 _16887_/X
 _16888_/X
 _16889_/X
 _16890_/X
 _16891_/X
 _16892_/X
 _16893_/X
 _16894_/X
 _16895_/X
 _16896_/X
 _16897_/X
 _16898_/X
 _16899_/X
 _16900_/X
 _16901_/X
 _16902_/X
 _16903_/X
 _16904_/X
 _16905_/X
 _16906_/X
 _16907_/X
 _16908_/X
 _16909_/X
 _16910_/X
 _16911_/X
 _16912_/X
 _16913_/X
 _16914_/X
 _16915_/X
 _16916_/X
 _16917_/X
 _16918_/X
 _16919_/X
 _16920_/X
 _16921_/X
 _16922_/X
 _16923_/X
 _16924_/X
 _16925_/X
 _16926_/X
 _16927_/X
 _16928_/X
 _16929_/X
 _16930_/X
 _16931_/X
 _16932_/X
 _16933_/X
 _16934_/X
 _16935_/X
 _16936_/X
 _16937_/X
 _16938_/X
 _16939_/X
 _16940_/X
 _16941_/X
 _16942_/X
 _16943_/Y
 _16944_/X
 _16945_/X
 _16946_/X
 _16947_/X
 _16948_/X
 _16949_/X
 _16950_/X
 _16951_/X
 _16952_/X
 _16953_/X
 _16954_/X
 _16955_/X
 _16956_/X
 _16957_/X
 _16958_/X
 _16959_/X
 _16960_/X
 _16961_/X
 _16962_/X
 _16963_/X
 _16964_/X
 _16965_/X
 _16966_/X
 _16967_/X
 _16968_/X
 _16969_/X
 _16970_/X
 _16971_/X
 _16972_/X
 _16973_/X
 _16974_/X
 _16975_/X
 _16976_/X
 _16977_/X
 _16978_/X
 _16979_/X
 _16980_/X
 _16981_/X
 _16982_/X
 _16983_/X
 _16984_/X
 _16985_/X
 _16986_/X
 _16987_/X
 _16988_/X
 _16989_/X
 _16990_/X
 _16991_/X
 _16992_/X
 _16993_/X
 _16994_/X
 _16995_/X
 _16996_/X
 _16997_/X
 _16998_/X
 _16999_/X
 _17000_/X
 _17001_/X
 _17002_/X
 _17003_/X
 _17004_/X
 _17005_/X
 _17006_/X
 _17007_/X
 _17008_/X
 _17009_/X
 _17010_/X
 _17011_/X
 _17012_/X
 _17013_/X
 _17014_/X
 _17015_/X
 _17016_/X
 _17017_/X
 _17018_/X
 _17019_/X
 _17020_/X
 _17021_/X
 _17022_/X
 _17023_/X
 _17024_/X
 _17025_/X
 _17026_/X
 _17027_/X
 _17028_/X
 _17029_/X
 _17030_/X
 _17031_/X
 _17032_/X
 _17033_/X
 _17034_/X
 _17035_/X
 _17036_/X
 _17037_/X
 _17038_/X
 _17039_/X
 _17040_/X
 _17041_/X
 _17042_/X
 _17043_/X
 _17044_/X
 _17045_/X
 _17046_/X
 _17047_/X
 _17048_/X
 _17049_/X
 _17050_/X
 _17051_/X
 _17052_/X
 _17053_/X
 _17054_/X
 _17055_/X
 _17056_/X
 _17057_/X
 _17058_/X
 _17059_/X
 _17060_/X
 _17061_/X
 _17062_/X
 _17063_/X
 _17064_/X
 _17065_/X
 _17066_/X
 _17067_/X
 _17068_/X
 _17069_/X
 _17070_/X
 _17071_/X
 _17072_/X
 _17073_/X
 _17074_/X
 _17075_/X
 _17076_/X
 _17077_/X
 _17078_/X
 _17079_/X
 _17080_/X
 _17081_/X
 _17082_/X
 _17083_/X
 _17084_/X
 _17085_/X
 _17086_/X
 _17087_/X
 _17088_/X
 _17089_/X
 _17090_/X
 _17091_/X
 _17092_/X
 _17093_/X
 _17094_/X
 _17095_/X
 _17096_/X
 _17097_/X
 _17098_/X
 _17099_/X
 _17100_/X
 _17101_/X
 _17102_/X
 _17103_/X
 _17104_/X
 _17105_/X
 _17106_/X
 _17107_/X
 _17108_/X
 _17109_/X
 _17110_/X
 _17111_/X
 _17112_/X
 _17113_/X
 _17114_/X
 _17115_/X
 _17116_/X
 _17117_/X
 _17118_/X
 _17119_/X
 _17120_/X
 _17121_/X
 _17122_/X
 _17123_/X
 _17124_/X
 _17125_/X
 _17126_/X
 _17127_/X
 _17128_/X
 _17129_/X
 _17130_/X
 _17131_/X
 _17132_/X
 _17133_/X
 _17134_/X
 _17135_/X
 _17136_/X
 _17137_/X
 _17138_/X
 _17139_/X
 _17140_/X
 _17141_/X
 _17142_/X
 _17143_/X
 _17144_/X
 _17145_/X
 _17146_/X
 _17147_/X
 _17148_/X
 _17149_/X
 _17150_/X
 _17151_/X
 _17152_/X
 _17153_/X
 _17154_/X
 _17155_/X
 _17156_/X
 _17157_/X
 _17158_/X
 _17159_/X
 _17160_/X
 _17161_/X
 _17162_/X
 _17163_/X
 _17164_/X
 _17165_/X
 _17166_/X
 _17167_/X
 _17168_/X
 _17169_/X
 _17170_/X
 _17171_/X
 _17172_/X
 _17173_/X
 _17174_/X
 _17175_/X
 _17176_/X
 _17177_/X
 _17178_/X
 _17179_/X
 _17180_/X
 _17181_/X
 _17182_/X
 _17183_/X
 _17184_/X
 _17185_/X
 _17186_/X
 _17187_/X
 _17188_/X
 _17189_/X
 _17190_/X
 _17191_/X
 _17192_/X
 _17193_/X
 _17194_/X
 _17195_/X
 _17196_/X
 _17197_/X
 _17198_/X
 _17199_/X
 _17200_/X
 _17201_/X
 _17202_/X
 _17203_/X
 _17204_/X
 _17205_/X
 _17206_/X
 _17207_/Y
 _17208_/X
 _17209_/X
 _17210_/X
 _17211_/X
 _17212_/X
 _17213_/X
 _17214_/X
 _17215_/X
 _17216_/X
 _17217_/X
 _17218_/X
 _17219_/X
 _17220_/X
 _17221_/X
 _17222_/X
 _17223_/X
 _17224_/X
 _17225_/X
 _17226_/X
 _17227_/X
 _17228_/X
 _17229_/X
 _17230_/X
 _17231_/X
 _17232_/X
 _17233_/X
 _17234_/X
 _17235_/X
 _17236_/X
 _17237_/X
 _17238_/X
 _17239_/X
 _17240_/Y
 _17241_/X
 _17242_/X
 _17243_/X
 _17244_/X
 _17245_/X
 _17246_/X
 _17247_/X
 _17248_/X
 _17249_/X
 _17250_/X
 _17251_/X
 _17252_/X
 _17253_/X
 _17254_/X
 _17255_/X
 _17256_/X
 _17257_/X
 _17258_/X
 _17259_/X
 _17260_/X
 _17261_/X
 _17262_/X
 _17263_/X
 _17264_/X
 _17265_/X
 _17266_/X
 _17267_/X
 _17268_/X
 _17269_/X
 _17270_/X
 _17271_/X
 _17272_/X
 _17273_/Y
 _17274_/X
 _17275_/X
 _17276_/X
 _17277_/X
 _17278_/X
 _17279_/X
 _17280_/X
 _17281_/X
 _17282_/X
 _17283_/X
 _17284_/X
 _17285_/X
 _17286_/X
 _17287_/X
 _17288_/X
 _17289_/X
 _17290_/X
 _17291_/X
 _17292_/X
 _17293_/X
 _17294_/X
 _17295_/X
 _17296_/X
 _17297_/X
 _17298_/X
 _17299_/X
 _17300_/X
 _17301_/X
 _17302_/X
 _17303_/X
 _17304_/X
 _17305_/X
 _17306_/Y
 _17307_/X
 _17308_/X
 _17309_/X
 _17310_/X
 _17311_/X
 _17312_/X
 _17313_/X
 _17314_/X
 _17315_/X
 _17316_/X
 _17317_/X
 _17318_/X
 _17319_/X
 _17320_/X
 _17321_/X
 _17322_/X
 _17323_/X
 _17324_/X
 _17325_/X
 _17326_/X
 _17327_/X
 _17328_/X
 _17329_/X
 _17330_/X
 _17331_/X
 _17332_/X
 _17333_/X
 _17334_/X
 _17335_/X
 _17336_/X
 _17337_/X
 _17338_/X
 _17339_/Y
 _17340_/X
 _17341_/X
 _17342_/X
 _17343_/X
 _17344_/X
 _17345_/X
 _17346_/X
 _17347_/X
 _17348_/X
 _17349_/X
 _17350_/X
 _17351_/X
 _17352_/X
 _17353_/X
 _17354_/X
 _17355_/X
 _17356_/X
 _17357_/X
 _17358_/X
 _17359_/X
 _17360_/X
 _17361_/X
 _17362_/X
 _17363_/X
 _17364_/X
 _17365_/X
 _17366_/X
 _17367_/X
 _17368_/X
 _17369_/X
 _17370_/X
 _17371_/X
 _17372_/X
 _17373_/X
 _17374_/X
 _17375_/X
 _17376_/X
 _17377_/X
 _17378_/X
 _17379_/X
 _17380_/X
 _17381_/X
 _17382_/X
 _17383_/X
 _17384_/X
 _17385_/X
 _17386_/X
 _17387_/X
 _17388_/X
 _17389_/X
 _17390_/X
 _17391_/X
 _17392_/X
 _17393_/X
 _17394_/X
 _17395_/X
 _17396_/X
 _17397_/X
 _17398_/X
 _17399_/X
 _17400_/X
 _17401_/X
 _17402_/X
 _17403_/X
 _17404_/X
 _17405_/Y
 _17406_/X
 _17407_/X
 _17408_/X
 _17409_/X
 _17410_/X
 _17411_/X
 _17412_/X
 _17413_/X
 _17414_/X
 _17415_/X
 _17416_/X
 _17417_/X
 _17418_/X
 _17419_/X
 _17420_/X
 _17421_/X
 _17422_/X
 _17423_/X
 _17424_/X
 _17425_/X
 _17426_/X
 _17427_/X
 _17428_/X
 _17429_/X
 _17430_/X
 _17431_/X
 _17432_/X
 _17433_/X
 _17434_/X
 _17435_/X
 _17436_/X
 _17437_/X
 _17438_/Y
 _17439_/X
 _17440_/X
 _17441_/X
 _17442_/X
 _17443_/X
 _17444_/X
 _17445_/X
 _17446_/X
 _17447_/X
 _17448_/X
 _17449_/X
 _17450_/X
 _17451_/X
 _17452_/X
 _17453_/X
 _17454_/X
 _17455_/X
 _17456_/X
 _17457_/X
 _17458_/X
 _17459_/X
 _17460_/X
 _17461_/X
 _17462_/X
 _17463_/X
 _17464_/X
 _17465_/X
 _17466_/X
 _17467_/X
 _17468_/X
 _17469_/X
 _17470_/X
 _17471_/X
 _17472_/X
 _17473_/X
 _17474_/X
 _17475_/X
 _17476_/X
 _17477_/X
 _17478_/X
 _17479_/X
 _17480_/X
 _17481_/X
 _17482_/X
 _17483_/X
 _17484_/X
 _17485_/X
 _17486_/X
 _17487_/X
 _17488_/X
 _17489_/X
 _17490_/X
 _17491_/X
 _17492_/X
 _17493_/X
 _17494_/X
 _17495_/X
 _17496_/X
 _17497_/X
 _17498_/X
 _17499_/X
 _17500_/X
 _17501_/X
 _17502_/X
 _17503_/X
 _17504_/X
 _17505_/X
 _17506_/X
 _17507_/X
 _17508_/X
 _17509_/X
 _17510_/X
 _17511_/X
 _17512_/X
 _17513_/X
 _17514_/X
 _17515_/X
 _17516_/X
 _17517_/X
 _17518_/X
 _17519_/X
 _17520_/X
 _17521_/X
 _17522_/X
 _17523_/X
 _17524_/X
 _17525_/X
 _17526_/X
 _17527_/X
 _17528_/X
 _17529_/X
 _17530_/X
 _17531_/X
 _17532_/X
 _17533_/X
 _17534_/X
 _17535_/X
 _17536_/X
 _17537_/Y
 _17538_/X
 _17539_/X
 _17540_/X
 _17541_/X
 _17542_/X
 _17543_/X
 _17544_/X
 _17545_/X
 _17546_/X
 _17547_/X
 _17548_/X
 _17549_/X
 _17550_/X
 _17551_/X
 _17552_/X
 _17553_/X
 _17554_/X
 _17555_/X
 _17556_/X
 _17557_/X
 _17558_/X
 _17559_/X
 _17560_/X
 _17561_/X
 _17562_/X
 _17563_/X
 _17564_/X
 _17565_/X
 _17566_/X
 _17567_/X
 _17568_/X
 _17569_/X
 _17570_/X
 _17571_/X
 _17572_/X
 _17573_/X
 _17574_/X
 _17575_/X
 _17576_/X
 _17577_/X
 _17578_/X
 _17579_/X
 _17580_/X
 _17581_/X
 _17582_/X
 _17583_/X
 _17584_/X
 _17585_/X
 _17586_/X
 _17587_/X
 _17588_/X
 _17589_/X
 _17590_/X
 _17591_/X
 _17592_/X
 _17593_/X
 _17594_/X
 _17595_/X
 _17596_/X
 _17597_/X
 _17598_/X
 _17599_/X
 _17600_/X
 _17601_/X
 _17602_/X
 _17603_/Y
 _17604_/X
 _17605_/X
 _17606_/X
 _17607_/X
 _17608_/X
 _17609_/X
 _17610_/X
 _17611_/X
 _17612_/X
 _17613_/X
 _17614_/X
 _17615_/X
 _17616_/X
 _17617_/X
 _17618_/X
 _17619_/X
 _17620_/X
 _17621_/X
 _17622_/X
 _17623_/X
 _17624_/X
 _17625_/X
 _17626_/X
 _17627_/X
 _17628_/X
 _17629_/X
 _17630_/X
 _17631_/X
 _17632_/X
 _17633_/X
 _17634_/X
 _17635_/X
 _17636_/X
 _17637_/X
 _17638_/X
 _17639_/X
 _17640_/X
 _17641_/X
 _17642_/X
 _17643_/X
 _17644_/X
 _17645_/X
 _17646_/X
 _17647_/X
 _17648_/X
 _17649_/X
 _17650_/X
 _17651_/X
 _17652_/X
 _17653_/X
 _17654_/X
 _17655_/X
 _17656_/X
 _17657_/X
 _17658_/X
 _17659_/X
 _17660_/X
 _17661_/X
 _17662_/X
 _17663_/X
 _17664_/X
 _17665_/X
 _17666_/X
 _17667_/X
 _17668_/X
 _17669_/X
 _17670_/X
 _17671_/X
 _17672_/X
 _17673_/X
 _17674_/X
 _17675_/X
 _17676_/X
 _17677_/X
 _17678_/X
 _17679_/X
 _17680_/X
 _17681_/X
 _17682_/X
 _17683_/X
 _17684_/X
 _17685_/X
 _17686_/X
 _17687_/X
 _17688_/X
 _17689_/X
 _17690_/X
 _17691_/X
 _17692_/X
 _17693_/X
 _17694_/X
 _17695_/X
 _17696_/X
 _17697_/X
 _17698_/X
 _17699_/X
 _17700_/X
 _17701_/X
 _17702_/Y
 _17703_/X
 _17704_/X
 _17705_/X
 _17706_/X
 _17707_/X
 _17708_/X
 _17709_/X
 _17710_/X
 _17711_/X
 _17712_/X
 _17713_/X
 _17714_/X
 _17715_/X
 _17716_/X
 _17717_/X
 _17718_/X
 _17719_/X
 _17720_/X
 _17721_/X
 _17722_/X
 _17723_/X
 _17724_/X
 _17725_/X
 _17726_/X
 _17727_/X
 _17728_/X
 _17729_/X
 _17730_/X
 _17731_/X
 _17732_/X
 _17733_/X
 _17734_/X
 _17735_/X
 _17736_/X
 _17737_/X
 _17738_/X
 _17739_/X
 _17740_/X
 _17741_/X
 _17742_/X
 _17743_/X
 _17744_/X
 _17745_/X
 _17746_/X
 _17747_/X
 _17748_/X
 _17749_/X
 _17750_/X
 _17751_/X
 _17752_/X
 _17753_/X
 _17754_/X
 _17755_/X
 _17756_/X
 _17757_/X
 _17758_/X
 _17759_/X
 _17760_/X
 _17761_/X
 _17762_/X
 _17763_/X
 _17764_/X
 _17765_/X
 _17766_/X
 _17767_/X
 _17768_/X
 _17769_/X
 _17770_/X
 _17771_/X
 _17772_/X
 _17773_/X
 _17774_/X
 _17775_/X
 _17776_/X
 _17777_/X
 _17778_/X
 _17779_/X
 _17780_/X
 _17781_/X
 _17782_/X
 _17783_/X
 _17784_/X
 _17785_/X
 _17786_/X
 _17787_/X
 _17788_/X
 _17789_/X
 _17790_/X
 _17791_/X
 _17792_/X
 _17793_/X
 _17794_/X
 _17795_/X
 _17796_/X
 _17797_/X
 _17798_/X
 _17799_/X
 _17800_/X
 _17801_/X
 _17802_/X
 _17803_/X
 _17804_/X
 _17805_/X
 _17806_/X
 _17807_/X
 _17808_/X
 _17809_/X
 _17810_/X
 _17811_/X
 _17812_/X
 _17813_/X
 _17814_/X
 _17815_/X
 _17816_/X
 _17817_/X
 _17818_/X
 _17819_/X
 _17820_/X
 _17821_/X
 _17822_/X
 _17823_/X
 _17824_/X
 _17825_/X
 _17826_/X
 _17827_/X
 _17828_/X
 _17829_/X
 _17830_/X
 _17831_/X
 _17832_/X
 _17833_/X
 _17834_/X
 _17835_/X
 _17836_/X
 _17837_/X
 _17838_/X
 _17839_/X
 _17840_/X
 _17841_/X
 _17842_/X
 _17843_/X
 _17844_/X
 _17845_/X
 _17846_/X
 _17847_/X
 _17848_/X
 _17849_/X
 _17850_/X
 _17851_/X
 _17852_/X
 _17853_/X
 _17854_/X
 _17855_/X
 _17856_/X
 _17857_/X
 _17858_/X
 _17859_/X
 _17860_/X
 _17861_/X
 _17862_/X
 _17863_/X
 _17864_/X
 _17865_/X
 _17866_/Y
 _17867_/X
 _17868_/X
 _17869_/X
 _17870_/X
 _17871_/X
 _17872_/X
 _17873_/X
 _17874_/X
 _17875_/X
 _17876_/X
 _17877_/X
 _17878_/X
 _17879_/X
 _17880_/X
 _17881_/X
 _17882_/X
 _17883_/X
 _17884_/X
 _17885_/X
 _17886_/X
 _17887_/X
 _17888_/X
 _17889_/X
 _17890_/X
 _17891_/X
 _17892_/X
 _17893_/X
 _17894_/X
 _17895_/X
 _17896_/X
 _17897_/X
 _17898_/X
 _17899_/Y
 _17900_/X
 _17901_/X
 _17902_/X
 _17903_/X
 _17904_/X
 _17905_/X
 _17906_/X
 _17907_/X
 _17908_/X
 _17909_/X
 _17910_/X
 _17911_/X
 _17912_/X
 _17913_/X
 _17914_/X
 _17915_/X
 _17916_/X
 _17917_/X
 _17918_/X
 _17919_/X
 _17920_/X
 _17921_/X
 _17922_/X
 _17923_/X
 _17924_/X
 _17925_/X
 _17926_/X
 _17927_/X
 _17928_/X
 _17929_/X
 _17930_/X
 _17931_/X
 _17932_/X
 _17933_/X
 _17934_/X
 _17935_/X
 _17936_/X
 _17937_/X
 _17938_/X
 _17939_/X
 _17940_/X
 _17941_/X
 _17942_/X
 _17943_/X
 _17944_/X
 _17945_/X
 _17946_/X
 _17947_/X
 _17948_/X
 _17949_/X
 _17950_/X
 _17951_/X
 _17952_/X
 _17953_/X
 _17954_/X
 _17955_/X
 _17956_/X
 _17957_/X
 _17958_/X
 _17959_/X
 _17960_/X
 _17961_/X
 _17962_/X
 _17963_/X
 _17964_/X
 _17965_/X
 _17966_/X
 _17967_/X
 _17968_/X
 _17969_/X
 _17970_/X
 _17971_/X
 _17972_/X
 _17973_/X
 _17974_/X
 _17975_/X
 _17976_/X
 _17977_/X
 _17978_/X
 _17979_/X
 _17980_/X
 _17981_/X
 _17982_/X
 _17983_/X
 _17984_/X
 _17985_/X
 _17986_/X
 _17987_/X
 _17988_/X
 _17989_/X
 _17990_/X
 _17991_/X
 _17992_/X
 _17993_/X
 _17994_/X
 _17995_/X
 _17996_/X
 _17997_/X
 _17998_/X
 _17999_/X
 _18000_/X
 _18001_/X
 _18002_/X
 _18003_/X
 _18004_/X
 _18005_/X
 _18006_/X
 _18007_/X
 _18008_/X
 _18009_/X
 _18010_/X
 _18011_/X
 _18012_/X
 _18013_/X
 _18014_/X
 _18015_/X
 _18016_/X
 _18017_/X
 _18018_/X
 _18019_/X
 _18020_/X
 _18021_/X
 _18022_/X
 _18023_/X
 _18024_/X
 _18025_/X
 _18026_/X
 _18027_/X
 _18028_/X
 _18029_/X
 _18030_/X
 _18031_/X
 _18032_/X
 _18033_/X
 _18034_/X
 _18035_/X
 _18036_/X
 _18037_/X
 _18038_/X
 _18039_/X
 _18040_/X
 _18041_/X
 _18042_/X
 _18043_/X
 _18044_/X
 _18045_/X
 _18046_/X
 _18047_/X
 _18048_/X
 _18049_/X
 _18050_/X
 _18051_/X
 _18052_/X
 _18053_/X
 _18054_/X
 _18055_/X
 _18056_/X
 _18057_/X
 _18058_/X
 _18059_/X
 _18060_/X
 _18061_/X
 _18062_/X
 _18063_/X
 _18064_/X
 _18065_/X
 _18066_/X
 _18067_/X
 _18068_/X
 _18069_/X
 _18070_/X
 _18071_/X
 _18072_/X
 _18073_/X
 _18074_/X
 _18075_/X
 _18076_/X
 _18077_/X
 _18078_/X
 _18079_/X
 _18080_/X
 _18081_/X
 _18082_/X
 _18083_/X
 _18084_/X
 _18085_/X
 _18086_/X
 _18087_/X
 _18088_/X
 _18089_/X
 _18090_/X
 _18091_/X
 _18092_/X
 _18093_/X
 _18094_/X
 _18095_/X
 _18096_/X
 _18097_/Y
 _18098_/X
 _18099_/X
 _18100_/X
 _18101_/X
 _18102_/X
 _18103_/X
 _18104_/X
 _18105_/X
 _18106_/X
 _18107_/X
 _18108_/X
 _18109_/X
 _18110_/X
 _18111_/X
 _18112_/X
 _18113_/X
 _18114_/X
 _18115_/X
 _18116_/X
 _18117_/X
 _18118_/X
 _18119_/X
 _18120_/X
 _18121_/X
 _18122_/X
 _18123_/X
 _18124_/X
 _18125_/X
 _18126_/X
 _18127_/X
 _18128_/X
 _18129_/X
 _18130_/X
 _18131_/X
 _18132_/X
 _18133_/X
 _18134_/X
 _18135_/X
 _18136_/X
 _18137_/X
 _18138_/X
 _18139_/X
 _18140_/X
 _18141_/X
 _18142_/X
 _18143_/X
 _18144_/X
 _18145_/X
 _18146_/X
 _18147_/X
 _18148_/X
 _18149_/X
 _18150_/X
 _18151_/X
 _18152_/X
 _18153_/X
 _18154_/X
 _18155_/X
 _18156_/X
 _18157_/X
 _18158_/X
 _18159_/X
 _18160_/X
 _18161_/X
 _18162_/X
 _18163_/Y
 _18164_/X
 _18165_/X
 _18166_/X
 _18167_/X
 _18168_/X
 _18169_/X
 _18170_/X
 _18171_/X
 _18172_/X
 _18173_/X
 _18174_/X
 _18175_/X
 _18176_/X
 _18177_/X
 _18178_/X
 _18179_/X
 _18180_/X
 _18181_/X
 _18182_/X
 _18183_/X
 _18184_/X
 _18185_/X
 _18186_/X
 _18187_/X
 _18188_/X
 _18189_/X
 _18190_/X
 _18191_/X
 _18192_/X
 _18193_/X
 _18194_/X
 _18195_/X
 _18196_/X
 _18197_/X
 _18198_/X
 _18199_/X
 _18200_/X
 _18201_/X
 _18202_/X
 _18203_/X
 _18204_/X
 _18205_/X
 _18206_/X
 _18207_/X
 _18208_/X
 _18209_/X
 _18210_/X
 _18211_/X
 _18212_/X
 _18213_/X
 _18214_/X
 _18215_/X
 _18216_/X
 _18217_/X
 _18218_/X
 _18219_/X
 _18220_/X
 _18221_/X
 _18222_/X
 _18223_/X
 _18224_/X
 _18225_/X
 _18226_/X
 _18227_/X
 _18228_/X
 _18229_/Y
 _18230_/X
 _18231_/X
 _18232_/X
 _18233_/X
 _18234_/X
 _18235_/X
 _18236_/X
 _18237_/X
 _18238_/X
 _18239_/X
 _18240_/X
 _18241_/X
 _18242_/X
 _18243_/X
 _18244_/X
 _18245_/X
 _18246_/X
 _18247_/X
 _18248_/X
 _18249_/X
 _18250_/X
 _18251_/X
 _18252_/X
 _18253_/X
 _18254_/X
 _18255_/X
 _18256_/X
 _18257_/X
 _18258_/X
 _18259_/X
 _18260_/X
 _18261_/X
 _18262_/X
 _18263_/X
 _18264_/X
 _18265_/X
 _18266_/X
 _18267_/X
 _18268_/X
 _18269_/X
 _18270_/X
 _18271_/X
 _18272_/X
 _18273_/X
 _18274_/X
 _18275_/X
 _18276_/X
 _18277_/X
 _18278_/X
 _18279_/X
 _18280_/X
 _18281_/X
 _18282_/X
 _18283_/X
 _18284_/X
 _18285_/X
 _18286_/X
 _18287_/X
 _18288_/X
 _18289_/X
 _18290_/X
 _18291_/X
 _18292_/X
 _18293_/X
 _18294_/X
 _18295_/X
 _18296_/X
 _18297_/X
 _18298_/X
 _18299_/X
 _18300_/X
 _18301_/X
 _18302_/X
 _18303_/X
 _18304_/X
 _18305_/X
 _18306_/X
 _18307_/X
 _18308_/X
 _18309_/X
 _18310_/X
 _18311_/X
 _18312_/X
 _18313_/X
 _18314_/X
 _18315_/X
 _18316_/X
 _18317_/X
 _18318_/X
 _18319_/X
 _18320_/X
 _18321_/X
 _18322_/X
 _18323_/X
 _18324_/X
 _18325_/X
 _18326_/X
 _18327_/X
 _18328_/X
 _18329_/X
 _18330_/X
 _18331_/X
 _18332_/X
 _18333_/X
 _18334_/X
 _18335_/X
 _18336_/X
 _18337_/X
 _18338_/X
 _18339_/X
 _18340_/X
 _18341_/X
 _18342_/X
 _18343_/X
 _18344_/X
 _18345_/X
 _18346_/X
 _18347_/X
 _18348_/X
 _18349_/X
 _18350_/X
 _18351_/X
 _18352_/X
 _18353_/X
 _18354_/X
 _18355_/X
 _18356_/X
 _18357_/X
 _18358_/X
 _18359_/X
 _18360_/X
 _18361_/X
 _18362_/X
 _18363_/X
 _18364_/X
 _18365_/X
 _18366_/X
 _18367_/X
 _18368_/X
 _18369_/X
 _18370_/X
 _18371_/X
 _18372_/X
 _18373_/X
 _18374_/X
 _18375_/X
 _18376_/X
 _18377_/X
 _18378_/X
 _18379_/X
 _18380_/X
 _18381_/X
 _18382_/X
 _18383_/X
 _18384_/X
 _18385_/X
 _18386_/X
 _18387_/X
 _18388_/X
 _18389_/X
 _18390_/X
 _18391_/X
 _18392_/X
 _18393_/X
 _18394_/Y
 _18395_/X
 _18396_/X
 _18397_/X
 _18398_/X
 _18399_/X
 _18400_/X
 _18401_/X
 _18402_/X
 _18403_/X
 _18404_/X
 _18405_/X
 _18406_/X
 _18407_/X
 _18408_/X
 _18409_/X
 _18410_/X
 _18411_/X
 _18412_/X
 _18413_/X
 _18414_/X
 _18415_/X
 _18416_/X
 _18417_/X
 _18418_/X
 _18419_/X
 _18420_/X
 _18421_/X
 _18422_/X
 _18423_/X
 _18424_/X
 _18425_/X
 _18426_/X
 _18427_/Y
 _18428_/X
 _18429_/X
 _18430_/X
 _18431_/X
 _18432_/X
 _18433_/X
 _18434_/X
 _18435_/X
 _18436_/X
 _18437_/X
 _18438_/X
 _18439_/X
 _18440_/X
 _18441_/X
 _18442_/X
 _18443_/X
 _18444_/X
 _18445_/X
 _18446_/X
 _18447_/X
 _18448_/X
 _18449_/X
 _18450_/X
 _18451_/X
 _18452_/X
 _18453_/X
 _18454_/X
 _18455_/X
 _18456_/X
 _18457_/X
 _18458_/X
 _18459_/X
 _18460_/Y
 _18461_/X
 _18462_/X
 _18463_/X
 _18464_/X
 _18465_/X
 _18466_/X
 _18467_/X
 _18468_/X
 _18469_/X
 _18470_/X
 _18471_/X
 _18472_/X
 _18473_/X
 _18474_/X
 _18475_/X
 _18476_/X
 _18477_/X
 _18478_/X
 _18479_/X
 _18480_/X
 _18481_/X
 _18482_/X
 _18483_/X
 _18484_/X
 _18485_/X
 _18486_/X
 _18487_/X
 _18488_/X
 _18489_/X
 _18490_/X
 _18491_/X
 _18492_/X
 _18493_/Y
 _18494_/X
 _18495_/X
 _18496_/X
 _18497_/X
 _18498_/X
 _18499_/X
 _18500_/X
 _18501_/X
 _18502_/X
 _18503_/X
 _18504_/X
 _18505_/X
 _18506_/X
 _18507_/X
 _18508_/X
 _18509_/X
 _18510_/X
 _18511_/X
 _18512_/X
 _18513_/X
 _18514_/X
 _18515_/X
 _18516_/X
 _18517_/X
 _18518_/X
 _18519_/X
 _18520_/X
 _18521_/X
 _18522_/X
 _18523_/X
 _18524_/X
 _18525_/X
 _18526_/Y
 _18527_/X
 _18528_/X
 _18529_/X
 _18530_/X
 _18531_/X
 _18532_/X
 _18533_/X
 _18534_/X
 _18535_/X
 _18536_/X
 _18537_/X
 _18538_/X
 _18539_/X
 _18540_/X
 _18541_/X
 _18542_/X
 _18543_/X
 _18544_/X
 _18545_/X
 _18546_/X
 _18547_/X
 _18548_/X
 _18549_/X
 _18550_/X
 _18551_/X
 _18552_/X
 _18553_/X
 _18554_/X
 _18555_/X
 _18556_/X
 _18557_/X
 _18558_/X
 _18559_/Y
 _18560_/X
 _18561_/X
 _18562_/X
 _18563_/X
 _18564_/X
 _18565_/X
 _18566_/X
 _18567_/X
 _18568_/X
 _18569_/X
 _18570_/X
 _18571_/X
 _18572_/X
 _18573_/X
 _18574_/X
 _18575_/X
 _18576_/X
 _18577_/X
 _18578_/X
 _18579_/X
 _18580_/X
 _18581_/X
 _18582_/X
 _18583_/X
 _18584_/X
 _18585_/X
 _18586_/X
 _18587_/X
 _18588_/X
 _18589_/X
 _18590_/X
 _18591_/X
 _18592_/X
 _18593_/X
 _18594_/X
 _18595_/X
 _18596_/X
 _18597_/X
 _18598_/X
 _18599_/X
 _18600_/X
 _18601_/X
 _18602_/X
 _18603_/X
 _18604_/X
 _18605_/X
 _18606_/X
 _18607_/X
 _18608_/X
 _18609_/X
 _18610_/X
 _18611_/X
 _18612_/X
 _18613_/X
 _18614_/X
 _18615_/X
 _18616_/X
 _18617_/X
 _18618_/X
 _18619_/X
 _18620_/X
 _18621_/X
 _18622_/X
 _18623_/X
 _18624_/X
 _18625_/X
 _18626_/X
 _18627_/X
 _18628_/X
 _18629_/X
 _18630_/X
 _18631_/X
 _18632_/X
 _18633_/X
 _18634_/X
 _18635_/X
 _18636_/X
 _18637_/X
 _18638_/X
 _18639_/X
 _18640_/X
 _18641_/X
 _18642_/X
 _18643_/X
 _18644_/X
 _18645_/X
 _18646_/X
 _18647_/X
 _18648_/X
 _18649_/X
 _18650_/X
 _18651_/X
 _18652_/X
 _18653_/X
 _18654_/X
 _18655_/X
 _18656_/X
 _18657_/X
 _18658_/Y
 _18659_/X
 _18660_/X
 _18661_/X
 _18662_/X
 _18663_/X
 _18664_/X
 _18665_/X
 _18666_/X
 _18667_/X
 _18668_/X
 _18669_/X
 _18670_/X
 _18671_/X
 _18672_/X
 _18673_/X
 _18674_/X
 _18675_/X
 _18676_/X
 _18677_/X
 _18678_/X
 _18679_/X
 _18680_/X
 _18681_/X
 _18682_/X
 _18683_/X
 _18684_/X
 _18685_/X
 _18686_/X
 _18687_/X
 _18688_/X
 _18689_/X
 _18690_/X
 _18691_/Y
 _18692_/X
 _18693_/Y
 _18694_/X
 _18695_/X
 _18696_/X
 _18697_/X
 _18698_/X
 _18699_/X
 _18700_/X
 _18701_/X
 _18702_/X
 _18703_/X
 _18704_/X
 _18705_/X
 _18706_/X
 _18707_/X
 _18708_/X
 _18709_/X
 _18710_/X
 _18711_/X
 _18712_/X
 _18713_/X
 _18714_/X
 _18715_/X
 _18716_/X
 _18717_/X
 _18718_/X
 _18719_/X
 _18720_/X
 _18721_/X
 _18722_/X
 _18723_/X
 _18724_/X
 _18725_/X
 _18726_/X
 _18727_/Y
 _18728_/X
 _18729_/X
 _18730_/X
 _18731_/X
 _18732_/X
 _18733_/X
 _18734_/X
 _18735_/X
 _18736_/X
 _18737_/X
 _18738_/X
 _18739_/X
 _18740_/X
 _18741_/X
 _18742_/X
 _18743_/X
 _18744_/X
 _18745_/X
 _18746_/X
 _18747_/X
 _18748_/X
 _18749_/X
 _18750_/X
 _18751_/X
 _18752_/X
 _18753_/X
 _18754_/X
 _18755_/X
 _18756_/X
 _18757_/X
 _18758_/X
 _18759_/X
 _18760_/Y
 _18761_/X
 _18762_/X
 _18763_/X
 _18764_/X
 _18765_/X
 _18766_/X
 _18767_/X
 _18768_/X
 _18769_/X
 _18770_/X
 _18771_/X
 _18772_/X
 _18773_/X
 _18774_/X
 _18775_/X
 _18776_/X
 _18777_/X
 _18778_/X
 _18779_/X
 _18780_/X
 _18781_/X
 _18782_/X
 _18783_/X
 _18784_/X
 _18785_/X
 _18786_/X
 _18787_/X
 _18788_/X
 _18789_/X
 _18790_/X
 _18791_/X
 _18792_/X
 _18793_/X
 _18794_/X
 _18795_/X
 _18796_/X
 _18797_/X
 _18798_/X
 _18799_/X
 _18800_/X
 _18801_/X
 _18802_/X
 _18803_/X
 _18804_/X
 _18805_/X
 _18806_/X
 _18807_/X
 _18808_/X
 _18809_/X
 _18810_/X
 _18811_/X
 _18812_/X
 _18813_/X
 _18814_/X
 _18815_/X
 _18816_/X
 _18817_/X
 _18818_/X
 _18819_/X
 _18820_/X
 _18821_/X
 _18822_/X
 _18823_/X
 _18824_/X
 _18825_/X
 _18826_/Y
 _18827_/X
 _18828_/X
 _18829_/X
 _18830_/X
 _18831_/X
 _18832_/X
 _18833_/X
 _18834_/X
 _18835_/X
 _18836_/X
 _18837_/X
 _18838_/X
 _18839_/X
 _18840_/X
 _18841_/X
 _18842_/X
 _18843_/X
 _18844_/X
 _18845_/X
 _18846_/X
 _18847_/X
 _18848_/X
 _18849_/X
 _18850_/X
 _18851_/X
 _18852_/X
 _18853_/X
 _18854_/X
 _18855_/X
 _18856_/X
 _18857_/X
 _18858_/X
 _18859_/X
 _18860_/Y
 _18861_/X
 _18862_/X
 _18863_/X
 _18864_/X
 _18865_/X
 _18866_/X
 _18867_/X
 _18868_/X
 _18869_/X
 _18870_/X
 _18871_/X
 _18872_/X
 _18873_/X
 _18874_/X
 _18875_/X
 _18876_/X
 _18877_/X
 _18878_/X
 _18879_/X
 _18880_/X
 _18881_/X
 _18882_/X
 _18883_/X
 _18884_/X
 _18885_/X
 _18886_/X
 _18887_/X
 _18888_/X
 _18889_/X
 _18890_/X
 _18891_/X
 _18892_/X
 _18893_/Y
 _18894_/X
 _18895_/X
 _18896_/X
 _18897_/X
 _18898_/X
 _18899_/X
 _18900_/X
 _18901_/X
 _18902_/X
 _18903_/X
 _18904_/X
 _18905_/X
 _18906_/X
 _18907_/X
 _18908_/X
 _18909_/X
 _18910_/X
 _18911_/X
 _18912_/X
 _18913_/X
 _18914_/X
 _18915_/X
 _18916_/X
 _18917_/X
 _18918_/X
 _18919_/X
 _18920_/X
 _18921_/X
 _18922_/X
 _18923_/X
 _18924_/X
 _18925_/X
 _18926_/X
 _18927_/Y
 _18928_/X
 _18929_/X
 _18930_/X
 _18931_/X
 _18932_/X
 _18933_/X
 _18934_/X
 _18935_/X
 _18936_/X
 _18937_/X
 _18938_/X
 _18939_/X
 _18940_/X
 _18941_/X
 _18942_/X
 _18943_/X
 _18944_/X
 _18945_/X
 _18946_/X
 _18947_/X
 _18948_/X
 _18949_/X
 _18950_/X
 _18951_/X
 _18952_/X
 _18953_/X
 _18954_/X
 _18955_/X
 _18956_/X
 _18957_/X
 _18958_/X
 _18959_/X
 _18960_/X
 _18961_/X
 _18962_/X
 _18963_/X
 _18964_/X
 _18965_/X
 _18966_/X
 _18967_/X
 _18968_/X
 _18969_/X
 _18970_/X
 _18971_/X
 _18972_/X
 _18973_/X
 _18974_/X
 _18975_/X
 _18976_/X
 _18977_/X
 _18978_/X
 _18979_/X
 _18980_/X
 _18981_/X
 _18982_/X
 _18983_/X
 _18984_/X
 _18985_/X
 _18986_/X
 _18987_/X
 _18988_/X
 _18989_/X
 _18990_/X
 _18991_/X
 _18992_/X
 _18993_/Y
 _18994_/X
 _18995_/X
 _18996_/X
 _18997_/X
 _18998_/X
 _18999_/X
 _19000_/X
 _19001_/X
 _19002_/X
 _19003_/X
 _19004_/X
 _19005_/X
 _19006_/X
 _19007_/X
 _19008_/X
 _19009_/X
 _19010_/X
 _19011_/X
 _19012_/X
 _19013_/X
 _19014_/X
 _19015_/X
 _19016_/X
 _19017_/X
 _19018_/X
 _19019_/X
 _19020_/X
 _19021_/X
 _19022_/X
 _19023_/X
 _19024_/X
 _19025_/X
 _19026_/X
 _19027_/Y
 _19028_/X
 _19029_/X
 _19030_/X
 _19031_/X
 _19032_/X
 _19033_/X
 _19034_/X
 _19035_/X
 _19036_/X
 _19037_/X
 _19038_/X
 _19039_/X
 _19040_/X
 _19041_/X
 _19042_/X
 _19043_/X
 _19044_/X
 _19045_/X
 _19046_/X
 _19047_/X
 _19048_/X
 _19049_/X
 _19050_/X
 _19051_/X
 _19052_/X
 _19053_/X
 _19054_/X
 _19055_/X
 _19056_/X
 _19057_/X
 _19058_/X
 _19059_/X
 _19060_/Y
 _19061_/X
 _19062_/X
 _19063_/X
 _19064_/X
 _19065_/X
 _19066_/X
 _19067_/X
 _19068_/X
 _19069_/X
 _19070_/X
 _19071_/X
 _19072_/X
 _19073_/X
 _19074_/X
 _19075_/X
 _19076_/X
 _19077_/X
 _19078_/X
 _19079_/X
 _19080_/X
 _19081_/X
 _19082_/X
 _19083_/X
 _19084_/X
 _19085_/X
 _19086_/X
 _19087_/X
 _19088_/X
 _19089_/X
 _19090_/X
 _19091_/X
 _19092_/X
 _19093_/Y
 _19094_/X
 _19095_/X
 _19096_/X
 _19097_/X
 _19098_/X
 _19099_/X
 _19100_/X
 _19101_/X
 _19102_/X
 _19103_/X
 _19104_/X
 _19105_/X
 _19106_/X
 _19107_/X
 _19108_/X
 _19109_/X
 _19110_/X
 _19111_/X
 _19112_/X
 _19113_/X
 _19114_/X
 _19115_/X
 _19116_/X
 _19117_/X
 _19118_/X
 _19119_/X
 _19120_/X
 _19121_/X
 _19122_/X
 _19123_/X
 _19124_/X
 _19125_/X
 _19126_/X
 _19127_/X
 _19128_/X
 _19129_/X
 _19130_/X
 _19131_/X
 _19132_/X
 _19133_/X
 _19134_/X
 _19135_/X
 _19136_/X
 _19137_/X
 _19138_/X
 _19139_/X
 _19140_/X
 _19141_/X
 _19142_/X
 _19143_/X
 _19144_/X
 _19145_/X
 _19146_/X
 _19147_/X
 _19148_/X
 _19149_/X
 _19150_/X
 _19151_/X
 _19152_/X
 _19153_/X
 _19154_/X
 _19155_/X
 _19156_/X
 _19157_/X
 _19158_/X
 _19159_/X
 _19160_/X
 _19161_/X
 _19162_/X
 _19163_/X
 _19164_/X
 _19165_/X
 _19166_/X
 _19167_/X
 _19168_/X
 _19169_/X
 _19170_/X
 _19171_/X
 _19172_/X
 _19173_/X
 _19174_/X
 _19175_/X
 _19176_/X
 _19177_/X
 _19178_/X
 _19179_/X
 _19180_/X
 _19181_/X
 _19182_/X
 _19183_/X
 _19184_/X
 _19185_/X
 _19186_/X
 _19187_/X
 _19188_/X
 _19189_/X
 _19190_/X
 _19191_/X
 _19192_/X
 _19193_/X
 _19194_/X
 _19195_/X
 _19196_/X
 _19197_/X
 _19198_/X
 _19199_/X
 _19200_/X
 _19201_/X
 _19202_/X
 _19203_/X
 _19204_/X
 _19205_/X
 _19206_/X
 _19207_/X
 _19208_/X
 _19209_/X
 _19210_/X
 _19211_/X
 _19212_/X
 _19213_/X
 _19214_/X
 _19215_/X
 _19216_/X
 _19217_/X
 _19218_/X
 _19219_/X
 _19220_/X
 _19221_/X
 _19222_/X
 _19223_/X
 _19224_/X
 _19225_/X
 _19226_/X
 _19227_/X
 _19228_/X
 _19229_/X
 _19230_/X
 _19231_/X
 _19232_/X
 _19233_/X
 _19234_/X
 _19235_/X
 _19236_/X
 _19237_/X
 _19238_/X
 _19239_/X
 _19240_/X
 _19241_/X
 _19242_/X
 _19243_/X
 _19244_/X
 _19245_/X
 _19246_/X
 _19247_/X
 _19248_/X
 _19249_/X
 _19250_/X
 _19251_/X
 _19252_/X
 _19253_/X
 _19254_/X
 _19255_/X
 _19256_/X
 _19257_/X
 _19258_/X
 _19259_/X
 _19260_/X
 _19261_/X
 _19262_/X
 _19263_/X
 _19264_/X
 _19265_/X
 _19266_/X
 _19267_/X
 _19268_/X
 _19269_/X
 _19270_/X
 _19271_/X
 _19272_/X
 _19273_/X
 _19274_/X
 _19275_/X
 _19276_/X
 _19277_/X
 _19278_/X
 _19279_/X
 _19280_/X
 _19281_/X
 _19282_/Y
 _19283_/X
 _19284_/X
 _19285_/X
 _19286_/X
 _19287_/X
 _19288_/X
 _19289_/X
 _19290_/X
 _19291_/X
 _19292_/X
 _19293_/X
 _19294_/X
 _19295_/X
 _19296_/X
 _19297_/X
 _19298_/X
 _19299_/X
 _19300_/X
 _19301_/X
 _19302_/X
 _19303_/X
 _19304_/X
 _19305_/X
 _19306_/X
 _19307_/X
 _19308_/X
 _19309_/X
 _19310_/X
 _19311_/X
 _19312_/X
 _19313_/X
 _19314_/X
 _19315_/X
 _19316_/X
 _19317_/X
 _19318_/X
 _19319_/X
 _19320_/X
 _19321_/X
 _19322_/X
 _19323_/X
 _19324_/X
 _19325_/X
 _19326_/X
 _19327_/X
 _19328_/X
 _19329_/X
 _19330_/X
 _19331_/X
 _19332_/X
 _19333_/X
 _19334_/X
 _19335_/X
 _19336_/X
 _19337_/X
 _19338_/X
 _19339_/X
 _19340_/X
 _19341_/X
 _19342_/X
 _19343_/X
 _19344_/X
 _19345_/Y
 _19346_/X
 _19347_/Y
 _19348_/X
 _19349_/X
 _19350_/Y
 _19351_/Y
 _19352_/X
 _19353_/Y
 _19354_/X
 _19355_/Y
 _19356_/X
 _19357_/Y
 _19358_/X
 _19359_/X
 _19360_/X
 _19361_/X
 _19362_/X
 _19363_/X
 _19364_/X
 _19365_/X
 _19366_/X
 _19367_/X
 _19368_/X
 _19369_/X
 _19370_/X
 _19371_/X
 _19372_/X
 _19373_/X
 _19374_/X
 _19375_/X
 _19376_/X
 _19377_/X
 _19378_/X
 _19379_/X
 _19380_/X
 _19381_/X
 _19382_/X
 _19383_/X
 _19384_/X
 _19385_/X
 _19386_/X
 _19387_/X
 _19388_/X
 _19389_/X
 _19390_/X
 _19391_/X
 _19392_/X
 _19393_/X
 _19394_/X
 _19395_/X
 _19396_/X
 _19397_/X
 _19398_/X
 _19399_/X
 _19400_/X
 _19401_/X
 _19402_/X
 _19403_/X
 _19404_/X
 _19405_/X
 _19406_/X
 _19407_/X
 _19408_/X
 _19409_/X
 _19410_/X
 _19411_/X
 _19412_/X
 _19413_/X
 _19414_/X
 _19415_/X
 _19416_/X
 _19417_/X
 _19418_/X
 _19419_/X
 _19420_/X
 _19421_/X
 _19422_/X
 _19423_/X
 _19424_/X
 _19425_/X
 _19426_/X
 _19427_/X
 _19428_/X
 _19429_/X
 _19430_/X
 _19431_/X
 _19432_/X
 _19433_/X
 _19434_/X
 _19435_/X
 _19436_/X
 _19437_/X
 _19438_/X
 _19439_/X
 _19440_/X
 _19441_/X
 _19442_/X
 _19443_/X
 _19444_/X
 _19445_/X
 _19446_/X
 _19447_/X
 _19448_/X
 _19449_/X
 _19450_/X
 _19451_/X
 _19452_/X
 _19453_/X
 _19454_/X
 _19455_/X
 _19456_/X
 _19457_/X
 _19458_/X
 _19459_/X
 _19460_/X
 _19461_/X
 _19462_/X
 _19463_/X
 _19464_/X
 _19465_/X
 _19466_/X
 _19467_/X
 _19468_/X
 _19469_/X
 _19470_/X
 _19471_/X
 _19472_/X
 _19473_/X
 _19474_/X
 _19475_/X
 _19476_/X
 _19477_/X
 _19478_/X
 _19479_/X
 _19480_/X
 _19481_/X
 _19482_/X
 _19483_/X
 _19484_/X
 _19485_/X
 _19486_/X
 _19487_/X
 _19488_/X
 _19489_/X
 _19490_/X
 _19491_/X
 _19492_/X
 _19493_/X
 _19494_/X
 _19495_/X
 _19496_/X
 _19497_/X
 _19498_/X
 _19499_/X
 _19500_/X
 _19501_/X
 _19502_/X
 _19503_/X
 _19504_/X
 _19505_/X
 _19506_/X
 _19507_/X
 _19508_/X
 _19509_/X
 _19510_/X
 _19511_/X
 _19512_/X
 _19513_/X
 _19514_/X
 _19515_/X
 _19516_/X
 _19517_/X
 _19518_/Y
 _19519_/X
 _19520_/Y
 _19521_/X
 _19522_/X
 _19523_/Y
 _19524_/Y
 _19525_/X
 _19526_/Y
 _19527_/X
 _19528_/Y
 _19529_/X
 _19530_/Y
 _19531_/X
 _19532_/X
 _19533_/X
 _19534_/X
 _19535_/X
 _19536_/X
 _19537_/X
 _19538_/X
 _19539_/X
 _19540_/X
 _19541_/X
 _19542_/X
 _19543_/X
 _19544_/X
 _19545_/X
 _19546_/X
 _19547_/X
 _19548_/X
 _19549_/X
 _19550_/X
 _19551_/X
 _19552_/X
 _19553_/X
 _19554_/X
 _19555_/X
 _19556_/X
 _19557_/X
 _19558_/X
 _19559_/X
 _19560_/X
 _19561_/X
 _19562_/X
 _19563_/X
 _19564_/X
 _19565_/X
 _19566_/X
 _19567_/X
 _19568_/X
 _19569_/X
 _19570_/X
 _19571_/X
 _19572_/X
 _19573_/X
 _19574_/X
 _19575_/X
 _19576_/X
 _19577_/X
 _19578_/X
 _19579_/X
 _19580_/X
 _19581_/X
 _19582_/X
 _19583_/X
 _19584_/X
 _19585_/X
 _19586_/X
 _19587_/X
 _19588_/X
 _19589_/X
 _19590_/X
 _19591_/X
 _19592_/X
 _19593_/X
 _19594_/X
 _19595_/X
 _19596_/X
 _19597_/X
 _19598_/X
 _19599_/X
 _19600_/X
 _19601_/X
 _19602_/X
 _19603_/X
 _19604_/X
 _19605_/X
 _19606_/X
 _19607_/X
 _19608_/X
 _19609_/X
 _19610_/X
 _19611_/X
 _19612_/X
 _19613_/X
 _19614_/X
 _19615_/X
 _19616_/X
 _19617_/X
 _19618_/X
 _19619_/X
 _19620_/X
 _19621_/X
 _19622_/X
 _19623_/X
 _19624_/X
 _19625_/X
 _19626_/X
 _19627_/X
 _19628_/X
 _19629_/X
 _19630_/X
 _19631_/X
 _19632_/X
 _19633_/X
 _19634_/X
 _19635_/X
 _19636_/X
 _19637_/X
 _19638_/X
 _19639_/X
 _19640_/X
 _19641_/X
 _19642_/X
 _19643_/X
 _19644_/X
 _19645_/X
 _19646_/X
 _19647_/X
 _19648_/X
 _19649_/X
 _19650_/X
 _19651_/X
 _19652_/X
 _19653_/X
 _19654_/X
 _19655_/X
 _19656_/X
 _19657_/X
 _19658_/X
 _19659_/X
 _19660_/X
 _19661_/X
 _19662_/X
 _19663_/X
 _19664_/X
 _19665_/X
 _19666_/X
 _19667_/X
 _19668_/X
 _19669_/X
 _19670_/X
 _19671_/X
 _19672_/X
 _19673_/X
 _19674_/X
 _19675_/X
 _19676_/X
 _19677_/X
 _19678_/X
 _19679_/X
 _19680_/X
 _19681_/X
 _19682_/X
 _19683_/X
 _19684_/X
 _19685_/X
 _19686_/X
 _19687_/X
 _19688_/X
 _19689_/X
 _19690_/X
 _19691_/Y
 _19692_/X
 _19693_/Y
 _19694_/X
 _19695_/X
 _19696_/Y
 _19697_/Y
 _19698_/X
 _19699_/Y
 _19700_/X
 _19701_/Y
 _19702_/X
 _19703_/Y
 _19704_/X
 _19705_/X
 _19706_/X
 _19707_/X
 _19708_/X
 _19709_/X
 _19710_/X
 _19711_/X
 _19712_/X
 _19713_/X
 _19714_/X
 _19715_/X
 _19716_/X
 _19717_/X
 _19718_/X
 _19719_/X
 _19720_/X
 _19721_/X
 _19722_/X
 _19723_/X
 _19724_/X
 _19725_/X
 _19726_/X
 _19727_/X
 _19728_/X
 _19729_/X
 _19730_/X
 _19731_/X
 _19732_/X
 _19733_/X
 _19734_/X
 _19735_/X
 _19736_/X
 _19737_/X
 _19738_/X
 _19739_/X
 _19740_/X
 _19741_/X
 _19742_/X
 _19743_/X
 _19744_/X
 _19745_/X
 _19746_/X
 _19747_/X
 _19748_/X
 _19749_/X
 _19750_/X
 _19751_/X
 _19752_/X
 _19753_/X
 _19754_/X
 _19755_/X
 _19756_/X
 _19757_/X
 _19758_/X
 _19759_/X
 _19760_/X
 _19761_/X
 _19762_/X
 _19763_/X
 _19764_/X
 _19765_/X
 _19766_/X
 _19767_/X
 _19768_/X
 _19769_/X
 _19770_/X
 _19771_/X
 _19772_/X
 _19773_/X
 _19774_/X
 _19775_/X
 _19776_/X
 _19777_/X
 _19778_/X
 _19779_/X
 _19780_/X
 _19781_/X
 _19782_/X
 _19783_/X
 _19784_/X
 _19785_/X
 _19786_/X
 _19787_/X
 _19788_/X
 _19789_/X
 _19790_/X
 _19791_/X
 _19792_/X
 _19793_/X
 _19794_/X
 _19795_/X
 _19796_/X
 _19797_/X
 _19798_/X
 _19799_/X
 _19800_/X
 _19801_/X
 _19802_/X
 _19803_/X
 _19804_/X
 _19805_/X
 _19806_/X
 _19807_/X
 _19808_/X
 _19809_/X
 _19810_/X
 _19811_/X
 _19812_/X
 _19813_/X
 _19814_/X
 _19815_/X
 _19816_/X
 _19817_/X
 _19818_/X
 _19819_/X
 _19820_/X
 _19821_/X
 _19822_/X
 _19823_/X
 _19824_/X
 _19825_/X
 _19826_/X
 _19827_/X
 _19828_/X
 _19829_/X
 _19830_/X
 _19831_/X
 _19832_/X
 _19833_/X
 _19834_/X
 _19835_/X
 _19836_/X
 _19837_/X
 _19838_/X
 _19839_/X
 _19840_/X
 _19841_/X
 _19842_/X
 _19843_/X
 _19844_/X
 _19845_/X
 _19846_/X
 _19847_/X
 _19848_/X
 _19849_/X
 _19850_/X
 _19851_/X
 _19852_/X
 _19853_/X
 _19854_/X
 _19855_/X
 _19856_/X
 _19857_/X
 _19858_/X
 _19859_/X
 _19860_/X
 _19861_/X
 _19862_/X
 _19863_/X
 _19864_/Y
 _19865_/X
 _19866_/Y
 _19867_/X
 _19868_/X
 _19869_/Y
 _19870_/Y
 _19871_/X
 _19872_/Y
 _19873_/X
 _19874_/Y
 _19875_/X
 _19876_/Y
 _19877_/X
 _19878_/X
 _19879_/X
 _19880_/X
 _19881_/X
 _19882_/X
 _19883_/X
 _19884_/X
 _19885_/X
 _19886_/X
 _19887_/X
 _19888_/X
 _19889_/X
 _19890_/X
 _19891_/X
 _19892_/X
 _19893_/X
 _19894_/X
 _19895_/X
 _19896_/X
 _19897_/X
 _19898_/X
 _19899_/X
 _19900_/X
 _19901_/X
 _19902_/X
 _19903_/X
 _19904_/X
 _19905_/X
 _19906_/X
 _19907_/X
 _19908_/X
 _19909_/X
 _19910_/X
 _19911_/X
 _19912_/X
 _19913_/X
 _19914_/X
 _19915_/X
 _19916_/X
 _19917_/X
 _19918_/X
 _19919_/X
 _19920_/X
 _19921_/X
 _19922_/X
 _19923_/X
 _19924_/X
 _19925_/X
 _19926_/X
 _19927_/X
 _19928_/X
 _19929_/X
 _19930_/X
 _19931_/X
 _19932_/X
 _19933_/X
 _19934_/X
 _19935_/X
 _19936_/X
 _19937_/X
 _19938_/X
 _19939_/X
 _19940_/X
 _19941_/X
 _19942_/X
 _19943_/X
 _19944_/X
 _19945_/X
 _19946_/X
 _19947_/X
 _19948_/X
 _19949_/X
 _19950_/X
 _19951_/X
 _19952_/X
 _19953_/X
 _19954_/X
 _19955_/X
 _19956_/X
 _19957_/X
 _19958_/X
 _19959_/X
 _19960_/X
 _19961_/X
 _19962_/X
 _19963_/X
 _19964_/X
 _19965_/X
 _19966_/X
 _19967_/X
 _19968_/X
 _19969_/X
 _19970_/X
 _19971_/X
 _19972_/X
 _19973_/X
 _19974_/X
 _19975_/X
 _19976_/X
 _19977_/X
 _19978_/X
 _19979_/X
 _19980_/X
 _19981_/X
 _19982_/X
 _19983_/X
 _19984_/X
 _19985_/X
 _19986_/X
 _19987_/X
 _19988_/X
 _19989_/X
 _19990_/X
 _19991_/X
 _19992_/X
 _19993_/X
 _19994_/X
 _19995_/X
 _19996_/X
 _19997_/X
 _19998_/X
 _19999_/X
 _20000_/X
 _20001_/X
 _20002_/X
 _20003_/X
 _20004_/X
 _20005_/X
 _20006_/X
 _20007_/X
 _20008_/X
 _20009_/X
 _20010_/X
 _20011_/X
 _20012_/X
 _20013_/X
 _20014_/X
 _20015_/X
 _20016_/X
 _20017_/X
 _20018_/X
 _20019_/X
 _20020_/X
 _20021_/X
 _20022_/X
 _20023_/X
 _20024_/X
 _20025_/X
 _20026_/X
 _20027_/X
 _20028_/X
 _20029_/X
 _20030_/X
 _20031_/X
 _20032_/X
 _20033_/X
 _20034_/X
 _20035_/X
 _20036_/X
 _20037_/Y
 _20038_/X
 _20039_/Y
 _20040_/X
 _20041_/X
 _20042_/Y
 _20043_/Y
 _20044_/X
 _20045_/Y
 _20046_/X
 _20047_/Y
 _20048_/X
 _20049_/Y
 _20050_/X
 _20051_/X
 _20052_/X
 _20053_/X
 _20054_/X
 _20055_/X
 _20056_/X
 _20057_/X
 _20058_/X
 _20059_/X
 _20060_/X
 _20061_/X
 _20062_/X
 _20063_/X
 _20064_/X
 _20065_/X
 _20066_/X
 _20067_/X
 _20068_/X
 _20069_/X
 _20070_/X
 _20071_/X
 _20072_/X
 _20073_/X
 _20074_/X
 _20075_/X
 _20076_/X
 _20077_/X
 _20078_/X
 _20079_/X
 _20080_/X
 _20081_/X
 _20082_/X
 _20083_/X
 _20084_/X
 _20085_/X
 _20086_/X
 _20087_/X
 _20088_/X
 _20089_/X
 _20090_/X
 _20091_/X
 _20092_/X
 _20093_/X
 _20094_/X
 _20095_/X
 _20096_/X
 _20097_/X
 _20098_/X
 _20099_/X
 _20100_/X
 _20101_/X
 _20102_/X
 _20103_/X
 _20104_/X
 _20105_/X
 _20106_/X
 _20107_/X
 _20108_/X
 _20109_/X
 _20110_/X
 _20111_/X
 _20112_/X
 _20113_/X
 _20114_/X
 _20115_/X
 _20116_/X
 _20117_/X
 _20118_/X
 _20119_/X
 _20120_/X
 _20121_/X
 _20122_/X
 _20123_/X
 _20124_/X
 _20125_/X
 _20126_/X
 _20127_/X
 _20128_/X
 _20129_/X
 _20130_/X
 _20131_/X
 _20132_/X
 _20133_/X
 _20134_/X
 _20135_/X
 _20136_/X
 _20137_/X
 _20138_/X
 _20139_/X
 _20140_/X
 _20141_/X
 _20142_/X
 _20143_/X
 _20144_/X
 _20145_/X
 _20146_/X
 _20147_/X
 _20148_/X
 _20149_/X
 _20150_/X
 _20151_/X
 _20152_/X
 _20153_/Y
 _20154_/Y
 _20155_/X
 _20156_/Y
 _20157_/X
 _20158_/Y
 _20159_/X
 _20160_/X
 _20161_/X
 _20162_/X
 _20163_/X
 _20164_/X
 _20165_/X
 _20166_/X
 _20167_/X
 _20168_/X
 _20169_/X
 _20170_/X
 _20171_/X
 _20172_/X
 _20173_/X
 _20174_/X
 _20175_/X
 _20176_/X
 _20177_/X
 _20178_/X
 _20179_/X
 _20180_/X
 _20181_/X
 _20182_/X
 _20183_/X
 _20184_/X
 _20185_/X
 _20186_/X
 _20187_/X
 _20188_/X
 _20189_/X
 _20190_/X
 _20191_/X
 _20192_/X
 _20193_/X
 _20194_/X
 _20195_/X
 _20196_/X
 _20197_/X
 _20198_/X
 _20199_/X
 _20200_/X
 _20201_/X
 _20202_/X
 _20203_/X
 _20204_/X
 _20205_/X
 _20206_/X
 _20207_/X
 _20208_/X
 _20209_/X
 _20210_/X
 _20211_/X
 _20212_/X
 _20213_/Y
 _20214_/X
 _20215_/Y
 _20216_/X
 _20217_/X
 _20218_/Y
 _20219_/Y
 _20220_/X
 _20221_/Y
 _20222_/X
 _20223_/Y
 _20224_/X
 _20225_/Y
 _20226_/X
 _20227_/X
 _20228_/X
 _20229_/X
 _20230_/X
 _20231_/X
 _20232_/X
 _20233_/X
 _20234_/X
 _20235_/X
 _20236_/X
 _20237_/X
 _20238_/X
 _20239_/X
 _20240_/X
 _20241_/X
 _20242_/X
 _20243_/X
 _20244_/X
 _20245_/X
 _20246_/X
 _20247_/X
 _20248_/X
 _20249_/X
 _20250_/X
 _20251_/X
 _20252_/X
 _20253_/X
 _20254_/X
 _20255_/X
 _20256_/X
 _20257_/X
 _20258_/X
 _20259_/X
 _20260_/X
 _20261_/X
 _20262_/X
 _20263_/X
 _20264_/X
 _20265_/X
 _20266_/X
 _20267_/X
 _20268_/X
 _20269_/X
 _20270_/X
 _20271_/X
 _20272_/X
 _20273_/X
 _20274_/X
 _20275_/X
 _20276_/X
 _20277_/X
 _20278_/X
 _20279_/X
 _20280_/X
 _20281_/X
 _20282_/X
 _20283_/X
 _20284_/X
 _20285_/X
 _20286_/X
 _20287_/X
 _20288_/X
 _20289_/X
 _20290_/X
 _20291_/X
 _20292_/X
 _20293_/X
 _20294_/X
 _20295_/X
 _20296_/X
 _20297_/X
 _20298_/X
 _20299_/X
 _20300_/X
 _20301_/X
 _20302_/X
 _20303_/X
 _20304_/X
 _20305_/X
 _20306_/X
 _20307_/X
 _20308_/X
 _20309_/X
 _20310_/X
 _20311_/X
 _20312_/X
 _20313_/X
 _20314_/X
 _20315_/X
 _20316_/X
 _20317_/X
 _20318_/X
 _20319_/X
 _20320_/X
 _20321_/X
 _20322_/X
 _20323_/X
 _20324_/X
 _20325_/X
 _20326_/X
 _20327_/X
 _20328_/Y
 _20329_/Y
 _20330_/X
 _20331_/Y
 _20332_/X
 _20333_/Y
 _20334_/X
 _20335_/X
 _20336_/X
 _20337_/X
 _20338_/X
 _20339_/X
 _20340_/X
 _20341_/X
 _20342_/X
 _20343_/X
 _20344_/X
 _20345_/X
 _20346_/X
 _20347_/X
 _20348_/X
 _20349_/X
 _20350_/X
 _20351_/X
 _20352_/X
 _20353_/X
 _20354_/X
 _20355_/X
 _20356_/X
 _20357_/X
 _20358_/X
 _20359_/X
 _20360_/X
 _20361_/X
 _20362_/X
 _20363_/X
 _20364_/X
 _20365_/X
 _20366_/X
 _20367_/X
 _20368_/X
 _20369_/X
 _20370_/X
 _20371_/X
 _20372_/X
 _20373_/X
 _20374_/X
 _20375_/X
 _20376_/X
 _20377_/X
 _20378_/X
 _20379_/X
 _20380_/X
 _20381_/X
 _20382_/X
 _20383_/X
 _20384_/X
 _20385_/X
 _20386_/X
 _20387_/X
 _20388_/Y
 _20389_/X
 _20390_/Y
 _20391_/X
 _20392_/X
 _20393_/Y
 _20394_/Y
 _20395_/X
 _20396_/Y
 _20397_/X
 _20398_/Y
 _20399_/X
 _20400_/Y
 _20401_/X
 _20402_/X
 _20403_/X
 _20404_/X
 _20405_/X
 _20406_/X
 _20407_/X
 _20408_/X
 _20409_/X
 _20410_/X
 _20411_/X
 _20412_/X
 _20413_/X
 _20414_/X
 _20415_/X
 _20416_/X
 _20417_/X
 _20418_/X
 _20419_/X
 _20420_/X
 _20421_/X
 _20422_/X
 _20423_/X
 _20424_/X
 _20425_/X
 _20426_/X
 _20427_/X
 _20428_/X
 _20429_/X
 _20430_/X
 _20431_/X
 _20432_/X
 _20433_/X
 _20434_/X
 _20435_/X
 _20436_/X
 _20437_/X
 _20438_/X
 _20439_/X
 _20440_/X
 _20441_/X
 _20442_/X
 _20443_/X
 _20444_/X
 _20445_/X
 _20446_/X
 _20447_/X
 _20448_/X
 _20449_/X
 _20450_/X
 _20451_/X
 _20452_/X
 _20453_/X
 _20454_/X
 _20455_/X
 _20456_/X
 _20457_/X
 _20458_/X
 _20459_/X
 _20460_/X
 _20461_/X
 _20462_/X
 _20463_/X
 _20464_/X
 _20465_/X
 _20466_/X
 _20467_/X
 _20468_/X
 _20469_/X
 _20470_/X
 _20471_/X
 _20472_/X
 _20473_/X
 _20474_/X
 _20475_/X
 _20476_/X
 _20477_/X
 _20478_/X
 _20479_/X
 _20480_/X
 _20481_/X
 _20482_/X
 _20483_/X
 _20484_/X
 _20485_/X
 _20486_/X
 _20487_/X
 _20488_/X
 _20489_/X
 _20490_/X
 _20491_/X
 _20492_/X
 _20493_/X
 _20494_/X
 _20495_/X
 _20496_/X
 _20497_/X
 _20498_/X
 _20499_/X
 _20500_/X
 _20501_/X
 _20502_/X
 _20503_/Y
 _20504_/Y
 _20505_/X
 _20506_/Y
 _20507_/X
 _20508_/Y
 _20509_/X
 _20510_/X
 _20511_/X
 _20512_/X
 _20513_/X
 _20514_/X
 _20515_/X
 _20516_/X
 _20517_/X
 _20518_/X
 _20519_/X
 _20520_/X
 _20521_/X
 _20522_/X
 _20523_/X
 _20524_/X
 _20525_/X
 _20526_/X
 _20527_/X
 _20528_/X
 _20529_/X
 _20530_/X
 _20531_/X
 _20532_/X
 _20533_/X
 _20534_/X
 _20535_/X
 _20536_/X
 _20537_/X
 _20538_/X
 _20539_/X
 _20540_/X
 _20541_/X
 _20542_/X
 _20543_/X
 _20544_/X
 _20545_/X
 _20546_/X
 _20547_/X
 _20548_/X
 _20549_/X
 _20550_/X
 _20551_/X
 _20552_/X
 _20553_/X
 _20554_/X
 _20555_/X
 _20556_/X
 _20557_/X
 _20558_/X
 _20559_/X
 _20560_/X
 _20561_/X
 _20562_/X
 _20563_/Y
 _20564_/X
 _20565_/Y
 _20566_/X
 _20567_/X
 _20568_/Y
 _20569_/Y
 _20570_/X
 _20571_/Y
 _20572_/X
 _20573_/Y
 _20574_/X
 _20575_/Y
 _20576_/X
 _20577_/X
 _20578_/X
 _20579_/X
 _20580_/X
 _20581_/X
 _20582_/X
 _20583_/X
 _20584_/X
 _20585_/X
 _20586_/X
 _20587_/X
 _20588_/X
 _20589_/X
 _20590_/X
 _20591_/X
 _20592_/X
 _20593_/X
 _20594_/X
 _20595_/X
 _20596_/X
 _20597_/X
 _20598_/X
 _20599_/X
 _20600_/X
 _20601_/X
 _20602_/X
 _20603_/X
 _20604_/X
 _20605_/X
 _20606_/X
 _20607_/X
 _20608_/X
 _20609_/X
 _20610_/X
 _20611_/X
 _20612_/X
 _20613_/X
 _20614_/X
 _20615_/X
 _20616_/X
 _20617_/X
 _20618_/X
 _20619_/X
 _20620_/X
 _20621_/X
 _20622_/X
 _20623_/X
 _20624_/X
 _20625_/X
 _20626_/X
 _20627_/X
 _20628_/X
 _20629_/X
 _20630_/X
 _20631_/X
 _20632_/X
 _20633_/X
 _20634_/X
 _20635_/X
 _20636_/X
 _20637_/X
 _20638_/X
 _20639_/X
 _20640_/X
 _20641_/X
 _20642_/X
 _20643_/X
 _20644_/X
 _20645_/X
 _20646_/X
 _20647_/X
 _20648_/X
 _20649_/X
 _20650_/X
 _20651_/X
 _20652_/X
 _20653_/X
 _20654_/X
 _20655_/X
 _20656_/X
 _20657_/X
 _20658_/X
 _20659_/X
 _20660_/X
 _20661_/X
 _20662_/X
 _20663_/X
 _20664_/X
 _20665_/X
 _20666_/X
 _20667_/X
 _20668_/X
 _20669_/X
 _20670_/X
 _20671_/X
 _20672_/X
 _20673_/X
 _20674_/X
 _20675_/X
 _20676_/X
 _20677_/X
 _20678_/X
 _20679_/X
 _20680_/X
 _20681_/X
 _20682_/X
 _20683_/X
 _20684_/X
 _20685_/X
 _20686_/X
 _20687_/X
 _20688_/X
 _20689_/X
 _20690_/X
 _20691_/X
 _20692_/X
 _20693_/X
 _20694_/X
 _20695_/X
 _20696_/X
 _20697_/X
 _20698_/X
 _20699_/X
 _20700_/X
 _20701_/X
 _20702_/X
 _20703_/X
 _20704_/X
 _20705_/X
 _20706_/X
 _20707_/X
 _20708_/X
 _20709_/X
 _20710_/X
 _20711_/X
 _20712_/X
 _20713_/X
 _20714_/X
 _20715_/X
 _20716_/X
 _20717_/X
 _20718_/X
 _20719_/X
 _20720_/X
 _20721_/X
 _20722_/X
 _20723_/X
 _20724_/X
 _20725_/X
 _20726_/X
 _20727_/X
 _20728_/X
 _20729_/X
 _20730_/X
 _20731_/X
 _20732_/X
 _20733_/X
 _20734_/X
 _20735_/Y
 _20736_/X
 _20737_/Y
 _20738_/X
 _20739_/X
 _20740_/Y
 _20741_/Y
 _20742_/X
 _20743_/Y
 _20744_/X
 _20745_/Y
 _20746_/X
 _20747_/Y
 _20748_/X
 _20749_/X
 _20750_/X
 _20751_/X
 _20752_/X
 _20753_/X
 _20754_/X
 _20755_/X
 _20756_/X
 _20757_/X
 _20758_/X
 _20759_/X
 _20760_/X
 _20761_/X
 _20762_/X
 _20763_/X
 _20764_/X
 _20765_/X
 _20766_/X
 _20767_/X
 _20768_/X
 _20769_/X
 _20770_/X
 _20771_/X
 _20772_/X
 _20773_/X
 _20774_/X
 _20775_/X
 _20776_/X
 _20777_/X
 _20778_/X
 _20779_/X
 _20780_/X
 _20781_/X
 _20782_/X
 _20783_/X
 _20784_/X
 _20785_/X
 _20786_/X
 _20787_/X
 _20788_/X
 _20789_/X
 _20790_/X
 _20791_/X
 _20792_/X
 _20793_/X
 _20794_/X
 _20795_/X
 _20796_/X
 _20797_/X
 _20798_/X
 _20799_/X
 _20800_/X
 _20801_/X
 _20802_/X
 _20803_/X
 _20804_/X
 _20805_/X
 _20806_/X
 _20807_/X
 _20808_/X
 _20809_/X
 _20810_/X
 _20811_/X
 _20812_/X
 _20813_/X
 _20814_/X
 _20815_/X
 _20816_/X
 _20817_/X
 _20818_/X
 _20819_/X
 _20820_/X
 _20821_/X
 _20822_/X
 _20823_/X
 _20824_/X
 _20825_/X
 _20826_/X
 _20827_/X
 _20828_/X
 _20829_/X
 _20830_/X
 _20831_/X
 _20832_/X
 _20833_/X
 _20834_/X
 _20835_/X
 _20836_/X
 _20837_/X
 _20838_/X
 _20839_/X
 _20840_/X
 _20841_/X
 _20842_/X
 _20843_/X
 _20844_/X
 _20845_/X
 _20846_/X
 _20847_/X
 _20848_/X
 _20849_/X
 _20850_/X
 _20851_/Y
 _20852_/Y
 _20853_/X
 _20854_/Y
 _20855_/X
 _20856_/Y
 _20857_/X
 _20858_/X
 _20859_/X
 _20860_/X
 _20861_/X
 _20862_/X
 _20863_/X
 _20864_/X
 _20865_/X
 _20866_/X
 _20867_/X
 _20868_/X
 _20869_/X
 _20870_/X
 _20871_/X
 _20872_/X
 _20873_/X
 _20874_/X
 _20875_/X
 _20876_/X
 _20877_/X
 _20878_/X
 _20879_/X
 _20880_/X
 _20881_/X
 _20882_/X
 _20883_/X
 _20884_/X
 _20885_/X
 _20886_/X
 _20887_/X
 _20888_/X
 _20889_/X
 _20890_/X
 _20891_/X
 _20892_/X
 _20893_/X
 _20894_/X
 _20895_/X
 _20896_/X
 _20897_/X
 _20898_/X
 _20899_/X
 _20900_/X
 _20901_/X
 _20902_/X
 _20903_/X
 _20904_/X
 _20905_/X
 _20906_/X
 _20907_/X
 _20908_/X
 _20909_/X
 _20910_/X
 _20911_/Y
 _20912_/X
 _20913_/Y
 _20914_/X
 _20915_/X
 _20916_/Y
 _20917_/Y
 _20918_/X
 _20919_/Y
 _20920_/X
 _20921_/Y
 _20922_/X
 _20923_/Y
 _20924_/X
 _20925_/X
 _20926_/X
 _20927_/X
 _20928_/X
 _20929_/X
 _20930_/X
 _20931_/X
 _20932_/X
 _20933_/X
 _20934_/X
 _20935_/X
 _20936_/X
 _20937_/X
 _20938_/X
 _20939_/X
 _20940_/X
 _20941_/X
 _20942_/X
 _20943_/X
 _20944_/X
 _20945_/X
 _20946_/X
 _20947_/X
 _20948_/X
 _20949_/X
 _20950_/X
 _20951_/X
 _20952_/X
 _20953_/X
 _20954_/X
 _20955_/X
 _20956_/X
 _20957_/X
 _20958_/X
 _20959_/X
 _20960_/X
 _20961_/X
 _20962_/X
 _20963_/X
 _20964_/X
 _20965_/X
 _20966_/X
 _20967_/X
 _20968_/X
 _20969_/X
 _20970_/X
 _20971_/X
 _20972_/X
 _20973_/X
 _20974_/X
 _20975_/X
 _20976_/X
 _20977_/X
 _20978_/X
 _20979_/X
 _20980_/X
 _20981_/X
 _20982_/X
 _20983_/X
 _20984_/X
 _20985_/X
 _20986_/X
 _20987_/X
 _20988_/X
 _20989_/X
 _20990_/X
 _20991_/X
 _20992_/X
 _20993_/X
 _20994_/X
 _20995_/X
 _20996_/X
 _20997_/X
 _20998_/X
 _20999_/X
 _21000_/X
 _21001_/X
 _21002_/X
 _21003_/X
 _21004_/X
 _21005_/X
 _21006_/X
 _21007_/X
 _21008_/X
 _21009_/X
 _21010_/X
 _21011_/X
 _21012_/X
 _21013_/X
 _21014_/X
 _21015_/X
 _21016_/X
 _21017_/X
 _21018_/X
 _21019_/X
 _21020_/X
 _21021_/X
 _21022_/X
 _21023_/X
 _21024_/X
 _21025_/X
 _21026_/Y
 _21027_/Y
 _21028_/X
 _21029_/Y
 _21030_/X
 _21031_/Y
 _21032_/X
 _21033_/X
 _21034_/X
 _21035_/X
 _21036_/X
 _21037_/X
 _21038_/X
 _21039_/X
 _21040_/X
 _21041_/X
 _21042_/X
 _21043_/X
 _21044_/X
 _21045_/X
 _21046_/X
 _21047_/X
 _21048_/X
 _21049_/X
 _21050_/X
 _21051_/X
 _21052_/X
 _21053_/X
 _21054_/X
 _21055_/X
 _21056_/X
 _21057_/X
 _21058_/X
 _21059_/X
 _21060_/X
 _21061_/X
 _21062_/X
 _21063_/X
 _21064_/X
 _21065_/X
 _21066_/X
 _21067_/X
 _21068_/X
 _21069_/X
 _21070_/X
 _21071_/X
 _21072_/X
 _21073_/X
 _21074_/X
 _21075_/X
 _21076_/X
 _21077_/X
 _21078_/X
 _21079_/X
 _21080_/X
 _21081_/X
 _21082_/X
 _21083_/X
 _21084_/X
 _21085_/X
 _21086_/Y
 _21087_/X
 _21088_/Y
 _21089_/X
 _21090_/X
 _21091_/Y
 _21092_/Y
 _21093_/X
 _21094_/Y
 _21095_/X
 _21096_/Y
 _21097_/X
 _21098_/Y
 _21099_/X
 _21100_/X
 _21101_/X
 _21102_/X
 _21103_/X
 _21104_/X
 _21105_/X
 _21106_/X
 _21107_/X
 _21108_/X
 _21109_/X
 _21110_/X
 _21111_/X
 _21112_/X
 _21113_/X
 _21114_/X
 _21115_/X
 _21116_/X
 _21117_/X
 _21118_/X
 _21119_/X
 _21120_/X
 _21121_/X
 _21122_/X
 _21123_/X
 _21124_/X
 _21125_/X
 _21126_/X
 _21127_/X
 _21128_/X
 _21129_/X
 _21130_/X
 _21131_/X
 _21132_/X
 _21133_/X
 _21134_/X
 _21135_/X
 _21136_/X
 _21137_/X
 _21138_/X
 _21139_/X
 _21140_/X
 _21141_/X
 _21142_/X
 _21143_/X
 _21144_/X
 _21145_/X
 _21146_/X
 _21147_/X
 _21148_/X
 _21149_/X
 _21150_/X
 _21151_/X
 _21152_/X
 _21153_/X
 _21154_/X
 _21155_/X
 _21156_/X
 _21157_/X
 _21158_/X
 _21159_/X
 _21160_/X
 _21161_/X
 _21162_/X
 _21163_/X
 _21164_/X
 _21165_/X
 _21166_/X
 _21167_/X
 _21168_/X
 _21169_/X
 _21170_/X
 _21171_/X
 _21172_/X
 _21173_/X
 _21174_/X
 _21175_/X
 _21176_/X
 _21177_/X
 _21178_/X
 _21179_/X
 _21180_/X
 _21181_/X
 _21182_/X
 _21183_/X
 _21184_/X
 _21185_/X
 _21186_/X
 _21187_/X
 _21188_/X
 _21189_/X
 _21190_/X
 _21191_/X
 _21192_/X
 _21193_/X
 _21194_/X
 _21195_/X
 _21196_/X
 _21197_/X
 _21198_/X
 _21199_/X
 _21200_/X
 _21201_/X
 _21202_/X
 _21203_/X
 _21204_/X
 _21205_/X
 _21206_/X
 _21207_/X
 _21208_/X
 _21209_/X
 _21210_/X
 _21211_/X
 _21212_/X
 _21213_/X
 _21214_/X
 _21215_/X
 _21216_/X
 _21217_/X
 _21218_/X
 _21219_/X
 _21220_/X
 _21221_/X
 _21222_/X
 _21223_/X
 _21224_/X
 _21225_/X
 _21226_/X
 _21227_/X
 _21228_/X
 _21229_/X
 _21230_/X
 _21231_/X
 _21232_/X
 _21233_/X
 _21234_/X
 _21235_/X
 _21236_/X
 _21237_/X
 _21238_/X
 _21239_/X
 _21240_/X
 _21241_/X
 _21242_/X
 _21243_/X
 _21244_/X
 _21245_/X
 _21246_/X
 _21247_/X
 _21248_/X
 _21249_/X
 _21250_/X
 _21251_/X
 _21252_/X
 _21253_/X
 _21254_/X
 _21255_/X
 _21256_/X
 _21257_/X
 _21258_/Y
 _21259_/X
 _21260_/Y
 _21261_/X
 _21262_/X
 _21263_/Y
 _21264_/Y
 _21265_/X
 _21266_/Y
 _21267_/X
 _21268_/Y
 _21269_/X
 _21270_/Y
 _21271_/X
 _21272_/X
 _21273_/X
 _21274_/X
 _21275_/X
 _21276_/X
 _21277_/X
 _21278_/X
 _21279_/X
 _21280_/X
 _21281_/X
 _21282_/X
 _21283_/X
 _21284_/X
 _21285_/X
 _21286_/X
 _21287_/X
 _21288_/X
 _21289_/X
 _21290_/X
 _21291_/X
 _21292_/X
 _21293_/X
 _21294_/X
 _21295_/X
 _21296_/X
 _21297_/X
 _21298_/X
 _21299_/X
 _21300_/X
 _21301_/X
 _21302_/X
 _21303_/X
 _21304_/X
 _21305_/X
 _21306_/X
 _21307_/X
 _21308_/X
 _21309_/X
 _21310_/X
 _21311_/X
 _21312_/X
 _21313_/X
 _21314_/X
 _21315_/X
 _21316_/X
 _21317_/X
 _21318_/X
 _21319_/X
 _21320_/X
 _21321_/X
 _21322_/X
 _21323_/X
 _21324_/X
 _21325_/X
 _21326_/X
 _21327_/X
 _21328_/X
 _21329_/X
 _21330_/X
 _21331_/X
 _21332_/X
 _21333_/X
 _21334_/X
 _21335_/X
 _21336_/X
 _21337_/X
 _21338_/X
 _21339_/X
 _21340_/X
 _21341_/X
 _21342_/X
 _21343_/X
 _21344_/X
 _21345_/X
 _21346_/X
 _21347_/X
 _21348_/X
 _21349_/X
 _21350_/X
 _21351_/X
 _21352_/X
 _21353_/X
 _21354_/X
 _21355_/X
 _21356_/X
 _21357_/X
 _21358_/X
 _21359_/X
 _21360_/X
 _21361_/X
 _21362_/X
 _21363_/X
 _21364_/X
 _21365_/X
 _21366_/X
 _21367_/X
 _21368_/X
 _21369_/X
 _21370_/X
 _21371_/X
 _21372_/X
 _21373_/X
 _21374_/Y
 _21375_/Y
 _21376_/X
 _21377_/Y
 _21378_/X
 _21379_/Y
 _21380_/X
 _21381_/X
 _21382_/X
 _21383_/X
 _21384_/X
 _21385_/X
 _21386_/X
 _21387_/X
 _21388_/X
 _21389_/X
 _21390_/X
 _21391_/X
 _21392_/X
 _21393_/X
 _21394_/X
 _21395_/X
 _21396_/X
 _21397_/X
 _21398_/X
 _21399_/X
 _21400_/X
 _21401_/X
 _21402_/X
 _21403_/X
 _21404_/X
 _21405_/X
 _21406_/X
 _21407_/X
 _21408_/X
 _21409_/X
 _21410_/X
 _21411_/X
 _21412_/X
 _21413_/X
 _21414_/X
 _21415_/X
 _21416_/X
 _21417_/X
 _21418_/X
 _21419_/X
 _21420_/X
 _21421_/X
 _21422_/X
 _21423_/X
 _21424_/X
 _21425_/X
 _21426_/X
 _21427_/X
 _21428_/X
 _21429_/X
 _21430_/X
 _21431_/X
 _21432_/X
 _21433_/X
 _21434_/Y
 _21435_/X
 _21436_/Y
 _21437_/X
 _21438_/X
 _21439_/Y
 _21440_/Y
 _21441_/X
 _21442_/Y
 _21443_/X
 _21444_/Y
 _21445_/X
 _21446_/Y
 _21447_/X
 _21448_/X
 _21449_/X
 _21450_/X
 _21451_/X
 _21452_/X
 _21453_/X
 _21454_/X
 _21455_/X
 _21456_/X
 _21457_/X
 _21458_/X
 _21459_/X
 _21460_/X
 _21461_/X
 _21462_/X
 _21463_/X
 _21464_/X
 _21465_/X
 _21466_/X
 _21467_/X
 _21468_/X
 _21469_/X
 _21470_/X
 _21471_/X
 _21472_/X
 _21473_/X
 _21474_/X
 _21475_/X
 _21476_/X
 _21477_/X
 _21478_/X
 _21479_/X
 _21480_/X
 _21481_/X
 _21482_/X
 _21483_/X
 _21484_/X
 _21485_/X
 _21486_/X
 _21487_/X
 _21488_/X
 _21489_/X
 _21490_/X
 _21491_/X
 _21492_/X
 _21493_/X
 _21494_/X
 _21495_/X
 _21496_/X
 _21497_/X
 _21498_/X
 _21499_/X
 _21500_/X
 _21501_/X
 _21502_/X
 _21503_/X
 _21504_/X
 _21505_/X
 _21506_/X
 _21507_/X
 _21508_/X
 _21509_/X
 _21510_/X
 _21511_/X
 _21512_/X
 _21513_/X
 _21514_/X
 _21515_/X
 _21516_/X
 _21517_/X
 _21518_/X
 _21519_/X
 _21520_/X
 _21521_/X
 _21522_/X
 _21523_/X
 _21524_/X
 _21525_/X
 _21526_/X
 _21527_/X
 _21528_/X
 _21529_/X
 _21530_/X
 _21531_/X
 _21532_/X
 _21533_/X
 _21534_/X
 _21535_/X
 _21536_/X
 _21537_/X
 _21538_/X
 _21539_/X
 _21540_/X
 _21541_/X
 _21542_/X
 _21543_/X
 _21544_/X
 _21545_/X
 _21546_/X
 _21547_/X
 _21548_/X
 _21549_/X
 _21550_/X
 _21551_/X
 _21552_/X
 _21553_/X
 _21554_/X
 _21555_/X
 _21556_/X
 _21557_/X
 _21558_/X
 _21559_/X
 _21560_/X
 _21561_/X
 _21562_/X
 _21563_/X
 _21564_/X
 _21565_/X
 _21566_/X
 _21567_/X
 _21568_/X
 _21569_/X
 _21570_/X
 _21571_/X
 _21572_/X
 _21573_/X
 _21574_/X
 _21575_/X
 _21576_/X
 _21577_/X
 _21578_/X
 _21579_/X
 _21580_/X
 _21581_/X
 _21582_/X
 _21583_/X
 _21584_/X
 _21585_/X
 _21586_/X
 _21587_/X
 _21588_/X
 _21589_/X
 _21590_/X
 _21591_/X
 _21592_/X
 _21593_/X
 _21594_/X
 _21595_/X
 _21596_/X
 _21597_/X
 _21598_/X
 _21599_/X
 _21600_/X
 _21601_/X
 _21602_/X
 _21603_/X
 _21604_/X
 _21605_/X
 _21606_/Y
 _21607_/X
 _21608_/Y
 _21609_/X
 _21610_/X
 _21611_/Y
 _21612_/Y
 _21613_/X
 _21614_/Y
 _21615_/X
 _21616_/Y
 _21617_/X
 _21618_/Y
 _21619_/X
 _21620_/X
 _21621_/X
 _21622_/X
 _21623_/X
 _21624_/X
 _21625_/X
 _21626_/X
 _21627_/X
 _21628_/X
 _21629_/X
 _21630_/X
 _21631_/X
 _21632_/X
 _21633_/X
 _21634_/X
 _21635_/X
 _21636_/X
 _21637_/X
 _21638_/X
 _21639_/X
 _21640_/X
 _21641_/X
 _21642_/X
 _21643_/X
 _21644_/X
 _21645_/X
 _21646_/X
 _21647_/X
 _21648_/X
 _21649_/X
 _21650_/X
 _21651_/X
 _21652_/X
 _21653_/X
 _21654_/X
 _21655_/X
 _21656_/X
 _21657_/X
 _21658_/X
 _21659_/X
 _21660_/X
 _21661_/X
 _21662_/X
 _21663_/X
 _21664_/X
 _21665_/X
 _21666_/X
 _21667_/X
 _21668_/X
 _21669_/X
 _21670_/X
 _21671_/X
 _21672_/X
 _21673_/X
 _21674_/X
 _21675_/X
 _21676_/X
 _21677_/X
 _21678_/X
 _21679_/X
 _21680_/X
 _21681_/X
 _21682_/X
 _21683_/X
 _21684_/X
 _21685_/X
 _21686_/X
 _21687_/X
 _21688_/X
 _21689_/X
 _21690_/X
 _21691_/X
 _21692_/X
 _21693_/X
 _21694_/X
 _21695_/X
 _21696_/X
 _21697_/X
 _21698_/X
 _21699_/X
 _21700_/X
 _21701_/X
 _21702_/X
 _21703_/X
 _21704_/X
 _21705_/X
 _21706_/X
 _21707_/X
 _21708_/X
 _21709_/X
 _21710_/X
 _21711_/X
 _21712_/X
 _21713_/X
 _21714_/X
 _21715_/X
 _21716_/X
 _21717_/X
 _21718_/X
 _21719_/X
 _21720_/X
 _21721_/X
 _21722_/Y
 _21723_/Y
 _21724_/X
 _21725_/Y
 _21726_/X
 _21727_/Y
 _21728_/X
 _21729_/X
 _21730_/X
 _21731_/X
 _21732_/X
 _21733_/X
 _21734_/X
 _21735_/X
 _21736_/X
 _21737_/X
 _21738_/X
 _21739_/X
 _21740_/X
 _21741_/X
 _21742_/X
 _21743_/X
 _21744_/X
 _21745_/X
 _21746_/X
 _21747_/X
 _21748_/X
 _21749_/X
 _21750_/X
 _21751_/X
 _21752_/X
 _21753_/X
 _21754_/X
 _21755_/X
 _21756_/X
 _21757_/X
 _21758_/X
 _21759_/X
 _21760_/X
 _21761_/X
 _21762_/X
 _21763_/X
 _21764_/X
 _21765_/X
 _21766_/X
 _21767_/X
 _21768_/X
 _21769_/X
 _21770_/X
 _21771_/X
 _21772_/X
 _21773_/X
 _21774_/X
 _21775_/X
 _21776_/X
 _21777_/X
 _21778_/X
 _21779_/X
 _21780_/X
 _21781_/X
 _21782_/Y
 _21783_/X
 _21784_/Y
 _21785_/X
 _21786_/X
 _21787_/Y
 _21788_/Y
 _21789_/X
 _21790_/Y
 _21791_/X
 _21792_/Y
 _21793_/X
 _21794_/Y
 _21795_/X
 _21796_/X
 _21797_/X
 _21798_/X
 _21799_/X
 _21800_/X
 _21801_/X
 _21802_/X
 _21803_/X
 _21804_/X
 _21805_/X
 _21806_/X
 _21807_/X
 _21808_/X
 _21809_/X
 _21810_/X
 _21811_/X
 _21812_/X
 _21813_/X
 _21814_/X
 _21815_/X
 _21816_/X
 _21817_/X
 _21818_/X
 _21819_/X
 _21820_/X
 _21821_/X
 _21822_/X
 _21823_/X
 _21824_/X
 _21825_/X
 _21826_/X
 _21827_/X
 _21828_/X
 _21829_/X
 _21830_/X
 _21831_/X
 _21832_/X
 _21833_/X
 _21834_/X
 _21835_/X
 _21836_/X
 _21837_/X
 _21838_/X
 _21839_/X
 _21840_/X
 _21841_/X
 _21842_/X
 _21843_/X
 _21844_/X
 _21845_/X
 _21846_/X
 _21847_/X
 _21848_/X
 _21849_/X
 _21850_/X
 _21851_/X
 _21852_/X
 _21853_/X
 _21854_/X
 _21855_/X
 _21856_/X
 _21857_/X
 _21858_/X
 _21859_/X
 _21860_/X
 _21861_/X
 _21862_/X
 _21863_/X
 _21864_/X
 _21865_/X
 _21866_/X
 _21867_/X
 _21868_/X
 _21869_/X
 _21870_/X
 _21871_/X
 _21872_/X
 _21873_/X
 _21874_/X
 _21875_/X
 _21876_/X
 _21877_/X
 _21878_/X
 _21879_/X
 _21880_/X
 _21881_/X
 _21882_/X
 _21883_/X
 _21884_/X
 _21885_/X
 _21886_/X
 _21887_/X
 _21888_/X
 _21889_/X
 _21890_/X
 _21891_/X
 _21892_/X
 _21893_/X
 _21894_/X
 _21895_/X
 _21896_/X
 _21897_/X
 _21898_/X
 _21899_/X
 _21900_/X
 _21901_/X
 _21902_/X
 _21903_/X
 _21904_/X
 _21905_/X
 _21906_/X
 _21907_/X
 _21908_/X
 _21909_/X
 _21910_/X
 _21911_/X
 _21912_/X
 _21913_/X
 _21914_/X
 _21915_/X
 _21916_/X
 _21917_/X
 _21918_/X
 _21919_/X
 _21920_/X
 _21921_/X
 _21922_/X
 _21923_/X
 _21924_/X
 _21925_/X
 _21926_/X
 _21927_/X
 _21928_/X
 _21929_/X
 _21930_/X
 _21931_/X
 _21932_/X
 _21933_/X
 _21934_/X
 _21935_/X
 _21936_/X
 _21937_/X
 _21938_/X
 _21939_/X
 _21940_/X
 _21941_/X
 _21942_/X
 _21943_/X
 _21944_/X
 _21945_/X
 _21946_/X
 _21947_/X
 _21948_/X
 _21949_/X
 _21950_/X
 _21951_/X
 _21952_/X
 _21953_/X
 _21954_/Y
 _21955_/X
 _21956_/Y
 _21957_/X
 _21958_/X
 _21959_/Y
 _21960_/Y
 _21961_/X
 _21962_/Y
 _21963_/X
 _21964_/Y
 _21965_/X
 _21966_/Y
 _21967_/X
 _21968_/X
 _21969_/X
 _21970_/X
 _21971_/X
 _21972_/X
 _21973_/X
 _21974_/X
 _21975_/X
 _21976_/X
 _21977_/X
 _21978_/X
 _21979_/X
 _21980_/X
 _21981_/X
 _21982_/X
 _21983_/X
 _21984_/X
 _21985_/X
 _21986_/X
 _21987_/X
 _21988_/X
 _21989_/X
 _21990_/X
 _21991_/X
 _21992_/X
 _21993_/X
 _21994_/X
 _21995_/X
 _21996_/X
 _21997_/X
 _21998_/X
 _21999_/X
 _22000_/X
 _22001_/X
 _22002_/X
 _22003_/X
 _22004_/X
 _22005_/X
 _22006_/X
 _22007_/X
 _22008_/X
 _22009_/X
 _22010_/X
 _22011_/X
 _22012_/X
 _22013_/X
 _22014_/X
 _22015_/X
 _22016_/X
 _22017_/X
 _22018_/X
 _22019_/X
 _22020_/X
 _22021_/X
 _22022_/X
 _22023_/X
 _22024_/X
 _22025_/X
 _22026_/X
 _22027_/X
 _22028_/X
 _22029_/X
 _22030_/X
 _22031_/X
 _22032_/X
 _22033_/X
 _22034_/X
 _22035_/X
 _22036_/X
 _22037_/X
 _22038_/X
 _22039_/X
 _22040_/X
 _22041_/X
 _22042_/X
 _22043_/X
 _22044_/X
 _22045_/X
 _22046_/X
 _22047_/X
 _22048_/X
 _22049_/X
 _22050_/X
 _22051_/X
 _22052_/X
 _22053_/X
 _22054_/X
 _22055_/X
 _22056_/X
 _22057_/X
 _22058_/X
 _22059_/X
 _22060_/X
 _22061_/X
 _22062_/X
 _22063_/X
 _22064_/X
 _22065_/X
 _22066_/X
 _22067_/X
 _22068_/X
 _22069_/X
 _22070_/Y
 _22071_/Y
 _22072_/X
 _22073_/Y
 _22074_/X
 _22075_/Y
 _22076_/X
 _22077_/X
 _22078_/X
 _22079_/X
 _22080_/X
 _22081_/X
 _22082_/X
 _22083_/X
 _22084_/X
 _22085_/X
 _22086_/X
 _22087_/X
 _22088_/X
 _22089_/X
 _22090_/X
 _22091_/X
 _22092_/X
 _22093_/X
 _22094_/X
 _22095_/X
 _22096_/X
 _22097_/X
 _22098_/X
 _22099_/X
 _22100_/X
 _22101_/X
 _22102_/X
 _22103_/X
 _22104_/X
 _22105_/X
 _22106_/X
 _22107_/X
 _22108_/X
 _22109_/X
 _22110_/X
 _22111_/X
 _22112_/X
 _22113_/X
 _22114_/X
 _22115_/X
 _22116_/X
 _22117_/X
 _22118_/X
 _22119_/X
 _22120_/X
 _22121_/X
 _22122_/X
 _22123_/X
 _22124_/X
 _22125_/X
 _22126_/X
 _22127_/X
 _22128_/X
 _22129_/X
 _22130_/Y
 _22131_/X
 _22132_/Y
 _22133_/X
 _22134_/X
 _22135_/Y
 _22136_/Y
 _22137_/X
 _22138_/Y
 _22139_/X
 _22140_/Y
 _22141_/X
 _22142_/Y
 _22143_/X
 _22144_/X
 _22145_/X
 _22146_/X
 _22147_/X
 _22148_/X
 _22149_/X
 _22150_/X
 _22151_/X
 _22152_/X
 _22153_/X
 _22154_/X
 _22155_/X
 _22156_/X
 _22157_/X
 _22158_/X
 _22159_/X
 _22160_/X
 _22161_/X
 _22162_/X
 _22163_/X
 _22164_/X
 _22165_/X
 _22166_/X
 _22167_/X
 _22168_/X
 _22169_/X
 _22170_/X
 _22171_/X
 _22172_/X
 _22173_/X
 _22174_/X
 _22175_/X
 _22176_/X
 _22177_/X
 _22178_/X
 _22179_/X
 _22180_/X
 _22181_/X
 _22182_/X
 _22183_/X
 _22184_/X
 _22185_/X
 _22186_/X
 _22187_/X
 _22188_/X
 _22189_/X
 _22190_/X
 _22191_/X
 _22192_/X
 _22193_/X
 _22194_/X
 _22195_/X
 _22196_/X
 _22197_/X
 _22198_/X
 _22199_/X
 _22200_/X
 _22201_/X
 _22202_/X
 _22203_/X
 _22204_/X
 _22205_/X
 _22206_/X
 _22207_/X
 _22208_/X
 _22209_/X
 _22210_/X
 _22211_/X
 _22212_/X
 _22213_/X
 _22214_/X
 _22215_/X
 _22216_/X
 _22217_/X
 _22218_/X
 _22219_/X
 _22220_/X
 _22221_/X
 _22222_/X
 _22223_/X
 _22224_/X
 _22225_/X
 _22226_/X
 _22227_/X
 _22228_/X
 _22229_/X
 _22230_/X
 _22231_/X
 _22232_/X
 _22233_/X
 _22234_/X
 _22235_/X
 _22236_/X
 _22237_/X
 _22238_/X
 _22239_/X
 _22240_/X
 _22241_/X
 _22242_/X
 _22243_/X
 _22244_/X
 _22245_/Y
 _22246_/Y
 _22247_/X
 _22248_/Y
 _22249_/X
 _22250_/Y
 _22251_/X
 _22252_/X
 _22253_/X
 _22254_/X
 _22255_/X
 _22256_/X
 _22257_/X
 _22258_/X
 _22259_/X
 _22260_/X
 _22261_/X
 _22262_/X
 _22263_/X
 _22264_/X
 _22265_/X
 _22266_/X
 _22267_/X
 _22268_/X
 _22269_/X
 _22270_/X
 _22271_/X
 _22272_/X
 _22273_/X
 _22274_/X
 _22275_/X
 _22276_/X
 _22277_/X
 _22278_/X
 _22279_/X
 _22280_/X
 _22281_/X
 _22282_/X
 _22283_/X
 _22284_/X
 _22285_/X
 _22286_/X
 _22287_/X
 _22288_/X
 _22289_/X
 _22290_/X
 _22291_/X
 _22292_/X
 _22293_/X
 _22294_/X
 _22295_/X
 _22296_/X
 _22297_/X
 _22298_/X
 _22299_/X
 _22300_/X
 _22301_/X
 _22302_/X
 _22303_/X
 _22304_/X
 _22305_/Y
 _22306_/X
 _22307_/Y
 _22308_/X
 _22309_/X
 _22310_/Y
 _22311_/Y
 _22312_/X
 _22313_/Y
 _22314_/X
 _22315_/Y
 _22316_/X
 _22317_/Y
 _22318_/X
 _22319_/X
 _22320_/X
 _22321_/X
 _22322_/X
 _22323_/X
 _22324_/X
 _22325_/X
 _22326_/X
 _22327_/X
 _22328_/X
 _22329_/X
 _22330_/X
 _22331_/X
 _22332_/X
 _22333_/X
 _22334_/X
 _22335_/X
 _22336_/X
 _22337_/X
 _22338_/X
 _22339_/X
 _22340_/X
 _22341_/X
 _22342_/X
 _22343_/X
 _22344_/X
 _22345_/X
 _22346_/X
 _22347_/X
 _22348_/X
 _22349_/X
 _22350_/X
 _22351_/X
 _22352_/X
 _22353_/X
 _22354_/X
 _22355_/X
 _22356_/X
 _22357_/X
 _22358_/X
 _22359_/X
 _22360_/X
 _22361_/X
 _22362_/X
 _22363_/X
 _22364_/X
 _22365_/X
 _22366_/X
 _22367_/X
 _22368_/X
 _22369_/X
 _22370_/X
 _22371_/X
 _22372_/X
 _22373_/X
 _22374_/X
 _22375_/X
 _22376_/X
 _22377_/X
 _22378_/X
 _22379_/X
 _22380_/X
 _22381_/X
 _22382_/X
 _22383_/X
 _22384_/X
 _22385_/X
 _22386_/X
 _22387_/X
 _22388_/X
 _22389_/X
 _22390_/X
 _22391_/X
 _22392_/X
 _22393_/X
 _22394_/X
 _22395_/X
 _22396_/X
 _22397_/X
 _22398_/X
 _22399_/X
 _22400_/X
 _22401_/X
 _22402_/X
 _22403_/X
 _22404_/X
 _22405_/X
 _22406_/X
 _22407_/X
 _22408_/X
 _22409_/X
 _22410_/X
 _22411_/X
 _22412_/X
 _22413_/X
 _22414_/X
 _22415_/X
 _22416_/X
 _22417_/X
 _22418_/X
 _22419_/X
 _22420_/X
 _22421_/X
 _22422_/X
 _22423_/X
 _22424_/X
 _22425_/X
 _22426_/X
 _22427_/X
 _22428_/X
 _22429_/X
 _22430_/X
 _22431_/X
 _22432_/X
 _22433_/X
 _22434_/X
 _22435_/X
 _22436_/X
 _22437_/X
 _22438_/X
 _22439_/X
 _22440_/X
 _22441_/X
 _22442_/X
 _22443_/X
 _22444_/X
 _22445_/X
 _22446_/X
 _22447_/X
 _22448_/X
 _22449_/X
 _22450_/X
 _22451_/X
 _22452_/X
 _22453_/X
 _22454_/X
 _22455_/X
 _22456_/X
 _22457_/X
 _22458_/X
 _22459_/X
 _22460_/X
 _22461_/X
 _22462_/X
 _22463_/X
 _22464_/X
 _22465_/X
 _22466_/X
 _22467_/X
 _22468_/X
 _22469_/X
 _22470_/X
 _22471_/X
 _22472_/X
 _22473_/X
 _22474_/X
 _22475_/X
 _22476_/X
 _22477_/Y
 _22478_/X
 _22479_/Y
 _22480_/X
 _22481_/X
 _22482_/Y
 _22483_/Y
 _22484_/X
 _22485_/Y
 _22486_/X
 _22487_/Y
 _22488_/X
 _22489_/Y
 _22490_/X
 _22491_/X
 _22492_/X
 _22493_/X
 _22494_/X
 _22495_/X
 _22496_/X
 _22497_/X
 _22498_/X
 _22499_/X
 _22500_/X
 _22501_/X
 _22502_/X
 _22503_/X
 _22504_/X
 _22505_/X
 _22506_/X
 _22507_/X
 _22508_/X
 _22509_/X
 _22510_/X
 _22511_/X
 _22512_/X
 _22513_/X
 _22514_/X
 _22515_/X
 _22516_/X
 _22517_/X
 _22518_/X
 _22519_/X
 _22520_/X
 _22521_/X
 _22522_/X
 _22523_/X
 _22524_/X
 _22525_/X
 _22526_/X
 _22527_/X
 _22528_/X
 _22529_/X
 _22530_/X
 _22531_/X
 _22532_/X
 _22533_/X
 _22534_/X
 _22535_/X
 _22536_/X
 _22537_/X
 _22538_/X
 _22539_/X
 _22540_/X
 _22541_/X
 _22542_/X
 _22543_/X
 _22544_/X
 _22545_/X
 _22546_/X
 _22547_/X
 _22548_/X
 _22549_/X
 _22550_/X
 _22551_/X
 _22552_/X
 _22553_/X
 _22554_/X
 _22555_/X
 _22556_/X
 _22557_/X
 _22558_/X
 _22559_/X
 _22560_/X
 _22561_/X
 _22562_/X
 _22563_/X
 _22564_/X
 _22565_/X
 _22566_/X
 _22567_/X
 _22568_/X
 _22569_/X
 _22570_/X
 _22571_/X
 _22572_/X
 _22573_/X
 _22574_/X
 _22575_/X
 _22576_/X
 _22577_/X
 _22578_/X
 _22579_/X
 _22580_/X
 _22581_/X
 _22582_/X
 _22583_/X
 _22584_/X
 _22585_/X
 _22586_/X
 _22587_/X
 _22588_/X
 _22589_/X
 _22590_/X
 _22591_/X
 _22592_/X
 _22593_/Y
 _22594_/Y
 _22595_/X
 _22596_/Y
 _22597_/X
 _22598_/Y
 _22599_/X
 _22600_/X
 _22601_/X
 _22602_/X
 _22603_/X
 _22604_/X
 _22605_/X
 _22606_/X
 _22607_/X
 _22608_/X
 _22609_/X
 _22610_/X
 _22611_/X
 _22612_/X
 _22613_/X
 _22614_/X
 _22615_/X
 _22616_/X
 _22617_/X
 _22618_/X
 _22619_/X
 _22620_/X
 _22621_/X
 _22622_/X
 _22623_/X
 _22624_/X
 _22625_/X
 _22626_/X
 _22627_/X
 _22628_/X
 _22629_/X
 _22630_/X
 _22631_/X
 _22632_/X
 _22633_/X
 _22634_/X
 _22635_/X
 _22636_/X
 _22637_/X
 _22638_/X
 _22639_/X
 _22640_/X
 _22641_/X
 _22642_/X
 _22643_/X
 _22644_/X
 _22645_/X
 _22646_/X
 _22647_/X
 _22648_/X
 _22649_/X
 _22650_/X
 _22651_/X
 _22652_/X
 _22653_/Y
 _22654_/X
 _22655_/Y
 _22656_/X
 _22657_/X
 _22658_/Y
 _22659_/Y
 _22660_/X
 _22661_/Y
 _22662_/X
 _22663_/Y
 _22664_/X
 _22665_/Y
 _22666_/X
 _22667_/X
 _22668_/X
 _22669_/X
 _22670_/X
 _22671_/X
 _22672_/X
 _22673_/X
 _22674_/X
 _22675_/X
 _22676_/X
 _22677_/X
 _22678_/X
 _22679_/X
 _22680_/X
 _22681_/X
 _22682_/X
 _22683_/X
 _22684_/X
 _22685_/X
 _22686_/X
 _22687_/X
 _22688_/X
 _22689_/X
 _22690_/X
 _22691_/X
 _22692_/X
 _22693_/X
 _22694_/X
 _22695_/X
 _22696_/X
 _22697_/X
 _22698_/X
 _22699_/X
 _22700_/X
 _22701_/X
 _22702_/X
 _22703_/X
 _22704_/X
 _22705_/X
 _22706_/X
 _22707_/X
 _22708_/X
 _22709_/X
 _22710_/X
 _22711_/X
 _22712_/X
 _22713_/X
 _22714_/X
 _22715_/X
 _22716_/X
 _22717_/X
 _22718_/X
 _22719_/X
 _22720_/X
 _22721_/X
 _22722_/X
 _22723_/X
 _22724_/X
 _22725_/X
 _22726_/X
 _22727_/X
 _22728_/X
 _22729_/X
 _22730_/X
 _22731_/X
 _22732_/X
 _22733_/X
 _22734_/X
 _22735_/X
 _22736_/X
 _22737_/X
 _22738_/X
 _22739_/X
 _22740_/X
 _22741_/X
 _22742_/X
 _22743_/X
 _22744_/X
 _22745_/X
 _22746_/X
 _22747_/X
 _22748_/X
 _22749_/X
 _22750_/X
 _22751_/X
 _22752_/X
 _22753_/X
 _22754_/X
 _22755_/X
 _22756_/X
 _22757_/X
 _22758_/X
 _22759_/X
 _22760_/X
 _22761_/X
 _22762_/X
 _22763_/X
 _22764_/X
 _22765_/X
 _22766_/X
 _22767_/X
 _22768_/Y
 _22769_/Y
 _22770_/X
 _22771_/Y
 _22772_/X
 _22773_/Y
 _22774_/X
 _22775_/X
 _22776_/X
 _22777_/X
 _22778_/X
 _22779_/X
 _22780_/X
 _22781_/X
 _22782_/X
 _22783_/X
 _22784_/X
 _22785_/X
 _22786_/X
 _22787_/X
 _22788_/X
 _22789_/X
 _22790_/X
 _22791_/X
 _22792_/X
 _22793_/X
 _22794_/X
 _22795_/X
 _22796_/X
 _22797_/X
 _22798_/X
 _22799_/X
 _22800_/X
 _22801_/X
 _22802_/X
 _22803_/X
 _22804_/X
 _22805_/X
 _22806_/X
 _22807_/X
 _22808_/X
 _22809_/X
 _22810_/X
 _22811_/X
 _22812_/X
 _22813_/X
 _22814_/X
 _22815_/X
 _22816_/X
 _22817_/X
 _22818_/X
 _22819_/X
 _22820_/X
 _22821_/X
 _22822_/X
 _22823_/X
 _22824_/X
 _22825_/X
 _22826_/X
 _22827_/X
 _22828_/Y
 _22829_/X
 _22830_/Y
 _22831_/X
 _22832_/X
 _22833_/Y
 _22834_/Y
 _22835_/X
 _22836_/Y
 _22837_/X
 _22838_/Y
 _22839_/X
 _22840_/Y
 _22841_/X
 _22842_/X
 _22843_/X
 _22844_/X
 _22845_/X
 _22846_/X
 _22847_/X
 _22848_/X
 _22849_/X
 _22850_/X
 _22851_/X
 _22852_/X
 _22853_/X
 _22854_/X
 _22855_/X
 _22856_/X
 _22857_/X
 _22858_/X
 _22859_/X
 _22860_/X
 _22861_/X
 _22862_/X
 _22863_/X
 _22864_/X
 _22865_/X
 _22866_/X
 _22867_/X
 _22868_/X
 _22869_/X
 _22870_/X
 _22871_/X
 _22872_/X
 _22873_/X
 _22874_/X
 _22875_/X
 _22876_/X
 _22877_/X
 _22878_/X
 _22879_/X
 _22880_/X
 _22881_/X
 _22882_/X
 _22883_/X
 _22884_/X
 _22885_/X
 _22886_/X
 _22887_/X
 _22888_/X
 _22889_/X
 _22890_/X
 _22891_/X
 _22892_/X
 _22893_/X
 _22894_/X
 _22895_/X
 _22896_/X
 _22897_/X
 _22898_/X
 _22899_/X
 _22900_/X
 _22901_/X
 _22902_/X
 _22903_/X
 _22904_/X
 _22905_/X
 _22906_/X
 _22907_/X
 _22908_/X
 _22909_/X
 _22910_/X
 _22911_/X
 _22912_/X
 _22913_/X
 _22914_/X
 _22915_/X
 _22916_/X
 _22917_/X
 _22918_/X
 _22919_/X
 _22920_/X
 _22921_/X
 _22922_/X
 _22923_/X
 _22924_/X
 _22925_/X
 _22926_/X
 _22927_/X
 _22928_/X
 _22929_/X
 _22930_/X
 _22931_/X
 _22932_/X
 _22933_/X
 _22934_/X
 _22935_/X
 _22936_/X
 _22937_/X
 _22938_/X
 _22939_/X
 _22940_/X
 _22941_/X
 _22942_/X
 _22943_/X
 _22944_/X
 _22945_/X
 _22946_/X
 _22947_/X
 _22948_/X
 _22949_/X
 _22950_/X
 _22951_/X
 _22952_/X
 _22953_/X
 _22954_/X
 _22955_/X
 _22956_/X
 _22957_/X
 _22958_/X
 _22959_/X
 _22960_/X
 _22961_/X
 _22962_/X
 _22963_/X
 _22964_/X
 _22965_/X
 _22966_/X
 _22967_/X
 _22968_/X
 _22969_/X
 _22970_/X
 _22971_/X
 _22972_/X
 _22973_/X
 _22974_/X
 _22975_/X
 _22976_/X
 _22977_/X
 _22978_/X
 _22979_/X
 _22980_/X
 _22981_/X
 _22982_/X
 _22983_/X
 _22984_/X
 _22985_/X
 _22986_/X
 _22987_/X
 _22988_/X
 _22989_/X
 _22990_/X
 _22991_/X
 _22992_/X
 _22993_/X
 _22994_/X
 _22995_/X
 _22996_/X
 _22997_/X
 _22998_/X
 _22999_/X
 _23000_/Y
 _23001_/X
 _23002_/Y
 _23003_/X
 _23004_/X
 _23005_/Y
 _23006_/Y
 _23007_/X
 _23008_/Y
 _23009_/X
 _23010_/Y
 _23011_/X
 _23012_/Y
 _23013_/X
 _23014_/X
 _23015_/X
 _23016_/X
 _23017_/X
 _23018_/X
 _23019_/X
 _23020_/X
 _23021_/X
 _23022_/X
 _23023_/X
 _23024_/X
 _23025_/X
 _23026_/X
 _23027_/X
 _23028_/X
 _23029_/X
 _23030_/X
 _23031_/X
 _23032_/X
 _23033_/X
 _23034_/X
 _23035_/X
 _23036_/X
 _23037_/X
 _23038_/X
 _23039_/X
 _23040_/X
 _23041_/X
 _23042_/X
 _23043_/X
 _23044_/X
 _23045_/X
 _23046_/X
 _23047_/X
 _23048_/X
 _23049_/X
 _23050_/X
 _23051_/X
 _23052_/X
 _23053_/X
 _23054_/X
 _23055_/X
 _23056_/X
 _23057_/X
 _23058_/X
 _23059_/X
 _23060_/X
 _23061_/X
 _23062_/X
 _23063_/X
 _23064_/X
 _23065_/X
 _23066_/X
 _23067_/X
 _23068_/X
 _23069_/X
 _23070_/X
 _23071_/X
 _23072_/X
 _23073_/X
 _23074_/X
 _23075_/X
 _23076_/X
 _23077_/X
 _23078_/X
 _23079_/X
 _23080_/X
 _23081_/X
 _23082_/X
 _23083_/X
 _23084_/X
 _23085_/X
 _23086_/X
 _23087_/X
 _23088_/X
 _23089_/X
 _23090_/X
 _23091_/X
 _23092_/X
 _23093_/X
 _23094_/X
 _23095_/X
 _23096_/X
 _23097_/X
 _23098_/X
 _23099_/X
 _23100_/X
 _23101_/X
 _23102_/X
 _23103_/X
 _23104_/X
 _23105_/X
 _23106_/X
 _23107_/X
 _23108_/X
 _23109_/X
 _23110_/X
 _23111_/X
 _23112_/X
 _23113_/X
 _23114_/X
 _23115_/X
 _23116_/X
 _23117_/X
 _23118_/X
 _23119_/X
 _23120_/X
 _23121_/X
 _23122_/X
 _23123_/X
 _23124_/X
 _23125_/X
 _23126_/X
 _23127_/X
 _23128_/X
 _23129_/X
 _23130_/X
 _23131_/X
 _23132_/X
 _23133_/X
 _23134_/X
 _23135_/X
 _23136_/X
 _23137_/X
 _23138_/X
 _23139_/X
 _23140_/X
 _23141_/X
 _23142_/X
 _23143_/X
 _23144_/X
 _23145_/X
 _23146_/X
 _23147_/X
 _23148_/X
 _23149_/X
 _23150_/X
 _23151_/X
 _23152_/X
 _23153_/X
 _23154_/X
 _23155_/X
 _23156_/X
 _23157_/X
 _23158_/X
 _23159_/X
 _23160_/X
 _23161_/X
 _23162_/X
 _23163_/X
 _23164_/X
 _23165_/X
 _23166_/X
 _23167_/X
 _23168_/X
 _23169_/X
 _23170_/X
 _23171_/X
 _23172_/X
 _23173_/Y
 _23174_/X
 _23175_/Y
 _23176_/X
 _23177_/X
 _23178_/Y
 _23179_/Y
 _23180_/X
 _23181_/Y
 _23182_/X
 _23183_/Y
 _23184_/X
 _23185_/Y
 _23186_/X
 _23187_/X
 _23188_/X
 _23189_/X
 _23190_/X
 _23191_/X
 _23192_/X
 _23193_/X
 _23194_/X
 _23195_/X
 _23196_/X
 _23197_/X
 _23198_/X
 _23199_/X
 _23200_/X
 _23201_/X
 _23202_/X
 _23203_/X
 _23204_/X
 _23205_/X
 _23206_/X
 _23207_/X
 _23208_/X
 _23209_/X
 _23210_/X
 _23211_/X
 _23212_/X
 _23213_/X
 _23214_/X
 _23215_/X
 _23216_/X
 _23217_/X
 _23218_/X
 _23219_/X
 _23220_/X
 _23221_/X
 _23222_/X
 _23223_/X
 _23224_/X
 _23225_/X
 _23226_/X
 _23227_/X
 _23228_/X
 _23229_/X
 _23230_/X
 _23231_/X
 _23232_/X
 _23233_/X
 _23234_/X
 _23235_/X
 _23236_/X
 _23237_/X
 _23238_/X
 _23239_/X
 _23240_/X
 _23241_/X
 _23242_/X
 _23243_/X
 _23244_/X
 _23245_/X
 _23246_/X
 _23247_/X
 _23248_/X
 _23249_/X
 _23250_/X
 _23251_/X
 _23252_/X
 _23253_/X
 _23254_/X
 _23255_/X
 _23256_/X
 _23257_/X
 _23258_/X
 _23259_/X
 _23260_/X
 _23261_/X
 _23262_/X
 _23263_/X
 _23264_/X
 _23265_/X
 _23266_/X
 _23267_/X
 _23268_/X
 _23269_/X
 _23270_/X
 _23271_/X
 _23272_/X
 _23273_/X
 _23274_/X
 _23275_/X
 _23276_/X
 _23277_/X
 _23278_/X
 _23279_/X
 _23280_/X
 _23281_/X
 _23282_/X
 _23283_/X
 _23284_/X
 _23285_/X
 _23286_/X
 _23287_/X
 _23288_/X
 _23289_/Y
 _23290_/Y
 _23291_/X
 _23292_/Y
 _23293_/X
 _23294_/Y
 _23295_/X
 _23296_/X
 _23297_/X
 _23298_/X
 _23299_/X
 _23300_/X
 _23301_/X
 _23302_/X
 _23303_/X
 _23304_/X
 _23305_/X
 _23306_/X
 _23307_/X
 _23308_/X
 _23309_/X
 _23310_/X
 _23311_/X
 _23312_/X
 _23313_/X
 _23314_/X
 _23315_/X
 _23316_/X
 _23317_/X
 _23318_/X
 _23319_/X
 _23320_/X
 _23321_/X
 _23322_/X
 _23323_/X
 _23324_/X
 _23325_/X
 _23326_/X
 _23327_/X
 _23328_/X
 _23329_/X
 _23330_/X
 _23331_/X
 _23332_/X
 _23333_/X
 _23334_/X
 _23335_/X
 _23336_/X
 _23337_/X
 _23338_/X
 _23339_/X
 _23340_/X
 _23341_/X
 _23342_/X
 _23343_/X
 _23344_/X
 _23345_/X
 _23346_/X
 _23347_/X
 _23348_/X
 _23349_/Y
 _23350_/X
 _23351_/Y
 _23352_/X
 _23353_/X
 _23354_/Y
 _23355_/Y
 _23356_/X
 _23357_/Y
 _23358_/X
 _23359_/Y
 _23360_/X
 _23361_/Y
 _23362_/X
 _23363_/X
 _23364_/X
 _23365_/X
 _23366_/X
 _23367_/X
 _23368_/X
 _23369_/X
 _23370_/X
 _23371_/X
 _23372_/X
 _23373_/X
 _23374_/X
 _23375_/X
 _23376_/X
 _23377_/X
 _23378_/X
 _23379_/X
 _23380_/X
 _23381_/X
 _23382_/X
 _23383_/X
 _23384_/X
 _23385_/X
 _23386_/X
 _23387_/X
 _23388_/X
 _23389_/X
 _23390_/X
 _23391_/X
 _23392_/X
 _23393_/X
 _23394_/X
 _23395_/X
 _23396_/X
 _23397_/X
 _23398_/X
 _23399_/X
 _23400_/X
 _23401_/X
 _23402_/X
 _23403_/X
 _23404_/X
 _23405_/X
 _23406_/X
 _23407_/X
 _23408_/X
 _23409_/X
 _23410_/X
 _23411_/X
 _23412_/X
 _23413_/X
 _23414_/X
 _23415_/X
 _23416_/X
 _23417_/X
 _23418_/X
 _23419_/X
 _23420_/X
 _23421_/X
 _23422_/X
 _23423_/X
 _23424_/X
 _23425_/X
 _23426_/X
 _23427_/X
 _23428_/X
 _23429_/X
 _23430_/X
 _23431_/X
 _23432_/X
 _23433_/X
 _23434_/X
 _23435_/X
 _23436_/X
 _23437_/X
 _23438_/X
 _23439_/X
 _23440_/X
 _23441_/X
 _23442_/X
 _23443_/X
 _23444_/X
 _23445_/X
 _23446_/X
 _23447_/X
 _23448_/X
 _23449_/X
 _23450_/X
 _23451_/X
 _23452_/X
 _23453_/X
 _23454_/X
 _23455_/X
 _23456_/X
 _23457_/X
 _23458_/X
 _23459_/X
 _23460_/X
 _23461_/X
 _23462_/X
 _23463_/X
 _23464_/Y
 _23465_/Y
 _23466_/X
 _23467_/Y
 _23468_/X
 _23469_/Y
 _23470_/X
 _23471_/X
 _23472_/X
 _23473_/X
 _23474_/X
 _23475_/X
 _23476_/X
 _23477_/X
 _23478_/X
 _23479_/X
 _23480_/X
 _23481_/X
 _23482_/X
 _23483_/X
 _23484_/X
 _23485_/X
 _23486_/X
 _23487_/X
 _23488_/X
 _23489_/X
 _23490_/X
 _23491_/X
 _23492_/X
 _23493_/X
 _23494_/X
 _23495_/X
 _23496_/X
 _23497_/X
 _23498_/X
 _23499_/X
 _23500_/X
 _23501_/X
 _23502_/X
 _23503_/X
 _23504_/X
 _23505_/X
 _23506_/X
 _23507_/X
 _23508_/X
 _23509_/X
 _23510_/X
 _23511_/X
 _23512_/X
 _23513_/X
 _23514_/X
 _23515_/X
 _23516_/X
 _23517_/X
 _23518_/X
 _23519_/X
 _23520_/X
 _23521_/X
 _23522_/X
 _23523_/X
 _23524_/Y
 _23525_/X
 _23526_/Y
 _23527_/X
 _23528_/X
 _23529_/Y
 _23530_/Y
 _23531_/X
 _23532_/Y
 _23533_/X
 _23534_/Y
 _23535_/X
 _23536_/Y
 _23537_/X
 _23538_/X
 _23539_/X
 _23540_/X
 _23541_/X
 _23542_/X
 _23543_/X
 _23544_/X
 _23545_/X
 _23546_/X
 _23547_/X
 _23548_/X
 _23549_/X
 _23550_/X
 _23551_/X
 _23552_/X
 _23553_/X
 _23554_/X
 _23555_/X
 _23556_/X
 _23557_/X
 _23558_/X
 _23559_/X
 _23560_/X
 _23561_/X
 _23562_/X
 _23563_/X
 _23564_/X
 _23565_/X
 _23566_/X
 _23567_/X
 _23568_/X
 _23569_/X
 _23570_/X
 _23571_/X
 _23572_/X
 _23573_/X
 _23574_/X
 _23575_/X
 _23576_/X
 _23577_/X
 _23578_/X
 _23579_/X
 _23580_/X
 _23581_/X
 _23582_/X
 _23583_/X
 _23584_/X
 _23585_/X
 _23586_/X
 _23587_/X
 _23588_/X
 _23589_/X
 _23590_/X
 _23591_/X
 _23592_/X
 _23593_/X
 _23594_/X
 _23595_/X
 _23596_/X
 _23597_/X
 _23598_/X
 _23599_/X
 _23600_/X
 _23601_/X
 _23602_/X
 _23603_/X
 _23604_/X
 _23605_/X
 _23606_/X
 _23607_/X
 _23608_/X
 _23609_/X
 _23610_/X
 _23611_/X
 _23612_/X
 _23613_/X
 _23614_/X
 _23615_/X
 _23616_/X
 _23617_/X
 _23618_/X
 _23619_/X
 _23620_/X
 _23621_/X
 _23622_/X
 _23623_/X
 _23624_/X
 _23625_/X
 _23626_/X
 _23627_/X
 _23628_/X
 _23629_/X
 _23630_/X
 _23631_/X
 _23632_/X
 _23633_/X
 _23634_/X
 _23635_/X
 _23636_/X
 _23637_/X
 _23638_/X
 _23639_/Y
 _23640_/Y
 _23641_/X
 _23642_/Y
 _23643_/X
 _23644_/Y
 _23645_/X
 _23646_/X
 _23647_/X
 _23648_/X
 _23649_/X
 _23650_/X
 _23651_/X
 _23652_/X
 _23653_/X
 _23654_/X
 _23655_/X
 _23656_/X
 _23657_/X
 _23658_/X
 _23659_/X
 _23660_/X
 _23661_/X
 _23662_/X
 _23663_/X
 _23664_/X
 _23665_/X
 _23666_/X
 _23667_/X
 _23668_/X
 _23669_/X
 _23670_/X
 _23671_/X
 _23672_/X
 _23673_/X
 _23674_/X
 _23675_/X
 _23676_/X
 _23677_/X
 _23678_/X
 _23679_/X
 _23680_/X
 _23681_/X
 _23682_/X
 _23683_/X
 _23684_/X
 _23685_/X
 _23686_/X
 _23687_/X
 _23688_/X
 _23689_/X
 _23690_/X
 _23691_/X
 _23692_/X
 _23693_/X
 _23694_/X
 _23695_/X
 _23696_/X
 _23697_/X
 _23698_/X
 _23699_/Y
 _23700_/X
 _23701_/Y
 _23702_/X
 _23703_/X
 _23704_/Y
 _23705_/Y
 _23706_/X
 _23707_/Y
 _23708_/X
 _23709_/Y
 _23710_/X
 _23711_/Y
 _23712_/X
 _23713_/X
 _23714_/X
 _23715_/X
 _23716_/X
 _23717_/X
 _23718_/X
 _23719_/X
 _23720_/X
 _23721_/X
 _23722_/X
 _23723_/X
 _23724_/X
 _23725_/X
 _23726_/X
 _23727_/X
 _23728_/X
 _23729_/X
 _23730_/X
 _23731_/X
 _23732_/X
 _23733_/X
 _23734_/X
 _23735_/X
 _23736_/X
 _23737_/X
 _23738_/X
 _23739_/X
 _23740_/X
 _23741_/X
 _23742_/X
 _23743_/X
 _23744_/X
 _23745_/X
 _23746_/X
 _23747_/X
 _23748_/X
 _23749_/X
 _23750_/X
 _23751_/X
 _23752_/X
 _23753_/X
 _23754_/X
 _23755_/X
 _23756_/X
 _23757_/X
 _23758_/X
 _23759_/X
 _23760_/X
 _23761_/X
 _23762_/X
 _23763_/X
 _23764_/X
 _23765_/X
 _23766_/X
 _23767_/X
 _23768_/X
 _23769_/X
 _23770_/X
 _23771_/X
 _23772_/X
 _23773_/X
 _23774_/X
 _23775_/X
 _23776_/X
 _23777_/X
 _23778_/X
 _23779_/X
 _23780_/X
 _23781_/X
 _23782_/X
 _23783_/X
 _23784_/X
 _23785_/X
 _23786_/X
 _23787_/X
 _23788_/X
 _23789_/X
 _23790_/X
 _23791_/X
 _23792_/X
 _23793_/X
 _23794_/X
 _23795_/X
 _23796_/X
 _23797_/X
 _23798_/X
 _23799_/X
 _23800_/X
 _23801_/X
 _23802_/X
 _23803_/X
 _23804_/X
 _23805_/X
 _23806_/X
 _23807_/X
 _23808_/X
 _23809_/X
 _23810_/X
 _23811_/X
 _23812_/X
 _23813_/X
 _23814_/X
 _23815_/X
 _23816_/X
 _23817_/X
 _23818_/X
 _23819_/X
 _23820_/X
 _23821_/X
 _23822_/X
 _23823_/X
 _23824_/X
 _23825_/X
 _23826_/X
 _23827_/X
 _23828_/X
 _23829_/X
 _23830_/X
 _23831_/X
 _23832_/X
 _23833_/X
 _23834_/X
 _23835_/X
 _23836_/X
 _23837_/X
 _23838_/X
 _23839_/X
 _23840_/X
 _23841_/X
 _23842_/X
 _23843_/X
 _23844_/X
 _23845_/X
 _23846_/X
 _23847_/X
 _23848_/X
 _23849_/X
 _23850_/X
 _23851_/X
 _23852_/X
 _23853_/X
 _23854_/X
 _23855_/X
 _23856_/X
 _23857_/X
 _23858_/X
 _23859_/X
 _23860_/X
 _23861_/X
 _23862_/X
 _23863_/X
 _23864_/X
 _23865_/X
 _23866_/X
 _23867_/X
 _23868_/X
 _23869_/X
 _23870_/X
 _23871_/Y
 _23872_/X
 _23873_/Y
 _23874_/X
 _23875_/X
 _23876_/Y
 _23877_/Y
 _23878_/X
 _23879_/Y
 _23880_/X
 _23881_/Y
 _23882_/X
 _23883_/Y
 _23884_/X
 _23885_/X
 _23886_/X
 _23887_/X
 _23888_/X
 _23889_/X
 _23890_/X
 _23891_/X
 _23892_/X
 _23893_/X
 _23894_/X
 _23895_/X
 _23896_/X
 _23897_/X
 _23898_/X
 _23899_/X
 _23900_/X
 _23901_/X
 _23902_/X
 _23903_/X
 _23904_/X
 _23905_/X
 _23906_/X
 _23907_/X
 _23908_/X
 _23909_/X
 _23910_/X
 _23911_/X
 _23912_/X
 _23913_/X
 _23914_/X
 _23915_/X
 _23916_/X
 _23917_/X
 _23918_/X
 _23919_/X
 _23920_/X
 _23921_/X
 _23922_/X
 _23923_/X
 _23924_/X
 _23925_/X
 _23926_/X
 _23927_/X
 _23928_/X
 _23929_/X
 _23930_/X
 _23931_/X
 _23932_/X
 _23933_/X
 _23934_/X
 _23935_/X
 _23936_/X
 _23937_/X
 _23938_/X
 _23939_/X
 _23940_/X
 _23941_/X
 _23942_/X
 _23943_/X
 _23944_/X
 _23945_/X
 _23946_/X
 _23947_/X
 _23948_/X
 _23949_/X
 _23950_/X
 _23951_/X
 _23952_/X
 _23953_/X
 _23954_/X
 _23955_/X
 _23956_/X
 _23957_/X
 _23958_/X
 _23959_/X
 _23960_/X
 _23961_/X
 _23962_/X
 _23963_/X
 _23964_/X
 _23965_/X
 _23966_/X
 _23967_/X
 _23968_/X
 _23969_/X
 _23970_/X
 _23971_/X
 _23972_/X
 _23973_/X
 _23974_/X
 _23975_/X
 _23976_/X
 _23977_/X
 _23978_/X
 _23979_/X
 _23980_/X
 _23981_/X
 _23982_/X
 _23983_/X
 _23984_/X
 _23985_/X
 _23986_/X
 _23987_/X
 _23988_/X
 _23989_/X
 _23990_/X
 _23991_/X
 _23992_/X
 _23993_/X
 _23994_/X
 _23995_/X
 _23996_/X
 _23997_/X
 _23998_/X
 _23999_/X
 _24000_/X
 _24001_/X
 _24002_/X
 _24003_/X
 _24004_/X
 _24005_/X
 _24006_/X
 _24007_/X
 _24008_/X
 _24009_/X
 _24010_/X
 _24011_/X
 _24012_/X
 _24013_/X
 _24014_/X
 _24015_/X
 _24016_/X
 _24017_/X
 _24018_/X
 _24019_/X
 _24020_/X
 _24021_/X
 _24022_/X
 _24023_/X
 _24024_/X
 _24025_/X
 _24026_/X
 _24027_/X
 _24028_/X
 _24029_/X
 _24030_/X
 _24031_/X
 _24032_/X
 _24033_/X
 _24034_/X
 _24035_/X
 _24036_/X
 _24037_/X
 _24038_/X
 _24039_/X
 _24040_/X
 _24041_/X
 _24042_/X
 _24043_/X
 _24044_/Y
 _24045_/X
 _24046_/Y
 _24047_/X
 _24048_/X
 _24049_/Y
 _24050_/Y
 _24051_/X
 _24052_/Y
 _24053_/X
 _24054_/Y
 _24055_/X
 _24056_/Y
 _24057_/X
 _24058_/X
 _24059_/X
 _24060_/X
 _24061_/X
 _24062_/X
 _24063_/X
 _24064_/X
 _24065_/X
 _24066_/X
 _24067_/X
 _24068_/X
 _24069_/X
 _24070_/X
 _24071_/X
 _24072_/X
 _24073_/X
 _24074_/X
 _24075_/X
 _24076_/X
 _24077_/X
 _24078_/X
 _24079_/X
 _24080_/X
 _24081_/X
 _24082_/X
 _24083_/X
 _24084_/X
 _24085_/X
 _24086_/X
 _24087_/X
 _24088_/X
 _24089_/X
 _24090_/X
 _24091_/X
 _24092_/X
 _24093_/X
 _24094_/X
 _24095_/X
 _24096_/X
 _24097_/X
 _24098_/X
 _24099_/X
 _24100_/X
 _24101_/X
 _24102_/X
 _24103_/X
 _24104_/X
 _24105_/X
 _24106_/X
 _24107_/X
 _24108_/X
 _24109_/X
 _24110_/X
 _24111_/X
 _24112_/X
 _24113_/X
 _24114_/X
 _24115_/X
 _24116_/X
 _24117_/X
 _24118_/X
 _24119_/X
 _24120_/X
 _24121_/X
 _24122_/X
 _24123_/X
 _24124_/X
 _24125_/X
 _24126_/X
 _24127_/X
 _24128_/X
 _24129_/X
 _24130_/X
 _24131_/X
 _24132_/X
 _24133_/X
 _24134_/X
 _24135_/X
 _24136_/X
 _24137_/X
 _24138_/X
 _24139_/X
 _24140_/X
 _24141_/X
 _24142_/X
 _24143_/X
 _24144_/X
 _24145_/X
 _24146_/X
 _24147_/X
 _24148_/X
 _24149_/X
 _24150_/X
 _24151_/X
 _24152_/X
 _24153_/X
 _24154_/X
 _24155_/X
 _24156_/X
 _24157_/X
 _24158_/X
 _24159_/X
 _24160_/Y
 _24161_/Y
 _24162_/X
 _24163_/Y
 _24164_/X
 _24165_/Y
 _24166_/X
 _24167_/X
 _24168_/X
 _24169_/X
 _24170_/X
 _24171_/X
 _24172_/X
 _24173_/X
 _24174_/X
 _24175_/X
 _24176_/X
 _24177_/X
 _24178_/X
 _24179_/X
 _24180_/X
 _24181_/X
 _24182_/X
 _24183_/X
 _24184_/X
 _24185_/X
 _24186_/X
 _24187_/X
 _24188_/X
 _24189_/X
 _24190_/X
 _24191_/X
 _24192_/X
 _24193_/X
 _24194_/X
 _24195_/X
 _24196_/X
 _24197_/X
 _24198_/X
 _24199_/X
 _24200_/X
 _24201_/X
 _24202_/X
 _24203_/X
 _24204_/X
 _24205_/X
 _24206_/X
 _24207_/X
 _24208_/X
 _24209_/X
 _24210_/X
 _24211_/X
 _24212_/X
 _24213_/X
 _24214_/X
 _24215_/X
 _24216_/X
 _24217_/X
 _24218_/X
 _24219_/X
 _24220_/Y
 _24221_/X
 _24222_/Y
 _24223_/X
 _24224_/X
 _24225_/Y
 _24226_/Y
 _24227_/X
 _24228_/Y
 _24229_/X
 _24230_/Y
 _24231_/X
 _24232_/Y
 _24233_/X
 _24234_/X
 _24235_/X
 _24236_/X
 _24237_/X
 _24238_/X
 _24239_/X
 _24240_/X
 _24241_/X
 _24242_/X
 _24243_/X
 _24244_/X
 _24245_/X
 _24246_/X
 _24247_/X
 _24248_/X
 _24249_/X
 _24250_/X
 _24251_/X
 _24252_/X
 _24253_/X
 _24254_/X
 _24255_/X
 _24256_/X
 _24257_/X
 _24258_/X
 _24259_/X
 _24260_/X
 _24261_/X
 _24262_/X
 _24263_/X
 _24264_/X
 _24265_/X
 _24266_/X
 _24267_/X
 _24268_/X
 _24269_/X
 _24270_/X
 _24271_/X
 _24272_/X
 _24273_/X
 _24274_/X
 _24275_/X
 _24276_/X
 _24277_/X
 _24278_/X
 _24279_/X
 _24280_/X
 _24281_/X
 _24282_/X
 _24283_/X
 _24284_/X
 _24285_/X
 _24286_/X
 _24287_/X
 _24288_/X
 _24289_/X
 _24290_/X
 _24291_/X
 _24292_/X
 _24293_/X
 _24294_/X
 _24295_/X
 _24296_/X
 _24297_/X
 _24298_/X
 _24299_/X
 _24300_/X
 _24301_/X
 _24302_/X
 _24303_/X
 _24304_/X
 _24305_/X
 _24306_/X
 _24307_/X
 _24308_/X
 _24309_/X
 _24310_/X
 _24311_/X
 _24312_/X
 _24313_/X
 _24314_/X
 _24315_/X
 _24316_/X
 _24317_/X
 _24318_/X
 _24319_/X
 _24320_/X
 _24321_/X
 _24322_/X
 _24323_/X
 _24324_/X
 _24325_/X
 _24326_/X
 _24327_/X
 _24328_/X
 _24329_/X
 _24330_/X
 _24331_/X
 _24332_/X
 _24333_/X
 _24334_/X
 _24335_/X
 _24336_/X
 _24337_/X
 _24338_/X
 _24339_/X
 _24340_/X
 _24341_/X
 _24342_/X
 _24343_/X
 _24344_/X
 _24345_/X
 _24346_/X
 _24347_/X
 _24348_/X
 _24349_/X
 _24350_/X
 _24351_/X
 _24352_/X
 _24353_/X
 _24354_/X
 _24355_/X
 _24356_/X
 _24357_/X
 _24358_/X
 _24359_/X
 _24360_/X
 _24361_/X
 _24362_/X
 _24363_/X
 _24364_/X
 _24365_/X
 _24366_/X
 _24367_/X
 _24368_/X
 _24369_/X
 _24370_/X
 _24371_/X
 _24372_/X
 _24373_/X
 _24374_/X
 _24375_/X
 _24376_/X
 _24377_/X
 _24378_/X
 _24379_/X
 _24380_/X
 _24381_/X
 _24382_/X
 _24383_/X
 _24384_/X
 _24385_/X
 _24386_/X
 _24387_/X
 _24388_/X
 _24389_/X
 _24390_/X
 _24391_/X
 _24392_/Y
 _24393_/X
 _24394_/Y
 _24395_/X
 _24396_/X
 _24397_/Y
 _24398_/Y
 _24399_/X
 _24400_/Y
 _24401_/X
 _24402_/Y
 _24403_/X
 _24404_/Y
 _24405_/X
 _24406_/X
 _24407_/X
 _24408_/X
 _24409_/X
 _24410_/X
 _24411_/X
 _24412_/X
 _24413_/X
 _24414_/X
 _24415_/X
 _24416_/X
 _24417_/X
 _24418_/X
 _24419_/X
 _24420_/X
 _24421_/X
 _24422_/X
 _24423_/X
 _24424_/X
 _24425_/X
 _24426_/X
 _24427_/X
 _24428_/X
 _24429_/X
 _24430_/X
 _24431_/X
 _24432_/X
 _24433_/X
 _24434_/X
 _24435_/X
 _24436_/X
 _24437_/X
 _24438_/X
 _24439_/X
 _24440_/X
 _24441_/X
 _24442_/X
 _24443_/X
 _24444_/X
 _24445_/X
 _24446_/X
 _24447_/X
 _24448_/X
 _24449_/X
 _24450_/X
 _24451_/X
 _24452_/X
 _24453_/X
 _24454_/X
 _24455_/X
 _24456_/X
 _24457_/X
 _24458_/X
 _24459_/X
 _24460_/X
 _24461_/X
 _24462_/X
 _24463_/X
 _24464_/X
 _24465_/X
 _24466_/X
 _24467_/X
 _24468_/X
 _24469_/X
 _24470_/X
 _24471_/X
 _24472_/X
 _24473_/X
 _24474_/X
 _24475_/X
 _24476_/X
 _24477_/X
 _24478_/X
 _24479_/X
 _24480_/X
 _24481_/X
 _24482_/X
 _24483_/X
 _24484_/X
 _24485_/X
 _24486_/X
 _24487_/X
 _24488_/X
 _24489_/X
 _24490_/X
 _24491_/X
 _24492_/X
 _24493_/X
 _24494_/X
 _24495_/X
 _24496_/X
 _24497_/X
 _24498_/X
 _24499_/X
 _24500_/X
 _24501_/X
 _24502_/X
 _24503_/X
 _24504_/X
 _24505_/X
 _24506_/X
 _24507_/X
 _24508_/Y
 _24509_/Y
 _24510_/X
 _24511_/Y
 _24512_/X
 _24513_/Y
 _24514_/X
 _24515_/X
 _24516_/X
 _24517_/X
 _24518_/X
 _24519_/X
 _24520_/X
 _24521_/X
 _24522_/X
 _24523_/X
 _24524_/X
 _24525_/X
 _24526_/X
 _24527_/X
 _24528_/X
 _24529_/X
 _24530_/X
 _24531_/X
 _24532_/X
 _24533_/X
 _24534_/X
 _24535_/X
 _24536_/X
 _24537_/X
 _24538_/X
 _24539_/X
 _24540_/X
 _24541_/X
 _24542_/X
 _24543_/X
 _24544_/X
 _24545_/X
 _24546_/X
 _24547_/X
 _24548_/X
 _24549_/X
 _24550_/X
 _24551_/X
 _24552_/X
 _24553_/X
 _24554_/X
 _24555_/X
 _24556_/X
 _24557_/X
 _24558_/X
 _24559_/X
 _24560_/X
 _24561_/X
 _24562_/X
 _24563_/X
 _24564_/X
 _24565_/X
 _24566_/X
 _24567_/X
 _24568_/Y
 _24569_/X
 _24570_/X
 _24571_/Y
 _24572_/Y
 _24573_/X
 _24574_/Y
 _24575_/X
 _24576_/Y
 _24577_/X
 _24578_/X
 _24579_/X
 _24580_/Y
 _24581_/Y
 _24582_/X
 _24583_/Y
 _24584_/X
 _24585_/Y
 _24586_/X
 _24587_/X
 _24588_/X
 _24589_/X
 _24590_/Y
 _24591_/X
 _24592_/X
 _24593_/X
 _24594_/X
 _24595_/X
 _24596_/X
 _24597_/X
 _24598_/X
 _24599_/X
 _24600_/X
 _24601_/X
 _24602_/X
 _24603_/X
 _24604_/X
 _24605_/X
 _24606_/X
 _24607_/X
 _24608_/X
 _24609_/X
 _24610_/X
 _24611_/X
 _24612_/X
 _24613_/X
 _24614_/X
 _24615_/Y
 _24616_/Y
 _24617_/X
 _24618_/Y
 _24619_/X
 _24620_/Y
 _24621_/Y
 _24622_/X
 _24623_/X
 _24624_/X
 _24625_/X
 _24626_/X
 _24627_/X
 _24628_/X
 _24629_/X
 _24630_/X
 _24631_/X
 _24632_/X
 _24633_/X
 _24634_/X
 _24635_/X
 _24636_/X
 _24637_/X
 _24638_/X
 _24639_/X
 _24640_/X
 _24641_/X
 _24642_/X
 _24643_/X
 _24644_/X
 _24645_/X
 _24646_/X
 _24647_/X
 _24648_/X
 _24649_/X
 _24650_/X
 _24651_/X
 _24652_/X
 _24653_/X
 _24654_/X
 _24655_/X
 _24656_/X
 _24657_/X
 _24658_/X
 _24659_/X
 _24660_/X
 _24661_/X
 _24662_/X
 _24663_/X
 _24664_/X
 _24665_/X
 _24666_/X
 _24667_/X
 _24668_/X
 _24669_/X
 _24670_/X
 _24671_/X
 _24672_/X
 _24673_/X
 _24674_/X
 _24675_/X
 _24676_/X
 _24677_/X
 _24678_/X
 _24679_/X
 _24680_/X
 _24681_/X
 _24682_/X
 _24683_/X
 _24684_/X
 _24685_/X
 _24686_/X
 _24687_/X
 _24688_/X
 _24689_/X
 _24690_/X
 _24691_/X
 _24692_/X
 _24693_/X
 _24694_/X
 _24695_/X
 _24696_/X
 _24697_/X
 _24698_/X
 _24699_/X
 _24700_/X
 _24701_/X
 _24702_/X
 _24703_/X
 _24704_/X
 _24705_/X
 _24706_/X
 _24707_/X
 _24708_/X
 _24709_/X
 _24710_/X
 _24711_/X
 _24712_/X
 _24713_/X
 _24714_/X
 _24715_/X
 _24716_/X
 _24717_/X
 _24718_/X
 _24719_/X
 _24720_/X
 _24721_/X
 _24722_/X
 _24723_/X
 _24724_/X
 _24725_/X
 _24726_/X
 _24727_/X
 _24728_/X
 _24729_/X
 _24730_/X
 _24731_/X
 _24732_/X
 _24733_/X
 _24734_/X
 _24735_/X
 _24736_/X
 _24737_/X
 _24738_/X
 _24739_/X
 _24740_/X
 _24741_/X
 _24742_/X
 _24743_/X
 _24744_/X
 _24745_/X
 _24746_/X
 _24747_/X
 _24748_/X
 _24749_/X
 _24750_/X
 _24751_/X
 _24752_/X
 _24753_/X
 _24754_/X
 _24755_/X
 _24756_/X
 _24757_/X
 _24758_/X
 _24759_/X
 _24760_/X
 _24761_/X
 _24762_/X
 _24763_/X
 _24764_/X
 _24765_/X
 _24766_/X
 _24767_/X
 _24768_/X
 _24769_/X
 _24770_/X
 _24771_/X
 _24772_/X
 _24773_/X
 _24774_/X
 _24775_/X
 _24776_/X
 _24777_/X
 _24778_/X
 _24779_/X
 _24780_/X
 _24781_/X
 _24782_/X
 _24783_/X
 _24784_/X
 _24785_/X
 _24786_/X
 _24787_/X
 _24788_/X
 _24789_/X
 _24790_/X
 _24791_/X
 _24792_/X
 _24793_/X
 _24794_/X
 _24795_/X
 _24796_/X
 _24797_/X
 _24798_/X
 _24799_/X
 _24800_/X
 _24801_/X
 _24802_/X
 _24803_/X
 _24804_/X
 _24805_/X
 _24806_/X
 _24807_/X
 _24808_/Y
 _24809_/X
 _24810_/X
 _24811_/X
 _24812_/X
 _24813_/X
 _24814_/X
 _24815_/X
 _24816_/X
 _24817_/X
 _24818_/X
 _24819_/X
 _24820_/X
 _24821_/X
 _24822_/X
 _24823_/X
 _24824_/X
 _24825_/X
 _24826_/X
 _24827_/X
 _24828_/X
 _24829_/X
 _24830_/X
 _24831_/X
 _24832_/X
 _24833_/X
 _24834_/X
 _24835_/X
 _24836_/X
 _24837_/X
 _24838_/X
 _24839_/X
 _24840_/X
 _24841_/Y
 _24842_/X
 _24843_/X
 _24844_/X
 _24845_/X
 _24846_/X
 _24847_/X
 _24848_/X
 _24849_/X
 _24850_/X
 _24851_/X
 _24852_/X
 _24853_/X
 _24854_/X
 _24855_/X
 _24856_/X
 _24857_/X
 _24858_/X
 _24859_/X
 _24860_/X
 _24861_/X
 _24862_/X
 _24863_/X
 _24864_/X
 _24865_/X
 _24866_/X
 _24867_/X
 _24868_/X
 _24869_/X
 _24870_/X
 _24871_/X
 _24872_/X
 _24873_/X
 _24874_/Y
 _24875_/X
 _24876_/X
 _24877_/X
 _24878_/X
 _24879_/X
 _24880_/X
 _24881_/X
 _24882_/X
 _24883_/X
 _24884_/X
 _24885_/X
 _24886_/X
 _24887_/X
 _24888_/X
 _24889_/X
 _24890_/X
 _24891_/X
 _24892_/X
 _24893_/X
 _24894_/X
 _24895_/X
 _24896_/X
 _24897_/X
 _24898_/X
 _24899_/X
 _24900_/X
 _24901_/X
 _24902_/X
 _24903_/X
 _24904_/X
 _24905_/X
 _24906_/X
 _24907_/Y
 _24908_/X
 _24909_/X
 _24910_/X
 _24911_/X
 _24912_/X
 _24913_/X
 _24914_/X
 _24915_/X
 _24916_/X
 _24917_/X
 _24918_/X
 _24919_/X
 _24920_/X
 _24921_/X
 _24922_/X
 _24923_/X
 _24924_/X
 _24925_/X
 _24926_/X
 _24927_/X
 _24928_/X
 _24929_/X
 _24930_/X
 _24931_/X
 _24932_/X
 _24933_/X
 _24934_/X
 _24935_/X
 _24936_/X
 _24937_/X
 _24938_/X
 _24939_/X
 _24940_/Y
 _24941_/X
 _24942_/X
 _24943_/X
 _24944_/X
 _24945_/X
 _24946_/X
 _24947_/X
 _24948_/X
 _24949_/X
 _24950_/X
 _24951_/X
 _24952_/X
 _24953_/X
 _24954_/X
 _24955_/X
 _24956_/X
 _24957_/X
 _24958_/X
 _24959_/X
 _24960_/X
 _24961_/X
 _24962_/X
 _24963_/X
 _24964_/X
 _24965_/X
 _24966_/X
 _24967_/X
 _24968_/X
 _24969_/X
 _24970_/X
 _24971_/X
 _24972_/X
 _24973_/X
 _24974_/X
 _24975_/X
 _24976_/X
 _24977_/X
 _24978_/X
 _24979_/X
 _24980_/X
 _24981_/X
 _24982_/X
 _24983_/X
 _24984_/X
 _24985_/X
 _24986_/X
 _24987_/X
 _24988_/X
 _24989_/X
 _24990_/X
 _24991_/X
 _24992_/X
 _24993_/X
 _24994_/X
 _24995_/X
 _24996_/X
 _24997_/X
 _24998_/X
 _24999_/X
 _25000_/X
 _25001_/X
 _25002_/X
 _25003_/X
 _25004_/X
 _25005_/X
 _25006_/Y
 _25007_/X
 _25008_/X
 _25009_/X
 _25010_/X
 _25011_/X
 _25012_/X
 _25013_/X
 _25014_/X
 _25015_/X
 _25016_/X
 _25017_/X
 _25018_/X
 _25019_/X
 _25020_/X
 _25021_/X
 _25022_/X
 _25023_/X
 _25024_/X
 _25025_/X
 _25026_/X
 _25027_/X
 _25028_/X
 _25029_/X
 _25030_/X
 _25031_/X
 _25032_/X
 _25033_/X
 _25034_/X
 _25035_/X
 _25036_/X
 _25037_/X
 _25038_/X
 _25039_/Y
 _25040_/X
 _25041_/X
 _25042_/X
 _25043_/X
 _25044_/X
 _25045_/X
 _25046_/X
 _25047_/X
 _25048_/X
 _25049_/X
 _25050_/X
 _25051_/X
 _25052_/X
 _25053_/X
 _25054_/X
 _25055_/X
 _25056_/X
 _25057_/X
 _25058_/X
 _25059_/X
 _25060_/X
 _25061_/X
 _25062_/X
 _25063_/X
 _25064_/X
 _25065_/X
 _25066_/X
 _25067_/X
 _25068_/X
 _25069_/X
 _25070_/X
 _25071_/X
 _25072_/X
 _25073_/X
 _25074_/X
 _25075_/X
 _25076_/X
 _25077_/X
 _25078_/X
 _25079_/X
 _25080_/X
 _25081_/X
 _25082_/X
 _25083_/X
 _25084_/X
 _25085_/X
 _25086_/X
 _25087_/X
 _25088_/X
 _25089_/X
 _25090_/X
 _25091_/X
 _25092_/X
 _25093_/X
 _25094_/X
 _25095_/X
 _25096_/X
 _25097_/X
 _25098_/X
 _25099_/X
 _25100_/X
 _25101_/X
 _25102_/X
 _25103_/X
 _25104_/X
 _25105_/Y
 _25106_/X
 _25107_/X
 _25108_/X
 _25109_/X
 _25110_/X
 _25111_/X
 _25112_/X
 _25113_/X
 _25114_/X
 _25115_/X
 _25116_/X
 _25117_/X
 _25118_/X
 _25119_/X
 _25120_/X
 _25121_/X
 _25122_/X
 _25123_/X
 _25124_/X
 _25125_/X
 _25126_/X
 _25127_/X
 _25128_/X
 _25129_/X
 _25130_/X
 _25131_/X
 _25132_/X
 _25133_/X
 _25134_/X
 _25135_/X
 _25136_/X
 _25137_/X
 _25138_/Y
 _25139_/X
 _25140_/X
 _25141_/X
 _25142_/X
 _25143_/X
 _25144_/X
 _25145_/X
 _25146_/X
 _25147_/X
 _25148_/X
 _25149_/X
 _25150_/X
 _25151_/X
 _25152_/X
 _25153_/X
 _25154_/X
 _25155_/X
 _25156_/X
 _25157_/X
 _25158_/X
 _25159_/X
 _25160_/X
 _25161_/X
 _25162_/X
 _25163_/X
 _25164_/X
 _25165_/X
 _25166_/X
 _25167_/X
 _25168_/X
 _25169_/X
 _25170_/X
 _25171_/Y
 _25172_/X
 _25173_/X
 _25174_/X
 _25175_/X
 _25176_/X
 _25177_/X
 _25178_/X
 _25179_/X
 _25180_/X
 _25181_/X
 _25182_/X
 _25183_/X
 _25184_/X
 _25185_/X
 _25186_/X
 _25187_/X
 _25188_/X
 _25189_/X
 _25190_/X
 _25191_/X
 _25192_/X
 _25193_/X
 _25194_/X
 _25195_/X
 _25196_/X
 _25197_/X
 _25198_/X
 _25199_/X
 _25200_/X
 _25201_/X
 _25202_/X
 _25203_/X
 _25204_/X
 _25205_/X
 _25206_/X
 _25207_/X
 _25208_/X
 _25209_/X
 _25210_/X
 _25211_/X
 _25212_/X
 _25213_/X
 _25214_/X
 _25215_/X
 _25216_/X
 _25217_/X
 _25218_/X
 _25219_/X
 _25220_/X
 _25221_/X
 _25222_/X
 _25223_/X
 _25224_/X
 _25225_/X
 _25226_/X
 _25227_/X
 _25228_/X
 _25229_/X
 _25230_/X
 _25231_/X
 _25232_/X
 _25233_/X
 _25234_/X
 _25235_/X
 _25236_/X
 _25237_/Y
 _25238_/X
 _25239_/X
 _25240_/X
 _25241_/X
 _25242_/X
 _25243_/X
 _25244_/X
 _25245_/X
 _25246_/X
 _25247_/X
 _25248_/X
 _25249_/X
 _25250_/X
 _25251_/X
 _25252_/X
 _25253_/X
 _25254_/X
 _25255_/X
 _25256_/X
 _25257_/X
 _25258_/X
 _25259_/X
 _25260_/X
 _25261_/X
 _25262_/X
 _25263_/X
 _25264_/X
 _25265_/X
 _25266_/X
 _25267_/X
 _25268_/X
 _25269_/X
 _25270_/Y
 _25271_/X
 _25272_/X
 _25273_/X
 _25274_/X
 _25275_/X
 _25276_/X
 _25277_/X
 _25278_/X
 _25279_/X
 _25280_/X
 _25281_/X
 _25282_/X
 _25283_/X
 _25284_/X
 _25285_/X
 _25286_/X
 _25287_/X
 _25288_/X
 _25289_/X
 _25290_/X
 _25291_/X
 _25292_/X
 _25293_/X
 _25294_/X
 _25295_/X
 _25296_/X
 _25297_/X
 _25298_/X
 _25299_/X
 _25300_/X
 _25301_/X
 _25302_/X
 _25303_/Y
 _25304_/X
 _25305_/X
 _25306_/X
 _25307_/X
 _25308_/X
 _25309_/X
 _25310_/X
 _25311_/X
 _25312_/X
 _25313_/X
 _25314_/X
 _25315_/X
 _25316_/X
 _25317_/X
 _25318_/X
 _25319_/X
 _25320_/X
 _25321_/X
 _25322_/X
 _25323_/X
 _25324_/X
 _25325_/X
 _25326_/X
 _25327_/X
 _25328_/X
 _25329_/X
 _25330_/X
 _25331_/X
 _25332_/X
 _25333_/X
 _25334_/X
 _25335_/X
 _25336_/Y
 _25337_/X
 _25338_/X
 _25339_/X
 _25340_/X
 _25341_/X
 _25342_/X
 _25343_/X
 _25344_/X
 _25345_/X
 _25346_/X
 _25347_/X
 _25348_/X
 _25349_/X
 _25350_/X
 _25351_/X
 _25352_/X
 _25353_/X
 _25354_/X
 _25355_/X
 _25356_/X
 _25357_/X
 _25358_/X
 _25359_/X
 _25360_/X
 _25361_/X
 _25362_/X
 _25363_/X
 _25364_/X
 _25365_/X
 _25366_/X
 _25367_/X
 _25368_/X
 _25369_/X
 _25370_/X
 _25371_/X
 _25372_/X
 _25373_/X
 _25374_/X
 _25375_/X
 _25376_/X
 _25377_/X
 _25378_/X
 _25379_/X
 _25380_/X
 _25381_/X
 _25382_/X
 _25383_/X
 _25384_/X
 _25385_/X
 _25386_/X
 _25387_/X
 _25388_/X
 _25389_/X
 _25390_/X
 _25391_/X
 _25392_/X
 _25393_/X
 _25394_/X
 _25395_/X
 _25396_/X
 _25397_/X
 _25398_/X
 _25399_/X
 _25400_/X
 _25401_/X
 _25402_/Y
 _25403_/X
 _25404_/X
 _25405_/X
 _25406_/X
 _25407_/X
 _25408_/X
 _25409_/X
 _25410_/X
 _25411_/X
 _25412_/X
 _25413_/X
 _25414_/X
 _25415_/X
 _25416_/X
 _25417_/X
 _25418_/X
 _25419_/X
 _25420_/X
 _25421_/X
 _25422_/X
 _25423_/X
 _25424_/X
 _25425_/X
 _25426_/X
 _25427_/X
 _25428_/X
 _25429_/X
 _25430_/X
 _25431_/X
 _25432_/X
 _25433_/X
 _25434_/X
 _25435_/Y
 _25436_/X
 _25437_/X
 _25438_/X
 _25439_/X
 _25440_/X
 _25441_/X
 _25442_/X
 _25443_/X
 _25444_/X
 _25445_/X
 _25446_/X
 _25447_/X
 _25448_/X
 _25449_/X
 _25450_/X
 _25451_/X
 _25452_/X
 _25453_/X
 _25454_/X
 _25455_/X
 _25456_/X
 _25457_/X
 _25458_/X
 _25459_/X
 _25460_/X
 _25461_/X
 _25462_/X
 _25463_/X
 _25464_/X
 _25465_/X
 _25466_/X
 _25467_/X
 _25468_/X
 _25469_/X
 _25470_/X
 _25471_/X
 _25472_/X
 _25473_/X
 _25474_/X
 _25475_/X
 _25476_/X
 _25477_/X
 _25478_/X
 _25479_/X
 _25480_/X
 _25481_/X
 _25482_/X
 _25483_/X
 _25484_/X
 _25485_/X
 _25486_/X
 _25487_/X
 _25488_/X
 _25489_/X
 _25490_/X
 _25491_/X
 _25492_/X
 _25493_/X
 _25494_/X
 _25495_/X
 _25496_/X
 _25497_/X
 _25498_/X
 _25499_/X
 _25500_/X
 _25501_/X
 _25502_/X
 _25503_/X
 _25504_/X
 _25505_/X
 _25506_/X
 _25507_/X
 _25508_/X
 _25509_/X
 _25510_/X
 _25511_/X
 _25512_/X
 _25513_/X
 _25514_/X
 _25515_/X
 _25516_/X
 _25517_/X
 _25518_/X
 _25519_/X
 _25520_/X
 _25521_/X
 _25522_/X
 _25523_/X
 _25524_/X
 _25525_/X
 _25526_/X
 _25527_/X
 _25528_/X
 _25529_/X
 _25530_/X
 _25531_/X
 _25532_/X
 _25533_/X
 _25534_/X
 _25535_/X
 _25536_/X
 _25537_/X
 _25538_/X
 _25539_/X
 _25540_/X
 _25541_/X
 _25542_/X
 _25543_/X
 _25544_/X
 _25545_/X
 _25546_/X
 _25547_/X
 _25548_/X
 _25549_/X
 _25550_/X
 _25551_/X
 _25552_/X
 _25553_/X
 _25554_/X
 _25555_/X
 _25556_/X
 _25557_/X
 _25558_/X
 _25559_/X
 _25560_/X
 _25561_/X
 _25562_/X
 _25563_/X
 _25564_/X
 _25565_/X
 _25566_/X
 _25567_/Y
 _25568_/X
 _25569_/X
 _25570_/X
 _25571_/X
 _25572_/X
 _25573_/X
 _25574_/X
 _25575_/X
 _25576_/X
 _25577_/X
 _25578_/X
 _25579_/X
 _25580_/X
 _25581_/X
 _25582_/X
 _25583_/X
 _25584_/X
 _25585_/X
 _25586_/X
 _25587_/X
 _25588_/X
 _25589_/X
 _25590_/X
 _25591_/X
 _25592_/X
 _25593_/X
 _25594_/X
 _25595_/X
 _25596_/X
 _25597_/X
 _25598_/X
 _25599_/X
 _25600_/X
 _25601_/X
 _25602_/X
 _25603_/X
 _25604_/X
 _25605_/X
 _25606_/X
 _25607_/X
 _25608_/X
 _25609_/X
 _25610_/X
 _25611_/X
 _25612_/X
 _25613_/X
 _25614_/X
 _25615_/X
 _25616_/X
 _25617_/X
 _25618_/X
 _25619_/X
 _25620_/X
 _25621_/X
 _25622_/X
 _25623_/X
 _25624_/X
 _25625_/X
 _25626_/X
 _25627_/X
 _25628_/X
 _25629_/X
 _25630_/X
 _25631_/X
 _25632_/X
 _25633_/Y
 _25634_/X
 _25635_/X
 _25636_/X
 _25637_/X
 _25638_/X
 _25639_/X
 _25640_/X
 _25641_/X
 _25642_/X
 _25643_/X
 _25644_/X
 _25645_/X
 _25646_/X
 _25647_/X
 _25648_/X
 _25649_/X
 _25650_/X
 _25651_/X
 _25652_/X
 _25653_/X
 _25654_/X
 _25655_/X
 _25656_/X
 _25657_/X
 _25658_/X
 _25659_/X
 _25660_/X
 _25661_/X
 _25662_/X
 _25663_/X
 _25664_/X
 _25665_/X
 _25666_/Y
 _25667_/X
 _25668_/X
 _25669_/X
 _25670_/X
 _25671_/X
 _25672_/X
 _25673_/X
 _25674_/X
 _25675_/X
 _25676_/X
 _25677_/X
 _25678_/X
 _25679_/X
 _25680_/X
 _25681_/X
 _25682_/X
 _25683_/X
 _25684_/X
 _25685_/X
 _25686_/X
 _25687_/X
 _25688_/X
 _25689_/X
 _25690_/X
 _25691_/X
 _25692_/X
 _25693_/X
 _25694_/X
 _25695_/X
 _25696_/X
 _25697_/X
 _25698_/X
 _25699_/Y
 _25700_/X
 _25701_/X
 _25702_/X
 _25703_/X
 _25704_/X
 _25705_/X
 _25706_/X
 _25707_/X
 _25708_/X
 _25709_/X
 _25710_/X
 _25711_/X
 _25712_/X
 _25713_/X
 _25714_/X
 _25715_/X
 _25716_/X
 _25717_/X
 _25718_/X
 _25719_/X
 _25720_/X
 _25721_/X
 _25722_/X
 _25723_/X
 _25724_/X
 _25725_/X
 _25726_/X
 _25727_/X
 _25728_/X
 _25729_/X
 _25730_/X
 _25731_/X
 _25732_/X
 _25733_/X
 _25734_/X
 _25735_/X
 _25736_/X
 _25737_/X
 _25738_/X
 _25739_/X
 _25740_/X
 _25741_/X
 _25742_/X
 _25743_/X
 _25744_/X
 _25745_/X
 _25746_/X
 _25747_/X
 _25748_/X
 _25749_/X
 _25750_/X
 _25751_/X
 _25752_/X
 _25753_/X
 _25754_/X
 _25755_/X
 _25756_/X
 _25757_/X
 _25758_/X
 _25759_/X
 _25760_/X
 _25761_/X
 _25762_/X
 _25763_/X
 _25764_/X
 _25765_/Y
 _25766_/X
 _25767_/X
 _25768_/X
 _25769_/X
 _25770_/X
 _25771_/X
 _25772_/X
 _25773_/X
 _25774_/X
 _25775_/X
 _25776_/X
 _25777_/X
 _25778_/X
 _25779_/X
 _25780_/X
 _25781_/X
 _25782_/X
 _25783_/X
 _25784_/X
 _25785_/X
 _25786_/X
 _25787_/X
 _25788_/X
 _25789_/X
 _25790_/X
 _25791_/X
 _25792_/X
 _25793_/X
 _25794_/X
 _25795_/X
 _25796_/X
 _25797_/X
 _25798_/Y
 _25799_/X
 _25800_/X
 _25801_/X
 _25802_/X
 _25803_/X
 _25804_/X
 _25805_/X
 _25806_/X
 _25807_/X
 _25808_/X
 _25809_/X
 _25810_/X
 _25811_/X
 _25812_/X
 _25813_/X
 _25814_/X
 _25815_/X
 _25816_/X
 _25817_/X
 _25818_/X
 _25819_/X
 _25820_/X
 _25821_/X
 _25822_/X
 _25823_/X
 _25824_/X
 _25825_/X
 _25826_/X
 _25827_/X
 _25828_/X
 _25829_/X
 _25830_/X
 _25831_/Y
 _25832_/X
 _25833_/X
 _25834_/X
 _25835_/X
 _25836_/X
 _25837_/X
 _25838_/X
 _25839_/X
 _25840_/X
 _25841_/X
 _25842_/X
 _25843_/X
 _25844_/X
 _25845_/X
 _25846_/X
 _25847_/X
 _25848_/X
 _25849_/X
 _25850_/X
 _25851_/X
 _25852_/X
 _25853_/X
 _25854_/X
 _25855_/X
 _25856_/X
 _25857_/X
 _25858_/X
 _25859_/X
 _25860_/X
 _25861_/X
 _25862_/X
 _25863_/X
 _25864_/Y
 _25865_/X
 _25866_/X
 _25867_/X
 _25868_/X
 _25869_/X
 _25870_/X
 _25871_/X
 _25872_/X
 _25873_/X
 _25874_/X
 _25875_/X
 _25876_/X
 _25877_/X
 _25878_/X
 _25879_/X
 _25880_/X
 _25881_/X
 _25882_/X
 _25883_/X
 _25884_/X
 _25885_/X
 _25886_/X
 _25887_/X
 _25888_/X
 _25889_/X
 _25890_/X
 _25891_/X
 _25892_/X
 _25893_/X
 _25894_/X
 _25895_/X
 _25896_/X
 _25897_/Y
 _25898_/X
 _25899_/X
 _25900_/X
 _25901_/X
 _25902_/X
 _25903_/X
 _25904_/X
 _25905_/X
 _25906_/X
 _25907_/X
 _25908_/X
 _25909_/X
 _25910_/X
 _25911_/X
 _25912_/X
 _25913_/X
 _25914_/X
 _25915_/X
 _25916_/X
 _25917_/X
 _25918_/X
 _25919_/X
 _25920_/X
 _25921_/X
 _25922_/X
 _25923_/X
 _25924_/X
 _25925_/X
 _25926_/X
 _25927_/X
 _25928_/X
 _25929_/X
 _25930_/Y
 _25931_/X
 _25932_/X
 _25933_/X
 _25934_/X
 _25935_/X
 _25936_/X
 _25937_/X
 _25938_/X
 _25939_/X
 _25940_/X
 _25941_/X
 _25942_/X
 _25943_/X
 _25944_/X
 _25945_/X
 _25946_/X
 _25947_/X
 _25948_/X
 _25949_/X
 _25950_/X
 _25951_/X
 _25952_/X
 _25953_/X
 _25954_/X
 _25955_/X
 _25956_/X
 _25957_/X
 _25958_/X
 _25959_/X
 _25960_/X
 _25961_/X
 _25962_/X
 _25963_/X
 _25964_/X
 _25965_/X
 _25966_/X
 _25967_/X
 _25968_/X
 _25969_/X
 _25970_/X
 _25971_/X
 _25972_/X
 _25973_/X
 _25974_/X
 _25975_/X
 _25976_/X
 _25977_/X
 _25978_/X
 _25979_/X
 _25980_/X
 _25981_/X
 _25982_/X
 _25983_/X
 _25984_/X
 _25985_/X
 _25986_/X
 _25987_/X
 _25988_/X
 _25989_/X
 _25990_/X
 _25991_/X
 _25992_/X
 _25993_/X
 _25994_/X
 _25995_/X
 _25996_/X
 _25997_/X
 _25998_/X
 _25999_/X
 _26000_/X
 _26001_/X
 _26002_/X
 _26003_/X
 _26004_/X
 _26005_/X
 _26006_/X
 _26007_/X
 _26008_/X
 _26009_/X
 _26010_/X
 _26011_/X
 _26012_/X
 _26013_/X
 _26014_/X
 _26015_/X
 _26016_/X
 _26017_/X
 _26018_/X
 _26019_/X
 _26020_/X
 _26021_/X
 _26022_/X
 _26023_/X
 _26024_/X
 _26025_/X
 _26026_/X
 _26027_/X
 _26028_/X
 _26029_/X
 _26030_/X
 _26031_/X
 _26032_/X
 _26033_/X
 _26034_/X
 _26035_/X
 _26036_/X
 _26037_/X
 _26038_/X
 _26039_/X
 _26040_/X
 _26041_/X
 _26042_/X
 _26043_/X
 _26044_/X
 _26045_/X
 _26046_/X
 _26047_/X
 _26048_/X
 _26049_/X
 _26050_/X
 _26051_/X
 _26052_/X
 _26053_/X
 _26054_/X
 _26055_/X
 _26056_/X
 _26057_/X
 _26058_/X
 _26059_/X
 _26060_/X
 _26061_/X
 _26062_/X
 _26063_/X
 _26064_/X
 _26065_/X
 _26066_/X
 _26067_/X
 _26068_/X
 _26069_/X
 _26070_/X
 _26071_/X
 _26072_/X
 _26073_/X
 _26074_/X
 _26075_/X
 _26076_/X
 _26077_/X
 _26078_/X
 _26079_/X
 _26080_/X
 _26081_/X
 _26082_/X
 _26083_/X
 _26084_/X
 _26085_/X
 _26086_/X
 _26087_/X
 _26088_/X
 _26089_/X
 _26090_/X
 _26091_/X
 _26092_/X
 _26093_/X
 _26094_/Y
 _26095_/X
 _26096_/X
 _26097_/X
 _26098_/X
 _26099_/X
 _26100_/X
 _26101_/X
 _26102_/X
 _26103_/X
 _26104_/X
 _26105_/X
 _26106_/X
 _26107_/X
 _26108_/X
 _26109_/X
 _26110_/X
 _26111_/X
 _26112_/X
 _26113_/X
 _26114_/X
 _26115_/X
 _26116_/X
 _26117_/X
 _26118_/X
 _26119_/X
 _26120_/X
 _26121_/X
 _26122_/X
 _26123_/X
 _26124_/X
 _26125_/X
 _26126_/X
 _26127_/X
 _26128_/X
 _26129_/X
 _26130_/X
 _26131_/X
 _26132_/X
 _26133_/X
 _26134_/X
 _26135_/X
 _26136_/X
 _26137_/X
 _26138_/X
 _26139_/X
 _26140_/X
 _26141_/X
 _26142_/X
 _26143_/X
 _26144_/X
 _26145_/X
 _26146_/X
 _26147_/X
 _26148_/X
 _26149_/X
 _26150_/X
 _26151_/X
 _26152_/X
 _26153_/X
 _26154_/X
 _26155_/X
 _26156_/X
 _26157_/X
 _26158_/X
 _26159_/X
 _26160_/X
 _26161_/X
 _26162_/X
 _26163_/X
 _26164_/X
 _26165_/X
 _26166_/X
 _26167_/X
 _26168_/X
 _26169_/X
 _26170_/X
 _26171_/X
 _26172_/X
 _26173_/X
 _26174_/X
 _26175_/X
 _26176_/X
 _26177_/X
 _26178_/X
 _26179_/X
 _26180_/X
 _26181_/X
 _26182_/X
 _26183_/X
 _26184_/X
 _26185_/X
 _26186_/X
 _26187_/X
 _26188_/X
 _26189_/X
 _26190_/X
 _26191_/X
 _26192_/X
 _26193_/X
 _26194_/X
 _26195_/X
 _26196_/X
 _26197_/X
 _26198_/X
 _26199_/X
 _26200_/X
 _26201_/X
 _26202_/X
 _26203_/X
 _26204_/X
 _26205_/X
 _26206_/X
 _26207_/X
 _26208_/X
 _26209_/X
 _26210_/X
 _26211_/X
 _26212_/X
 _26213_/X
 _26214_/X
 _26215_/X
 _26216_/X
 _26217_/X
 _26218_/X
 _26219_/X
 _26220_/X
 _26221_/X
 _26222_/X
 _26223_/X
 _26224_/X
 _26225_/X
 _26226_/Y
 _26227_/X
 _26228_/X
 _26229_/X
 _26230_/X
 _26231_/X
 _26232_/X
 _26233_/X
 _26234_/X
 _26235_/X
 _26236_/X
 _26237_/X
 _26238_/X
 _26239_/X
 _26240_/X
 _26241_/X
 _26242_/X
 _26243_/X
 _26244_/X
 _26245_/X
 _26246_/X
 _26247_/X
 _26248_/X
 _26249_/X
 _26250_/X
 _26251_/X
 _26252_/X
 _26253_/X
 _26254_/X
 _26255_/X
 _26256_/X
 _26257_/X
 _26258_/X
 _26259_/X
 _26260_/X
 _26261_/X
 _26262_/X
 _26263_/X
 _26264_/X
 _26265_/X
 _26266_/X
 _26267_/X
 _26268_/X
 _26269_/X
 _26270_/X
 _26271_/X
 _26272_/X
 _26273_/X
 _26274_/X
 _26275_/X
 _26276_/X
 _26277_/X
 _26278_/X
 _26279_/X
 _26280_/X
 _26281_/X
 _26282_/X
 _26283_/X
 _26284_/X
 _26285_/X
 _26286_/X
 _26287_/X
 _26288_/X
 _26289_/X
 _26290_/X
 _26291_/X
 _26292_/X
 _26293_/X
 _26294_/X
 _26295_/X
 _26296_/X
 _26297_/X
 _26298_/X
 _26299_/X
 _26300_/X
 _26301_/X
 _26302_/X
 _26303_/X
 _26304_/X
 _26305_/X
 _26306_/X
 _26307_/X
 _26308_/X
 _26309_/X
 _26310_/X
 _26311_/X
 _26312_/X
 _26313_/X
 _26314_/X
 _26315_/X
 _26316_/X
 _26317_/X
 _26318_/X
 _26319_/X
 _26320_/X
 _26321_/X
 _26322_/X
 _26323_/X
 _26324_/X
 _26325_/X
 _26326_/X
 _26327_/X
 _26328_/X
 _26329_/X
 _26330_/X
 _26331_/X
 _26332_/X
 _26333_/X
 _26334_/X
 _26335_/X
 _26336_/X
 _26337_/X
 _26338_/X
 _26339_/X
 _26340_/X
 _26341_/X
 _26342_/X
 _26343_/X
 _26344_/X
 _26345_/X
 _26346_/X
 _26347_/X
 _26348_/X
 _26349_/X
 _26350_/X
 _26351_/X
 _26352_/X
 _26353_/X
 _26354_/X
 _26355_/X
 _26356_/X
 _26357_/X
 _26358_/Y
 _26359_/X
 _26360_/X
 _26361_/X
 _26362_/X
 _26363_/X
 _26364_/X
 _26365_/X
 _26366_/X
 _26367_/X
 _26368_/X
 _26369_/X
 _26370_/X
 _26371_/X
 _26372_/X
 _26373_/X
 _26374_/X
 _26375_/X
 _26376_/X
 _26377_/X
 _26378_/X
 _26379_/X
 _26380_/X
 _26381_/X
 _26382_/X
 _26383_/X
 _26384_/X
 _26385_/X
 _26386_/X
 _26387_/X
 _26388_/X
 _26389_/X
 _26390_/X
 _26391_/X
 _26392_/X
 _26393_/X
 _26394_/X
 _26395_/X
 _26396_/X
 _26397_/X
 _26398_/X
 _26399_/X
 _26400_/X
 _26401_/X
 _26402_/X
 _26403_/X
 _26404_/X
 _26405_/X
 _26406_/X
 _26407_/X
 _26408_/X
 _26409_/X
 _26410_/X
 _26411_/X
 _26412_/X
 _26413_/X
 _26414_/X
 _26415_/X
 _26416_/X
 _26417_/X
 _26418_/X
 _26419_/X
 _26420_/X
 _26421_/X
 _26422_/X
 _26423_/X
 _26424_/Y
 _26425_/X
 _26426_/X
 _26427_/X
 _26428_/X
 _26429_/X
 _26430_/X
 _26431_/X
 _26432_/X
 _26433_/X
 _26434_/X
 _26435_/X
 _26436_/X
 _26437_/X
 _26438_/X
 _26439_/X
 _26440_/X
 _26441_/X
 _26442_/X
 _26443_/X
 _26444_/X
 _26445_/X
 _26446_/X
 _26447_/X
 _26448_/X
 _26449_/X
 _26450_/X
 _26451_/X
 _26452_/X
 _26453_/X
 _26454_/X
 _26455_/X
 _26456_/X
 _26457_/Y
 _26458_/X
 _26459_/X
 _26460_/X
 _26461_/X
 _26462_/X
 _26463_/X
 _26464_/X
 _26465_/X
 _26466_/X
 _26467_/X
 _26468_/X
 _26469_/X
 _26470_/X
 _26471_/X
 _26472_/X
 _26473_/X
 _26474_/X
 _26475_/X
 _26476_/X
 _26477_/X
 _26478_/X
 _26479_/X
 _26480_/X
 _26481_/X
 _26482_/X
 _26483_/X
 _26484_/X
 _26485_/X
 _26486_/X
 _26487_/X
 _26488_/X
 _26489_/X
 _26490_/Y
 _26491_/X
 _26492_/X
 _26493_/X
 _26494_/X
 _26495_/X
 _26496_/X
 _26497_/X
 _26498_/X
 _26499_/X
 _26500_/X
 _26501_/X
 _26502_/X
 _26503_/X
 _26504_/X
 _26505_/X
 _26506_/X
 _26507_/X
 _26508_/X
 _26509_/X
 _26510_/X
 _26511_/X
 _26512_/X
 _26513_/X
 _26514_/X
 _26515_/X
 _26516_/X
 _26517_/X
 _26518_/X
 _26519_/X
 _26520_/X
 _26521_/X
 _26522_/X
 _26523_/X
 _26524_/X
 _26525_/X
 _26526_/X
 _26527_/X
 _26528_/X
 _26529_/X
 _26530_/X
 _26531_/X
 _26532_/X
 _26533_/X
 _26534_/X
 _26535_/X
 _26536_/X
 _26537_/X
 _26538_/X
 _26539_/X
 _26540_/X
 _26541_/X
 _26542_/X
 _26543_/X
 _26544_/X
 _26545_/X
 _26546_/X
 _26547_/X
 _26548_/X
 _26549_/X
 _26550_/X
 _26551_/X
 _26552_/X
 _26553_/X
 _26554_/X
 _26555_/X
 _26556_/X
 _26557_/X
 _26558_/X
 _26559_/X
 _26560_/X
 _26561_/X
 _26562_/X
 _26563_/X
 _26564_/X
 _26565_/X
 _26566_/X
 _26567_/X
 _26568_/X
 _26569_/X
 _26570_/X
 _26571_/X
 _26572_/X
 _26573_/X
 _26574_/X
 _26575_/X
 _26576_/X
 _26577_/X
 _26578_/X
 _26579_/X
 _26580_/X
 _26581_/X
 _26582_/X
 _26583_/X
 _26584_/X
 _26585_/X
 _26586_/X
 _26587_/X
 _26588_/X
 _26589_/X
 _26590_/X
 _26591_/X
 _26592_/X
 _26593_/X
 _26594_/X
 _26595_/X
 _26596_/X
 _26597_/X
 _26598_/X
 _26599_/X
 _26600_/X
 _26601_/X
 _26602_/X
 _26603_/X
 _26604_/X
 _26605_/X
 _26606_/X
 _26607_/X
 _26608_/X
 _26609_/X
 _26610_/X
 _26611_/X
 _26612_/X
 _26613_/X
 _26614_/X
 _26615_/X
 _26616_/X
 _26617_/X
 _26618_/X
 _26619_/X
 _26620_/X
 _26621_/X
 _26622_/Y
 _26623_/X
 _26624_/X
 _26625_/X
 _26626_/X
 _26627_/X
 _26628_/X
 _26629_/X
 _26630_/X
 _26631_/X
 _26632_/X
 _26633_/X
 _26634_/X
 _26635_/X
 _26636_/X
 _26637_/X
 _26638_/X
 _26639_/X
 _26640_/X
 _26641_/X
 _26642_/X
 _26643_/X
 _26644_/X
 _26645_/X
 _26646_/X
 _26647_/X
 _26648_/X
 _26649_/X
 _26650_/X
 _26651_/X
 _26652_/X
 _26653_/X
 _26654_/X
 _26655_/X
 _26656_/X
 _26657_/X
 _26658_/X
 _26659_/X
 _26660_/X
 _26661_/X
 _26662_/X
 _26663_/X
 _26664_/X
 _26665_/X
 _26666_/X
 _26667_/X
 _26668_/X
 _26669_/X
 _26670_/X
 _26671_/X
 _26672_/X
 _26673_/X
 _26674_/X
 _26675_/X
 _26676_/X
 _26677_/X
 _26678_/X
 _26679_/X
 _26680_/X
 _26681_/X
 _26682_/X
 _26683_/X
 _26684_/X
 _26685_/X
 _26686_/X
 _26687_/X
 _26688_/Y
 _26689_/X
 _26690_/X
 _26691_/X
 _26692_/X
 _26693_/X
 _26694_/X
 _26695_/X
 _26696_/X
 _26697_/X
 _26698_/X
 _26699_/X
 _26700_/X
 _26701_/X
 _26702_/X
 _26703_/X
 _26704_/X
 _26705_/X
 _26706_/X
 _26707_/X
 _26708_/X
 _26709_/X
 _26710_/X
 _26711_/X
 _26712_/X
 _26713_/X
 _26714_/X
 _26715_/X
 _26716_/X
 _26717_/X
 _26718_/X
 _26719_/X
 _26720_/X
 _26721_/Y
 _26722_/X
 _26723_/X
 _26724_/X
 _26725_/X
 _26726_/X
 _26727_/X
 _26728_/X
 _26729_/X
 _26730_/X
 _26731_/X
 _26732_/X
 _26733_/X
 _26734_/X
 _26735_/X
 _26736_/X
 _26737_/X
 _26738_/X
 _26739_/X
 _26740_/X
 _26741_/X
 _26742_/X
 _26743_/X
 _26744_/X
 _26745_/X
 _26746_/X
 _26747_/X
 _26748_/X
 _26749_/X
 _26750_/X
 _26751_/X
 _26752_/X
 _26753_/X
 _26754_/Y
 _26755_/X
 _26756_/X
 _26757_/X
 _26758_/X
 _26759_/X
 _26760_/X
 _26761_/X
 _26762_/X
 _26763_/X
 _26764_/X
 _26765_/X
 _26766_/X
 _26767_/X
 _26768_/X
 _26769_/X
 _26770_/X
 _26771_/X
 _26772_/X
 _26773_/X
 _26774_/X
 _26775_/X
 _26776_/X
 _26777_/X
 _26778_/X
 _26779_/X
 _26780_/X
 _26781_/X
 _26782_/X
 _26783_/X
 _26784_/X
 _26785_/X
 _26786_/X
 _26787_/X
 _26788_/X
 _26789_/X
 _26790_/X
 _26791_/X
 _26792_/X
 _26793_/X
 _26794_/X
 _26795_/X
 _26796_/X
 _26797_/X
 _26798_/X
 _26799_/X
 _26800_/X
 _26801_/X
 _26802_/X
 _26803_/X
 _26804_/X
 _26805_/X
 _26806_/X
 _26807_/X
 _26808_/X
 _26809_/X
 _26810_/X
 _26811_/X
 _26812_/X
 _26813_/X
 _26814_/X
 _26815_/X
 _26816_/X
 _26817_/X
 _26818_/X
 _26819_/X
 _26820_/Y
 _26821_/X
 _26822_/X
 _26823_/X
 _26824_/X
 _26825_/X
 _26826_/X
 _26827_/X
 _26828_/X
 _26829_/X
 _26830_/X
 _26831_/X
 _26832_/X
 _26833_/X
 _26834_/X
 _26835_/X
 _26836_/X
 _26837_/X
 _26838_/X
 _26839_/X
 _26840_/X
 _26841_/X
 _26842_/X
 _26843_/X
 _26844_/X
 _26845_/X
 _26846_/X
 _26847_/X
 _26848_/X
 _26849_/X
 _26850_/X
 _26851_/X
 _26852_/X
 _26853_/Y
 _26854_/X
 _26855_/X
 _26856_/X
 _26857_/X
 _26858_/X
 _26859_/X
 _26860_/X
 _26861_/X
 _26862_/X
 _26863_/X
 _26864_/X
 _26865_/X
 _26866_/X
 _26867_/X
 _26868_/X
 _26869_/X
 _26870_/X
 _26871_/X
 _26872_/X
 _26873_/X
 _26874_/X
 _26875_/X
 _26876_/X
 _26877_/X
 _26878_/X
 _26879_/X
 _26880_/X
 _26881_/X
 _26882_/X
 _26883_/X
 _26884_/X
 _26885_/X
 _26886_/Y
 _26887_/X
 _26888_/X
 _26889_/X
 _26890_/X
 _26891_/X
 _26892_/X
 _26893_/X
 _26894_/X
 _26895_/X
 _26896_/X
 _26897_/X
 _26898_/X
 _26899_/X
 _26900_/X
 _26901_/X
 _26902_/X
 _26903_/X
 _26904_/X
 _26905_/X
 _26906_/X
 _26907_/X
 _26908_/X
 _26909_/X
 _26910_/X
 _26911_/X
 _26912_/X
 _26913_/X
 _26914_/X
 _26915_/X
 _26916_/X
 _26917_/X
 _26918_/X
 _26919_/Y
 _26920_/X
 _26921_/X
 _26922_/X
 _26923_/X
 _26924_/X
 _26925_/X
 _26926_/X
 _26927_/X
 _26928_/X
 _26929_/X
 _26930_/X
 _26931_/X
 _26932_/X
 _26933_/X
 _26934_/X
 _26935_/X
 _26936_/X
 _26937_/X
 _26938_/X
 _26939_/X
 _26940_/X
 _26941_/X
 _26942_/X
 _26943_/X
 _26944_/X
 _26945_/X
 _26946_/X
 _26947_/X
 _26948_/X
 _26949_/X
 _26950_/X
 _26951_/X
 _26952_/Y
 _26953_/X
 _26954_/X
 _26955_/X
 _26956_/X
 _26957_/X
 _26958_/X
 _26959_/X
 _26960_/X
 _26961_/X
 _26962_/X
 _26963_/X
 _26964_/X
 _26965_/X
 _26966_/X
 _26967_/X
 _26968_/X
 _26969_/X
 _26970_/X
 _26971_/X
 _26972_/X
 _26973_/X
 _26974_/X
 _26975_/X
 _26976_/X
 _26977_/X
 _26978_/X
 _26979_/X
 _26980_/X
 _26981_/X
 _26982_/X
 _26983_/X
 _26984_/X
 _26985_/Y
 _26986_/X
 _26987_/X
 _26988_/X
 _26989_/X
 _26990_/X
 _26991_/X
 _26992_/X
 _26993_/X
 _26994_/X
 _26995_/X
 _26996_/X
 _26997_/X
 _26998_/X
 _26999_/X
 _27000_/X
 _27001_/X
 _27002_/X
 _27003_/X
 _27004_/X
 _27005_/X
 _27006_/X
 _27007_/X
 _27008_/X
 _27009_/X
 _27010_/X
 _27011_/X
 _27012_/X
 _27013_/X
 _27014_/X
 _27015_/X
 _27016_/X
 _27017_/X
 _27018_/Y
 _27019_/X
 _27020_/X
 _27021_/X
 _27022_/X
 _27023_/X
 _27024_/X
 _27025_/X
 _27026_/X
 _27027_/X
 _27028_/X
 _27029_/X
 _27030_/X
 _27031_/X
 _27032_/X
 _27033_/X
 _27034_/X
 _27035_/X
 _27036_/X
 _27037_/X
 _27038_/X
 _27039_/X
 _27040_/X
 _27041_/X
 _27042_/X
 _27043_/X
 _27044_/X
 _27045_/X
 _27046_/X
 _27047_/X
 _27048_/X
 _27049_/X
 _27050_/X
 _27051_/X
 _27052_/X
 _27053_/X
 _27054_/X
 _27055_/X
 _27056_/X
 _27057_/X
 _27058_/X
 _27059_/X
 _27060_/X
 _27061_/X
 _27062_/X
 _27063_/X
 _27064_/X
 _27065_/X
 _27066_/X
 _27067_/X
 _27068_/X
 _27069_/X
 _27070_/X
 _27071_/X
 _27072_/X
 _27073_/X
 _27074_/X
 _27075_/X
 _27076_/X
 _27077_/X
 _27078_/X
 _27079_/X
 _27080_/X
 _27081_/X
 _27082_/X
 _27083_/X
 _27084_/X
 _27085_/X
 _27086_/X
 _27087_/X
 _27088_/X
 _27089_/X
 _27090_/X
 _27091_/X
 _27092_/X
 _27093_/X
 _27094_/X
 _27095_/X
 _27096_/X
 _27097_/X
 _27098_/X
 _27099_/X
 _27100_/X
 _27101_/X
 _27102_/X
 _27103_/X
 _27104_/X
 _27105_/X
 _27106_/X
 _27107_/X
 _27108_/X
 _27109_/X
 _27110_/X
 _27111_/X
 _27112_/X
 _27113_/X
 _27114_/X
 _27115_/X
 _27116_/X
 _27117_/X
 _27118_/X
 _27119_/X
 _27120_/X
 _27121_/X
 _27122_/X
 _27123_/X
 _27124_/X
 _27125_/X
 _27126_/X
 _27127_/X
 _27128_/X
 _27129_/X
 _27130_/X
 _27131_/X
 _27132_/X
 _27133_/X
 _27134_/X
 _27135_/X
 _27136_/X
 _27137_/X
 _27138_/X
 _27139_/X
 _27140_/X
 _27141_/X
 _27142_/X
 _27143_/X
 _27144_/X
 _27145_/X
 _27146_/X
 _27147_/X
 _27148_/X
 _27149_/X
 _27150_/Y
 _27151_/X
 _27152_/X
 _27153_/X
 _27154_/X
 _27155_/X
 _27156_/X
 _27157_/X
 _27158_/X
 _27159_/X
 _27160_/X
 _27161_/X
 _27162_/X
 _27163_/X
 _27164_/X
 _27165_/X
 _27166_/X
 _27167_/X
 _27168_/X
 _27169_/X
 _27170_/X
 _27171_/X
 _27172_/X
 _27173_/X
 _27174_/X
 _27175_/X
 _27176_/X
 _27177_/X
 _27178_/X
 _27179_/X
 _27180_/X
 _27181_/X
 _27182_/X
 _27183_/X
 _27184_/X
 _27185_/X
 _27186_/X
 _27187_/X
 _27188_/X
 _27189_/X
 _27190_/X
 _27191_/X
 _27192_/X
 _27193_/X
 _27194_/X
 _27195_/X
 _27196_/X
 _27197_/X
 _27198_/X
 _27199_/X
 _27200_/X
 _27201_/X
 _27202_/X
 _27203_/X
 _27204_/X
 _27205_/X
 _27206_/X
 _27207_/X
 _27208_/X
 _27209_/X
 _27210_/X
 _27211_/X
 _27212_/X
 _27213_/X
 _27214_/X
 _27215_/X
 _27216_/Y
 _27217_/X
 _27218_/X
 _27219_/X
 _27220_/X
 _27221_/X
 _27222_/X
 _27223_/X
 _27224_/X
 _27225_/X
 _27226_/X
 _27227_/X
 _27228_/X
 _27229_/X
 _27230_/X
 _27231_/X
 _27232_/X
 _27233_/X
 _27234_/X
 _27235_/X
 _27236_/X
 _27237_/X
 _27238_/X
 _27239_/X
 _27240_/X
 _27241_/X
 _27242_/X
 _27243_/X
 _27244_/X
 _27245_/X
 _27246_/X
 _27247_/X
 _27248_/X
 _27249_/Y
 _27250_/X
 _27251_/X
 _27252_/X
 _27253_/X
 _27254_/X
 _27255_/X
 _27256_/X
 _27257_/X
 _27258_/X
 _27259_/X
 _27260_/X
 _27261_/X
 _27262_/X
 _27263_/X
 _27264_/X
 _27265_/X
 _27266_/X
 _27267_/X
 _27268_/X
 _27269_/X
 _27270_/X
 _27271_/X
 _27272_/X
 _27273_/X
 _27274_/X
 _27275_/X
 _27276_/X
 _27277_/X
 _27278_/X
 _27279_/X
 _27280_/X
 _27281_/X
 _27282_/Y
 _27283_/X
 _27284_/X
 _27285_/X
 _27286_/X
 _27287_/X
 _27288_/X
 _27289_/X
 _27290_/X
 _27291_/X
 _27292_/X
 _27293_/X
 _27294_/X
 _27295_/X
 _27296_/X
 _27297_/X
 _27298_/X
 _27299_/X
 _27300_/X
 _27301_/X
 _27302_/X
 _27303_/X
 _27304_/X
 _27305_/X
 _27306_/X
 _27307_/X
 _27308_/X
 _27309_/X
 _27310_/X
 _27311_/X
 _27312_/X
 _27313_/X
 _27314_/X
 _27315_/X
 _27316_/X
 _27317_/X
 _27318_/X
 _27319_/X
 _27320_/X
 _27321_/X
 _27322_/X
 _27323_/X
 _27324_/X
 _27325_/X
 _27326_/X
 _27327_/X
 _27328_/X
 _27329_/X
 _27330_/X
 _27331_/X
 _27332_/X
 _27333_/X
 _27334_/X
 _27335_/X
 _27336_/X
 _27337_/X
 _27338_/X
 _27339_/X
 _27340_/X
 _27341_/X
 _27342_/X
 _27343_/X
 _27344_/X
 _27345_/X
 _27346_/X
 _27347_/X
 _27348_/X
 _27349_/X
 _27350_/X
 _27351_/X
 _27352_/X
 _27353_/X
 _27354_/X
 _27355_/X
 _27356_/X
 _27357_/X
 _27358_/X
 _27359_/X
 _27360_/X
 _27361_/X
 _27362_/X
 _27363_/X
 _27364_/X
 _27365_/X
 _27366_/X
 _27367_/X
 _27368_/X
 _27369_/X
 _27370_/X
 _27371_/X
 _27372_/X
 _27373_/X
 _27374_/X
 _27375_/X
 _27376_/X
 _27377_/X
 _27378_/X
 _27379_/X
 _27380_/X
 _27381_/Y
 _27382_/X
 _27383_/X
 _27384_/X
 _27385_/X
 _27386_/X
 _27387_/X
 _27388_/X
 _27389_/X
 _27390_/X
 _27391_/X
 _27392_/X
 _27393_/X
 _27394_/X
 _27395_/X
 _27396_/X
 _27397_/X
 _27398_/X
 _27399_/X
 _27400_/X
 _27401_/X
 _27402_/X
 _27403_/X
 _27404_/X
 _27405_/X
 _27406_/X
 _27407_/X
 _27408_/X
 _27409_/X
 _27410_/X
 _27411_/X
 _27412_/X
 _27413_/X
 _27414_/Y
 _27415_/X
 _27416_/X
 _27417_/X
 _27418_/X
 _27419_/X
 _27420_/X
 _27421_/X
 _27422_/X
 _27423_/X
 _27424_/X
 _27425_/X
 _27426_/X
 _27427_/X
 _27428_/X
 _27429_/X
 _27430_/X
 _27431_/X
 _27432_/X
 _27433_/X
 _27434_/X
 _27435_/X
 _27436_/X
 _27437_/X
 _27438_/X
 _27439_/X
 _27440_/X
 _27441_/X
 _27442_/X
 _27443_/X
 _27444_/X
 _27445_/X
 _27446_/X
 _27447_/Y
 _27448_/X
 _27449_/X
 _27450_/X
 _27451_/X
 _27452_/X
 _27453_/X
 _27454_/X
 _27455_/X
 _27456_/X
 _27457_/X
 _27458_/X
 _27459_/X
 _27460_/X
 _27461_/X
 _27462_/X
 _27463_/X
 _27464_/X
 _27465_/X
 _27466_/X
 _27467_/X
 _27468_/X
 _27469_/X
 _27470_/X
 _27471_/X
 _27472_/X
 _27473_/X
 _27474_/X
 _27475_/X
 _27476_/X
 _27477_/X
 _27478_/X
 _27479_/X
 _27480_/Y
 _27481_/X
 _27482_/X
 _27483_/X
 _27484_/X
 _27485_/X
 _27486_/X
 _27487_/X
 _27488_/X
 _27489_/X
 _27490_/X
 _27491_/X
 _27492_/X
 _27493_/X
 _27494_/X
 _27495_/X
 _27496_/X
 _27497_/X
 _27498_/X
 _27499_/X
 _27500_/X
 _27501_/X
 _27502_/X
 _27503_/X
 _27504_/X
 _27505_/X
 _27506_/X
 _27507_/X
 _27508_/X
 _27509_/X
 _27510_/X
 _27511_/X
 _27512_/X
 _27513_/Y
 _27514_/X
 _27515_/X
 _27516_/X
 _27517_/X
 _27518_/X
 _27519_/X
 _27520_/X
 _27521_/X
 _27522_/X
 _27523_/X
 _27524_/X
 _27525_/X
 _27526_/X
 _27527_/X
 _27528_/X
 _27529_/X
 _27530_/X
 _27531_/X
 _27532_/X
 _27533_/X
 _27534_/X
 _27535_/X
 _27536_/X
 _27537_/X
 _27538_/X
 _27539_/X
 _27540_/X
 _27541_/X
 _27542_/X
 _27543_/X
 _27544_/X
 _27545_/X
 _27546_/Y
 _27547_/X
 _27548_/X
 _27549_/X
 _27550_/X
 _27551_/X
 _27552_/X
 _27553_/X
 _27554_/X
 _27555_/X
 _27556_/X
 _27557_/X
 _27558_/X
 _27559_/X
 _27560_/X
 _27561_/X
 _27562_/X
 _27563_/X
 _27564_/X
 _27565_/X
 _27566_/X
 _27567_/X
 _27568_/X
 _27569_/X
 _27570_/X
 _27571_/X
 _27572_/X
 _27573_/X
 _27574_/X
 _27575_/X
 _27576_/X
 _27577_/X
 _27578_/X
 _27579_/X
 _27580_/X
 _27581_/X
 _27582_/X
 _27583_/X
 _27584_/X
 _27585_/X
 _27586_/X
 _27587_/X
 _27588_/X
 _27589_/X
 _27590_/X
 _27591_/X
 _27592_/X
 _27593_/X
 _27594_/X
 _27595_/X
 _27596_/X
 _27597_/X
 _27598_/X
 _27599_/X
 _27600_/X
 _27601_/X
 _27602_/X
 _27603_/X
 _27604_/X
 _27605_/X
 _27606_/X
 _27607_/X
 _27608_/X
 _27609_/X
 _27610_/X
 _27611_/X
 _27612_/X
 _27613_/X
 _27614_/X
 _27615_/X
 _27616_/X
 _27617_/X
 _27618_/X
 _27619_/X
 _27620_/X
 _27621_/X
 _27622_/X
 _27623_/X
 _27624_/X
 _27625_/X
 _27626_/X
 _27627_/X
 _27628_/X
 _27629_/X
 _27630_/X
 _27631_/X
 _27632_/X
 _27633_/X
 _27634_/X
 _27635_/X
 _27636_/X
 _27637_/X
 _27638_/X
 _27639_/X
 _27640_/X
 _27641_/X
 _27642_/X
 _27643_/X
 _27644_/X
 _27645_/X
 _27646_/X
 _27647_/X
 _27648_/X
 _27649_/X
 _27650_/X
 _27651_/X
 _27652_/X
 _27653_/X
 _27654_/X
 _27655_/X
 _27656_/X
 _27657_/X
 _27658_/X
 _27659_/X
 _27660_/X
 _27661_/X
 _27662_/X
 _27663_/X
 _27664_/X
 _27665_/X
 _27666_/X
 _27667_/X
 _27668_/X
 _27669_/X
 _27670_/X
 _27671_/X
 _27672_/X
 _27673_/X
 _27674_/X
 _27675_/X
 _27676_/X
 _27677_/X
 _27678_/X
 _27679_/X
 _27680_/X
 _27681_/X
 _27682_/X
 _27683_/X
 _27684_/X
 _27685_/X
 _27686_/X
 _27687_/X
 _27688_/X
 _27689_/X
 _27690_/X
 _27691_/X
 _27692_/X
 _27693_/X
 _27694_/X
 _27695_/X
 _27696_/X
 _27697_/X
 _27698_/X
 _27699_/X
 _27700_/X
 _27701_/X
 _27702_/X
 _27703_/X
 _27704_/X
 _27705_/X
 _27706_/X
 _27707_/X
 _27708_/X
 _27709_/X
 _27710_/X
 _27711_/X
 _27712_/X
 _27713_/X
 _27714_/X
 _27715_/X
 _27716_/X
 _27717_/X
 _27718_/X
 _27719_/X
 _27720_/X
 _27721_/X
 _27722_/X
 _27723_/X
 _27724_/X
 _27725_/X
 _27726_/X
 _27727_/X
 _27728_/X
 _27729_/X
 _27730_/X
 _27731_/X
 _27732_/X
 _27733_/X
 _27734_/X
 _27735_/X
 _27736_/X
 _27737_/X
 _27738_/X
 _27739_/X
 _27740_/X
 _27741_/X
 _27742_/X
 _27743_/X
 _27744_/Y
 _27745_/X
 _27746_/X
 _27747_/X
 _27748_/X
 _27749_/X
 _27750_/X
 _27751_/X
 _27752_/X
 _27753_/X
 _27754_/X
 _27755_/X
 _27756_/X
 _27757_/X
 _27758_/X
 _27759_/X
 _27760_/X
 _27761_/X
 _27762_/X
 _27763_/X
 _27764_/X
 _27765_/X
 _27766_/X
 _27767_/X
 _27768_/X
 _27769_/X
 _27770_/X
 _27771_/X
 _27772_/X
 _27773_/X
 _27774_/X
 _27775_/X
 _27776_/X
 _27777_/Y
 _27778_/X
 _27779_/X
 _27780_/X
 _27781_/X
 _27782_/X
 _27783_/X
 _27784_/X
 _27785_/X
 _27786_/X
 _27787_/X
 _27788_/X
 _27789_/X
 _27790_/X
 _27791_/X
 _27792_/X
 _27793_/X
 _27794_/X
 _27795_/X
 _27796_/X
 _27797_/X
 _27798_/X
 _27799_/X
 _27800_/X
 _27801_/X
 _27802_/X
 _27803_/X
 _27804_/X
 _27805_/X
 _27806_/X
 _27807_/X
 _27808_/X
 _27809_/X
 _27810_/Y
 _27811_/X
 _27812_/X
 _27813_/X
 _27814_/X
 _27815_/X
 _27816_/X
 _27817_/X
 _27818_/X
 _27819_/X
 _27820_/X
 _27821_/X
 _27822_/X
 _27823_/X
 _27824_/X
 _27825_/X
 _27826_/X
 _27827_/X
 _27828_/X
 _27829_/X
 _27830_/X
 _27831_/X
 _27832_/X
 _27833_/X
 _27834_/X
 _27835_/X
 _27836_/X
 _27837_/X
 _27838_/X
 _27839_/X
 _27840_/X
 _27841_/X
 _27842_/X
 _27843_/X
 _27844_/X
 _27845_/X
 _27846_/X
 _27847_/X
 _27848_/X
 _27849_/X
 _27850_/X
 _27851_/X
 _27852_/X
 _27853_/X
 _27854_/X
 _27855_/X
 _27856_/X
 _27857_/X
 _27858_/X
 _27859_/X
 _27860_/X
 _27861_/X
 _27862_/X
 _27863_/X
 _27864_/X
 _27865_/X
 _27866_/X
 _27867_/X
 _27868_/X
 _27869_/X
 _27870_/X
 _27871_/X
 _27872_/X
 _27873_/X
 _27874_/X
 _27875_/X
 _27876_/Y
 _27877_/X
 _27878_/X
 _27879_/X
 _27880_/X
 _27881_/X
 _27882_/X
 _27883_/X
 _27884_/X
 _27885_/X
 _27886_/X
 _27887_/X
 _27888_/X
 _27889_/X
 _27890_/X
 _27891_/X
 _27892_/X
 _27893_/X
 _27894_/X
 _27895_/X
 _27896_/X
 _27897_/X
 _27898_/X
 _27899_/X
 _27900_/X
 _27901_/X
 _27902_/X
 _27903_/X
 _27904_/X
 _27905_/X
 _27906_/X
 _27907_/X
 _27908_/X
 _27909_/Y
 _27910_/X
 _27911_/X
 _27912_/X
 _27913_/X
 _27914_/X
 _27915_/X
 _27916_/X
 _27917_/X
 _27918_/X
 _27919_/X
 _27920_/X
 _27921_/X
 _27922_/X
 _27923_/X
 _27924_/X
 _27925_/X
 _27926_/X
 _27927_/X
 _27928_/X
 _27929_/X
 _27930_/X
 _27931_/X
 _27932_/X
 _27933_/X
 _27934_/X
 _27935_/X
 _27936_/X
 _27937_/X
 _27938_/X
 _27939_/X
 _27940_/X
 _27941_/X
 _27942_/Y
 _27943_/X
 _27944_/X
 _27945_/X
 _27946_/X
 _27947_/X
 _27948_/X
 _27949_/X
 _27950_/X
 _27951_/X
 _27952_/X
 _27953_/X
 _27954_/X
 _27955_/X
 _27956_/X
 _27957_/X
 _27958_/X
 _27959_/X
 _27960_/X
 _27961_/X
 _27962_/X
 _27963_/X
 _27964_/X
 _27965_/X
 _27966_/X
 _27967_/X
 _27968_/X
 _27969_/X
 _27970_/X
 _27971_/X
 _27972_/X
 _27973_/X
 _27974_/X
 _27975_/Y
 _27976_/X
 _27977_/X
 _27978_/X
 _27979_/X
 _27980_/X
 _27981_/X
 _27982_/X
 _27983_/X
 _27984_/X
 _27985_/X
 _27986_/X
 _27987_/X
 _27988_/X
 _27989_/X
 _27990_/X
 _27991_/X
 _27992_/X
 _27993_/X
 _27994_/X
 _27995_/X
 _27996_/X
 _27997_/X
 _27998_/X
 _27999_/X
 _28000_/X
 _28001_/X
 _28002_/X
 _28003_/X
 _28004_/X
 _28005_/X
 _28006_/X
 _28007_/X
 _28008_/X
 _28009_/X
 _28010_/X
 _28011_/X
 _28012_/X
 _28013_/X
 _28014_/X
 _28015_/X
 _28016_/X
 _28017_/X
 _28018_/X
 _28019_/X
 _28020_/X
 _28021_/X
 _28022_/X
 _28023_/X
 _28024_/X
 _28025_/X
 _28026_/X
 _28027_/X
 _28028_/X
 _28029_/X
 _28030_/X
 _28031_/X
 _28032_/X
 _28033_/X
 _28034_/X
 _28035_/X
 _28036_/X
 _28037_/X
 _28038_/X
 _28039_/X
 _28040_/X
 _28041_/Y
 _28042_/X
 _28043_/X
 _28044_/X
 _28045_/X
 _28046_/X
 _28047_/X
 _28048_/X
 _28049_/X
 _28050_/X
 _28051_/X
 _28052_/X
 _28053_/X
 _28054_/X
 _28055_/X
 _28056_/X
 _28057_/X
 _28058_/X
 _28059_/X
 _28060_/X
 _28061_/X
 _28062_/X
 _28063_/X
 _28064_/X
 _28065_/X
 _28066_/X
 _28067_/X
 _28068_/X
 _28069_/X
 _28070_/X
 _28071_/X
 _28072_/X
 _28073_/X
 _28074_/Y
 _28075_/X
 _28076_/X
 _28077_/X
 _28078_/X
 _28079_/X
 _28080_/X
 _28081_/X
 _28082_/X
 _28083_/X
 _28084_/X
 _28085_/X
 _28086_/X
 _28087_/X
 _28088_/X
 _28089_/X
 _28090_/X
 _28091_/X
 _28092_/X
 _28093_/X
 _28094_/X
 _28095_/X
 _28096_/X
 _28097_/X
 _28098_/X
 _28099_/X
 _28100_/X
 _28101_/X
 _28102_/X
 _28103_/X
 _28104_/X
 _28105_/X
 _28106_/X
 _28107_/Y
 _28108_/X
 _28109_/X
 _28110_/X
 _28111_/X
 _28112_/X
 _28113_/X
 _28114_/X
 _28115_/X
 _28116_/X
 _28117_/X
 _28118_/X
 _28119_/X
 _28120_/X
 _28121_/X
 _28122_/X
 _28123_/X
 _28124_/X
 _28125_/X
 _28126_/X
 _28127_/X
 _28128_/X
 _28129_/X
 _28130_/X
 _28131_/X
 _28132_/X
 _28133_/X
 _28134_/X
 _28135_/X
 _28136_/X
 _28137_/X
 _28138_/X
 _28139_/X
 _28140_/Y
 _28141_/X
 _28142_/X
 _28143_/X
 _28144_/X
 _28145_/X
 _28146_/X
 _28147_/X
 _28148_/X
 _28149_/X
 _28150_/X
 _28151_/X
 _28152_/X
 _28153_/X
 _28154_/X
 _28155_/X
 _28156_/X
 _28157_/X
 _28158_/X
 _28159_/X
 _28160_/X
 _28161_/X
 _28162_/X
 _28163_/X
 _28164_/X
 _28165_/X
 _28166_/X
 _28167_/X
 _28168_/X
 _28169_/X
 _28170_/X
 _28171_/X
 _28172_/X
 _28173_/Y
 _28174_/X
 _28175_/X
 _28176_/X
 _28177_/X
 _28178_/X
 _28179_/X
 _28180_/X
 _28181_/X
 _28182_/X
 _28183_/X
 _28184_/X
 _28185_/X
 _28186_/X
 _28187_/X
 _28188_/X
 _28189_/X
 _28190_/X
 _28191_/X
 _28192_/X
 _28193_/X
 _28194_/X
 _28195_/X
 _28196_/X
 _28197_/X
 _28198_/X
 _28199_/X
 _28200_/X
 _28201_/X
 _28202_/X
 _28203_/X
 _28204_/X
 _28205_/X
 _28206_/Y
 _28207_/X
 _28208_/X
 _28209_/X
 _28210_/X
 _28211_/X
 _28212_/X
 _28213_/X
 _28214_/X
 _28215_/X
 _28216_/X
 _28217_/X
 _28218_/X
 _28219_/X
 _28220_/X
 _28221_/X
 _28222_/X
 _28223_/X
 _28224_/X
 _28225_/X
 _28226_/X
 _28227_/X
 _28228_/X
 _28229_/X
 _28230_/X
 _28231_/X
 _28232_/X
 _28233_/X
 _28234_/X
 _28235_/X
 _28236_/X
 _28237_/X
 _28238_/X
 _28239_/Y
 _28240_/X
 _28241_/X
 _28242_/X
 _28243_/X
 _28244_/X
 _28245_/X
 _28246_/X
 _28247_/X
 _28248_/X
 _28249_/X
 _28250_/X
 _28251_/X
 _28252_/X
 _28253_/X
 _28254_/X
 _28255_/X
 _28256_/X
 _28257_/X
 _28258_/X
 _28259_/X
 _28260_/X
 _28261_/X
 _28262_/X
 _28263_/X
 _28264_/X
 _28265_/X
 _28266_/X
 _28267_/X
 _28268_/X
 _28269_/X
 _28270_/X
 _28271_/X
 _28272_/Y
 _28273_/X
 _28274_/X
 _28275_/X
 _28276_/X
 _28277_/X
 _28278_/X
 _28279_/X
 _28280_/X
 _28281_/X
 _28282_/X
 _28283_/X
 _28284_/X
 _28285_/X
 _28286_/X
 _28287_/X
 _28288_/X
 _28289_/X
 _28290_/X
 _28291_/X
 _28292_/X
 _28293_/X
 _28294_/X
 _28295_/X
 _28296_/X
 _28297_/X
 _28298_/X
 _28299_/X
 _28300_/X
 _28301_/X
 _28302_/X
 _28303_/X
 _28304_/X
 _28305_/X
 _28306_/X
 _28307_/X
 _28308_/X
 _28309_/X
 _28310_/X
 _28311_/X
 _28312_/X
 _28313_/X
 _28314_/X
 _28315_/X
 _28316_/X
 _28317_/X
 _28318_/X
 _28319_/X
 _28320_/X
 _28321_/X
 _28322_/X
 _28323_/X
 _28324_/X
 _28325_/X
 _28326_/X
 _28327_/X
 _28328_/X
 _28329_/X
 _28330_/Q
 _28331_/Q
 _28332_/Q
 _28333_/Q
 _28334_/Q
 _28335_/Q
 _28336_/Q
 _28337_/Q
 _28338_/Q
 _28339_/Q
 _28340_/Q
 _28341_/Q
 _28342_/Q
 _28343_/Q
 _28344_/Q
 _28345_/Q
 _28346_/Q
 _28347_/Q
 _28348_/Q
 _28349_/Q
 _28350_/Q
 _28351_/Q
 _28352_/Q
 _28353_/Q
 _28354_/Q
 _28355_/Q
 _28356_/Q
 _28357_/Q
 _28358_/Q
 _28359_/Q
 _28360_/Q
 _28361_/Q
 _28362_/Q
 _28363_/Q
 _28364_/Q
 _28365_/Q
 _28366_/Q
 _28367_/Q
 _28368_/Q
 _28369_/Q
 _28370_/Q
 _28371_/Q
 _28372_/Q
 _28373_/Q
 _28374_/Q
 _28375_/Q
 _28376_/Q
 _28377_/Q
 _28378_/Q
 _28379_/Q
 _28380_/Q
 _28381_/Q
 _28382_/Q
 _28383_/Q
 _28384_/Q
 _28385_/Q
 _28386_/Q
 _28387_/Q
 _28388_/Q
 _28389_/Q
 _28390_/Q
 _28391_/Q
 _28392_/Q
 _28393_/Q
 _28394_/Q
 _28395_/Q
 _28396_/Q
 _28397_/Q
 _28398_/Q
 _28399_/Q
 _28400_/Q
 _28401_/Q
 _28402_/Q
 _28403_/Q
 _28404_/Q
 _28405_/Q
 _28406_/Q
 _28407_/Q
 _28408_/Q
 _28409_/Q
 _28410_/Q
 _28411_/Q
 _28412_/Q
 _28413_/Q
 _28414_/Q
 _28415_/Q
 _28416_/Q
 _28417_/Q
 _28418_/Q
 _28419_/Q
 _28420_/Q
 _28421_/Q
 _28422_/Q
 _28423_/Q
 _28424_/Q
 _28425_/Q
 _28426_/Q
 _28427_/Q
 _28428_/Q
 _28429_/Q
 _28430_/Q
 _28431_/Q
 _28432_/Q
 _28433_/Q
 _28434_/Q
 _28435_/Q
 _28436_/Q
 _28437_/Q
 _28438_/Q
 _28439_/Q
 _28440_/Q
 _28441_/Q
 _28442_/Q
 _28443_/Q
 _28444_/Q
 _28445_/Q
 _28446_/Q
 _28447_/Q
 _28448_/Q
 _28449_/Q
 _28450_/Q
 _28451_/Q
 _28452_/Q
 _28453_/Q
 _28454_/Q
 _28455_/Q
 _28456_/Q
 _28457_/Q
 _28458_/Q
 _28459_/Q
 _28460_/Q
 _28461_/Q
 _28462_/Q
 _28463_/Q
 _28464_/Q
 _28465_/Q
 _28466_/Q
 _28467_/Q
 _28468_/Q
 _28469_/Q
 _28470_/Q
 _28471_/Q
 _28472_/Q
 _28473_/Q
 _28474_/Q
 _28475_/Q
 _28476_/Q
 _28477_/Q
 _28478_/Q
 _28479_/Q
 _28480_/Q
 _28481_/Q
 _28482_/Q
 _28483_/Q
 _28484_/Q
 _28485_/Q
 _28486_/Q
 _28487_/Q
 _28488_/Q
 _28489_/Q
 _28490_/Q
 _28491_/Q
 _28492_/Q
 _28493_/Q
 _28494_/Q
 _28495_/Q
 _28496_/Q
 _28497_/Q
 _28498_/Q
 _28499_/Q
 _28500_/Q
 _28501_/Q
 _28502_/Q
 _28503_/Q
 _28504_/Q
 _28505_/Q
 _28506_/Q
 _28507_/Q
 _28508_/Q
 _28509_/Q
 _28510_/Q
 _28511_/Q
 _28512_/Q
 _28513_/Q
 _28514_/Q
 _28515_/Q
 _28516_/Q
 _28517_/Q
 _28518_/Q
 _28519_/Q
 _28520_/Q
 _28521_/Q
 _28522_/Q
 _28523_/Q
 _28524_/Q
 _28525_/Q
 _28526_/Q
 _28527_/Q
 _28528_/Q
 _28529_/Q
 _28530_/Q
 _28531_/Q
 _28532_/Q
 _28533_/Q
 _28534_/Q
 _28535_/Q
 _28536_/Q
 _28537_/Q
 _28538_/Q
 _28539_/Q
 _28540_/Q
 _28541_/Q
 _28542_/Q
 _28543_/Q
 _28544_/Q
 _28545_/Q
 _28546_/Q
 _28547_/Q
 _28548_/Q
 _28549_/Q
 _28550_/Q
 _28551_/Q
 _28552_/Q
 _28553_/Q
 _28554_/Q
 _28555_/Q
 _28556_/Q
 _28557_/Q
 _28558_/Q
 _28559_/Q
 _28560_/Q
 _28561_/Q
 _28562_/Q
 _28563_/Q
 _28564_/Q
 _28565_/Q
 _28566_/Q
 _28567_/Q
 _28568_/Q
 _28569_/Q
 _28570_/Q
 _28571_/Q
 _28572_/Q
 _28573_/Q
 _28574_/Q
 _28575_/Q
 _28576_/Q
 _28577_/Q
 _28578_/Q
 _28579_/Q
 _28580_/Q
 _28581_/Q
 _28582_/Q
 _28583_/Q
 _28584_/Q
 _28585_/Q
 _28586_/Q
 _28587_/Q
 _28588_/Q
 _28589_/Q
 _28590_/Q
 _28591_/Q
 _28592_/Q
 _28593_/Q
 _28594_/Q
 _28595_/Q
 _28596_/Q
 _28597_/Q
 _28598_/Q
 _28599_/Q
 _28600_/Q
 _28601_/Q
 _28602_/Q
 _28603_/Q
 _28604_/Q
 _28605_/Q
 _28606_/Q
 _28607_/Q
 _28608_/Q
 _28609_/Q
 _28610_/Q
 _28611_/Q
 _28612_/Q
 _28613_/Q
 _28614_/Q
 _28615_/Q
 _28616_/Q
 _28617_/Q
 _28618_/Q
 _28619_/Q
 _28620_/Q
 _28621_/Q
 _28622_/Q
 _28623_/Q
 _28624_/Q
 _28625_/Q
 _28626_/Q
 _28627_/Q
 _28628_/Q
 _28629_/Q
 _28630_/Q
 _28631_/Q
 _28632_/Q
 _28633_/Q
 _28634_/Q
 _28635_/Q
 _28636_/Q
 _28637_/Q
 _28638_/Q
 _28639_/Q
 _28640_/Q
 _28641_/Q
 _28642_/Q
 _28643_/Q
 _28644_/Q
 _28645_/Q
 _28646_/Q
 _28647_/Q
 _28648_/Q
 _28649_/Q
 _28650_/Q
 _28651_/Q
 _28652_/Q
 _28653_/Q
 _28654_/Q
 _28655_/Q
 _28656_/Q
 _28657_/Q
 _28658_/Q
 _28659_/Q
 _28660_/Q
 _28661_/Q
 _28662_/Q
 _28663_/Q
 _28664_/Q
 _28665_/Q
 _28666_/Q
 _28667_/Q
 _28668_/Q
 _28669_/Q
 _28670_/Q
 _28671_/Q
 _28672_/Q
 _28673_/Q
 _28674_/Q
 _28675_/Q
 _28676_/Q
 _28677_/Q
 _28678_/Q
 _28679_/Q
 _28680_/Q
 _28681_/Q
 _28682_/Q
 _28683_/Q
 _28684_/Q
 _28685_/Q
 _28686_/Q
 _28687_/Q
 _28688_/Q
 _28689_/Q
 _28690_/Q
 _28691_/Q
 _28692_/Q
 _28693_/Q
 _28694_/Q
 _28695_/Q
 _28696_/Q
 _28697_/Q
 _28698_/Q
 _28699_/Q
 _28700_/Q
 _28701_/Q
 _28702_/Q
 _28703_/Q
 _28704_/Q
 _28705_/Q
 _28706_/Q
 _28707_/Q
 _28708_/Q
 _28709_/Q
 _28710_/Q
 _28711_/Q
 _28712_/Q
 _28713_/Q
 _28714_/Q
 _28715_/Q
 _28716_/Q
 _28717_/Q
 _28718_/Q
 _28719_/Q
 _28720_/Q
 _28721_/Q
 _28722_/Q
 _28723_/Q
 _28724_/Q
 _28725_/Q
 _28726_/Q
 _28727_/Q
 _28728_/Q
 _28729_/Q
 _28730_/Q
 _28731_/Q
 _28732_/Q
 _28733_/Q
 _28734_/Q
 _28735_/Q
 _28736_/Q
 _28737_/Q
 _28738_/Q
 _28739_/Q
 _28740_/Q
 _28741_/Q
 _28742_/Q
 _28743_/Q
 _28744_/Q
 _28745_/Q
 _28746_/Q
 _28747_/Q
 _28748_/Q
 _28749_/Q
 _28750_/Q
 _28751_/Q
 _28752_/Q
 _28753_/Q
 _28754_/Q
 _28755_/Q
 _28756_/Q
 _28757_/Q
 _28758_/Q
 _28759_/Q
 _28760_/Q
 _28761_/Q
 _28762_/Q
 _28763_/Q
 _28764_/Q
 _28765_/Q
 _28766_/Q
 _28767_/Q
 _28768_/Q
 _28769_/Q
 _28770_/Q
 _28771_/Q
 _28772_/Q
 _28773_/Q
 _28774_/Q
 _28775_/Q
 _28776_/Q
 _28777_/Q
 _28778_/Q
 _28779_/Q
 _28780_/Q
 _28781_/Q
 _28782_/Q
 _28783_/Q
 _28784_/Q
 _28785_/Q
 _28786_/Q
 _28787_/Q
 _28788_/Q
 _28789_/Q
 _28790_/Q
 _28791_/Q
 _28792_/Q
 _28793_/Q
 _28794_/Q
 _28795_/Q
 _28796_/Q
 _28797_/Q
 _28798_/Q
 _28799_/Q
 _28800_/Q
 _28801_/Q
 _28802_/Q
 _28803_/Q
 _28804_/Q
 _28805_/Q
 _28806_/Q
 _28807_/Q
 _28808_/Q
 _28809_/Q
 _28810_/Q
 _28811_/Q
 _28812_/Q
 _28813_/Q
 _28814_/Q
 _28815_/Q
 _28816_/Q
 _28817_/Q
 _28818_/Q
 _28819_/Q
 _28820_/Q
 _28821_/Q
 _28822_/Q
 _28823_/Q
 _28824_/Q
 _28825_/Q
 _28826_/Q
 _28827_/Q
 _28828_/Q
 _28829_/Q
 _28830_/Q
 _28831_/Q
 _28832_/Q
 _28833_/Q
 _28834_/Q
 _28835_/Q
 _28836_/Q
 _28837_/Q
 _28838_/Q
 _28839_/Q
 _28840_/Q
 _28841_/Q
 _28842_/Q
 _28843_/Q
 _28844_/Q
 _28845_/Q
 _28846_/Q
 _28847_/Q
 _28848_/Q
 _28849_/Q
 _28850_/Q
 _28851_/Q
 _28852_/Q
 _28853_/Q
 _28854_/Q
 _28855_/Q
 _28856_/Q
 _28857_/Q
 _28858_/Q
 _28859_/Q
 _28860_/Q
 _28861_/Q
 _28862_/Q
 _28863_/Q
 _28864_/Q
 _28865_/Q
 _28866_/Q
 _28867_/Q
 _28868_/Q
 _28869_/Q
 _28870_/Q
 _28871_/Q
 _28872_/Q
 _28873_/Q
 _28874_/Q
 _28875_/Q
 _28876_/Q
 _28877_/Q
 _28878_/Q
 _28879_/Q
 _28880_/Q
 _28881_/Q
 _28882_/Q
 _28883_/Q
 _28884_/Q
 _28885_/Q
 _28886_/Q
 _28887_/Q
 _28888_/Q
 _28889_/Q
 _28890_/Q
 _28891_/Q
 _28892_/Q
 _28893_/Q
 _28894_/Q
 _28895_/Q
 _28896_/Q
 _28897_/Q
 _28898_/Q
 _28899_/Q
 _28900_/Q
 _28901_/Q
 _28902_/Q
 _28903_/Q
 _28904_/Q
 _28905_/Q
 _28906_/Q
 _28907_/Q
 _28908_/Q
 _28909_/Q
 _28910_/Q
 _28911_/Q
 _28912_/Q
 _28913_/Q
 _28914_/Q
 _28915_/Q
 _28916_/Q
 _28917_/Q
 _28918_/Q
 _28919_/Q
 _28920_/Q
 _28921_/Q
 _28922_/Q
 _28923_/Q
 _28924_/Q
 _28925_/Q
 _28926_/Q
 _28927_/Q
 _28928_/Q
 _28929_/Q
 _28930_/Q
 _28931_/Q
 _28932_/Q
 _28933_/Q
 _28934_/Q
 _28935_/Q
 _28936_/Q
 _28937_/Q
 _28938_/Q
 _28939_/Q
 _28940_/Q
 _28941_/Q
 _28942_/Q
 _28943_/Q
 _28944_/Q
 _28945_/Q
 _28946_/Q
 _28947_/Q
 _28948_/Q
 _28949_/Q
 _28950_/Q
 _28951_/Q
 _28952_/Q
 _28953_/Q
 _28954_/Q
 _28955_/Q
 _28956_/Q
 _28957_/Q
 _28958_/Q
 _28959_/Q
 _28960_/Q
 _28961_/Q
 _28962_/Q
 _28963_/Q
 _28964_/Q
 _28965_/Q
 _28966_/Q
 _28967_/Q
 _28968_/Q
 _28969_/Q
 _28970_/Q
 _28971_/Q
 _28972_/Q
 _28973_/Q
 _28974_/Q
 _28975_/Q
 _28976_/Q
 _28977_/Q
 _28978_/Q
 _28979_/Q
 _28980_/Q
 _28981_/Q
 _28982_/Q
 _28983_/Q
 _28984_/Q
 _28985_/Q
 _28986_/Q
 _28987_/Q
 _28988_/Q
 _28989_/Q
 _28990_/Q
 _28991_/Q
 _28992_/Q
 _28993_/Q
 _28994_/Q
 _28995_/Q
 _28996_/Q
 _28997_/Q
 _28998_/Q
 _28999_/Q
 _29000_/Q
 _29001_/Q
 _29002_/Q
 _29003_/Q
 _29004_/Q
 _29005_/Q
 _29006_/Q
 _29007_/Q
 _29008_/Q
 _29009_/Q
 _29010_/Q
 _29011_/Q
 _29012_/Q
 _29013_/Q
 _29014_/Q
 _29015_/Q
 _29016_/Q
 _29017_/Q
 _29018_/Q
 _29019_/Q
 _29020_/Q
 _29021_/Q
 _29022_/Q
 _29023_/Q
 _29024_/Q
 _29025_/Q
 _29026_/Q
 _29027_/Q
 _29028_/Q
 _29029_/Q
 _29030_/Q
 _29031_/Q
 _29032_/Q
 _29033_/Q
 _29034_/Q
 _29035_/Q
 _29036_/Q
 _29037_/Q
 _29038_/Q
 _29039_/Q
 _29040_/Q
 _29041_/Q
 _29042_/Q
 _29043_/Q
 _29044_/Q
 _29045_/Q
 _29046_/Q
 _29047_/Q
 _29048_/Q
 _29049_/Q
 _29050_/Q
 _29051_/Q
 _29052_/Q
 _29053_/Q
 _29054_/Q
 _29055_/Q
 _29056_/Q
 _29057_/Q
 _29058_/Q
 _29059_/Q
 _29060_/Q
 _29061_/Q
 _29062_/Q
 _29063_/Q
 _29064_/Q
 _29065_/Q
 _29066_/Q
 _29067_/Q
 _29068_/Q
 _29069_/Q
 _29070_/Q
 _29071_/Q
 _29072_/Q
 _29073_/Q
 _29074_/Q
 _29075_/Q
 _29076_/Q
 _29077_/Q
 _29078_/Q
 _29079_/Q
 _29080_/Q
 _29081_/Q
 _29082_/Q
 _29083_/Q
 _29084_/Q
 _29085_/Q
 _29086_/Q
 _29087_/Q
 _29088_/Q
 _29089_/Q
 _29090_/Q
 _29091_/Q
 _29092_/Q
 _29093_/Q
 _29094_/Q
 _29095_/Q
 _29096_/Q
 _29097_/Q
 _29098_/Q
 _29099_/Q
 _29100_/Q
 _29101_/Q
 _29102_/Q
 _29103_/Q
 _29104_/Q
 _29105_/Q
 _29106_/Q
 _29107_/Q
 _29108_/Q
 _29109_/Q
 _29110_/Q
 _29111_/Q
 _29112_/Q
 _29113_/Q
 _29114_/Q
 _29115_/Q
 _29116_/Q
 _29117_/Q
 _29118_/Q
 _29119_/Q
 _29120_/Q
 _29121_/Q
 _29122_/Q
 _29123_/Q
 _29124_/Q
 _29125_/Q
 _29126_/Q
 _29127_/Q
 _29128_/Q
 _29129_/Q
 _29130_/Q
 _29131_/Q
 _29132_/Q
 _29133_/Q
 _29134_/Q
 _29135_/Q
 _29136_/Q
 _29137_/Q
 _29138_/Q
 _29139_/Q
 _29140_/Q
 _29141_/Q
 _29142_/Q
 _29143_/Q
 _29144_/Q
 _29145_/Q
 _29146_/Q
 _29147_/Q
 _29148_/Q
 _29149_/Q
 _29150_/Q
 _29151_/Q
 _29152_/Q
 _29153_/Q
 _29154_/Q
 _29155_/Q
 _29156_/Q
 _29157_/Q
 _29158_/Q
 _29159_/Q
 _29160_/Q
 _29161_/Q
 _29162_/Q
 _29163_/Q
 _29164_/Q
 _29165_/Q
 _29166_/Q
 _29167_/Q
 _29168_/Q
 _29169_/Q
 _29170_/Q
 _29171_/Q
 _29172_/Q
 _29173_/Q
 _29174_/Q
 _29175_/Q
 _29176_/Q
 _29177_/Q
 _29178_/Q
 _29179_/Q
 _29180_/Q
 _29181_/Q
 _29182_/Q
 _29183_/Q
 _29184_/Q
 _29185_/Q
 _29186_/Q
 _29187_/Q
 _29188_/Q
 _29189_/Q
 _29190_/Q
 _29191_/Q
 _29192_/Q
 _29193_/Q
 _29194_/Q
 _29195_/Q
 _29196_/Q
 _29197_/Q
 _29198_/Q
 _29199_/Q
 _29200_/Q
 _29201_/Q
 _29202_/Q
 _29203_/Q
 _29204_/Q
 _29205_/Q
 _29206_/Q
 _29207_/Q
 _29208_/Q
 _29209_/Q
 _29210_/Q
 _29211_/Q
 _29212_/Q
 _29213_/Q
 _29214_/Q
 _29215_/Q
 _29216_/Q
 _29217_/Q
 _29218_/Q
 _29219_/Q
 _29220_/Q
 _29221_/Q
 _29222_/Q
 _29223_/Q
 _29224_/Q
 _29225_/Q
 _29226_/Q
 _29227_/Q
 _29228_/Q
 _29229_/Q
 _29230_/Q
 _29231_/Q
 _29232_/Q
 _29233_/Q
 _29234_/Q
 _29235_/Q
 _29236_/Q
 _29237_/Q
 _29238_/Q
 _29239_/Q
 _29240_/Q
 _29241_/Q
 _29242_/Q
 _29243_/Q
 _29244_/Q
 _29245_/Q
 _29246_/Q
 _29247_/Q
 _29248_/Q
 _29249_/Q
 _29250_/Q
 _29251_/Q
 _29252_/Q
 _29253_/Q
 _29254_/Q
 _29255_/Q
 _29256_/Q
 _29257_/Q
 _29258_/Q
 _29259_/Q
 _29260_/Q
 _29261_/Q
 _29262_/Q
 _29263_/Q
 _29264_/Q
 _29265_/Q
 _29266_/Q
 _29267_/Q
 _29268_/Q
 _29269_/Q
 _29270_/Q
 _29271_/Q
 _29272_/Q
 _29273_/Q
 _29274_/Q
 _29275_/Q
 _29276_/Q
 _29277_/Q
 _29278_/Q
 _29279_/Q
 _29280_/Q
 _29281_/Q
 _29282_/Q
 _29283_/Q
 _29284_/Q
 _29285_/Q
 _29286_/Q
 _29287_/Q
 _29288_/Q
 _29289_/Q
 _29290_/Q
 _29291_/Q
 _29292_/Q
 _29293_/Q
 _29294_/Q
 _29295_/Q
 _29296_/Q
 _29297_/Q
 _29298_/Q
 _29299_/Q
 _29300_/Q
 _29301_/Q
 _29302_/Q
 _29303_/Q
 _29304_/Q
 _29305_/Q
 _29306_/Q
 _29307_/Q
 _29308_/Q
 _29309_/Q
 _29310_/Q
 _29311_/Q
 _29312_/Q
 _29313_/Q
 _29314_/Q
 _29315_/Q
 _29316_/Q
 _29317_/Q
 _29318_/Q
 _29319_/Q
 _29320_/Q
 _29321_/Q
 _29322_/Q
 _29323_/Q
 _29324_/Q
 _29325_/Q
 _29326_/Q
 _29327_/Q
 _29328_/Q
 _29329_/Q
 _29330_/Q
 _29331_/Q
 _29332_/Q
 _29333_/Q
 _29334_/Q
 _29335_/Q
 _29336_/Q
 _29337_/Q
 _29338_/Q
 _29339_/Q
 _29340_/Q
 _29341_/Q
 _29342_/Q
 _29343_/Q
 _29344_/Q
 _29345_/Q
 _29346_/Q
 _29347_/Q
 _29348_/Q
 _29349_/Q
 _29350_/Q
 _29351_/Q
 _29352_/Q
 _29353_/Q
 _29354_/Q
 _29355_/Q
 _29356_/Q
 _29357_/Q
 _29358_/Q
 _29359_/Q
 _29360_/Q
 _29361_/Q
 _29362_/Q
 _29363_/Q
 _29364_/Q
 _29365_/Q
 _29366_/Q
 _29367_/Q
 _29368_/Q
 _29369_/Q
 _29370_/Q
 _29371_/Q
 _29372_/Q
 _29373_/Q
 _29374_/Q
 _29375_/Q
 _29376_/Q
 _29377_/Q
 _29378_/Q
 _29379_/Q
 _29380_/Q
 _29381_/Q
 _29382_/Q
 _29383_/Q
 _29384_/Q
 _29385_/Q
 _29386_/Q
 _29387_/Q
 _29388_/Q
 _29389_/Q
 _29390_/Q
 _29391_/Q
 _29392_/Q
 _29393_/Q
 _29394_/Q
 _29395_/Q
 _29396_/Q
 _29397_/Q
 _29398_/Q
 _29399_/Q
 _29400_/Q
 _29401_/Q
 _29402_/Q
 _29403_/Q
 _29404_/Q
 _29405_/Q
 _29406_/Q
 _29407_/Q
 _29408_/Q
 _29409_/Q
 _29410_/Q
 _29411_/Q
 _29412_/Q
 _29413_/Q
 _29414_/Q
 _29415_/Q
 _29416_/Q
 _29417_/Q
 _29418_/Q
 _29419_/Q
 _29420_/Q
 _29421_/Q
 _29422_/Q
 _29423_/Q
 _29424_/Q
 _29425_/Q
 _29426_/Q
 _29427_/Q
 _29428_/Q
 _29429_/Q
 _29430_/Q
 _29431_/Q
 _29432_/Q
 _29433_/Q
 _29434_/Q
 _29435_/Q
 _29436_/Q
 _29437_/Q
 _29438_/Q
 _29439_/Q
 _29440_/Q
 _29441_/Q
 _29442_/Q
 _29443_/Q
 _29444_/Q
 _29445_/Q
 _29446_/Q
 _29447_/Q
 _29448_/Q
 _29449_/Q
 _29450_/Q
 _29451_/Q
 _29452_/Q
 _29453_/Q
 _29454_/Q
 _29455_/Q
 _29456_/Q
 _29457_/Q
 _29458_/Q
 _29459_/Q
 _29460_/Q
 _29461_/Q
 _29462_/Q
 _29463_/Q
 _29464_/Q
 _29465_/Q
 _29466_/Q
 _29467_/Q
 _29468_/Q
 _29469_/Q
 _29470_/Q
 _29471_/Q
 _29472_/Q
 _29473_/Q
 _29474_/Q
 _29475_/Q
 _29476_/Q
 _29477_/Q
 _29478_/Q
 _29479_/Q
 _29480_/Q
 _29481_/Q
 _29482_/Q
 _29483_/Q
 _29484_/Q
 _29485_/Q
 _29486_/Q
 _29487_/Q
 _29488_/Q
 _29489_/Q
 _29490_/Q
 _29491_/Q
 _29492_/Q
 _29493_/Q
 _29494_/Q
 _29495_/Q
 _29496_/Q
 _29497_/Q
 _29498_/Q
 _29499_/Q
 _29500_/Q
 _29501_/Q
 _29502_/Q
 _29503_/Q
 _29504_/Q
 _29505_/Q
 _29506_/Q
 _29507_/Q
 _29508_/Q
 _29509_/Q
 _29510_/Q
 _29511_/Q
 _29512_/Q
 _29513_/Q
 _29514_/Q
 _29515_/Q
 _29516_/Q
 _29517_/Q
 _29518_/Q
 _29519_/Q
 _29520_/Q
 _29521_/Q
 _29522_/Q
 _29523_/Q
 _29524_/Q
 _29525_/Q
 _29526_/Q
 _29527_/Q
 _29528_/Q
 _29529_/Q
 _29530_/Q
 _29531_/Q
 _29532_/Q
 _29533_/Q
 _29534_/Q
 _29535_/Q
 _29536_/Q
 _29537_/Q
 _29538_/Q
 _29539_/Q
 _29540_/Q
 _29541_/Q
 _29542_/Q
 _29543_/Q
 _29544_/Q
 _29545_/Q
 _29546_/Q
 _29547_/Q
 _29548_/Q
 _29549_/Q
 _29550_/Q
 _29551_/Q
 _29552_/Q
 _29553_/Q
 _29554_/Q
 _29555_/Q
 _29556_/Q
 _29557_/Q
 _29558_/Q
 _29559_/Q
 _29560_/Q
 _29561_/Q
 _29562_/Q
 _29563_/Q
 _29564_/Q
 _29565_/Q
 _29566_/Q
 _29567_/Q
 _29568_/Q
 _29569_/Q
 _29570_/Q
 _29571_/Q
 _29572_/Q
 _29573_/Q
 _29574_/Q
 _29575_/Q
 _29576_/Q
 _29577_/Q
 _29578_/Q
 _29579_/Q
 _29580_/Q
 _29581_/Q
 _29582_/Q
 _29583_/Q
 _29584_/Q
 _29585_/Q
 _29586_/Q
 _29587_/Q
 _29588_/Q
 _29589_/Q
 _29590_/Q
 _29591_/Q
 _29592_/Q
 _29593_/Q
 _29594_/Q
 _29595_/Q
 _29596_/Q
 _29597_/Q
 _29598_/Q
 _29599_/Q
 _29600_/Q
 _29601_/Q
 _29602_/Q
 _29603_/Q
 _29604_/Q
 _29605_/Q
 _29606_/Q
 _29607_/Q
 _29608_/Q
 _29609_/Q
 _29610_/Q
 _29611_/Q
 _29612_/Q
 _29613_/Q
 _29614_/Q
 _29615_/Q
 _29616_/Q
 _29617_/Q
 _29618_/Q
 _29619_/Q
 _29620_/Q
 _29621_/Q
 _29622_/Q
 _29623_/Q
 _29624_/Q
 _29625_/Q
 _29626_/Q
 _29627_/Q
 _29628_/Q
 _29629_/Q
 _29630_/Q
 _29631_/Q
 _29632_/Q
 _29633_/Q
 _29634_/Q
 _29635_/Q
 _29636_/Q
 _29637_/Q
 _29638_/Q
 _29639_/Q
 _29640_/Q
 _29641_/Q
 _29642_/Q
 _29643_/Q
 _29644_/Q
 _29645_/Q
 _29646_/Q
 _29647_/Q
 _29648_/Q
 _29649_/Q
 _29650_/Q
 _29651_/Q
 _29652_/Q
 _29653_/Q
 _29654_/Q
 _29655_/Q
 _29656_/Q
 _29657_/Q
 _29658_/Q
 _29659_/Q
 _29660_/Q
 _29661_/Q
 _29662_/Q
 _29663_/Q
 _29664_/Q
 _29665_/Q
 _29666_/Q
 _29667_/Q
 _29668_/Q
 _29669_/Q
 _29670_/Q
 _29671_/Q
 _29672_/Q
 _29673_/Q
 _29674_/Q
 _29675_/Q
 _29676_/Q
 _29677_/Q
 _29678_/Q
 _29679_/Q
 _29680_/Q
 _29681_/Q
 _29682_/Q
 _29683_/Q
 _29684_/Q
 _29685_/Q
 _29686_/Q
 _29687_/Q
 _29688_/Q
 _29689_/Q
 _29690_/Q
 _29691_/Q
 _29692_/Q
 _29693_/Q
 _29694_/Q
 _29695_/Q
 _29696_/Q
 _29697_/Q
 _29698_/Q
 _29699_/Q
 _29700_/Q
 _29701_/Q
 _29702_/Q
 _29703_/Q
 _29704_/Q
 _29705_/Q
 _29706_/Q
 _29707_/Q
 _29708_/Q
 _29709_/Q
 _29710_/Q
 _29711_/Q
 _29712_/Q
 _29713_/Q
 _29714_/Q
 _29715_/Q
 _29716_/Q
 _29717_/Q
 _29718_/Q
 _29719_/Q
 _29720_/Q
 _29721_/Q
 _29722_/Q
 _29723_/Q
 _29724_/Q
 _29725_/Q
 _29726_/Q
 _29727_/Q
 _29728_/Q
 _29729_/Q
 _29730_/Q
 _29731_/Q
 _29732_/Q
 _29733_/Q
 _29734_/Q
 _29735_/Q
 _29736_/Q
 _29737_/Q
 _29738_/Q
 _29739_/Q
 _29740_/Q
 _29741_/Q
 _29742_/Q
 _29743_/Q
 _29744_/Q
 _29745_/Q
 _29746_/Q
 _29747_/Q
 _29748_/Q
 _29749_/Q
 _29750_/Q
 _29751_/Q
 _29752_/Q
 _29753_/Q
 _29754_/Q
 _29755_/Q
 _29756_/Q
 _29757_/Q
 _29758_/Q
 _29759_/Q
 _29760_/Q
 _29761_/Q
 _29762_/Q
 _29763_/Q
 _29764_/Q
 _29765_/Q
 _29766_/Q
 _29767_/Q
 _29768_/Q
 _29769_/Q
 _29770_/Q
 _29771_/Q
 _29772_/Q
 _29773_/Q
 _29774_/Q
 _29775_/Q
 _29776_/Q
 _29777_/Q
 _29778_/Q
 _29779_/Q
 _29780_/Q
 _29781_/Q
 _29782_/Q
 _29783_/Q
 _29784_/Q
 _29785_/Q
 _29786_/Q
 _29787_/Q
 _29788_/Q
 _29789_/Q
 _29790_/Q
 _29791_/Q
 _29792_/Q
 _29793_/Q
 _29794_/Q
 _29795_/Q
 _29796_/Q
 _29797_/Q
 _29798_/Q
 _29799_/Q
 _29800_/Q
 _29801_/Q
 _29802_/Q
 _29803_/Q
 _29804_/Q
 _29805_/Q
 _29806_/Q
 _29807_/Q
 _29808_/Q
 _29809_/Q
 _29810_/Q
 _29811_/Q
 _29812_/Q
 _29813_/Q
 _29814_/Q
 _29815_/Q
 _29816_/Q
 _29817_/Q
 _29818_/Q
 _29819_/Q
 _29820_/Q
 _29821_/Q
 _29822_/Q
 _29823_/Q
 _29824_/Q
 _29825_/Q
 _29826_/Q
 _29827_/Q
 _29828_/Q
 _29829_/Q
 _29830_/Q
 _29831_/Q
 _29832_/Q
 _29833_/Q
 _29834_/Q
 _29835_/Q
 _29836_/Q
 _29837_/Q
 _29838_/Q
 _29839_/Q
 _29840_/Q
 _29841_/Q
 _29842_/Q
 _29843_/Q
 _29844_/Q
 _29845_/Q
 _29846_/Q
 _29847_/Q
 _29848_/Q
 _29849_/Q
 _29850_/Q
 _29851_/Q
 _29852_/Q
 _29853_/Q
 _29854_/Q
 _29855_/Q
 _29856_/Q
 _29857_/Q
 _29858_/Q
 _29859_/Q
 _29860_/Q
 _29861_/Q
 _29862_/Q
 _29863_/Q
 _29864_/Q
 _29865_/Q
 _29866_/Q
 _29867_/Q
 _29868_/Q
 _29869_/Q
 _29870_/Q
 _29871_/Q
 _29872_/Q
 _29873_/Q
 _29874_/Q
 _29875_/Q
 _29876_/Q
 _29877_/Q
 _29878_/Q
 _29879_/Q
 _29880_/Q
 _29881_/Q
 _29882_/Q
 _29883_/Q
 _29884_/Q
 _29885_/Q
 _29886_/Q
 _29887_/Q
 _29888_/Q
 _29889_/Q
 _29890_/Q
 _29891_/Q
 _29892_/Q
 _29893_/Q
 _29894_/Q
 _29895_/Q
 _29896_/Q
 _29897_/Q
 _29898_/Q
 _29899_/Q
 _29900_/Q
 _29901_/Q
 _29902_/Q
 _29903_/Q
 _29904_/Q
 _29905_/Q
 _29906_/Q
 _29907_/Q
 _29908_/Q
 _29909_/Q
 _29910_/Q
 _29911_/Q
 _29912_/Q
 _29913_/Q
 _29914_/Q
 _29915_/Q
 _29916_/Q
 _29917_/Q
 _29918_/Q
 _29919_/Q
 _29920_/Q
 _29921_/Q
 _29922_/Q
 _29923_/Q
 _29924_/Q
 _29925_/Q
 _29926_/Q
 _29927_/Q
 _29928_/Q
 _29929_/Q
 _29930_/Q
 _29931_/Q
 _29932_/Q
 _29933_/Q
 _29934_/Q
 _29935_/Q
 _29936_/Q
 _29937_/Q
 _29938_/Q
 _29939_/Q
 _29940_/Q
 _29941_/Q
 _29942_/Q
 _29943_/Q
 _29944_/Q
 _29945_/Q
 _29946_/Q
 _29947_/Q
 _29948_/Q
 _29949_/Q
 _29950_/Q
 _29951_/Q
 _29952_/Q
 _29953_/Q
 _29954_/Q
 _29955_/Q
 _29956_/Q
 _29957_/Q
 _29958_/Q
 _29959_/Q
 _29960_/Q
 _29961_/Q
 _29962_/Q
 _29963_/Q
 _29964_/Q
 _29965_/Q
 _29966_/Q
 _29967_/Q
 _29968_/Q
 _29969_/Q
 _29970_/Q
 _29971_/Q
 _29972_/Q
 _29973_/Q
 _29974_/Q
 _29975_/Q
 _29976_/Q
 _29977_/Q
 _29978_/Q
 _29979_/Q
 _29980_/Q
 _29981_/Q
 _29982_/Q
 _29983_/Q
 _29984_/Q
 _29985_/Q
 _29986_/Q
 _29987_/Q
 _29988_/Q
 _29989_/Q
 _29990_/Q
 _29991_/Q
 _29992_/Q
 _29993_/Q
 _29994_/Q
 _29995_/Q
 _29996_/Q
 _29997_/Q
 _29998_/Q
 _29999_/Q
 _30000_/Q
 _30001_/Q
 _30002_/Q
 _30003_/Q
 _30004_/Q
 _30005_/Q
 _30006_/Q
 _30007_/Q
 _30008_/Q
 _30009_/Q
 _30010_/Q
 _30011_/Q
 _30012_/Q
 _30013_/Q
 _30014_/Q
 _30015_/Q
 _30016_/Q
 _30017_/Q
 _30018_/Q
 _30019_/Q
 _30020_/Q
 _30021_/Q
 _30022_/Q
 _30023_/Q
 _30024_/Q
 _30025_/Q
 _30026_/Q
 _30027_/Q
 _30028_/Q
 _30029_/Q
 _30030_/Q
 _30031_/Q
 _30032_/Q
 _30033_/Q
 _30034_/Q
 _30035_/Q
 _30036_/Q
 _30037_/Q
 _30038_/Q
 _30039_/Q
 _30040_/Q
 _30041_/Q
 _30042_/Q
 _30043_/Q
 _30044_/Q
 _30045_/Q
 _30046_/Q
 _30047_/Q
 _30048_/Q
 _30049_/Q
 _30050_/Q
 _30051_/Q
 _30052_/Q
 _30053_/Q
 _30054_/Q
 _30055_/Q
 _30056_/Q
 _30057_/Q
 _30058_/Q
 _30059_/Q
 _30060_/Q
 _30061_/Q
 _30062_/Q
 _30063_/Q
 _30064_/Q
 _30065_/Q
 _30066_/Q
 _30067_/Q
 _30068_/Q
 _30069_/Q
 _30070_/Q
 _30071_/Q
 _30072_/Q
 _30073_/Q
 _30074_/Q
 _30075_/Q
 _30076_/Q
 _30077_/Q
 _30078_/Q
 _30079_/Q
 _30080_/Q
 _30081_/Q
 _30082_/Q
 _30083_/Q
 _30084_/Q
 _30085_/Q
 _30086_/Q
 _30087_/Q
 _30088_/Q
 _30089_/Q
 _30090_/Q
 _30091_/Q
 _30092_/Q
 _30093_/Q
 _30094_/Q
 _30095_/Q
 _30096_/Q
 _30097_/Q
 _30098_/Q
 _30099_/Q
 _30100_/Q
 _30101_/Q
 _30102_/Q
 _30103_/Q
 _30104_/Q
 _30105_/Q
 _30106_/Q
 _30107_/Q
 _30108_/Q
 _30109_/Q
 _30110_/Q
 _30111_/Q
 _30112_/Q
 _30113_/Q
 _30114_/Q
 _30115_/Q
 _30116_/Q
 _30117_/Q
 _30118_/Q
 _30119_/Q
 _30120_/Q
 _30121_/Q
 _30122_/Q
 _30123_/Q
 _30124_/Q
 _30125_/Q
 _30126_/Q
 _30127_/Q
 _30128_/Q
 _30129_/Q
 _30130_/Q
 _30131_/Q
 _30132_/Q
 _30133_/Q
 _30134_/Q
 _30135_/Q
 _30136_/Q
 _30137_/Q
 _30138_/Q
 _30139_/Q
 _30140_/Q
 _30141_/Q
 _30142_/Q
 _30143_/Q
 _30144_/Q
 _30145_/Q
 _30146_/Q
 _30147_/Q
 _30148_/Q
 _30149_/Q
 _30150_/Q
 _30151_/Q
 _30152_/Q
 _30153_/Q
 _30154_/Q
 _30155_/Q
 _30156_/Q
 _30157_/Q
 _30158_/Q
 _30159_/Q
 _30160_/Q
 _30161_/Q
 _30162_/Q
 _30163_/Q
 _30164_/Q
 _30165_/Q
 _30166_/Q
 _30167_/Q
 _30168_/Q
 _30169_/Q
 _30170_/Q
 _30171_/Q
 _30172_/Q
 _30173_/Q
 _30174_/Q
 _30175_/Q
 _30176_/Q
 _30177_/Q
 _30178_/Q
 _30179_/Q
 _30180_/Q
 _30181_/Q
 _30182_/Q
 _30183_/Q
 _30184_/Q
 _30185_/Q
 _30186_/Q
 _30187_/Q
 _30188_/Q
 _30189_/Q
 _30190_/Q
 _30191_/Q
 _30192_/Q
 _30193_/Q
 _30194_/Q
 _30195_/Q
 _30196_/Q
 _30197_/Q
 _30198_/Q
 _30199_/Q
 _30200_/Q
 _30201_/Q
 _30202_/Q
 _30203_/Q
 _30204_/Q
 _30205_/Q
 _30206_/Q
 _30207_/Q
 _30208_/Q
 _30209_/Q
 _30210_/Q
 _30211_/Q
 _30212_/Q
 _30213_/Q
 _30214_/Q
 _30215_/Q
 _30216_/Q
 _30217_/Q
 _30218_/Q
 _30219_/Q
 _30220_/Q
 _30221_/Q
 _30222_/Q
 _30223_/Q
 _30224_/Q
 _30225_/Q
 _30226_/Q
 _30227_/Q
 _30228_/Q
 _30229_/Q
 _30230_/Q
 _30231_/Q
 _30232_/Q
 _30233_/Q
 _30234_/Q
 _30235_/Q
 _30236_/Q
 _30237_/Q
 _30238_/Q
 _30239_/Q
 _30240_/Q
 _30241_/Q
 _30242_/Q
 _30243_/Q
 _30244_/Q
 _30245_/Q
 _30246_/Q
 _30247_/Q
 _30248_/Q
 _30249_/Q
 _30250_/Q
 _30251_/Q
 _30252_/Q
 _30253_/Q
 _30254_/Q
 _30255_/Q
 _30256_/Q
 _30257_/Q
 _30258_/Q
 _30259_/Q
 _30260_/Q
 _30261_/Q
 _30262_/Q
 _30263_/Q
 _30264_/Q
 _30265_/Q
 _30266_/Q
 _30267_/Q
 _30268_/Q
 _30269_/Q
 _30270_/Q
 _30271_/Q
 _30272_/Q
 _30273_/Q
 _30274_/Q
 _30275_/Q
 _30276_/Q
 _30277_/Q
 _30278_/Q
 _30279_/Q
 _30280_/Q
 _30281_/Q
 _30282_/Q
 _30283_/Q
 _30284_/Q
 _30285_/Q
 _30286_/Q
 _30287_/Q
 _30288_/Q
 _30289_/Q
 _30290_/Q
 _30291_/Q
 _30292_/Q
 _30293_/Q
 _30294_/Q
 _30295_/Q
 _30296_/Q
 _30297_/Q
 _30298_/Q
 _30299_/Q
 _30300_/Q
 _30301_/Q
 _30302_/Q
 _30303_/Q
 _30304_/Q
 _30305_/Q
 _30306_/Q
 _30307_/Q
 _30308_/Q
 _30309_/Q
 _30310_/Q
 _30311_/Q
 _30312_/Q
 _30313_/Q
 _30314_/Q
 _30315_/Q
 _30316_/Q
 _30317_/Q
 _30318_/Q
 _30319_/Q
 _30320_/Q
 _30321_/Q
 _30322_/Q
 _30323_/Q
 _30324_/Q
 _30325_/Q
 _30326_/Q
 _30327_/Q
 _30328_/Q
 _30329_/Q
 _30330_/Q
 _30331_/Q
 _30332_/Q
 _30333_/Q
 _30334_/Q
 _30335_/Q
 _30336_/Q
 _30337_/Q
 _30338_/Q
 _30339_/Q
 _30340_/Q
 _30341_/Q
 _30342_/Q
 _30343_/Q
 _30344_/Q
 _30345_/Q
 _30346_/Q
 _30347_/Q
 _30348_/Q
 _30349_/Q
 _30350_/Q
 _30351_/Q
 _30352_/Q
 _30353_/Q
 _30354_/Q
 _30355_/Q
 _30356_/Q
 _30357_/Q
 _30358_/Q
 _30359_/Q
 _30360_/Q
 _30361_/Q
 _30362_/Q
 _30363_/Q
 _30364_/Q
 _30365_/Q
 _30366_/Q
 _30367_/Q
 _30368_/Q
 _30369_/Q
 _30370_/Q
 _30371_/Q
 _30372_/Q
 _30373_/Q
 _30374_/Q
 _30375_/Q
 _30376_/Q
 _30377_/Q
 _30378_/Q
 _30379_/Q
 _30380_/Q
 _30381_/Q
 _30382_/Q
 _30383_/Q
 _30384_/Q
 _30385_/Q
 _30386_/Q
 _30387_/Q
 _30388_/Q
 _30389_/Q
 _30390_/Q
 _30391_/Q
 _30392_/Q
 _30393_/Q
 _30394_/Q
 _30395_/Q
 _30396_/Q
 _30397_/Q
 _30398_/Q
 _30399_/Q
 _30400_/Q
 _30401_/Q
 _30402_/Q
 _30403_/Q
 _30404_/Q
 _30405_/Q
 _30406_/Q
 _30407_/Q
 _30408_/Q
 _30409_/Q
 _30410_/Q
 _30411_/Q
 _30412_/Q
 _30413_/Q
 _30414_/Q
 _30415_/Q
 _30416_/Q
 _30417_/Q
 _30418_/Q
 _30419_/Q
 _30420_/Q
 _30421_/Q
 _30422_/Q
 _30423_/Q
 _30424_/Q
 _30425_/Q
 _30426_/Q
 _30427_/Q
 _30428_/Q
 _30429_/Q
 _30430_/Q
 _30431_/Q
 _30432_/Q
 _30433_/Q
 _30434_/Q
 _30435_/Q
 _30436_/Q
 _30437_/Q
 _30438_/Q
 _30439_/Q
 _30440_/Q
 _30441_/Q
 _30442_/Q
 _30443_/Q
 _30444_/Q
 _30445_/Q
 _30446_/Q
 _30447_/Q
 _30448_/Q
 _30449_/Q
 _30450_/Q
 _30451_/Q
 _30452_/Q
 _30453_/Q
 _30454_/Q
 _30455_/Q
 _30456_/Q
 _30457_/Q
 _30458_/Q
 _30459_/Q
 _30460_/Q
 _30461_/Q
 _30462_/Q
 _30463_/Q
 _30464_/Q
 _30465_/Q
 _30466_/Q
 _30467_/Q
 _30468_/Q
 _30469_/Q
 _30470_/Q
 _30471_/Q
 _30472_/Q
 _30473_/Q
 _30474_/Q
 _30475_/Q
 _30476_/Q
 _30477_/Q
 _30478_/Q
 _30479_/Q
 _30480_/Q
 _30481_/Q
 _30482_/Q
 _30483_/Q
 _30484_/Q
 _30485_/Q
 _30486_/Q
 _30487_/Q
 _30488_/Q
 _30489_/Q
 _30490_/Q
 _30491_/Q
 _30492_/Q
 _30493_/Q
 _30494_/Q
 _30495_/Q
 _30496_/Q
 _30497_/Q
 _30498_/Q
 _30499_/Q
 _30500_/Q
 _30501_/Q
 _30502_/Q
 _30503_/Q
 _30504_/Q
 _30505_/Q
 _30506_/Q
 _30507_/Q
 _30508_/Q
 _30509_/Q
 _30510_/Q
 _30511_/Q
 _30512_/Q
 _30513_/Q
 _30514_/Q
 _30515_/Q
 _30516_/Q
 _30517_/Q
 _30518_/Q
 _30519_/Q
 _30520_/Q
 _30521_/Q
 _30522_/Q
 _30523_/Q
 _30524_/Q
 _30525_/Q
 _30526_/Q
 _30527_/Q
 _30528_/Q
 _30529_/Q
 _30530_/Q
 _30531_/Q
 _30532_/Q
 _30533_/Q
 _30534_/Q
 _30535_/Q
 _30536_/Q
 _30537_/Q
 _30538_/Q
 _30539_/Q
 _30540_/Q
 _30541_/Q
 _30542_/Q
 _30543_/Q
 _30544_/Q
 _30545_/Q
 _30546_/Q
 _30547_/Q
 _30548_/Q
 _30549_/Q
 _30550_/Q
 _30551_/Q
 _30552_/Q
 _30553_/Q
 _30554_/Q
 _30555_/Q
 _30556_/Q
 _30557_/Q
 _30558_/Q
 _30559_/Q
 _30560_/Q
 _30561_/Q
 _30562_/Q
 _30563_/Q
 _30564_/Q
 _30565_/Q
 _30566_/Q
 _30567_/Q
 _30568_/Q
 _30569_/Q
 _30570_/Q
 _30571_/Q
 _30572_/Q
 _30573_/Q
 _30574_/Q
 _30575_/Q
 _30576_/Q
 _30577_/Q
 _30578_/Q
 _30579_/Q
 _30580_/Q
 _30581_/Q
 _30582_/Q
 _30583_/Q
 _30584_/Q
 _30585_/Q
 _30586_/Q
 _30587_/Q
 _30588_/Q
 _30589_/Q
 _30590_/Q
 _30591_/Q
 _30592_/Q
 _30593_/Q
 _30594_/Q
 _30595_/Q
 _30596_/Q
 _30597_/Q
 _30598_/Q
 _30599_/Q
 _30600_/Q
 _30601_/Q
 _30602_/Q
 _30603_/Q
 _30604_/Q
 _30605_/Q
 _30606_/Q
 _30607_/Q
 _30608_/Q
 _30609_/Q
 _30610_/Q
 _30611_/Q
 _30612_/Q
 _30613_/Q
 _30614_/Q
 _30615_/Q
 _30616_/Q
 _30617_/Q
 _30618_/Q
 _30619_/Q
 _30620_/Q
 _30621_/Q
 _30622_/Q
 _30623_/Q
 _30624_/Q
 _30625_/Q
 _30626_/Q
 _30627_/Q
 _30628_/Q
 _30629_/Q
 _30630_/Q
 _30631_/Q
 _30632_/Q
 _30633_/Q
 _30634_/Q
 _30635_/Q
 _30636_/Q
 _30637_/Q
 _30638_/Q
 _30639_/Q
 _30640_/Q
 _30641_/Q
 _30642_/Q
 _30643_/Q
 _30644_/Q
 _30645_/Q
 _30646_/Q
 _30647_/Q
 _30648_/Q
 _30649_/Q
 _30650_/Q
 _30651_/Q
 _30652_/Q
 _30653_/Q
 _30654_/Q
 _30655_/Q
 _30656_/Q
 _30657_/Q
 _30658_/Q
 _30659_/Q
 _30660_/Q
 _30661_/Q
 _30662_/Q
 _30663_/Q
 _30664_/Q
 _30665_/Q
 _30666_/Q
 _30667_/Q
 _30668_/Q
 _30669_/Q
 _30670_/Q
 _30671_/Q
 _30672_/Q
 _30673_/Q
 _30674_/Q
 _30675_/Q
 _30676_/Q
 _30677_/Q
 _30678_/Q
 _30679_/Q
 _30680_/Q
 _30681_/Q
 _30682_/Q
 _30683_/Q
 _30684_/Q
 _30685_/Q
 _30686_/Q
 _30687_/Q
 _30688_/Q
 _30689_/Q
 _30690_/Q
 _30691_/Q
 _30692_/Q
 _30693_/Q
 _30694_/Q
 _30695_/Q
 _30696_/Q
 _30697_/Q
 _30698_/Q
 _30699_/Q
 _30700_/Q
 _30701_/Q
 _30702_/Q
 _30703_/Q
 _30704_/Q
 _30705_/Q
 _30706_/Q
 _30707_/Q
 _30708_/Q
 _30709_/Q
 _30710_/Q
 _30711_/Q
 _30712_/Q
 _30713_/Q
 _30714_/Q
 _30715_/Q
 _30716_/Q
 _30717_/Q
 _30718_/Q
 _30719_/Q
 _30720_/Q
 _30721_/Q
 _30722_/Q
 _30723_/Q
 _30724_/Q
 _30725_/Q
 _30726_/Q
 _30727_/Q
 _30728_/Q
 _30729_/Q
 _30730_/Q
 _30731_/Q
 _30732_/Q
 _30733_/Q
 _30734_/Q
 _30735_/Q
 _30736_/Q
 _30737_/Q
 _30738_/Q
 _30739_/Q
 _30740_/Q
 _30741_/Q
 _30742_/Q
 _30743_/Q
 _30744_/Q
 _30745_/Q
 _30746_/Q
 _30747_/Q
 _30748_/Q
 _30749_/Q
 _30750_/Q
 _30751_/Q
 _30752_/Q
 _30753_/Q
 _30754_/Q
 _30755_/Q
 _30756_/Q
 _30757_/Q
 _30758_/Q
 _30759_/Q
 _30760_/Q
 _30761_/Q
 _30762_/Q
 _30763_/Q
 _30764_/Q
 _30765_/Q
 _30766_/Q
 _30767_/Q
 _30768_/Q
 _30769_/Q
 _30770_/Q
 _30771_/Q
 _30772_/Q
 _30773_/Q
 _30774_/Q
 _30775_/Q
 _30776_/Q
 _30777_/Q
 _30778_/Q
 _30779_/Q
 _30780_/Q
 _30781_/Q
 _30782_/Q
 _30783_/Q
 _30784_/Q
 _30785_/Q
 _30786_/Q
 _30787_/Q
 _30788_/Q
 _30789_/Q
 _30790_/Q
 _30791_/Q
 _30792_/Q
 _30793_/Q
 _30794_/Q
 _30795_/Q
 _30796_/Q
 _30797_/Q
 _30798_/Q
 _30799_/Q
 _30800_/Q
 _30801_/Q
 _30802_/Q
 _30803_/Q
 _30804_/Q
 _30805_/Q
 _30806_/Q
 _30807_/Q
 _30808_/Q
 _30809_/Q
 _30810_/Q
 _30811_/Q
 _30812_/Q
 _30813_/Q
 _30814_/Q
 _30815_/Q
 _30816_/Q
 _30817_/Q
 _30818_/Q
 _30819_/Q
 _30820_/Q
 _30821_/Q
 _30822_/Q
 _30823_/Q
 _30824_/Q
 _30825_/Q
 _30826_/Q
 _30827_/Q
 _30828_/Q
 _30829_/Q
 _30830_/Q
 _30831_/Q
 _30832_/Q
 _30833_/Q
 _30834_/Q
 _30835_/Q
 _30836_/Q
 _30837_/Q
 _30838_/Q
 _30839_/Q
 _30840_/Q
 _30841_/Q
 _30842_/Q
 _30843_/Q
 _30844_/Q
 _30845_/Q
 _30846_/Q
 _30847_/Q
 _30848_/Q
 _30849_/Q
 _30850_/Q
 _30851_/Q
 _30852_/Q
 _30853_/Q
 _30854_/Q
 _30855_/Q
 _30856_/Q
 _30857_/Q
 _30858_/Q
 _30859_/Q
 _30860_/Q
 _30861_/Q
 _30862_/Q
 _30863_/Q
 _30864_/Q
 _30865_/Q
 _30866_/Q
 _30867_/Q
 _30868_/Q
 _30869_/Q
 _30870_/Q
 _30871_/Q
 _30872_/Q
 _30873_/Q
 _30874_/Q
 _30875_/Q
 _30876_/Q
 _30877_/Q
 _30878_/Q
 _30879_/Q
 _30880_/Q
 _30881_/Q
 _30882_/Q
 _30883_/Q
 _30884_/Q
 _30885_/Q
 _30886_/Q
 _30887_/Q
 _30888_/Q
 _30889_/Q
 _30890_/Q
 _30891_/Q
 _30892_/Q
 _30893_/Q
 _30894_/Q
 _30895_/Q
 _30896_/Q
 _30897_/Q
 _30898_/Q
 _30899_/Q
 _30900_/Q
 _30901_/Q
 _30902_/Q
 _30903_/Q
 _30904_/Q
 _30905_/Q
 _30906_/Q
 _30907_/Q
 _30908_/Q
 _30909_/Q
 _30910_/Q
 _30911_/Q
 _30912_/Q
 _30913_/Q
 _30914_/Q
 _30915_/Q
 _30916_/Q
 _30917_/Q
 _30918_/Q
 _30919_/Q
 _30920_/Q
 _30921_/Q
 _30922_/Q
 _30923_/Q
 _30924_/Q
 _30925_/Q
 _30926_/Q
 _30927_/Q
 _30928_/Q
 _30929_/Q
 _30930_/Q
 _30931_/Q
 _30932_/Q
 _30933_/Q
 _30934_/Q
 _30935_/Q
 _30936_/Q
 _30937_/Q
 _30938_/Q
 _30939_/Q
 _30940_/Q
 _30941_/Q
 _30942_/Q
 _30943_/Q
 _30944_/Q
 _30945_/Q
 _30946_/Q
 _30947_/Q
 _30948_/Q
 _30949_/Q
 _30950_/Q
 _30951_/Q
 _30952_/Q
 _30953_/Q
 _30954_/Q
 _30955_/Q
 _30956_/Q
 _30957_/Q
 _30958_/Q
 _30959_/Q
 _30960_/Q
 _30961_/Q
 _30962_/Q
 _30963_/Q
 _30964_/Q
 _30965_/Q
 _30966_/Q
 _30967_/Q
 _30968_/Q
 _30969_/Q
 _30970_/Q
 _30971_/Q
 _30972_/Q
 _30973_/Q
 _30974_/Q
 _30975_/Q
 _30976_/Q
 _30977_/Q
 _30978_/Q
 _30979_/Q
 _30980_/Q
 _30981_/Q
 _30982_/Q
 _30983_/Q
 _30984_/Q
 _30985_/Q
 _30986_/Q
 _30987_/Q
 _30988_/Q
 _30989_/Q
 _30990_/Q
 _30991_/Q
 _30992_/Q
 _30993_/Q
 _30994_/Q
 _30995_/Q
 _30996_/Q
 _30997_/Q
 _30998_/Q
 _30999_/Q
 _31000_/Q
 _31001_/Q
 _31002_/Q
 _31003_/Q
 _31004_/Q
 _31005_/Q
 _31006_/Q
 _31007_/Q
 _31008_/Q
 _31009_/Q
 _31010_/Q
 _31011_/Q
 _31012_/Q
 _31013_/Q
 _31014_/Q
 _31015_/Q
 _31016_/Q
 _31017_/Q
 _31018_/Q
 _31019_/Q
 _31020_/Q
 _31021_/Q
 _31022_/Q
 _31023_/Q
 _31024_/Q
 _31025_/Q
 _31026_/Q
 _31027_/Q
 _31028_/Q
 _31029_/Q
 _31030_/Q
 _31031_/Q
 _31032_/Q
 _31033_/Q
 _31034_/Q
 _31035_/Q
 _31036_/Q
 _31037_/Q
 _31038_/Q
 _31039_/Q
 _31040_/Q
 _31041_/Q
 _31042_/Q
 _31043_/Q
 _31044_/Q
 _31045_/Q
 _31046_/Q
 _31047_/Q
 _31048_/Q
 _31049_/Q
 _31050_/Q
 _31051_/Q
 _31052_/Q
 _31053_/Q
 _31054_/Q
 _31055_/Q
 _31056_/Q
 _31057_/Q
 _31058_/Q
 _31059_/Q
 _31060_/Q
 _31061_/Q
 _31062_/Q
 _31063_/Q
 _31064_/Q
 _31065_/Q
 _31066_/Q
 _31067_/Q
 _31068_/Q
 _31069_/Q
 _31070_/Q
 _31071_/Q
 _31072_/Q
 _31073_/Q
 _31074_/Q
 _31075_/Q
 _31076_/Q
 _31077_/Q
 _31078_/Q
 _31079_/Q
 _31080_/Q
 _31081_/Q
 _31082_/Q
 _31083_/Q
 _31084_/Q
 _31085_/Q
 _31086_/Q
 _31087_/Q
 _31088_/Q
 _31089_/Q
 _31090_/Q
 _31091_/Q
 _31092_/Q
 _31093_/Q
 _31094_/Q
 _31095_/Q
 _31096_/Q
 _31097_/Q
 _31098_/Q
 _31099_/Q
 _31100_/Q
 _31101_/Q
 _31102_/Q
 _31103_/Q
 _31104_/Q
 _31105_/Q
 _31106_/Q
 _31107_/Q
 _31108_/Q
 _31109_/Q
 _31110_/Q
 _31111_/Q
 _31112_/Q
 _31113_/Q
 _31114_/Q
 _31115_/Q
 _31116_/Q
 _31117_/Q
 _31118_/Q
 _31119_/Q
 _31120_/Q
 _31121_/Q
 _31122_/Q
 _31123_/Q
 _31124_/Q
 _31125_/Q
 _31126_/Q
 _31127_/Q
 _31128_/Q
 _31129_/Q
 _31130_/Q
 _31131_/Q
 _31132_/Q
 _31133_/Q
 _31134_/Q
 _31135_/Q
 _31136_/Q
 _31137_/Q
 _31138_/Q
 _31139_/Q
 _31140_/Q
 _31141_/Q
 _31142_/Q
 _31143_/Q
 _31144_/Q
 _31145_/Q
 _31146_/Q
 _31147_/Q
 _31148_/Q
 _31149_/Q
 _31150_/Q
 _31151_/Q
 _31152_/Q
 _31153_/Q
 _31154_/Q
 _31155_/Q
 _31156_/Q
 _31157_/Q
 _31158_/Q
 _31159_/Q
 _31160_/Q
 _31161_/Q
 _31162_/Q
 _31163_/Q
 _31164_/Q
 _31165_/Q
 _31166_/Q
 _31167_/Q
 _31168_/Q
 _31169_/Q
 _31170_/Q
 _31171_/Q
 _31172_/Q
 _31173_/Q
 _31174_/Q
 _31175_/Q
 _31176_/Q
 _31177_/Q
 _31178_/Q
 _31179_/Q
 _31180_/Q
 _31181_/Q
 _31182_/Q
 _31183_/Q
 _31184_/Q
 _31185_/Q
 _31186_/Q
 _31187_/Q
 _31188_/Q
 _31189_/Q
 _31190_/Q
 _31191_/Q
 _31192_/Q
 _31193_/Q
 _31194_/Q
 _31195_/Q
 _31196_/Q
 _31197_/Q
 _31198_/Q
 _31199_/Q
 _31200_/Q
 _31201_/Q
 _31202_/Q
 _31203_/Q
 _31204_/Q
 _31205_/Q
 _31206_/Q
 _31207_/Q
 _31208_/Q
 _31209_/Q
 _31210_/Q
 _31211_/Q
 _31212_/Q
 _31213_/Q
 _31214_/Q
 _31215_/Q
 _31216_/Q
 _31217_/Q
 _31218_/Q
 _31219_/Q
 _31220_/Q
 _31221_/Q
 _31222_/Q
 _31223_/Q
 _31224_/Q
 _31225_/Q
 _31226_/Q
 _31227_/Q
 _31228_/Q
 _31229_/Q
 _31230_/Q
 _31231_/Q
 _31232_/Q
 _31233_/Q
 _31234_/Q
 _31235_/Q
 _31236_/Q
 _31237_/Q
 _31238_/Q
 _31239_/Q
 _31240_/Q
 _31241_/Q
 _31242_/Q
 _31243_/Q
 _31244_/Q
 _31245_/Q
 _31246_/Q
 _31247_/Q
 _31248_/Q
 _31249_/Q
 _31250_/Q
 _31251_/Q
 _31252_/Q
 _31253_/Q
 _31254_/Q
 _31255_/Q
 _31256_/Q
 _31257_/Q
 _31258_/Q
 _31259_/Q
 _31260_/Q
 _31261_/Q
 _31262_/Q
 _31263_/Q
 _31264_/Q
 _31265_/Q
 _31266_/Q
 _31267_/Q
 _31268_/Q
 _31269_/Q
 _31270_/Q
 _31271_/Q
 _31272_/Q
 _31273_/Q
 _31274_/Q
 _31275_/Q
 _31276_/Q
 _31277_/Q
 _31278_/Q
 _31279_/Q
 _31280_/Q
 _31281_/Q
 _31282_/Q
 _31283_/Q
 _31284_/Q
 _31285_/Q
 _31286_/Q
 _31287_/Q
 _31288_/Q
 _31289_/Q
 _31290_/Q
 _31291_/Q
 _31292_/Q
 _31293_/Q
 _31294_/Q
 _31295_/Q
 _31296_/Q
 _31297_/Q
 _31298_/Q
 _31299_/Q
 _31300_/Q
 _31301_/Q
 _31302_/Q
 _31303_/Q
 _31304_/Q
 _31305_/Q
 _31306_/Q
 _31307_/Q
 _31308_/Q
 _31309_/Q
 _31310_/Q
 _31311_/Q
 _31312_/Q
 _31313_/Q
 _31314_/Q
 _31315_/Q
 _31316_/Q
 _31317_/Q
 _31318_/Q
 _31319_/Q
 _31320_/Q
 _31321_/Q
 _31322_/Q
 _31323_/Q
 _31324_/Q
 _31325_/Q
 _31326_/Q
 _31327_/Q
 _31328_/Q
 _31329_/Q
 _31330_/Q
 _31331_/Q
 _31332_/Q
 _31333_/Q
 _31334_/Q
 _31335_/Q
 _31336_/Q
 _31337_/Q
 _31338_/Q
 _31339_/Q
 _31340_/Q
 _31341_/Q
 _31342_/Q
 _31343_/Q
 _31344_/Q
 _31345_/Q
 _31346_/Q
 _31347_/Q
 _31348_/Q
 _31349_/Q
 _31350_/Q
 _31351_/Q
 _31352_/Q
 _31353_/Q
 _31354_/Q
 _31355_/Q
 _31356_/Q
 _31357_/Q
 _31358_/Q
 _31359_/Q
 _31360_/Q
 _31361_/Q
 _31362_/Q
 _31363_/Q
 _31364_/Q
 _31365_/Q
 _31366_/Q
 _31367_/Q
 _31368_/Q
 _31369_/Q
 _31370_/Q
 _31371_/Q
 _31372_/Q
 _31373_/Q
 _31374_/Q
 _31375_/Q
 _31376_/Q
 _31377_/Q
 _31378_/Q
 _31379_/Q
 _31380_/Q
 _31381_/Q
 _31382_/Q
 _31383_/Q
 _31384_/Q
 _31385_/Q
 _31386_/Q
 _31387_/Q
 _31388_/Q
 _31389_/Q
 _31390_/Q
 _31391_/Q
 _31392_/Q
 _31393_/Q
 _31394_/Q
 _31395_/Q
 _31396_/Q
 _31397_/Q
 _31398_/Q
 _31399_/Q
 _31400_/Q
 _31401_/Q
 _31402_/Q
 _31403_/Q
 _31404_/Q
 _31405_/Q
 _31406_/Q
 _31407_/Q
 _31408_/Q
 _31409_/Q
 _31410_/Q
 _31411_/Q
 _31412_/Q
 _31413_/Q
 _31414_/Q
 _31415_/Q
 _31416_/Q
 _31417_/Q
 _31418_/Q
 _31419_/Q
 _31420_/Q
 _31421_/Q
 _31422_/Q
 _31423_/Q
 _31424_/Q
 _31425_/Q
 _31426_/Q
 _31427_/Q
 _31428_/Q
 _31429_/Q
 _31430_/Q
 _31431_/Q
 _31432_/Q
 _31433_/Q
 _31434_/Q
 _31435_/Q
 _31436_/Q
 _31437_/Q
 _31438_/Q
 _31439_/Q
 _31440_/Q
 _31441_/Q
 _31442_/Q
 _31443_/Q
 _31444_/Q
 _31445_/Q
 _31446_/Q
 _31447_/Q
 _31448_/Q
 _31449_/Q
 _31450_/Q
 _31451_/Q
 _31452_/Q
 _31453_/Q
 _31454_/Q
 _31455_/Q
 _31456_/Q
 _31457_/Q
 _31458_/Q
 _31459_/Q
 _31460_/Q
 _31461_/Q
 _31462_/Q
 _31463_/Q
 _31464_/Q
 _31465_/Q
 _31466_/Q
 _31467_/Q
 _31468_/Q
 _31469_/Q
 _31470_/Q
 _31471_/Q
 _31472_/Q
 _31473_/Q
 _31474_/Q
 _31475_/Q
 _31476_/Q
 _31477_/Q
 _31478_/Q
 _31479_/Q
 _31480_/Q
 _31481_/Q
 _31482_/Q
 _31483_/Q
 _31484_/Q
 _31485_/Q
 _31486_/Q
 _31487_/Q
 _31488_/Q
 _31489_/Q
 _31490_/Q
 _31491_/Q
 _31492_/Q
 _31493_/Q
 _31494_/Q
 _31495_/Q
 _31496_/Q
 _31497_/Q
 _31498_/Q
 _31499_/Q
 _31500_/Q
 _31501_/Q
 _31502_/Q
 _31503_/Q
 _31504_/Q
 _31505_/Q
 _31506_/Q
 _31507_/Q
 _31508_/Q
 _31509_/Q
 _31510_/Q
 _31511_/Q
 _31512_/Q
 _31513_/Q
 _31514_/Q
 _31515_/Q
 _31516_/Q
 _31517_/Q
 _31518_/Q
 _31519_/Q
 _31520_/Q
 _31521_/Q
 _31522_/Q
 _31523_/Q
 _31524_/Q
 _31525_/Q
 _31526_/Q
 _31527_/Q
 _31528_/Q
 _31529_/Q
 _31530_/Q
 _31531_/Q
 _31532_/Q
 _31533_/Q
 _31534_/Q
 _31535_/Q
 _31536_/Q
 _31537_/Q
 _31538_/Q
 _31539_/Q
 _31540_/Q
 _31541_/Q
 _31542_/Q
 _31543_/Q
 _31544_/Q
 _31545_/Q
 _31546_/Q
 _31547_/Q
 _31548_/Q
 _31549_/Q
 _31550_/Q
 _31551_/Q
 _31552_/Q
 _31553_/Q
 _31554_/Q
 _31555_/Q
 _31556_/Q
 _31557_/Q
 _31558_/Q
 _31559_/Q
 _31560_/Q
 _31561_/Q
 _31562_/Q
 _31563_/Q
 _31564_/Q
 _31565_/Q
 _31566_/Q
 _31567_/Q
 _31568_/Q
 _31569_/Q
 _31570_/Q
 _31571_/Q
 _31572_/Q
 _31573_/Q
 _31574_/Q
 _31575_/Q
 _31576_/Q
 _31577_/Q
 _31578_/Q
 _31579_/Q
 _31580_/Q
 _31581_/Q
 _31582_/Q
 _31583_/Q
 _31584_/Q
 _31585_/Q
 _31586_/Q
 _31587_/Q
 _31588_/Q
 _31589_/Q
 _31590_/Q
 _31591_/Q
 _31592_/Q
 _31593_/Q
 _31594_/Q
 _31595_/Q
 _31596_/Q
 _31597_/Q
 _31598_/Q
 _31599_/Q
 _31600_/Q
 _31601_/Q
 _31602_/Q
 _31603_/Q
 _31604_/Q
 _31605_/Q
 _31606_/Q
 _31607_/Q
 _31608_/Q
 _31609_/Q
 _31610_/Q
 _31611_/Q
 _31612_/Q
 _31613_/Q
 _31614_/Q
 _31615_/Q
 _31616_/Q
 _31617_/Q
 _31618_/Q
 _31619_/Q
 _31620_/Q
 _31621_/Q
 _31622_/Q
 _31623_/Q
 _31624_/Q
 _31625_/Q
 _31626_/Q
 _31627_/Q
 _31628_/Q
 _31629_/Q
 _31630_/Q
 _31631_/Q
 _31632_/Q
 _31633_/Q
 _31634_/Q
 _31635_/Q
 _31636_/Q
 _31637_/Q
 _31638_/Q
 _31639_/Q
 _31640_/Q
 _31641_/Q
 _31642_/Q
 _31643_/Q
 _31644_/Q
 _31645_/Q
 _31646_/Q
 _31647_/Q
 _31648_/Q
 _31649_/Q
 _31650_/Q
 _31651_/Q
 _31652_/Q
 _31653_/Q
 _31654_/Q
 _31655_/Q
 _31656_/Q
 _31657_/Q
 _31658_/Q
 _31659_/Q
 _31660_/Q
 _31661_/Q
 _31662_/Q
 _31663_/Q
 _31664_/Q
 _31665_/Q
 _31666_/Q
 _31667_/Q
 _31668_/Q
 _31669_/Q
 _31670_/Q
 _31671_/Q
 _31672_/Q
 _31673_/Q
 _31674_/Q
 _31675_/Q
 _31676_/Q
 _31677_/Q
 _31678_/Q
 _31679_/Q
 _31680_/Q
 _31681_/Q
 _31682_/Q
 _31683_/Q
 _31684_/Q
 _31685_/Q
 _31686_/Q
 _31687_/Q
 _31688_/Q
 _31689_/Q
 _31690_/Q
 _31691_/Q
 _31692_/Q
 _31693_/Q
 _31694_/Q
 _31695_/Q
 _31696_/Q
 _31697_/Q
 _31698_/Q
 _31699_/Q
 _31700_/Q
 _31701_/Q
 _31702_/Q
 _31703_/Q
 _31704_/Q
 _31705_/Q
 _31706_/Q
 _31707_/Q
 _31708_/Q
 _31709_/Q
 _31710_/Q
 _31711_/Q
 _31712_/Q
 _31713_/Q
 _31714_/Q
 _31715_/Q
 _31716_/Q
 _31717_/Q
 _31718_/Q
 _31719_/Q
 _31720_/Q
 _31721_/Q
 _31722_/Q
 _31723_/Q
 _31724_/Q
 _31725_/Q
 _31726_/Q
 _31727_/Q
 _31728_/Q
 _31729_/Q
 _31730_/Q
 _31731_/Q
 _31732_/Q
 _31733_/Q
 _31734_/Q
 _31735_/Q
 _31736_/Q
 _31737_/Q
 _31738_/Q
 _31739_/Q
 _31740_/Q
 _31741_/Q
 _31742_/Q
 _31743_/Q
 _31744_/Q
 _31745_/Q
 _31746_/Q
 _31747_/Q
 _31748_/Q
 _31749_/Q
 _31750_/Q
 _31751_/Q
 _31752_/Q
 _31753_/Q
 _31754_/Q
 _31755_/Q
 _31756_/Q
 _31757_/Q
 _31758_/Q
 _31759_/Q
 _31760_/Q
 _31761_/Q
 _31762_/Q
 _31763_/Q
 _31764_/Q
 _31765_/Q
 _31766_/Q
 _31767_/Q
 _31768_/Q
 _31769_/Q
 _31770_/Q
 _31771_/Q
 _31772_/Q
 _31773_/Q
 _31774_/Q
 _31775_/Q
 _31776_/Q
 _31777_/Q
 _31778_/Q
 _31779_/Q
 _31780_/Q
 _31781_/Q
 _31782_/Q
 _31783_/Q
 _31784_/Q
 _31785_/Q
 _31786_/Q
 _31787_/Q
 _31788_/Q
 _31789_/Q
 _31790_/Q
 _31791_/Q
 _31792_/Q
 _31793_/Q
 _31794_/Q
 _31795_/Q
 _31796_/Q
 _31797_/Q
 _31798_/Q
 _31799_/Q
 _31800_/Q
 _31801_/Q
 _31802_/Q
 _31803_/Q
 _31804_/Q
 _31805_/Q
 _31806_/Q
 _31807_/Q
 _31808_/Q
 _31809_/Q
 _31810_/Q
 _31811_/Q
 _31812_/Q
 _31813_/Q
 _31814_/Q
 _31815_/Q
 _31816_/Q
 _31817_/Q
 _31818_/Q
 _31819_/Q
 _31820_/Q
 _31821_/Q
 _31822_/Q
 _31823_/Q
 _31824_/Q
 _31825_/Q
 _31826_/Q
 _31827_/Q
 _31828_/Q
 _31829_/Q
 _31830_/Q
 _31831_/Q
 _31832_/Q
 _31833_/Q
 _31834_/Q
 _31835_/Q
 _31836_/Q
 _31837_/Q
 _31838_/Q
 _31839_/Q
 _31840_/Q
 _31841_/Q
 _31842_/Q
 _31843_/Q
 _31844_/Q
 _31845_/Q
 _31846_/Q
 _31847_/Q
 _31848_/Q
 _31849_/Q
 _31850_/Q
 _31851_/Q
 _31852_/Q
 _31853_/Q
 _31854_/Q
 _31855_/Q
 _31856_/Q
 _31857_/Q
 _31858_/Q
 _31859_/Q
 _31860_/Q
 _31861_/Q
 _31862_/Q
 _31863_/Q
 _31864_/Q
 _31865_/Q
 _31866_/Q
 _31867_/Q
 _31868_/Q
 _31869_/Q
 _31870_/Q
 _31871_/Q
 _31872_/Q
 _31873_/Q
 _31874_/Q
 _31875_/Q
 _31876_/Q
 _31877_/Q
 _31878_/Q
 _31879_/Q
 _31880_/Q
 _31881_/Q
 _31882_/Q
 _31883_/Q
 _31884_/Q
 _31885_/Q
 _31886_/Q
 _31887_/Q
 _31888_/Q
 _31889_/Q
 _31890_/Q
 _31891_/Q
 _31892_/Q
 _31893_/Q
 _31894_/Q
 _31895_/Q
 _31896_/Q
 _31897_/Q
 _31898_/Q
 _31899_/Q
 _31900_/Q
 _31901_/Q
 _31902_/Q
 _31903_/Q
 _31904_/Q
 _31905_/Q
 _31906_/Q
 _31907_/Q
 _31908_/Q
 _31909_/Q
 _31910_/Q
 _31911_/Q
 _31912_/Q
 _31913_/Q
 _31914_/Q
 _31915_/Q
 _31916_/Q
 _31917_/Q
 _31918_/Q
 _31919_/Q
 _31920_/Q
 _31921_/Q
 _31922_/Q
 _31923_/Q
 _31924_/Q
 _31925_/Q
 _31926_/Q
 _31927_/Q
 _31928_/Q
 _31929_/Q
 _31930_/Q
 _31931_/Q
 _31932_/Q
 _31933_/Q
 _31934_/Q
 _31935_/Q
 _31936_/Q
 _31937_/Q
 _31938_/Q
 _31939_/Q
 _31940_/Q
 _31941_/Q
 _31942_/Q
 _31943_/Q
 _31944_/Q
 _31945_/Q
 _31946_/Q
 _31947_/Q
 _31948_/Q
 _31949_/Q
 _31950_/Q
 _31951_/Q
 _31952_/Q
 _31953_/Q
 _31954_/Q
 _31955_/Q
 _31956_/Q
 _31957_/Q
 _31958_/Q
 _31959_/Q
 _31960_/Q
 _31961_/Q
 _31962_/Q
 _31963_/Q
 _31964_/Q
 _31965_/Q
 _31966_/Q
 _31967_/Q
 _31968_/Q
 _31969_/Q
 _31970_/Q
 _31971_/Q
 _31972_/Q
 _31973_/Q
 _31974_/Q
 _31975_/Q
 _31976_/Q
 _31977_/Q
 _31978_/Q
 _31979_/Q
 _31980_/Q
 _31981_/Q
 _31982_/Q
 _31983_/Q
 _31984_/Q
 _31985_/Q
 _31986_/Q
 _31987_/Q
 _31988_/Q
 _31989_/Q
 _31990_/Q
 _31991_/Q
 _31992_/Q
 _31993_/Q
 _31994_/Q
 _31995_/Q
 _31996_/Q
 _31997_/Q
 _31998_/Q
 _31999_/Q
 _32000_/Q
 _32001_/Q
 _32002_/Q
 _32003_/Q
 _32004_/Q
 _32005_/Q
 _32006_/Q
 _32007_/Q
 _32008_/Q
 _32009_/Q
 _32010_/Q
 _32011_/Q
 _32012_/Q
 _32013_/Q
 _32014_/Q
 _32015_/Q
 _32016_/Q
 _32017_/Q
 _32018_/Q
 _32019_/Q
 _32020_/Q
 _32021_/Q
 _32022_/Q
 _32023_/Q
 _32024_/Q
 _32025_/Q
 _32026_/Q
 _32027_/Q
 _32028_/Q
 _32029_/Q
 _32030_/Q
 _32031_/Q
 _32032_/Q
 _32033_/Q
 _32034_/Q
 _32035_/Q
 _32036_/Q
 _32037_/Q
 _32038_/Q
 _32039_/Q
 _32040_/Q
 _32041_/Q
 _32042_/Q
 _32043_/Q
 _32044_/Q
 _32045_/Q
 _32046_/Q
 _32047_/Q
 _32048_/Q
 _32049_/Q
 _32050_/Q
 _32051_/Q
 _32052_/Q
 _32053_/Q
 _32054_/Q
 _32055_/Q
 _32056_/Q
 _32057_/Q
 _32058_/Q
 _32059_/Q
 _32060_/Q
 _32061_/Q
 _32062_/Q
 _32063_/Q
 _32064_/Q
 _32065_/Q
 _32066_/Q
 _32067_/Q
 _32068_/Q
 _32069_/Q
 _32070_/Q
 _32071_/Q
 _32072_/Q
 _32073_/Q
 _32074_/Q
 _32075_/Q
 _32076_/Q
 _32077_/Q
 _32078_/Q
 _32079_/Q
 _32080_/Q
 _32081_/Q
 _32082_/Q
 _32083_/Q
 _32084_/Q
 _32085_/Q
 _32086_/Q
 _32087_/Q
 _32088_/Q
 _32089_/Q
 _32090_/Q
 _32091_/Q
 _32092_/Q
 _32093_/Q
 _32094_/Q
 _32095_/Q
 _32096_/Q
 _32097_/Q
 _32098_/Q
 _32099_/Q
 _32100_/Q
 _32101_/Q
 _32102_/Q
 _32103_/Q
 _32104_/Q
 _32105_/Q
 _32106_/Q
 _32107_/Q
 _32108_/Q
 _32109_/Q
 _32110_/Q
 _32111_/Q
 _32112_/Q
 _32113_/Q
 _32114_/Q
 _32115_/Q
 _32116_/Q
 _32117_/Q
 _32118_/Q
 _32119_/Q
 _32120_/Q
 _32121_/Q
 _32122_/Q
 _32123_/Q
 _32124_/Q
 _32125_/Q
 _32126_/Q
 _32127_/Q
 _32128_/Q
 _32129_/Q
 _32130_/Q
 _32131_/Q
 _32132_/Q
 _32133_/Q
 _32134_/Q
 _32135_/Q
 _32136_/Q
 _32137_/Q
 _32138_/Q
 _32139_/Q
 _32140_/Q
 _32141_/Q
 _32142_/Q
 _32143_/Q
 _32144_/Q
 _32145_/Q
 _32146_/Q
 _32147_/Q
 _32148_/Q
 _32149_/Q
 _32150_/Q
 _32151_/Q
 _32152_/Q
 _32153_/Q
 _32154_/Q
 _32155_/Q
 _32156_/Q
 _32157_/Q
 _32158_/Q
 _32159_/Q
 _32160_/Q
 _32161_/Q
 _32162_/Q
 _32163_/Q
 _32164_/Q
 _32165_/Q
 _32166_/Q
 _32167_/Q
 _32168_/Q
 _32169_/Q
 _32170_/Q
 _32171_/Q
 _32172_/Q
 _32173_/Q
 _32174_/Q
 _32175_/Q
 _32176_/Q
 _32177_/Q
 _32178_/Q
 _32179_/Q
 _32180_/Q
 _32181_/Q
 _32182_/Q
 _32183_/Q
 _32184_/Q
 _32185_/Q
 _32186_/Q
 _32187_/Q
 _32188_/Q
 _32189_/Q
 _32190_/Q
 _32191_/Q
 _32192_/Q
 _32193_/Q
 _32194_/Q
 _32195_/Q
 _32196_/Q
 _32197_/Q
 _32198_/Q
 _32199_/Q
 _32200_/Q
 _32201_/Q
 _32202_/Q
 _32203_/Q
 _32204_/Q
 _32205_/Q
 _32206_/Q
 _32207_/Q
 _32208_/Q
 _32209_/Q
 _32210_/Q
 _32211_/Q
 _32212_/Q
 _32213_/Q
 _32214_/Q
 _32215_/Q
 _32216_/Q
 _32217_/Q
 _32218_/Q
 _32219_/Q
 _32220_/Q
 _32221_/Q
 _32222_/Q
 _32223_/Q
 _32224_/Q
 _32225_/Q
 _32226_/Q
 _32227_/Q
 _32228_/Q
 _32229_/Q
 _32230_/Q
 _32231_/Q
 _32232_/Q
 _32233_/Q
 _32234_/Q
 _32235_/Q
 _32236_/Q
 _32237_/Q
 _32238_/Q
 _32239_/Q
 _32240_/Q
 _32241_/Q
 _32242_/Q
 _32243_/Q
 _32244_/Q
 _32245_/Q
 _32246_/Q
 _32247_/Q
 _32248_/Q
 _32249_/Q
 _32250_/Q
 _32251_/Q
 _32252_/Q
 _32253_/Q
 _32254_/Q
 _32255_/Q
 _32256_/Q
 _32257_/Q
 _32258_/Q
 _32259_/Q
 _32260_/Q
 _32261_/Q
 _32262_/Q
 _32263_/Q
 _32264_/Q
 _32265_/Q
 _32266_/Q
 _32267_/Q
 _32268_/Q
 _32269_/Q
 _32270_/Q
 _32271_/Q
 _32272_/Q
 _32273_/Q
 _32274_/Q
 _32275_/Q
 _32276_/Q
 _32277_/Q
 _32278_/Q
 _32279_/Q
 _32280_/Q
 _32281_/Q
 _32282_/Q
 _32283_/Q
 _32284_/Q
 _32285_/Q
 _32286_/Q
 _32287_/Q
 _32288_/Q
 _32289_/Q
 _32290_/Q
 _32291_/Q
 _32292_/Q
 _32293_/Q
 _32294_/Q
 _32295_/Q
 _32296_/Q
 _32297_/Q
 _32298_/Q
 _32299_/Q
 _32300_/Q
 _32301_/Q
 _32302_/Q
 _32303_/Q
 _32304_/Q
 _32305_/Q
 _32306_/Q
 _32307_/Q
 _32308_/Q
 _32309_/Q
 _32310_/Q
 _32311_/Q
 _32312_/Q
 _32313_/Q
 _32314_/Q
 _32315_/Q
 _32316_/Q
 _32317_/Q
 _32318_/Q
 _32319_/Q
 _32320_/Q
 _32321_/Q
 _32322_/Q
 _32323_/Q
 _32324_/Q
 _32325_/Q
 _32326_/Q
 _32327_/Q
 _32328_/Q
 _32329_/Q
 _32330_/Q
 _32331_/Q
 _32332_/Q
 _32333_/Q
 _32334_/Q
 _32335_/Q
 _32336_/Q
 _32337_/Q
 _32338_/Q
 _32339_/Q
 _32340_/Q
 _32341_/Q
 _32342_/Q
 _32343_/Q
 _32344_/Q
 _32345_/Q
 _32346_/Q
 _32347_/Q
 _32348_/Q
 _32349_/Q
 _32350_/Q
 _32351_/Q
 _32352_/Q
 _32353_/Q
 _32354_/Q
 _32355_/Q
 _32356_/Q
 _32357_/Q
 _32358_/Q
 _32359_/Q
 _32360_/Q
 _32361_/Q
 _32362_/Q
 _32363_/Q
 _32364_/Q
 _32365_/Q
 _32366_/Q
 _32367_/Q
 _32368_/Q
 _32369_/Q
 _32370_/Q
 _32371_/Q
 _32372_/Q
 _32373_/Q
 _32374_/Q
 _32375_/Q
 _32376_/Q
 _32377_/Q
 _32378_/Q
 _32379_/Q
 _32380_/Q
 _32381_/Q
 _32382_/Q
 _32383_/Q
 _32384_/Q
 _32385_/Q
 _32386_/Q
 _32387_/Q
 _32388_/Q
 _32389_/Q
 _32390_/Q
 _32391_/Q
 _32392_/Q
 _32393_/Q
 _32394_/Q
 _32395_/Q
 _32396_/Q
 _32397_/Q
 _32398_/Q
 _32399_/Q
 _32400_/Q
 _32401_/Q
 _32402_/Q
 _32403_/Q
 _32404_/Q
 _32405_/Q
 _32406_/Q
 _32407_/Q
 _32408_/Q
 _32409_/Q
 _32410_/Q
 _32411_/Q
 _32412_/Q
 _32413_/Q
 _32414_/Q
 _32415_/Q
 _32416_/Q
 _32417_/Q
 _32418_/Q
 _32419_/Q
 _32420_/Q
 _32421_/Q
 _32422_/Q
 _32423_/Q
 _32424_/Q
 _32425_/Q
 _32426_/Q
 _32427_/Q
 _32428_/Q
 _32429_/Q
 _32430_/Q
 _32431_/Q
 _32432_/Q
 _32433_/Q
 _32434_/Q
 _32435_/Q
 _32436_/Q
 _32437_/Q
 _32438_/Q
 _32439_/Q
 _32440_/Q
 _32441_/Q
 _32442_/Q
 _32443_/Q
 _32444_/Q
 _32445_/Q
 _32446_/Q
 _32447_/Q
 _32448_/Q
 _32449_/Q
 _32450_/Q
 _32451_/Q
 _32452_/Q
 _32453_/Q
 _32454_/Q
 _32455_/Q
 _32456_/Q
 _32457_/Q
 _32458_/Q
 _32459_/Q
 _32460_/Q
 _32461_/Q
 _32462_/Q
 _32463_/Q
 _32464_/Q
 _32465_/Q
 _32466_/Q
 _32467_/Q
 _32468_/Q
 _32469_/Q
 _32470_/Q
 _32471_/Q
 _32472_/Q
 _32473_/Q
 _32474_/Q
 _32475_/Q
 _32476_/Q
 _32477_/Q
 _32478_/Q
 _32479_/Q
 _32480_/Q
 _32481_/Q
 _32482_/Q
 _32483_/Q
 _32484_/Q
 _32485_/Q
 _32486_/Q
 _32487_/Q
 _32488_/Q
 _32489_/Q
 _32490_/Q
 _32491_/Q
 _32492_/Q
 _32493_/Q
 _32494_/Q
 _32495_/Q
 _32496_/Q
 _32497_/Q
 _32498_/Q
 _32499_/Q
 _32500_/Q
 _32501_/Q
 _32502_/Q
 _32503_/Q
 _32504_/Q
 _32505_/Q
 _32506_/Q
 _32507_/Q
 _32508_/Q
 _32509_/Q
 _32510_/Q
 _32511_/Q
 _32512_/Q
 _32513_/Q
 _32514_/Q
 _32515_/Q
 _32516_/Q
 _32517_/Q
 _32518_/Q
 _32519_/Q
 _32520_/Q
 _32521_/Q
 _32522_/Q
 _32523_/Q
 _32524_/Q
 _32525_/Q
 _32526_/Q
 _32527_/Q
 _32528_/Q
 _32529_/Q
 _32530_/Q
 _32531_/Q
 _32532_/Q
 _32533_/Q
 _32534_/Q
 _32535_/Q
 _32536_/Q
 _32537_/Q
 _32538_/Q
 _32539_/Q
 _32540_/Q
 _32541_/Q
 _32542_/Q
 _32543_/Q
 _32544_/Q
 _32545_/Q
 _32546_/Q
 _32547_/Q
 _32548_/Q
 _32549_/Q
 _32550_/Q
 _32551_/Q
 _32552_/Q
 _32553_/Q
 _32554_/Q
 _32555_/Q
 _32556_/Q
 _32557_/Q
 _32558_/Q
 _32559_/Q
 _32560_/Q
 _32561_/Q
 _32562_/Q
 _32563_/Q
 _32564_/Q
 _32565_/Q
 _32566_/Q
 _32567_/Q
 _32568_/Q
 _32569_/Q
 _32570_/Q
 _32571_/Q
 _32572_/Q
 _32573_/Q
 _32574_/Q
 _32575_/Q
 _32576_/Q
 _32577_/Q
 _32578_/Q
 _32579_/Q
 _32580_/Q
 _32581_/Q
 _32582_/Q
 _32583_/Q
 _32584_/Q
 _32585_/Q
 _32586_/Q
 _32587_/Q
 _32588_/Q
 _32589_/Q
 _32590_/Q
 _32591_/Q
 _32592_/Q
 _32593_/Q
 _32594_/Q
 _32595_/Q
 _32596_/Q
 _32597_/Q
 _32598_/Q
 _32599_/Q
 _32600_/Q
 _32601_/Q
 _32602_/Q
 _32603_/Q
 _32604_/Q
 _32605_/Q
 _32606_/Q
 _32607_/Q
 _32608_/Q
 _32609_/Q
 _32610_/Q
 _32611_/Q
 _32612_/Q
 _32613_/Q
 _32614_/Q
 _32615_/Q
 _32616_/Q
 _32617_/Q
 _32618_/Q
 _32619_/Q
 _32620_/Q
 _32621_/Q
 _32622_/Q
 _32623_/Q
 _32624_/Q
 _32625_/Q
 _32626_/Q
 _32627_/Q
 _32628_/Q
 _32629_/Q
 _32630_/Q
 _32631_/Q
 _32632_/Q
 _32633_/Q
 _32634_/Q
 _32635_/Q
 _32636_/Q
 _32637_/Q
 _32638_/Q
 _32639_/Q
 _32640_/Q
 _32641_/Q
 _32642_/Q
 _32643_/Q
 _32644_/Q
 _32645_/Q
 _32646_/Q
 _32647_/Q
 _32648_/Q
 _32649_/Q
 _32650_/Q
 _32651_/Q
 _32652_/Q
 _32653_/Q
 _32654_/Q
 _32655_/Q
 _32656_/Q
 _32657_/Q
 _32658_/Q
 _32659_/Q
 _32660_/Q
 _32661_/Q
 _32662_/Q
 _32663_/Q
 _32664_/Q
 _32665_/Q
 _32666_/Q
 _32667_/Q
 _32668_/Q
 _32669_/Q
 _32670_/Q
 _32671_/Q
 _32672_/Q
 _32673_/Q
 _32674_/Q
 _32675_/Q
 _32676_/Q
 _32677_/Q
 _32678_/Q
 _32679_/Q
 _32680_/Q
 _32681_/Q
 _32682_/Q
 _32683_/Q
 _32684_/Q
 _32685_/Q
 _32686_/Q
 _32687_/Q
 _32688_/Q
 _32689_/Q
 _32690_/Q
 _32691_/Q
 _32692_/Q
 _32693_/Q
 _32694_/Q
 _32695_/Q
 _32696_/Q
 _32697_/Q
 _32698_/Q
 _32699_/Q
 _32700_/Q
 _32701_/Q
 _32702_/Q
 _32703_/Q
 _32704_/Q
 _32705_/Q
 _32706_/Q
 _32707_/Q
 _32708_/Q
 _32709_/Q
 _32710_/Q
 _32711_/Q
 _32712_/Q
 _32713_/Q
 _32714_/Q
 _32715_/Q
 _32716_/Q
 _32717_/Q
 _32718_/Q
 _32719_/Q
 _32720_/Q
 _32721_/Q
 _32722_/Q
 _32723_/Q
 _32724_/Q
 _32725_/Q
 _32726_/Q
 _32727_/Q
 _32728_/Q
 _32729_/Q
 _32730_/Q
 _32731_/Q
 _32732_/Q
 _32733_/Q
 _32734_/Q
 _32735_/Q
 _32736_/Q
 _32737_/Q
 _32738_/Q
 _32739_/Q
 _32740_/Q
 _32741_/Q
 _32742_/Q
 _32743_/Q
 _32744_/Q
 _32745_/Q
 _32746_/Q
 _32747_/Q
 _32748_/Q
 _32749_/Q
 _32750_/Q
 _32751_/Q
 _32752_/Q
 _32753_/Q
 _32754_/Q
 _32755_/Q
 _32756_/Q
 _32757_/Q
 _32758_/Q
 _32759_/Q
 _32760_/Q
 _32761_/Q
 _32762_/Q
 _32763_/Q
 _32764_/Q
 _32765_/Q
 _32766_/Q
 _32767_/Q
 _32768_/Q
 _32769_/Q
 _32770_/Q
 _32771_/Q
 _32772_/Q
 _32773_/Q
 _32774_/Q
 _32775_/Q
 _32776_/Q
 _32777_/Q
 _32778_/Q
 _32779_/Q
 _32780_/Q
 _32781_/Q
 _32782_/Q
 _32783_/Q
 _32784_/Q
 _32785_/Q
 _32786_/Q
 _32787_/Q
 _32788_/Q
 _32789_/Q
 _32790_/Q
 _32791_/Q
 _32792_/Q
 _32793_/Q
 _32794_/Q
 _32795_/Q
 _32796_/Q
 _32797_/Q
 _32798_/Q
 _32799_/Q
 _32800_/Q
 _32801_/Q
 _32802_/Q
 _32803_/Q
 _32804_/Q
 _32805_/Q
 _32806_/Q
 _32807_/Q
 _32808_/Q
 _32809_/Q
 _32810_/Q
 _32811_/Q
 _32812_/Q
 _32813_/Q
 _32814_/Q
 _32815_/Q
 _32816_/Q
 _32817_/Q
 _32818_/Q
 _32819_/Q
 _32820_/Q
 _32821_/Q
 _32822_/Q
 _32823_/Q
 _32824_/Q
 _32825_/Q
 _32826_/Q
 _32827_/Q
 _32828_/Q
 _32829_/Q
 _32830_/Q
 _32831_/Q
 _32832_/Q
 _32833_/Q
 _32834_/Q
 _32835_/Q
 _32836_/Q
 _32837_/Q
 _32838_/Q
 _32839_/Q
 _32840_/Q
 _32841_/Q
 _32842_/Q
 _32843_/Q
 _32844_/Q
 _32845_/Q
 _32846_/Q
 _32847_/Q
 _32848_/Q
 _32849_/Q
 _32850_/Q
 _32851_/Q
 _32852_/Q
 _32853_/Q
 _32854_/Q
 _32855_/Q
 _32856_/Q
 _32857_/Q
 _32858_/Q
 _32859_/Q
 _32860_/Q
 _32861_/Q
 _32862_/Q
 _32863_/Q
 _32864_/Q
 _32865_/Q
 _32866_/Q
 _32867_/Q
 _32868_/Q
 _32869_/Q
 _32870_/Q
 _32871_/Q
 _32872_/Q
 _32873_/Q
 _32874_/Q
 _32875_/Q
 _32876_/Q
 _32877_/Q
 _32878_/Q
 _32879_/Q
 _32880_/Q
 _32881_/Q
 _32882_/Q
 _32883_/Q
 _32884_/Q
 _32885_/Q
 _32886_/Q
 _32887_/Q
 _32888_/Q
 _32889_/Q
 _32890_/Q
 _32891_/Q
 _32892_/Q
 _32893_/Q
 _32894_/Q
 _32895_/Q
 _32896_/Q
 _32897_/Q
 _32898_/Q
 _32899_/Q
 _32900_/Q
 _32901_/Q
 _32902_/Q
 _32903_/Q
 _32904_/Q
 _32905_/Q
 _32906_/Q
 _32907_/Q
 _32908_/Q
 _32909_/Q
 _32910_/Q
 _32911_/Q
 _32912_/Q
 _32913_/Q
 _32914_/Q
 _32915_/Q
 _32916_/Q
 _32917_/Q
 _32918_/Q
 _32919_/Q
 _32920_/Q
 _32921_/Q
 _32922_/Q
 _32923_/Q
 _32924_/Q
 _32925_/Q
 _32926_/Q
 _32927_/Q
 _32928_/Q
 _32929_/Q
 _32930_/Q
 _32931_/Q
 _32932_/Q
 _32933_/Q
 _32934_/Q
 _32935_/Q
 _32936_/Q
 _32937_/Q
 _32938_/Q
 _32939_/Q
 _32940_/Q
 _32941_/Q
 _32942_/Q
 _32943_/Q
 _32944_/Q
 _32945_/Q
 _32946_/Q
 _32947_/Q
 _32948_/Q
 _32949_/Q
 _32950_/Q
 _32951_/Q
 _32952_/Q
 _32953_/Q
 _32954_/Q
 _32955_/Q
 _32956_/Q
 _32957_/Q
 _32958_/Q
 _32959_/Q
 _32960_/Q
 _32961_/Q
 _32962_/Q
 _32963_/Q
 _32964_/Q
 _32965_/Q
 _32966_/Q
 _32967_/Q
 _32968_/Q
 _32969_/Q
 _32970_/Q
 _32971_/Q
 _32972_/Q
 _32973_/Q
 _32974_/Q
 _32975_/Q
 _32976_/Q
 _32977_/Q
 _32978_/Q
 _32979_/Q
 _32980_/Q
 _32981_/Q
 _32982_/Q
 _32983_/Q
 _32984_/Q
 _32985_/Q
 _32986_/Q
 _32987_/Q
 _32988_/Q
 _32989_/Q
 _32990_/Q
 _32991_/Q
 _32992_/Q
 _32993_/Q
 _32994_/Q
 _32995_/Q
 _32996_/Q
 _32997_/Q
 _32998_/Q
 _32999_/Q
 _33000_/Q
 _33001_/Q
 _33002_/Q
 _33003_/Q
 _33004_/Q
 _33005_/Q
 _33006_/Q
 _33007_/Q
 _33008_/Q
 _33009_/Q
 _33010_/Q
 _33011_/Q
 _33012_/Q
 _33013_/Q
 _33014_/Q
 _33015_/Q
 _33016_/Q
 _33017_/Q
 _33018_/Q
 _33019_/Q
 _33020_/Q
 _33021_/Q
 _33022_/Q
 _33023_/Q
 _33024_/Q
 _33025_/Q
 _33026_/Q
 _33027_/Q
 _33028_/Q
 _33029_/Q
 _33030_/Q
 _33031_/Q
 _33032_/Q
 _33033_/Q
 _33034_/Q
 _33035_/Q
 _33036_/Q
 _33037_/Q
 _33038_/Q
 _33039_/Q
 _33040_/Q
 _33041_/Q
 _33042_/Q
 _33043_/Q
 _33044_/Q
 _33045_/Q
 _33046_/Q
 _33047_/Q
 _33048_/Q
 _33049_/Q
 _33050_/Q
 _33051_/Q
 _33052_/Q
 _33053_/Q
 _33054_/Q
 _33055_/Q
 _33056_/Q
 _33057_/Q
 _33058_/Q
 _33059_/Q
 _33060_/Q
 _33061_/Q
 _33062_/Q
 _33063_/Q
 _33064_/Q
 _33065_/Q
 _33066_/Q
 _33067_/Q
 _33068_/Q
 _33069_/Q
 _33070_/Q
 _33071_/Q
 _33072_/Q
 _33073_/Q
 _33074_/Q
 _33075_/Q
 _33076_/Q
 _33077_/Q
 _33078_/Q
 _33079_/Q
 _33080_/Q
 _33081_/Q
 _33082_/Q
 _33083_/Q
 _33084_/Q
 _33085_/Q
 _33086_/Q
 _33087_/Q
 _33088_/Q
 _33089_/Q
 _33090_/Q
 _33091_/Q
 _33092_/Q
 _33093_/Q
 _33094_/Q
 _33095_/Q
 _33096_/Q
 _33097_/Q
 _33098_/Q
 _33099_/Q
 _33100_/Q
 _33101_/Q
 _33102_/Q
 _33103_/Q
 _33104_/Q
 _33105_/Q
 _33106_/Q
 _33107_/Q
 _33108_/Q
 _33109_/Q
 _33110_/Q
 _33111_/Q
 _33112_/Q
 _33113_/Q
 _33114_/Q
 _33115_/Q
 _33116_/Q
 _33117_/Q
 _33118_/Q
 _33119_/Q
 _33120_/Q
 _33121_/Q
 _33122_/Q
 _33123_/Q
 _33124_/Q
 _33125_/Q
 _33126_/Q
 _33127_/Q
 _33128_/Q
 _33129_/Q
 _33130_/Q
 _33131_/Q
 _33132_/Q
 _33133_/Q
 _33134_/Q
 _33135_/Q
 _33136_/Q
 _33137_/Q
 _33138_/Q
 _33139_/Q
 _33140_/Q
 _33141_/Q
 _33142_/Q
 _33143_/Q
 _33144_/Q
 _33145_/Q
 _33146_/Q
 _33147_/Q
 _33148_/Q
 _33149_/Q
 _33150_/Q
 _33151_/Q
 _33152_/Q
 _33153_/Q
 _33154_/Q
 _33155_/Q
 _33156_/Q
 _33157_/Q
 _33158_/Q
 _33159_/Q
 _33160_/Q
 _33161_/Q
 _33162_/Q
 _33163_/Q
 _33164_/Q
 _33165_/Q
 _33166_/Q
 _33167_/Q
 _33168_/Q
 _33169_/Q
 _33170_/Q
 _33171_/Q
 _33172_/Q
 _33173_/Q
 _33174_/Q
 _33175_/Q
 _33176_/Q
 _33177_/Q
 _33178_/Q
 _33179_/Q
 _33180_/Q
 _33181_/Q
 _33182_/Q
 _33183_/Q
 _33184_/Q
 _33185_/Q
 _33186_/Q
 _33187_/Q
 _33188_/Q
 _33189_/Q
 _33190_/Q
 _33191_/Q
 _33192_/Q
 _33193_/Q
 _33194_/Q
 _33195_/Q
 _33196_/Q
 _33197_/Q
 _33198_/Q
 _33199_/Q
 _33200_/Q
 _33201_/Q
 _33202_/Q
 _33203_/Q
 _33204_/Q
 _33205_/Q
 _33206_/Q
 _33207_/Q
 _33208_/Q
 _33209_/Q
 _33210_/Q
 _33211_/Q
 _33212_/Q
 _33213_/Q
 _33214_/Q
 _33215_/Q
 _33216_/Q
 _33217_/Q
 _33218_/Q
 _33219_/Q
 _33220_/Q
 _33221_/Q
 _33222_/Q
 _33223_/Q
 _33224_/Q
 _33225_/Q
 _33226_/Q
 _33227_/Q
 _33228_/Q
 _33229_/Q
 _33230_/Q
 _33231_/Q
 _33232_/Q
 _33233_/Q
 _33234_/Q
 _33235_/Q
 _33236_/Q
 _33237_/Q
 _33238_/Q
 _33239_/Q
 _33240_/Q
 _33241_/Q
 _33242_/Q
 _33243_/Q
 _33244_/Q
 _33245_/Q
 _33246_/Q
 _33247_/Q
 _33248_/Q
 _33249_/Q
 _33250_/Q
 _33251_/Q
 _33252_/Q
 _33253_/Q
 _33254_/Q
 _33255_/Q
 _33256_/Q
 _33257_/Q
 _33258_/Q
 _33259_/Q
 _33260_/Q
 _33261_/Q
 _33262_/Q
 _33263_/Q
 _33264_/Q
 _33265_/Q
 _33266_/Q
 _33267_/Q
 _33268_/Q
 _33269_/Q
 _33270_/Q
 _33271_/Q
 _33272_/Q
 _33273_/Q
 _33274_/Q
 _33275_/Q
 _33276_/Q
 _33277_/Q
 _33278_/Q
 _33279_/Q
 _33280_/Q
 _33281_/Q
 _33282_/Q
 _33283_/Q
 _33284_/Q
 _33285_/Q
 _33286_/Q
 _33287_/Q
 _33288_/Q
 _33289_/Q
 _33290_/Q
 _33291_/Q
 _33292_/Q
 _33293_/Q
 _33294_/Q
 _33295_/Q
 _33296_/Q
 _33297_/Q
 _33298_/Q
 _33299_/Q
 _33300_/Q
 _33301_/Q
 _33302_/Q
 _33303_/Q
 _33304_/Q
 _33305_/Q
 _33306_/Q
 _33307_/Q
 _33308_/Q
 _33309_/Q
 _33310_/Q
 _33311_/Q
 _33312_/Q
 _33313_/Q
 _33314_/Q
 _33315_/Q
 _33316_/Q
 _33317_/Q
 _33318_/Q
 _33319_/Q
 _33320_/Q
 _33321_/Q
 _33322_/Q
 _33323_/Q
 _33324_/Q
 _33325_/Q
 _33326_/Q
 _33327_/Q
 _33328_/Q
 _33329_/Q
 _33330_/Q
 _33331_/Q
 _33332_/Q
 _33333_/Q
 _33334_/Q
 _33335_/Q
 _33336_/Q
 _33337_/Q
 _33338_/Q
 _33339_/Q
 _33340_/Q
 _33341_/Q
 _33342_/Q
 _33343_/Q
 _33344_/Q
 _33345_/Q
 _33346_/Q
 _33347_/Q
 _33348_/Q
 _33349_/Q
 _33350_/Q
 _33351_/Q
 _33352_/Q
 _33353_/Q
 _33354_/Q
 _33355_/Q
 _33356_/Q
 _33357_/Q
 _33358_/Q
 _33359_/Q
 _33360_/Q
 _33361_/Q
 _33362_/Q
 _33363_/Q
 _33364_/Q
 _33365_/Q
 _33366_/Q
 _33367_/Q
 _33368_/Q
 _33369_/Q
 _33370_/Q
 _33371_/Q
 _33372_/Q
 _33373_/Q
 _33374_/Q
 _33375_/Q
 _33376_/Q
 _33377_/Q
 _33378_/Q
 _33379_/Q
 _33380_/Q
 _33381_/Q
 _33382_/Q
 _33383_/Q
 _33384_/Q
 _33385_/Q
 _33386_/Q
 _33387_/Q
 _33388_/Q
 _33389_/Q
 _33390_/Q
 _33391_/Q
 _33392_/Q
 _33393_/Q
 _33394_/Q
 _33395_/Q
 _33396_/Q
 _33397_/Q
 _33398_/Q
 _33399_/Q
 _33400_/Q
 _33401_/Q
 _33402_/Q
 _33403_/Q
 _33404_/Q
 _33405_/Q
 _33406_/Q
 _33407_/Q
 _33408_/Q
 _33409_/Q
 _33410_/Q
 _33411_/Q
 _33412_/Q
 _33413_/Q
 _33414_/Q
 _33415_/Q
 _33416_/Q
 _33417_/Q
 _33418_/Q
 _33419_/Q
 _33420_/Q
 _33421_/Q
 _33422_/Q
 _33423_/Q
 _33424_/Q
 _33425_/Q
 _33426_/Q
 _33427_/Q
 _33428_/Q
 _33429_/Q
 _33430_/Q
 _33431_/Q
 _33432_/Q
 _33433_/Q
 _33434_/Q
 _33435_/Q
 _33436_/Q
 _33437_/Q
 _33438_/Q
 _33439_/Q
 _33440_/Q
 _33441_/Q
 _33442_/Q
 _33443_/Q
 _33444_/Q
 _33445_/Q
 _33446_/Q
 _33447_/Q
 _33448_/Q
 _33449_/Q
 _33450_/Q
 _33451_/Q
 _33452_/Q
 _33453_/Q
 _33454_/Q
 _33455_/Q
 _33456_/Q
 _33457_/Q
 _33458_/Q
 _33459_/Q
 _33460_/Q
 _33461_/Q
 _33462_/Q
 _33463_/Q
 _33464_/Q
 _33465_/Q
 _33466_/Q
 _33467_/Q
 _33468_/Q
 _33469_/Q
 _33470_/Q
 _33471_/Q
 _33472_/Q
 _33473_/Q
 _33474_/Q
 _33475_/Q
 _33476_/Q
 _33477_/Q
 _33478_/Q
 _33479_/Q
 _33480_/Q
 _33481_/Q
 _33482_/Q
 _33483_/Q
 _33484_/Q
 _33485_/Q
 _33486_/Q
 _33487_/Q
 _33488_/Q
 _33489_/Q
 _33490_/Q
 _33491_/Q
 _33492_/Q
 _33493_/Q
 _33494_/Q
 _33495_/Q
 _33496_/Q
 _33497_/Q
 _33498_/Q
 _33499_/Q
 _33500_/Q
 _33501_/Q
 _33502_/Q
 _33503_/Q
 _33504_/Q
 _33505_/Q
 _33506_/Q
 _33507_/Q
 _33508_/Q
 _33509_/Q
 _33510_/Q
 _33511_/Q
 _33512_/Q
 _33513_/Q
 _33514_/Q
 _33515_/Q
 _33516_/Q
 _33517_/Q
 _33518_/Q
 _33519_/Q
 _33520_/Q
 _33521_/Q
 _33522_/Q
 _33523_/Q
 _33524_/Q
 _33525_/Q
 _33526_/Q
 _33527_/Q
 _33528_/Q
 _33529_/Q
 _33530_/Q
 _33531_/Q
 _33532_/Q
 _33533_/Q
 _33534_/Q
 _33535_/Q
 _33536_/Q
 _33537_/Q
 _33538_/Q
 _33539_/Q
 _33540_/Q
 _33541_/Q
 _33542_/Q
 _33543_/Q
 _33544_/Q
 _33545_/Q
 _33546_/Q
 _33547_/Q
 _33548_/Q
 _33549_/Q
 _33550_/Q
 _33551_/Q
 _33552_/Q
 _33553_/Q
 _33554_/Q
 _33555_/Q
 _33556_/Q
 _33557_/Q
 _33558_/Q
 _33559_/Q
 _33560_/Q
 _33561_/Q
 _33562_/Q
 _33563_/Q
 _33564_/Q
 _33565_/Q
 _33566_/Q
 _33567_/Q
 _33568_/Q
 _33569_/Q
 _33570_/Q
 _33571_/Q
 _33572_/Q
 _33573_/Q
 _33574_/Q
 _33575_/Q
 _33576_/Q
 _33577_/Q
 _33578_/Q
 _33579_/Q
 _33580_/Q
 _33581_/Q
 _33582_/Q
 _33583_/Q
 _33584_/Q
 _33585_/Q
 _33586_/Q
 _33587_/Q
 _33588_/Q
 _33589_/Q
 _33590_/Q
 _33591_/Q
 _33592_/Q
 _33593_/Q
 _33594_/Q
 _33595_/Q
 _33596_/Q
 _33597_/Q
 _33598_/Q
 _33599_/Q
 _33600_/Q
 _33601_/Q
 _33602_/Q
 _33603_/Q
 _33604_/Q
 _33605_/Q
 _33606_/Q
 _33607_/Q
 _33608_/Q
 _33609_/Q
 _33610_/Q
 _33611_/Q
 _33612_/Q
 _33613_/Q
 _33614_/Q
 _33615_/Q
 _33616_/Q
 _33617_/Q
 _33618_/Q
 _33619_/Q
 _33620_/Q
 _33621_/Q
 _33622_/Q
 _33623_/Q
 _33624_/Q
 _33625_/Q
 _33626_/Q
 _33627_/Q
 _33628_/Q
 _33629_/Q
 _33630_/Q
 _33631_/Q
 _33632_/Q
 _33633_/Q
 _33634_/Q
 _33635_/Q
 _33636_/Q
 _33637_/Q
 _33638_/Q
 _33639_/Q
 _33640_/Q
 _33641_/Q
 _33642_/Q
 _33643_/Q
 _33644_/Q
 _33645_/Q
 _33646_/Q
 _33647_/Q
 _33648_/Q
 _33649_/Q
 _33650_/Q
 _33651_/Q
 _33652_/Q
 _33653_/Q
 _33654_/Q
 _33655_/Q
 _33656_/Q
 _33657_/Q
 _33658_/Q
 _33659_/Q
 _33660_/Q
 _33661_/Q
 _33662_/Q
 _33663_/Q
 _33664_/Q
 _33665_/Q
 _33666_/Q
 _33667_/Q
 _33668_/Q
 _33669_/Q
 _33670_/Q
 _33671_/Q
 _33672_/Q
 _33673_/Q
 _33674_/Q
 _33675_/Q
 _33676_/Q
 _33677_/Q
 _33678_/Q
 _33679_/Q
 _33680_/Q
 _33681_/Q
 _33682_/Q
 _33683_/Q
 _33684_/Q
 _33685_/Q
 _33686_/Q
 _33687_/Q
 _33688_/Q
 _33689_/Q
 _33690_/Q
 _33691_/Q
 _33692_/Q
 _33693_/Q
 _33694_/Q
 _33695_/Q
 _33696_/Q
 _33697_/Q
 _33698_/Q
 _33699_/Q
 _33700_/Q
 _33701_/Q
 _33702_/Q
 _33703_/Q
 _33704_/Q
 _33705_/Q
 _33706_/Q
 _33707_/Q
 _33708_/Q
 _33709_/Q
 _33710_/Q
 _33711_/Q
 _33712_/Q
 _33713_/Q
 _33714_/Q
 _33715_/Q
 _33716_/Q
 _33717_/Q
 _33718_/Q
 _33719_/Q
 _33720_/Q
 _33721_/Q
 _33722_/Q
 _33723_/Q
 _33724_/Q
 _33725_/Q
 _33726_/Q
 _33727_/Q
 _33728_/Q
 _33729_/Q
 _33730_/Q
 _33731_/Q
 _33732_/Q
 _33733_/Q
 _33734_/Q
 _33735_/Q
 _33736_/Q
 _33737_/Q
 _33738_/Q
 _33739_/Q
 _33740_/Q
 _33741_/Q
 _33742_/Q
 _33743_/Q
 _33744_/Q
 _33745_/Q
 _33746_/Q
 _33747_/Q
 _33748_/Q
 _33749_/Q
 _33750_/Q
 _33751_/Q
 _33752_/Q
 _33753_/Q
 _33754_/Q
 _33755_/Q
 _33756_/Q
 _33757_/Q
 _33758_/Q
 _33759_/Q
 _33760_/Q
 _33761_/Q
 _33762_/Q
 _33763_/Q
 _33764_/Q
 _33765_/Q
 _33766_/Q
 _33767_/Q
 _33768_/Q
 _33769_/Q
 _33770_/Q
 _33771_/Q
 _33772_/Q
 _33773_/Q
 _33774_/Q
 _33775_/Q
 _33776_/Q
 _33777_/Q
 _33778_/Q
 _33779_/Q
 _33780_/Q
 _33781_/Q
 _33782_/Q
 _33783_/Q
 _33784_/Q
 _33785_/Q
 _33786_/Q
 _33787_/Q
 _33788_/Q
 _33789_/Q
 _33790_/Q
 _33791_/Q
 _33792_/Q
 _33793_/Q
 _33794_/Q
 _33795_/Q
 _33796_/Q
 _33797_/Q
 _33798_/Q
 _33799_/Q
 _33800_/Q
 _33801_/Q
 _33802_/Q
 _33803_/Q
 _33804_/Q
 _33805_/Q
 _33806_/Q
 _33807_/Q
 _33808_/Q
 _33809_/Q
 _33810_/Q
 _33811_/Q
 _33812_/Q
 _33813_/Q
 _33814_/Q
 _33815_/Q
 _33816_/Q
 _33817_/Q
 _33818_/Q
 _33819_/Q
 _33820_/Q
 _33821_/Q
 _33822_/Q
 _33823_/Q
 _33824_/Q
 _33825_/Q
 _33826_/Q
 _33827_/Q
 _33828_/Q
 _33829_/Q
 _33830_/Q
 _33831_/Q
 _33832_/Q
 _33833_/Q
 _33834_/Q
 _33835_/Q
 _33836_/Q
 _33837_/Q
 _33838_/Q
 _33839_/Q
 _33840_/Q
 _33841_/Q
 _33842_/Q
 _33843_/Q
 _33844_/Q
 _33845_/Q
 _33846_/Q
 _33847_/Q
 _33848_/Q
 _33849_/Q
 _33850_/Q
 _33851_/Q
 _33852_/Q
 _33853_/Q
 _33854_/Q
 _33855_/Q
 _33856_/Q
 _33857_/Q
 _33858_/Q
 _33859_/Q
 _33860_/Q
 _33861_/Q
 _33862_/Q
 _33863_/Q
 _33864_/Q
 _33865_/Q
 _33866_/Q
 _33867_/Q
 _33868_/Q
 _33869_/Q
 _33870_/Q
 _33871_/Q
 _33872_/Q
 _33873_/Q
 _33874_/Q
 _33875_/Q
 _33876_/Q
 _33877_/Q
 _33878_/Q
 _33879_/Q
 _33880_/Q
 _33881_/Q
 _33882_/Q
 _33883_/Q
 _33884_/Q
 _33885_/Q
 _33886_/Q
 _33887_/Q
 _33888_/Q
 _33889_/Q
 _33890_/Q
 _33891_/Q
 _33892_/Q
 _33893_/Q
 _33894_/Q
 _33895_/Q
 _33896_/Q
 _33897_/Q
 _33898_/Q
 _33899_/Q
 _33900_/Q
 _33901_/Q
 _33902_/Q
 _33903_/Q
 _33904_/Q
 _33905_/Q
 _33906_/Q
 _33907_/Q
 _33908_/Q
 _33909_/Q
 _33910_/Q
 _33911_/Q
 _33912_/Q
 _33913_/Q
 _33914_/Q
 _33915_/Q
 _33916_/Q
 _33917_/Q
 _33918_/Q
 _33919_/Q
 _33920_/Q
 _33921_/Q
 _33922_/Q
 _33923_/Q
 _33924_/Q
 _33925_/Q
 _33926_/Q
 _33927_/Q
 _33928_/Q
 _33929_/Q
 _33930_/Q
 _33931_/Q
 _33932_/Q
 _33933_/Q
 _33934_/Q
 _33935_/Q
 _33936_/Q
 _33937_/Q
 _33938_/Q
 _33939_/Q
 _33940_/Q
 _33941_/Q
 _33942_/Q
 _33943_/Q
 _33944_/Q
 _33945_/Q
 _33946_/Q
 _33947_/Q
 _33948_/Q
 _33949_/Q
 _33950_/Q
 _33951_/Q
 _33952_/Q
 _33953_/Q
 _33954_/Q
 _33955_/Q
 _33956_/Q
 _33957_/Q
 _33958_/Q
 _33959_/Q
 _33960_/Q
 _33961_/Q
 _33962_/Q
 _33963_/Q
 _33964_/Q
 _33965_/Q
 _33966_/Q
 _33967_/Q
 _33968_/Q
 _33969_/Q
 _33970_/Q
 _33971_/Q
 _33972_/Q
 _33973_/Q
 _33974_/Q
 _33975_/Q
 _33976_/Q
 _33977_/Q
 _33978_/Q
 _33979_/Q
 _33980_/Q
 _33981_/Q
 _33982_/Q
 _33983_/Q
 _33984_/Q
 _33985_/Q
 _33986_/Q
 _33987_/Q
 _33988_/Q
 _33989_/Q
 _33990_/Q
 _33991_/Q
 _33992_/Q
 _33993_/Q
 _33994_/Q
 _33995_/Q
 _33996_/Q
 _33997_/Q
 _33998_/Q
 _33999_/Q
 _34000_/Q
 _34001_/Q
 _34002_/Q
 _34003_/Q
 _34004_/Q
 _34005_/Q
 _34006_/Q
 _34007_/Q
 _34008_/Q
 _34009_/Q
 _34010_/Q
 _34011_/Q
 _34012_/Q
 _34013_/Q
 _34014_/Q
 _34015_/Q
 _34016_/Q
 _34017_/Q
 _34018_/Q
 _34019_/Q
 _34020_/Q
 _34021_/Q
 _34022_/Q
 _34023_/Q
 _34024_/Q
 _34025_/Q
 _34026_/Q
 _34027_/Q
 _34028_/Q
 _34029_/Q
 _34030_/Q
 _34031_/Q
 _34032_/Q
 _34033_/Q
 _34034_/Q
 _34035_/Q
 _34036_/Q
 _34037_/Q
 _34038_/Q
 _34039_/Q
 _34040_/Q
 _34041_/Q
 _34042_/Q
 _34043_/Q
 _34044_/Q
 _34045_/Q
 _34046_/Q
 _34047_/Q
 _34048_/Q
 _34049_/Q
 _34050_/Q
 _34051_/Q
 _34052_/Q
 _34053_/Q
 _34054_/Q
 _34055_/Q
 _34056_/Q
 _34057_/Q
 _34058_/Q
 _34059_/Q
 _34060_/Q
 _34061_/Q
 _34062_/Q
 _34063_/Q
 _34064_/Q
 _34065_/Q
 _34066_/Q
 _34067_/Q
 _34068_/Q
 _34069_/Q
 _34070_/Q
 _34071_/Q
 _34072_/Q
 _34073_/Q
 _34074_/Q
 _34075_/Q
 _34076_/Q
 _34077_/Q
 _34078_/Q
 _34079_/Q
 _34080_/Q
 _34081_/Q
 _34082_/Q
 _34083_/Q
 _34084_/Q
 _34085_/Q
 _34086_/Q
 _34087_/Q
 _34088_/Q
 _34089_/Q
 _34090_/Q
 _34091_/Q
 _34092_/Q
 _34093_/Q
 _34094_/Q
 _34095_/Q
 _34096_/Q
 _34097_/Q
 _34098_/Q
 _34099_/Q
 _34100_/Q
 _34101_/Q
 _34102_/Q
 _34103_/Q
 _34104_/Q
 _34105_/Q
 _34106_/Q
 _34107_/Q
 _34108_/Q
 _34109_/Q
 _34110_/Q
 _34111_/Q
 _34112_/Q
 _34113_/Q
 _34114_/Q
 _34115_/Q
 _34116_/Q
 _34117_/Q
 _34118_/Q
 _34119_/Q
 _34120_/Q
 _34121_/Q
 _34122_/Q
 _34123_/Q
 _34124_/Q
 _34125_/Q
 _34126_/Q
 _34127_/Q
 _34128_/Q
 _34129_/Q
 _34130_/Q
 _34131_/Q
 _34132_/Q
 _34133_/Q
 _34134_/Q
 _34135_/Q
 _34136_/Q
 _34137_/Q
 _34138_/Q
 _34139_/Q
 _34140_/Q
 _34141_/Q
 _34142_/Q
 _34143_/Q
 _34144_/Q
 _34145_/Q
 _34146_/Q
 _34147_/Q
 _34148_/Q
 _34149_/Q
 _34150_/Q
 _34151_/Q
 _34152_/Q
 _34153_/Q
 _34154_/Q
 _34155_/Q
 _34156_/Q
 _34157_/Q
 _34158_/Q
 _34159_/Q
 _34160_/Q
 _34161_/Q
 _34162_/Q
 _34163_/Q
 _34164_/Q
 _34165_/Q
 _34166_/Q
 _34167_/Q
 _34168_/Q
 _34169_/Q
 _34170_/Q
 _34171_/Q
 _34172_/Q
 _34173_/Q
 _34174_/Q
 _34175_/Q
 _34176_/Q
 _34177_/Q
 _34178_/Q
 _34179_/Q
 _34180_/Q
 _34181_/Q
 _34182_/Q
 _34183_/Q
 _34184_/Q
 _34185_/Q
 _34186_/Q
 _34187_/Q
 _34188_/Q
 _34189_/Q
 _34190_/Q
 _34191_/Q
 _34192_/Q
 _34193_/Q
 _34194_/Q
 _34195_/Q
 _34196_/Q
 _34197_/Q
 _34198_/Q
 _34199_/Q
 _34200_/Q
 _34201_/Q
 _34202_/Q
 _34203_/Q
 _34204_/Q
 _34205_/Q
 _34206_/Q
 _34207_/Q
 _34208_/Q
 _34209_/Q
 _34210_/Q
 _34211_/Q
 _34212_/Q
 _34213_/Q
 _34214_/Q
 _34215_/Q
 _34216_/Q
 _34217_/Q
 _34218_/Q
 _34219_/Q
 _34220_/Q
 _34221_/Q
 _34222_/Q
 _34223_/Q
 _34224_/Q
 _34225_/Q
 _34226_/Q
 _34227_/Q
 _34228_/Q
 _34229_/Q
 _34230_/Q
 _34231_/Q
 _34232_/Q
 _34233_/Q
 _34234_/Q
 _34235_/Q
 _34236_/Q
 _34237_/Q
 _34238_/Q
 _34239_/Q
 _34240_/Q
 _34241_/Q
 _34242_/Q
 _34243_/Q
 _34244_/Q
 _34245_/Q
 _34246_/Q
 _34247_/Q
 _34248_/Q
 _34249_/Q
 _34250_/Q
 _34251_/Q
 _34252_/Q
 _34253_/Q
 _34254_/Q
 _34255_/Q
 _34256_/Q
 _34257_/Q
 _34258_/Q
 _34259_/Q
 _34260_/Q
 _34261_/Q
 _34262_/Q
 _34263_/Q
 _34264_/Q
 _34265_/Q
 _34266_/Q
 _34267_/Q
 _34268_/Q
 _34269_/Q
 _34270_/Q
 _34271_/Q
 _34272_/Q
 _34273_/Q
 _34274_/Q
 _34275_/Q
 _34276_/Q
 _34277_/Q
 _34278_/Q
 _34279_/Q
 _34280_/Q
 _34281_/Q
 _34282_/Q
 _34283_/Q
 _34284_/Q
 _34285_/Q
 _34286_/Q
 _34287_/Q
 _34288_/Q
 _34289_/Q
 _34290_/Q
 _34291_/Q
 _34292_/Q
 _34293_/Q
 _34294_/Q
 _34295_/Q
 _34296_/Q
 _34297_/Q
 _34298_/Q
 _34299_/Q
 _34300_/Q
 _34301_/Q
 _34302_/Q
 _34303_/Q
 _34304_/Q
 _34305_/Q
 _34306_/Q
 _34307_/Q
 _34308_/Q
 _34309_/Q
 _34310_/Q
 _34311_/Q
 _34312_/Q
 _34313_/Q
 _34314_/Q
 _34315_/Q
 _34316_/Q
 _34317_/Q
 _34318_/Q
 _34319_/Q
 _34320_/Q
 _34321_/Q
 _34322_/Q
 _34323_/Q
 _34324_/Q
 _34325_/Q
 _34326_/Q
 _34327_/Q
 _34328_/Q
 _34329_/Q
 _34330_/Q
 _34331_/Q
 _34332_/Q
 _34333_/Q
 _34334_/Q
 _34335_/Q
 _34336_/Q
 _34337_/Q
 _34338_/Q
 _34339_/Q
 _34340_/Q
 _34341_/Q
 _34342_/Q
 _34343_/Q
 _34344_/Q
 _34345_/Q
 _34346_/Q
 _34347_/Q
 _34348_/Q
 _34349_/Q
 _34350_/Q
 _34351_/Q
 _34352_/Q
 _34353_/Q
 _34354_/Q
 _34355_/Q
 _34356_/Q
 _34357_/Q
 _34358_/Q
 _34359_/Q
 _34360_/Q
 _34361_/Q
 _34362_/Q
 _34363_/Q
 _34364_/Q
 _34365_/Q
 _34366_/Q
 _34367_/Q
 _34368_/Q
 _34369_/Q
 _34370_/Q
 _34371_/Q
 _34372_/Q
 _34373_/Q
 _34374_/Q
 _34375_/Q
 _34376_/Q
 _34377_/Q
 _34378_/Q
 _34379_/Q
 _34380_/Q
 _34381_/Q
 _34382_/Q
 _34383_/Q
 _34384_/Q
 _34385_/Q
 _34386_/Q
 _34387_/Q
 _34388_/Q
 _34389_/Q
 _34390_/Q
 _34391_/Q
 _34392_/Q
 _34393_/Q
 _34394_/Q
 _34395_/Q
 _34396_/Q
 _34397_/Q
 _34398_/Q
 _34399_/Q
 _34400_/Q
 _34401_/Q
 _34402_/Q
 _34403_/Q
 _34404_/Q
 _34405_/Q
 _34406_/Q
 _34407_/Q
 _34408_/Q
 _34409_/Q
 _34410_/Q
 _34411_/Q
 _34412_/Q
 _34413_/Q
 _34414_/Q
 _34415_/Q
 _34416_/Q
 _34417_/Q
 _34418_/Q
 _34419_/Q
 _34420_/Q
 _34421_/Q
 _34422_/Q
 _34423_/Q
 _34424_/Q
 _34425_/Q
 _34426_/Q
 _34427_/Q
 _34428_/Q
 _34429_/Q
 _34430_/Q
 _34431_/Q
 _34432_/Q
 _34433_/Q
 _34434_/Q
 _34435_/Q
 _34436_/Q
 _34437_/Q
 _34438_/Q
 _34439_/Q
 _34440_/Q
 _34441_/Q
 _34442_/Q
 _34443_/Q
 _34444_/Q
 _34445_/Q
 _34446_/Q
 _34447_/Q
 _34448_/Q
 _34449_/Q
 _34450_/Q
 _34451_/Q
 _34452_/Q
 _34453_/Q
 _34454_/Q
 _34455_/Q
 _34456_/Q
 _34457_/Q
 _34458_/Q
 _34459_/Q
 _34460_/Q
 _34461_/Q
 _34462_/Q
 _34463_/Q
 _34464_/Q
 _34465_/Q
 _34466_/Q
 _34467_/Q
 _34468_/Q
 _34469_/Q
 _34470_/Q
 _34471_/Q
 _34472_/Q
 _34473_/Q
 _34474_/Q
 _34475_/Q
 _34476_/Q
 _34477_/Q
 _34478_/Q
 _34479_/Q
 _34480_/Q
 _34481_/Q
 _34482_/Q
 _34483_/Q
 _34484_/Q
 _34485_/Q
 _34486_/Q
 _34487_/Q
 _34488_/Q
 _34489_/Q
 _34490_/Q
 _34491_/Q
 _34492_/Q
 _34493_/Q
 _34494_/Q
 _34495_/Q
 _34496_/Q
 _34497_/Q
 _34498_/Q
 _34499_/Q
 _34500_/Q
 _34501_/Q
 _34502_/Q
 _34503_/Q
 _34504_/Q
 _34505_/Q
 _34506_/Q
 _34507_/Q
 _34508_/Q
 _34509_/Q
 _34510_/Q
 _34511_/Q
 _34512_/Q
 _34513_/Q
 _34514_/Q
 _34515_/Q
 _34516_/Q
 _34517_/Q
 _34518_/Q
 _34519_/Q
 _34520_/Q
 _34521_/Q
 _34522_/Q
 _34523_/Q
 _34524_/Q
 _34525_/Q
 _34526_/Q
 _34527_/Q
 _34528_/Q
 _34529_/Q
 _34530_/Q
 _34531_/Q
 _34532_/Q
 _34533_/Q
 _34534_/Q
 _34535_/Q
 _34536_/Q
 _34537_/Q
 _34538_/Q
 _34539_/Q
 _34540_/Q
 _34541_/Q
 _34542_/Q
 _34543_/Q
 _34544_/Q
 _34545_/Q
 _34546_/Q
 _34547_/Q
 _34548_/Q
 _34549_/Q
 _34550_/Q
 _34551_/Q
 _34552_/Q
 _34553_/Q
 _34554_/Q
 _34555_/Q
 _34556_/Q
 _34557_/Q
 _34558_/Q
 _34559_/Q
 _34560_/Q
 _34561_/Q
 _34562_/Q
 _34563_/Q
 _34564_/Q
 _34565_/Q
 _34566_/Q
 _34567_/Q
 _34568_/Q
 _34569_/Q
 _34570_/Q
 _34571_/Q
 _34572_/Q
 _34573_/Q
 _34574_/Q
 _34575_/Q
 _34576_/Q
 _34577_/Q
 _34578_/Q
 _34579_/Q
 _34580_/Q
 _34581_/Q
 _34582_/Q
 _34583_/Q
 _34584_/Q
 _34585_/Q
 _34586_/Q
 _34587_/Q
 _34588_/Q
 _34589_/Q
 _34590_/Q
 _34591_/Q
 _34592_/Q
 _34593_/Q
 _34594_/Q
 _34595_/Q
 _34596_/Q
 _34597_/Q
 _34598_/Q
 _34599_/Q
 _34600_/Q
 _34601_/Q
 _34602_/Q
 _34603_/Q
 _34604_/Q
 _34605_/Q
 _34606_/Q
 _34607_/Q
 _34608_/Q
 _34609_/Q
 _34610_/Q
 _34611_/Q
 _34612_/Q
 _34613_/Q
 _34614_/Q
 _34615_/Q
 _34616_/Q
 _34617_/Q
 _34618_/Q
 _34619_/Q
 _34620_/Q
 _34621_/Q
 _34622_/Q
 _34623_/Q
 _34624_/Q
 _34625_/Q
 _34626_/Q
 _34627_/Q
 _34628_/Q
 _34629_/Q
 _34630_/Q
 _34631_/Q
 _34632_/Q
 _34633_/Q
 _34634_/Q
 _34635_/Q
 _34636_/Q
 _34637_/Q
 _34638_/Q
 _34639_/Q
 _34640_/Q
 _34641_/Q
 _34642_/Q
 _34643_/Q
 _34644_/Q
 _34645_/Q
 _34646_/Q
 _34647_/Q
 _34648_/Q
 _34649_/Q
 _34650_/Q
 _34651_/Q
 _34652_/Q
 _34653_/Q
 _34654_/Q
 _34655_/Q
 _34656_/Q
 _34657_/Q
 _34658_/Q
 _34659_/Q
 _34660_/Q
 _34661_/Q
 _34662_/Q
 _34663_/Q
 _34664_/Q
 _34665_/Q
 _34666_/Q
 _34667_/Q
 _34668_/Q
 _34669_/Q
 _34670_/Q
 _34671_/Q
 _34672_/Q
 _34673_/Q
 _34674_/Q
 _34675_/Q
 _34676_/Q
 _34677_/Q
 _34678_/Q
 _34679_/Q
 _34680_/Q
 _34681_/Q
 _34682_/Q
 _34683_/Q
 _34684_/Q
 _34685_/Q
 _34686_/Q
 _34687_/Q
 _34688_/Q
 _34689_/Q
 _34690_/Q
 _34691_/Q
 _34692_/Q
 _34693_/Q
 _34694_/Q
 _34695_/Q
 _34696_/Q
 _34697_/Q
 _34698_/Q
 _34699_/Q
 _34700_/Q
 _34701_/Q
 _34702_/Q
 _34703_/Q
 _34704_/Q
 _34705_/Q
 _34706_/Q
 _34707_/Q
 _34708_/Q
 _34709_/Q
 _34710_/Q
 _34711_/Q
 _34712_/Q
 _34713_/Q
 _34714_/Q
 _34715_/Q
 _34716_/Q
 _34717_/Q
 _34718_/Q
 _34719_/Q
 _34720_/Q
 _34721_/Q
 _34722_/Q
 _34723_/Q
 _34724_/Q
 _34725_/Q
 _34726_/Q
 _34727_/Q
 _34728_/Q
 _34729_/Q
 _34730_/Q
 _34731_/Q
 _34732_/Q
 _34733_/Q
 _34734_/Q
 _34735_/Q
 _34736_/Q
 _34737_/Q
 _34738_/Q
 _34739_/Q
 _34740_/Q
 _34741_/Q
 _34742_/Q
 _34743_/Q
 _34744_/Q
 _34745_/Q
 _34746_/Q
 _34747_/Q
 _34748_/Q
 _34749_/Q
 _34750_/Q
 _34751_/Q
 _34752_/Q
 _34753_/Q
 _34754_/Q
 _34755_/Q
 _34756_/Q
 _34757_/Q
 _34758_/Q
 _34759_/Q
 _34760_/Q
 _34761_/Q
 _34762_/Q
 _34763_/Q
 _34764_/Q
 _34765_/Q
 _34766_/Q
 _34767_/Q
 _34768_/Q
 _34769_/Q
 _34770_/Q
 _34771_/Q
 _34772_/Q
 _34773_/Q
 _34774_/Q
 _34775_/Q
 _34776_/Q
 _34777_/Q
 _34778_/Q
 _34779_/Q
 _34780_/Q
 _34781_/Q
 _34782_/Q
 _34783_/Q
 _34784_/Q
 _34785_/Q
 _34786_/Q
 _34787_/Q
 _34788_/Q
 _34789_/Q
 _34790_/Q
 _34791_/Q
 _34792_/Q
 _34793_/Q
 _34794_/Q
 _34795_/Q
 _34796_/Q
 _34797_/Q
 _34798_/Q
 _34799_/Q
 _34800_/Q
 _34801_/Q
 _34802_/Q
 _34803_/Q
 _34804_/Q
 _34805_/Q
 _34806_/Q
 _34807_/Q
 _34808_/Q
 _34809_/Q
 _34810_/Q
 _34811_/Q
 _34812_/Q
 _34813_/Q
 _34814_/Q
 _34815_/Q
 _34816_/Q
 _34817_/Q
 _34818_/Q
 _34819_/Q
 _34820_/Q
 _34821_/Q
 _34822_/Q
 _34823_/Q
 _34824_/Q
 _34825_/Q
 _34826_/Q
 _34827_/Q
 _34828_/Q
 _34829_/Q
 _34830_/Q
 _34831_/Q
 _34832_/Q
 _34833_/Q
 _34834_/Q
 _34835_/Q
 _34836_/Q
 _34837_/Q
 _34838_/Q
 _34839_/Q
 _34840_/Q
 _34841_/Q
 _34842_/Q
 _34843_/Q
 _34844_/Q
 _34845_/Q
 _34846_/Q
 _34847_/Q
 _34848_/Q
 _34849_/Q
 _34850_/Q
 _34851_/Q
 _34852_/Q
 _34853_/Q
 _34854_/Q
 _34855_/Q
 _34856_/Q
 _34857_/Q
 _34858_/Q
 _34859_/Q
 _34860_/Q
 _34861_/Q
 _34862_/Q
 _34863_/Q
 _34864_/Q
 _34865_/Q
 _34866_/Q
 _34867_/Q
 _34868_/Q
 _34869_/Q
 _34870_/Q
 _34871_/Q
 _34872_/Q
 _34873_/Q
 _34874_/Q
 _34875_/Q
 _34876_/Q
 _34877_/Q
 _34878_/Q
 _34879_/Q
 _34880_/Q
 _34881_/Q
 _34882_/Q
 _34883_/Q
 _34884_/Q
 _34885_/Q
 _34886_/Q
 _34887_/Q
 _34888_/Q
 _34889_/Q
 _34890_/Q
 _34891_/Q
 _34892_/Q
 _34893_/Q
 _34894_/Q
 _34895_/Q
 _34896_/Q
 _34897_/Q
 _34898_/Q
 _34899_/Q
 _34900_/Q
 _34901_/Q
 _34902_/Q
 _34903_/Q
 _34904_/Q
 _34905_/Q
 _34906_/Q
 _34907_/Q
 _34908_/Q
 _34909_/Q
 _34910_/Q
 _34911_/Q
 _34912_/Q
 _34913_/Q
 _34914_/Q
 _34915_/Q
 _34916_/Q
 _34917_/Q
 _34918_/Q
 _34919_/Q
 _34920_/Q
 _34921_/Q
 _34922_/Q
 _34923_/Q
 _34924_/Q
 _34925_/Q
 _34926_/Q
 _34927_/Q
 _34928_/Q
 _34929_/Q
 _34930_/Q
 _34931_/Q
 _34932_/Q
 _34933_/Q
 _34934_/Q
 _34935_/Q
 _34936_/Q
 _34937_/Q
 _34938_/Q
 _34939_/Q
 _34940_/Q
 _34941_/Q
 _34942_/Q
 _34943_/Q
 _34944_/Q
 _34945_/Q
 _34946_/Q
 _34947_/Q
 _34948_/Q
 _34949_/Q
 _34950_/Q
 _34951_/Q
 _34952_/Q
 _34953_/Q
 _34954_/Q
 _34955_/Q
 _34956_/Q
 _34957_/Q
 _34958_/Q
 _34959_/Q
 _34960_/Q
 _34961_/Q
 _34962_/Q
 _34963_/Q
 _34964_/Q
 _34965_/Q
 _34966_/Q
 _34967_/Q
 _34968_/Q
 _34969_/Q
 _34970_/Q
 _34971_/Q
 _34972_/Q
 _34973_/Q
 _34974_/Q
 _34975_/Q
 _34976_/Q
 _34977_/Q
 _34978_/Q
 _34979_/Q
 _34980_/Q
 _34981_/Q
 _34982_/Q
 _34983_/Q
 _34984_/Q
 _34985_/Q
 _34986_/Q
 _34987_/Q
 _34988_/Q
 _34989_/Q
 _34990_/Q
 _34991_/Q
 _34992_/Q
 _34993_/Q
 _34994_/Q
 _34995_/Q
 _34996_/Q
 _34997_/Q
 _34998_/Q
 _34999_/Q
 _35000_/Q
 _35001_/Q
 _35002_/Q
 _35003_/Q
 _35004_/Q
 _35005_/Q
 _35006_/Q
 _35007_/Q
 _35008_/Q
 _35009_/Q
 _35010_/Q
 _35011_/Q
 _35012_/Q
 _35013_/Q
 _35014_/Q
 _35015_/Q
 _35016_/Q
 _35017_/Q
 _35018_/Q
 _35019_/Q
 _35020_/Q
 _35021_/Q
 _35022_/Q
 _35023_/Q
 _35024_/Q
 _35025_/Q
 _35026_/Q
 _35027_/Q
 _35028_/Q
 _35029_/Q
 _35030_/Q
 _35031_/Q
 _35032_/Q
 _35033_/Q
 _35034_/Q
 _35035_/Q
 _35036_/Q
 _35037_/Q
 _35038_/Q
 _35039_/Q
 _35040_/Q
 _35041_/Q
 _35042_/Q
 _35043_/Q
 _35044_/Q
 _35045_/Q
 _35046_/Q
 _35047_/Q
 _35048_/Q
 _35049_/Q
 _35050_/Q
 _35051_/Q
 _35052_/Q
 _35053_/Q
 _35054_/Q
 _35055_/Q
 _35056_/Q
 _35057_/Q
 _35058_/Q
 _35059_/Q
 _35060_/Q
 _35061_/Q
 _35062_/Q
 _35063_/Q
 _35064_/Q
 _35065_/Q
 _35066_/Q
 _35067_/Q
 _35068_/Q
 _35069_/Q
 _35070_/Q
 _35071_/Q
 _35072_/Q
 _35073_/Q
 _35074_/Q
 _35075_/Q
 _35076_/Q
 _35077_/Q
 _35078_/Q
 _35079_/Q
 _35080_/Q
 _35081_/Q
 _35082_/Q
 _35083_/Q
 _35084_/Q
 _35085_/Q
 _35086_/Q
 _35087_/Q
 _35088_/Q
 _35089_/Q
 _35090_/Q
 _35091_/Q
 _35092_/Q
 _35093_/Q
 _35094_/Q
 _35095_/Q
 _35096_/Q
 _35097_/Q
 _35098_/Q
 _35099_/Q
 _35100_/Q
 _35101_/Q
 _35102_/Q
 _35103_/Q
 _35104_/Q
 _35105_/Q
 _35106_/Q
 _35107_/Q
 _35108_/Q
 _35109_/Q
 _35110_/Q
 _35111_/Q
 _35112_/Q
 _35113_/Q
 _35114_/Q
 _35115_/Q
 _35116_/Q
 _35117_/Q
 _35118_/Q
 _35119_/Q
 _35120_/Q
 _35121_/Q
 _35122_/Q
 _35123_/Q
 _35124_/Q
 _35125_/Q
 _35126_/Q
 _35127_/Q
 _35128_/Q
 _35129_/Q
 _35130_/Q
 _35131_/Q
 _35132_/Q
 _35133_/Q
 _35134_/Q
 _35135_/Q
 _35136_/Q
 _35137_/Q
 _35138_/Q
 _35139_/Q
 _35140_/Q
 _35141_/Q
 _35142_/Q
 _35143_/Q
 _35144_/Q
 _35145_/Q
 _35146_/Q
 _35147_/Q
 _35148_/Q
 _35149_/Q
 _35150_/Q
 _35151_/Q
 _35152_/Q
 _35153_/Q
 _35154_/Q
 _35155_/Q
 _35156_/Q
 _35157_/Q
 _35158_/Q
 _35159_/Q
 _35160_/Q
 _35161_/Q
 _35162_/Q
 _35163_/Q
 _35164_/Q
 _35165_/Q
 _35166_/Q
 _35167_/Q
 _35168_/Q
 _35169_/Q
 _35170_/Q
 _35171_/Q
 _35172_/Q
 _35173_/Q
 _35174_/Q
 _35175_/Q
 _35176_/Q
 _35177_/Q
 _35178_/Q
 _35179_/Q
 _35180_/Q
 _35181_/Q
 _35182_/Q
 _35183_/Q
 _35184_/Q
 _35185_/Q
 _35186_/Q
 _35187_/Q
 _35188_/Q
 _35189_/Q
 _35190_/Q
 _35191_/Q
 _35192_/Q
 _35193_/Q
 _35194_/Q
 _35195_/Q
 _35196_/Q
 _35197_/Q
 _35198_/Q
 _35199_/Q
 _35200_/Q
 _35201_/Q
 _35202_/Q
 _35203_/Q
 _35204_/Q
 _35205_/Q
 _35206_/Q
 _35207_/Q
 _35208_/Q
 _35209_/Q
 _35210_/Q
 _35211_/Q
 _35212_/Q
 _35213_/Q
 _35214_/Q
 _35215_/Q
 _35216_/Q
 _35217_/Q
 _35218_/Q
 _35219_/Q
 _35220_/Q
 _35221_/Q
 _35222_/Q
 _35223_/Q
 _35224_/Q
 _35225_/Q
 _35226_/Q
 _35227_/Q
 _35228_/Q
 _35229_/Q
 _35230_/Q
 _35231_/Q
 _35232_/Q
 _35233_/Q
 _35234_/Q
 _35235_/Q
 _35236_/Q
 _35237_/Q
 _35238_/Q
 _35239_/Q
 _35240_/Q
 _35241_/Q
 _35242_/Q
 _35243_/Q
 _35244_/Q
 _35245_/Q
 _35246_/Q
 _35247_/Q
 _35248_/Q
 _35249_/Q
 _35250_/Q
 _35251_/Q
 _35252_/Q
 _35253_/Q
 _35254_/Q
 _35255_/Q
 _35256_/Q
 _35257_/Q
 _35258_/Q
 _35259_/Q
 _35260_/Q
 _35261_/Q
 _35262_/Q
 _35263_/Q
 _35264_/Q
 _35265_/Q
 _35266_/Q
 _35267_/Q
 _35268_/Q
 _35269_/Q
 _35270_/Q
 _35271_/Q
 _35272_/Q
 _35273_/Q
 _35274_/Q
 _35275_/Q
 _35276_/Q
 _35277_/Q
 _35278_/Q
 _35279_/Q
 _35280_/Q
 _35281_/Q
 _35282_/Q
 _35283_/Q
 _35284_/Q
 _35285_/Q
 _35286_/Q
 _35287_/Q
 _35288_/Q
 _35289_/Q
 _35290_/Q
 _35291_/Q
 _35292_/Q
 _35293_/Q
 _35294_/Q
 _35295_/Q
 _35296_/Q
 _35297_/Q
 _35298_/Q
 _35299_/Q
 _35300_/Q
 _35301_/Q
 _35302_/Q
 _35303_/Q
 _35304_/Q
 _35305_/Q
 _35306_/Q
 _35307_/Q
 _35308_/Q
 _35309_/Q
 _35310_/Q
 _35311_/Q
 _35312_/Q
 _35313_/Q
 _35314_/Q
 _35315_/Q
 _35316_/Q
 _35317_/Q
 _35318_/Q
 _35319_/Q
 _35320_/Q
 _35321_/Q
 _35322_/Q
 _35323_/Q
 _35324_/Q
 _35325_/Q
 _35326_/Q
 _35327_/Q
 _35328_/Q
 _35329_/Q
 _35330_/Q
 _35331_/Q
 _35332_/Q
 _35333_/Q
 _35334_/Q
 _35335_/Q
 _35336_/Q
 _35337_/Q
 _35338_/Q
 _35339_/Q
 _35340_/Q
 _35341_/Q
 _35342_/Q
 _35343_/Q
 _35344_/Q
 _35345_/Q
 _35346_/Q
 _35347_/Q
 _35348_/Q
 _35349_/Q
 _35350_/Q
 _35351_/Q
 _35352_/Q
 _35353_/Q
 _35354_/Q
 _35355_/Q
 _35356_/Q
 _35357_/Q
 _35358_/Q
 _35359_/Q
 _35360_/Q
 _35361_/Q
 _35362_/Q
 _35363_/Q
 _35364_/Q
 _35365_/Q
 _35366_/Q
 _35367_/Q
 _35368_/Q
 _35369_/Q
 _35370_/Q
 _35371_/Q
 _35372_/Q
 _35373_/Q
 _35374_/Q
 _35375_/Q
 _35376_/Q
 _35377_/Q
 _35378_/Q
 _35379_/Q
 _35380_/Q
 _35381_/Q
 _35382_/Q
 _35383_/Q
 _35384_/Q
 _35385_/Q
 _35386_/Q
 _35387_/Q
 _35388_/Q
 _35389_/Q
 _35390_/Q
 _35391_/Q
 _35392_/Q
 _35393_/Q
 _35394_/Q
 _35395_/Q
 _35396_/Q
 _35397_/Q
 _35398_/Q
 _35399_/Q
 _35400_/Q
 _35401_/Q
 _35402_/Q
 _35403_/Q
 _35404_/Q
 _35405_/Q
 _35406_/Q
 _35407_/Q
 _35408_/Q
 _35409_/Q
 _35410_/Q
 _35411_/Q
 _35412_/Q
 _35413_/Q
 _35414_/Q
 _35415_/Q
 _35416_/Q
 _35417_/Q
 _35418_/Q
 _35419_/Q
 _35420_/Q
 _35421_/Q
 _35422_/Q
 _35423_/Q
 _35424_/Q
 _35425_/Q
 _35426_/Q
 _35427_/Q
 _35428_/Q
 _35429_/Q
 _35430_/Q
 _35431_/Q
 _35432_/Q
 _35433_/Q
 _35434_/Q
 _35435_/Q
 _35436_/Q
 _35437_/Q
 _35438_/Q
 _35439_/Q
 _35440_/Q
 _35441_/Q
 _35442_/Q
 _35443_/Q
 _35444_/Q
 _35445_/Q
 _35446_/Q
 _35447_/Q
 _35448_/Q
 _35449_/Q
 _35450_/Q
 _35451_/Q
 _35452_/Q
 _35453_/Q
 _35454_/Q
 _35455_/Q
 _35456_/Q
 _35457_/Q
 _35458_/Q
 _35459_/Q
 _35460_/Q
 _35461_/Q
 _35462_/Q
 _35463_/Q
 _35464_/Q
 _35465_/Q
 _35466_/Q
 _35467_/Q
 _35468_/Q
 _35469_/Q
 _35470_/Q
 _35471_/Q
 _35472_/Q
 _35473_/Q
 _35474_/Q
 _35475_/Q
 _35476_/Q
 _35477_/Q
 _35478_/Q
 _35479_/Q
 _35480_/Q
 _35481_/Q
 _35482_/Q
 _35483_/Q
 _35484_/Q
 _35485_/Q
 _35486_/Q
 _35487_/Q
 _35488_/Q
 _35489_/Q
 _35490_/Q
 _35491_/Q
 _35492_/Q
 _35493_/Q
 _35494_/Q
 _35495_/Q
 _35496_/Q
 _35497_/Q
 _35498_/Q
 _35499_/Q
 _35500_/Q
 _35501_/Q
 _35502_/Q
 _35503_/Q
 _35504_/Q
 _35505_/Q
 _35506_/Q
 _35507_/Q
 _35508_/Q
 _35509_/Q
 _35510_/Q
 _35511_/Q
 _35512_/Q
 _35513_/Q
 _35514_/Q
 _35515_/Q
 _35516_/Q
 _35517_/Q
 _35518_/Q
 _35519_/Q
 _35520_/Q
 _35521_/Q
 _35522_/Q
 _35523_/Q
 _35524_/Q
 _35525_/Q
 _35526_/Q
 _35527_/Q
 _35528_/Q
 _35529_/Q
 _35530_/Q
 _35531_/Q
 _35532_/Q
 _35533_/Q
 _35534_/Q
 _35535_/Q
 _35536_/Q
 _35537_/Q
 _35538_/Q
 _35539_/Q
 _35540_/Q
 _35541_/Q
 _35542_/Q
 _35543_/Q
 _35544_/Q
 _35545_/Q
 _35546_/Q
 _35547_/Q
 _35548_/Q
 _35549_/Q
 _35550_/Q
 _35551_/Q
 _35552_/Q
 _35553_/Q
 _35554_/Q
 _35555_/Q
 _35556_/Q
 _35557_/Q
 _35558_/Q
 _35559_/Q
 _35560_/Q
 _35561_/Q
 _35562_/Q
 _35563_/Q
 _35564_/Q
 _35565_/Q
 _35566_/Q
 _35567_/Q
 _35568_/Q
 _35569_/Q
 _35570_/Q
 _35571_/Q
 _35572_/Q
 _35573_/Q
 _35574_/Q
 _35575_/Q
 _35576_/Q
 _35577_/Q
 _35578_/Q
 _35579_/Q
 _35580_/Q
 _35581_/Q
 _35582_/Q
 _35583_/Q
 _35584_/Q
 _35585_/Q
 _35586_/Q
 _35587_/Q
 _35588_/Q
 _35589_/Q
 _35590_/Q
 _35591_/Q
 _35592_/Q
 _35593_/Q
 _35594_/Q
 _35595_/Q
 _35596_/Q
 _35597_/Q
 _35598_/Q
 _35599_/Q
 _35600_/Q
 _35601_/Q
 _35602_/Q
 _35603_/Q
 _35604_/Q
 _35605_/Q
 _35606_/Q
 _35607_/Q
 _35608_/Q
 _35609_/Q
 _35610_/Q
 _35611_/Q
 _35612_/Q
 _35613_/Q
 _35614_/Q
 _35615_/Q
 _35616_/Q
 _35617_/Q
 _35618_/Q
 _35619_/Q
 _35620_/Q
 _35621_/Q
 _35622_/Q
 _35623_/Q
 _35624_/Q
 _35625_/Q
 _35626_/Q
 _35627_/Q
 _35628_/Q
 _35629_/Q
 _35630_/Q
 _35631_/Q
 _35632_/Q
 _35633_/Q
 _35634_/Q
 _35635_/Q
 _35636_/Q
 _35637_/Q
 _35638_/Q
 _35639_/Q
 _35640_/Q
 _35641_/Q
 _35642_/Q
 _35643_/Q
 _35644_/Q
 _35645_/Q
 _35646_/Q
 _35647_/Q
 _35648_/Q
 _35649_/Q
 _35650_/Q
 _35651_/Q
 _35652_/Q
 _35653_/Q
 _35654_/Q
 _35655_/Q
 _35656_/Q
 _35657_/Q
 _35658_/Q
 _35659_/Q
 _35660_/Q
 _35661_/Q
 _35662_/Q
 _35663_/Q
 _35664_/Q
 _35665_/Q
 _35666_/Q
 _35667_/Q
 _35668_/Q
 _35669_/Q
 _35670_/Q
 _35671_/Q
 _35672_/Q
 _35673_/Q
 _35674_/Q
 _35675_/Q
 _35676_/Q
 _35677_/Q
 _35678_/Q
 _35679_/Q
 _35680_/Q
 _35681_/Q
 _35682_/Q
 _35683_/Q
 _35684_/Q
 _35685_/Q
 _35686_/Q
 _35687_/Q
 _35688_/Q
 _35689_/Q
 _35690_/Q
 _35691_/Q
 _35692_/Q
 _35693_/Q
 _35694_/Q
 _35695_/Q
 _35696_/Q
 _35697_/Q
 _35698_/Q
 _35699_/Q
 _35700_/Q
 _35701_/Q
 _35702_/Q
 _35703_/Q
 _35704_/Q
 _35705_/Q
 _35706_/Q
 _35707_/Q
 _35708_/Q
 _35709_/Q
 _35710_/Q
 _35711_/Q
 _35712_/Q
 _35713_/Q
 _35714_/Q
 _35715_/Q
 _35716_/Q
 _35717_/Q
 _35718_/Q
 _35719_/Q
 _35720_/Q
 _35721_/Q
 _35722_/Q
 _35723_/Q
 _35724_/Q
 _35725_/Q
 _35726_/Q
 _35727_/Q
 _35728_/Q
 _35729_/Q
 _35730_/Q
 _35731_/Q
 _35732_/Q
 _35733_/Q
 _35734_/Q
 _35735_/Q
 _35736_/Q
 _35737_/Q
 _35738_/Q
 _35739_/Q
 _35740_/Q
 _35741_/Q
 _35742_/Q
 _35743_/Q
 _35744_/Q
 _35745_/Q
 _35746_/Q
 _35747_/Q
 _35748_/Q
 _35749_/Q
 _35750_/Q
 _35751_/Q
 _35752_/Q
 _35753_/Q
 _35754_/Q
 _35755_/Q
 _35756_/Q
 _35757_/Q
 _35758_/Q
 _35759_/Q
 _35760_/Q
 _35761_/Q
 _35762_/Q
 _35763_/Q
 _35764_/Q
 _35765_/Q
 _35766_/Q
 _35767_/Q
 _35768_/Q
 _35769_/Q
 _35770_/Q
 _35771_/Q
 _35772_/Q
 _35773_/Q
 _35774_/Q
 _35775_/Q
 _35776_/Q
 _35777_/Q
 _35778_/Q
 _35779_/Q
 _35780_/Q
 _35781_/Q
 _35782_/Q
 _35783_/Q
 _35784_/Q
 _35785_/Q
 _35786_/Q
 _35787_/Q
 _35788_/Q
 _35789_/Q
 _35790_/Q
 _35791_/Q
 _35792_/Q
 _35793_/Q
 _35794_/Q
 _35795_/Q
 _35796_/Q
 _35797_/Q
 _35798_/Q
 _35799_/Q
 _35800_/Q
 _35801_/Q
 _35802_/Q
 _35803_/Q
 _35804_/Q
 _35805_/Q
 _35806_/Q
 _35807_/Q
 _35808_/Q
 _35809_/Q
 _35810_/Q
 _35811_/Q
 _35812_/Q
 _35813_/Q
 _35814_/Q
 _35815_/Q
 _35816_/Q
 _35817_/Q
 _35818_/Q
 _35819_/Q
 _35820_/Q
 _35821_/Q
 _35822_/Q
 _35823_/Q
 _35824_/Q
 _35825_/Q
 _35826_/Q
 _35827_/Q
 _35828_/Q
 _35829_/Q
 _35830_/Q
 _35831_/Q
 _35832_/Q
 _35833_/Q
 _35834_/Q
 _35835_/Q
 _35836_/Q
 _35837_/Q
 _35838_/Q
 _35839_/Q
 _35840_/Q
 _35841_/Q
 _35842_/Q
 _35843_/Q
 _35844_/Q
 _35845_/Q
 _35846_/Q
 _35847_/Q
 _35848_/Q
 _35849_/Q
 _35850_/Q
 _35851_/Q
 _35852_/Q
 _35853_/Q
 _35854_/Q
 _35855_/Q
 _35856_/Q
 _35857_/Q
 _35858_/Q
 _35859_/Q
 _35860_/Q
 _35861_/Q
 _35862_/Q
 _35863_/Q
 _35864_/Q
 _35865_/Q
 _35866_/Q
 _35867_/Q
 _35868_/Q
 _35869_/Q
 _35870_/Q
 _35871_/Q
 _35872_/Q
 _35873_/Q
 _35874_/Q
 _35875_/Q
 _35876_/Q
 _35877_/Q
 _35878_/Q
 _35879_/Q
 _35880_/Q
 _35881_/Q
 _35882_/Q
 _35883_/Q
 _35884_/Q
 _35885_/Q
 _35886_/Q
 _35887_/Q
 _35888_/Q
 _35889_/Q
 _35890_/Q
 _35891_/Q
 _35892_/Q
 _35893_/Q
 _35894_/Q
 _35895_/Q
 _35896_/Q
 _35897_/Q
 _35898_/Q
 _35899_/Q
 _35900_/Q
 _35901_/Q
 _35902_/Q
 _35903_/Q
 _35904_/Q
 _35905_/Q
 _35906_/Q
 _35907_/Q
 _35908_/Q
 _35909_/Q
 _35910_/Q
 _35911_/Q
 _35912_/Q
 _35913_/Q
 _35914_/Q
 _35915_/Q
 _35916_/Q
 _35917_/Q
 _35918_/Q
 _35919_/Q
 _35920_/Q
 _35921_/Q
 _35922_/Q
 _35923_/Q
 _35924_/Q
 _35925_/Q
 _35926_/Q
 _35927_/Q
 _35928_/Q
 _35929_/Q
 _35930_/Q
 _35931_/Q
 _35932_/Q
 _35933_/Q
 _35934_/Q
 _35935_/Q
 _35936_/Q
 _35937_/Q
 _35938_/Q
 _35939_/Q
 _35940_/Q
 _35941_/Q
 _35942_/Q
 _35943_/Q
 _35944_/Q
 _35945_/Q
 _35946_/Q
 _35947_/Q
 _35948_/Q
 _35949_/Q
 _35950_/Q
 _35951_/Q
 _35952_/Q
 _35953_/Q
 _35954_/Q
 _35955_/Q
 _35956_/Q
 _35957_/Q
 _35958_/Q
 _35959_/Q
 _35960_/Q
 _35961_/Q
 _35962_/Q
 _35963_/Q
 _35964_/Q
 _35965_/Q
 _35966_/Q
 _35967_/Q
 _35968_/Q
 _35969_/Q
 _35970_/Q
 _35971_/Q
 _35972_/Q
 _35973_/Q
 _35974_/Q
 _35975_/Q
 _35976_/Q
 _35977_/Q
 _35978_/Q
 _35979_/Q
 _35980_/Q
 _35981_/Q
 _35982_/Q
 _35983_/Q
 _35984_/Q
 _35985_/Q
 _35986_/Q
 _35987_/Q
 _35988_/Q
 _35989_/Q
 _35990_/Q
 _35991_/Q
 _35992_/Q
 _35993_/Q
 _35994_/Q
 _35995_/Q
 _35996_/Q
 _35997_/Q
 _35998_/Q
 _35999_/Q
 _36000_/Q
 _36001_/Q
 _36002_/Q
 _36003_/Q
 _36004_/Q
 _36005_/Q
 _36006_/Q
 _36007_/Q
 _36008_/Q
 _36009_/Q
 _36010_/Q
 _36011_/Q
 _36012_/Q
 _36013_/Q
 _36014_/Q
 _36015_/Q
 _36016_/Q
 _36017_/Q
 _36018_/Q
 _36019_/Q
 _36020_/Q
 _36021_/Q
 _36022_/Q
 _36023_/Q
 _36024_/Q
 _36025_/Q
 _36026_/Q
 _36027_/Q
 _36028_/Q
 _36029_/Q
 _36030_/Q
 _36031_/Q
 _36032_/Q
 _36033_/Q
 _36034_/Q
 _36035_/Q
 _36036_/Q
 _36037_/Q
 _36038_/Q
 _36039_/Q
 _36040_/Q
 _36041_/Q
 _36042_/Q
 _36043_/Q
 _36044_/Q
 _36045_/Q
 _36046_/Q
 _36047_/Q
 _36048_/Q
 _36049_/Q
 _36050_/Q
 _36051_/Q
 _36052_/Q
 _36053_/Q
 _36054_/Q
 _36055_/Q
 _36056_/Q
 _36057_/Q
 _36058_/Q
 _36059_/Q
 _36060_/Q
 _36061_/Q
 _36062_/Q
 _36063_/Q
 _36064_/Q
 _36065_/Q
 _36066_/Q
 _36067_/Q
 _36068_/Q
 _36069_/Q
 _36070_/Q
 _36071_/Q
 _36072_/Q
 _36073_/Q
 _36074_/Q
 _36075_/Q
 _36076_/Q
 _36077_/Q
 _36078_/Q
 _36079_/Q
 _36080_/Q
 _36081_/Q
 _36082_/Q
 _36083_/Q
 _36084_/Q
 _36085_/Q
 _36086_/Q
 _36087_/Q
 _36088_/Q
 _36089_/Q
 _36090_/Q
 _36091_/Q
 _36092_/Q
 _36093_/Q
 _36094_/Q
 _36095_/Q
 _36096_/Q
 _36097_/Q
 _36098_/Q
 _36099_/Q
 _36100_/Q
 _36101_/Q
 _36102_/Q
 _36103_/Q
 _36104_/Q
 _36105_/Q
 _36106_/Q
 _36107_/Q
 _36108_/Q
 _36109_/Q
 _36110_/Q
 _36111_/Q
 _36112_/Q
 _36113_/Q
 _36114_/Q
 _36115_/Q
 _36116_/Q
 _36117_/Q
 _36118_/Q
 _36119_/Q
 _36120_/Q
 _36121_/Q
 _36122_/Q
 _36123_/Q
 _36124_/Q
 _36125_/Q
 _36126_/Q
 _36127_/Q
 _36128_/Q
 _36129_/Q
 _36130_/Q
 _36131_/Q
 _36132_/Q
 _36133_/Q
 _36134_/Q
 _36135_/Q
 _36136_/Q
 _36137_/Q
 _36138_/Q
 _36139_/Q
 _36140_/Q
 _36141_/Q
 _36142_/Q
 _36143_/Q
 _36144_/Q
 _36145_/Q
 _36146_/Q
 _36147_/Q
 _36148_/Q
 _36149_/Q
 _36150_/Q
 _36151_/Q
 _36152_/Q
 _36153_/Q
 _36154_/Q
 _36155_/Q
 _36156_/Q
 _36157_/Q
 _36158_/Q
 _36159_/Q
 _36160_/Q
 _36161_/Q
 _36162_/Q
 _36163_/Q
 _36164_/Q
 _36165_/Q
 _36166_/Q
 _36167_/Q
 _36168_/Q
 _36169_/Q
 _36170_/Q
 _36171_/Q
 _36172_/Q
 _36173_/Q
 _36174_/Q
 _36175_/Q
 _36176_/Q
 _36177_/Q
 _36178_/Q
 _36179_/Q
 _36180_/Q
 _36181_/Q
 _36182_/Q
 _36183_/Q
 _36184_/Q
 _36185_/Q
 _36186_/Q
 _36187_/Q
 _36188_/Q
 _36189_/Q
 _36190_/Q
 _36191_/Q
 _36192_/Q
 _36193_/Q
 _36194_/Q
 _36195_/Q
 _36196_/Q
 _36197_/Q
 _36198_/Q
 _36199_/Q
 _36200_/Q
 _36201_/Q
 _36202_/Q
 _36203_/Q
 _36204_/Q
 _36205_/Q
 _36206_/Q
 _36207_/Q
 _36208_/Q
 _36209_/Q
 _36210_/Q
 _36211_/Q
 _36212_/Q
 _36213_/Q
 _36214_/Q
 _36215_/Q
 _36216_/Q
 _36217_/Q
 _36218_/Q
 _36219_/Q
 _36220_/Q
 _36221_/Q
 _36222_/Q
 _36223_/Q
 _36224_/Q
 _36225_/Q
 _36226_/Q
 _36227_/Q
 _36228_/Q
 _36229_/Q
 _36230_/Q
 _36231_/Q
 _36232_/Q
 _36233_/Q
 _36234_/Q
 _36235_/Q
 _36236_/Q
 _36237_/Q
 _36238_/Q
 _36239_/Q
 _36240_/Q
 _36241_/Q
 _36242_/Q
 _36243_/Q
 _36244_/Q
 _36245_/Q
 _36246_/Q
 _36247_/Q
 _36248_/Q
 _36249_/Q
 _36250_/Q
 _36251_/Q
 _36252_/Q
 _36253_/Q
 _36254_/Q
 _36255_/Q
 _36256_/Q
 _36257_/Q
 _36258_/Q
 _36259_/Q
 _36260_/Q
 _36261_/Q
 _36262_/Q
 _36263_/Q
 _36264_/Q
 _36265_/Q
 _36266_/Q
 _36267_/Q
 _36268_/Q
 _36269_/Q
 _36270_/Q
 _36271_/Q
 _36272_/Q
 _36273_/Q
 _36274_/Q
 _36275_/Q
 _36276_/Q
 _36277_/Q
 _36278_/Q
 _36279_/Q
 _36280_/Q
 _36281_/Q
 _36282_/Q
 _36283_/Q
 _36284_/Q
 _36285_/Q
 _36286_/Q
 _36287_/Q
 _36288_/Q
 _36289_/Q
 _36290_/Q
 _36291_/Q
 _36292_/Q
 _36293_/Q
 _36294_/Q
 _36295_/Q
 _36296_/Q
 _36297_/Q
 _36298_/Q
 _36299_/Q
 _36300_/Q
 _36301_/Q
 _36302_/Q
 _36303_/Q
 _36304_/Q
 _36305_/Q
 _36306_/Q
 _36307_/Q
 _36308_/Q
 _36309_/Q
 _36310_/Q
 _36311_/Q
 _36312_/Q
 _36313_/Q
 _36314_/Q
 _36315_/Q
 _36316_/Q
 _36317_/Q
 _36318_/Q
 _36319_/Q
 _36320_/Q
 _36321_/Q
 _36322_/Q
 _36323_/Q
 _36324_/Q
 _36325_/Q
 _36326_/Q
 _36327_/Q
 _36328_/Q
 _36329_/Q
 _36330_/Q
 _36331_/Q
 _36332_/Q
 _36333_/Q
 _36334_/Q
 _36335_/Q
 _36336_/Q
 _36337_/Q
 _36338_/Q
 _36339_/Q
 _36340_/Q
 _36341_/Q
 _36342_/Q
 _36343_/Q
 _36344_/Q
 _36345_/Q
 _36346_/Q
 _36347_/Q
 _36348_/Q
 _36349_/Q
 _36350_/Q
 _36351_/Q
 _36352_/Q
 _36353_/Q
 _36354_/Q
 _36355_/Q
 _36356_/Q
 _36357_/Q
 _36358_/Q
 _36359_/Q
 _36360_/Q
 _36361_/Q
 _36362_/Q
 _36363_/Q
 _36364_/Q
 _36365_/Q
 _36366_/Q
 _36367_/Q
 _36368_/Q
 _36369_/Q
 _36370_/Q
 _36371_/Q
 _36372_/Q
 _36373_/Q
 _36374_/Q
 _36375_/Q
 _36376_/Q
 _36377_/Q
 _36378_/Q
 _36379_/Q
 _36380_/Q
 _36381_/Q
 _36382_/Q
 _36383_/Q
 _36384_/Q
 _36385_/Q
 _36386_/Q
 _36387_/Q
 _36388_/Q
 _36389_/Q
 _36390_/Q
 _36391_/Q
 _36392_/Q
 _36393_/Q
 _36394_/Q
 _36395_/Q
 _36396_/Q
 _36397_/Q
 _36398_/Q
 _36399_/Q
 _36400_/Q
 _36401_/Q
 _36402_/Q
 _36403_/Q
 _36404_/Q
 _36405_/Q
 _36406_/Q
 _36407_/Q
 _36408_/Q
 _36409_/Q
 _36410_/Q
 _36411_/Q
 _36412_/Q
 _36413_/Q
 _36414_/Q
 _36415_/Q
 _36416_/Q
 _36417_/Q
 _36418_/Q
 _36419_/Q
 _36420_/Q
 _36421_/Q
 _36422_/Q
 _36423_/Q
 _36424_/Q
 _36425_/Q
 _36426_/Q
 _36427_/Q
 _36428_/Q
 _36429_/Q
 _36430_/Q
 _36431_/Q
 _36432_/Q
 _36433_/Q
 _36434_/Q
 _36435_/Q
 _36436_/Q
 _36437_/Q
 _36438_/Q
 _36439_/Q
 _36440_/Q
 _36441_/Q
 _36442_/Q
 _36443_/Q
 _36444_/Q
 _36445_/Q
 _36446_/Q
 _36447_/Q
 _36448_/Q
 _36449_/Q
 _36450_/Q
 _36451_/Q
 _36452_/Q
 _36453_/Q
 _36454_/Q
 _36455_/Q
 _36456_/Q
 _36457_/Q
 _36458_/Q
 _36459_/Q
 _36460_/Q
 _36461_/Q
 _36462_/Q
 _36463_/Q
 _36464_/Q
 _36465_/Q
 _36466_/Q
 _36467_/Q
 _36468_/Q
 _36469_/Q
 _36470_/Q
 _36471_/Q
 _36472_/Q
 _36473_/Q
 _36474_/Q
 _36475_/Q
 _36476_/Q
 _36477_/Q
 _36478_/Q
 _36479_/Q
 _36480_/Q
 _36481_/Q
 _36482_/Q
 _36483_/Q
 _36484_/Q
 _36485_/Q
 _36486_/Q
 _36487_/Q
 _36488_/Q
 _36489_/Q
 _36490_/Q
 _36491_/Q
 _36492_/Q
 _36493_/Q
 _36494_/Q
 _36495_/Q
 _36496_/Q
 _36497_/Q
 _36498_/Q
 _36499_/Q
 _36500_/Q
 _36501_/Q
 _36502_/Q
 _36503_/Q
 _36504_/Q
 _36505_/Q
 _36506_/Q
 _36507_/Q
 _36508_/Q
 _36509_/Q
 _36510_/Q
 _36511_/Q
 _36512_/Q
 _36513_/Q
 _36514_/Q
 _36515_/Q
 _36516_/Q
 _36517_/Q
 _36518_/Q
 _36519_/Q
 _36520_/Q
 _36521_/Q
 _36522_/Q
 _36523_/Q
 _36524_/Q
 _36525_/Q
 _36526_/Q
 _36527_/Q
 _36528_/Q
 _36529_/Q
 _36530_/Q
 _36531_/Q
 _36532_/Q
 _36533_/Q
 _36534_/Q
 _36535_/Q
 _36536_/Q
 _36537_/Q
 _36538_/Q
 _36539_/Q
 _36540_/Q
 _36541_/Q
 _36542_/Q
 _36543_/Q
 _36544_/Q
 _36545_/Q
 _36546_/Q
 _36547_/Q
 _36548_/Q
 _36549_/Q
 _36550_/Q
 _36551_/Q
 _36552_/Q
 _36553_/Q
 _36554_/Q
 _36555_/Q
 _36556_/Q
 _36557_/Q
 _36558_/Q
 _36559_/Q
 _36560_/Q
 _36561_/Q
 _36562_/Q
 _36563_/Q
 _36564_/Q
 _36565_/Q
 _36566_/Q
 _36567_/Q
 _36568_/Q
 _36569_/Q
 _36570_/Q
 _36571_/Q
 _36572_/Q
 _36573_/Q
 _36574_/Q
 _36575_/Q
 _36576_/Q
 _36577_/Q
 _36578_/Q
 _36579_/Q
 _36580_/Q
 _36581_/Q
 _36582_/Q
 _36583_/Q
 _36584_/Q
 _36585_/Q
 _36586_/Q
 _36587_/Q
 _36588_/Q
 _36589_/Q
 _36590_/Q
 _36591_/Q
 _36592_/Q
 _36593_/Q
 _36594_/Q
 _36595_/Q
 _36596_/Q
 _36597_/Q
 _36598_/Q
 _36599_/Q
 _36600_/Q
 _36601_/Q
 _36602_/Q
 _36603_/Q
 _36604_/Q
 _36605_/Q
 _36606_/Q
 _36607_/Q
 _36608_/Q
 _36609_/Q
Found 0 partially unannotated drivers.

===========================================================================
max slew violation count 8512
max fanout violation count 0
max cap violation count 43
============================================================================

===========================================================================
check_setup -verbose -unconstrained_endpoints -multiple_clock -no_clock -no_input_delay -loops -generated_clocks
===========================================================================
