Netgen 1.5.278 compiled on Sun Sep 29 13:29:03 UTC 2024
Warning: netgen command 'format' use fully-qualified name '::netgen::format'
Warning: netgen command 'global' use fully-qualified name '::netgen::global'
Warning:  A case-insensitive file has been read and so the	verilog file must be treated case-insensitive to match.
Reading SPICE netlist file '/home/jaikrishn/.volare/volare/sky130/versions/0fe599b2afb6708d281543108caf8310912f54af/sky130A/libs.ref/sky130_fd_sc_hd/spice/sky130_ef_sc_hd__decap_12.spice'...
Call to undefined subcircuit sky130_fd_pr__pfet_01v8_hvt
Creating placeholder cell definition.
Call to undefined subcircuit sky130_fd_pr__nfet_01v8
Creating placeholder cell definition.
Reading SPICE netlist file '/home/jaikrishn/.volare/volare/sky130/versions/0fe599b2afb6708d281543108caf8310912f54af/sky130A/libs.ref/sky130_fd_sc_hd/spice/sky130_ef_sc_hd__fill_12.spice'...
Reading SPICE netlist file '/home/jaikrishn/.volare/volare/sky130/versions/0fe599b2afb6708d281543108caf8310912f54af/sky130A/libs.ref/sky130_fd_sc_hd/spice/sky130_ef_sc_hd__fill_4.spice'...
Reading SPICE netlist file '/home/jaikrishn/.volare/volare/sky130/versions/0fe599b2afb6708d281543108caf8310912f54af/sky130A/libs.ref/sky130_fd_sc_hd/spice/sky130_ef_sc_hd__fill_8.spice'...
Reading SPICE netlist file '/home/jaikrishn/.volare/volare/sky130/versions/0fe599b2afb6708d281543108caf8310912f54af/sky130A/libs.ref/sky130_fd_sc_hd/spice/sky130_fd_sc_hd.spice'...
Call to undefined subcircuit sky130_fd_pr__res_generic_po
Creating placeholder cell definition.
Call to undefined subcircuit sky130_fd_pr__special_nfet_01v8
Creating placeholder cell definition.
Call to undefined subcircuit sky130_fd_pr__diode_pw2nd_05v5
Creating placeholder cell definition.
Call to undefined subcircuit sky130_fd_pr__special_pfet_01v8_hvt
Creating placeholder cell definition.
Call to undefined subcircuit sky130_fd_sc_hd__nand2_2
Creating placeholder cell definition.
Call to undefined subcircuit sky130_fd_sc_hd__nor2_2
Creating placeholder cell definition.
Warning:  A case-insensitive file has been read and so the	verilog file must be treated case-insensitive to match.
Note:  Implicit pin X in instance clkload0 of sky130_fd_sc_hd__clkbuf_8 in cell async_fifo
Note:  Implicit pin Y in instance clkload1 of sky130_fd_sc_hd__inv_6 in cell async_fifo
Note:  Implicit pin X in instance clkload2 of sky130_fd_sc_hd__clkbuf_8 in cell async_fifo
Note:  Implicit pin Y in instance clkload3 of sky130_fd_sc_hd__inv_6 in cell async_fifo
Note:  Implicit pin X in instance clkload4 of sky130_fd_sc_hd__clkbuf_8 in cell async_fifo
Note:  Implicit pin Y in instance clkload5 of sky130_fd_sc_hd__clkinvlp_4 in cell async_fifo
Note:  Implicit pin X in instance clkload6 of sky130_fd_sc_hd__clkbuf_8 in cell async_fifo
Note:  Implicit pin X in instance clkload7 of sky130_fd_sc_hd__clkbuf_8 in cell async_fifo
Note:  Implicit pin Y in instance clkload8 of sky130_fd_sc_hd__clkinvlp_4 in cell async_fifo
Note:  Implicit pin Y in instance clkload9 of sky130_fd_sc_hd__clkinvlp_4 in cell async_fifo
Note:  Implicit pin Y in instance clkload10 of sky130_fd_sc_hd__clkinvlp_4 in cell async_fifo
Note:  Implicit pin X in instance clkload11 of sky130_fd_sc_hd__clkbuf_8 in cell async_fifo
Note:  Implicit pin X in instance clkload12 of sky130_fd_sc_hd__clkbuf_8 in cell async_fifo
Note:  Implicit pin Y in instance clkload13 of sky130_fd_sc_hd__clkinvlp_4 in cell async_fifo
Note:  Implicit pin Y in instance clkload14 of sky130_fd_sc_hd__inv_6 in cell async_fifo
Note:  Implicit pin Y in instance clkload15 of sky130_fd_sc_hd__clkinvlp_4 in cell async_fifo
Note:  Implicit pin X in instance clkload16 of sky130_fd_sc_hd__clkbuf_8 in cell async_fifo
Note:  Implicit pin X in instance clkload17 of sky130_fd_sc_hd__clkbuf_8 in cell async_fifo
Note:  Implicit pin Y in instance clkload18 of sky130_fd_sc_hd__clkinvlp_4 in cell async_fifo
Note:  Implicit pin Y in instance clkload19 of sky130_fd_sc_hd__clkinvlp_4 in cell async_fifo
Note:  Implicit pin Y in instance clkload20 of sky130_fd_sc_hd__inv_6 in cell async_fifo
Note:  Implicit pin X in instance clkload21 of sky130_fd_sc_hd__clkbuf_8 in cell async_fifo
Note:  Implicit pin Y in instance clkload22 of sky130_fd_sc_hd__clkinvlp_4 in cell async_fifo
Note:  Implicit pin Y in instance clkload23 of sky130_fd_sc_hd__inv_6 in cell async_fifo
Note:  Implicit pin Y in instance clkload24 of sky130_fd_sc_hd__clkinvlp_4 in cell async_fifo
Note:  Implicit pin Y in instance clkload25 of sky130_fd_sc_hd__clkinvlp_4 in cell async_fifo
Note:  Implicit pin X in instance clkload26 of sky130_fd_sc_hd__clkbuf_8 in cell async_fifo
Note:  Implicit pin Y in instance clkload27 of sky130_fd_sc_hd__clkinvlp_4 in cell async_fifo
Note:  Implicit pin X in instance clkload28 of sky130_fd_sc_hd__clkbuf_8 in cell async_fifo
Note:  Implicit pin Y in instance clkload29 of sky130_fd_sc_hd__clkinv_8 in cell async_fifo
Note:  Implicit pin Y in instance clkload30 of sky130_fd_sc_hd__inv_8 in cell async_fifo
Note:  Implicit pin X in instance clkload31 of sky130_fd_sc_hd__clkbuf_8 in cell async_fifo
Note:  Implicit pin X in instance clkload32 of sky130_fd_sc_hd__clkbuf_8 in cell async_fifo
Note:  Implicit pin Y in instance clkload33 of sky130_fd_sc_hd__clkinvlp_4 in cell async_fifo
Note:  Implicit pin X in instance clkload34 of sky130_fd_sc_hd__clkbuf_8 in cell async_fifo
Note:  Implicit pin X in instance clkload35 of sky130_fd_sc_hd__clkbuf_8 in cell async_fifo
Note:  Implicit pin Y in instance clkload36 of sky130_fd_sc_hd__inv_6 in cell async_fifo
Note:  Implicit pin Y in instance clkload37 of sky130_fd_sc_hd__clkinvlp_4 in cell async_fifo
Note:  Implicit pin Y in instance clkload38 of sky130_fd_sc_hd__bufinv_16 in cell async_fifo
Note:  Implicit pin Y in instance clkload39 of sky130_fd_sc_hd__inv_6 in cell async_fifo
Note:  Implicit pin Y in instance clkload40 of sky130_fd_sc_hd__inv_6 in cell async_fifo
Note:  Implicit pin Y in instance clkload41 of sky130_fd_sc_hd__bufinv_16 in cell async_fifo
Note:  Implicit pin Y in instance clkload42 of sky130_fd_sc_hd__bufinv_16 in cell async_fifo
Note:  Implicit pin Y in instance clkload43 of sky130_fd_sc_hd__inv_8 in cell async_fifo
Note:  Implicit pin Y in instance clkload44 of sky130_fd_sc_hd__clkinv_4 in cell async_fifo
Note:  Implicit pin Y in instance clkload45 of sky130_fd_sc_hd__clkinv_4 in cell async_fifo
Note:  Implicit pin Y in instance clkload46 of sky130_fd_sc_hd__clkinv_8 in cell async_fifo
Note:  Implicit pin Y in instance clkload47 of sky130_fd_sc_hd__inv_6 in cell async_fifo
Note:  Implicit pin Y in instance clkload48 of sky130_fd_sc_hd__clkinvlp_4 in cell async_fifo
Note:  Implicit pin Y in instance clkload49 of sky130_fd_sc_hd__inv_8 in cell async_fifo
Note:  Implicit pin Y in instance clkload50 of sky130_fd_sc_hd__clkinv_2 in cell async_fifo
Note:  Implicit pin Y in instance clkload51 of sky130_fd_sc_hd__inv_6 in cell async_fifo
Note:  Implicit pin X in instance clkload52 of sky130_fd_sc_hd__clkbuf_4 in cell async_fifo
Note:  Implicit pin Y in instance clkload53 of sky130_fd_sc_hd__clkinv_2 in cell async_fifo
Note:  Implicit pin Y in instance clkload54 of sky130_fd_sc_hd__inv_16 in cell async_fifo
Note:  Implicit pin Y in instance clkload55 of sky130_fd_sc_hd__inv_12 in cell async_fifo
Note:  Implicit pin Y in instance clkload56 of sky130_fd_sc_hd__inv_6 in cell async_fifo
Note:  Implicit pin Y in instance clkload57 of sky130_fd_sc_hd__clkinv_8 in cell async_fifo
Note:  Implicit pin Y in instance clkload58 of sky130_fd_sc_hd__clkinv_2 in cell async_fifo
Note:  Implicit pin Y in instance clkload59 of sky130_fd_sc_hd__clkinv_2 in cell async_fifo
Note:  Implicit pin Y in instance clkload60 of sky130_fd_sc_hd__clkinv_4 in cell async_fifo
Note:  Implicit pin Y in instance clkload61 of sky130_fd_sc_hd__inv_12 in cell async_fifo
Note:  Implicit pin Y in instance clkload62 of sky130_fd_sc_hd__bufinv_16 in cell async_fifo
Note:  Implicit pin Y in instance clkload63 of sky130_fd_sc_hd__inv_6 in cell async_fifo
Note:  Implicit pin Y in instance clkload64 of sky130_fd_sc_hd__inv_8 in cell async_fifo
Note:  Implicit pin Y in instance clkload65 of sky130_fd_sc_hd__inv_6 in cell async_fifo
Note:  Implicit pin X in instance clkload66 of sky130_fd_sc_hd__clkbuf_4 in cell async_fifo
Note:  Implicit pin Y in instance clkload67 of sky130_fd_sc_hd__inv_8 in cell async_fifo
Note:  Implicit pin Y in instance clkload68 of sky130_fd_sc_hd__clkinv_4 in cell async_fifo
Note:  Implicit pin Y in instance clkload69 of sky130_fd_sc_hd__inv_6 in cell async_fifo
Note:  Implicit pin Y in instance clkload70 of sky130_fd_sc_hd__bufinv_16 in cell async_fifo
Note:  Implicit pin X in instance clkload71 of sky130_fd_sc_hd__clkbuf_4 in cell async_fifo
Note:  Implicit pin X in instance clkload72 of sky130_fd_sc_hd__clkbuf_4 in cell async_fifo
Note:  Implicit pin Y in instance clkload73 of sky130_fd_sc_hd__inv_6 in cell async_fifo
Note:  Implicit pin Y in instance clkload74 of sky130_fd_sc_hd__clkinvlp_4 in cell async_fifo
Note:  Implicit pin Y in instance clkload75 of sky130_fd_sc_hd__clkinv_8 in cell async_fifo
Note:  Implicit pin Y in instance clkload76 of sky130_fd_sc_hd__inv_8 in cell async_fifo
Note:  Implicit pin Y in instance clkload77 of sky130_fd_sc_hd__clkinv_8 in cell async_fifo
Note:  Implicit pin Y in instance clkload78 of sky130_fd_sc_hd__inv_6 in cell async_fifo
Note:  Implicit pin Y in instance clkload79 of sky130_fd_sc_hd__clkinv_8 in cell async_fifo
Note:  Implicit pin Y in instance clkload80 of sky130_fd_sc_hd__inv_8 in cell async_fifo
Note:  Implicit pin Y in instance clkload81 of sky130_fd_sc_hd__inv_6 in cell async_fifo
Note:  Implicit pin X in instance clkload82 of sky130_fd_sc_hd__clkbuf_4 in cell async_fifo
Note:  Implicit pin Y in instance clkload83 of sky130_fd_sc_hd__inv_6 in cell async_fifo
Note:  Implicit pin Y in instance clkload84 of sky130_fd_sc_hd__inv_16 in cell async_fifo
Note:  Implicit pin Y in instance clkload85 of sky130_fd_sc_hd__clkinv_8 in cell async_fifo
Note:  Implicit pin Y in instance clkload86 of sky130_fd_sc_hd__inv_6 in cell async_fifo
Note:  Implicit pin Y in instance clkload87 of sky130_fd_sc_hd__clkinv_8 in cell async_fifo
Note:  Implicit pin Y in instance clkload88 of sky130_fd_sc_hd__inv_8 in cell async_fifo
Note:  Implicit pin Y in instance clkload89 of sky130_fd_sc_hd__clkinv_8 in cell async_fifo
Note:  Implicit pin Y in instance clkload90 of sky130_fd_sc_hd__inv_8 in cell async_fifo
Note:  Implicit pin Y in instance clkload91 of sky130_fd_sc_hd__inv_12 in cell async_fifo
Note:  Implicit pin Y in instance clkload92 of sky130_fd_sc_hd__inv_6 in cell async_fifo
Note:  Implicit pin Y in instance clkload93 of sky130_fd_sc_hd__clkinv_2 in cell async_fifo
Note:  Implicit pin Y in instance clkload94 of sky130_fd_sc_hd__inv_8 in cell async_fifo
Note:  Implicit pin Y in instance clkload95 of sky130_fd_sc_hd__inv_12 in cell async_fifo
Note:  Implicit pin Y in instance clkload96 of sky130_fd_sc_hd__inv_12 in cell async_fifo
Note:  Implicit pin Y in instance clkload97 of sky130_fd_sc_hd__inv_8 in cell async_fifo
Note:  Implicit pin X in instance clkload98 of sky130_fd_sc_hd__clkbuf_4 in cell async_fifo
Note:  Implicit pin Y in instance clkload99 of sky130_fd_sc_hd__clkinv_2 in cell async_fifo
Note:  Implicit pin Y in instance clkload100 of sky130_fd_sc_hd__inv_6 in cell async_fifo
Note:  Implicit pin Y in instance clkload101 of sky130_fd_sc_hd__inv_6 in cell async_fifo
Note:  Implicit pin X in instance clkload102 of sky130_fd_sc_hd__clkbuf_4 in cell async_fifo
Note:  Implicit pin Y in instance clkload103 of sky130_fd_sc_hd__clkinv_4 in cell async_fifo
Note:  Implicit pin Y in instance clkload104 of sky130_fd_sc_hd__inv_8 in cell async_fifo
Note:  Implicit pin Y in instance clkload105 of sky130_fd_sc_hd__inv_8 in cell async_fifo
Note:  Implicit pin Y in instance clkload106 of sky130_fd_sc_hd__inv_6 in cell async_fifo
Note:  Implicit pin Y in instance clkload107 of sky130_fd_sc_hd__clkinv_4 in cell async_fifo
Note:  Implicit pin Y in instance clkload108 of sky130_fd_sc_hd__inv_6 in cell async_fifo
Note:  Implicit pin Y in instance clkload109 of sky130_fd_sc_hd__clkinvlp_4 in cell async_fifo
Note:  Implicit pin Y in instance clkload110 of sky130_fd_sc_hd__clkinvlp_4 in cell async_fifo
Note:  Implicit pin Y in instance clkload111 of sky130_fd_sc_hd__inv_6 in cell async_fifo
Note:  Implicit pin Y in instance clkload112 of sky130_fd_sc_hd__clkinv_8 in cell async_fifo
Note:  Implicit pin Y in instance clkload113 of sky130_fd_sc_hd__clkinv_4 in cell async_fifo
Note:  Implicit pin Y in instance clkload114 of sky130_fd_sc_hd__clkinv_4 in cell async_fifo
Note:  Implicit pin Y in instance clkload115 of sky130_fd_sc_hd__inv_6 in cell async_fifo
Note:  Implicit pin X in instance clkload116 of sky130_fd_sc_hd__clkbuf_8 in cell async_fifo
Note:  Implicit pin Y in instance clkload117 of sky130_fd_sc_hd__clkinv_4 in cell async_fifo
Note:  Implicit pin Y in instance clkload118 of sky130_fd_sc_hd__clkinv_2 in cell async_fifo
Note:  Implicit pin Y in instance clkload119 of sky130_fd_sc_hd__inv_6 in cell async_fifo
Note:  Implicit pin Y in instance clkload120 of sky130_fd_sc_hd__clkinv_2 in cell async_fifo
Note:  Implicit pin Y in instance clkload121 of sky130_fd_sc_hd__inv_6 in cell async_fifo
Note:  Implicit pin X in instance clkload122 of sky130_fd_sc_hd__clkbuf_8 in cell async_fifo
Note:  Implicit pin X in instance clkload123 of sky130_fd_sc_hd__clkbuf_4 in cell async_fifo
Note:  Implicit pin Y in instance clkload124 of sky130_fd_sc_hd__clkinv_4 in cell async_fifo
Note:  Implicit pin Y in instance clkload125 of sky130_fd_sc_hd__bufinv_16 in cell async_fifo
Note:  Implicit pin Y in instance clkload126 of sky130_fd_sc_hd__bufinv_16 in cell async_fifo
Note:  Implicit pin Y in instance clkload127 of sky130_fd_sc_hd__inv_8 in cell async_fifo
Note:  Implicit pin Y in instance clkload128 of sky130_fd_sc_hd__clkinvlp_4 in cell async_fifo
Note:  Implicit pin X in instance clkload129 of sky130_fd_sc_hd__clkbuf_8 in cell async_fifo
Note:  Implicit pin Y in instance clkload130 of sky130_fd_sc_hd__inv_8 in cell async_fifo
Note:  Implicit pin Y in instance clkload131 of sky130_fd_sc_hd__inv_6 in cell async_fifo
Note:  Implicit pin Y in instance clkload132 of sky130_fd_sc_hd__clkinv_4 in cell async_fifo
Note:  Implicit pin Y in instance clkload133 of sky130_fd_sc_hd__inv_6 in cell async_fifo
Note:  Implicit pin Y in instance clkload134 of sky130_fd_sc_hd__clkinvlp_4 in cell async_fifo
Note:  Implicit pin Y in instance clkload135 of sky130_fd_sc_hd__clkinv_8 in cell async_fifo
Note:  Implicit pin Y in instance clkload136 of sky130_fd_sc_hd__inv_8 in cell async_fifo
Note:  Implicit pin Y in instance clkload137 of sky130_fd_sc_hd__inv_8 in cell async_fifo
Note:  Implicit pin Y in instance clkload138 of sky130_fd_sc_hd__clkinv_4 in cell async_fifo
Note:  Implicit pin Y in instance clkload139 of sky130_fd_sc_hd__clkinvlp_4 in cell async_fifo
Note:  Implicit pin Y in instance clkload140 of sky130_fd_sc_hd__inv_8 in cell async_fifo
Note:  Implicit pin Y in instance clkload141 of sky130_fd_sc_hd__inv_8 in cell async_fifo
Note:  Implicit pin Y in instance clkload142 of sky130_fd_sc_hd__clkinv_4 in cell async_fifo
Note:  Implicit pin Y in instance clkload143 of sky130_fd_sc_hd__clkinvlp_4 in cell async_fifo
Note:  Implicit pin X in instance clkload144 of sky130_fd_sc_hd__clkbuf_4 in cell async_fifo
Note:  Implicit pin Y in instance clkload145 of sky130_fd_sc_hd__clkinv_4 in cell async_fifo
Note:  Implicit pin Y in instance clkload146 of sky130_fd_sc_hd__clkinvlp_4 in cell async_fifo
Note:  Implicit pin Y in instance clkload147 of sky130_fd_sc_hd__inv_8 in cell async_fifo
Note:  Implicit pin Y in instance clkload148 of sky130_fd_sc_hd__inv_6 in cell async_fifo
Note:  Implicit pin Y in instance clkload149 of sky130_fd_sc_hd__inv_6 in cell async_fifo
Note:  Implicit pin Y in instance clkload150 of sky130_fd_sc_hd__inv_8 in cell async_fifo
Note:  Implicit pin Y in instance clkload151 of sky130_fd_sc_hd__clkinv_8 in cell async_fifo
Note:  Implicit pin Y in instance clkload152 of sky130_fd_sc_hd__inv_12 in cell async_fifo
Note:  Implicit pin Y in instance clkload153 of sky130_fd_sc_hd__inv_6 in cell async_fifo
Note:  Implicit pin Y in instance clkload154 of sky130_fd_sc_hd__inv_8 in cell async_fifo
Note:  Implicit pin Y in instance clkload155 of sky130_fd_sc_hd__inv_8 in cell async_fifo
Note:  Implicit pin Y in instance clkload156 of sky130_fd_sc_hd__bufinv_16 in cell async_fifo
Note:  Implicit pin Y in instance clkload157 of sky130_fd_sc_hd__inv_8 in cell async_fifo
Note:  Implicit pin Y in instance clkload158 of sky130_fd_sc_hd__bufinv_16 in cell async_fifo
Note:  Implicit pin Y in instance clkload159 of sky130_fd_sc_hd__clkinv_4 in cell async_fifo
Note:  Implicit pin X in instance clkload160 of sky130_fd_sc_hd__clkbuf_4 in cell async_fifo
Note:  Implicit pin Y in instance clkload161 of sky130_fd_sc_hd__clkinvlp_4 in cell async_fifo
Note:  Implicit pin Y in instance clkload162 of sky130_fd_sc_hd__bufinv_16 in cell async_fifo
Note:  Implicit pin Y in instance clkload163 of sky130_fd_sc_hd__bufinv_16 in cell async_fifo
Note:  Implicit pin X in instance clkload164 of sky130_fd_sc_hd__clkbuf_4 in cell async_fifo
Note:  Implicit pin Y in instance clkload165 of sky130_fd_sc_hd__clkinvlp_4 in cell async_fifo
Note:  Implicit pin Y in instance clkload166 of sky130_fd_sc_hd__clkinv_2 in cell async_fifo
Note:  Implicit pin X in instance clkload167 of sky130_fd_sc_hd__clkbuf_8 in cell async_fifo
Note:  Implicit pin X in instance clkload168 of sky130_fd_sc_hd__clkbuf_8 in cell async_fifo
Note:  Implicit pin X in instance clkload169 of sky130_fd_sc_hd__clkbuf_8 in cell async_fifo
Note:  Implicit pin Y in instance clkload170 of sky130_fd_sc_hd__clkinv_4 in cell async_fifo
Note:  Implicit pin Y in instance clkload171 of sky130_fd_sc_hd__clkinv_4 in cell async_fifo
Note:  Implicit pin Y in instance clkload172 of sky130_fd_sc_hd__clkinv_2 in cell async_fifo
Note:  Implicit pin Y in instance clkload173 of sky130_fd_sc_hd__inv_6 in cell async_fifo
Note:  Implicit pin Y in instance clkload174 of sky130_fd_sc_hd__inv_6 in cell async_fifo
Note:  Implicit pin X in instance clkload175 of sky130_fd_sc_hd__clkbuf_4 in cell async_fifo
Note:  Implicit pin Y in instance clkload176 of sky130_fd_sc_hd__bufinv_16 in cell async_fifo
Note:  Implicit pin X in instance clkload177 of sky130_fd_sc_hd__clkbuf_4 in cell async_fifo
Note:  Implicit pin X in instance clkload178 of sky130_fd_sc_hd__clkbuf_4 in cell async_fifo
Note:  Implicit pin X in instance clkload179 of sky130_fd_sc_hd__clkbuf_4 in cell async_fifo
Note:  Implicit pin Y in instance clkload180 of sky130_fd_sc_hd__clkinv_2 in cell async_fifo
Note:  Implicit pin Y in instance clkload181 of sky130_fd_sc_hd__clkinvlp_4 in cell async_fifo
Note:  Implicit pin Y in instance clkload182 of sky130_fd_sc_hd__inv_6 in cell async_fifo
Note:  Implicit pin Y in instance clkload183 of sky130_fd_sc_hd__bufinv_16 in cell async_fifo
Note:  Implicit pin Y in instance clkload184 of sky130_fd_sc_hd__inv_6 in cell async_fifo
Note:  Implicit pin Y in instance clkload185 of sky130_fd_sc_hd__inv_6 in cell async_fifo
Note:  Implicit pin Y in instance clkload186 of sky130_fd_sc_hd__clkinv_8 in cell async_fifo
Note:  Implicit pin Y in instance clkload187 of sky130_fd_sc_hd__inv_6 in cell async_fifo
Note:  Implicit pin Y in instance clkload188 of sky130_fd_sc_hd__clkinv_8 in cell async_fifo
Note:  Implicit pin Y in instance clkload189 of sky130_fd_sc_hd__inv_8 in cell async_fifo
Note:  Implicit pin Y in instance clkload190 of sky130_fd_sc_hd__inv_16 in cell async_fifo
Note:  Implicit pin Y in instance clkload191 of sky130_fd_sc_hd__clkinvlp_4 in cell async_fifo
Note:  Implicit pin Y in instance clkload192 of sky130_fd_sc_hd__inv_12 in cell async_fifo
Note:  Implicit pin Y in instance clkload193 of sky130_fd_sc_hd__inv_12 in cell async_fifo
Note:  Implicit pin Y in instance clkload194 of sky130_fd_sc_hd__inv_8 in cell async_fifo
Note:  Implicit pin Y in instance clkload195 of sky130_fd_sc_hd__clkinv_2 in cell async_fifo
Note:  Implicit pin Y in instance clkload196 of sky130_fd_sc_hd__inv_16 in cell async_fifo
Note:  Implicit pin X in instance clkload197 of sky130_fd_sc_hd__clkbuf_8 in cell async_fifo
Note:  Implicit pin Y in instance clkload198 of sky130_fd_sc_hd__inv_6 in cell async_fifo
Note:  Implicit pin Y in instance clkload199 of sky130_fd_sc_hd__clkinv_2 in cell async_fifo
Note:  Implicit pin Y in instance clkload200 of sky130_fd_sc_hd__bufinv_16 in cell async_fifo
Note:  Implicit pin Y in instance clkload201 of sky130_fd_sc_hd__inv_6 in cell async_fifo
Note:  Implicit pin Y in instance clkload202 of sky130_fd_sc_hd__inv_12 in cell async_fifo
Note:  Implicit pin Y in instance clkload203 of sky130_fd_sc_hd__bufinv_16 in cell async_fifo
Note:  Implicit pin Y in instance clkload204 of sky130_fd_sc_hd__inv_6 in cell async_fifo
Note:  Implicit pin Y in instance clkload205 of sky130_fd_sc_hd__bufinv_16 in cell async_fifo
Note:  Implicit pin X in instance clkload206 of sky130_fd_sc_hd__clkbuf_4 in cell async_fifo
Note:  Implicit pin Y in instance clkload207 of sky130_fd_sc_hd__clkinv_4 in cell async_fifo
Note:  Implicit pin Y in instance clkload208 of sky130_fd_sc_hd__inv_8 in cell async_fifo
Note:  Implicit pin Y in instance clkload209 of sky130_fd_sc_hd__inv_6 in cell async_fifo
Note:  Implicit pin Y in instance clkload210 of sky130_fd_sc_hd__inv_12 in cell async_fifo
Note:  Implicit pin Y in instance clkload211 of sky130_fd_sc_hd__clkinvlp_4 in cell async_fifo
Note:  Implicit pin Y in instance clkload212 of sky130_fd_sc_hd__inv_12 in cell async_fifo
Note:  Implicit pin Y in instance clkload213 of sky130_fd_sc_hd__inv_12 in cell async_fifo
Note:  Implicit pin Y in instance clkload214 of sky130_fd_sc_hd__inv_6 in cell async_fifo
Note:  Implicit pin X in instance clkload215 of sky130_fd_sc_hd__clkbuf_4 in cell async_fifo
Note:  Implicit pin Y in instance clkload216 of sky130_fd_sc_hd__inv_12 in cell async_fifo
Note:  Implicit pin Y in instance clkload217 of sky130_fd_sc_hd__clkinv_8 in cell async_fifo
Note:  Implicit pin Y in instance clkload218 of sky130_fd_sc_hd__inv_8 in cell async_fifo
Note:  Implicit pin X in instance clkload219 of sky130_fd_sc_hd__clkbuf_4 in cell async_fifo
Note:  Implicit pin Y in instance clkload220 of sky130_fd_sc_hd__inv_12 in cell async_fifo
Note:  Implicit pin Y in instance clkload221 of sky130_fd_sc_hd__inv_6 in cell async_fifo
Note:  Implicit pin Y in instance clkload222 of sky130_fd_sc_hd__clkinv_8 in cell async_fifo
Note:  Implicit pin Y in instance clkload223 of sky130_fd_sc_hd__inv_8 in cell async_fifo
Note:  Implicit pin Y in instance clkload224 of sky130_fd_sc_hd__inv_6 in cell async_fifo
Note:  Implicit pin X in instance clkload225 of sky130_fd_sc_hd__clkbuf_8 in cell async_fifo
Note:  Implicit pin Y in instance clkload226 of sky130_fd_sc_hd__inv_8 in cell async_fifo
Note:  Implicit pin Y in instance clkload227 of sky130_fd_sc_hd__clkinv_8 in cell async_fifo
Note:  Implicit pin Y in instance clkload228 of sky130_fd_sc_hd__clkinv_2 in cell async_fifo
Note:  Implicit pin Y in instance clkload229 of sky130_fd_sc_hd__clkinv_8 in cell async_fifo
Note:  Implicit pin Y in instance clkload230 of sky130_fd_sc_hd__inv_8 in cell async_fifo
Note:  Implicit pin Y in instance clkload231 of sky130_fd_sc_hd__inv_8 in cell async_fifo
Note:  Implicit pin Y in instance clkload232 of sky130_fd_sc_hd__clkinvlp_4 in cell async_fifo
Note:  Implicit pin Y in instance clkload233 of sky130_fd_sc_hd__clkinv_8 in cell async_fifo
Note:  Implicit pin Y in instance clkload234 of sky130_fd_sc_hd__clkinv_8 in cell async_fifo
Note:  Implicit pin Y in instance clkload235 of sky130_fd_sc_hd__clkinvlp_4 in cell async_fifo
Note:  Implicit pin X in instance clkload236 of sky130_fd_sc_hd__clkbuf_8 in cell async_fifo
Note:  Implicit pin Y in instance clkload237 of sky130_fd_sc_hd__inv_6 in cell async_fifo
Note:  Implicit pin X in instance clkload238 of sky130_fd_sc_hd__clkbuf_4 in cell async_fifo
Note:  Implicit pin Y in instance clkload239 of sky130_fd_sc_hd__inv_12 in cell async_fifo
Note:  Implicit pin Y in instance clkload240 of sky130_fd_sc_hd__inv_6 in cell async_fifo
Note:  Implicit pin Y in instance clkload241 of sky130_fd_sc_hd__inv_8 in cell async_fifo
Note:  Implicit pin Y in instance clkload242 of sky130_fd_sc_hd__clkinv_2 in cell async_fifo
Note:  Implicit pin Y in instance clkload243 of sky130_fd_sc_hd__inv_12 in cell async_fifo
Note:  Implicit pin Y in instance clkload244 of sky130_fd_sc_hd__clkinvlp_4 in cell async_fifo
Note:  Implicit pin Y in instance clkload245 of sky130_fd_sc_hd__clkinv_2 in cell async_fifo
Note:  Implicit pin Y in instance clkload246 of sky130_fd_sc_hd__inv_6 in cell async_fifo
Note:  Implicit pin Y in instance clkload247 of sky130_fd_sc_hd__inv_8 in cell async_fifo
Note:  Implicit pin Y in instance clkload248 of sky130_fd_sc_hd__clkinv_8 in cell async_fifo
Note:  Implicit pin Y in instance clkload249 of sky130_fd_sc_hd__clkinv_8 in cell async_fifo
Note:  Implicit pin Y in instance clkload250 of sky130_fd_sc_hd__inv_8 in cell async_fifo
Note:  Implicit pin Y in instance clkload251 of sky130_fd_sc_hd__inv_6 in cell async_fifo
Note:  Implicit pin X in instance clkload252 of sky130_fd_sc_hd__clkbuf_4 in cell async_fifo
Note:  Implicit pin Y in instance clkload253 of sky130_fd_sc_hd__inv_8 in cell async_fifo
Note:  Implicit pin Y in instance clkload254 of sky130_fd_sc_hd__clkinv_8 in cell async_fifo
Note:  Implicit pin Y in instance clkload255 of sky130_fd_sc_hd__inv_16 in cell async_fifo
Note:  Implicit pin Y in instance clkload256 of sky130_fd_sc_hd__clkinv_4 in cell async_fifo
Note:  Implicit pin Y in instance clkload257 of sky130_fd_sc_hd__inv_8 in cell async_fifo
Note:  Implicit pin Y in instance clkload258 of sky130_fd_sc_hd__clkinv_2 in cell async_fifo
Note:  Implicit pin Y in instance clkload259 of sky130_fd_sc_hd__inv_6 in cell async_fifo
Note:  Implicit pin X in instance clkload260 of sky130_fd_sc_hd__clkbuf_8 in cell async_fifo
Note:  Implicit pin Y in instance clkload261 of sky130_fd_sc_hd__inv_6 in cell async_fifo
Note:  Implicit pin Y in instance clkload262 of sky130_fd_sc_hd__clkinv_8 in cell async_fifo
Note:  Implicit pin Y in instance clkload263 of sky130_fd_sc_hd__clkinv_4 in cell async_fifo
Note:  Implicit pin Y in instance clkload264 of sky130_fd_sc_hd__inv_6 in cell async_fifo
Note:  Implicit pin Y in instance clkload265 of sky130_fd_sc_hd__inv_6 in cell async_fifo
Note:  Implicit pin Y in instance clkload266 of sky130_fd_sc_hd__bufinv_16 in cell async_fifo
Note:  Implicit pin Y in instance clkload267 of sky130_fd_sc_hd__inv_6 in cell async_fifo
Note:  Implicit pin Y in instance clkload268 of sky130_fd_sc_hd__inv_6 in cell async_fifo
Note:  Implicit pin Y in instance clkload269 of sky130_fd_sc_hd__clkinv_8 in cell async_fifo
Note:  Implicit pin Y in instance clkload270 of sky130_fd_sc_hd__clkinv_4 in cell async_fifo
Note:  Implicit pin Y in instance clkload271 of sky130_fd_sc_hd__inv_12 in cell async_fifo
Note:  Implicit pin Y in instance clkload272 of sky130_fd_sc_hd__inv_12 in cell async_fifo
Note:  Implicit pin Y in instance clkload273 of sky130_fd_sc_hd__clkinv_2 in cell async_fifo
Note:  Implicit pin Y in instance clkload274 of sky130_fd_sc_hd__inv_8 in cell async_fifo
Note:  Implicit pin X in instance clkload275 of sky130_fd_sc_hd__clkbuf_8 in cell async_fifo
Note:  Implicit pin Y in instance clkload276 of sky130_fd_sc_hd__inv_12 in cell async_fifo
Note:  Implicit pin Y in instance clkload277 of sky130_fd_sc_hd__inv_6 in cell async_fifo
Note:  Implicit pin Y in instance clkload278 of sky130_fd_sc_hd__bufinv_16 in cell async_fifo
Note:  Implicit pin Y in instance clkload279 of sky130_fd_sc_hd__clkinv_2 in cell async_fifo
Note:  Implicit pin Y in instance clkload280 of sky130_fd_sc_hd__inv_12 in cell async_fifo
Note:  Implicit pin Y in instance clkload281 of sky130_fd_sc_hd__clkinv_4 in cell async_fifo
Note:  Implicit pin Y in instance clkload282 of sky130_fd_sc_hd__inv_6 in cell async_fifo
Note:  Implicit pin Y in instance clkload283 of sky130_fd_sc_hd__clkinv_8 in cell async_fifo
Note:  Implicit pin Y in instance clkload284 of sky130_fd_sc_hd__clkinvlp_4 in cell async_fifo
Note:  Implicit pin Y in instance clkload285 of sky130_fd_sc_hd__inv_8 in cell async_fifo
Note:  Implicit pin Y in instance clkload286 of sky130_fd_sc_hd__clkinv_8 in cell async_fifo
Note:  Implicit pin X in instance clkload287 of sky130_fd_sc_hd__clkbuf_4 in cell async_fifo
Note:  Implicit pin Y in instance clkload288 of sky130_fd_sc_hd__bufinv_16 in cell async_fifo
Note:  Implicit pin Y in instance clkload289 of sky130_fd_sc_hd__clkinvlp_4 in cell async_fifo
Note:  Implicit pin Y in instance clkload290 of sky130_fd_sc_hd__clkinvlp_4 in cell async_fifo
Note:  Implicit pin Y in instance clkload291 of sky130_fd_sc_hd__inv_12 in cell async_fifo
Note:  Implicit pin Y in instance clkload292 of sky130_fd_sc_hd__clkinv_4 in cell async_fifo
Note:  Implicit pin Y in instance clkload293 of sky130_fd_sc_hd__bufinv_16 in cell async_fifo
Note:  Implicit pin Y in instance clkload294 of sky130_fd_sc_hd__clkinvlp_4 in cell async_fifo
Note:  Implicit pin Y in instance clkload295 of sky130_fd_sc_hd__clkinv_2 in cell async_fifo
Note:  Implicit pin Y in instance clkload296 of sky130_fd_sc_hd__inv_12 in cell async_fifo
Note:  Implicit pin Y in instance clkload297 of sky130_fd_sc_hd__clkinv_16 in cell async_fifo
Note:  Implicit pin X in instance clkload298 of sky130_fd_sc_hd__clkbuf_4 in cell async_fifo
Note:  Implicit pin Y in instance clkload299 of sky130_fd_sc_hd__clkinv_8 in cell async_fifo
Note:  Implicit pin Y in instance clkload300 of sky130_fd_sc_hd__inv_8 in cell async_fifo
Note:  Implicit pin Y in instance clkload301 of sky130_fd_sc_hd__clkinv_4 in cell async_fifo
Note:  Implicit pin Y in instance clkload302 of sky130_fd_sc_hd__clkinvlp_4 in cell async_fifo
Note:  Implicit pin Y in instance clkload303 of sky130_fd_sc_hd__clkinv_4 in cell async_fifo
Note:  Implicit pin Y in instance clkload304 of sky130_fd_sc_hd__inv_6 in cell async_fifo
Note:  Implicit pin X in instance clkload305 of sky130_fd_sc_hd__clkbuf_4 in cell async_fifo
Note:  Implicit pin Y in instance clkload306 of sky130_fd_sc_hd__inv_6 in cell async_fifo
Note:  Implicit pin Y in instance clkload307 of sky130_fd_sc_hd__bufinv_16 in cell async_fifo
Note:  Implicit pin Y in instance clkload308 of sky130_fd_sc_hd__inv_8 in cell async_fifo
Note:  Implicit pin Y in instance clkload309 of sky130_fd_sc_hd__inv_8 in cell async_fifo
Note:  Implicit pin Y in instance clkload310 of sky130_fd_sc_hd__inv_8 in cell async_fifo
Note:  Implicit pin Y in instance clkload311 of sky130_fd_sc_hd__clkinv_4 in cell async_fifo
Note:  Implicit pin Y in instance clkload312 of sky130_fd_sc_hd__clkinv_4 in cell async_fifo
Note:  Implicit pin Y in instance clkload313 of sky130_fd_sc_hd__clkinv_8 in cell async_fifo
Note:  Implicit pin Y in instance clkload314 of sky130_fd_sc_hd__inv_6 in cell async_fifo
Note:  Implicit pin Y in instance clkload315 of sky130_fd_sc_hd__inv_6 in cell async_fifo
Note:  Implicit pin Y in instance clkload316 of sky130_fd_sc_hd__inv_8 in cell async_fifo
Note:  Implicit pin Y in instance clkload317 of sky130_fd_sc_hd__inv_8 in cell async_fifo
Note:  Implicit pin Y in instance clkload318 of sky130_fd_sc_hd__clkinv_4 in cell async_fifo
Note:  Implicit pin Y in instance clkload319 of sky130_fd_sc_hd__inv_6 in cell async_fifo
Note:  Implicit pin Y in instance clkload320 of sky130_fd_sc_hd__clkinv_4 in cell async_fifo
Note:  Implicit pin X in instance clkload321 of sky130_fd_sc_hd__clkbuf_4 in cell async_fifo
Note:  Implicit pin X in instance clkload322 of sky130_fd_sc_hd__clkbuf_4 in cell async_fifo
Note:  Implicit pin Y in instance clkload323 of sky130_fd_sc_hd__bufinv_16 in cell async_fifo
Note:  Implicit pin Y in instance clkload324 of sky130_fd_sc_hd__clkinv_4 in cell async_fifo
Note:  Implicit pin Y in instance clkload325 of sky130_fd_sc_hd__inv_8 in cell async_fifo
Note:  Implicit pin X in instance clkload326 of sky130_fd_sc_hd__clkbuf_4 in cell async_fifo
Note:  Implicit pin Y in instance clkload327 of sky130_fd_sc_hd__inv_6 in cell async_fifo
Note:  Implicit pin Y in instance clkload328 of sky130_fd_sc_hd__bufinv_16 in cell async_fifo
Note:  Implicit pin Y in instance clkload329 of sky130_fd_sc_hd__bufinv_16 in cell async_fifo
Note:  Implicit pin Y in instance clkload330 of sky130_fd_sc_hd__bufinv_16 in cell async_fifo
Note:  Implicit pin Y in instance clkload331 of sky130_fd_sc_hd__inv_8 in cell async_fifo
Note:  Implicit pin Y in instance clkload332 of sky130_fd_sc_hd__inv_6 in cell async_fifo
Note:  Implicit pin X in instance clkload333 of sky130_fd_sc_hd__clkbuf_4 in cell async_fifo
Note:  Implicit pin Y in instance clkload334 of sky130_fd_sc_hd__clkinvlp_4 in cell async_fifo
Note:  Implicit pin Y in instance clkload335 of sky130_fd_sc_hd__clkinv_2 in cell async_fifo
Note:  Implicit pin Y in instance clkload336 of sky130_fd_sc_hd__inv_6 in cell async_fifo
Note:  Implicit pin Y in instance clkload337 of sky130_fd_sc_hd__clkinv_4 in cell async_fifo
Note:  Implicit pin Y in instance clkload338 of sky130_fd_sc_hd__inv_6 in cell async_fifo
Note:  Implicit pin Y in instance clkload339 of sky130_fd_sc_hd__clkinv_4 in cell async_fifo
Note:  Implicit pin Y in instance clkload340 of sky130_fd_sc_hd__inv_8 in cell async_fifo
Note:  Implicit pin Y in instance clkload341 of sky130_fd_sc_hd__clkinv_4 in cell async_fifo
Note:  Implicit pin Y in instance clkload342 of sky130_fd_sc_hd__inv_12 in cell async_fifo
Note:  Implicit pin Y in instance clkload343 of sky130_fd_sc_hd__inv_12 in cell async_fifo
Note:  Implicit pin Y in instance clkload344 of sky130_fd_sc_hd__inv_16 in cell async_fifo
Note:  Implicit pin Y in instance clkload345 of sky130_fd_sc_hd__inv_6 in cell async_fifo
Note:  Implicit pin Y in instance clkload346 of sky130_fd_sc_hd__clkinv_4 in cell async_fifo
Note:  Implicit pin Y in instance clkload347 of sky130_fd_sc_hd__bufinv_16 in cell async_fifo
Note:  Implicit pin Y in instance clkload348 of sky130_fd_sc_hd__clkinv_2 in cell async_fifo
Note:  Implicit pin Y in instance clkload349 of sky130_fd_sc_hd__clkinv_4 in cell async_fifo
Note:  Implicit pin Y in instance clkload350 of sky130_fd_sc_hd__inv_6 in cell async_fifo
Note:  Implicit pin Y in instance clkload351 of sky130_fd_sc_hd__clkinv_4 in cell async_fifo
Note:  Implicit pin Y in instance clkload352 of sky130_fd_sc_hd__bufinv_16 in cell async_fifo
Note:  Implicit pin X in instance clkload353 of sky130_fd_sc_hd__clkbuf_4 in cell async_fifo
Note:  Implicit pin Y in instance clkload354 of sky130_fd_sc_hd__inv_8 in cell async_fifo
Note:  Implicit pin Y in instance clkload355 of sky130_fd_sc_hd__inv_6 in cell async_fifo
Note:  Implicit pin Y in instance clkload356 of sky130_fd_sc_hd__bufinv_16 in cell async_fifo
Note:  Implicit pin Y in instance clkload357 of sky130_fd_sc_hd__clkinv_8 in cell async_fifo
Note:  Implicit pin Y in instance clkload358 of sky130_fd_sc_hd__clkinv_4 in cell async_fifo
Note:  Implicit pin Y in instance clkload359 of sky130_fd_sc_hd__inv_6 in cell async_fifo
Note:  Implicit pin Y in instance clkload360 of sky130_fd_sc_hd__clkinvlp_4 in cell async_fifo
Note:  Implicit pin Y in instance clkload361 of sky130_fd_sc_hd__bufinv_16 in cell async_fifo
Note:  Implicit pin Y in instance clkload362 of sky130_fd_sc_hd__clkinv_2 in cell async_fifo
Note:  Implicit pin Y in instance clkload363 of sky130_fd_sc_hd__clkinv_2 in cell async_fifo
Note:  Implicit pin X in instance clkload364 of sky130_fd_sc_hd__clkbuf_4 in cell async_fifo
Note:  Implicit pin X in instance clkload365 of sky130_fd_sc_hd__clkbuf_8 in cell async_fifo
Note:  Implicit pin Y in instance clkload366 of sky130_fd_sc_hd__clkinv_2 in cell async_fifo
Note:  Implicit pin Y in instance clkload367 of sky130_fd_sc_hd__clkinv_4 in cell async_fifo
Note:  Implicit pin X in instance clkload368 of sky130_fd_sc_hd__clkbuf_8 in cell async_fifo
Note:  Implicit pin Y in instance clkload369 of sky130_fd_sc_hd__clkinv_2 in cell async_fifo
Note:  Implicit pin Y in instance clkload370 of sky130_fd_sc_hd__bufinv_16 in cell async_fifo
Note:  Implicit pin Y in instance clkload371 of sky130_fd_sc_hd__clkinv_4 in cell async_fifo
Note:  Implicit pin X in instance clkload372 of sky130_fd_sc_hd__clkbuf_4 in cell async_fifo
Note:  Implicit pin Y in instance clkload373 of sky130_fd_sc_hd__bufinv_16 in cell async_fifo
Note:  Implicit pin Y in instance clkload374 of sky130_fd_sc_hd__clkinvlp_4 in cell async_fifo
Note:  Implicit pin X in instance clkload375 of sky130_fd_sc_hd__clkbuf_4 in cell async_fifo
Note:  Implicit pin Y in instance clkload376 of sky130_fd_sc_hd__clkinv_8 in cell async_fifo
Note:  Implicit pin X in instance clkload377 of sky130_fd_sc_hd__clkbuf_4 in cell async_fifo
Note:  Implicit pin Y in instance clkload378 of sky130_fd_sc_hd__clkinv_2 in cell async_fifo
Note:  Implicit pin X in instance clkload379 of sky130_fd_sc_hd__clkbuf_8 in cell async_fifo
Note:  Implicit pin Y in instance clkload380 of sky130_fd_sc_hd__inv_6 in cell async_fifo
Note:  Implicit pin Y in instance clkload381 of sky130_fd_sc_hd__bufinv_16 in cell async_fifo
Note:  Implicit pin Y in instance clkload382 of sky130_fd_sc_hd__clkinv_8 in cell async_fifo
Note:  Implicit pin Y in instance clkload383 of sky130_fd_sc_hd__inv_6 in cell async_fifo
Note:  Implicit pin Y in instance clkload384 of sky130_fd_sc_hd__clkinv_4 in cell async_fifo
Note:  Implicit pin Y in instance clkload385 of sky130_fd_sc_hd__inv_6 in cell async_fifo
Note:  Implicit pin X in instance clkload386 of sky130_fd_sc_hd__clkbuf_4 in cell async_fifo
Note:  Implicit pin Y in instance clkload387 of sky130_fd_sc_hd__inv_6 in cell async_fifo
Note:  Implicit pin Y in instance clkload388 of sky130_fd_sc_hd__inv_8 in cell async_fifo
Note:  Implicit pin Y in instance clkload389 of sky130_fd_sc_hd__bufinv_16 in cell async_fifo
Note:  Implicit pin Y in instance clkload390 of sky130_fd_sc_hd__bufinv_16 in cell async_fifo
Note:  Implicit pin Y in instance clkload391 of sky130_fd_sc_hd__clkinv_4 in cell async_fifo
Note:  Implicit pin Y in instance clkload392 of sky130_fd_sc_hd__clkinv_8 in cell async_fifo
Note:  Implicit pin X in instance clkload393 of sky130_fd_sc_hd__clkbuf_8 in cell async_fifo
Note:  Implicit pin Y in instance clkload394 of sky130_fd_sc_hd__inv_8 in cell async_fifo
Note:  Implicit pin X in instance clkload395 of sky130_fd_sc_hd__clkbuf_8 in cell async_fifo
Note:  Implicit pin Y in instance clkload396 of sky130_fd_sc_hd__clkinv_4 in cell async_fifo
Note:  Implicit pin Y in instance clkload397 of sky130_fd_sc_hd__clkinv_4 in cell async_fifo
Note:  Implicit pin Y in instance clkload398 of sky130_fd_sc_hd__inv_6 in cell async_fifo
Note:  Implicit pin Y in instance clkload399 of sky130_fd_sc_hd__inv_6 in cell async_fifo
Note:  Implicit pin Y in instance clkload400 of sky130_fd_sc_hd__inv_6 in cell async_fifo
Note:  Implicit pin Y in instance clkload401 of sky130_fd_sc_hd__inv_6 in cell async_fifo
Note:  Implicit pin X in instance clkload402 of sky130_fd_sc_hd__clkbuf_8 in cell async_fifo
Note:  Implicit pin Y in instance clkload403 of sky130_fd_sc_hd__inv_6 in cell async_fifo
Note:  Implicit pin Y in instance clkload404 of sky130_fd_sc_hd__inv_8 in cell async_fifo
Note:  Implicit pin Y in instance clkload405 of sky130_fd_sc_hd__clkinv_4 in cell async_fifo
Note:  Implicit pin Y in instance clkload406 of sky130_fd_sc_hd__clkinvlp_4 in cell async_fifo
Note:  Implicit pin Y in instance clkload407 of sky130_fd_sc_hd__clkinv_8 in cell async_fifo
Note:  Implicit pin Y in instance clkload408 of sky130_fd_sc_hd__clkinv_2 in cell async_fifo
Note:  Implicit pin Y in instance clkload409 of sky130_fd_sc_hd__bufinv_16 in cell async_fifo
Note:  Implicit pin X in instance clkload410 of sky130_fd_sc_hd__clkbuf_8 in cell async_fifo
Note:  Implicit pin Y in instance clkload411 of sky130_fd_sc_hd__clkinv_4 in cell async_fifo
Note:  Implicit pin Y in instance clkload412 of sky130_fd_sc_hd__inv_8 in cell async_fifo
Note:  Implicit pin Y in instance clkload413 of sky130_fd_sc_hd__inv_8 in cell async_fifo
Note:  Implicit pin Y in instance clkload414 of sky130_fd_sc_hd__bufinv_16 in cell async_fifo
Note:  Implicit pin Y in instance clkload415 of sky130_fd_sc_hd__inv_6 in cell async_fifo
Note:  Implicit pin X in instance clkload416 of sky130_fd_sc_hd__clkbuf_8 in cell async_fifo
Note:  Implicit pin Y in instance clkload417 of sky130_fd_sc_hd__bufinv_16 in cell async_fifo
Note:  Implicit pin Y in instance clkload418 of sky130_fd_sc_hd__inv_6 in cell async_fifo
Note:  Implicit pin Y in instance clkload419 of sky130_fd_sc_hd__inv_6 in cell async_fifo
Note:  Implicit pin Y in instance clkload420 of sky130_fd_sc_hd__clkinv_4 in cell async_fifo
Note:  Implicit pin Y in instance clkload421 of sky130_fd_sc_hd__inv_12 in cell async_fifo
Note:  Implicit pin Y in instance clkload422 of sky130_fd_sc_hd__inv_12 in cell async_fifo
Note:  Implicit pin Y in instance clkload423 of sky130_fd_sc_hd__bufinv_16 in cell async_fifo
Note:  Implicit pin Y in instance clkload424 of sky130_fd_sc_hd__inv_8 in cell async_fifo
Note:  Implicit pin Y in instance clkload425 of sky130_fd_sc_hd__clkinvlp_4 in cell async_fifo
Note:  Implicit pin Y in instance clkload426 of sky130_fd_sc_hd__inv_8 in cell async_fifo
Note:  Implicit pin Y in instance clkload427 of sky130_fd_sc_hd__inv_8 in cell async_fifo
Note:  Implicit pin Y in instance clkload428 of sky130_fd_sc_hd__clkinv_8 in cell async_fifo
Note:  Implicit pin X in instance clkload429 of sky130_fd_sc_hd__clkbuf_4 in cell async_fifo
Note:  Implicit pin X in instance clkload430 of sky130_fd_sc_hd__clkbuf_8 in cell async_fifo
Note:  Implicit pin Y in instance clkload431 of sky130_fd_sc_hd__clkinvlp_4 in cell async_fifo
Note:  Implicit pin Y in instance clkload432 of sky130_fd_sc_hd__inv_6 in cell async_fifo
Note:  Implicit pin Y in instance clkload433 of sky130_fd_sc_hd__clkinv_8 in cell async_fifo
Note:  Implicit pin Y in instance clkload434 of sky130_fd_sc_hd__inv_8 in cell async_fifo
Note:  Implicit pin Y in instance clkload435 of sky130_fd_sc_hd__inv_6 in cell async_fifo
Note:  Implicit pin Y in instance clkload436 of sky130_fd_sc_hd__clkinv_4 in cell async_fifo
Note:  Implicit pin Y in instance clkload437 of sky130_fd_sc_hd__inv_6 in cell async_fifo
Note:  Implicit pin X in instance clkload438 of sky130_fd_sc_hd__clkbuf_4 in cell async_fifo
Note:  Implicit pin Y in instance clkload439 of sky130_fd_sc_hd__clkinv_2 in cell async_fifo
Note:  Implicit pin Y in instance clkload440 of sky130_fd_sc_hd__inv_6 in cell async_fifo
Note:  Implicit pin Y in instance clkload441 of sky130_fd_sc_hd__bufinv_16 in cell async_fifo
Note:  Implicit pin Y in instance clkload442 of sky130_fd_sc_hd__inv_6 in cell async_fifo
Note:  Implicit pin Y in instance clkload443 of sky130_fd_sc_hd__bufinv_16 in cell async_fifo
Note:  Implicit pin Y in instance clkload444 of sky130_fd_sc_hd__clkinv_4 in cell async_fifo
Note:  Implicit pin Y in instance clkload445 of sky130_fd_sc_hd__clkinv_4 in cell async_fifo
Note:  Implicit pin Y in instance clkload446 of sky130_fd_sc_hd__clkinv_2 in cell async_fifo
Note:  Implicit pin Y in instance clkload447 of sky130_fd_sc_hd__inv_8 in cell async_fifo
Note:  Implicit pin Y in instance clkload448 of sky130_fd_sc_hd__clkinv_8 in cell async_fifo
Note:  Implicit pin Y in instance clkload449 of sky130_fd_sc_hd__inv_12 in cell async_fifo
Note:  Implicit pin Y in instance clkload450 of sky130_fd_sc_hd__clkinv_8 in cell async_fifo
Note:  Implicit pin Y in instance clkload451 of sky130_fd_sc_hd__clkinv_8 in cell async_fifo
Note:  Implicit pin Y in instance clkload452 of sky130_fd_sc_hd__clkinv_4 in cell async_fifo
Note:  Implicit pin Y in instance clkload453 of sky130_fd_sc_hd__inv_6 in cell async_fifo
Note:  Implicit pin Y in instance clkload454 of sky130_fd_sc_hd__inv_8 in cell async_fifo
Note:  Implicit pin Y in instance clkload455 of sky130_fd_sc_hd__inv_8 in cell async_fifo
Note:  Implicit pin Y in instance clkload456 of sky130_fd_sc_hd__inv_8 in cell async_fifo
Note:  Implicit pin Y in instance clkload457 of sky130_fd_sc_hd__bufinv_16 in cell async_fifo
Note:  Implicit pin Y in instance clkload458 of sky130_fd_sc_hd__clkinv_8 in cell async_fifo
Note:  Implicit pin Y in instance clkload459 of sky130_fd_sc_hd__inv_8 in cell async_fifo
Note:  Implicit pin Y in instance clkload460 of sky130_fd_sc_hd__inv_8 in cell async_fifo
Note:  Implicit pin Y in instance clkload461 of sky130_fd_sc_hd__inv_6 in cell async_fifo
Note:  Implicit pin Y in instance clkload462 of sky130_fd_sc_hd__inv_12 in cell async_fifo
Note:  Implicit pin X in instance clkload463 of sky130_fd_sc_hd__clkbuf_8 in cell async_fifo
Note:  Implicit pin Y in instance clkload464 of sky130_fd_sc_hd__clkinv_8 in cell async_fifo
Note:  Implicit pin Y in instance clkload465 of sky130_fd_sc_hd__clkinv_8 in cell async_fifo
Note:  Implicit pin Y in instance clkload466 of sky130_fd_sc_hd__bufinv_16 in cell async_fifo
Note:  Implicit pin Y in instance clkload467 of sky130_fd_sc_hd__clkinv_8 in cell async_fifo
Note:  Implicit pin Y in instance clkload468 of sky130_fd_sc_hd__clkinvlp_4 in cell async_fifo
Note:  Implicit pin Y in instance clkload469 of sky130_fd_sc_hd__clkinv_8 in cell async_fifo
Note:  Implicit pin Y in instance clkload470 of sky130_fd_sc_hd__inv_6 in cell async_fifo
Note:  Implicit pin Y in instance clkload471 of sky130_fd_sc_hd__inv_8 in cell async_fifo
Note:  Implicit pin X in instance clkload472 of sky130_fd_sc_hd__clkbuf_4 in cell async_fifo
Note:  Implicit pin Y in instance clkload473 of sky130_fd_sc_hd__inv_8 in cell async_fifo
Note:  Implicit pin Y in instance clkload474 of sky130_fd_sc_hd__clkinv_2 in cell async_fifo
Note:  Implicit pin Y in instance clkload475 of sky130_fd_sc_hd__clkinv_4 in cell async_fifo
Note:  Implicit pin Y in instance clkload476 of sky130_fd_sc_hd__clkinv_2 in cell async_fifo
Note:  Implicit pin Y in instance clkload477 of sky130_fd_sc_hd__inv_6 in cell async_fifo
Note:  Implicit pin Y in instance clkload478 of sky130_fd_sc_hd__inv_6 in cell async_fifo
Note:  Implicit pin X in instance clkload479 of sky130_fd_sc_hd__clkbuf_4 in cell async_fifo
Note:  Implicit pin Y in instance clkload480 of sky130_fd_sc_hd__inv_12 in cell async_fifo
Note:  Implicit pin Y in instance clkload481 of sky130_fd_sc_hd__bufinv_16 in cell async_fifo
Note:  Implicit pin X in instance clkload482 of sky130_fd_sc_hd__clkbuf_4 in cell async_fifo
Note:  Implicit pin Y in instance clkload483 of sky130_fd_sc_hd__inv_12 in cell async_fifo
Note:  Implicit pin Y in instance clkload484 of sky130_fd_sc_hd__inv_8 in cell async_fifo
Note:  Implicit pin Y in instance clkload485 of sky130_fd_sc_hd__bufinv_16 in cell async_fifo
Note:  Implicit pin Y in instance clkload486 of sky130_fd_sc_hd__clkinv_4 in cell async_fifo
Note:  Implicit pin Y in instance clkload487 of sky130_fd_sc_hd__clkinv_8 in cell async_fifo
Note:  Implicit pin Y in instance clkload488 of sky130_fd_sc_hd__clkinv_8 in cell async_fifo
Note:  Implicit pin Y in instance clkload489 of sky130_fd_sc_hd__inv_12 in cell async_fifo
Note:  Implicit pin Y in instance clkload490 of sky130_fd_sc_hd__bufinv_16 in cell async_fifo
Note:  Implicit pin Y in instance clkload491 of sky130_fd_sc_hd__inv_8 in cell async_fifo
Note:  Implicit pin Y in instance clkload492 of sky130_fd_sc_hd__clkinv_8 in cell async_fifo
Note:  Implicit pin Y in instance clkload493 of sky130_fd_sc_hd__clkinv_8 in cell async_fifo
Note:  Implicit pin Y in instance clkload494 of sky130_fd_sc_hd__inv_6 in cell async_fifo
Note:  Implicit pin Y in instance clkload495 of sky130_fd_sc_hd__clkinv_8 in cell async_fifo
Note:  Implicit pin Y in instance clkload496 of sky130_fd_sc_hd__bufinv_16 in cell async_fifo
Note:  Implicit pin Y in instance clkload497 of sky130_fd_sc_hd__inv_12 in cell async_fifo
Note:  Implicit pin Y in instance clkload498 of sky130_fd_sc_hd__inv_12 in cell async_fifo
Note:  Implicit pin Y in instance clkload499 of sky130_fd_sc_hd__inv_8 in cell async_fifo
Note:  Implicit pin Y in instance clkload500 of sky130_fd_sc_hd__clkinv_8 in cell async_fifo
Note:  Implicit pin Y in instance clkload501 of sky130_fd_sc_hd__clkinv_4 in cell async_fifo
Note:  Implicit pin Y in instance clkload502 of sky130_fd_sc_hd__inv_6 in cell async_fifo
Note:  Implicit pin Y in instance clkload503 of sky130_fd_sc_hd__clkinvlp_4 in cell async_fifo
Note:  Implicit pin Y in instance clkload504 of sky130_fd_sc_hd__inv_8 in cell async_fifo
Note:  Implicit pin Y in instance clkload505 of sky130_fd_sc_hd__clkinv_2 in cell async_fifo
Note:  Implicit pin X in instance clkload506 of sky130_fd_sc_hd__clkbuf_8 in cell async_fifo
Note:  Implicit pin Y in instance clkload507 of sky130_fd_sc_hd__inv_8 in cell async_fifo
Note:  Implicit pin Y in instance clkload508 of sky130_fd_sc_hd__bufinv_16 in cell async_fifo
Note:  Implicit pin Y in instance clkload509 of sky130_fd_sc_hd__inv_6 in cell async_fifo
Note:  Implicit pin Y in instance clkload510 of sky130_fd_sc_hd__inv_8 in cell async_fifo
Note:  Implicit pin Y in instance clkload511 of sky130_fd_sc_hd__clkinvlp_4 in cell async_fifo
Note:  Implicit pin Y in instance clkload512 of sky130_fd_sc_hd__inv_6 in cell async_fifo
Note:  Implicit pin Y in instance clkload513 of sky130_fd_sc_hd__inv_8 in cell async_fifo
Note:  Implicit pin X in instance clkload514 of sky130_fd_sc_hd__clkbuf_8 in cell async_fifo
Note:  Implicit pin Y in instance clkload515 of sky130_fd_sc_hd__inv_12 in cell async_fifo
Note:  Implicit pin Y in instance clkload516 of sky130_fd_sc_hd__inv_12 in cell async_fifo
Note:  Implicit pin Y in instance clkload517 of sky130_fd_sc_hd__inv_4 in cell async_fifo
Note:  Implicit pin Y in instance clkload518 of sky130_fd_sc_hd__inv_4 in cell async_fifo
Note:  Implicit pin Y in instance clkload519 of sky130_fd_sc_hd__inv_6 in cell async_fifo
Note:  Implicit pin Y in instance clkload520 of sky130_fd_sc_hd__clkinv_4 in cell async_fifo
Note:  Implicit pin Y in instance clkload521 of sky130_fd_sc_hd__clkinv_2 in cell async_fifo
Note:  Implicit pin Y in instance clkload522 of sky130_fd_sc_hd__bufinv_16 in cell async_fifo
Note:  Implicit pin Y in instance clkload523 of sky130_fd_sc_hd__inv_4 in cell async_fifo
Treating empty subcircuits as black-box cells
Generating JSON file result

Reading setup file /nix/store/h0ldzjka94yryiq8yxbxmwargpnmwhx6-python3-3.11.9-env/lib/python3.11/site-packages/openlane/scripts/netgen/setup.tcl

Model sky130_fd_pr__res_generic_po pin 1 == 2
No property value found for device sky130_fd_pr__res_generic_po
No property mult found for device sky130_fd_pr__res_generic_po
Model sky130_fd_pr__nfet_01v8 pin 1 == 3
No property mult found for device sky130_fd_pr__nfet_01v8
No property sa found for device sky130_fd_pr__nfet_01v8
No property sb found for device sky130_fd_pr__nfet_01v8
No property sd found for device sky130_fd_pr__nfet_01v8
No property nf found for device sky130_fd_pr__nfet_01v8
No property nrd found for device sky130_fd_pr__nfet_01v8
No property nrs found for device sky130_fd_pr__nfet_01v8
No property area found for device sky130_fd_pr__nfet_01v8
No property perim found for device sky130_fd_pr__nfet_01v8
No property topography found for device sky130_fd_pr__nfet_01v8
Model sky130_fd_pr__pfet_01v8_hvt pin 1 == 3
No property mult found for device sky130_fd_pr__pfet_01v8_hvt
No property sa found for device sky130_fd_pr__pfet_01v8_hvt
No property sb found for device sky130_fd_pr__pfet_01v8_hvt
No property sd found for device sky130_fd_pr__pfet_01v8_hvt
No property nf found for device sky130_fd_pr__pfet_01v8_hvt
No property nrd found for device sky130_fd_pr__pfet_01v8_hvt
No property nrs found for device sky130_fd_pr__pfet_01v8_hvt
No property area found for device sky130_fd_pr__pfet_01v8_hvt
No property perim found for device sky130_fd_pr__pfet_01v8_hvt
No property topography found for device sky130_fd_pr__pfet_01v8_hvt
Model sky130_fd_pr__special_nfet_01v8 pin 1 == 3
No property as found for device sky130_fd_pr__special_nfet_01v8
No property ad found for device sky130_fd_pr__special_nfet_01v8
No property ps found for device sky130_fd_pr__special_nfet_01v8
No property pd found for device sky130_fd_pr__special_nfet_01v8
No property mult found for device sky130_fd_pr__special_nfet_01v8
No property sa found for device sky130_fd_pr__special_nfet_01v8
No property sb found for device sky130_fd_pr__special_nfet_01v8
No property sd found for device sky130_fd_pr__special_nfet_01v8
No property nf found for device sky130_fd_pr__special_nfet_01v8
No property nrd found for device sky130_fd_pr__special_nfet_01v8
No property nrs found for device sky130_fd_pr__special_nfet_01v8
No property area found for device sky130_fd_pr__special_nfet_01v8
No property perim found for device sky130_fd_pr__special_nfet_01v8
No property topography found for device sky130_fd_pr__special_nfet_01v8
Model sky130_fd_pr__special_pfet_01v8_hvt pin 1 == 3
No property as found for device sky130_fd_pr__special_pfet_01v8_hvt
No property ad found for device sky130_fd_pr__special_pfet_01v8_hvt
No property ps found for device sky130_fd_pr__special_pfet_01v8_hvt
No property pd found for device sky130_fd_pr__special_pfet_01v8_hvt
No property mult found for device sky130_fd_pr__special_pfet_01v8_hvt
No property sa found for device sky130_fd_pr__special_pfet_01v8_hvt
No property sb found for device sky130_fd_pr__special_pfet_01v8_hvt
No property sd found for device sky130_fd_pr__special_pfet_01v8_hvt
No property nf found for device sky130_fd_pr__special_pfet_01v8_hvt
No property nrd found for device sky130_fd_pr__special_pfet_01v8_hvt
No property nrs found for device sky130_fd_pr__special_pfet_01v8_hvt
No property area found for device sky130_fd_pr__special_pfet_01v8_hvt
No property perim found for device sky130_fd_pr__special_pfet_01v8_hvt
No property topography found for device sky130_fd_pr__special_pfet_01v8_hvt
No property value found for device sky130_fd_pr__diode_pw2nd_05v5
No property mult found for device sky130_fd_pr__diode_pw2nd_05v5
Comparison output logged to file /home/jaikrishn/Documents/hardware/true_port_BRAM/runs/RUN_2026-08-30_16-22-44/68-netgen-lvs/reports/lvs.netgen.rpt
Logging to file "/home/jaikrishn/Documents/hardware/true_port_BRAM/runs/RUN_2026-08-30_16-22-44/68-netgen-lvs/reports/lvs.netgen.rpt" enabled

Contents of circuit 1:  Circuit: 'sky130_ef_sc_hd__decap_12'
Circuit sky130_ef_sc_hd__decap_12 contains 0 device instances.
Circuit contains 0 nets, and 4 disconnected pins.
Contents of circuit 2:  Circuit: 'sky130_ef_sc_hd__decap_12'
Circuit sky130_ef_sc_hd__decap_12 contains 2 device instances.
  Class: sky130_fd_pr__nfet_01v8 instances:   1
  Class: sky130_fd_pr__pfet_01v8_hvt instances:   1
Circuit contains 4 nets.

Circuit sky130_ef_sc_hd__decap_12 contains no devices.

Contents of circuit 1:  Circuit: 'sky130_fd_sc_hd__decap_6'
Circuit sky130_fd_sc_hd__decap_6 contains 0 device instances.
Circuit contains 0 nets, and 4 disconnected pins.
Contents of circuit 2:  Circuit: 'sky130_fd_sc_hd__decap_6'
Circuit sky130_fd_sc_hd__decap_6 contains 2 device instances.
  Class: sky130_fd_pr__nfet_01v8 instances:   1
  Class: sky130_fd_pr__pfet_01v8_hvt instances:   1
Circuit contains 4 nets.

Circuit sky130_fd_sc_hd__decap_6 contains no devices.

Contents of circuit 1:  Circuit: 'sky130_fd_sc_hd__dfxtp_1'
Circuit sky130_fd_sc_hd__dfxtp_1 contains 0 device instances.
Circuit contains 0 nets, and 7 disconnected pins.
Contents of circuit 2:  Circuit: 'sky130_fd_sc_hd__dfxtp_1'
Circuit sky130_fd_sc_hd__dfxtp_1 contains 24 device instances.
  Class: sky130_fd_pr__nfet_01v8 instances:   8
  Class: sky130_fd_pr__pfet_01v8_hvt instances:  12
  Class: sky130_fd_pr__special_nfet_01v8 instances:   4
Circuit contains 18 nets.

Circuit sky130_fd_sc_hd__dfxtp_1 contains no devices.

Contents of circuit 1:  Circuit: 'sky130_fd_sc_hd__tapvpwrvgnd_1'
Circuit sky130_fd_sc_hd__tapvpwrvgnd_1 contains 0 device instances.
Circuit contains 0 nets, and 2 disconnected pins.
Contents of circuit 2:  Circuit: 'sky130_fd_sc_hd__tapvpwrvgnd_1'
Circuit sky130_fd_sc_hd__tapvpwrvgnd_1 contains 0 device instances.
Circuit contains 0 nets, and 2 disconnected pins.

Circuit sky130_fd_sc_hd__tapvpwrvgnd_1 contains no devices.

Contents of circuit 1:  Circuit: 'sky130_fd_sc_hd__decap_8'
Circuit sky130_fd_sc_hd__decap_8 contains 0 device instances.
Circuit contains 0 nets, and 4 disconnected pins.
Contents of circuit 2:  Circuit: 'sky130_fd_sc_hd__decap_8'
Circuit sky130_fd_sc_hd__decap_8 contains 2 device instances.
  Class: sky130_fd_pr__nfet_01v8 instances:   1
  Class: sky130_fd_pr__pfet_01v8_hvt instances:   1
Circuit contains 4 nets.

Circuit sky130_fd_sc_hd__decap_8 contains no devices.

Contents of circuit 1:  Circuit: 'sky130_fd_sc_hd__fill_1'
Circuit sky130_fd_sc_hd__fill_1 contains 0 device instances.
Circuit contains 0 nets, and 4 disconnected pins.
Contents of circuit 2:  Circuit: 'sky130_fd_sc_hd__fill_1'
Circuit sky130_fd_sc_hd__fill_1 contains 0 device instances.
Circuit contains 0 nets, and 4 disconnected pins.

Circuit sky130_fd_sc_hd__fill_1 contains no devices.

Contents of circuit 1:  Circuit: 'sky130_fd_sc_hd__fill_2'
Circuit sky130_fd_sc_hd__fill_2 contains 0 device instances.
Circuit contains 0 nets, and 4 disconnected pins.
Contents of circuit 2:  Circuit: 'sky130_fd_sc_hd__fill_2'
Circuit sky130_fd_sc_hd__fill_2 contains 0 device instances.
Circuit contains 0 nets, and 4 disconnected pins.

Circuit sky130_fd_sc_hd__fill_2 contains no devices.

Contents of circuit 1:  Circuit: 'sky130_fd_sc_hd__decap_4'
Circuit sky130_fd_sc_hd__decap_4 contains 0 device instances.
Circuit contains 0 nets, and 4 disconnected pins.
Contents of circuit 2:  Circuit: 'sky130_fd_sc_hd__decap_4'
Circuit sky130_fd_sc_hd__decap_4 contains 2 device instances.
  Class: sky130_fd_pr__nfet_01v8 instances:   1
  Class: sky130_fd_pr__pfet_01v8_hvt instances:   1
Circuit contains 4 nets.

Circuit sky130_fd_sc_hd__decap_4 contains no devices.

Contents of circuit 1:  Circuit: 'sky130_fd_sc_hd__mux2_1'
Circuit sky130_fd_sc_hd__mux2_1 contains 0 device instances.
Circuit contains 0 nets, and 8 disconnected pins.
Contents of circuit 2:  Circuit: 'sky130_fd_sc_hd__mux2_1'
Circuit sky130_fd_sc_hd__mux2_1 contains 12 device instances.
  Class: sky130_fd_pr__nfet_01v8 instances:   6
  Class: sky130_fd_pr__pfet_01v8_hvt instances:   6
Circuit contains 14 nets.

Circuit sky130_fd_sc_hd__mux2_1 contains no devices.

Contents of circuit 1:  Circuit: 'sky130_fd_sc_hd__mux4_1'
Circuit sky130_fd_sc_hd__mux4_1 contains 0 device instances.
Circuit contains 0 nets, and 11 disconnected pins.
Contents of circuit 2:  Circuit: 'sky130_fd_sc_hd__mux4_1'
Circuit sky130_fd_sc_hd__mux4_1 contains 26 device instances.
  Class: sky130_fd_pr__nfet_01v8 instances:  13
  Class: sky130_fd_pr__pfet_01v8_hvt instances:  13
Circuit contains 24 nets.

Circuit sky130_fd_sc_hd__mux4_1 contains no devices.

Contents of circuit 1:  Circuit: 'sky130_fd_sc_hd__a21o_1'
Circuit sky130_fd_sc_hd__a21o_1 contains 0 device instances.
Circuit contains 0 nets, and 8 disconnected pins.
Contents of circuit 2:  Circuit: 'sky130_fd_sc_hd__a21o_1'
Circuit sky130_fd_sc_hd__a21o_1 contains 8 device instances.
  Class: sky130_fd_pr__nfet_01v8 instances:   4
  Class: sky130_fd_pr__pfet_01v8_hvt instances:   4
Circuit contains 11 nets.

Circuit sky130_fd_sc_hd__a21o_1 contains no devices.

Contents of circuit 1:  Circuit: 'sky130_fd_sc_hd__and2_1'
Circuit sky130_fd_sc_hd__and2_1 contains 0 device instances.
Circuit contains 0 nets, and 7 disconnected pins.
Contents of circuit 2:  Circuit: 'sky130_fd_sc_hd__and2_1'
Circuit sky130_fd_sc_hd__and2_1 contains 6 device instances.
  Class: sky130_fd_pr__nfet_01v8 instances:   3
  Class: sky130_fd_pr__pfet_01v8_hvt instances:   3
Circuit contains 9 nets.

Circuit sky130_fd_sc_hd__and2_1 contains no devices.

Contents of circuit 1:  Circuit: 'sky130_fd_sc_hd__o311a_4'
Circuit sky130_fd_sc_hd__o311a_4 contains 0 device instances.
Circuit contains 0 nets, and 10 disconnected pins.
Contents of circuit 2:  Circuit: 'sky130_fd_sc_hd__o311a_4'
Circuit sky130_fd_sc_hd__o311a_4 contains 28 device instances.
  Class: sky130_fd_pr__nfet_01v8 instances:  14
  Class: sky130_fd_pr__pfet_01v8_hvt instances:  14
Circuit contains 15 nets.

Circuit sky130_fd_sc_hd__o311a_4 contains no devices.

Contents of circuit 1:  Circuit: 'sky130_fd_sc_hd__decap_3'
Circuit sky130_fd_sc_hd__decap_3 contains 0 device instances.
Circuit contains 0 nets, and 4 disconnected pins.
Contents of circuit 2:  Circuit: 'sky130_fd_sc_hd__decap_3'
Circuit sky130_fd_sc_hd__decap_3 contains 2 device instances.
  Class: sky130_fd_pr__nfet_01v8 instances:   1
  Class: sky130_fd_pr__pfet_01v8_hvt instances:   1
Circuit contains 4 nets.

Circuit sky130_fd_sc_hd__decap_3 contains no devices.

Contents of circuit 1:  Circuit: 'sky130_fd_sc_hd__o211a_2'
Circuit sky130_fd_sc_hd__o211a_2 contains 0 device instances.
Circuit contains 0 nets, and 9 disconnected pins.
Contents of circuit 2:  Circuit: 'sky130_fd_sc_hd__o211a_2'
Circuit sky130_fd_sc_hd__o211a_2 contains 12 device instances.
  Class: sky130_fd_pr__nfet_01v8 instances:   6
  Class: sky130_fd_pr__pfet_01v8_hvt instances:   6
Circuit contains 13 nets.

Circuit sky130_fd_sc_hd__o211a_2 contains no devices.

Contents of circuit 1:  Circuit: 'sky130_fd_sc_hd__or2_1'
Circuit sky130_fd_sc_hd__or2_1 contains 0 device instances.
Circuit contains 0 nets, and 7 disconnected pins.
Contents of circuit 2:  Circuit: 'sky130_fd_sc_hd__or2_1'
Circuit sky130_fd_sc_hd__or2_1 contains 6 device instances.
  Class: sky130_fd_pr__nfet_01v8 instances:   3
  Class: sky130_fd_pr__pfet_01v8_hvt instances:   3
Circuit contains 9 nets.

Circuit sky130_fd_sc_hd__or2_1 contains no devices.

Contents of circuit 1:  Circuit: 'sky130_fd_sc_hd__clkbuf_16'
Circuit sky130_fd_sc_hd__clkbuf_16 contains 0 device instances.
Circuit contains 0 nets, and 6 disconnected pins.
Contents of circuit 2:  Circuit: 'sky130_fd_sc_hd__clkbuf_16'
Circuit sky130_fd_sc_hd__clkbuf_16 contains 40 device instances.
  Class: sky130_fd_pr__nfet_01v8 instances:  20
  Class: sky130_fd_pr__pfet_01v8_hvt instances:  20
Circuit contains 7 nets.

Circuit sky130_fd_sc_hd__clkbuf_16 contains no devices.

Contents of circuit 1:  Circuit: 'sky130_fd_sc_hd__a311o_1'
Circuit sky130_fd_sc_hd__a311o_1 contains 0 device instances.
Circuit contains 0 nets, and 10 disconnected pins.
Contents of circuit 2:  Circuit: 'sky130_fd_sc_hd__a311o_1'
Circuit sky130_fd_sc_hd__a311o_1 contains 12 device instances.
  Class: sky130_fd_pr__nfet_01v8 instances:   6
  Class: sky130_fd_pr__pfet_01v8_hvt instances:   6
Circuit contains 15 nets.

Circuit sky130_fd_sc_hd__a311o_1 contains no devices.

Contents of circuit 1:  Circuit: 'sky130_fd_sc_hd__diode_2'
Circuit sky130_fd_sc_hd__diode_2 contains 0 device instances.
Circuit contains 0 nets, and 5 disconnected pins.
Contents of circuit 2:  Circuit: 'sky130_fd_sc_hd__diode_2'
Circuit sky130_fd_sc_hd__diode_2 contains 1 device instances.
  Class: sky130_fd_pr__diode_pw2nd_05v5 instances:   1
Circuit contains 2 nets, and 3 disconnected pins.

Circuit sky130_fd_sc_hd__diode_2 contains no devices.

Contents of circuit 1:  Circuit: 'sky130_fd_sc_hd__o21a_1'
Circuit sky130_fd_sc_hd__o21a_1 contains 0 device instances.
Circuit contains 0 nets, and 8 disconnected pins.
Contents of circuit 2:  Circuit: 'sky130_fd_sc_hd__o21a_1'
Circuit sky130_fd_sc_hd__o21a_1 contains 8 device instances.
  Class: sky130_fd_pr__nfet_01v8 instances:   4
  Class: sky130_fd_pr__pfet_01v8_hvt instances:   4
Circuit contains 11 nets.

Circuit sky130_fd_sc_hd__o21a_1 contains no devices.

Contents of circuit 1:  Circuit: 'sky130_fd_sc_hd__clkbuf_8'
Circuit sky130_fd_sc_hd__clkbuf_8 contains 0 device instances.
Circuit contains 0 nets, and 6 disconnected pins.
Contents of circuit 2:  Circuit: 'sky130_fd_sc_hd__clkbuf_8'
Circuit sky130_fd_sc_hd__clkbuf_8 contains 20 device instances.
  Class: sky130_fd_pr__nfet_01v8 instances:  10
  Class: sky130_fd_pr__pfet_01v8_hvt instances:  10
Circuit contains 7 nets.

Circuit sky130_fd_sc_hd__clkbuf_8 contains no devices.

Contents of circuit 1:  Circuit: 'sky130_fd_sc_hd__nor2_8'
Circuit sky130_fd_sc_hd__nor2_8 contains 0 device instances.
Circuit contains 0 nets, and 7 disconnected pins.
Contents of circuit 2:  Circuit: 'sky130_fd_sc_hd__nor2_8'
Circuit sky130_fd_sc_hd__nor2_8 contains 32 device instances.
  Class: sky130_fd_pr__nfet_01v8 instances:  16
  Class: sky130_fd_pr__pfet_01v8_hvt instances:  16
Circuit contains 8 nets.

Circuit sky130_fd_sc_hd__nor2_8 contains no devices.

Contents of circuit 1:  Circuit: 'sky130_fd_sc_hd__or2_4'
Circuit sky130_fd_sc_hd__or2_4 contains 0 device instances.
Circuit contains 0 nets, and 7 disconnected pins.
Contents of circuit 2:  Circuit: 'sky130_fd_sc_hd__or2_4'
Circuit sky130_fd_sc_hd__or2_4 contains 12 device instances.
  Class: sky130_fd_pr__nfet_01v8 instances:   6
  Class: sky130_fd_pr__pfet_01v8_hvt instances:   6
Circuit contains 9 nets.

Circuit sky130_fd_sc_hd__or2_4 contains no devices.

Contents of circuit 1:  Circuit: 'sky130_fd_sc_hd__dfrtp_2'
Circuit sky130_fd_sc_hd__dfrtp_2 contains 0 device instances.
Circuit contains 0 nets, and 8 disconnected pins.
Contents of circuit 2:  Circuit: 'sky130_fd_sc_hd__dfrtp_2'
Circuit sky130_fd_sc_hd__dfrtp_2 contains 30 device instances.
  Class: sky130_fd_pr__nfet_01v8 instances:  11
  Class: sky130_fd_pr__pfet_01v8_hvt instances:  15
  Class: sky130_fd_pr__special_nfet_01v8 instances:   4
Circuit contains 21 nets.

Circuit sky130_fd_sc_hd__dfrtp_2 contains no devices.

Contents of circuit 1:  Circuit: 'sky130_fd_sc_hd__o221a_1'
Circuit sky130_fd_sc_hd__o221a_1 contains 0 device instances.
Circuit contains 0 nets, and 10 disconnected pins.
Contents of circuit 2:  Circuit: 'sky130_fd_sc_hd__o221a_1'
Circuit sky130_fd_sc_hd__o221a_1 contains 12 device instances.
  Class: sky130_fd_pr__nfet_01v8 instances:   6
  Class: sky130_fd_pr__pfet_01v8_hvt instances:   6
Circuit contains 15 nets.

Circuit sky130_fd_sc_hd__o221a_1 contains no devices.

Contents of circuit 1:  Circuit: 'sky130_fd_sc_hd__a211oi_1'
Circuit sky130_fd_sc_hd__a211oi_1 contains 0 device instances.
Circuit contains 0 nets, and 9 disconnected pins.
Contents of circuit 2:  Circuit: 'sky130_fd_sc_hd__a211oi_1'
Circuit sky130_fd_sc_hd__a211oi_1 contains 8 device instances.
  Class: sky130_fd_pr__nfet_01v8 instances:   4
  Class: sky130_fd_pr__pfet_01v8_hvt instances:   4
Circuit contains 12 nets.

Circuit sky130_fd_sc_hd__a211oi_1 contains no devices.

Contents of circuit 1:  Circuit: 'sky130_fd_sc_hd__o21ai_1'
Circuit sky130_fd_sc_hd__o21ai_1 contains 0 device instances.
Circuit contains 0 nets, and 8 disconnected pins.
Contents of circuit 2:  Circuit: 'sky130_fd_sc_hd__o21ai_1'
Circuit sky130_fd_sc_hd__o21ai_1 contains 6 device instances.
  Class: sky130_fd_pr__nfet_01v8 instances:   3
  Class: sky130_fd_pr__pfet_01v8_hvt instances:   3
Circuit contains 10 nets.

Circuit sky130_fd_sc_hd__o21ai_1 contains no devices.

Contents of circuit 1:  Circuit: 'sky130_fd_sc_hd__nor2_1'
Circuit sky130_fd_sc_hd__nor2_1 contains 0 device instances.
Circuit contains 0 nets, and 7 disconnected pins.
Contents of circuit 2:  Circuit: 'sky130_fd_sc_hd__nor2_1'
Circuit sky130_fd_sc_hd__nor2_1 contains 4 device instances.
  Class: sky130_fd_pr__nfet_01v8 instances:   2
  Class: sky130_fd_pr__pfet_01v8_hvt instances:   2
Circuit contains 8 nets.

Circuit sky130_fd_sc_hd__nor2_1 contains no devices.

Contents of circuit 1:  Circuit: 'sky130_fd_sc_hd__o22a_1'
Circuit sky130_fd_sc_hd__o22a_1 contains 0 device instances.
Circuit contains 0 nets, and 9 disconnected pins.
Contents of circuit 2:  Circuit: 'sky130_fd_sc_hd__o22a_1'
Circuit sky130_fd_sc_hd__o22a_1 contains 10 device instances.
  Class: sky130_fd_pr__nfet_01v8 instances:   5
  Class: sky130_fd_pr__pfet_01v8_hvt instances:   5
Circuit contains 13 nets.

Circuit sky130_fd_sc_hd__o22a_1 contains no devices.

Contents of circuit 1:  Circuit: 'sky130_fd_sc_hd__or4_4'
Circuit sky130_fd_sc_hd__or4_4 contains 0 device instances.
Circuit contains 0 nets, and 9 disconnected pins.
Contents of circuit 2:  Circuit: 'sky130_fd_sc_hd__or4_4'
Circuit sky130_fd_sc_hd__or4_4 contains 16 device instances.
  Class: sky130_fd_pr__nfet_01v8 instances:   8
  Class: sky130_fd_pr__pfet_01v8_hvt instances:   8
Circuit contains 13 nets.

Circuit sky130_fd_sc_hd__or4_4 contains no devices.

Contents of circuit 1:  Circuit: 'sky130_fd_sc_hd__or3_4'
Circuit sky130_fd_sc_hd__or3_4 contains 0 device instances.
Circuit contains 0 nets, and 8 disconnected pins.
Contents of circuit 2:  Circuit: 'sky130_fd_sc_hd__or3_4'
Circuit sky130_fd_sc_hd__or3_4 contains 14 device instances.
  Class: sky130_fd_pr__nfet_01v8 instances:   7
  Class: sky130_fd_pr__pfet_01v8_hvt instances:   7
Circuit contains 11 nets.

Circuit sky130_fd_sc_hd__or3_4 contains no devices.

Contents of circuit 1:  Circuit: 'sky130_fd_sc_hd__o211a_1'
Circuit sky130_fd_sc_hd__o211a_1 contains 0 device instances.
Circuit contains 0 nets, and 9 disconnected pins.
Contents of circuit 2:  Circuit: 'sky130_fd_sc_hd__o211a_1'
Circuit sky130_fd_sc_hd__o211a_1 contains 10 device instances.
  Class: sky130_fd_pr__nfet_01v8 instances:   5
  Class: sky130_fd_pr__pfet_01v8_hvt instances:   5
Circuit contains 13 nets.

Circuit sky130_fd_sc_hd__o211a_1 contains no devices.

Contents of circuit 1:  Circuit: 'sky130_fd_sc_hd__a311o_2'
Circuit sky130_fd_sc_hd__a311o_2 contains 0 device instances.
Circuit contains 0 nets, and 10 disconnected pins.
Contents of circuit 2:  Circuit: 'sky130_fd_sc_hd__a311o_2'
Circuit sky130_fd_sc_hd__a311o_2 contains 14 device instances.
  Class: sky130_fd_pr__nfet_01v8 instances:   7
  Class: sky130_fd_pr__pfet_01v8_hvt instances:   7
Circuit contains 15 nets.

Circuit sky130_fd_sc_hd__a311o_2 contains no devices.

Contents of circuit 1:  Circuit: 'sky130_fd_sc_hd__a211o_1'
Circuit sky130_fd_sc_hd__a211o_1 contains 0 device instances.
Circuit contains 0 nets, and 9 disconnected pins.
Contents of circuit 2:  Circuit: 'sky130_fd_sc_hd__a211o_1'
Circuit sky130_fd_sc_hd__a211o_1 contains 10 device instances.
  Class: sky130_fd_pr__nfet_01v8 instances:   5
  Class: sky130_fd_pr__pfet_01v8_hvt instances:   5
Circuit contains 13 nets.

Circuit sky130_fd_sc_hd__a211o_1 contains no devices.

Contents of circuit 1:  Circuit: 'sky130_fd_sc_hd__dfrtp_1'
Circuit sky130_fd_sc_hd__dfrtp_1 contains 0 device instances.
Circuit contains 0 nets, and 8 disconnected pins.
Contents of circuit 2:  Circuit: 'sky130_fd_sc_hd__dfrtp_1'
Circuit sky130_fd_sc_hd__dfrtp_1 contains 28 device instances.
  Class: sky130_fd_pr__nfet_01v8 instances:  10
  Class: sky130_fd_pr__pfet_01v8_hvt instances:  14
  Class: sky130_fd_pr__special_nfet_01v8 instances:   4
Circuit contains 21 nets.

Circuit sky130_fd_sc_hd__dfrtp_1 contains no devices.

Contents of circuit 1:  Circuit: 'sky130_fd_sc_hd__a221o_1'
Circuit sky130_fd_sc_hd__a221o_1 contains 0 device instances.
Circuit contains 0 nets, and 10 disconnected pins.
Contents of circuit 2:  Circuit: 'sky130_fd_sc_hd__a221o_1'
Circuit sky130_fd_sc_hd__a221o_1 contains 12 device instances.
  Class: sky130_fd_pr__nfet_01v8 instances:   6
  Class: sky130_fd_pr__pfet_01v8_hvt instances:   6
Circuit contains 15 nets.

Circuit sky130_fd_sc_hd__a221o_1 contains no devices.

Contents of circuit 1:  Circuit: 'sky130_fd_sc_hd__clkinvlp_4'
Circuit sky130_fd_sc_hd__clkinvlp_4 contains 0 device instances.
Circuit contains 0 nets, and 6 disconnected pins.
Contents of circuit 2:  Circuit: 'sky130_fd_sc_hd__clkinvlp_4'
Circuit sky130_fd_sc_hd__clkinvlp_4 contains 8 device instances.
  Class: sky130_fd_pr__nfet_01v8 instances:   4
  Class: sky130_fd_pr__pfet_01v8_hvt instances:   4
Circuit contains 8 nets.

Circuit sky130_fd_sc_hd__clkinvlp_4 contains no devices.

Contents of circuit 1:  Circuit: 'sky130_fd_sc_hd__clkinv_4'
Circuit sky130_fd_sc_hd__clkinv_4 contains 0 device instances.
Circuit contains 0 nets, and 6 disconnected pins.
Contents of circuit 2:  Circuit: 'sky130_fd_sc_hd__clkinv_4'
Circuit sky130_fd_sc_hd__clkinv_4 contains 10 device instances.
  Class: sky130_fd_pr__nfet_01v8 instances:   4
  Class: sky130_fd_pr__pfet_01v8_hvt instances:   6
Circuit contains 6 nets.

Circuit sky130_fd_sc_hd__clkinv_4 contains no devices.

Contents of circuit 1:  Circuit: 'sky130_fd_sc_hd__clkinv_8'
Circuit sky130_fd_sc_hd__clkinv_8 contains 0 device instances.
Circuit contains 0 nets, and 6 disconnected pins.
Contents of circuit 2:  Circuit: 'sky130_fd_sc_hd__clkinv_8'
Circuit sky130_fd_sc_hd__clkinv_8 contains 20 device instances.
  Class: sky130_fd_pr__nfet_01v8 instances:   8
  Class: sky130_fd_pr__pfet_01v8_hvt instances:  12
Circuit contains 6 nets.

Circuit sky130_fd_sc_hd__clkinv_8 contains no devices.

Contents of circuit 1:  Circuit: 'sky130_fd_sc_hd__inv_8'
Circuit sky130_fd_sc_hd__inv_8 contains 0 device instances.
Circuit contains 0 nets, and 6 disconnected pins.
Contents of circuit 2:  Circuit: 'sky130_fd_sc_hd__inv_8'
Circuit sky130_fd_sc_hd__inv_8 contains 16 device instances.
  Class: sky130_fd_pr__nfet_01v8 instances:   8
  Class: sky130_fd_pr__pfet_01v8_hvt instances:   8
Circuit contains 6 nets.

Circuit sky130_fd_sc_hd__inv_8 contains no devices.

Contents of circuit 1:  Circuit: 'sky130_fd_sc_hd__buf_12'
Circuit sky130_fd_sc_hd__buf_12 contains 0 device instances.
Circuit contains 0 nets, and 6 disconnected pins.
Contents of circuit 2:  Circuit: 'sky130_fd_sc_hd__buf_12'
Circuit sky130_fd_sc_hd__buf_12 contains 32 device instances.
  Class: sky130_fd_pr__nfet_01v8 instances:  16
  Class: sky130_fd_pr__pfet_01v8_hvt instances:  16
Circuit contains 7 nets.

Circuit sky130_fd_sc_hd__buf_12 contains no devices.

Contents of circuit 1:  Circuit: 'sky130_fd_sc_hd__xor2_2'
Circuit sky130_fd_sc_hd__xor2_2 contains 0 device instances.
Circuit contains 0 nets, and 7 disconnected pins.
Contents of circuit 2:  Circuit: 'sky130_fd_sc_hd__xor2_2'
Circuit sky130_fd_sc_hd__xor2_2 contains 20 device instances.
  Class: sky130_fd_pr__nfet_01v8 instances:  10
  Class: sky130_fd_pr__pfet_01v8_hvt instances:  10
Circuit contains 11 nets.

Circuit sky130_fd_sc_hd__xor2_2 contains no devices.

Contents of circuit 1:  Circuit: 'sky130_fd_sc_hd__a32o_1'
Circuit sky130_fd_sc_hd__a32o_1 contains 0 device instances.
Circuit contains 0 nets, and 10 disconnected pins.
Contents of circuit 2:  Circuit: 'sky130_fd_sc_hd__a32o_1'
Circuit sky130_fd_sc_hd__a32o_1 contains 12 device instances.
  Class: sky130_fd_pr__nfet_01v8 instances:   6
  Class: sky130_fd_pr__pfet_01v8_hvt instances:   6
Circuit contains 15 nets.

Circuit sky130_fd_sc_hd__a32o_1 contains no devices.

Contents of circuit 1:  Circuit: 'sky130_fd_sc_hd__and3b_1'
Circuit sky130_fd_sc_hd__and3b_1 contains 0 device instances.
Circuit contains 0 nets, and 8 disconnected pins.
Contents of circuit 2:  Circuit: 'sky130_fd_sc_hd__and3b_1'
Circuit sky130_fd_sc_hd__and3b_1 contains 10 device instances.
  Class: sky130_fd_pr__nfet_01v8 instances:   5
  Class: sky130_fd_pr__pfet_01v8_hvt instances:   5
Circuit contains 12 nets.

Circuit sky130_fd_sc_hd__and3b_1 contains no devices.

Contents of circuit 1:  Circuit: 'sky130_fd_sc_hd__o221a_2'
Circuit sky130_fd_sc_hd__o221a_2 contains 0 device instances.
Circuit contains 0 nets, and 10 disconnected pins.
Contents of circuit 2:  Circuit: 'sky130_fd_sc_hd__o221a_2'
Circuit sky130_fd_sc_hd__o221a_2 contains 14 device instances.
  Class: sky130_fd_pr__nfet_01v8 instances:   7
  Class: sky130_fd_pr__pfet_01v8_hvt instances:   7
Circuit contains 15 nets.

Circuit sky130_fd_sc_hd__o221a_2 contains no devices.

Contents of circuit 1:  Circuit: 'sky130_fd_sc_hd__inv_16'
Circuit sky130_fd_sc_hd__inv_16 contains 0 device instances.
Circuit contains 0 nets, and 6 disconnected pins.
Contents of circuit 2:  Circuit: 'sky130_fd_sc_hd__inv_16'
Circuit sky130_fd_sc_hd__inv_16 contains 32 device instances.
  Class: sky130_fd_pr__nfet_01v8 instances:  16
  Class: sky130_fd_pr__pfet_01v8_hvt instances:  16
Circuit contains 6 nets.

Circuit sky130_fd_sc_hd__inv_16 contains no devices.

Contents of circuit 1:  Circuit: 'sky130_fd_sc_hd__or3_2'
Circuit sky130_fd_sc_hd__or3_2 contains 0 device instances.
Circuit contains 0 nets, and 8 disconnected pins.
Contents of circuit 2:  Circuit: 'sky130_fd_sc_hd__or3_2'
Circuit sky130_fd_sc_hd__or3_2 contains 10 device instances.
  Class: sky130_fd_pr__nfet_01v8 instances:   5
  Class: sky130_fd_pr__pfet_01v8_hvt instances:   5
Circuit contains 11 nets.

Circuit sky130_fd_sc_hd__or3_2 contains no devices.

Contents of circuit 1:  Circuit: 'sky130_fd_sc_hd__xnor2_1'
Circuit sky130_fd_sc_hd__xnor2_1 contains 0 device instances.
Circuit contains 0 nets, and 7 disconnected pins.
Contents of circuit 2:  Circuit: 'sky130_fd_sc_hd__xnor2_1'
Circuit sky130_fd_sc_hd__xnor2_1 contains 10 device instances.
  Class: sky130_fd_pr__nfet_01v8 instances:   5
  Class: sky130_fd_pr__pfet_01v8_hvt instances:   5
Circuit contains 11 nets.

Circuit sky130_fd_sc_hd__xnor2_1 contains no devices.

Contents of circuit 1:  Circuit: 'sky130_fd_sc_hd__dfstp_4'
Circuit sky130_fd_sc_hd__dfstp_4 contains 0 device instances.
Circuit contains 0 nets, and 8 disconnected pins.
Contents of circuit 2:  Circuit: 'sky130_fd_sc_hd__dfstp_4'
Circuit sky130_fd_sc_hd__dfstp_4 contains 40 device instances.
  Class: sky130_fd_pr__nfet_01v8 instances:  18
  Class: sky130_fd_pr__pfet_01v8_hvt instances:  20
  Class: sky130_fd_pr__special_nfet_01v8 instances:   2
Circuit contains 24 nets.

Circuit sky130_fd_sc_hd__dfstp_4 contains no devices.

Contents of circuit 1:  Circuit: 'sky130_fd_sc_hd__nand2_1'
Circuit sky130_fd_sc_hd__nand2_1 contains 0 device instances.
Circuit contains 0 nets, and 7 disconnected pins.
Contents of circuit 2:  Circuit: 'sky130_fd_sc_hd__nand2_1'
Circuit sky130_fd_sc_hd__nand2_1 contains 4 device instances.
  Class: sky130_fd_pr__nfet_01v8 instances:   2
  Class: sky130_fd_pr__pfet_01v8_hvt instances:   2
Circuit contains 8 nets.

Circuit sky130_fd_sc_hd__nand2_1 contains no devices.

Contents of circuit 1:  Circuit: 'sky130_fd_sc_hd__o311a_1'
Circuit sky130_fd_sc_hd__o311a_1 contains 0 device instances.
Circuit contains 0 nets, and 10 disconnected pins.
Contents of circuit 2:  Circuit: 'sky130_fd_sc_hd__o311a_1'
Circuit sky130_fd_sc_hd__o311a_1 contains 12 device instances.
  Class: sky130_fd_pr__nfet_01v8 instances:   6
  Class: sky130_fd_pr__pfet_01v8_hvt instances:   6
Circuit contains 15 nets.

Circuit sky130_fd_sc_hd__o311a_1 contains no devices.

Contents of circuit 1:  Circuit: 'sky130_fd_sc_hd__dfrtp_4'
Circuit sky130_fd_sc_hd__dfrtp_4 contains 0 device instances.
Circuit contains 0 nets, and 8 disconnected pins.
Contents of circuit 2:  Circuit: 'sky130_fd_sc_hd__dfrtp_4'
Circuit sky130_fd_sc_hd__dfrtp_4 contains 34 device instances.
  Class: sky130_fd_pr__nfet_01v8 instances:  13
  Class: sky130_fd_pr__pfet_01v8_hvt instances:  17
  Class: sky130_fd_pr__special_nfet_01v8 instances:   4
Circuit contains 21 nets.

Circuit sky130_fd_sc_hd__dfrtp_4 contains no devices.

Contents of circuit 1:  Circuit: 'sky130_fd_sc_hd__a21oi_1'
Circuit sky130_fd_sc_hd__a21oi_1 contains 0 device instances.
Circuit contains 0 nets, and 8 disconnected pins.
Contents of circuit 2:  Circuit: 'sky130_fd_sc_hd__a21oi_1'
Circuit sky130_fd_sc_hd__a21oi_1 contains 6 device instances.
  Class: sky130_fd_pr__nfet_01v8 instances:   3
  Class: sky130_fd_pr__pfet_01v8_hvt instances:   3
Circuit contains 10 nets.

Circuit sky130_fd_sc_hd__a21oi_1 contains no devices.

Contents of circuit 1:  Circuit: 'sky130_fd_sc_hd__o311a_2'
Circuit sky130_fd_sc_hd__o311a_2 contains 0 device instances.
Circuit contains 0 nets, and 10 disconnected pins.
Contents of circuit 2:  Circuit: 'sky130_fd_sc_hd__o311a_2'
Circuit sky130_fd_sc_hd__o311a_2 contains 14 device instances.
  Class: sky130_fd_pr__nfet_01v8 instances:   7
  Class: sky130_fd_pr__pfet_01v8_hvt instances:   7
Circuit contains 15 nets.

Circuit sky130_fd_sc_hd__o311a_2 contains no devices.

Contents of circuit 1:  Circuit: 'sky130_fd_sc_hd__inv_6'
Circuit sky130_fd_sc_hd__inv_6 contains 0 device instances.
Circuit contains 0 nets, and 6 disconnected pins.
Contents of circuit 2:  Circuit: 'sky130_fd_sc_hd__inv_6'
Circuit sky130_fd_sc_hd__inv_6 contains 12 device instances.
  Class: sky130_fd_pr__nfet_01v8 instances:   6
  Class: sky130_fd_pr__pfet_01v8_hvt instances:   6
Circuit contains 6 nets.

Circuit sky130_fd_sc_hd__inv_6 contains no devices.

Contents of circuit 1:  Circuit: 'sky130_fd_sc_hd__bufinv_16'
Circuit sky130_fd_sc_hd__bufinv_16 contains 0 device instances.
Circuit contains 0 nets, and 6 disconnected pins.
Contents of circuit 2:  Circuit: 'sky130_fd_sc_hd__bufinv_16'
Circuit sky130_fd_sc_hd__bufinv_16 contains 50 device instances.
  Class: sky130_fd_pr__nfet_01v8 instances:  25
  Class: sky130_fd_pr__pfet_01v8_hvt instances:  25
Circuit contains 8 nets.

Circuit sky130_fd_sc_hd__bufinv_16 contains no devices.

Contents of circuit 1:  Circuit: 'sky130_fd_sc_hd__clkbuf_4'
Circuit sky130_fd_sc_hd__clkbuf_4 contains 0 device instances.
Circuit contains 0 nets, and 6 disconnected pins.
Contents of circuit 2:  Circuit: 'sky130_fd_sc_hd__clkbuf_4'
Circuit sky130_fd_sc_hd__clkbuf_4 contains 10 device instances.
  Class: sky130_fd_pr__nfet_01v8 instances:   5
  Class: sky130_fd_pr__pfet_01v8_hvt instances:   5
Circuit contains 7 nets.

Circuit sky130_fd_sc_hd__clkbuf_4 contains no devices.

Contents of circuit 1:  Circuit: 'sky130_fd_sc_hd__inv_12'
Circuit sky130_fd_sc_hd__inv_12 contains 0 device instances.
Circuit contains 0 nets, and 6 disconnected pins.
Contents of circuit 2:  Circuit: 'sky130_fd_sc_hd__inv_12'
Circuit sky130_fd_sc_hd__inv_12 contains 24 device instances.
  Class: sky130_fd_pr__nfet_01v8 instances:  12
  Class: sky130_fd_pr__pfet_01v8_hvt instances:  12
Circuit contains 6 nets.

Circuit sky130_fd_sc_hd__inv_12 contains no devices.

Contents of circuit 1:  Circuit: 'sky130_fd_sc_hd__xnor2_2'
Circuit sky130_fd_sc_hd__xnor2_2 contains 0 device instances.
Circuit contains 0 nets, and 7 disconnected pins.
Contents of circuit 2:  Circuit: 'sky130_fd_sc_hd__xnor2_2'
Circuit sky130_fd_sc_hd__xnor2_2 contains 20 device instances.
  Class: sky130_fd_pr__nfet_01v8 instances:  10
  Class: sky130_fd_pr__pfet_01v8_hvt instances:  10
Circuit contains 11 nets.

Circuit sky130_fd_sc_hd__xnor2_2 contains no devices.

Contents of circuit 1:  Circuit: 'sky130_fd_sc_hd__or3_1'
Circuit sky130_fd_sc_hd__or3_1 contains 0 device instances.
Circuit contains 0 nets, and 8 disconnected pins.
Contents of circuit 2:  Circuit: 'sky130_fd_sc_hd__or3_1'
Circuit sky130_fd_sc_hd__or3_1 contains 8 device instances.
  Class: sky130_fd_pr__nfet_01v8 instances:   4
  Class: sky130_fd_pr__pfet_01v8_hvt instances:   4
Circuit contains 11 nets.

Circuit sky130_fd_sc_hd__or3_1 contains no devices.

Contents of circuit 1:  Circuit: 'sky130_fd_sc_hd__clkinv_2'
Circuit sky130_fd_sc_hd__clkinv_2 contains 0 device instances.
Circuit contains 0 nets, and 6 disconnected pins.
Contents of circuit 2:  Circuit: 'sky130_fd_sc_hd__clkinv_2'
Circuit sky130_fd_sc_hd__clkinv_2 contains 5 device instances.
  Class: sky130_fd_pr__nfet_01v8 instances:   2
  Class: sky130_fd_pr__pfet_01v8_hvt instances:   3
Circuit contains 6 nets.

Circuit sky130_fd_sc_hd__clkinv_2 contains no devices.

Contents of circuit 1:  Circuit: 'sky130_fd_sc_hd__nand2_2'
Circuit sky130_fd_sc_hd__nand2_2 contains 0 device instances.
Circuit contains 0 nets, and 7 disconnected pins.
Contents of circuit 2:  Circuit: 'sky130_fd_sc_hd__nand2_2'
Circuit sky130_fd_sc_hd__nand2_2 contains 8 device instances.
  Class: sky130_fd_pr__nfet_01v8 instances:   4
  Class: sky130_fd_pr__pfet_01v8_hvt instances:   4
Circuit contains 8 nets.

Circuit sky130_fd_sc_hd__nand2_2 contains no devices.

Contents of circuit 1:  Circuit: 'sky130_fd_sc_hd__xor2_1'
Circuit sky130_fd_sc_hd__xor2_1 contains 0 device instances.
Circuit contains 0 nets, and 7 disconnected pins.
Contents of circuit 2:  Circuit: 'sky130_fd_sc_hd__xor2_1'
Circuit sky130_fd_sc_hd__xor2_1 contains 10 device instances.
  Class: sky130_fd_pr__nfet_01v8 instances:   5
  Class: sky130_fd_pr__pfet_01v8_hvt instances:   5
Circuit contains 11 nets.

Circuit sky130_fd_sc_hd__xor2_1 contains no devices.

Contents of circuit 1:  Circuit: 'sky130_fd_sc_hd__a211oi_2'
Circuit sky130_fd_sc_hd__a211oi_2 contains 0 device instances.
Circuit contains 0 nets, and 9 disconnected pins.
Contents of circuit 2:  Circuit: 'sky130_fd_sc_hd__a211oi_2'
Circuit sky130_fd_sc_hd__a211oi_2 contains 16 device instances.
  Class: sky130_fd_pr__nfet_01v8 instances:   8
  Class: sky130_fd_pr__pfet_01v8_hvt instances:   8
Circuit contains 12 nets.

Circuit sky130_fd_sc_hd__a211oi_2 contains no devices.

Contents of circuit 1:  Circuit: 'sky130_fd_sc_hd__inv_4'
Circuit sky130_fd_sc_hd__inv_4 contains 0 device instances.
Circuit contains 0 nets, and 6 disconnected pins.
Contents of circuit 2:  Circuit: 'sky130_fd_sc_hd__inv_4'
Circuit sky130_fd_sc_hd__inv_4 contains 8 device instances.
  Class: sky130_fd_pr__nfet_01v8 instances:   4
  Class: sky130_fd_pr__pfet_01v8_hvt instances:   4
Circuit contains 6 nets.

Circuit sky130_fd_sc_hd__inv_4 contains no devices.

Contents of circuit 1:  Circuit: 'sky130_fd_sc_hd__o31a_2'
Circuit sky130_fd_sc_hd__o31a_2 contains 0 device instances.
Circuit contains 0 nets, and 9 disconnected pins.
Contents of circuit 2:  Circuit: 'sky130_fd_sc_hd__o31a_2'
Circuit sky130_fd_sc_hd__o31a_2 contains 12 device instances.
  Class: sky130_fd_pr__nfet_01v8 instances:   6
  Class: sky130_fd_pr__pfet_01v8_hvt instances:   6
Circuit contains 13 nets.

Circuit sky130_fd_sc_hd__o31a_2 contains no devices.

Contents of circuit 1:  Circuit: 'sky130_fd_sc_hd__a311o_4'
Circuit sky130_fd_sc_hd__a311o_4 contains 0 device instances.
Circuit contains 0 nets, and 10 disconnected pins.
Contents of circuit 2:  Circuit: 'sky130_fd_sc_hd__a311o_4'
Circuit sky130_fd_sc_hd__a311o_4 contains 28 device instances.
  Class: sky130_fd_pr__nfet_01v8 instances:  14
  Class: sky130_fd_pr__pfet_01v8_hvt instances:  14
Circuit contains 15 nets.

Circuit sky130_fd_sc_hd__a311o_4 contains no devices.

Contents of circuit 1:  Circuit: 'sky130_fd_sc_hd__or4b_1'
Circuit sky130_fd_sc_hd__or4b_1 contains 0 device instances.
Circuit contains 0 nets, and 9 disconnected pins.
Contents of circuit 2:  Circuit: 'sky130_fd_sc_hd__or4b_1'
Circuit sky130_fd_sc_hd__or4b_1 contains 12 device instances.
  Class: sky130_fd_pr__nfet_01v8 instances:   6
  Class: sky130_fd_pr__pfet_01v8_hvt instances:   6
Circuit contains 14 nets.

Circuit sky130_fd_sc_hd__or4b_1 contains no devices.

Contents of circuit 1:  Circuit: 'sky130_fd_sc_hd__o31a_1'
Circuit sky130_fd_sc_hd__o31a_1 contains 0 device instances.
Circuit contains 0 nets, and 9 disconnected pins.
Contents of circuit 2:  Circuit: 'sky130_fd_sc_hd__o31a_1'
Circuit sky130_fd_sc_hd__o31a_1 contains 10 device instances.
  Class: sky130_fd_pr__nfet_01v8 instances:   5
  Class: sky130_fd_pr__pfet_01v8_hvt instances:   5
Circuit contains 13 nets.

Circuit sky130_fd_sc_hd__o31a_1 contains no devices.

Contents of circuit 1:  Circuit: 'sky130_fd_sc_hd__nand2b_1'
Circuit sky130_fd_sc_hd__nand2b_1 contains 0 device instances.
Circuit contains 0 nets, and 7 disconnected pins.
Contents of circuit 2:  Circuit: 'sky130_fd_sc_hd__nand2b_1'
Circuit sky130_fd_sc_hd__nand2b_1 contains 6 device instances.
  Class: sky130_fd_pr__nfet_01v8 instances:   3
  Class: sky130_fd_pr__pfet_01v8_hvt instances:   3
Circuit contains 9 nets.

Circuit sky130_fd_sc_hd__nand2b_1 contains no devices.

Contents of circuit 1:  Circuit: 'sky130_fd_sc_hd__mux4_2'
Circuit sky130_fd_sc_hd__mux4_2 contains 0 device instances.
Circuit contains 0 nets, and 11 disconnected pins.
Contents of circuit 2:  Circuit: 'sky130_fd_sc_hd__mux4_2'
Circuit sky130_fd_sc_hd__mux4_2 contains 28 device instances.
  Class: sky130_fd_pr__nfet_01v8 instances:  10
  Class: sky130_fd_pr__pfet_01v8_hvt instances:  14
  Class: sky130_fd_pr__special_nfet_01v8 instances:   4
Circuit contains 24 nets.

Circuit sky130_fd_sc_hd__mux4_2 contains no devices.

Contents of circuit 1:  Circuit: 'sky130_fd_sc_hd__a2bb2o_1'
Circuit sky130_fd_sc_hd__a2bb2o_1 contains 0 device instances.
Circuit contains 0 nets, and 9 disconnected pins.
Contents of circuit 2:  Circuit: 'sky130_fd_sc_hd__a2bb2o_1'
Circuit sky130_fd_sc_hd__a2bb2o_1 contains 12 device instances.
  Class: sky130_fd_pr__nfet_01v8 instances:   6
  Class: sky130_fd_pr__pfet_01v8_hvt instances:   6
Circuit contains 14 nets.

Circuit sky130_fd_sc_hd__a2bb2o_1 contains no devices.

Contents of circuit 1:  Circuit: 'sky130_fd_sc_hd__buf_2'
Circuit sky130_fd_sc_hd__buf_2 contains 0 device instances.
Circuit contains 0 nets, and 6 disconnected pins.
Contents of circuit 2:  Circuit: 'sky130_fd_sc_hd__buf_2'
Circuit sky130_fd_sc_hd__buf_2 contains 6 device instances.
  Class: sky130_fd_pr__nfet_01v8 instances:   3
  Class: sky130_fd_pr__pfet_01v8_hvt instances:   3
Circuit contains 7 nets.

Circuit sky130_fd_sc_hd__buf_2 contains no devices.

Contents of circuit 1:  Circuit: 'sky130_fd_sc_hd__o21ba_1'
Circuit sky130_fd_sc_hd__o21ba_1 contains 0 device instances.
Circuit contains 0 nets, and 8 disconnected pins.
Contents of circuit 2:  Circuit: 'sky130_fd_sc_hd__o21ba_1'
Circuit sky130_fd_sc_hd__o21ba_1 contains 10 device instances.
  Class: sky130_fd_pr__nfet_01v8 instances:   5
  Class: sky130_fd_pr__pfet_01v8_hvt instances:   5
Circuit contains 12 nets.

Circuit sky130_fd_sc_hd__o21ba_1 contains no devices.

Contents of circuit 1:  Circuit: 'sky130_fd_sc_hd__nand4_4'
Circuit sky130_fd_sc_hd__nand4_4 contains 0 device instances.
Circuit contains 0 nets, and 9 disconnected pins.
Contents of circuit 2:  Circuit: 'sky130_fd_sc_hd__nand4_4'
Circuit sky130_fd_sc_hd__nand4_4 contains 32 device instances.
  Class: sky130_fd_pr__nfet_01v8 instances:  16
  Class: sky130_fd_pr__pfet_01v8_hvt instances:  16
Circuit contains 12 nets.

Circuit sky130_fd_sc_hd__nand4_4 contains no devices.

Contents of circuit 1:  Circuit: 'sky130_fd_sc_hd__buf_6'
Circuit sky130_fd_sc_hd__buf_6 contains 0 device instances.
Circuit contains 0 nets, and 6 disconnected pins.
Contents of circuit 2:  Circuit: 'sky130_fd_sc_hd__buf_6'
Circuit sky130_fd_sc_hd__buf_6 contains 16 device instances.
  Class: sky130_fd_pr__nfet_01v8 instances:   8
  Class: sky130_fd_pr__pfet_01v8_hvt instances:   8
Circuit contains 7 nets.

Circuit sky130_fd_sc_hd__buf_6 contains no devices.

Contents of circuit 1:  Circuit: 'sky130_fd_sc_hd__a22o_1'
Circuit sky130_fd_sc_hd__a22o_1 contains 0 device instances.
Circuit contains 0 nets, and 9 disconnected pins.
Contents of circuit 2:  Circuit: 'sky130_fd_sc_hd__a22o_1'
Circuit sky130_fd_sc_hd__a22o_1 contains 10 device instances.
  Class: sky130_fd_pr__nfet_01v8 instances:   5
  Class: sky130_fd_pr__pfet_01v8_hvt instances:   5
Circuit contains 13 nets.

Circuit sky130_fd_sc_hd__a22o_1 contains no devices.

Contents of circuit 1:  Circuit: 'sky130_fd_sc_hd__nand2b_4'
Circuit sky130_fd_sc_hd__nand2b_4 contains 0 device instances.
Circuit contains 0 nets, and 7 disconnected pins.
Contents of circuit 2:  Circuit: 'sky130_fd_sc_hd__nand2b_4'
Circuit sky130_fd_sc_hd__nand2b_4 contains 18 device instances.
  Class: sky130_fd_pr__nfet_01v8 instances:   9
  Class: sky130_fd_pr__pfet_01v8_hvt instances:   9
Circuit contains 9 nets.

Circuit sky130_fd_sc_hd__nand2b_4 contains no devices.

Contents of circuit 1:  Circuit: 'sky130_fd_sc_hd__inv_2'
Circuit sky130_fd_sc_hd__inv_2 contains 0 device instances.
Circuit contains 0 nets, and 6 disconnected pins.
Contents of circuit 2:  Circuit: 'sky130_fd_sc_hd__inv_2'
Circuit sky130_fd_sc_hd__inv_2 contains 4 device instances.
  Class: sky130_fd_pr__nfet_01v8 instances:   2
  Class: sky130_fd_pr__pfet_01v8_hvt instances:   2
Circuit contains 6 nets.

Circuit sky130_fd_sc_hd__inv_2 contains no devices.

Contents of circuit 1:  Circuit: 'sky130_fd_sc_hd__and3_1'
Circuit sky130_fd_sc_hd__and3_1 contains 0 device instances.
Circuit contains 0 nets, and 8 disconnected pins.
Contents of circuit 2:  Circuit: 'sky130_fd_sc_hd__and3_1'
Circuit sky130_fd_sc_hd__and3_1 contains 8 device instances.
  Class: sky130_fd_pr__nfet_01v8 instances:   4
  Class: sky130_fd_pr__pfet_01v8_hvt instances:   4
Circuit contains 11 nets.

Circuit sky130_fd_sc_hd__and3_1 contains no devices.

Contents of circuit 1:  Circuit: 'sky130_fd_sc_hd__and2b_1'
Circuit sky130_fd_sc_hd__and2b_1 contains 0 device instances.
Circuit contains 0 nets, and 7 disconnected pins.
Contents of circuit 2:  Circuit: 'sky130_fd_sc_hd__and2b_1'
Circuit sky130_fd_sc_hd__and2b_1 contains 8 device instances.
  Class: sky130_fd_pr__nfet_01v8 instances:   4
  Class: sky130_fd_pr__pfet_01v8_hvt instances:   4
Circuit contains 10 nets.

Circuit sky130_fd_sc_hd__and2b_1 contains no devices.

Contents of circuit 1:  Circuit: 'sky130_fd_sc_hd__o311ai_4'
Circuit sky130_fd_sc_hd__o311ai_4 contains 0 device instances.
Circuit contains 0 nets, and 10 disconnected pins.
Contents of circuit 2:  Circuit: 'sky130_fd_sc_hd__o311ai_4'
Circuit sky130_fd_sc_hd__o311ai_4 contains 40 device instances.
  Class: sky130_fd_pr__nfet_01v8 instances:  20
  Class: sky130_fd_pr__pfet_01v8_hvt instances:  20
Circuit contains 14 nets.

Circuit sky130_fd_sc_hd__o311ai_4 contains no devices.

Contents of circuit 1:  Circuit: 'sky130_fd_sc_hd__a31o_1'
Circuit sky130_fd_sc_hd__a31o_1 contains 0 device instances.
Circuit contains 0 nets, and 9 disconnected pins.
Contents of circuit 2:  Circuit: 'sky130_fd_sc_hd__a31o_1'
Circuit sky130_fd_sc_hd__a31o_1 contains 10 device instances.
  Class: sky130_fd_pr__nfet_01v8 instances:   5
  Class: sky130_fd_pr__pfet_01v8_hvt instances:   5
Circuit contains 13 nets.

Circuit sky130_fd_sc_hd__a31o_1 contains no devices.

Contents of circuit 1:  Circuit: 'sky130_fd_sc_hd__and4_1'
Circuit sky130_fd_sc_hd__and4_1 contains 0 device instances.
Circuit contains 0 nets, and 9 disconnected pins.
Contents of circuit 2:  Circuit: 'sky130_fd_sc_hd__and4_1'
Circuit sky130_fd_sc_hd__and4_1 contains 10 device instances.
  Class: sky130_fd_pr__nfet_01v8 instances:   5
  Class: sky130_fd_pr__pfet_01v8_hvt instances:   5
Circuit contains 13 nets.

Circuit sky130_fd_sc_hd__and4_1 contains no devices.

Contents of circuit 1:  Circuit: 'sky130_fd_sc_hd__buf_4'
Circuit sky130_fd_sc_hd__buf_4 contains 0 device instances.
Circuit contains 0 nets, and 6 disconnected pins.
Contents of circuit 2:  Circuit: 'sky130_fd_sc_hd__buf_4'
Circuit sky130_fd_sc_hd__buf_4 contains 10 device instances.
  Class: sky130_fd_pr__nfet_01v8 instances:   5
  Class: sky130_fd_pr__pfet_01v8_hvt instances:   5
Circuit contains 7 nets.

Circuit sky130_fd_sc_hd__buf_4 contains no devices.

Contents of circuit 1:  Circuit: 'sky130_fd_sc_hd__clkbuf_2'
Circuit sky130_fd_sc_hd__clkbuf_2 contains 0 device instances.
Circuit contains 0 nets, and 6 disconnected pins.
Contents of circuit 2:  Circuit: 'sky130_fd_sc_hd__clkbuf_2'
Circuit sky130_fd_sc_hd__clkbuf_2 contains 6 device instances.
  Class: sky130_fd_pr__nfet_01v8 instances:   3
  Class: sky130_fd_pr__pfet_01v8_hvt instances:   3
Circuit contains 7 nets.

Circuit sky130_fd_sc_hd__clkbuf_2 contains no devices.

Contents of circuit 1:  Circuit: 'sky130_fd_sc_hd__a2111o_1'
Circuit sky130_fd_sc_hd__a2111o_1 contains 0 device instances.
Circuit contains 0 nets, and 10 disconnected pins.
Contents of circuit 2:  Circuit: 'sky130_fd_sc_hd__a2111o_1'
Circuit sky130_fd_sc_hd__a2111o_1 contains 12 device instances.
  Class: sky130_fd_pr__nfet_01v8 instances:   6
  Class: sky130_fd_pr__pfet_01v8_hvt instances:   6
Circuit contains 15 nets.

Circuit sky130_fd_sc_hd__a2111o_1 contains no devices.

Contents of circuit 1:  Circuit: 'sky130_fd_sc_hd__dlygate4sd3_1'
Circuit sky130_fd_sc_hd__dlygate4sd3_1 contains 0 device instances.
Circuit contains 0 nets, and 6 disconnected pins.
Contents of circuit 2:  Circuit: 'sky130_fd_sc_hd__dlygate4sd3_1'
Circuit sky130_fd_sc_hd__dlygate4sd3_1 contains 8 device instances.
  Class: sky130_fd_pr__nfet_01v8 instances:   4
  Class: sky130_fd_pr__pfet_01v8_hvt instances:   4
Circuit contains 9 nets.

Circuit sky130_fd_sc_hd__dlygate4sd3_1 contains no devices.

Contents of circuit 1:  Circuit: 'sky130_fd_sc_hd__a221o_2'
Circuit sky130_fd_sc_hd__a221o_2 contains 0 device instances.
Circuit contains 0 nets, and 10 disconnected pins.
Contents of circuit 2:  Circuit: 'sky130_fd_sc_hd__a221o_2'
Circuit sky130_fd_sc_hd__a221o_2 contains 14 device instances.
  Class: sky130_fd_pr__nfet_01v8 instances:   7
  Class: sky130_fd_pr__pfet_01v8_hvt instances:   7
Circuit contains 15 nets.

Circuit sky130_fd_sc_hd__a221o_2 contains no devices.

Contents of circuit 1:  Circuit: 'sky130_fd_sc_hd__o221ai_1'
Circuit sky130_fd_sc_hd__o221ai_1 contains 0 device instances.
Circuit contains 0 nets, and 10 disconnected pins.
Contents of circuit 2:  Circuit: 'sky130_fd_sc_hd__o221ai_1'
Circuit sky130_fd_sc_hd__o221ai_1 contains 10 device instances.
  Class: sky130_fd_pr__nfet_01v8 instances:   5
  Class: sky130_fd_pr__pfet_01v8_hvt instances:   5
Circuit contains 14 nets.

Circuit sky130_fd_sc_hd__o221ai_1 contains no devices.

Contents of circuit 1:  Circuit: 'sky130_fd_sc_hd__clkinv_16'
Circuit sky130_fd_sc_hd__clkinv_16 contains 0 device instances.
Circuit contains 0 nets, and 6 disconnected pins.
Contents of circuit 2:  Circuit: 'sky130_fd_sc_hd__clkinv_16'
Circuit sky130_fd_sc_hd__clkinv_16 contains 40 device instances.
  Class: sky130_fd_pr__nfet_01v8 instances:  16
  Class: sky130_fd_pr__pfet_01v8_hvt instances:  24
Circuit contains 6 nets.

Circuit sky130_fd_sc_hd__clkinv_16 contains no devices.

Contents of circuit 1:  Circuit: 'sky130_fd_sc_hd__or4_1'
Circuit sky130_fd_sc_hd__or4_1 contains 0 device instances.
Circuit contains 0 nets, and 9 disconnected pins.
Contents of circuit 2:  Circuit: 'sky130_fd_sc_hd__or4_1'
Circuit sky130_fd_sc_hd__or4_1 contains 10 device instances.
  Class: sky130_fd_pr__nfet_01v8 instances:   5
  Class: sky130_fd_pr__pfet_01v8_hvt instances:   5
Circuit contains 13 nets.

Circuit sky130_fd_sc_hd__or4_1 contains no devices.

Contents of circuit 1:  Circuit: 'sky130_fd_sc_hd__a211oi_4'
Circuit sky130_fd_sc_hd__a211oi_4 contains 0 device instances.
Circuit contains 0 nets, and 9 disconnected pins.
Contents of circuit 2:  Circuit: 'sky130_fd_sc_hd__a211oi_4'
Circuit sky130_fd_sc_hd__a211oi_4 contains 32 device instances.
  Class: sky130_fd_pr__nfet_01v8 instances:  16
  Class: sky130_fd_pr__pfet_01v8_hvt instances:  16
Circuit contains 14 nets.

Circuit sky130_fd_sc_hd__a211oi_4 contains no devices.

Contents of circuit 1:  Circuit: 'sky130_fd_sc_hd__or4_2'
Circuit sky130_fd_sc_hd__or4_2 contains 0 device instances.
Circuit contains 0 nets, and 9 disconnected pins.
Contents of circuit 2:  Circuit: 'sky130_fd_sc_hd__or4_2'
Circuit sky130_fd_sc_hd__or4_2 contains 12 device instances.
  Class: sky130_fd_pr__nfet_01v8 instances:   6
  Class: sky130_fd_pr__pfet_01v8_hvt instances:   6
Circuit contains 13 nets.

Circuit sky130_fd_sc_hd__or4_2 contains no devices.

Contents of circuit 1:  Circuit: 'sky130_fd_sc_hd__o2bb2ai_1'
Circuit sky130_fd_sc_hd__o2bb2ai_1 contains 0 device instances.
Circuit contains 0 nets, and 9 disconnected pins.
Contents of circuit 2:  Circuit: 'sky130_fd_sc_hd__o2bb2ai_1'
Circuit sky130_fd_sc_hd__o2bb2ai_1 contains 10 device instances.
  Class: sky130_fd_pr__nfet_01v8 instances:   5
  Class: sky130_fd_pr__pfet_01v8_hvt instances:   5
Circuit contains 13 nets.

Circuit sky130_fd_sc_hd__o2bb2ai_1 contains no devices.

Contents of circuit 1:  Circuit: 'sky130_fd_sc_hd__mux2_2'
Circuit sky130_fd_sc_hd__mux2_2 contains 0 device instances.
Circuit contains 0 nets, and 8 disconnected pins.
Contents of circuit 2:  Circuit: 'sky130_fd_sc_hd__mux2_2'
Circuit sky130_fd_sc_hd__mux2_2 contains 14 device instances.
  Class: sky130_fd_pr__nfet_01v8 instances:   7
  Class: sky130_fd_pr__pfet_01v8_hvt instances:   7
Circuit contains 14 nets.

Circuit sky130_fd_sc_hd__mux2_2 contains no devices.

Contents of circuit 1:  Circuit: 'async_fifo'
Circuit async_fifo contains 198820 device instances.
  Class: sky130_fd_sc_hd__bufinv_16 instances:  48
  Class: sky130_fd_sc_hd__a31o_1 instances:   1
  Class: sky130_fd_sc_hd__a21o_1 instances: 522
  Class: sky130_fd_sc_hd__clkbuf_16 instances: 165
  Class: sky130_fd_sc_hd__dfxtp_1 instances: 8192
  Class: sky130_fd_sc_hd__or4_1 instances:   2
  Class: sky130_fd_sc_hd__or4_2 instances:   1
  Class: sky130_fd_sc_hd__or4_4 instances:   2
  Class: sky130_fd_sc_hd__buf_2 instances:   1
  Class: sky130_fd_sc_hd__buf_4 instances:   1
  Class: sky130_fd_sc_hd__nand4_4 instances:   1
  Class: sky130_fd_sc_hd__buf_6 instances:   3
  Class: sky130_fd_sc_hd__a2bb2o_1 instances:   2
  Class: sky130_fd_sc_hd__and3b_1 instances:  16
  Class: sky130_fd_sc_hd__xor2_1 instances:  11
  Class: sky130_fd_sc_hd__xor2_2 instances:   3
  Class: sky130_fd_sc_hd__o221ai_1 instances:   1
  Class: sky130_fd_sc_hd__mux4_1 instances: 1593
  Class: sky130_fd_sc_hd__mux4_2 instances:  13
  Class: sky130_fd_sc_hd__dfstp_4 instances:   1
  Class: sky130_ef_sc_hd__decap_12 instances: 80628
  Class: sky130_fd_sc_hd__dfrtp_1 instances:  38
  Class: sky130_fd_sc_hd__dfrtp_2 instances:   9
  Class: sky130_fd_sc_hd__dfrtp_4 instances:  40
  Class: sky130_fd_sc_hd__and4_1 instances:   1
  Class: sky130_fd_sc_hd__inv_2 instances:   8
  Class: sky130_fd_sc_hd__inv_4 instances:   3
  Class: sky130_fd_sc_hd__inv_6 instances:  98
  Class: sky130_fd_sc_hd__inv_8 instances:  73
  Class: sky130_fd_sc_hd__clkbuf_2 instances:   1
  Class: sky130_fd_sc_hd__clkbuf_4 instances:  38
  Class: sky130_fd_sc_hd__clkbuf_8 instances: 614
  Class: sky130_fd_sc_hd__or3_1 instances:   8
  Class: sky130_fd_sc_hd__or3_2 instances:  14
  Class: sky130_fd_sc_hd__or3_4 instances:  23
  Class: sky130_fd_sc_hd__o21ba_1 instances:   3
  Class: sky130_fd_sc_hd__and2b_1 instances:   1
  Class: sky130_fd_sc_hd__buf_12 instances: 177
  Class: sky130_fd_sc_hd__clkinv_2 instances:  34
  Class: sky130_fd_sc_hd__clkinv_4 instances:  54
  Class: sky130_fd_sc_hd__clkinv_8 instances:  50
  Class: sky130_fd_sc_hd__and3_1 instances:   3
  Class: sky130_fd_sc_hd__a2111o_1 instances:   1
  Class: sky130_fd_sc_hd__decap_3 instances: 5183
  Class: sky130_fd_sc_hd__decap_4 instances: 4897
  Class: sky130_fd_sc_hd__decap_6 instances: 21241
  Class: sky130_fd_sc_hd__decap_8 instances: 5569
  Class: sky130_fd_sc_hd__dlygate4sd3_1 instances:   1
  Class: sky130_fd_sc_hd__or2_1 instances: 341
  Class: sky130_fd_sc_hd__or2_4 instances: 136
  Class: sky130_fd_sc_hd__nand2_1 instances:  42
  Class: sky130_fd_sc_hd__nand2_2 instances:   1
  Class: sky130_fd_sc_hd__o311ai_4 instances:   1
  Class: sky130_fd_sc_hd__mux2_1 instances: 9432
  Class: sky130_fd_sc_hd__mux2_2 instances:   1
  Class: sky130_fd_sc_hd__o2bb2ai_1 instances:   1
  Class: sky130_fd_sc_hd__a211oi_1 instances:  13
  Class: sky130_fd_sc_hd__and2_1 instances: 280
  Class: sky130_fd_sc_hd__a211oi_2 instances:  14
  Class: sky130_fd_sc_hd__a211oi_4 instances:   3
  Class: sky130_fd_sc_hd__or4b_1 instances:   2
  Class: sky130_fd_sc_hd__clkinvlp_4 instances:  45
  Class: sky130_fd_sc_hd__inv_12 instances:  36
  Class: sky130_fd_sc_hd__inv_16 instances:  10
  Class: sky130_fd_sc_hd__o22a_1 instances:  31
  Class: sky130_fd_sc_hd__xnor2_1 instances:  28
  Class: sky130_fd_sc_hd__xnor2_2 instances:   3
  Class: sky130_fd_sc_hd__o221a_1 instances: 283
  Class: sky130_fd_sc_hd__o221a_2 instances:  38
  Class: sky130_fd_sc_hd__o211a_1 instances: 119
  Class: sky130_fd_sc_hd__o211a_2 instances:   5
  Class: sky130_fd_sc_hd__nand2b_1 instances:   4
  Class: sky130_fd_sc_hd__nand2b_4 instances:   2
  Class: sky130_fd_sc_hd__diode_2 instances: 215
  Class: sky130_fd_sc_hd__a221o_1 instances: 189
  Class: sky130_fd_sc_hd__a221o_2 instances:   2
  Class: sky130_fd_sc_hd__a211o_1 instances:  33
  Class: sky130_fd_sc_hd__a32o_1 instances:  31
  Class: sky130_fd_sc_hd__a22o_1 instances:   2
  Class: sky130_fd_sc_hd__o31a_1 instances:  12
  Class: sky130_fd_sc_hd__o31a_2 instances:  17
  Class: sky130_fd_sc_hd__o21a_1 instances: 282
  Class: sky130_fd_sc_hd__o311a_1 instances:  19
  Class: sky130_fd_sc_hd__o311a_2 instances:  34
  Class: sky130_fd_sc_hd__o311a_4 instances:  29
  Class: sky130_fd_sc_hd__o21ai_1 instances:  96
  Class: sky130_fd_sc_hd__tapvpwrvgnd_1 instances: 27178
  Class: sky130_fd_sc_hd__a21oi_1 instances:  35
  Class: sky130_fd_sc_hd__a311o_1 instances:  64
  Class: sky130_fd_sc_hd__a311o_2 instances:  42
  Class: sky130_fd_sc_hd__a311o_4 instances:   9
  Class: sky130_fd_sc_hd__fill_1 instances: 26032
  Class: sky130_fd_sc_hd__fill_2 instances: 3966
  Class: sky130_fd_sc_hd__clkinv_16 instances:   3
  Class: sky130_fd_sc_hd__nor2_1 instances: 114
  Class: sky130_fd_sc_hd__nor2_8 instances: 156
Circuit contains 23952 nets.
Contents of circuit 2:  Circuit: 'async_fifo'
Circuit async_fifo contains 198820 device instances.
  Class: sky130_fd_sc_hd__bufinv_16 instances:  48
  Class: sky130_fd_sc_hd__a31o_1 instances:   1
  Class: sky130_fd_sc_hd__a21o_1 instances: 522
  Class: sky130_fd_sc_hd__clkbuf_16 instances: 165
  Class: sky130_fd_sc_hd__dfxtp_1 instances: 8192
  Class: sky130_fd_sc_hd__or4_1 instances:   2
  Class: sky130_fd_sc_hd__or4_2 instances:   1
  Class: sky130_fd_sc_hd__or4_4 instances:   2
  Class: sky130_fd_sc_hd__buf_2 instances:   1
  Class: sky130_fd_sc_hd__nand4_4 instances:   1
  Class: sky130_fd_sc_hd__buf_4 instances:   1
  Class: sky130_fd_sc_hd__buf_6 instances:   3
  Class: sky130_fd_sc_hd__a2bb2o_1 instances:   2
  Class: sky130_fd_sc_hd__and3b_1 instances:  16
  Class: sky130_fd_sc_hd__xor2_1 instances:  11
  Class: sky130_fd_sc_hd__xor2_2 instances:   3
  Class: sky130_fd_sc_hd__o221ai_1 instances:   1
  Class: sky130_fd_sc_hd__mux4_1 instances: 1593
  Class: sky130_fd_sc_hd__mux4_2 instances:  13
  Class: sky130_fd_sc_hd__dfstp_4 instances:   1
  Class: sky130_ef_sc_hd__decap_12 instances: 80628
  Class: sky130_fd_sc_hd__dfrtp_1 instances:  38
  Class: sky130_fd_sc_hd__dfrtp_2 instances:   9
  Class: sky130_fd_sc_hd__dfrtp_4 instances:  40
  Class: sky130_fd_sc_hd__and4_1 instances:   1
  Class: sky130_fd_sc_hd__inv_2 instances:   8
  Class: sky130_fd_sc_hd__inv_4 instances:   3
  Class: sky130_fd_sc_hd__inv_6 instances:  98
  Class: sky130_fd_sc_hd__inv_8 instances:  73
  Class: sky130_fd_sc_hd__clkbuf_2 instances:   1
  Class: sky130_fd_sc_hd__clkbuf_4 instances:  38
  Class: sky130_fd_sc_hd__clkbuf_8 instances: 614
  Class: sky130_fd_sc_hd__or3_1 instances:   8
  Class: sky130_fd_sc_hd__or3_2 instances:  14
  Class: sky130_fd_sc_hd__or3_4 instances:  23
  Class: sky130_fd_sc_hd__o21ba_1 instances:   3
  Class: sky130_fd_sc_hd__and2b_1 instances:   1
  Class: sky130_fd_sc_hd__buf_12 instances: 177
  Class: sky130_fd_sc_hd__clkinv_2 instances:  34
  Class: sky130_fd_sc_hd__clkinv_4 instances:  54
  Class: sky130_fd_sc_hd__clkinv_8 instances:  50
  Class: sky130_fd_sc_hd__and3_1 instances:   3
  Class: sky130_fd_sc_hd__a2111o_1 instances:   1
  Class: sky130_fd_sc_hd__decap_3 instances: 5183
  Class: sky130_fd_sc_hd__decap_4 instances: 4897
  Class: sky130_fd_sc_hd__decap_6 instances: 21241
  Class: sky130_fd_sc_hd__decap_8 instances: 5569
  Class: sky130_fd_sc_hd__dlygate4sd3_1 instances:   1
  Class: sky130_fd_sc_hd__or2_1 instances: 341
  Class: sky130_fd_sc_hd__or2_4 instances: 136
  Class: sky130_fd_sc_hd__nand2_1 instances:  42
  Class: sky130_fd_sc_hd__nand2_2 instances:   1
  Class: sky130_fd_sc_hd__o311ai_4 instances:   1
  Class: sky130_fd_sc_hd__mux2_1 instances: 9432
  Class: sky130_fd_sc_hd__mux2_2 instances:   1
  Class: sky130_fd_sc_hd__o2bb2ai_1 instances:   1
  Class: sky130_fd_sc_hd__and2_1 instances: 280
  Class: sky130_fd_sc_hd__a211oi_1 instances:  13
  Class: sky130_fd_sc_hd__a211oi_2 instances:  14
  Class: sky130_fd_sc_hd__a211oi_4 instances:   3
  Class: sky130_fd_sc_hd__or4b_1 instances:   2
  Class: sky130_fd_sc_hd__clkinvlp_4 instances:  45
  Class: sky130_fd_sc_hd__inv_12 instances:  36
  Class: sky130_fd_sc_hd__inv_16 instances:  10
  Class: sky130_fd_sc_hd__o22a_1 instances:  31
  Class: sky130_fd_sc_hd__xnor2_1 instances:  28
  Class: sky130_fd_sc_hd__xnor2_2 instances:   3
  Class: sky130_fd_sc_hd__o221a_1 instances: 283
  Class: sky130_fd_sc_hd__o221a_2 instances:  38
  Class: sky130_fd_sc_hd__o211a_1 instances: 119
  Class: sky130_fd_sc_hd__o211a_2 instances:   5
  Class: sky130_fd_sc_hd__nand2b_1 instances:   4
  Class: sky130_fd_sc_hd__nand2b_4 instances:   2
  Class: sky130_fd_sc_hd__diode_2 instances: 215
  Class: sky130_fd_sc_hd__a221o_1 instances: 189
  Class: sky130_fd_sc_hd__a221o_2 instances:   2
  Class: sky130_fd_sc_hd__a211o_1 instances:  33
  Class: sky130_fd_sc_hd__a32o_1 instances:  31
  Class: sky130_fd_sc_hd__a22o_1 instances:   2
  Class: sky130_fd_sc_hd__o31a_1 instances:  12
  Class: sky130_fd_sc_hd__o31a_2 instances:  17
  Class: sky130_fd_sc_hd__o21a_1 instances: 282
  Class: sky130_fd_sc_hd__o311a_1 instances:  19
  Class: sky130_fd_sc_hd__o311a_2 instances:  34
  Class: sky130_fd_sc_hd__o311a_4 instances:  29
  Class: sky130_fd_sc_hd__o21ai_1 instances:  96
  Class: sky130_fd_sc_hd__tapvpwrvgnd_1 instances: 27178
  Class: sky130_fd_sc_hd__a21oi_1 instances:  35
  Class: sky130_fd_sc_hd__a311o_1 instances:  64
  Class: sky130_fd_sc_hd__a311o_2 instances:  42
  Class: sky130_fd_sc_hd__a311o_4 instances:   9
  Class: sky130_fd_sc_hd__fill_1 instances: 26032
  Class: sky130_fd_sc_hd__fill_2 instances: 3966
  Class: sky130_fd_sc_hd__clkinv_16 instances:   3
  Class: sky130_fd_sc_hd__nor2_1 instances: 114
  Class: sky130_fd_sc_hd__nor2_8 instances: 156
Circuit contains 23952 nets.

Circuit was modified by parallel/series device merging.
New circuit summary:

Contents of circuit 1:  Circuit: 'async_fifo'
Circuit async_fifo contains 23995 device instances.
  Class: sky130_fd_sc_hd__bufinv_16 instances:  48
  Class: sky130_fd_sc_hd__a31o_1 instances:   1
  Class: sky130_fd_sc_hd__a21o_1 instances: 522
  Class: sky130_fd_sc_hd__clkbuf_16 instances: 165
  Class: sky130_fd_sc_hd__dfxtp_1 instances: 8192
  Class: sky130_fd_sc_hd__or4_1 instances:   2
  Class: sky130_fd_sc_hd__or4_2 instances:   1
  Class: sky130_fd_sc_hd__or4_4 instances:   2
  Class: sky130_fd_sc_hd__buf_2 instances:   1
  Class: sky130_fd_sc_hd__buf_4 instances:   1
  Class: sky130_fd_sc_hd__nand4_4 instances:   1
  Class: sky130_fd_sc_hd__buf_6 instances:   3
  Class: sky130_fd_sc_hd__a2bb2o_1 instances:   2
  Class: sky130_fd_sc_hd__and3b_1 instances:  16
  Class: sky130_fd_sc_hd__xor2_1 instances:  11
  Class: sky130_fd_sc_hd__xor2_2 instances:   3
  Class: sky130_fd_sc_hd__o221ai_1 instances:   1
  Class: sky130_fd_sc_hd__mux4_1 instances: 1593
  Class: sky130_fd_sc_hd__mux4_2 instances:  13
  Class: sky130_fd_sc_hd__dfstp_4 instances:   1
  Class: sky130_ef_sc_hd__decap_12 instances:   1
  Class: sky130_fd_sc_hd__dfrtp_1 instances:  38
  Class: sky130_fd_sc_hd__dfrtp_2 instances:   9
  Class: sky130_fd_sc_hd__dfrtp_4 instances:  40
  Class: sky130_fd_sc_hd__and4_1 instances:   1
  Class: sky130_fd_sc_hd__inv_2 instances:   8
  Class: sky130_fd_sc_hd__inv_4 instances:   3
  Class: sky130_fd_sc_hd__inv_6 instances:  98
  Class: sky130_fd_sc_hd__inv_8 instances:  73
  Class: sky130_fd_sc_hd__clkbuf_2 instances:   1
  Class: sky130_fd_sc_hd__clkbuf_4 instances:  38
  Class: sky130_fd_sc_hd__clkbuf_8 instances: 614
  Class: sky130_fd_sc_hd__or3_1 instances:   8
  Class: sky130_fd_sc_hd__or3_2 instances:  14
  Class: sky130_fd_sc_hd__or3_4 instances:  23
  Class: sky130_fd_sc_hd__o21ba_1 instances:   3
  Class: sky130_fd_sc_hd__and2b_1 instances:   1
  Class: sky130_fd_sc_hd__buf_12 instances: 177
  Class: sky130_fd_sc_hd__clkinv_2 instances:  34
  Class: sky130_fd_sc_hd__clkinv_4 instances:  54
  Class: sky130_fd_sc_hd__clkinv_8 instances:  50
  Class: sky130_fd_sc_hd__and3_1 instances:   3
  Class: sky130_fd_sc_hd__a2111o_1 instances:   1
  Class: sky130_fd_sc_hd__decap_3 instances:   1
  Class: sky130_fd_sc_hd__decap_4 instances:   1
  Class: sky130_fd_sc_hd__decap_6 instances:   1
  Class: sky130_fd_sc_hd__decap_8 instances:   1
  Class: sky130_fd_sc_hd__dlygate4sd3_1 instances:   1
  Class: sky130_fd_sc_hd__or2_1 instances: 341
  Class: sky130_fd_sc_hd__or2_4 instances: 136
  Class: sky130_fd_sc_hd__nand2_1 instances:  42
  Class: sky130_fd_sc_hd__nand2_2 instances:   1
  Class: sky130_fd_sc_hd__o311ai_4 instances:   1
  Class: sky130_fd_sc_hd__mux2_1 instances: 9432
  Class: sky130_fd_sc_hd__mux2_2 instances:   1
  Class: sky130_fd_sc_hd__o2bb2ai_1 instances:   1
  Class: sky130_fd_sc_hd__a211oi_1 instances:  13
  Class: sky130_fd_sc_hd__and2_1 instances: 280
  Class: sky130_fd_sc_hd__a211oi_2 instances:  14
  Class: sky130_fd_sc_hd__a211oi_4 instances:   3
  Class: sky130_fd_sc_hd__or4b_1 instances:   2
  Class: sky130_fd_sc_hd__clkinvlp_4 instances:  45
  Class: sky130_fd_sc_hd__inv_12 instances:  36
  Class: sky130_fd_sc_hd__inv_16 instances:  10
  Class: sky130_fd_sc_hd__o22a_1 instances:  31
  Class: sky130_fd_sc_hd__xnor2_1 instances:  28
  Class: sky130_fd_sc_hd__xnor2_2 instances:   3
  Class: sky130_fd_sc_hd__o221a_1 instances: 283
  Class: sky130_fd_sc_hd__o221a_2 instances:  38
  Class: sky130_fd_sc_hd__o211a_1 instances: 119
  Class: sky130_fd_sc_hd__o211a_2 instances:   5
  Class: sky130_fd_sc_hd__nand2b_1 instances:   4
  Class: sky130_fd_sc_hd__nand2b_4 instances:   2
  Class: sky130_fd_sc_hd__diode_2 instances:  76
  Class: sky130_fd_sc_hd__a221o_1 instances: 189
  Class: sky130_fd_sc_hd__a221o_2 instances:   2
  Class: sky130_fd_sc_hd__a211o_1 instances:  33
  Class: sky130_fd_sc_hd__a32o_1 instances:  31
  Class: sky130_fd_sc_hd__a22o_1 instances:   2
  Class: sky130_fd_sc_hd__o31a_1 instances:  12
  Class: sky130_fd_sc_hd__o31a_2 instances:  17
  Class: sky130_fd_sc_hd__o21a_1 instances: 282
  Class: sky130_fd_sc_hd__o311a_1 instances:  19
  Class: sky130_fd_sc_hd__o311a_2 instances:  34
  Class: sky130_fd_sc_hd__o311a_4 instances:  29
  Class: sky130_fd_sc_hd__o21ai_1 instances:  96
  Class: sky130_fd_sc_hd__tapvpwrvgnd_1 instances:   1
  Class: sky130_fd_sc_hd__a21oi_1 instances:  35
  Class: sky130_fd_sc_hd__a311o_1 instances:  64
  Class: sky130_fd_sc_hd__a311o_2 instances:  42
  Class: sky130_fd_sc_hd__a311o_4 instances:   9
  Class: sky130_fd_sc_hd__fill_1 instances:   1
  Class: sky130_fd_sc_hd__fill_2 instances:   1
  Class: sky130_fd_sc_hd__clkinv_16 instances:   3
  Class: sky130_fd_sc_hd__nor2_1 instances: 114
  Class: sky130_fd_sc_hd__nor2_8 instances: 156
Circuit contains 23952 nets.
Contents of circuit 2:  Circuit: 'async_fifo'
Circuit async_fifo contains 23995 device instances.
  Class: sky130_fd_sc_hd__bufinv_16 instances:  48
  Class: sky130_fd_sc_hd__a31o_1 instances:   1
  Class: sky130_fd_sc_hd__a21o_1 instances: 522
  Class: sky130_fd_sc_hd__clkbuf_16 instances: 165
  Class: sky130_fd_sc_hd__dfxtp_1 instances: 8192
  Class: sky130_fd_sc_hd__or4_1 instances:   2
  Class: sky130_fd_sc_hd__or4_2 instances:   1
  Class: sky130_fd_sc_hd__or4_4 instances:   2
  Class: sky130_fd_sc_hd__buf_2 instances:   1
  Class: sky130_fd_sc_hd__nand4_4 instances:   1
  Class: sky130_fd_sc_hd__buf_4 instances:   1
  Class: sky130_fd_sc_hd__buf_6 instances:   3
  Class: sky130_fd_sc_hd__a2bb2o_1 instances:   2
  Class: sky130_fd_sc_hd__and3b_1 instances:  16
  Class: sky130_fd_sc_hd__xor2_1 instances:  11
  Class: sky130_fd_sc_hd__xor2_2 instances:   3
  Class: sky130_fd_sc_hd__o221ai_1 instances:   1
  Class: sky130_fd_sc_hd__mux4_1 instances: 1593
  Class: sky130_fd_sc_hd__mux4_2 instances:  13
  Class: sky130_fd_sc_hd__dfstp_4 instances:   1
  Class: sky130_ef_sc_hd__decap_12 instances:   1
  Class: sky130_fd_sc_hd__dfrtp_1 instances:  38
  Class: sky130_fd_sc_hd__dfrtp_2 instances:   9
  Class: sky130_fd_sc_hd__dfrtp_4 instances:  40
  Class: sky130_fd_sc_hd__and4_1 instances:   1
  Class: sky130_fd_sc_hd__inv_2 instances:   8
  Class: sky130_fd_sc_hd__inv_4 instances:   3
  Class: sky130_fd_sc_hd__inv_6 instances:  98
  Class: sky130_fd_sc_hd__inv_8 instances:  73
  Class: sky130_fd_sc_hd__clkbuf_2 instances:   1
  Class: sky130_fd_sc_hd__clkbuf_4 instances:  38
  Class: sky130_fd_sc_hd__clkbuf_8 instances: 614
  Class: sky130_fd_sc_hd__or3_1 instances:   8
  Class: sky130_fd_sc_hd__or3_2 instances:  14
  Class: sky130_fd_sc_hd__or3_4 instances:  23
  Class: sky130_fd_sc_hd__o21ba_1 instances:   3
  Class: sky130_fd_sc_hd__and2b_1 instances:   1
  Class: sky130_fd_sc_hd__buf_12 instances: 177
  Class: sky130_fd_sc_hd__clkinv_2 instances:  34
  Class: sky130_fd_sc_hd__clkinv_4 instances:  54
  Class: sky130_fd_sc_hd__clkinv_8 instances:  50
  Class: sky130_fd_sc_hd__and3_1 instances:   3
  Class: sky130_fd_sc_hd__a2111o_1 instances:   1
  Class: sky130_fd_sc_hd__decap_3 instances:   1
  Class: sky130_fd_sc_hd__decap_4 instances:   1
  Class: sky130_fd_sc_hd__decap_6 instances:   1
  Class: sky130_fd_sc_hd__decap_8 instances:   1
  Class: sky130_fd_sc_hd__dlygate4sd3_1 instances:   1
  Class: sky130_fd_sc_hd__or2_1 instances: 341
  Class: sky130_fd_sc_hd__or2_4 instances: 136
  Class: sky130_fd_sc_hd__nand2_1 instances:  42
  Class: sky130_fd_sc_hd__nand2_2 instances:   1
  Class: sky130_fd_sc_hd__o311ai_4 instances:   1
  Class: sky130_fd_sc_hd__mux2_1 instances: 9432
  Class: sky130_fd_sc_hd__mux2_2 instances:   1
  Class: sky130_fd_sc_hd__o2bb2ai_1 instances:   1
  Class: sky130_fd_sc_hd__and2_1 instances: 280
  Class: sky130_fd_sc_hd__a211oi_1 instances:  13
  Class: sky130_fd_sc_hd__a211oi_2 instances:  14
  Class: sky130_fd_sc_hd__a211oi_4 instances:   3
  Class: sky130_fd_sc_hd__or4b_1 instances:   2
  Class: sky130_fd_sc_hd__clkinvlp_4 instances:  45
  Class: sky130_fd_sc_hd__inv_12 instances:  36
  Class: sky130_fd_sc_hd__inv_16 instances:  10
  Class: sky130_fd_sc_hd__o22a_1 instances:  31
  Class: sky130_fd_sc_hd__xnor2_1 instances:  28
  Class: sky130_fd_sc_hd__xnor2_2 instances:   3
  Class: sky130_fd_sc_hd__o221a_1 instances: 283
  Class: sky130_fd_sc_hd__o221a_2 instances:  38
  Class: sky130_fd_sc_hd__o211a_1 instances: 119
  Class: sky130_fd_sc_hd__o211a_2 instances:   5
  Class: sky130_fd_sc_hd__nand2b_1 instances:   4
  Class: sky130_fd_sc_hd__nand2b_4 instances:   2
  Class: sky130_fd_sc_hd__diode_2 instances:  76
  Class: sky130_fd_sc_hd__a221o_1 instances: 189
  Class: sky130_fd_sc_hd__a221o_2 instances:   2
  Class: sky130_fd_sc_hd__a211o_1 instances:  33
  Class: sky130_fd_sc_hd__a32o_1 instances:  31
  Class: sky130_fd_sc_hd__a22o_1 instances:   2
  Class: sky130_fd_sc_hd__o31a_1 instances:  12
  Class: sky130_fd_sc_hd__o31a_2 instances:  17
  Class: sky130_fd_sc_hd__o21a_1 instances: 282
  Class: sky130_fd_sc_hd__o311a_1 instances:  19
  Class: sky130_fd_sc_hd__o311a_2 instances:  34
  Class: sky130_fd_sc_hd__o311a_4 instances:  29
  Class: sky130_fd_sc_hd__o21ai_1 instances:  96
  Class: sky130_fd_sc_hd__tapvpwrvgnd_1 instances:   1
  Class: sky130_fd_sc_hd__a21oi_1 instances:  35
  Class: sky130_fd_sc_hd__a311o_1 instances:  64
  Class: sky130_fd_sc_hd__a311o_2 instances:  42
  Class: sky130_fd_sc_hd__a311o_4 instances:   9
  Class: sky130_fd_sc_hd__fill_1 instances:   1
  Class: sky130_fd_sc_hd__fill_2 instances:   1
  Class: sky130_fd_sc_hd__clkinv_16 instances:   3
  Class: sky130_fd_sc_hd__nor2_1 instances: 114
  Class: sky130_fd_sc_hd__nor2_8 instances: 156
Circuit contains 23952 nets.

Circuit 1 contains 23995 devices, Circuit 2 contains 23995 devices.
Circuit 1 contains 23952 nets,    Circuit 2 contains 23952 nets.


Final result: 
Circuits match uniquely.
.
Logging to file "/home/jaikrishn/Documents/hardware/true_port_BRAM/runs/RUN_2026-08-30_16-22-44/68-netgen-lvs/reports/lvs.netgen.rpt" disabled
LVS Done.
